Date,Open,High,Low,Close,Volume,Dividends,Stock Splits
1993-02-23 00:00:00-05:00,3.576075400075605,3.6319515782017855,3.4224159102286063,3.464323043823242,40594800,0.0,0.0
1993-02-24 00:00:00-05:00,3.5201990015366498,3.604013263477999,3.478291870565976,3.562106132507324,9426400,0.0,0.0
1993-02-25 00:00:00-05:00,3.5760748267630507,3.6459200382232666,3.562105784471008,3.6459200382232666,5229200,0.0,0.0
1993-02-26 00:00:00-05:00,3.645920592434001,3.701796770095825,3.5900444147721777,3.701796770095825,2761200,0.0,0.0
1993-03-01 00:00:00-05:00,3.659888604655862,3.673857645131648,3.5760743618011475,3.5760743618011475,3014400,0.0,0.0
1993-03-02 00:00:00-05:00,3.60401178403499,3.6878260115706873,3.5900427461123736,3.6738569736480713,3022800,0.0,0.0
1993-03-03 00:00:00-05:00,3.65988826751709,3.715764424273076,3.6319501891390966,3.65988826751709,2808800,0.0,0.0
1993-03-04 00:00:00-05:00,3.6459200382232666,3.687827165099396,3.6459200382232666,3.6459200382232666,1783600,0.0,0.0
1993-03-05 00:00:00-05:00,3.631951450405264,3.729734758685406,3.576075274245184,3.7157657146453857,3868800,0.0,0.0
1993-03-08 00:00:00-05:00,3.687827725680369,3.715765814511281,3.659889636849457,3.701796770095825,2516000,0.0,0.0
1993-03-09 00:00:00-05:00,3.687826491974212,3.8554549688821314,3.687826491974212,3.813547849655152,2449200,0.0,0.0
1993-03-10 00:00:00-05:00,3.7856105910220617,3.9811771898202495,3.771641548250763,3.96720814704895,3192800,0.0,0.0
1993-03-11 00:00:00-05:00,4.009115275362848,4.009115275362848,3.925301018735053,3.96720814704895,1276400,0.0,0.0
1993-03-12 00:00:00-05:00,3.939271676086637,4.051024064060727,3.799581191119026,4.037055015563965,2958800,0.0,0.0
1993-03-15 00:00:00-05:00,4.0230843181341465,4.0230843181341465,3.939270061506352,3.96720814704895,1858400,0.0,0.0
1993-03-16 00:00:00-05:00,3.939271868561669,3.98117901609956,3.869426622665186,3.8833956718444815,2182000,0.0,0.0
1993-03-17 00:00:00-05:00,3.883395833052774,3.925302982330322,3.841488683775226,3.925302982330322,2413600,0.0,0.0
1993-03-18 00:00:00-05:00,3.911332289377848,4.037053684393564,3.911332289377848,4.02308464050293,1765200,0.0,0.0
1993-03-19 00:00:00-05:00,4.051022303731818,4.051022303731818,3.981177091598511,3.981177091598511,2397600,0.0,0.0
1993-03-22 00:00:00-05:00,3.9951462325915488,3.9951462325915488,3.925301018735053,3.96720814704895,729200,0.0,0.0
1993-03-23 00:00:00-05:00,3.967209966920264,3.967209966920264,3.8833956718444815,3.8833956718444815,924000,0.0,0.0
1993-03-24 00:00:00-05:00,3.883395748138428,3.883395748138428,3.729736204147339,3.8414885997772217,1787600,0.0,0.0
1993-03-25 00:00:00-05:00,3.8135505008697512,3.8414885997772217,3.75767430305481,3.8414885997772217,1080400,0.0,0.0
1993-03-26 00:00:00-05:00,3.9672075213018942,4.092928886413574,3.95323848073393,4.092928886413574,2376800,0.0,0.0
1993-03-29 00:00:00-05:00,4.064993803565566,4.134839057922363,3.99514854920877,4.134839057922363,1273600,0.0,0.0
1993-03-30 00:00:00-05:00,4.190712254676447,4.2884955406188965,4.148805132129682,4.2884955406188965,1463600,0.0,0.0
1993-03-31 00:00:00-05:00,4.302464581467818,4.386278826561347,4.274526499769976,4.2884955406188965,1856000,0.0,0.0
1993-04-01 00:00:00-05:00,4.232622414021879,4.246591464893238,4.106900956179644,4.134839057922363,1410000,0.0,0.0
1993-04-02 00:00:00-05:00,4.078960388585141,4.148805600718448,3.981177091598511,3.981177091598511,1338800,0.0,0.0
1993-04-05 00:00:00-04:00,3.967207803397343,4.064991094326151,3.967207803397343,4.051022052764893,873200,0.0,0.0
1993-04-06 00:00:00-04:00,4.064989548463088,4.078958584712102,3.9951443672180176,3.9951443672180176,763200,0.0,0.0
1993-04-07 00:00:00-04:00,3.981176844958602,4.064991094326151,3.981176844958602,4.051022052764893,240400,0.0,0.0
1993-04-08 00:00:00-04:00,4.051024064060727,4.051024064060727,4.023085967067204,4.037055015563965,304000,0.0,0.0
1993-04-12 00:00:00-04:00,4.037055701822848,4.134839057922363,4.037055701822848,4.134839057922363,217600,0.0,0.0
1993-04-13 00:00:00-04:00,4.190713851178279,4.288497174372439,4.190713851178279,4.26055908203125,937600,0.0,0.0
1993-04-14 00:00:00-04:00,4.26055550194396,4.386276811837388,4.26055550194396,4.372307777404785,689600,0.0,0.0
1993-04-15 00:00:00-04:00,4.316433825492859,4.316433825492859,4.134836285909017,4.190712451934815,1319600,0.0,0.0
1993-04-16 00:00:00-04:00,4.218655449092189,4.246593564649091,4.162779217978385,4.176748275756836,1452400,0.0,0.0
1993-04-19 00:00:00-04:00,4.148806116352342,4.176744204677948,4.064991851375527,4.07896089553833,861600,0.0,0.0
1993-04-20 00:00:00-04:00,4.120865980222453,4.148804054664639,3.869423310242778,3.953237533569336,2764000,0.0,0.0
1993-04-21 00:00:00-04:00,3.953236942222896,4.009113082749015,3.897360801696777,3.897360801696777,1372800,0.0,0.0
1993-04-22 00:00:00-04:00,3.897360801696777,3.9672059773544257,3.883391766565248,3.897360801696777,1387600,0.0,0.0
1993-04-23 00:00:00-04:00,3.883395748138428,3.897364797592163,3.799581451416016,3.8414885997772217,660400,0.0,0.0
1993-04-26 00:00:00-04:00,3.855455604184516,3.883393688272809,3.715765183743048,3.757672309875488,1847200,0.0,0.0
1993-04-27 00:00:00-04:00,3.715764431392445,3.799578666687012,3.64591923531364,3.799578666687012,1674000,0.0,0.0
1993-04-28 00:00:00-04:00,3.827518163605287,3.8833943411761673,3.7856110304271273,3.8694252967834473,726800,0.0,0.0
1993-04-29 00:00:00-04:00,3.869424918423528,3.897363004477128,3.855455875396729,3.855455875396729,228800,0.0,0.0
1993-04-30 00:00:00-04:00,3.869424909160984,4.358341413928616,3.869424909160984,4.330403327941895,3105600,0.0,0.0
1993-05-03 00:00:00-04:00,4.2465911917135015,4.2465911917135015,4.0789625920406,4.106900691986084,2001200,0.0,0.0
1993-05-04 00:00:00-04:00,4.134839057922363,4.162777159665082,4.092931905308285,4.134839057922363,826000,0.0,0.0
1993-05-05 00:00:00-04:00,4.120866967549503,4.120866967549503,4.07895984584561,4.092928886413574,512000,0.0,0.0
1993-05-06 00:00:00-04:00,4.092927159312665,4.092927159312665,4.023081985945554,4.06498908996582,183200,0.0,0.0
1993-05-07 00:00:00-04:00,4.07896089553833,4.106898983863935,4.064991851375527,4.07896089553833,245200,0.0,0.0
1993-05-10 00:00:00-04:00,4.092931905308285,4.162777159665082,4.092931905308285,4.134839057922363,708800,0.0,0.0
1993-05-11 00:00:00-04:00,4.134836772336798,4.134836772336798,4.078960599737652,4.120867729187012,568800,0.0,0.0
1993-05-12 00:00:00-04:00,4.120867729187012,4.148805815486584,4.092929642887439,4.120867729187012,258000,0.0,0.0
1993-05-13 00:00:00-04:00,4.092929859956105,4.092929859956105,4.02308464050293,4.02308464050293,163200,0.0,0.0
1993-05-14 00:00:00-04:00,4.009114700555801,4.009114700555801,3.841486211333956,3.911331415176392,848000,0.0,0.0
1993-05-17 00:00:00-04:00,3.911331879465203,4.009115176451834,3.8973628370385422,3.981177091598511,382000,0.0,0.0
1993-05-18 00:00:00-04:00,3.9672090652141168,3.9672090652141168,3.897363835192741,3.9392709732055664,883600,0.0,0.0
1993-05-19 00:00:00-04:00,3.925300921891865,4.009115176451834,3.925300921891865,3.981177091598511,514800,0.0,0.0
1993-05-20 00:00:00-04:00,4.009114700555801,4.009114700555801,3.883393333639417,3.911331415176392,936800,0.0,0.0
1993-05-21 00:00:00-04:00,3.8833929019815785,3.8833929019815785,3.785609627471251,3.799578666687012,834000,0.0,0.0
1993-05-24 00:00:00-04:00,3.7856110304271273,3.8694252967834473,3.7716419860344073,3.8694252967834473,262400,0.0,0.0
1993-05-25 00:00:00-04:00,3.880631471025771,3.894640970921171,3.8386029713395713,3.866621971130371,662400,0.025,0.0
1993-05-26 00:00:00-04:00,3.866621583801895,4.11879255665854,3.866621583801895,4.104783058166504,659200,0.0,0.0
1993-05-27 00:00:00-04:00,4.090776321302529,4.132804845151528,3.922662225906535,3.936671733856201,1011600,0.0,0.0
1993-05-28 00:00:00-04:00,3.922662180120295,3.922662180120295,3.8245956256172873,3.852614641189575,1338800,0.0,0.0
1993-06-01 00:00:00-04:00,3.8526141041022335,3.894642621601532,3.8526141041022335,3.8806331157684326,330400,0.0,0.0
1993-06-02 00:00:00-04:00,3.880630688855297,3.9226591800703368,3.880630688855297,3.908649682998657,295600,0.0,0.0
1993-06-03 00:00:00-04:00,3.922659045588361,3.922659045588361,3.838602066040039,3.838602066040039,178800,0.0,0.0
1993-06-04 00:00:00-04:00,3.810585050125404,3.8666230655684246,3.796575546264649,3.796575546264648,211200,0.0,0.0
1993-06-07 00:00:00-04:00,3.796575546264649,3.810585050125404,3.7685565385431374,3.796575546264648,314400,0.0,0.0
1993-06-08 00:00:00-04:00,3.796575546264649,3.810585050125404,3.782566042403893,3.796575546264648,295200,0.0,0.0
1993-06-09 00:00:00-04:00,3.796576610045,3.852614641189575,3.796576610045,3.852614641189575,341200,0.0,0.0
1993-06-10 00:00:00-04:00,3.8526137742926094,3.8526137742926094,3.796575755757444,3.8105852603912354,166000,0.0,0.0
1993-06-11 00:00:00-04:00,3.824592569448652,3.852611562631426,3.810583072857265,3.838602066040039,148000,0.0,0.0
1993-06-14 00:00:00-04:00,3.8386051334034312,3.894643164548007,3.8386051334034312,3.852614641189575,449200,0.0,0.0
1993-06-15 00:00:00-04:00,3.8526137742926094,3.8526137742926094,3.7825662511236526,3.8105852603912354,208800,0.0,0.0
1993-06-16 00:00:00-04:00,3.810584340776716,3.950679353305272,3.810584340776716,3.922660350799561,1311600,0.0,0.0
1993-06-17 00:00:00-04:00,3.9086527179568686,3.964690749755533,3.9086527179568686,3.936671733856201,305200,0.0,0.0
1993-06-18 00:00:00-04:00,3.936671017727136,3.936671017727136,3.8245949745178223,3.8245949745178223,1043600,0.0,0.0
1993-06-21 00:00:00-04:00,3.796575546264649,3.810585050125404,3.670490011517852,3.796575546264648,2092400,0.0,0.0
1993-06-22 00:00:00-04:00,3.796575546264649,3.796575546264649,3.684499515378608,3.796575546264648,1855600,0.0,0.0
1993-06-23 00:00:00-04:00,3.796575546264649,3.810585050125404,3.7685565385431374,3.796575546264648,1940400,0.0,0.0
1993-06-24 00:00:00-04:00,3.9086527179568686,3.964690749755533,3.86662419410787,3.936671733856201,2887600,0.0,0.0
1993-06-25 00:00:00-04:00,3.936670066570413,4.076765086733062,3.936670066570413,4.062755584716797,1870400,0.0,0.0
1993-06-28 00:00:00-04:00,4.062755538571266,4.370964579428396,4.062755538571266,4.342945575714111,3107600,0.0,0.0
1993-06-29 00:00:00-04:00,4.258889857554595,4.272899363664973,4.14681380867158,4.174832820892334,2186800,0.0,0.0
1993-06-30 00:00:00-04:00,4.16081995010376,4.202848434448242,4.132800960540772,4.202848434448242,4777600,0.0,0.0
1993-07-01 00:00:00-04:00,4.202853344582223,4.202853344582223,4.132805788839185,4.146815299987793,2097200,0.0,0.0
1993-07-02 00:00:00-04:00,4.14681380867158,4.18884232700271,4.132804302561203,4.174832820892334,932800,0.0,0.0
1993-07-06 00:00:00-04:00,4.146813900187864,4.160823406607418,4.1187948873487565,4.132804393768311,1907600,0.0,0.0
1993-07-07 00:00:00-04:00,4.1187948873487565,4.132804393768311,4.076766368090096,4.132804393768311,1842000,0.0,0.0
1993-07-08 00:00:00-04:00,4.132806338420531,4.174834877455316,4.104787312397341,4.118796825408936,2947200,0.0,0.0
1993-07-09 00:00:00-04:00,4.104787312397341,4.118796825408936,4.04874926035096,4.118796825408936,2786000,0.0,0.0
1993-07-12 00:00:00-04:00,4.118793545999835,4.342945575714111,4.104784044142693,4.342945575714111,7127600,0.0,0.0
1993-07-13 00:00:00-04:00,4.2869089643834,4.2869089643834,4.132804393768311,4.132804393768311,10491600,0.0,0.0
1993-07-14 00:00:00-04:00,4.132802737386603,4.132802737386603,3.964688727730199,3.9927077293396,9687600,0.0,0.0
1993-07-15 00:00:00-04:00,3.89464256073955,4.0347376168812605,3.8806330551253794,4.02072811126709,9809200,0.0,0.0
1993-07-16 00:00:00-04:00,4.020726227260136,4.04874522535951,3.950678732011701,4.006716728210449,5910800,0.0,0.0
1993-07-19 00:00:00-04:00,4.006715676219192,4.090772648447567,4.006715676219192,4.076763153076172,3670400,0.0,0.0
1993-07-20 00:00:00-04:00,4.174830304948907,4.314925281625045,4.104782816610839,4.25888729095459,10484800,0.0,0.0
1993-07-21 00:00:00-04:00,4.2728999748970695,4.328938007354736,4.216861942439404,4.328938007354736,4429200,0.0,0.0
1993-07-22 00:00:00-04:00,4.300917767531034,4.300917767531034,4.216860742758441,4.230870246887207,4458800,0.0,0.0
1993-07-23 00:00:00-04:00,4.202854194768695,4.216863708751258,4.160825652821008,4.188844680786133,2494800,0.0,0.0
1993-07-26 00:00:00-04:00,4.174832526739542,4.398984608712135,4.174832526739542,4.314927577972412,5059600,0.0,0.0
1993-07-27 00:00:00-04:00,4.300918704999162,4.300918704999162,4.216861661904716,4.244880676269531,2681600,0.0,0.0
1993-07-28 00:00:00-04:00,4.230870246887207,4.286908263402269,4.230870246887207,4.230870246887207,2142400,0.0,0.0
1993-07-29 00:00:00-04:00,4.2308708453338415,4.286908869775349,4.090775784230072,4.174832820892334,6696400,0.0,0.0
1993-07-30 00:00:00-04:00,4.132804302561203,4.174832820892334,4.118794796450826,4.174832820892334,2814800,0.0,0.0
1993-08-02 00:00:00-04:00,4.160824811136401,4.174834322285007,4.10478676654197,4.146815299987793,3802400,0.0,0.0
1993-08-03 00:00:00-04:00,4.146811553642611,4.160821052134647,4.104783058166504,4.104783058166504,2195600,0.0,0.0
1993-08-04 00:00:00-04:00,4.104785380929203,4.174832913026971,4.090775874509649,4.132804393768311,1874000,0.0,0.0
1993-08-05 00:00:00-04:00,4.146811553642611,4.174830550626683,4.090773559674468,4.104783058166504,3159600,0.0,0.0
1993-08-06 00:00:00-04:00,4.118795111627862,4.244880676269531,4.104785604445454,4.244880676269531,1455200,0.0,0.0
1993-08-09 00:00:00-04:00,4.2588895574792645,4.328937083095699,4.244880052355977,4.314927577972412,3102400,0.0,0.0
1993-08-10 00:00:00-04:00,4.314928597094966,4.328938105527092,4.244881054934333,4.286909580230713,1909600,0.0,0.0
1993-08-11 00:00:00-04:00,4.258889857554595,4.300918375885726,4.174832820892334,4.174832820892334,1448800,0.0,0.0
1993-08-12 00:00:00-04:00,4.174832820892334,4.2308708453338415,4.14681380867158,4.174832820892334,1400400,0.0,0.0
1993-08-13 00:00:00-04:00,4.174832913026971,4.202851925866079,4.090775874509649,4.132804393768311,2741600,0.0,0.0
1993-08-16 00:00:00-04:00,4.146815851432126,4.1608253644437205,4.104787312397341,4.118796825408936,4885600,0.0,0.0
1993-08-17 00:00:00-04:00,4.132804005113367,4.160823015317525,4.090775489807129,4.090775489807129,2332000,0.0,0.0
1993-08-18 00:00:00-04:00,4.1187948873487565,4.202851925866079,4.1187948873487565,4.132804393768311,3104000,0.0,0.0
1993-08-19 00:00:00-04:00,4.146811553642611,4.160821052134647,4.104783058166504,4.104783058166504,1936400,0.0,0.0
1993-08-20 00:00:00-04:00,4.10478676654197,4.188843833433615,4.10478676654197,4.146815299987793,3114400,0.0,0.0
1993-08-23 00:00:00-04:00,4.1468104553222656,4.216857929229737,4.132800960540772,4.202848434448242,3746400,0.0,0.0
1993-08-24 00:00:00-04:00,4.202851340884254,4.441012916867695,4.202851340884254,4.412993907928467,6818000,0.0,0.0
1993-08-25 00:00:00-04:00,4.398981591002248,4.511057555104216,4.314924617925772,4.384972095489502,6425200,0.0,0.0
1993-08-26 00:00:00-04:00,4.354074154144678,4.438346557128123,4.297892552155715,4.38216495513916,2404400,0.025,0.0
1993-08-27 00:00:00-04:00,4.340031661239325,4.340031661239325,4.255759201797785,4.297895431518555,2082000,0.0,0.0
1993-08-30 00:00:00-04:00,4.26980250394797,4.508574354497692,4.26980250394797,4.438347339630127,3517200,0.0,0.0
1993-08-31 00:00:00-04:00,4.438348175245083,4.480484392098675,4.354075741537898,4.368121147155762,2750800,0.0,0.0
1993-09-01 00:00:00-04:00,4.325984742906359,4.452393387991284,4.28384852787805,4.424302577972412,4567200,0.0,0.0
1993-09-02 00:00:00-04:00,4.4383459061290775,4.494527499877547,4.42430050769196,4.48048210144043,3895200,0.0,0.0
1993-09-03 00:00:00-04:00,4.46643879300072,4.46643879300072,4.424302577972412,4.424302577972412,1690400,0.0,0.0
1993-09-07 00:00:00-04:00,4.438346557128123,4.508573559614328,4.38216495513916,4.38216495513916,3728000,0.0,0.0
1993-09-08 00:00:00-04:00,4.382167890960095,4.396213300867019,4.213622972077014,4.297895431518555,1824400,0.0,0.0
1993-09-09 00:00:00-04:00,4.269802390754997,4.354074806362004,4.255756988153829,4.325984001159668,2077200,0.0,0.0
1993-09-10 00:00:00-04:00,4.340028753647437,4.410255756133642,4.325983353150196,4.38216495513916,1771200,0.0,0.0
1993-09-13 00:00:00-04:00,4.410256533683101,4.4523927426036405,4.410256533683101,4.438347339630127,2038400,0.0,0.0
1993-09-14 00:00:00-04:00,4.382164801320722,4.396210201324955,4.340028601308023,4.354074001312256,2008000,0.0,0.0
1993-09-15 00:00:00-04:00,4.325983353150196,4.396210355636401,4.255756350663992,4.38216495513916,2201600,0.0,0.0
1993-09-16 00:00:00-04:00,4.396210320201921,4.592845925578365,4.354074119049826,4.5507097244262695,3288000,0.0,0.0
1993-09-17 00:00:00-04:00,4.550709707086736,4.663072909730853,4.550709707086736,4.634982109069824,4284800,0.0,0.0
1993-09-20 00:00:00-04:00,4.747345748700593,4.845663560064216,4.677118740583721,4.803527355194092,5114400,0.0,0.0
1993-09-21 00:00:00-04:00,4.817572756817466,4.958026773051212,4.803527355194092,4.803527355194092,8490800,0.0,0.0
1993-09-22 00:00:00-04:00,4.859712135891955,5.168711173434217,4.859712135891955,5.014211654663086,10200000,0.0,0.0
1993-09-23 00:00:00-04:00,5.014207678800189,5.070389277442208,4.943980680497665,5.028253078460693,4121200,0.0,0.0
1993-09-24 00:00:00-04:00,5.000161168257845,5.014206564797895,4.901843392477495,4.958024978637695,2685200,0.0,0.0
1993-09-27 00:00:00-04:00,4.958024653459347,4.986115444697076,4.859706884127292,4.901843070983887,3193600,0.0,0.0
1993-09-28 00:00:00-04:00,4.887797836564545,5.056342589549529,4.887797836564545,4.929934024810791,3301600,0.0,0.0
1993-09-29 00:00:00-04:00,4.929933862221617,4.986115444697076,4.859706884127292,4.901843070983887,1548800,0.0,0.0
1993-09-30 00:00:00-04:00,4.929939097978852,4.986120740121061,4.845666634765538,4.943984508514404,2790000,0.0,0.0
1993-10-01 00:00:00-04:00,4.915889881176656,5.042298478121198,4.901844481516151,5.028253078460693,2101200,0.0,0.0
1993-10-04 00:00:00-04:00,5.000162431928846,5.070389432377286,5.000162431928846,5.056344032287598,2462000,0.0,0.0
1993-10-05 00:00:00-04:00,5.05634153211439,5.224886249851536,5.042296138969627,5.196795463562012,3352800,0.0,0.0
1993-10-06 00:00:00-04:00,5.154664685817364,5.196800909407152,5.098483054364314,5.140619277954102,2213200,0.0,0.0
1993-10-07 00:00:00-04:00,5.112525632646348,5.126571032736036,5.014207832018534,5.056344032287598,1516400,0.0,0.0
1993-10-08 00:00:00-04:00,5.056344048451569,5.070389448586156,4.901844646971104,4.972071647644043,2572400,0.0,0.0
1993-10-11 00:00:00-04:00,4.986115771717795,5.014206564797895,4.943979582097645,4.958024978637695,1091200,0.0,0.0
1993-10-12 00:00:00-04:00,4.95802608015817,5.042298478121198,4.95802608015817,5.028253078460693,2398400,0.0,0.0
1993-10-13 00:00:00-04:00,5.056346585159514,5.112528213883509,5.028255770797517,5.042301177978516,1058400,0.0,0.0
1993-10-14 00:00:00-04:00,5.01420816502101,5.028253566043477,4.929935758886203,4.986117362976074,2980000,0.0,0.0
1993-10-15 00:00:00-04:00,5.000163590567452,5.028254397256034,4.915891170501709,4.915891170501709,1459200,0.0,0.0
1993-10-18 00:00:00-04:00,4.80352738073894,4.859708987531208,4.6490279620602015,4.719254970550537,3570800,0.0,0.0
1993-10-19 00:00:00-04:00,4.73330059582973,4.73330059582973,4.466437950960992,4.536664962768555,4790800,0.0,0.0
1993-10-20 00:00:00-04:00,4.6349803280755175,4.649025723009079,4.438344799005646,4.452390193939209,4976800,0.0,0.0
1993-10-21 00:00:00-04:00,4.550711910899092,4.63498435369352,4.522621096634283,4.606893539428711,3561200,0.0,0.0
1993-10-22 00:00:00-04:00,4.606891148039942,4.677118147247868,4.564754948515186,4.649027347564697,2492000,0.0,0.0
1993-10-25 00:00:00-04:00,4.606890847749799,4.620936246675865,4.508573055267334,4.508573055267334,3036800,0.0,0.0
1993-10-26 00:00:00-04:00,4.494527499877547,4.5085728983146645,4.42430050769196,4.48048210144043,4318400,0.0,0.0
1993-10-27 00:00:00-04:00,4.480482257415201,4.508573055267334,4.466436858489135,4.508573055267334,1407200,0.0,0.0
1993-10-28 00:00:00-04:00,4.5507109891451325,4.5928472020075874,4.536665584857647,4.564756393432617,2598400,0.0,0.0
1993-10-29 00:00:00-04:00,4.578801140596801,4.634982749683879,4.578801140596801,4.620937347412109,2740000,0.0,0.0
1993-11-01 00:00:00-05:00,4.606891974576118,4.606891974576118,4.480483353322504,4.536664962768555,1872400,0.0,0.0
1993-11-02 00:00:00-05:00,4.522621494531632,4.536666902899742,4.4804852694273,4.49453067779541,2119200,0.0,0.0
1993-11-03 00:00:00-05:00,4.480482601350354,4.50857340135882,4.340028601308023,4.354074001312256,6329600,0.0,0.0
1993-11-04 00:00:00-05:00,4.354077071146248,4.452394940494712,4.283850021611632,4.297895431518555,2167200,0.0,0.0
1993-11-05 00:00:00-05:00,4.325983216888027,4.325983216888027,4.199574616394544,4.269801616668701,3544400,0.0,0.0
1993-11-08 00:00:00-05:00,4.297894922274987,4.410258188216817,4.2838495140322586,4.340031147003174,1255200,0.0,0.0
1993-11-09 00:00:00-05:00,4.438347982981848,4.494529603019593,4.382166362944103,4.424302577972412,1950800,0.0,0.0
1993-11-10 00:00:00-05:00,4.424303596459546,4.424303596459546,4.325985738760445,4.340031147003174,1460000,0.0,0.0
1993-11-11 00:00:00-05:00,4.354074001312256,4.424301001333421,4.354074001312256,4.354074001312256,1154000,0.0,0.0
1993-11-12 00:00:00-05:00,4.354074154144678,4.38216495513916,4.269801751161233,4.38216495513916,1465200,0.0,0.0
1993-11-15 00:00:00-05:00,4.4383495305877885,4.4383495305877885,4.269804611704708,4.297895431518555,4235200,0.0,0.0
1993-11-16 00:00:00-05:00,4.297892416778364,4.297892416778364,4.213620016449376,4.269801616668701,2366000,0.0,0.0
1993-11-17 00:00:00-05:00,4.283850021611632,4.311940841425479,4.227668381983938,4.297895431518555,1974400,0.0,0.0
1993-11-18 00:00:00-05:00,4.297892416778364,4.297892416778364,4.241710816559039,4.269801616668701,1669600,0.0,0.0
1993-11-19 00:00:00-05:00,4.241709532196989,4.241709532196989,4.031028595167337,4.087210178375244,5000000,0.0,0.0
1993-11-22 00:00:00-05:00,4.129348338918483,4.129348338918483,3.9327127037318887,3.960803508758545,4182800,0.0,0.0
1993-11-23 00:00:00-05:00,4.101256052652994,4.227664629618326,4.031029065450032,4.213619232177734,4702800,0.0,0.0
1993-11-24 00:00:00-05:00,4.238973258729763,4.295305129277666,4.1967243558188345,4.2108073234558105,1054800,0.025,0.0
1993-11-26 00:00:00-05:00,4.210803555162161,4.238969465230135,4.196720600128174,4.196720600128174,176400,0.0,0.0
1993-11-29 00:00:00-05:00,4.253052189011778,4.337549914621284,4.238969234743528,4.267135143280029,1646000,0.0,0.0
1993-11-30 00:00:00-05:00,4.2812180519104,4.337549868382906,4.267135097792274,4.2812180519104,627600,0.0,0.0
1993-12-01 00:00:00-05:00,4.309384585193499,4.422048234479603,4.309384585193499,4.3797993659973145,1564000,0.0,0.0
1993-12-02 00:00:00-05:00,4.393881061566381,4.422046965807192,4.323466300964356,4.323466300964356,964800,0.0,0.0
1993-12-03 00:00:00-05:00,4.351633453675788,4.393882322158078,4.337550497515025,4.3797993659973145,1354000,0.0,0.0
1993-12-06 00:00:00-05:00,4.407964273905143,4.43613017980869,4.393881320953369,4.393881320953369,1015600,0.0,0.0
1993-12-07 00:00:00-05:00,4.4079663923808505,4.4079663923808505,4.337551593780518,4.337551593780518,1233200,0.0,0.0
1993-12-08 00:00:00-05:00,4.309384871310875,4.351633742598237,4.2671360000235135,4.295301914215088,2288000,0.0,0.0
1993-12-09 00:00:00-05:00,4.323467541354262,4.393882322158078,4.295301629032736,4.3797993659973145,1504800,0.0,0.0
1993-12-10 00:00:00-05:00,4.393881410168063,4.393881410168063,4.224885971315445,4.365715503692627,2662000,0.0,0.0
1993-12-13 00:00:00-05:00,4.309384026085607,4.407964706420898,4.295301071751994,4.407964706420898,2009600,0.0,0.0
1993-12-14 00:00:00-05:00,4.407964363405782,4.422047316643499,4.351632550454909,4.365715503692627,2422800,0.0,0.0
1993-12-15 00:00:00-05:00,4.281218957119301,4.295301914215088,4.238970085831939,4.295301914215088,2239600,0.0,0.0
1993-12-16 00:00:00-05:00,4.295303987351475,4.295303987351475,4.210806203993741,4.253055095672607,1680400,0.0,0.0
1993-12-17 00:00:00-05:00,4.2812180519104,4.323466914264779,4.267135097792274,4.2812180519104,1261600,0.0,0.0
1993-12-20 00:00:00-05:00,4.2812180519104,4.295301006028527,4.224886235437896,4.2812180519104,1184000,0.0,0.0
1993-12-21 00:00:00-05:00,4.281221023458519,4.295303987351475,4.210806203993741,4.253055095672607,1306400,0.0,0.0
1993-12-22 00:00:00-05:00,4.281218957119301,4.323467828406662,4.224887128736152,4.295301914215088,2139600,0.0,0.0
1993-12-23 00:00:00-05:00,4.281221023458519,4.323469915137386,4.238972131779652,4.253055095672607,1497200,0.0,0.0
1993-12-27 00:00:00-05:00,4.253053487958135,4.253053487958135,4.1403898194029525,4.168555736541748,2122400,0.0,0.0
1993-12-28 00:00:00-05:00,4.168556582968953,4.182639544397902,3.971395122963664,4.069975852966309,2985600,0.0,0.0
1993-12-29 00:00:00-05:00,4.098137688721026,4.098137688721026,3.971391162265737,3.985474109649658,2452800,0.0,0.0
1993-12-30 00:00:00-05:00,3.95731258392334,4.013644435651786,3.915063695127005,3.95731258392334,3285200,0.0,0.0
1993-12-31 00:00:00-05:00,3.957312320543971,3.985478244533608,3.900980472564697,3.900980472564697,1700800,0.0,0.0
1994-01-03 00:00:00-05:00,3.9150625654629296,3.985477359805788,3.8868966477257865,3.943228483200073,3084400,0.0,0.0
1994-01-04 00:00:00-05:00,3.943229620991228,3.9995614727196735,3.929146658059117,3.95731258392334,1807600,0.0,0.0
1994-01-05 00:00:00-05:00,3.943225183794576,3.9854740250495175,3.9150592896246144,3.9291422367095934,3308000,0.0,0.0
1994-01-06 00:00:00-05:00,3.957308130879557,3.9854740250495175,3.858727501284692,3.9291422367095934,3354400,0.0,0.0
1994-01-07 00:00:00-05:00,3.943228324254354,4.098140865564346,3.943228324254354,4.055891990661621,3464000,0.0,0.0
1994-01-10 00:00:00-05:00,4.0558909449084055,4.098139808917868,4.013642080898943,4.084056854248047,2586400,0.0,0.0
1994-01-11 00:00:00-05:00,4.09813855874418,4.210802161733711,4.09813855874418,4.182636260986328,2341200,0.0,0.0
1994-01-12 00:00:00-05:00,4.18263825744879,4.309384871310875,4.140389386161429,4.295301914215088,2368400,0.0,0.0
1994-01-13 00:00:00-05:00,4.281217784266318,4.379798456930345,4.253051877790882,4.365715503692627,2355200,0.0,0.0
1994-01-14 00:00:00-05:00,4.365717580046835,4.478381259531914,4.365717580046835,4.4502153396606445,2729600,0.0,0.0
1994-01-17 00:00:00-05:00,4.422048234479603,4.422048234479603,4.3797993659973145,4.3797993659973145,1247600,0.0,0.0
1994-01-18 00:00:00-05:00,4.379798368001596,4.43613017980869,4.351632462098048,4.393881320953369,1418000,0.0,0.0
1994-01-19 00:00:00-05:00,4.379800472940717,4.45021527154105,4.281219754900251,4.337551593780518,1691600,0.0,0.0
1994-01-20 00:00:00-05:00,4.323466556194501,4.393881320953369,4.267134744387406,4.393881320953369,1925200,0.0,0.0
1994-01-21 00:00:00-05:00,4.422046965807192,4.478378774288811,4.323466300964356,4.323466300964356,2131200,0.0,0.0
1994-01-24 00:00:00-05:00,4.295300396723546,4.351632205205166,4.281217444603141,4.323466300964356,2269200,0.0,0.0
1994-01-25 00:00:00-05:00,4.295303987351475,4.30938695124443,4.238972131779652,4.253055095672607,2038800,0.0,0.0
1994-01-26 00:00:00-05:00,4.238970085831939,4.323467828406662,4.224887128736152,4.295301914215088,1469200,0.0,0.0
1994-01-27 00:00:00-05:00,4.30938373491602,4.365715548444334,4.281217828151863,4.351632595062256,3628400,0.0,0.0
1994-01-28 00:00:00-05:00,4.351632595062256,4.450213268736805,4.3375496416801775,4.351632595062256,2672800,0.0,0.0
1994-01-31 00:00:00-05:00,4.351632205205166,4.351632205205166,4.295300396723546,4.323466300964356,2415200,0.0,0.0
1994-02-01 00:00:00-05:00,4.337551593780518,4.379800472940717,4.309385674340384,4.337551593780518,1524000,0.0,0.0
1994-02-02 00:00:00-05:00,4.309385674340384,4.365717513220651,4.295302714620317,4.337551593780518,877600,0.0,0.0
1994-02-03 00:00:00-05:00,4.309383348843951,4.323466300964356,4.267134492482735,4.323466300964356,856400,0.0,0.0
1994-02-04 00:00:00-05:00,4.295299863975859,4.323465764723242,4.168553310612637,4.182636260986328,1754000,0.0,0.0
1994-02-07 00:00:00-05:00,4.0418099301084105,4.084058814395258,4.0418099301084105,4.069975852966309,3762400,0.0,0.0
1994-02-08 00:00:00-05:00,4.055888729495602,4.055888729495602,3.957308100653695,4.027722835540772,5174400,0.0,0.0
1994-02-09 00:00:00-05:00,4.027725035568763,4.098139808917868,3.999559126229122,4.084056854248047,2845200,0.0,0.0
1994-02-10 00:00:00-05:00,4.069971676473017,4.084054623450433,4.013639888563356,4.027722835540772,1112000,0.0,0.0
1994-02-11 00:00:00-05:00,4.0136426915690455,4.069974518819138,4.0136426915690455,4.041808605194092,1064400,0.0,0.0
1994-02-14 00:00:00-05:00,4.0418067815011005,4.098138583333869,3.999557930126525,4.013640880584717,4587200,0.0,0.0
1994-02-15 00:00:00-05:00,3.985477462089319,4.013643380549314,3.915062665939331,3.915062665939331,3065600,0.0,0.0
1994-02-16 00:00:00-05:00,3.886896747479336,3.943228584399326,3.816481951329348,3.915062665939331,5844800,0.0,0.0
1994-02-17 00:00:00-05:00,3.9713955468554514,4.013644435651786,3.943229620991228,3.95731258392334,3453600,0.0,0.0
1994-02-18 00:00:00-05:00,3.9713955468554514,3.9995614727196735,3.929146658059117,3.95731258392334,1518000,0.0,0.0
1994-02-22 00:00:00-05:00,3.943228584399326,3.9713945028593214,3.900979706709333,3.915062665939331,817200,0.0,0.0
1994-02-23 00:00:00-05:00,3.929196944735971,3.943330746695453,3.8302603310195975,3.915063142776489,2681600,0.03125,0.0
1994-02-24 00:00:00-05:00,3.858527934938561,3.985732152573899,3.84439413297908,3.915063142776489,5093200,0.0,0.0
1994-02-25 00:00:00-05:00,3.915060162123016,3.9998629093170166,3.886792579725016,3.9998629093170166,2574000,0.0,0.0
1994-02-28 00:00:00-05:00,3.999864763683743,4.084667550192939,3.999864763683743,4.070533752441406,2453200,0.0,0.0
1994-03-01 00:00:00-05:00,4.070533350894325,4.070533350894325,3.999864369107966,4.02813196182251,3234400,0.0,0.0
1994-03-02 00:00:00-05:00,3.9574632915199226,3.9998646839290646,3.900928101641066,3.985730886459351,2142000,0.0,0.0
1994-03-03 00:00:00-05:00,3.985730439844266,4.028131827502183,3.971596643958293,4.013998031616211,1716800,0.0,0.0
1994-03-04 00:00:00-05:00,4.0139983692308405,4.0139983692308405,3.872660398483277,3.872660398483277,4019600,0.0,0.0
1994-03-07 00:00:00-05:00,3.900929398006863,3.900929398006863,3.8019927828400224,3.816126585006714,2742400,0.0,0.0
1994-03-08 00:00:00-05:00,3.844392061233521,3.9009272386046017,3.81612447254798,3.844392061233521,2618800,0.0,0.0
1994-03-09 00:00:00-05:00,3.85852660140852,3.886794195558033,3.844392804333763,3.872660398483277,3179600,0.0,0.0
1994-03-10 00:00:00-05:00,3.87266050415598,3.886794301616403,3.844392909235133,3.8585267066955566,1029600,0.0,0.0
1994-03-11 00:00:00-05:00,3.872660506701639,3.985730886459351,3.84439291176221,3.985730886459351,2287600,0.0,0.0
1994-03-14 00:00:00-05:00,4.028132359186809,4.098801347944471,4.013998561435276,4.070533752441406,2358400,0.0,0.0
1994-03-15 00:00:00-05:00,4.1129350662231445,4.183604053615294,4.098801268744714,4.1129350662231445,3789600,0.0,0.0
1994-03-16 00:00:00-05:00,4.112935145696004,4.112935145696004,4.042266156938341,4.070533752441406,3415200,0.0,0.0
1994-03-17 00:00:00-05:00,4.084667471266284,4.127068863701575,4.070533673787854,4.1129350662231445,1375200,0.0,0.0
1994-03-18 00:00:00-05:00,4.084664873309903,4.084664873309903,4.028129719354056,4.042263507843018,2888000,0.0,0.0
1994-03-21 00:00:00-05:00,4.04226602494509,4.070533619525126,4.013998430365054,4.056399822235107,829600,0.0,0.0
1994-03-22 00:00:00-05:00,4.028132227655072,4.098801214105161,4.028132227655072,4.056399822235107,1168800,0.0,0.0
1994-03-23 00:00:00-05:00,4.070531591213604,4.155334332697221,4.070531591213604,4.141200542449951,1360000,0.0,0.0
1994-03-24 00:00:00-05:00,4.112935145696004,4.127068943447537,4.028132359186809,4.070533752441406,896400,0.0,0.0
1994-03-25 00:00:00-05:00,4.056398074113017,4.070531865312017,3.9998629093170166,3.9998629093170166,745200,0.0,0.0
1994-03-28 00:00:00-05:00,3.999863799003994,3.999863799003994,3.83025826689075,3.844392061233521,2742400,0.0,0.0
1994-03-29 00:00:00-05:00,3.8585279915067887,3.900929398006863,3.745457574173256,3.816126585006714,2925200,0.0,0.0
1994-03-30 00:00:00-05:00,3.8161256138422313,3.844393210981804,3.618252433865227,3.660653829574585,4060400,0.0,0.0
1994-03-31 00:00:00-05:00,3.688920497894287,3.731321882927555,3.575850137805573,3.688920497894287,2400000,0.0,0.0
1994-04-04 00:00:00-04:00,3.575851376666579,3.6606541761132174,3.561717576758806,3.646520376205444,2350800,0.0,0.0
1994-04-05 00:00:00-04:00,3.703054117805818,3.844392061233521,3.688920323463048,3.844392061233521,3237200,0.0,0.0
1994-04-06 00:00:00-04:00,3.844393171830611,3.900928365534002,3.8019917765530673,3.8867945671081534,2823200,0.0,0.0
1994-04-07 00:00:00-04:00,3.872660688359103,3.9291958808898926,3.872660688359103,3.9291958808898926,2196400,0.0,0.0
1994-04-08 00:00:00-04:00,3.900926528438445,3.971595487286968,3.886792736668741,3.943327903747559,2154800,0.0,0.0
1994-04-11 00:00:00-04:00,3.915062082757195,3.971597275287985,3.872660688359103,3.9291958808898926,1029600,0.0,0.0
1994-04-12 00:00:00-04:00,3.9574635592373935,3.9574635592373935,3.8867945671081534,3.8867945671081534,1371600,0.0,0.0
1994-04-13 00:00:00-04:00,3.90092853276703,3.915062331798795,3.759590542449384,3.8019919395446777,3199600,0.0,0.0
1994-04-14 00:00:00-04:00,3.787858140512913,3.830259537608207,3.759590542449384,3.8019919395446777,1372000,0.0,0.0
1994-04-15 00:00:00-04:00,3.801991675230448,3.8302592713288153,3.759590281082896,3.77372407913208,929600,0.0,0.0
1994-04-18 00:00:00-04:00,3.8302591117747102,3.87266050415598,3.801991516853864,3.8585267066955566,1308800,0.0,0.0
1994-04-19 00:00:00-04:00,3.886795595840172,3.886795595840172,3.787858980673331,3.816126585006714,1125600,0.0,0.0
1994-04-20 00:00:00-04:00,3.929193199931325,4.056397296331979,3.915059411442363,4.042263507843018,3766000,0.0,0.0
1994-04-21 00:00:00-04:00,4.098801214105161,4.1270688086851965,4.04226602494509,4.056399822235107,4819200,0.0,0.0
1994-04-22 00:00:00-04:00,4.056403184016812,4.24014270106287,4.056403184016812,4.226008892059326,3114000,0.0,0.0
1994-04-25 00:00:00-04:00,4.240138726156266,4.324941500679391,4.226004930402412,4.310807704925537,2624000,0.0,0.0
1994-04-26 00:00:00-04:00,4.32494151352236,4.32494151352236,4.211871147155762,4.211871147155762,1857200,0.0,0.0
1994-04-28 00:00:00-04:00,4.268405640920003,4.282539434432984,4.226004260381063,4.240138053894043,2180000,0.0,0.0
1994-04-29 00:00:00-04:00,4.211871074283638,4.282540052040075,4.197737278732351,4.2542724609375,2211600,0.0,0.0
1994-05-02 00:00:00-04:00,4.25427252191012,4.339075296433245,4.211871134648558,4.310807704925537,2479600,0.0,0.0
1994-05-03 00:00:00-04:00,4.324941619897421,4.423878192901611,4.324941619897421,4.423878192901611,1884800,0.0,0.0
1994-05-04 00:00:00-04:00,4.395613294143182,4.4097470989475,4.310810465317268,4.353211879730225,1360400,0.0,0.0
1994-05-05 00:00:00-04:00,4.367345684534544,4.367345684534544,4.324944270121587,4.353211879730225,1105600,0.0,0.0
1994-05-06 00:00:00-04:00,4.324940885368147,4.324940885368147,4.25427191665298,4.29667329788208,1305200,0.0,0.0
1994-05-09 00:00:00-04:00,4.268405640920003,4.268405640920003,4.211870466868083,4.240138053894043,1134400,0.0,0.0
1994-05-10 00:00:00-04:00,4.296673909171683,4.339075296433245,4.268406317663974,4.310807704925537,1782800,0.0,0.0
1994-05-11 00:00:00-04:00,4.282540126134886,4.32494151352236,4.197737351359937,4.211871147155762,1634000,0.0,0.0
1994-05-12 00:00:00-04:00,4.282542607363532,4.339077823302325,4.2684088033788345,4.324944019317627,1675200,0.0,0.0
1994-05-13 00:00:00-04:00,4.3532088759598455,4.452145441322569,4.324941285856211,4.438011646270752,4044800,0.0,0.0
1994-05-16 00:00:00-04:00,4.409745084511123,4.423878882858914,4.367343689467746,4.39561128616333,1965200,0.0,0.0
1994-05-17 00:00:00-04:00,4.367343082735616,4.423878268272646,4.353209286351358,4.381476879119873,1139200,0.0,0.0
1994-05-18 00:00:00-04:00,4.381478602373147,4.522816621804539,4.381478602373147,4.466281414031982,2313200,0.0,0.0
1994-05-19 00:00:00-04:00,4.438011575572498,4.508680549705818,4.438011575572498,4.48041296005249,1542400,0.0,0.0
1994-05-20 00:00:00-04:00,4.466279928500835,4.466279928500835,4.39561094229038,4.409744739532471,1257200,0.0,0.0
1994-05-23 00:00:00-04:00,4.438013810145704,4.522816621804539,4.409746206259426,4.466281414031982,2149600,0.0,0.0
1994-05-24 00:00:00-04:00,4.49454781458928,4.621751998021052,4.49454781458928,4.593484401702881,2170400,0.0,0.0
1994-05-25 00:00:00-04:00,4.579307278368703,4.607662122197612,4.494242746881978,4.550952434539795,1364400,0.03125,0.0
1994-05-26 00:00:00-04:00,4.565128132093663,4.565128132093663,4.508418465856474,4.522595882415772,833200,0.0,0.0
1994-05-27 00:00:00-04:00,4.522599591314792,4.536777019500732,4.494244734942913,4.536777019500732,715200,0.0,0.0
1994-05-31 00:00:00-04:00,4.508419137734633,4.508419137734633,4.394999788357661,4.423354625701904,1198000,0.0,0.0
1994-06-01 00:00:00-04:00,4.409177960863539,4.465887645247635,4.338290855383417,4.451710224151611,2056000,0.0,0.0
1994-06-02 00:00:00-04:00,4.423355381959563,4.465887645247635,4.409177960863539,4.451710224151611,1629200,0.0,0.0
1994-06-03 00:00:00-04:00,4.465887645247635,4.465887645247635,4.423355381959563,4.451710224151611,1495600,0.0,0.0
1994-06-06 00:00:00-04:00,4.451709756573427,4.465887176180349,4.366645238931897,4.380822658538818,1373200,0.0,0.0
1994-06-07 00:00:00-04:00,4.35246839151754,4.366645812988281,4.324113548576058,4.366645812988281,1347600,0.0,0.0
1994-06-08 00:00:00-04:00,4.42335462118925,4.522596551792855,4.409177202531592,4.494241714477539,1532800,0.0,0.0
1994-06-09 00:00:00-04:00,4.480066776275635,4.494244202782836,4.437534496754031,4.480066776275635,1332800,0.0,0.0
1994-06-10 00:00:00-04:00,4.494242746881978,4.5651298564542495,4.494242746881978,4.550952434539795,1387200,0.0,0.0
1994-06-13 00:00:00-04:00,4.550951291930001,4.579306128639844,4.508419036865234,4.508419036865234,1654000,0.0,0.0
1994-06-14 00:00:00-04:00,4.536775287828948,4.593484978926809,4.522597865054482,4.579307556152344,1744400,0.0,0.0
1994-06-15 00:00:00-04:00,4.579306785314361,4.650193887254211,4.579306785314361,4.621839046478272,1490000,0.0,0.0
1994-06-16 00:00:00-04:00,4.607662122197612,4.621839544112066,4.550952434539795,4.550952434539795,1086800,0.0,0.0
1994-06-17 00:00:00-04:00,4.593483645081144,4.593483645081144,4.494241714477539,4.494241714477539,1824400,0.0,0.0
1994-06-20 00:00:00-04:00,4.437532336966505,4.437532336966505,4.380822658538818,4.380822658538818,815600,0.0,0.0
1994-06-21 00:00:00-04:00,4.380821595191955,4.394999011357625,4.210692601203919,4.253224849700928,2176800,0.0,0.0
1994-06-22 00:00:00-04:00,4.267403214876769,4.324112892150879,4.267403214876769,4.324112892150879,1201200,0.0,0.0
1994-06-23 00:00:00-04:00,4.338291213319108,4.380823480116354,4.196516990661621,4.196516990661621,1044400,0.0,0.0
1994-06-24 00:00:00-04:00,4.1965171412417765,4.1965171412417765,4.012210645173726,4.040565490722656,3247600,0.0,0.0
1994-06-27 00:00:00-04:00,4.040565060133918,4.239048957824707,4.02638763887029,4.239048957824707,1276400,0.0,0.0
1994-06-28 00:00:00-04:00,4.196515366485908,4.267402450379251,4.153983116149902,4.153983116149902,1183200,0.0,0.0
1994-06-29 00:00:00-04:00,4.182337768872579,4.295757098197937,4.182337768872579,4.253224849700928,1206400,0.0,0.0
1994-06-30 00:00:00-04:00,4.295757098197937,4.295757098197937,4.210692601203919,4.253224849700928,1356800,0.0,0.0
1994-07-01 00:00:00-04:00,4.309936323976205,4.352468590331234,4.281581479739519,4.338291168212891,956000,0.0,0.0
1994-07-05 00:00:00-04:00,4.309934514363607,4.309934514363607,4.239047433535258,4.253224849700928,1002400,0.0,0.0
1994-07-06 00:00:00-04:00,4.224871835193119,4.224871835193119,4.168162146130124,4.196516990661621,860400,0.0,0.0
1994-07-07 00:00:00-04:00,4.196516528572004,4.224871369981274,4.083097162934923,4.125629425048828,1506400,0.0,0.0
1994-07-08 00:00:00-04:00,4.111452262673602,4.224871635437012,4.111452262673602,4.224871635437012,1607200,0.0,0.0
1994-07-11 00:00:00-04:00,4.210694115297451,4.253226379088335,4.196516694033823,4.239048957824707,1150400,0.0,0.0
1994-07-12 00:00:00-04:00,4.239049257458867,4.267404101990365,4.196516990661621,4.196516990661621,522400,0.0,0.0
1994-07-13 00:00:00-04:00,4.210692601203919,4.295757098197937,4.1965151850382485,4.253224849700928,1022000,0.0,0.0
1994-07-14 00:00:00-04:00,4.281579505348827,4.380821414413203,4.2674020897682015,4.352466583251953,1047600,0.0,0.0
1994-07-15 00:00:00-04:00,4.380823234459022,4.380823234459022,4.35246839151754,4.366645812988281,1194000,0.0,0.0
1994-07-18 00:00:00-04:00,4.352467532341297,4.451709463046147,4.338290113669175,4.423354625701904,1645600,0.0,0.0
1994-07-19 00:00:00-04:00,4.423354625701904,4.423354625701904,4.338290113669175,4.423354625701904,2210000,0.0,0.0
1994-07-20 00:00:00-04:00,4.42335366115508,4.437531076735705,4.295756920929453,4.352466583251953,1676000,0.0,0.0
1994-07-21 00:00:00-04:00,4.4517120270502,4.494244307563418,4.380824892861503,4.46588945388794,4343200,0.0,0.0
1994-07-22 00:00:00-04:00,4.465886216178583,4.550950715534365,4.451708799619286,4.522595882415772,2160000,0.0,0.0
1994-07-25 00:00:00-04:00,4.522595795851488,4.636015126154973,4.522595795851488,4.607660293579102,1332800,0.0,0.0
1994-07-26 00:00:00-04:00,4.579307178532855,4.59348460013822,4.53677491371676,4.56512975692749,875600,0.0,0.0
1994-07-27 00:00:00-04:00,4.550951389108171,4.550951389108171,4.465886877162223,4.494241714477539,2086400,0.0,0.0
1994-07-28 00:00:00-04:00,4.4658893497684335,4.480066776275635,4.409179643739628,4.480066776275635,1050000,0.0,0.0
1994-07-29 00:00:00-04:00,4.480065324967524,4.593484700283158,4.480065324967524,4.550952434539795,1412000,0.0,0.0
1994-08-01 00:00:00-04:00,4.550950628427359,4.607660293579102,4.508418379563552,4.607660293579102,804400,0.0,0.0
1994-08-02 00:00:00-04:00,4.607660965349689,4.636015802059533,4.508419036865234,4.508419036865234,1176000,0.0,0.0
1994-08-03 00:00:00-04:00,4.508419036865234,4.536773873575078,4.48006420015539,4.508419036865234,622800,0.0,0.0
1994-08-04 00:00:00-04:00,4.494241049297178,4.536773298975069,4.48006363273788,4.522595882415772,920800,0.0,0.0
1994-08-05 00:00:00-04:00,4.494244202782836,4.508421629290038,4.451711923261232,4.480066776275635,1311600,0.0,0.0
1994-08-08 00:00:00-04:00,4.480064295819881,4.536773970450513,4.480064295819881,4.494241714477539,1162000,0.0,0.0
1994-08-09 00:00:00-04:00,4.494242746881978,4.550952434539795,4.494242746881978,4.550952434539795,1492000,0.0,0.0
1994-08-10 00:00:00-04:00,4.536773873575078,4.550951291930001,4.508419036865234,4.508419036865234,955600,0.0,0.0
1994-08-11 00:00:00-04:00,4.508420168796433,4.5651298564542495,4.480065324967524,4.550952434539795,1382800,0.0,0.0
1994-08-12 00:00:00-04:00,4.53677491371676,4.607662021743585,4.53677491371676,4.56512975692749,1012400,0.0,0.0
1994-08-15 00:00:00-04:00,4.593486732244491,4.593486732244491,4.522599591314792,4.536777019500732,1085600,0.0,0.0
1994-08-16 00:00:00-04:00,4.565128807765828,4.565128807765828,4.465886877162223,4.494241714477539,2108000,0.0,0.0
1994-08-17 00:00:00-04:00,4.508419036865234,4.522596455220157,4.465886781800468,4.508419036865234,1330800,0.0,0.0
1994-08-18 00:00:00-04:00,4.4658893497684335,4.508421629290038,4.437534496754031,4.480066776275635,1441600,0.0,0.0
1994-08-19 00:00:00-04:00,4.494244307563418,4.494244307563418,4.4375346002124605,4.46588945388794,1214000,0.0,0.0
1994-08-22 00:00:00-04:00,4.465886781800468,4.536773873575078,4.437531945090623,4.508419036865234,760400,0.0,0.0
1994-08-23 00:00:00-04:00,4.536775012625341,4.593484700283158,4.536775012625341,4.550952434539795,992000,0.0,0.0
1994-08-24 00:00:00-04:00,4.550950628427359,4.621837709867037,4.494240963275616,4.607660293579102,1183600,0.0,0.0
1994-08-25 00:00:00-04:00,4.63601696602652,4.678549231769883,4.508420168796433,4.550952434539795,1778400,0.0,0.0
1994-08-26 00:00:00-04:00,4.550950321150415,4.636280639671985,4.53672860139682,4.607837200164795,1598400,0.03125,0.0
1994-08-29 00:00:00-04:00,4.636285920157533,4.735838071817358,4.622064184206129,4.707394599914551,2714000,0.0,0.0
1994-08-30 00:00:00-04:00,4.678948405169058,4.906496047973633,4.6362832221432,4.906496047973633,2480000,0.0,0.0
1994-08-31 00:00:00-04:00,4.878053311378725,4.892275041149508,4.821166392295591,4.849609851837158,2494800,0.0,0.0
1994-09-01 00:00:00-04:00,4.821166392295591,4.849609851837158,4.778501202983241,4.849609851837158,810800,0.0,0.0
1994-09-02 00:00:00-04:00,4.849609975617896,4.8638317057516725,4.750057864681458,4.821166515350342,857200,0.0,0.0
1994-09-06 00:00:00-04:00,4.821165318275566,4.821165318275566,4.750056685262652,4.764278411865234,535200,0.0,0.0
1994-09-07 00:00:00-04:00,4.750055367524201,4.76427709018146,4.693168476895169,4.735833644866943,697600,0.0,0.0
1994-09-08 00:00:00-04:00,4.7642795948152346,4.835388245484118,4.750057864681458,4.821166515350342,923600,0.0,0.0
1994-09-09 00:00:00-04:00,4.764278411865234,4.7927218650704,4.707391505454903,4.764278411865234,1307200,0.0,0.0
1994-09-12 00:00:00-04:00,4.735833644866943,4.750055367524201,4.707390199552427,4.735833644866943,576800,0.0,0.0
1994-09-13 00:00:00-04:00,4.750057042175655,4.806943952860394,4.73583531450447,4.792722225189209,1131600,0.0,0.0
1994-09-14 00:00:00-04:00,4.792723055082789,4.849609975617896,4.750057864681458,4.821166515350342,687200,0.0,0.0
1994-09-15 00:00:00-04:00,4.835384268509714,4.863827705383301,4.821162550072921,4.863827705383301,1382400,0.0,0.0
1994-09-16 00:00:00-04:00,4.849607151640943,4.849607151640943,4.778498542379346,4.806941986083984,2897200,0.0,0.0
1994-09-19 00:00:00-04:00,4.792720157959882,4.849607044107773,4.792720157959882,4.835385322570801,732400,0.0,0.0
1994-09-20 00:00:00-04:00,4.806942258153233,4.806942258153233,4.721611922209685,4.735833644866943,1996800,0.0,0.0
1994-09-21 00:00:00-04:00,4.70738923843996,4.70738923843996,4.47984172238244,4.607837200164795,3128400,0.0,0.0
1994-09-22 00:00:00-04:00,4.622059723116316,4.63628144534129,4.508285945316531,4.522507667541504,2096400,0.0,0.0
1994-09-23 00:00:00-04:00,4.522508717202522,4.522508717202522,4.294961108789816,4.38029146194458,2083200,0.0,0.0
1994-09-26 00:00:00-04:00,4.294959968466177,4.33762513371584,4.294959968466177,4.3091816902160645,1010800,0.0,0.0
1994-09-27 00:00:00-04:00,4.294962163064994,4.35184907913208,4.280740434048223,4.35184907913208,1286800,0.0,0.0
1994-09-28 00:00:00-04:00,4.33762513371584,4.351846855465729,4.294959968466177,4.3091816902160645,1471600,0.0,0.0
1994-09-29 00:00:00-04:00,4.294961278946674,4.337626457214356,4.280739552857446,4.337626457214356,2052800,0.0,0.0
1994-09-30 00:00:00-04:00,4.323404001635175,4.351847449014353,4.280738830566406,4.280738830566406,1368800,0.0,0.0
1994-10-03 00:00:00-04:00,4.294959918523239,4.309181640107753,4.195407867431641,4.195407867431641,1445200,0.0,0.0
1994-10-04 00:00:00-04:00,4.195408623794029,4.209630347942484,4.0816348306063945,4.124300003051758,3627200,0.0,0.0
1994-10-05 00:00:00-04:00,4.110076243801589,4.110076243801589,3.99630250694895,4.024745941162109,3558800,0.0,0.0
1994-10-06 00:00:00-04:00,4.038970041445934,4.038970041445934,3.95363968845764,3.967861413955689,2522000,0.0,0.0
1994-10-07 00:00:00-04:00,3.967861413955689,3.996304864951787,3.9394179629595913,3.967861413955689,2904800,0.0,0.0
1994-10-10 00:00:00-04:00,3.996304236925565,4.081634576504047,3.996304236925565,4.067412853240967,1328800,0.0,0.0
1994-10-11 00:00:00-04:00,4.081632809588429,4.110076243801589,4.024745941162109,4.024745941162109,1624800,0.0,0.0
1994-10-12 00:00:00-04:00,4.024747683451726,4.110078023030208,4.010525960188645,4.067412853240967,1892800,0.0,0.0
1994-10-13 00:00:00-04:00,4.124301494611588,4.166966682486881,4.110079765319824,4.110079765319824,1533600,0.0,0.0
1994-10-14 00:00:00-04:00,4.110077696303798,4.152742862701416,4.08163425203872,4.152742862701416,3315600,0.0,0.0
1994-10-17 00:00:00-04:00,4.138522034212184,4.195408935026097,4.138522034212184,4.166965484619141,2268400,0.0,0.0
1994-10-18 00:00:00-04:00,4.181186145847127,4.195407867431641,4.12429925950907,4.195407867431641,2057200,0.0,0.0
1994-10-19 00:00:00-04:00,4.181185517535114,4.266515834219504,4.166963798087716,4.238072395324707,1763600,0.0,0.0
1994-10-20 00:00:00-04:00,4.223851752198116,4.223851752198116,4.053191075341627,4.081634521484375,1459200,0.0,0.0
1994-10-21 00:00:00-04:00,4.067415365031068,4.067415365031068,3.9536415086665615,4.038971900939941,1985200,0.0,0.0
1994-10-24 00:00:00-04:00,4.038968827989367,4.110077434115939,4.038968827989367,4.095855712890625,1451200,0.0,0.0
1994-10-25 00:00:00-04:00,4.03896765826869,4.081632809588429,3.96785907273579,4.024745941162109,1675600,0.0,0.0
1994-10-26 00:00:00-04:00,4.0531908077736425,4.166964584833955,4.0531908077736425,4.152742862701416,1329600,0.0,0.0
1994-10-27 00:00:00-04:00,4.181189031790424,4.2949628829956055,4.166967300389776,4.2949628829956055,1963600,0.0,0.0
1994-10-28 00:00:00-04:00,4.280738544464112,4.508286108289446,4.266516821725028,4.479842662811279,2875600,0.0,0.0
1994-10-31 00:00:00-05:00,4.45139906553003,4.479842510038209,4.380290454259582,4.394512176513672,1710400,0.0,0.0
1994-11-01 00:00:00-05:00,4.380292537165623,4.394514266182394,4.323405621098537,4.35184907913208,1290000,0.0,0.0
1994-11-02 00:00:00-05:00,4.351849808598196,4.39451500280014,4.2949628829956055,4.2949628829956055,1272000,0.0,0.0
1994-11-03 00:00:00-05:00,4.2949628829956055,4.309184614396253,4.252297688793663,4.2949628829956055,1746400,0.0,0.0
1994-11-04 00:00:00-05:00,4.280738361894268,4.309181806159346,4.138521140568876,4.152742862701416,673600,0.0,0.0
1994-11-07 00:00:00-05:00,4.181187928324998,4.22385311126709,4.110079290088178,4.22385311126709,1596000,0.0,0.0
1994-11-08 00:00:00-05:00,4.223851572311045,4.309181907105207,4.223851572311045,4.252295017242432,852800,0.0,0.0
1994-11-09 00:00:00-05:00,4.294960130055745,4.380290463765462,4.252294963200887,4.26651668548584,1218400,0.0,0.0
1994-11-10 00:00:00-05:00,4.280740021856546,4.309183477151273,4.181187928324998,4.22385311126709,1262800,0.0,0.0
1994-11-11 00:00:00-05:00,4.195408935026097,4.209630660229576,4.124300309008706,4.166965484619141,823200,0.0,0.0
1994-11-14 00:00:00-05:00,4.19540848842887,4.280738830566406,4.18118676473928,4.280738830566406,706000,0.0,0.0
1994-11-15 00:00:00-05:00,4.252295383187227,4.294960554255995,4.238073659497638,4.280738830566406,905200,0.0,0.0
1994-11-16 00:00:00-05:00,4.266517561043488,4.266517561043488,4.166965484619141,4.166965484619141,622400,0.0,0.0
1994-11-17 00:00:00-05:00,4.181186639345609,4.181186639345609,4.053191129977886,4.067412853240967,1628800,0.0,0.0
1994-11-18 00:00:00-05:00,4.067412109239728,4.0816338299014046,3.9678600646079856,4.010525226593018,1938000,0.0,0.0
1994-11-21 00:00:00-05:00,4.038969914405355,4.053191639456077,3.939417839050293,3.939417839050293,1383600,0.0,0.0
1994-11-22 00:00:00-05:00,3.925197127987357,3.967862314161133,3.868310213088989,3.868310213088989,1074800,0.0,0.0
1994-11-23 00:00:00-05:00,3.882533181797376,3.9251983815973457,3.811424515464089,3.910976648330689,3379600,0.0,0.0
1994-11-25 00:00:00-05:00,3.939522991111563,3.968070259163096,3.925249357085796,3.953796625137329,570800,0.03125,0.0
1994-11-28 00:00:00-05:00,3.939521343587972,3.982342227757406,3.925247715531493,3.968068599700928,1498800,0.0,0.0
1994-11-29 00:00:00-05:00,3.939524168534712,3.968071445118297,3.8824296153675424,3.92525053024292,1008400,0.0,0.0
1994-11-30 00:00:00-05:00,3.953795709780284,4.039437494107655,3.910974817616599,3.9966166019439697,1854000,0.0,0.0
1994-12-01 00:00:00-05:00,3.9966153927601367,4.010889019162852,3.968068139954707,3.982341766357422,1490000,0.0,0.0
1994-12-02 00:00:00-05:00,3.9966163771008256,4.02516363693726,3.982342747182608,4.010890007019043,1072400,0.0,0.0
1994-12-05 00:00:00-05:00,4.025163323982903,4.053710581599803,3.925247922323752,3.939521551132202,1390400,0.0,0.0
1994-12-06 00:00:00-05:00,3.910976891951128,3.996618721701882,3.910976891951128,3.92525053024292,886000,0.0,0.0
1994-12-07 00:00:00-05:00,3.85387933752836,3.8681529647043904,3.725416692944081,3.753963947296143,2517200,0.0,0.0
1994-12-08 00:00:00-05:00,3.739690479382064,3.753964107165965,3.611227829326954,3.68259596824646,3586400,0.0,0.0
1994-12-09 00:00:00-05:00,3.696868896484375,3.7825106469820815,3.654048021235521,3.696868896484375,1995600,0.0,0.0
1994-12-12 00:00:00-05:00,3.696868896484375,3.7254161466502778,3.6683216463184727,3.696868896484375,872800,0.0,0.0
1994-12-13 00:00:00-05:00,3.696870365215622,3.753964888230535,3.696870365215622,3.739691257476807,1685600,0.0,0.0
1994-12-14 00:00:00-05:00,3.753964755270216,3.868153797255622,3.753964755270216,3.8538801670074463,1053600,0.0,0.0
1994-12-15 00:00:00-05:00,3.910972731707264,3.910972731707264,3.82533099305674,3.839604616165161,991200,0.0,0.0
1994-12-16 00:00:00-05:00,3.839604616165161,3.896699108598844,3.81105736994832,3.839604616165161,2246400,0.0,0.0
1994-12-19 00:00:00-05:00,3.825333595275879,3.853880860912266,3.811059962457685,3.825333595275879,1201600,0.0,0.0
1994-12-20 00:00:00-05:00,3.825332906511095,3.868153797255622,3.825332906511095,3.8538801670074463,3207600,0.0,0.0
1994-12-21 00:00:00-05:00,3.8396070345359687,3.910975195029202,3.8396070345359687,3.882427930831909,2233200,0.0,0.0
1994-12-22 00:00:00-05:00,3.896702512163957,3.9109761477396496,3.853881605436881,3.868155241012573,1407600,0.0,0.0
1994-12-23 00:00:00-05:00,3.882428876588265,3.9109761477396496,3.853881605436881,3.868155241012573,624800,0.0,0.0
1994-12-27 00:00:00-05:00,3.868155241012573,3.882428876588265,3.825334334285497,3.868155241012573,1219200,0.0,0.0
1994-12-28 00:00:00-05:00,3.8681518623820015,3.8681518623820015,3.82533099305674,3.839604616165161,1117200,0.0,0.0
1994-12-29 00:00:00-05:00,3.839606977134162,3.839606977134162,3.7825124495931335,3.811059713363648,1356400,0.0,0.0
1994-12-30 00:00:00-05:00,3.811060698709805,3.925249783315342,3.811060698709805,3.868155241012573,1284400,0.0,0.0
1995-01-03 00:00:00-05:00,3.8681518623820015,3.882425485490423,3.82533099305674,3.839604616165161,1840000,0.0,0.0
1995-01-04 00:00:00-05:00,3.853879128732989,3.982341766357422,3.8396055023302735,3.982341766357422,8996800,0.0,0.0
1995-01-05 00:00:00-05:00,3.982343893188862,3.996617527214629,3.9109757230600297,3.953796625137329,1537600,0.0,0.0
1995-01-06 00:00:00-05:00,3.953797806826505,3.953797806826505,3.896703253659335,3.92525053024292,720400,0.0,0.0
1995-01-09 00:00:00-05:00,3.910975195029202,3.939522459226496,3.868154298733262,3.882427930831909,3243600,0.0,0.0
1995-01-10 00:00:00-05:00,3.882426831362059,3.996615855813884,3.882426831362059,3.968068599700928,2329600,0.0,0.0
1995-01-11 00:00:00-05:00,3.9966160663660015,4.025163323982903,3.925247922323752,3.939521551132202,1738400,0.0,0.0
1995-01-12 00:00:00-05:00,3.939521265553904,3.9537948933276494,3.896700382232666,3.896700382232666,1364400,0.0,0.0
1995-01-13 00:00:00-05:00,3.968070259163096,3.982343893188862,3.896702089034263,3.953796625137329,2382800,0.0,0.0
1995-01-16 00:00:00-05:00,3.982341947226689,4.167899098889581,3.9537946931247054,4.139351844787598,2592400,0.0,0.0
1995-01-17 00:00:00-05:00,4.125077650839822,4.125077650839822,4.039435900303356,4.067983150482178,1836400,0.0,0.0
1995-01-18 00:00:00-05:00,4.067983150482178,4.082256775571589,4.025162275213944,4.067983150482178,1004400,0.0,0.0
1995-01-19 00:00:00-05:00,4.053711124828883,4.067984755550112,3.9966166019439697,3.9966166019439697,1670400,0.0,0.0
1995-01-20 00:00:00-05:00,4.02516363693726,4.039437266855478,3.9966163771008256,4.010890007019043,1948000,0.0,0.0
1995-01-23 00:00:00-05:00,3.9966160663660015,4.010889695174452,3.9109742935153022,3.939521551132202,3843600,0.0,0.0
1995-01-24 00:00:00-05:00,3.9537969625532416,4.125080585479736,3.939523327309368,4.125080585479736,3685200,0.0,0.0
1995-01-25 00:00:00-05:00,4.125077831138999,4.239266836845268,4.067983328285863,4.210719585418701,3098400,0.0,0.0
1995-01-26 00:00:00-05:00,4.210721979270111,4.239269246926179,4.167901077786008,4.2249956130981445,1698400,0.0,0.0
1995-01-27 00:00:00-05:00,4.239268877926994,4.36773157119751,4.224995245341382,4.36773157119751,2609600,0.0,0.0
1995-01-30 00:00:00-05:00,4.353457837795168,4.353457837795168,4.239268779754639,4.239268779754639,837600,0.0,0.0
1995-01-31 00:00:00-05:00,4.2535414839269325,4.31063600048971,4.239267854786238,4.267815113067627,3363200,0.0,0.0
1995-02-01 00:00:00-05:00,4.282089775683833,4.424826101539961,4.253542510512608,4.36773157119751,2996000,0.0,0.0
1995-02-02 00:00:00-05:00,4.367729260844569,4.453371011057207,4.353455635809129,4.424823760986328,2304800,0.0,0.0
1995-02-03 00:00:00-05:00,4.539012158789286,4.724569259620294,4.524738535648439,4.681748390197754,5558000,0.0,0.0
1995-02-06 00:00:00-05:00,4.638928857750199,4.638928857750199,4.539013466967886,4.610381603240967,4173200,0.0,0.0
1995-02-07 00:00:00-05:00,4.610382516682148,4.624656146764755,4.567561626434326,4.567561626434326,2118800,0.0,0.0
1995-02-08 00:00:00-05:00,4.581833839416504,4.581833839416504,4.524739336744648,4.581833839416504,1263600,0.0,0.0
1995-02-09 00:00:00-05:00,4.567559851783496,4.66747522354126,4.553286227246672,4.66747522354126,2458000,0.0,0.0
1995-02-10 00:00:00-05:00,4.624654716420396,4.638928342088361,4.539012962412611,4.581833839416504,1665600,0.0,0.0
1995-02-13 00:00:00-05:00,4.567558216371747,4.567558216371747,4.496190119240938,4.524737358093262,1084400,0.0,0.0
1995-02-14 00:00:00-05:00,4.553287029266357,4.567560656317349,4.49619252106239,4.553287029266357,2782400,0.0,0.0
1995-02-15 00:00:00-05:00,4.581833028211826,4.696022013338601,4.496191289366745,4.681748390197754,3400800,0.0,0.0
1995-02-16 00:00:00-05:00,4.681748349242415,4.710295595274381,4.638927480194466,4.653201103210449,2496800,0.0,0.0
1995-02-17 00:00:00-05:00,4.638928857750199,4.653202485004814,4.59610797598635,4.610381603240967,1544400,0.0,0.0
1995-02-21 00:00:00-05:00,4.610382516682148,4.624656146764755,4.553287996351719,4.567561626434326,1872800,0.0,0.0
1995-02-22 00:00:00-05:00,4.567560721477118,4.667476112259431,4.553287094222503,4.610381603240967,2320800,0.0,0.0
1995-02-23 00:00:00-05:00,4.643053150177002,4.77202684879303,4.57140109539032,4.585731506347656,8397600,0.04,0.0
1995-02-24 00:00:00-05:00,4.557073367192195,4.657386302947998,4.514082109011137,4.657386302947998,1674800,0.0,0.0
1995-02-27 00:00:00-05:00,4.643052248548634,4.643052248548634,4.542739391326904,4.542739391326904,1104800,0.0,0.0
1995-02-28 00:00:00-05:00,4.514081767786329,4.628725114269791,4.499751349475896,4.600064277648926,1689600,0.0,0.0
1995-03-01 00:00:00-05:00,4.600065463926734,4.70037841796875,4.5857350419207314,4.70037841796875,1804000,0.0,0.0
1995-03-02 00:00:00-05:00,4.70037841796875,4.729039261980755,4.664552362953744,4.70037841796875,6788400,0.0,0.0
1995-03-03 00:00:00-05:00,4.700377205821956,4.700377205821956,4.542742604407194,4.600064277648926,1345200,0.0,0.0
1995-03-06 00:00:00-05:00,4.57140020767597,4.57140020767597,4.514078574977839,4.542739391326904,848000,0.0,0.0
1995-03-07 00:00:00-05:00,4.528412818908691,4.542743239221694,4.485421557969685,4.528412818908691,2746800,0.0,0.0
1995-03-08 00:00:00-05:00,4.585732965260091,4.585732965260091,4.528411303194339,4.571402549743652,1242400,0.0,0.0
1995-03-09 00:00:00-05:00,4.557073462823904,4.643055980990392,4.557073462823904,4.6143951416015625,3097200,0.0,0.0
1995-03-10 00:00:00-05:00,4.62872420606159,4.829350023042588,4.614393790562947,4.815019607543945,3340400,0.0,0.0
1995-03-13 00:00:00-05:00,4.815022286781468,4.915335251089415,4.815022286781468,4.886674404144287,3157200,0.0,0.0
1995-03-14 00:00:00-05:00,4.91533047732185,4.943991296431598,4.872339248657227,4.872339248657227,2685600,0.0,0.0
1995-03-15 00:00:00-05:00,4.8150217484454725,4.915334701538086,4.800691326575099,4.915334701538086,1867200,0.0,0.0
1995-03-16 00:00:00-05:00,4.886670514594677,4.972652986992237,4.872340102528417,4.929661750793457,1302400,0.0,0.0
1995-03-17 00:00:00-05:00,4.958325967149206,4.97265638901958,4.915334701538086,4.915334701538086,2031200,0.0,0.0
1995-03-20 00:00:00-05:00,4.886674404144287,4.915335251089415,4.865178768935442,4.886674404144287,1376000,0.0,0.0
1995-03-21 00:00:00-05:00,4.858011879606876,4.858011879606876,4.772029368463391,4.786359786987305,2264400,0.0,0.0
1995-03-22 00:00:00-05:00,4.7290382704111575,4.757699108413649,4.657386175404928,4.714707851409912,2892000,0.0,0.0
1995-03-23 00:00:00-05:00,4.68604701340742,4.7290382704111575,4.657386175404928,4.714707851409912,1154800,0.0,0.0
1995-03-24 00:00:00-05:00,4.714706783180122,4.815019693460551,4.700376367425776,4.77202844619751,2073200,0.0,0.0
1995-03-27 00:00:00-05:00,4.772028361048017,4.815019607543945,4.743367530050731,4.815019607543945,1380400,0.0,0.0
1995-03-28 00:00:00-05:00,4.800691266074281,4.800691266074281,4.729039157625412,4.7433695793151855,1298000,0.0,0.0
1995-03-29 00:00:00-05:00,4.714708839974752,4.800691372010766,4.686047995962747,4.70037841796875,1721200,0.0,0.0
1995-03-30 00:00:00-05:00,4.714708079462466,4.72903849915688,4.571403882518318,4.6143951416015625,3007600,0.0,0.0
1995-03-31 00:00:00-05:00,4.62872259748494,4.700374650077586,4.5570705448922935,4.671713829040527,2102400,0.0,0.0
1995-04-03 00:00:00-04:00,4.67171675481914,4.68604717431245,4.585734237859279,4.64305591583252,1451600,0.0,0.0
1995-04-04 00:00:00-04:00,4.6430553471276514,4.686046600341797,4.614394511651555,4.686046600341797,1827200,0.0,0.0
1995-04-05 00:00:00-04:00,4.68604789255609,4.75770000100496,4.671717470866316,4.7433695793151855,1138000,0.0,0.0
1995-04-06 00:00:00-04:00,4.757695972218233,4.872339248657227,4.757695972218233,4.872339248657227,1769200,0.0,0.0
1995-04-07 00:00:00-04:00,4.9010042796677125,4.943995545278833,4.829352170315846,4.915334701538086,1569200,0.0,0.0
1995-04-10 00:00:00-04:00,4.886672079035666,4.886672079035666,4.829350412419411,4.858011245727539,676400,0.0,0.0
1995-04-11 00:00:00-04:00,4.872345089558678,4.90100594302667,4.786362529154701,4.8293538093566895,1142400,0.0,0.0
1995-04-12 00:00:00-04:00,4.8723421527841,5.0872984242304575,4.858011734687676,5.072968006134033,2870800,0.0,0.0
1995-04-13 00:00:00-04:00,5.058637171983719,5.130289256572723,5.015645921230316,5.044306755065918,1608800,0.0,0.0
1995-04-17 00:00:00-04:00,5.0729658714560575,5.101626695588578,4.858009690462157,4.929661750793457,1446400,0.0,0.0
1995-04-18 00:00:00-04:00,4.9439917321790725,4.9439917321790725,4.901000499725342,4.901000499725342,1069600,0.0,0.0
1995-04-19 00:00:00-04:00,4.943994490397459,4.986985746835697,4.829351139895489,4.958324909210205,1436000,0.0,0.0
1995-04-20 00:00:00-04:00,4.958323812892294,5.072967138045874,4.9224977737818,5.029975891113281,1588000,0.0,0.0
1995-04-21 00:00:00-04:00,5.058637171983719,5.087298005819321,4.986985087394714,5.044306755065918,1473200,0.0,0.0
1995-04-24 00:00:00-04:00,5.044308386908637,5.158951759338379,5.044308386908637,5.158951759338379,1800800,0.0,0.0
1995-04-25 00:00:00-04:00,5.144620780287118,5.144620780287118,4.98698616027832,4.98698616027832,1282400,0.0,0.0
1995-04-26 00:00:00-04:00,4.986985746835697,4.986985746835697,4.90100323395922,4.958324909210205,1253600,0.0,0.0
1995-04-27 00:00:00-04:00,4.958324462780055,4.97265488030254,4.886672375167626,4.943994045257568,1374800,0.0,0.0
1995-04-28 00:00:00-04:00,4.958324162305984,4.972654578960047,4.843680829073476,4.858011245727539,1662800,0.0,0.0
1995-05-01 00:00:00-04:00,4.87234195764514,4.958324462780055,4.87234195764514,4.943994045257568,1965600,0.0,0.0
1995-05-02 00:00:00-04:00,4.87234563580164,5.001319490866977,4.87234563580164,4.972658634185791,951600,0.0,0.0
1995-05-03 00:00:00-04:00,4.986984012507591,5.144618564627084,4.972653598678546,5.115957736968994,2902400,0.0,0.0
1995-05-04 00:00:00-04:00,5.158951759338379,5.287925553321839,5.130290916230943,5.158951759338379,4264400,0.0,0.0
1995-05-05 00:00:00-04:00,5.187609594162196,5.230600833892822,5.144618354431571,5.230600833892822,1426000,0.0,0.0
1995-05-08 00:00:00-04:00,5.2162738698323565,5.373908519744873,5.201943447113037,5.373908519744873,1823600,0.0,0.0
1995-05-09 00:00:00-04:00,5.345244461635374,5.359574875741635,5.259261976997808,5.316583633422852,2464800,0.0,0.0
1995-05-10 00:00:00-04:00,5.345248893551204,5.359579319539278,5.259266337622767,5.27359676361084,2494800,0.0,0.0
1995-05-11 00:00:00-04:00,5.273593933770702,5.3022547703672815,5.230602678875832,5.259263515472412,1457200,0.0,0.0
1995-05-12 00:00:00-04:00,5.259263301278181,5.359576225280762,5.244932883563526,5.359576225280762,1979600,0.0,0.0
1995-05-15 00:00:00-04:00,5.359579329741629,5.459892311849092,5.345248903726277,5.44556188583374,2020000,0.0,0.0
1995-05-16 00:00:00-04:00,5.416901033803036,5.474222737864444,5.416901033803036,5.44556188583374,1387200,0.0,0.0
1995-05-17 00:00:00-04:00,5.445556140008561,5.517208194482357,5.431225729113802,5.45988655090332,2808000,0.0,0.0
1995-05-18 00:00:00-04:00,5.416897896139379,5.431228313854034,5.345245807566108,5.359576225280762,2182800,0.0,0.0
1995-05-19 00:00:00-04:00,5.345245807566108,5.359576225280762,5.302254554422144,5.359576225280762,2814000,0.0,0.0
1995-05-22 00:00:00-04:00,5.359576225280762,5.388237060710071,5.3309153898514525,5.359576225280762,1012400,0.0,0.0
1995-05-23 00:00:00-04:00,5.373908519744873,5.4025693651835125,5.316586828867594,5.373908519744873,1463200,0.0,0.0
1995-05-24 00:00:00-04:00,5.416899003088474,5.5028815269470215,5.402568582445383,5.5028815269470215,1122000,0.0,0.0
1995-05-25 00:00:00-04:00,5.492529027903048,5.492529027903048,5.363123893737793,5.363123893737793,1163600,0.04,0.0
1995-05-26 00:00:00-04:00,5.334366395221493,5.348744741300258,5.262474664827672,5.305609703063965,1486800,0.0,0.0
1995-05-30 00:00:00-04:00,5.30561149706606,5.319989848006618,5.248098093303827,5.262476444244385,862800,0.0,0.0
1995-05-31 00:00:00-04:00,5.248097532673886,5.478151123147262,5.2337191832693,5.463772773742676,1383200,0.0,0.0
1995-06-01 00:00:00-04:00,5.435016236406692,5.478151285901983,5.363124487247873,5.406259536743164,1248800,0.0,0.0
1995-06-02 00:00:00-04:00,5.348743844220019,5.506905624559858,5.291230469550986,5.478148937225342,1684000,0.0,0.0
1995-06-05 00:00:00-04:00,5.521284652630072,5.521284652630072,5.435014579932727,5.492527961730957,942000,0.0,0.0
1995-06-06 00:00:00-04:00,5.506906509399414,5.564419893309591,5.4637714714667815,5.506906509399414,1340800,0.0,0.0
1995-06-07 00:00:00-04:00,5.49252935303301,5.49252935303301,5.406259258482754,5.420637607574463,777200,0.0,0.0
1995-06-08 00:00:00-04:00,5.420635427747454,5.463770457676478,5.31998702457973,5.334365367889404,613600,0.0,0.0
1995-06-09 00:00:00-04:00,5.305607019377149,5.305607019377149,5.204958647735848,5.219336986541748,1758800,0.0,0.0
1995-06-12 00:00:00-04:00,5.233719742363268,5.319989848006618,5.219341391422709,5.262476444244385,1089600,0.0,0.0
1995-06-13 00:00:00-04:00,5.3056108148407874,5.463772654849591,5.3056108148407874,5.420637607574463,1126800,0.0,0.0
1995-06-14 00:00:00-04:00,5.406260772705078,5.406260772705078,5.3631257133483885,5.391882419586182,350000,0.0,0.0
1995-06-15 00:00:00-04:00,5.377501433457786,5.391879779536549,5.262474664827672,5.305609703063965,570800,0.0,0.0
1995-06-16 00:00:00-04:00,5.334366597356023,5.334366597356023,5.30560990410882,5.319988250732422,1464000,0.0,0.0
1995-06-19 00:00:00-04:00,5.305613140906058,5.4062616286739225,5.305613140906058,5.348748207092285,1192000,0.0,0.0
1995-06-20 00:00:00-04:00,5.363123049623972,5.506906509399414,5.334366357668884,5.506906509399414,2442400,0.0,0.0
1995-06-21 00:00:00-04:00,5.492529472551848,5.52128617136102,5.420637725528918,5.463772773742676,3343600,0.0,0.0
1995-06-22 00:00:00-04:00,5.449393125489237,5.564419893309591,5.435014779511693,5.506906509399414,2062400,0.0,0.0
1995-06-23 00:00:00-04:00,5.506906307180515,5.550041343529187,5.463771270831842,5.492527961730957,1168400,0.0,0.0
1995-06-26 00:00:00-04:00,5.492528090538917,5.564419819472672,5.478149744752165,5.53566312789917,2040000,0.0,0.0
1995-06-27 00:00:00-04:00,5.506906509399414,5.607554931242223,5.506906509399414,5.506906509399414,2079600,0.0,0.0
1995-06-28 00:00:00-04:00,5.521288471837198,5.521288471837198,5.348748207092285,5.348748207092285,2110000,0.0,0.0
1995-06-29 00:00:00-04:00,5.363120288134896,5.435011981005337,5.291228595264455,5.377498626708984,2383600,0.0,0.0
1995-06-30 00:00:00-04:00,5.3775028370796365,5.435016236406692,5.3775028370796365,5.406259536743164,1502400,0.0,0.0
1995-07-03 00:00:00-04:00,5.391876965283072,5.406255303857161,5.363120288134896,5.377498626708984,255200,0.0,0.0
1995-07-05 00:00:00-04:00,5.348743844220019,5.521283968227117,5.334365500552761,5.478148937225342,1505600,0.0,0.0
1995-07-06 00:00:00-04:00,5.420636361605161,5.53566312789917,5.348744632671406,5.53566312789917,3614000,0.0,0.0
1995-07-07 00:00:00-04:00,5.492529426899769,5.751339714031172,5.492529426899769,5.736961364746094,4872400,0.0,0.0
1995-07-10 00:00:00-04:00,5.73695973175854,5.794473112528048,5.693824696181408,5.722581386566162,1830000,0.0,0.0
1995-07-11 00:00:00-04:00,5.708206069045866,5.736962774683376,5.650692657770844,5.6650710105896,1077200,0.0,0.0
1995-07-12 00:00:00-04:00,5.636311315411898,5.73695973175854,5.607554625027144,5.722581386566162,1325200,0.0,0.0
1995-07-13 00:00:00-04:00,5.708200723233849,5.736957401940317,5.665065705174148,5.693822383880615,1310800,0.0,0.0
1995-07-14 00:00:00-04:00,5.6363121322438685,5.693825521348398,5.6363121322438685,5.679447174072266,1320400,0.0,0.0
1995-07-17 00:00:00-04:00,5.650692657770844,5.679449363408355,5.636314304952089,5.6650710105896,1069200,0.0,0.0
1995-07-18 00:00:00-04:00,5.65069055557251,5.66506890304216,5.578798818224259,5.65069055557251,1800400,0.0,0.0
1995-07-19 00:00:00-04:00,5.63631099139073,5.63631099139073,5.449392514635426,5.564419269561768,1180000,0.0,0.0
1995-07-20 00:00:00-04:00,5.550043024967627,5.593178074384474,5.492529625745164,5.578799724578857,1480800,0.0,0.0
1995-07-21 00:00:00-04:00,5.521283968227117,5.535662311894375,5.463770593558084,5.478148937225342,1003200,0.0,0.0
1995-07-24 00:00:00-04:00,5.492526941001415,5.578796997666359,5.478148598223925,5.5212836265563965,1154800,0.0,0.0
1995-07-25 00:00:00-04:00,5.578800893677068,5.708206069045866,5.578800893677068,5.6650710105896,1160800,0.0,0.0
1995-07-26 00:00:00-04:00,5.650687365820914,5.765714080646784,5.636309026467679,5.693822383880615,959600,0.0,0.0
1995-07-27 00:00:00-04:00,5.708201626200735,5.837606700850122,5.665066601317606,5.823228359222412,1539200,0.0,0.0
1995-07-28 00:00:00-04:00,5.83760916802191,5.851987515726397,5.72258238638601,5.794474124908447,896000,0.0,0.0
1995-07-31 00:00:00-04:00,5.794474800034324,5.8232314987938,5.765718101274849,5.808853149414063,923600,0.0,0.0
1995-08-01 00:00:00-04:00,5.823231460456561,5.823231460456561,5.69382631689086,5.736961364746094,576400,0.0,0.0
1995-08-02 00:00:00-04:00,5.751339314266176,5.794474359123172,5.693825921123515,5.70820426940918,813600,0.0,0.0
1995-08-03 00:00:00-04:00,5.70820402306364,5.722582370728787,5.593177241742458,5.621933937072754,1242800,0.0,0.0
1995-08-04 00:00:00-04:00,5.6363128426755305,5.6363128426755305,5.56442109723324,5.593177795410156,495200,0.0,0.0
1995-08-07 00:00:00-04:00,5.607555437691604,5.693825521348398,5.578798743139339,5.679447174072266,764400,0.0,0.0
1995-08-08 00:00:00-04:00,5.693824368853901,5.693824368853901,5.535662580830182,5.564419269561768,511200,0.0,0.0
1995-08-09 00:00:00-04:00,5.593175958293353,5.607554302659145,5.535662580830182,5.564419269561768,1114000,0.0,0.0
1995-08-10 00:00:00-04:00,5.550044536590576,5.578801244034051,5.521287829147102,5.550044536590576,1593200,0.0,0.0
1995-08-11 00:00:00-04:00,5.550041343529187,5.550041343529187,5.449392925382284,5.492527961730957,1110000,0.0,0.0
1995-08-14 00:00:00-04:00,5.478149817444326,5.521284855376958,5.4637714714667815,5.506906509399414,1776800,0.0,0.0
1995-08-15 00:00:00-04:00,5.506906307180515,5.506906307180515,5.463771270831842,5.492527961730957,1632400,0.0,0.0
1995-08-16 00:00:00-04:00,5.506905283778906,5.550040312111378,5.506905283778906,5.5212836265563965,1978400,0.0,0.0
1995-08-17 00:00:00-04:00,5.5212836265563965,5.535661969333887,5.463770255446434,5.5212836265563965,570800,0.0,0.0
1995-08-18 00:00:00-04:00,5.506906307180515,5.506906307180515,5.463771270831842,5.492527961730957,1075200,0.0,0.0
1995-08-21 00:00:00-04:00,5.506905624559858,5.593175686563407,5.478148937225342,5.478148937225342,787200,0.0,0.0
1995-08-22 00:00:00-04:00,5.4925288080864245,5.621933937072754,5.4781504604212765,5.621933937072754,1165600,0.0,0.0
1995-08-23 00:00:00-04:00,5.6075544357299805,5.636311125143981,5.55004105690198,5.6075544357299805,1604400,0.0,0.0
1995-08-24 00:00:00-04:00,5.665068005796653,5.73695973175854,5.621932970219521,5.722581386566162,1589600,0.0,0.0
1995-08-25 00:00:00-04:00,5.722583882529242,5.794475639847449,5.722583882529242,5.765718936920166,1006800,0.0,0.0
1995-08-28 00:00:00-04:00,5.794472757507773,5.895121167687809,5.794472757507773,5.866364479064941,1395600,0.0,0.0
1995-08-29 00:00:00-04:00,5.88074049221471,5.88074049221471,5.794470460544079,5.8376054763793945,684400,0.0,0.0
1995-08-30 00:00:00-04:00,5.827223777770996,5.856071420235209,5.783952314074677,5.827223777770996,688000,0.04,0.0
1995-08-31 00:00:00-04:00,5.798375820532077,5.913766384124756,5.7839520000829925,5.913766384124756,1429600,0.0,0.0
1995-09-01 00:00:00-04:00,6.029156264804659,6.101275358881269,5.993096717766353,6.058003902435303,2018400,0.0,0.0
1995-09-05 00:00:00-04:00,6.2022429567328246,6.274362060880881,6.158971494243991,6.2599382400512695,3412000,0.0,0.0
1995-09-06 00:00:00-04:00,6.216664658412674,6.375326633453369,6.202240842499884,6.375326633453369,2536000,0.0,0.0
1995-09-07 00:00:00-04:00,6.3032088844542615,6.360904160284507,6.3032088844542615,6.332056522369385,1999200,0.0,0.0
1995-09-08 00:00:00-04:00,6.346481602366378,6.519567464249097,6.332057780542818,6.505143642425537,3246000,0.0,0.0
1995-09-11 00:00:00-04:00,6.4618750378093885,6.577265663484556,6.404179724971804,6.519570350646973,1943600,0.0,0.0
1995-09-12 00:00:00-04:00,6.548415708960148,6.606111001550105,6.5195680626651695,6.577263355255127,1525200,0.0,0.0
1995-09-13 00:00:00-04:00,6.577259732531263,6.6782264389516985,6.548412102125424,6.663802623748779,2283200,0.0,0.0
1995-09-14 00:00:00-04:00,6.663807413747964,6.69265506488973,6.634959762606198,6.678231239318848,1266000,0.0,0.0
1995-09-15 00:00:00-04:00,6.692650254154619,6.721497884560457,6.64937880854586,6.663802623748779,2030800,0.0,0.0
1995-09-18 00:00:00-04:00,6.678230117287552,6.678230117287552,6.548415708960148,6.577263355255127,2121600,0.0,0.0
1995-09-19 00:00:00-04:00,6.40417426527895,6.461869528930111,6.288783737976627,6.375326633453369,4603200,0.0,0.0
1995-09-20 00:00:00-04:00,6.389757041537433,6.41860470312451,6.2022472412214364,6.288790225982666,3526800,0.0,0.0
1995-09-21 00:00:00-04:00,6.346480341326946,6.375327979242068,6.3032088844542615,6.332056522369385,2871200,0.0,0.0
1995-09-22 00:00:00-04:00,6.2887843545794215,6.303208171906438,6.202241450617319,6.216665267944336,1850400,0.0,0.0
1995-09-25 00:00:00-04:00,6.2887861801254665,6.2887861801254665,6.115700321956876,6.158971786499023,2461200,0.0,0.0
1995-09-26 00:00:00-04:00,6.23109142596905,6.2743628942049465,6.173396134987856,6.187819957733154,2993600,0.0,0.0
1995-09-27 00:00:00-04:00,6.158972312242557,6.216667603223752,6.1157008440066605,6.187819957733154,1496400,0.0,0.0
1995-09-28 00:00:00-04:00,6.259938963898668,6.433024833868216,6.245515141401206,6.404177188873291,2659600,0.0,0.0
1995-09-29 00:00:00-04:00,6.433025453355577,6.620535163879394,6.404177805582682,6.490720748901367,3128000,0.0,0.0
1995-10-02 00:00:00-04:00,6.46187217147262,6.46187217147262,6.202243378868809,6.231091022491455,2082000,0.0,0.0
1995-10-03 00:00:00-04:00,6.2599382400512695,6.303209702540103,6.216666777562436,6.2599382400512695,1882400,0.0,0.0
1995-10-04 00:00:00-04:00,6.245514844302778,6.2887863097367465,6.202243378868809,6.231091022491455,1296800,0.0,0.0
1995-10-05 00:00:00-04:00,6.216667700584711,6.259939169498294,6.202243877613517,6.2455153465271,1045200,0.0,0.0
1995-10-06 00:00:00-04:00,6.259936544630262,6.404174713861375,6.259936544630262,6.360903263092041,1594800,0.0,0.0
1995-10-09 00:00:00-04:00,6.375329653422038,6.375329653422038,6.158972312242557,6.187819957733154,1550400,0.0,0.0
1995-10-10 00:00:00-04:00,6.173393635469325,6.1878174523746265,6.072426917132209,6.130122184753418,3036000,0.0,0.0
1995-10-11 00:00:00-04:00,6.202242151751333,6.332056522369385,6.173394513836211,6.332056522369385,1846000,0.0,0.0
1995-10-12 00:00:00-04:00,6.360903263092041,6.447446164630708,6.34647944616893,6.360903263092041,1662000,0.0,0.0
1995-10-13 00:00:00-04:00,6.40417647526182,6.418600296152049,6.274362087249756,6.274362087249756,2037600,0.0,0.0
1995-10-16 00:00:00-04:00,6.288786815440682,6.288786815440682,6.202243877613517,6.2455153465271,1042000,0.0,0.0
1995-10-17 00:00:00-04:00,6.245513608624017,6.332056522369385,6.187818332793772,6.332056522369385,1367200,0.0,0.0
1995-10-18 00:00:00-04:00,6.332056522369385,6.4762947119449965,6.317632703411824,6.332056522369385,2143600,0.0,0.0
1995-10-19 00:00:00-04:00,6.317631989233456,6.317631989233456,6.158969998636268,6.216665267944336,1921200,0.0,0.0
1995-10-20 00:00:00-04:00,6.173396789110623,6.216668261931493,5.9426156007326565,6.000310897827148,3427200,0.0,0.0
1995-10-23 00:00:00-04:00,5.856070685155183,5.971461240527699,5.856070685155183,5.94261360168457,3052400,0.0,0.0
1995-10-24 00:00:00-04:00,5.942610873511774,6.029153750310489,5.78394893271413,5.798372745513916,4360800,0.0,0.0
1995-10-25 00:00:00-04:00,5.856072602987896,5.856072602987896,5.63971524080854,5.668562889099121,3929200,0.0,0.0
1995-10-26 00:00:00-04:00,5.697409152984619,5.711832973625087,5.639713870422749,5.697409152984619,2614400,0.0,0.0
1995-10-27 00:00:00-04:00,5.668560236692429,5.812798410654068,5.668560236692429,5.769526958465576,1878800,0.0,0.0
1995-10-30 00:00:00-05:00,5.755107402801514,5.7839550589559074,5.72625974664712,5.755107402801514,1874400,0.0,0.0
1995-10-31 00:00:00-05:00,5.7551040373854905,5.827223135598341,5.74068021774292,5.74068021774292,2038400,0.0,0.0
1995-11-01 00:00:00-05:00,5.755106193803633,5.899344444274902,5.755106193803633,5.899344444274902,1442800,0.0,0.0
1995-11-02 00:00:00-05:00,5.92819020457384,5.985885486370179,5.841647281879332,5.913766384124756,1681600,0.0,0.0
1995-11-03 00:00:00-05:00,5.942613629394236,5.985885087860699,5.913765990416594,5.957037448883057,1039600,0.0,0.0
1995-11-06 00:00:00-05:00,5.942613970999624,5.942613970999624,5.856071049091862,5.884918689727783,1033200,0.0,0.0
1995-11-07 00:00:00-05:00,5.856067996713059,5.870491809512845,5.769525119914344,5.798372745513916,1442800,0.0,0.0
1995-11-08 00:00:00-05:00,5.827223408455942,5.913766330363703,5.812799588137982,5.884918689727783,1422800,0.0,0.0
1995-11-09 00:00:00-05:00,5.8849183239983125,5.957037421106135,5.856070685155183,5.94261360168457,1917200,0.0,0.0
1995-11-10 00:00:00-05:00,5.884917497634888,5.899341315031052,5.740679323673248,5.769526958465576,1206400,0.0,0.0
1995-11-13 00:00:00-05:00,5.783951620862942,5.79837544036634,5.697408703842548,5.711832523345947,1500000,0.0,0.0
1995-11-14 00:00:00-05:00,5.711833026607331,5.783952130478636,5.69740920583307,5.726256847381592,1348400,0.0,0.0
1995-11-15 00:00:00-05:00,5.740679323673248,5.78395077586174,5.71183168888092,5.769526958465576,846400,0.0,0.0
1995-11-16 00:00:00-05:00,5.841647951226485,6.08685292695698,5.812800307022898,6.029157638549805,1838400,0.0,0.0
1995-11-17 00:00:00-05:00,6.058006148407425,6.058006148407425,5.942615555104426,5.971463203430176,1402800,0.0,0.0
1995-11-20 00:00:00-05:00,5.957038579736267,5.971462401963231,5.769528890785731,5.783952713012695,796000,0.0,0.0
1995-11-21 00:00:00-05:00,5.783952076827423,5.827223538748825,5.668561511703684,5.697409152984619,2106000,0.0,0.0
1995-11-22 00:00:00-05:00,5.783952288237162,5.841647572907857,5.740680824734142,5.81279993057251,1208400,0.0,0.0
1995-11-24 00:00:00-05:00,5.769528989438657,5.841648101806641,5.769528989438657,5.841648101806641,234000,0.0,0.0
1995-11-27 00:00:00-05:00,5.870495241467316,5.928190526395741,5.798376135306783,5.827223777770996,644000,0.0,0.0
1995-11-28 00:00:00-05:00,5.7983761094048365,5.81279993057251,5.740680824734142,5.81279993057251,1826400,0.0,0.0
1995-11-29 00:00:00-05:00,5.8457929196159535,5.918141841888428,5.8457929196159535,5.918141841888428,1964000,0.04,0.0
1995-11-30 00:00:00-05:00,5.990487056619981,6.019426607618144,5.8891986281264055,5.903668403625488,2027200,0.0,0.0
1995-12-01 00:00:00-05:00,5.889201002945135,5.889201002945135,5.8313218776090645,5.8602614402771,2447600,0.0,0.0
1995-12-04 00:00:00-05:00,5.860262075278917,5.96155055559238,5.860262075278917,5.889201641082764,2818800,0.0,0.0
1995-12-05 00:00:00-05:00,5.889201954333452,5.9760206563629374,5.889201954333452,5.947081089019775,4128800,0.0,0.0
1995-12-06 00:00:00-05:00,6.048367488815123,6.048367488815123,5.976018595408244,6.004958152770996,1908400,0.0,0.0
1995-12-07 00:00:00-05:00,5.990488052368164,6.077306719793789,5.9615484965596215,5.990488052368164,930400,0.0,0.0
1995-12-08 00:00:00-05:00,6.0194268030346745,6.077305906910008,5.961547699159341,5.976017475128174,684400,0.0,0.0
1995-12-11 00:00:00-05:00,5.976018595408244,6.019427931452372,5.961548816726868,6.004958152770996,665600,0.0,0.0
1995-12-12 00:00:00-05:00,5.947080771516009,5.990490120213206,5.918141205717878,5.932610988616943,1265200,0.0,0.0
1995-12-13 00:00:00-05:00,5.961549909615222,5.961549909615222,5.8457916589430825,5.8602614402771,1796000,0.0,0.0
1995-12-14 00:00:00-05:00,5.73003307777115,5.787912199768839,5.701093516772306,5.7155632972717285,3918000,0.0,0.0
1995-12-15 00:00:00-05:00,5.74450285215767,5.74450285215767,5.599805047317426,5.672153949737549,5057600,0.0,0.0
1995-12-18 00:00:00-05:00,5.643213569343864,5.643213569343864,5.570864677429199,5.570864677429199,3269600,0.0,0.0
1995-12-19 00:00:00-05:00,5.512987453900083,5.585336370617931,5.426168753838664,5.527457237243652,6224800,0.0,0.0
1995-12-20 00:00:00-05:00,5.57086972139215,5.585339512876285,5.382762432098389,5.382762432098389,4811600,0.0,0.0
1995-12-21 00:00:00-05:00,5.440639495849609,5.469579067636044,5.411699924063175,5.440639495849609,3404000,0.0,0.0
1995-12-22 00:00:00-05:00,5.455106285782458,5.599804065246183,5.440636507836085,5.541924953460693,2122000,0.0,0.0
1995-12-26 00:00:00-05:00,5.541926624141027,5.686624447225649,5.541926624141027,5.666728496551514,1262400,0.0,0.0
1995-12-27 00:00:00-05:00,5.686625659774622,5.701095445168451,5.570867376623994,5.585337162017822,1219200,0.0,0.0
1995-12-28 00:00:00-05:00,5.585335558573405,5.599805339813232,5.426167964935303,5.426167964935303,2436800,0.0,0.0
1995-12-29 00:00:00-05:00,5.469579067636044,5.48404885352926,5.411699924063175,5.440639495849609,4277600,0.0,0.0
1996-01-02 00:00:00-05:00,5.41169724388728,5.484046137522137,5.41169724388728,5.469576358795166,2774000,0.0,0.0
1996-01-03 00:00:00-05:00,5.498514500815724,5.512984275817871,5.469574950811431,5.512984275817871,3771200,0.0,0.0
1996-01-04 00:00:00-05:00,5.5129863336800895,5.527456114083449,5.397228090453211,5.45510721206665,5207200,0.0,0.0
1996-01-05 00:00:00-05:00,5.44064159803493,5.44064159803493,5.353822849130117,5.382762432098389,6900400,0.0,0.0
1996-01-08 00:00:00-05:00,5.3972272872924805,5.426166843792708,5.382757509042366,5.3972272872924805,858000,0.0,0.0
1996-01-09 00:00:00-05:00,5.397230138169959,5.527458211208912,5.397230138169959,5.440639495849609,2769200,0.0,0.0
1996-01-10 00:00:00-05:00,5.382758277555856,5.3972280578718665,5.209120913763732,5.238060474395752,3749600,0.0,0.0
1996-01-11 00:00:00-05:00,5.266997487091821,5.31040680704038,5.252527713775635,5.252527713775635,2765600,0.0,0.0
1996-01-12 00:00:00-05:00,5.324877239906624,5.382756340340392,5.281467914581299,5.281467914581299,3249600,0.0,0.0
1996-01-15 00:00:00-05:00,5.295938304256534,5.397226741769638,5.223589420318604,5.223589420318604,3734400,0.0,0.0
1996-01-16 00:00:00-05:00,5.252528874379284,5.368287086486816,5.238059097865842,5.368287086486816,1574400,0.0,0.0
1996-01-17 00:00:00-05:00,5.3393517067622405,5.672156826695931,5.3393517067622405,5.628747463226318,2908000,0.0,0.0
1996-01-18 00:00:00-05:00,5.643213770606301,5.787911559596206,5.62874399170731,5.730032444000244,3141600,0.0,0.0
1996-01-19 00:00:00-05:00,5.758973593828155,5.97602033731414,5.715564245130957,5.932610988616943,3033600,0.0,0.0
1996-01-22 00:00:00-05:00,5.947079791495549,5.947079791495549,5.730033083776733,5.758972644805908,2300800,0.0,0.0
1996-01-23 00:00:00-05:00,5.787912205835084,5.845791327893434,5.74450286429132,5.758972644805908,1769600,0.0,0.0
1996-01-24 00:00:00-05:00,5.75897233247757,5.816851451396942,5.71556299328804,5.787911891937256,2719200,0.0,0.0
1996-01-25 00:00:00-05:00,5.787912533607012,5.961549909615222,5.787912533607012,5.8602614402771,2049200,0.0,0.0
1996-01-26 00:00:00-05:00,5.816852725424417,5.947080771516009,5.787913159626286,5.932610988616943,1161200,0.0,0.0
1996-01-29 00:00:00-05:00,5.903671423984687,5.990490121396226,5.83132250947507,5.889201641082764,2058400,0.0,0.0
1996-01-30 00:00:00-05:00,5.903669702001364,6.019427931452372,5.874730144638613,6.004958152770996,2630000,0.0,0.0
1996-01-31 00:00:00-05:00,6.004960960934399,6.265417098999023,6.004960960934399,6.265417098999023,2623200,0.0,0.0
1996-02-01 00:00:00-05:00,6.250946364291878,6.308825497294581,6.193067231289176,6.222006797790527,2098800,0.0,0.0
1996-02-02 00:00:00-05:00,6.222003571530606,6.222003571530606,6.091775589800895,6.120715141296387,1008000,0.0,0.0
1996-02-05 00:00:00-05:00,6.106242305994587,6.2364702224731445,6.077302768999353,6.2364702224731445,1027600,0.0,0.0
1996-02-06 00:00:00-05:00,6.207535756867507,6.308824219100777,6.178596196229431,6.294354438781738,2096000,0.0,0.0
1996-02-07 00:00:00-05:00,6.294354438781738,6.308824219100777,6.265414878143662,6.294354438781738,788400,0.0,0.0
1996-02-08 00:00:00-05:00,6.265416453101419,6.395644508708608,6.250946669145064,6.366704940795898,1171200,0.0,0.0
1996-02-09 00:00:00-05:00,6.366705410098384,6.410114765167236,6.3088262700065805,6.410114765167236,1465600,0.0,0.0
1996-02-12 00:00:00-05:00,6.439054160647922,6.5114030838012695,6.3956448067559135,6.5114030838012695,1680400,0.0,0.0
1996-02-13 00:00:00-05:00,6.337762403808185,6.540339284295204,6.337762403808185,6.467990398406982,2113200,0.0,0.0
1996-02-14 00:00:00-05:00,6.43905129292114,6.540339740225518,6.352232623803102,6.381172180175781,2031600,0.0,0.0
1996-02-15 00:00:00-05:00,6.3522332451163495,6.453521702327772,6.279884347108191,6.323293685913086,2675200,0.0,0.0
1996-02-16 00:00:00-05:00,6.323294957478841,6.337764739990234,6.2364762624104815,6.250946044921875,1922800,0.0,0.0
1996-02-20 00:00:00-05:00,6.106247901916504,6.1207176836746,6.0049594296098325,6.106247901916504,4329600,0.0,0.0
1996-02-21 00:00:00-05:00,6.164126876350883,6.265415346150077,6.164126876350883,6.207536220550537,2323200,0.0,0.0
1996-02-22 00:00:00-05:00,6.279886076042244,6.540342180578558,6.279886076042244,6.424583911895752,2485200,0.0,0.0
1996-02-23 00:00:00-05:00,6.395642160314374,6.627158618606297,6.395642160314374,6.540339946746826,2094400,0.0,0.0
1996-02-26 00:00:00-05:00,6.46799084929382,6.482460627480159,6.366702401989442,6.381172180175781,1548000,0.0,0.0
1996-02-27 00:00:00-05:00,6.381170246699085,6.410109794303162,6.20753296107462,6.337760925292969,2386000,0.0,0.0
1996-02-28 00:00:00-05:00,6.334275841440161,6.494085553036129,6.276163219041628,6.348803997039795,1812000,0.055,0.0
1996-02-29 00:00:00-05:00,6.305220615032107,6.3633332474287165,6.247107982635498,6.247107982635498,1876400,0.0,0.0
1996-03-01 00:00:00-05:00,6.232578274221981,6.2471064287073474,6.13088119282442,6.174465656280518,3311200,0.0,0.0
1996-03-04 00:00:00-05:00,6.218050238080499,6.24710654760424,6.130881309509277,6.130881309509277,3346800,0.0,0.0
1996-03-05 00:00:00-05:00,6.159937272215664,6.261634349822998,6.130880964327854,6.261634349822998,1567200,0.0,0.0
1996-03-06 00:00:00-05:00,6.247105954132436,6.319746721040953,6.218049647369029,6.232577800750732,984400,0.0,0.0
1996-03-07 00:00:00-05:00,6.218049887991284,6.377859581374237,6.218049887991284,6.261634349822998,1018000,0.0,0.0
1996-03-08 00:00:00-05:00,6.07276977529781,6.174466876798013,5.942016359083263,5.971072673797607,2651200,0.0,0.0
1996-03-11 00:00:00-05:00,5.8984314125704485,6.04371297445642,5.854846944004657,6.029184818267822,3151200,0.0,0.0
1996-03-12 00:00:00-05:00,6.043711671375093,6.188993201936994,6.029183518318903,6.1018242835998535,2954800,0.0,0.0
1996-03-13 00:00:00-05:00,6.159937619033018,6.159937619033018,6.101824999985537,6.130881309509277,1422400,0.0,0.0
1996-03-14 00:00:00-05:00,6.145411002273024,6.247108111057684,6.101826527079598,6.203523635864258,1769200,0.0,0.0
1996-03-15 00:00:00-05:00,6.218052387237549,6.261636866587344,6.1744679078877525,6.218052387237549,2967200,0.0,0.0
1996-03-18 00:00:00-05:00,6.261634349822998,6.276162503766903,6.174465426159569,6.261634349822998,2832800,0.0,0.0
1996-03-19 00:00:00-05:00,6.276164310079226,6.334276942579959,6.1744672032029415,6.188995361328125,1267600,0.0,0.0
1996-03-20 00:00:00-05:00,6.218051424732915,6.305220369939451,6.087298006923111,6.2761640548706055,1458000,0.0,0.0
1996-03-21 00:00:00-05:00,6.305218811654712,6.377859581374237,6.247106195879093,6.261634349822998,1435600,0.0,0.0
1996-03-22 00:00:00-05:00,6.276163219041628,6.435972930637595,6.276163219041628,6.348803997039795,2154800,0.0,0.0
1996-03-25 00:00:00-05:00,6.392391401556041,6.494088537489887,6.363335077003514,6.479560375213623,1735600,0.0,0.0
1996-03-26 00:00:00-05:00,6.494088013266676,6.639369624301725,6.465031691059667,6.595785140991211,1460800,0.0,0.0
1996-03-27 00:00:00-05:00,6.624838829040527,6.741064071655273,6.566726207733154,6.566726207733154,1331200,0.0,0.0
1996-03-28 00:00:00-05:00,6.566724899325676,6.624837509054221,6.494084137164993,6.5812530517578125,2139600,0.0,0.0
1996-03-29 00:00:00-05:00,6.581254598875754,6.726536157349832,6.566726443028346,6.653895378112793,1218800,0.0,0.0
1996-04-01 00:00:00-05:00,6.668424115191179,6.78464937210083,6.653895958077473,6.78464937210083,1254800,0.0,0.0
1996-04-02 00:00:00-05:00,6.799180803800884,6.900877952575684,6.770124475579513,6.900877952575684,1702800,0.0,0.0
1996-04-03 00:00:00-05:00,6.871818551630862,6.886346709245304,6.813705921173096,6.813705921173096,1498000,0.0,0.0
1996-04-04 00:00:00-05:00,6.857287390619262,6.857287390619262,6.77011848311139,6.799174785614014,1138400,0.0,0.0
1996-04-08 00:00:00-04:00,6.624838091129631,6.624838091129631,6.31974686324866,6.421443939208984,2883600,0.0,0.0
1996-04-09 00:00:00-04:00,6.450501945283678,6.479558260352524,6.261635897336183,6.2761640548706055,1952400,0.0,0.0
1996-04-10 00:00:00-04:00,6.261634583192714,6.305219046648811,6.174465656280518,6.174465656280518,1642400,0.0,0.0
1996-04-11 00:00:00-04:00,6.188995903294261,6.21805222208907,5.942017193538387,5.956545352935791,2175600,0.0,0.0
1996-04-12 00:00:00-04:00,6.014655365262713,6.2035213549931845,6.014655365262713,6.1018242835998535,3773200,0.0,0.0
1996-04-15 00:00:00-04:00,6.174467192139736,6.261636140734651,6.145410875941431,6.247107982635498,1331200,0.0,0.0
1996-04-16 00:00:00-04:00,6.261633967217945,6.261633967217945,6.087296130543663,6.1018242835998535,937200,0.0,0.0
1996-04-17 00:00:00-04:00,6.10182559236567,6.203522685571765,6.087297436193372,6.145410060882568,827600,0.0,0.0
1996-04-18 00:00:00-04:00,6.130881904710269,6.174466373227166,6.072769280021072,6.145410060882568,1012400,0.0,0.0
1996-04-19 00:00:00-04:00,6.18899547746645,6.261636269455492,6.159939160670833,6.203523635864258,2295600,0.0,0.0
1996-04-22 00:00:00-04:00,6.261636866587344,6.2761650263706095,6.188996067671018,6.218052387237549,1998800,0.0,0.0
1996-04-23 00:00:00-04:00,6.17446800302413,6.334277763102402,6.17446800302413,6.290693283081055,2964800,0.0,0.0
1996-04-24 00:00:00-04:00,6.319746965598617,6.348803273486428,6.232578041935188,6.261634349822998,1777600,0.0,0.0
1996-04-25 00:00:00-04:00,6.276162503766903,6.305218811654712,6.232578041935188,6.261634349822998,1086400,0.0,0.0
1996-04-26 00:00:00-04:00,6.2906901885723245,6.348802800014101,6.276162035711881,6.319746494293213,1226400,0.0,0.0
1996-04-29 00:00:00-04:00,6.290691374641261,6.348803997039795,6.261635063441995,6.348803997039795,1047200,0.0,0.0
1996-04-30 00:00:00-04:00,6.305222734398798,6.348807223346255,6.290694571416313,6.3342790603637695,1371200,0.0,0.0
1996-05-01 00:00:00-04:00,6.334277197397256,6.421446149655016,6.334277197397256,6.399653911590576,1616000,0.0,0.0
1996-05-02 00:00:00-04:00,6.348805923109517,6.348805923109517,6.276165123073939,6.290693283081055,2466400,0.0,0.0
1996-05-03 00:00:00-04:00,6.290693186153876,6.290693186153876,6.203524227454284,6.218052387237549,2676400,0.0,0.0
1996-05-06 00:00:00-04:00,6.261636866587344,6.290693186153876,6.188996067671018,6.218052387237549,1700000,0.0,0.0
1996-05-07 00:00:00-04:00,6.232580284918508,6.319749239952333,6.232580284918508,6.305221080780029,1721200,0.0,0.0
1996-05-08 00:00:00-04:00,6.276163565145956,6.450501441955566,6.232579095943554,6.450501441955566,2060000,0.0,0.0
1996-05-09 00:00:00-04:00,6.421442970293298,6.465027424842799,6.348802212710794,6.363330364227295,1590400,0.0,0.0
1996-05-10 00:00:00-04:00,6.406918134689331,6.552199725045098,6.406918134689331,6.5376715660095215,2207600,0.0,0.0
1996-05-13 00:00:00-04:00,6.566727259671094,6.7120088362124894,6.523142786708675,6.69748067855835,1538400,0.0,0.0
1996-05-14 00:00:00-04:00,6.712007161059411,6.755591623144212,6.653894544946343,6.668422698974609,1165600,0.0,0.0
1996-05-15 00:00:00-04:00,6.682952520904211,6.741065151520769,6.639368047941792,6.69748067855835,1701600,0.0,0.0
1996-05-16 00:00:00-04:00,6.65389357975551,6.65389357975551,6.5667246682303295,6.61030912399292,1453600,0.0,0.0
1996-05-17 00:00:00-04:00,6.639365121849582,6.813702936865326,6.6248369705982695,6.799174785614014,1136800,0.0,0.0
1996-05-20 00:00:00-04:00,6.828232884660142,6.871817349881377,6.755592109291417,6.842761039733887,866400,0.0,0.0
1996-05-21 00:00:00-04:00,6.94445965900894,7.075213083550949,6.9154033424440495,7.031628608703613,3287600,0.0,0.0
1996-05-22 00:00:00-04:00,7.089739563976705,7.220492957574636,7.07521140913249,7.176908493041992,3315200,0.0,0.0
1996-05-23 00:00:00-04:00,7.147851203981771,7.205963815396258,6.973513369738313,7.002569675445557,2291200,0.0,0.0
1996-05-24 00:00:00-04:00,7.00256838984558,7.089737290963989,6.9880402396591785,7.075209140777588,800400,0.0,0.0
1996-05-28 00:00:00-04:00,7.060684808292744,7.075212966334499,7.0171003341674805,7.0171003341674805,908000,0.0,0.0
1996-05-29 00:00:00-04:00,6.988045121441369,6.988045121441369,6.900876159427547,6.915404319763184,912000,0.0,0.0
1996-05-30 00:00:00-04:00,6.911900747861111,7.072303507832571,6.868154540596167,7.028557300567627,999600,0.055,0.0
1996-05-31 00:00:00-04:00,7.013976452219839,7.057722667098549,6.897319879209945,6.911901950836182,1107600,0.0,0.0
1996-06-03 00:00:00-04:00,6.897324562072754,6.926488725125916,6.853578317493011,6.897324562072754,857600,0.0,0.0
1996-06-04 00:00:00-04:00,6.911902928352356,7.013977444171906,6.911902928352356,6.999395370483398,1143600,0.0,0.0
1996-06-05 00:00:00-04:00,7.0139714276276575,7.13062791706845,6.984807305267459,7.101463794708252,898000,0.0,0.0
1996-06-06 00:00:00-04:00,7.10146773478506,7.145213942596877,7.043139457702637,7.043139457702637,802000,0.0,0.0
1996-06-07 00:00:00-04:00,6.97022524408736,7.101463794708252,6.853568754646568,7.101463794708252,1337600,0.0,0.0
1996-06-10 00:00:00-04:00,7.101463794708252,7.13062791706845,7.057717611167955,7.101463794708252,2892000,0.0,0.0
1996-06-11 00:00:00-04:00,7.057721526973242,7.130631873326272,7.043139457702637,7.043139457702637,1517600,0.0,0.0
1996-06-12 00:00:00-04:00,7.10146834705966,7.116050417587503,6.97022971230907,6.984811782836914,1157600,0.0,0.0
1996-06-13 00:00:00-04:00,7.0139759238926,7.028557994420444,6.955647641781227,6.984811782836914,2477600,0.0,0.0
1996-06-14 00:00:00-04:00,6.984813296794892,7.04314159154892,6.970231223106384,6.999395370483398,1183600,0.0,0.0
1996-06-17 00:00:00-04:00,6.999397839997944,6.999397839997944,6.897323288164641,6.926487445831299,862000,0.0,0.0
1996-06-18 00:00:00-04:00,6.897321058180175,6.926485206417723,6.853574835823853,6.868156909942627,829200,0.0,0.0
1996-06-19 00:00:00-04:00,6.853574106835911,6.926484469674591,6.766081671429495,6.82440996170044,831600,0.0,0.0
1996-06-20 00:00:00-04:00,6.766084435187814,6.7806665137119255,6.620263649946697,6.722338199615479,2340000,0.0,0.0
1996-06-21 00:00:00-04:00,6.693171041352408,6.693171041352408,6.503604105540684,6.532768249511719,4839200,0.0,0.0
1996-06-24 00:00:00-04:00,6.489021168451875,6.489021168451875,6.386946678161621,6.386946678161621,2905200,0.0,0.0
1996-06-25 00:00:00-04:00,6.445276511117314,6.518186878890134,6.416112364008186,6.489022731781006,1287600,0.0,0.0
1996-06-26 00:00:00-04:00,6.561932732573653,6.591096878051758,6.532768587095548,6.591096878051758,1095600,0.0,0.0
1996-06-27 00:00:00-04:00,6.576514499303002,6.664006931666235,6.5473503551819245,6.620260715484619,1155200,0.0,0.0
1996-06-28 00:00:00-04:00,6.64942321109563,6.693169416431786,6.605677005759475,6.664005279541016,870400,0.0,0.0
1996-07-01 00:00:00-04:00,6.678591964043144,6.73692027813959,6.64942780699492,6.722338199615479,1351200,0.0,0.0
1996-07-02 00:00:00-04:00,6.693171955891792,6.70775402986977,6.591097438045948,6.605679512023926,1618000,0.0,0.0
1996-07-03 00:00:00-04:00,6.605680939335151,6.605680939335151,6.503606399433725,6.5181884765625,1308000,0.0,0.0
1996-07-05 00:00:00-04:00,6.401530957776447,6.401530957776447,6.255710207029831,6.270292282104492,710000,0.0,0.0
1996-07-08 00:00:00-04:00,6.2265472412109375,6.255711396907476,6.1682189298178605,6.2265472412109375,2041600,0.0,0.0
1996-07-09 00:00:00-04:00,6.255712813097666,6.386951543442372,6.255712813097666,6.3140411376953125,1540000,0.0,0.0
1996-07-10 00:00:00-04:00,6.386945574023607,6.386945574023607,6.2848711013793945,6.2848711013793945,1902000,0.0,0.0
1996-07-11 00:00:00-04:00,6.2994536263602114,6.2994536263602114,6.109886734826224,6.124468803405762,2316400,0.0,0.0
1996-07-12 00:00:00-04:00,6.153635747572955,6.226546123729032,6.153635747572955,6.197381973266602,1818000,0.0,0.0
1996-07-15 00:00:00-04:00,6.197382194491533,6.226546345995023,6.06614351272583,6.06614351272583,1330800,0.0,0.0
1996-07-16 00:00:00-04:00,6.066141997187971,6.095306141405221,5.832828843449972,6.051559925079346,3058800,0.0,0.0
1996-07-17 00:00:00-04:00,6.109887857572727,6.168216142609221,6.08072371505448,6.153634071350098,2372800,0.0,0.0
1996-07-18 00:00:00-04:00,6.022397917423523,6.109890381114905,5.891159221886448,6.095308303833008,2674800,0.0,0.0
1996-07-19 00:00:00-04:00,6.095310160133381,6.095310160133381,5.9932355880737305,5.9932355880737305,1207200,0.0,0.0
1996-07-22 00:00:00-04:00,5.891158084773538,5.891158084773538,5.7745014890354485,5.803665637969971,2175200,0.0,0.0
1996-07-23 00:00:00-04:00,5.832832259940623,5.891160582540029,5.818250179290772,5.818250179290772,3911200,0.0,0.0
1996-07-24 00:00:00-04:00,5.687011546894984,5.876578598458149,5.628683223337086,5.745339870452881,3202800,0.0,0.0
1996-07-25 00:00:00-04:00,5.803665637969971,5.861993935839016,5.803665637969971,5.803665637969971,1674800,0.0,0.0
1996-07-26 00:00:00-04:00,5.83282744530404,5.920319856983601,5.818245376690779,5.89115571975708,1782400,0.0,0.0
1996-07-29 00:00:00-04:00,5.87657365114382,5.9349019255968605,5.86199158253056,5.89115571975708,1090400,0.0,0.0
1996-07-30 00:00:00-04:00,5.934904181489758,6.022396626425724,5.920322107333763,5.949486255645752,1720400,0.0,0.0
1996-07-31 00:00:00-04:00,5.949485694454109,6.007813985576208,5.920321548893059,5.934903621673584,1118000,0.0,0.0
1996-08-01 00:00:00-04:00,5.934903002463246,6.197380285127468,5.934903002463246,6.153634071350098,3118800,0.0,0.0
1996-08-02 00:00:00-04:00,6.299455097743443,6.561932393482753,6.299455097743443,6.532768249511719,2833200,0.0,0.0
1996-08-05 00:00:00-04:00,6.503606720328052,6.547352953872859,6.2119651633626685,6.2265472412109375,1652000,0.0,0.0
1996-08-06 00:00:00-04:00,6.226543283462524,6.226543283462524,6.080722597667149,6.124468803405762,2577600,0.0,0.0
1996-08-07 00:00:00-04:00,6.124471207739601,6.211963653564453,6.124471207739601,6.211963653564453,4215600,0.0,0.0
1996-08-08 00:00:00-04:00,6.168215009144374,6.197379146303449,6.124468803405762,6.124468803405762,3050800,0.0,0.0
1996-08-09 00:00:00-04:00,6.153635356347885,6.241127802172737,6.153635356347885,6.211963653564453,2506000,0.0,0.0
1996-08-12 00:00:00-04:00,6.182797821982814,6.182797821982814,6.124469540643354,6.168215751647949,1493200,0.0,0.0
1996-08-13 00:00:00-04:00,6.168216501948345,6.168216501948345,6.007813708753472,6.051559925079346,1601600,0.0,0.0
1996-08-14 00:00:00-04:00,6.06614351272583,6.109889739981065,6.036979361222341,6.06614351272583,1240000,0.0,0.0
1996-08-15 00:00:00-04:00,6.066144307454427,6.066144307454427,6.036980152130127,6.036980152130127,936800,0.0,0.0
1996-08-16 00:00:00-04:00,6.051559925079346,6.1098882135138455,6.036977852970721,6.051559925079346,1850800,0.0,0.0
1996-08-19 00:00:00-04:00,6.066144069607596,6.095308223788401,6.051561992517192,6.080726146697998,1723200,0.0,0.0
1996-08-20 00:00:00-04:00,6.095304666246687,6.139050871985299,6.080722597667149,6.124468803405762,1992000,0.0,0.0
1996-08-21 00:00:00-04:00,6.124472377969207,6.139054455059609,6.080726146697998,6.080726146697998,1342000,0.0,0.0
1996-08-22 00:00:00-04:00,6.09530830608224,6.182800769805908,6.09530830608224,6.182800769805908,1291200,0.0,0.0
1996-08-23 00:00:00-04:00,6.153636773427327,6.182800928751627,6.022398074467977,6.036980152130127,1493200,0.0,0.0
1996-08-26 00:00:00-04:00,6.022395832945661,6.051559977415132,5.93490339953725,5.978649616241455,1159600,0.0,0.0
1996-08-27 00:00:00-04:00,5.978652877154735,6.0078170375311,5.964070796966553,5.964070796966553,1609200,0.0,0.0
1996-08-28 00:00:00-04:00,5.978649754829594,5.978649754829594,5.876575246820309,5.920321464538574,5237200,0.0,0.0
1996-08-29 00:00:00-04:00,5.94609780465403,5.94609780465403,5.858224438082788,5.902161121368408,1498400,0.055,0.0
1996-08-30 00:00:00-04:00,5.887515993118287,5.902161555290222,5.858224868774414,5.858224868774414,1857200,0.0,0.0
1996-09-03 00:00:00-04:00,5.843582647949901,5.902164930134863,5.814291506857421,5.887519359588623,3028800,0.0,0.0
1996-09-04 00:00:00-04:00,5.88751457338024,5.88751457338024,5.843577897459492,5.87286901473999,2281200,0.0,0.0
1996-09-05 00:00:00-04:00,5.872871362983282,5.887516927479499,5.828934669494629,5.828934669494629,1927200,0.0,0.0
1996-09-06 00:00:00-04:00,5.843579306602479,5.94609824180603,5.843579306602479,5.858224868774414,2594800,0.0,0.0
1996-09-09 00:00:00-04:00,5.902163142743317,6.09255550218665,5.902163142743317,6.0632643699646,2212800,0.0,0.0
1996-09-10 00:00:00-04:00,6.033970250284731,6.0486158091446445,5.946096897125244,5.946096897125244,1689200,0.0,0.0
1996-09-11 00:00:00-04:00,5.975390973298445,6.107201068297676,5.975390973298445,6.0632643699646,1457600,0.0,0.0
1996-09-12 00:00:00-04:00,6.180426103768609,6.253653901206626,6.136489425305799,6.165780544281006,1545200,0.0,0.0
1996-09-13 00:00:00-04:00,6.16578022712885,6.32688137320585,6.16578022712885,6.297590255737305,2836400,0.0,0.0
1996-09-16 00:00:00-04:00,6.32688239312941,6.370819076415032,6.297591270938996,6.356173515319824,1748800,0.0,0.0
1996-09-17 00:00:00-04:00,6.209717766256893,6.253654448565315,6.1804266447179455,6.224363327026367,3175600,0.0,0.0
1996-09-18 00:00:00-04:00,6.224363295462679,6.224363295462679,6.195072174072266,6.195072174072266,1493600,0.0,0.0
1996-09-19 00:00:00-04:00,6.180426597595215,6.239008840226449,6.165781036937407,6.180426597595215,1411200,0.0,0.0
1996-09-20 00:00:00-04:00,6.23900842666626,6.25365398635327,6.19507174760523,6.23900842666626,1915600,0.0,0.0
1996-09-23 00:00:00-04:00,6.22436668052048,6.253657817840576,6.151138837220239,6.253657817840576,1292400,0.0,0.0
1996-09-24 00:00:00-04:00,6.224363295462679,6.268299977548297,6.1657810526818535,6.195072174072266,1011600,0.0,0.0
1996-09-25 00:00:00-04:00,6.195072174072266,6.209717734767472,6.18042661337706,6.195072174072266,1490000,0.0,0.0
1996-09-26 00:00:00-04:00,6.209715152005537,6.41475291645855,6.209715152005537,6.385461807250977,1916400,0.0,0.0
1996-09-27 00:00:00-04:00,6.400107361854763,6.400107361854763,6.32687958883583,6.385461807250977,1380800,0.0,0.0
1996-09-30 00:00:00-04:00,6.370819167657332,6.517274780706925,6.356173606352373,6.444046974182129,1306800,0.0,0.0
1996-10-01 00:00:00-04:00,6.458692138114672,6.605147742153553,6.458692138114672,6.517274379730225,2266800,0.0,0.0
1996-10-02 00:00:00-04:00,6.531920082243529,6.693021250191239,6.531920082243529,6.649084568023682,2556800,0.0,0.0
1996-10-03 00:00:00-04:00,6.64908644048179,6.7003459174458575,6.546567486553657,6.605149745941162,1300800,0.0,0.0
1996-10-04 00:00:00-04:00,6.663730191351545,6.795540239092565,6.619793508771205,6.707666873931885,1776400,0.0,0.0
1996-10-07 00:00:00-04:00,6.707665973009618,6.824830444153891,6.707665973009618,6.751602649688721,1104800,0.0,0.0
1996-10-08 00:00:00-04:00,6.751603493081316,6.751603493081316,6.634439007301163,6.649084568023682,998000,0.0,0.0
1996-10-09 00:00:00-04:00,6.868768122489716,6.941995927633529,6.751603634259614,6.780894756317139,4015600,0.0,0.0
1996-10-10 00:00:00-04:00,6.736956633530654,6.7808933072275925,6.722311075631675,6.766247749328613,1107200,0.0,0.0
1996-10-11 00:00:00-04:00,6.824831933810793,6.883414182169684,6.780895247541625,6.795540809631348,1211200,0.0,0.0
1996-10-14 00:00:00-04:00,6.810186928891121,6.912705871906686,6.810186928891121,6.8834147453308105,949200,0.0,0.0
1996-10-15 00:00:00-04:00,6.912704451575147,6.912704451575147,6.810185529623821,6.898058891296387,1227600,0.0,0.0
1996-10-16 00:00:00-04:00,6.912704883477627,6.912704883477627,6.810185955120967,6.854122638702393,998400,0.0,0.0
1996-10-17 00:00:00-04:00,6.883411139249802,7.073803362250328,6.854120028018952,7.029866695404053,1888800,0.0,0.0
1996-10-18 00:00:00-04:00,7.01522546957347,7.132389986810605,6.985934340264186,7.08845329284668,1778800,0.0,0.0
1996-10-21 00:00:00-04:00,7.029868534633092,7.029868534633092,6.941995177950178,6.971286296844482,1318800,0.0,0.0
1996-10-22 00:00:00-04:00,6.971284240039426,6.971284240039426,6.839474243904228,6.868765354156494,960800,0.0,0.0
1996-10-23 00:00:00-04:00,6.971288230129865,7.02987048416457,6.91270597609516,7.000579357147217,1627200,0.0,0.0
1996-10-24 00:00:00-04:00,7.000578809742192,7.015224372105669,6.927350997924805,6.927350997924805,1095600,0.0,0.0
1996-10-25 00:00:00-04:00,6.912705818470967,6.927351381645694,6.751604623548975,6.824832439422607,1966800,0.0,0.0
1996-10-28 00:00:00-05:00,6.824829924340341,6.824829924340341,6.722311019897461,6.722311019897461,972400,0.0,0.0
1996-10-29 00:00:00-05:00,6.751604249563076,6.941996560288282,6.693022000109166,6.927350997924805,2612000,0.0,0.0
1996-10-30 00:00:00-05:00,6.95664113241143,6.971286692690191,6.868767770738865,6.898058891296387,1584000,0.0,0.0
1996-10-31 00:00:00-05:00,6.898058891296387,6.912704451575147,6.839476650181343,6.898058891296387,1897600,0.0,0.0
1996-11-01 00:00:00-05:00,6.956643581390381,7.015225843128405,6.941998015955876,6.956643581390381,1674800,0.0,0.0
1996-11-04 00:00:00-05:00,6.971287220339232,6.9859327817265,6.92735053617743,6.941996097564697,703600,0.0,0.0
1996-11-05 00:00:00-05:00,7.000579030479634,7.205616910033431,7.000579030479634,7.161680221557617,2433600,0.0,0.0
1996-11-06 00:00:00-05:00,7.190966249473633,7.293485116574072,7.161675144587794,7.264194011688232,1798800,0.0,0.0
1996-11-07 00:00:00-05:00,7.220263127541211,7.396009897379942,7.205617563387983,7.366718769073486,1775600,0.0,0.0
1996-11-08 00:00:00-05:00,7.366713164359566,7.542459800487428,7.352067611348911,7.439940929412842,2656400,0.0,0.0
1996-11-11 00:00:00-05:00,7.439940834802294,7.469231940451122,7.366713070680224,7.381358623504639,620400,0.0,0.0
1996-11-12 00:00:00-05:00,7.381364333226714,7.425301025686397,7.352073204920259,7.366718769073486,1124000,0.0,0.0
1996-11-13 00:00:00-05:00,7.33742822680557,7.513175010681152,7.322782661482605,7.513175010681152,775600,0.0,0.0
1996-11-14 00:00:00-05:00,7.498525181633025,7.615689637596041,7.483879624637648,7.527816295623779,1574000,0.0,0.0
1996-11-15 00:00:00-05:00,7.557107409614533,7.586398523605287,7.469234067642271,7.527816295623779,1422800,0.0,0.0
1996-11-18 00:00:00-05:00,7.498526149120146,7.571753943545147,7.469235031350145,7.542462825775146,1362400,0.0,0.0
1996-11-19 00:00:00-05:00,7.513175010681152,7.615693967941909,7.483883880035222,7.513175010681152,1835200,0.0,0.0
1996-11-20 00:00:00-05:00,7.513173147689464,7.557109832763672,7.425299777541049,7.557109832763672,1057200,0.0,0.0
1996-11-21 00:00:00-05:00,7.542466680897912,7.615694512751291,7.513175548156561,7.601048946380615,646400,0.0,0.0
1996-11-22 00:00:00-05:00,7.601046762591679,7.835375757199515,7.586401200428689,7.806084632873535,1318800,0.0,0.0
1996-11-25 00:00:00-05:00,7.776791335028761,8.011120264144505,7.776791335028761,7.967183589935303,1666400,0.0,0.0
1996-11-26 00:00:00-05:00,7.967183589935303,8.040411380283974,7.791436893098495,7.967183589935303,1896400,0.0,0.0
1996-11-27 00:00:00-05:00,7.948964449143102,8.05181611484366,7.934271354043022,7.978350639343262,982000,0.055,0.0
1996-11-29 00:00:00-05:00,8.007735587125287,8.051814865586527,8.007735587125287,8.037121772766113,550800,0.0,0.0
1996-12-02 00:00:00-05:00,8.00773649691654,8.00773649691654,7.875498646508744,7.948964118957519,980400,0.0,0.0
1996-12-03 00:00:00-05:00,7.978349929007982,8.037122304175629,7.816725897296955,7.831418991088867,1014800,0.0,0.0
1996-12-04 00:00:00-05:00,7.831422480628604,7.860808681306385,7.596332875206357,7.71387767791748,1446800,0.0,0.0
1996-12-05 00:00:00-05:00,7.728567312348564,7.875498249845685,7.728567312348564,7.787339687347412,944400,0.0,0.0
1996-12-06 00:00:00-05:00,7.669793467485268,7.743258922154666,7.552248740014229,7.699179649353027,1353200,0.0,0.0
1996-12-09 00:00:00-05:00,7.728569669560644,7.78734206248506,7.684490374867332,7.743262767791748,1082400,0.0,0.0
1996-12-10 00:00:00-05:00,7.757960011297306,7.772653117379308,7.713880693051299,7.728573799133301,737200,0.0,0.0
1996-12-11 00:00:00-05:00,7.655102729797363,7.71387511160003,7.640409634346697,7.655102729797363,1573600,0.0,0.0
1996-12-12 00:00:00-05:00,7.669796273314837,7.684489369623869,7.552251502842579,7.566944599151611,1232000,0.0,0.0
1996-12-13 00:00:00-05:00,7.522869412626934,7.611028038556157,7.508176308305398,7.596334934234619,1696000,0.0,0.0
1996-12-16 00:00:00-05:00,7.56694238315257,7.669794027195421,7.552249291146449,7.581635475158691,1624800,0.0,0.0
1996-12-17 00:00:00-05:00,7.552249863292231,7.802032446319407,7.537556770172986,7.75795316696167,2828000,0.0,0.0
1996-12-18 00:00:00-05:00,7.787342401308433,7.890194093401186,7.787342401308433,7.8608078956604,1787200,0.0,0.0
1996-12-19 00:00:00-05:00,7.860808217103698,7.919580614988586,7.831422018161255,7.890194416046143,1349200,0.0,0.0
1996-12-20 00:00:00-05:00,8.081204054960564,8.081204054960564,7.84611448245262,7.875500679016113,2887600,0.0,0.0
1996-12-23 00:00:00-05:00,7.846116537517972,8.00774066094999,7.846116537517972,7.934275150299072,884800,0.0,0.0
1996-12-24 00:00:00-05:00,7.963657379150391,7.978350473945871,7.934271189559429,7.963657379150391,600800,0.0,0.0
1996-12-26 00:00:00-05:00,7.963659757143492,8.022432153875178,7.904887360411806,7.919580459594727,1451600,0.0,0.0
1996-12-27 00:00:00-05:00,7.919579342838556,7.948965537060592,7.875500051505504,7.904886245727539,1043200,0.0,0.0
1996-12-30 00:00:00-05:00,7.934271024467764,7.993043402426784,7.934271024467764,7.948964118957519,820800,0.0,0.0
1996-12-31 00:00:00-05:00,7.97834990609367,8.022429187342805,7.787339687347412,7.787339687347412,1081600,0.0,0.0
1997-01-02 00:00:00-05:00,7.802032781097124,7.816725874846837,7.69918112484914,7.787339687347412,1890000,0.0,0.0
1997-01-03 00:00:00-05:00,7.846112457529234,8.051815780385805,7.846112457529234,7.948964118957519,1678800,0.0,0.0
1997-01-06 00:00:00-05:00,7.948964118957519,8.110588158344825,7.934271024467764,7.948964118957519,1603200,0.0,0.0
1997-01-07 00:00:00-05:00,7.904883912381004,8.051814840120429,7.8608046340591775,7.993042469024658,1574000,0.0,0.0
1997-01-08 00:00:00-05:00,7.993044828393645,8.007737925504664,7.875500051505504,7.904886245727539,992400,0.0,0.0
1997-01-09 00:00:00-05:00,7.904889255488685,8.00774097442627,7.904889255488685,8.00774097442627,724800,0.0,0.0
1997-01-10 00:00:00-05:00,7.890191905172988,7.978350473945871,7.831419525991066,7.963657379150391,996800,0.0,0.0
1997-01-13 00:00:00-05:00,7.963656474203959,8.051815032958984,7.919577194826447,8.051815032958984,1188800,0.0,0.0
1997-01-14 00:00:00-05:00,8.139978717654625,8.301602843817443,8.139978717654625,8.257523536682129,1428400,0.0,0.0
1997-01-15 00:00:00-05:00,8.316290709224061,8.316290709224061,8.02242884670731,8.051815032958984,876000,0.0,2.0
1997-01-16 00:00:00-05:00,8.081204107952463,8.169362698221034,7.99304551768389,8.139976501464844,456200,0.0,0.0
1997-01-17 00:00:00-05:00,8.257523529966113,8.375068348898013,8.257523529966113,8.345682144165039,1825200,0.0,0.0
1997-01-20 00:00:00-05:00,8.463225691285853,8.668929093504605,8.463225691285853,8.580770492553711,1202200,0.0,0.0
1997-01-21 00:00:00-05:00,8.551383057025948,8.757086429531727,8.463224468809186,8.727700233459473,1846200,0.0,0.0
1997-01-22 00:00:00-05:00,8.815859179747733,8.96279016607686,8.75708678521608,8.933403968811035,1760600,0.0,0.0
1997-01-23 00:00:00-05:00,8.845245993932089,9.021563189824422,8.8158597946167,8.8158597946167,1880400,0.0,0.0
1997-01-24 00:00:00-05:00,8.815859148166323,8.904017739647987,8.698314359524106,8.757086753845215,2232200,0.0,0.0
1997-01-27 00:00:00-05:00,8.698310852050781,8.757083222672746,8.610152296117835,8.698310852050781,1142600,0.0,0.0
1997-01-28 00:00:00-05:00,8.786472274988585,8.815858469888212,8.61015510559082,8.61015510559082,1590000,0.0,0.0
1997-01-29 00:00:00-05:00,8.521996223320395,8.668927192687988,8.492610029446876,8.668927192687988,722200,0.0,0.0
1997-01-30 00:00:00-05:00,8.904019993662045,8.992178607460678,8.81586137986341,8.8746337890625,1890200,0.0,0.0
1997-01-31 00:00:00-05:00,8.904016197704879,9.139105734277944,8.845243813561611,8.962788581848145,964200,0.0,0.0
1997-02-03 00:00:00-05:00,9.02155876159668,9.109717316270263,8.933400206923096,9.02155876159668,1215600,0.0,0.0
1997-02-04 00:00:00-05:00,9.02155753323947,9.139102256799593,8.904012809679346,9.080329895019531,1334200,0.0,0.0
1997-02-05 00:00:00-05:00,9.344808038564828,9.668056115370533,9.344808038564828,9.550511360168455,19685800,0.0,0.0
1997-02-06 00:00:00-05:00,9.550510786224644,9.81498646953548,9.521124599190106,9.668055534362791,6751400,0.0,0.0
1997-02-07 00:00:00-05:00,9.814985945111228,9.991303057897658,9.57989646139599,9.87375831604004,4166200,0.0,0.0
1997-02-10 00:00:00-05:00,9.785606062590189,9.873764675766674,9.756219858198024,9.844378471374512,1422800,0.0,0.0
1997-02-11 00:00:00-05:00,9.903156996489288,9.96192944157231,9.668067216157198,9.785612106323242,2296600,0.0,0.0
1997-02-12 00:00:00-05:00,9.726825302893962,9.756211482056784,9.579894407079856,9.609280586242676,3862400,0.0,0.0
1997-02-13 00:00:00-05:00,9.6386688323248,9.961916872433251,9.6386688323248,9.87375831604004,4179000,0.0,0.0
1997-02-14 00:00:00-05:00,9.873756476208172,10.05007355614046,9.785597936242027,9.961915016174316,4492800,0.0,0.0
1997-02-18 00:00:00-05:00,10.020692247083815,10.226395606994627,10.020692247083815,10.226395606994627,3116600,0.0,0.0
1997-02-19 00:00:00-05:00,10.167623863220214,10.343941040039065,10.108851470947265,10.285168647766112,4219600,0.0,0.0
1997-02-20 00:00:00-05:00,10.138236312305226,10.197008696724389,9.932532966838163,9.991305351257324,3363000,0.0,0.0
1997-02-21 00:00:00-05:00,9.99130393519546,9.99130393519546,9.63866967865915,9.697442054748535,1755400,0.0,0.0
1997-02-24 00:00:00-05:00,9.462352793766902,9.609283737769491,9.462352793766902,9.550511360168455,1915800,0.0,0.0
1997-02-25 00:00:00-05:00,9.638669347328255,9.668055534362791,9.57989697325918,9.668055534362791,1909600,0.0,0.0
1997-02-26 00:00:00-05:00,9.60928432963719,9.697442901468722,9.256650042311051,9.43296718597412,2992000,0.0,0.0
1997-02-27 00:00:00-05:00,9.465996869198689,9.524975042838554,9.08263874053955,9.08263874053955,2109000,0.07,0.0
1997-02-28 00:00:00-05:00,8.994170105030172,9.25957184583434,8.964681022718597,9.05314826965332,2420000,0.0,0.0
1997-03-03 00:00:00-05:00,9.053147863514416,9.377527754389526,8.964680620548476,9.34803867340088,1675800,0.0,0.0
1997-03-04 00:00:00-05:00,9.436512482471954,9.436512482471954,9.171110568902431,9.200599670410156,1386400,0.0,0.0
1997-03-05 00:00:00-05:00,9.259574070155065,9.465997695922852,9.230084980759663,9.465997695922852,2412200,0.0,0.0
1997-03-06 00:00:00-05:00,9.465999386127178,9.642933954092172,9.436510291466346,9.583955764770508,2063000,0.0,0.0
1997-03-07 00:00:00-05:00,9.583950713276865,9.583950713276865,9.407016238570211,9.436505317687988,1089400,0.0,0.0
1997-03-10 00:00:00-05:00,9.377526722731634,9.407015800476074,9.23008133400944,9.407015800476074,1527800,0.0,0.0
1997-03-11 00:00:00-05:00,9.40702277533016,9.5249791737669,9.40702277533016,9.495490074157717,1393400,0.0,0.0
1997-03-12 00:00:00-05:00,9.465994997355464,9.58395132131005,9.318549592412232,9.34803867340088,2757600,0.0,0.0
1997-03-13 00:00:00-05:00,9.230080892218918,9.289059044884851,8.93519012888924,8.994168281555176,2053400,0.0,0.0
1997-03-14 00:00:00-05:00,8.964684172599547,9.17110782131072,8.935195079926523,9.141618728637695,1843000,0.0,0.0
1997-03-17 00:00:00-05:00,9.14161894056532,9.14161894056532,8.87621710035536,9.023662567138672,1559400,0.0,0.0
1997-03-18 00:00:00-05:00,8.905702314794263,8.935191395306827,8.699278751206318,8.758256912231445,1681400,0.0,0.0
1997-03-19 00:00:00-05:00,8.669792627033434,8.994172623282985,8.669792627033434,8.964683532714844,1333400,0.0,0.0
1997-03-20 00:00:00-05:00,8.964682673776387,8.994171761519071,8.81723723506296,8.905704498291016,1190000,0.0,0.0
1997-03-21 00:00:00-05:00,9.053148186322554,9.14161543244297,8.994170022242278,9.112126350402832,1664000,0.0,0.0
1997-03-24 00:00:00-05:00,9.023657357888144,9.023657357888144,8.876211976223304,8.994168281555176,1492600,0.0,0.0
1997-03-25 00:00:00-05:00,8.905705351578561,9.17110716669183,8.905705351578561,8.964683532714844,1356600,0.0,0.0
1997-03-26 00:00:00-05:00,8.964683839938784,8.964683839938784,8.728771107308816,8.787749290466309,1308200,0.0,0.0
1997-03-27 00:00:00-05:00,8.758257776498795,8.84672502676646,8.404388775428137,8.4928560256958,1630000,0.0,0.0
1997-03-31 00:00:00-05:00,8.433878744802167,8.463367831322454,8.16847696611958,8.227455139160156,2576000,0.0,0.0
1997-04-01 00:00:00-05:00,8.227453124766447,8.66978931427002,8.19796404546621,8.66978931427002,3198400,0.0,0.0
1997-04-02 00:00:00-05:00,8.492857559867527,8.522346648617066,8.050521228624426,8.138988494873047,3806600,0.0,0.0
1997-04-03 00:00:00-05:00,8.10949661175133,8.522343711985943,8.080007533163144,8.46336555480957,2756000,0.0,0.0
1997-04-04 00:00:00-05:00,8.404387525610021,8.728767395019531,8.374898446572793,8.728767395019531,1935200,0.0,0.0
1997-04-07 00:00:00-04:00,8.758260198887562,8.846727473623801,8.64030383257258,8.787749290466309,933200,0.0,0.0
1997-04-08 00:00:00-04:00,8.787745553093988,8.817234632131216,8.669789236945075,8.728767395019531,1535000,0.0,0.0
1997-04-09 00:00:00-04:00,8.846725205243644,8.876214289261123,8.669790701138771,8.69927978515625,1155800,0.0,0.0
1997-04-10 00:00:00-04:00,8.728768605199354,8.728768605199354,8.52234502331964,8.551834106445312,1386600,0.0,0.0
1997-04-11 00:00:00-04:00,8.404390432809352,8.43387952204728,8.256944986619713,8.345412254333496,1974800,0.0,0.0
1997-04-14 00:00:00-04:00,8.345410608583027,8.4928560256958,8.286432441737917,8.4928560256958,898200,0.0,0.0
1997-04-15 00:00:00-04:00,8.610812797678383,8.669790967525495,8.463367373060603,8.522345542907715,1502000,0.0,0.0
1997-04-16 00:00:00-04:00,8.463366857068293,8.551834106445312,8.374899607691273,8.551834106445312,960400,0.0,0.0
1997-04-17 00:00:00-04:00,8.551828836657338,8.699274161427292,8.522339771703347,8.581317901611328,1020200,0.0,0.0
1997-04-18 00:00:00-04:00,8.610816955566406,8.669795153892203,8.610816955566406,8.610816955566406,741800,0.0,0.0
1997-04-21 00:00:00-04:00,8.6108149344461,8.6108149344461,8.28643491979231,8.404391288757324,2314800,0.0,0.0
1997-04-22 00:00:00-04:00,8.404388690816946,8.551834106445312,8.28643235831425,8.551834106445312,810200,0.0,0.0
1997-04-23 00:00:00-04:00,8.551836749963593,8.551836749963593,8.345413104274817,8.404391288757324,682600,0.0,0.0
1997-04-24 00:00:00-04:00,8.345407996617311,8.404386145003299,8.138984477266353,8.315918922424316,1637200,0.0,0.0
1997-04-25 00:00:00-04:00,8.28643331220073,8.315922398721018,8.16847696611958,8.227455139160156,2060600,0.0,0.0
1997-04-28 00:00:00-04:00,8.227451699845334,8.404386145003299,8.227451699845334,8.315918922424316,934000,0.0,0.0
1997-04-29 00:00:00-04:00,8.55183544537879,9.08263902474713,8.522346357636104,8.905704498291016,1699200,0.0,0.0
1997-04-30 00:00:00-04:00,8.758260726928711,9.200597127278646,8.758260726928711,9.023662567138672,1749800,0.0,0.0
1997-05-01 00:00:00-04:00,8.99417347378201,9.171108033921984,8.935195287068685,9.023662567138672,1001600,0.0,0.0
1997-05-02 00:00:00-04:00,9.023660295328517,9.37752932651787,8.99417120939607,9.259572982788086,938400,0.0,0.0
1997-05-05 00:00:00-04:00,9.318547487997048,9.554460082629886,9.289058413667943,9.52497100830078,1130600,0.0,0.0
1997-05-06 00:00:00-04:00,9.465994396805764,9.554461634159088,9.37752715945244,9.436505317687988,731000,0.0,0.0
1997-05-07 00:00:00-04:00,9.436509655367944,9.436509655367944,9.11212963596467,9.141618728637695,832800,0.0,0.0
1997-05-08 00:00:00-04:00,9.053154162871532,9.318556076441055,9.053154162871532,9.200599670410156,866400,0.0,0.0
1997-05-09 00:00:00-04:00,9.318553500705296,9.318553500705296,9.14161894056532,9.289064407348633,920200,0.0,0.0
1997-05-12 00:00:00-04:00,9.318553816597417,9.40702109966638,9.289064722241095,9.37753200531006,777000,0.0,0.0
1997-05-13 00:00:00-04:00,9.407020780775282,9.407020780775282,9.230086220635307,9.289064407348633,702800,0.0,0.0
1997-05-14 00:00:00-04:00,9.377527754389526,9.49548407834411,9.318549592412232,9.34803867340088,759200,0.0,0.0
1997-05-15 00:00:00-04:00,9.318549592412232,9.377527754389526,9.289060511423584,9.34803867340088,1028400,0.0,0.0
1997-05-16 00:00:00-04:00,9.377530826166414,9.377530826166414,9.200596282276482,9.230085372924805,974200,0.0,0.0
1997-05-19 00:00:00-04:00,9.259575627884775,9.40702109966638,9.259575627884775,9.37753200531006,645400,0.0,0.0
1997-05-20 00:00:00-04:00,9.31855054017974,9.672419548034668,9.23008328821601,9.672419548034668,1325000,0.0,0.0
1997-05-21 00:00:00-04:00,9.67242132169064,9.790377679272233,9.436508606527452,9.465997695922852,1356200,0.0,0.0
1997-05-22 00:00:00-04:00,9.499145984649658,9.499145984649658,9.351184209187824,9.41036891937256,1152200,0.07,0.0
1997-05-23 00:00:00-04:00,9.439954119957298,9.706285113937284,9.439954119957298,9.647100448608398,454200,0.0,0.0
1997-05-27 00:00:00-04:00,9.587917852839198,9.735879548099062,9.528733174735253,9.676694869995115,1288600,0.0,0.0
1997-05-28 00:00:00-04:00,9.706288886070253,9.706288886070253,9.41036544442177,9.469550132751465,949600,0.0,0.0
1997-05-29 00:00:00-04:00,9.52873139727379,9.558323730805697,9.380769729614258,9.380769729614258,939800,0.0,0.0
1997-05-30 00:00:00-04:00,9.291989877999546,9.854244042591876,9.291989877999546,9.824651718139648,1413200,0.0,0.0
1997-06-02 00:00:00-04:00,9.88384530602432,10.002214710886886,9.676698847514828,9.706291198730469,1758200,0.0,0.0
1997-06-03 00:00:00-04:00,9.765467069235193,9.854244042591876,9.706282420330735,9.824651718139648,2114000,0.0,0.0
1997-06-04 00:00:00-04:00,9.824656834859336,9.972618534179505,9.765472155131263,9.883841514587402,2723600,0.0,0.0
1997-06-05 00:00:00-04:00,9.824656924079443,10.09098798527437,9.824656924079443,10.061395645141602,1906400,0.0,0.0
1997-06-06 00:00:00-04:00,10.061390849522182,10.41649876185826,10.061390849522182,10.357314109802246,2282800,0.0,0.0
1997-06-09 00:00:00-04:00,10.386904113146723,10.416496432557398,10.09098091903998,10.150165557861328,2160600,0.0,0.0
1997-06-10 00:00:00-04:00,10.17976397085881,10.238948645107987,10.09098695948504,10.209356307983398,3448000,0.0,0.0
1997-06-11 00:00:00-04:00,10.238951069185104,10.327728101576882,10.17976638092392,10.298135757446287,2763400,0.0,0.0
1997-06-12 00:00:00-04:00,10.32772475949834,10.65324043959714,10.268540090389466,10.534871101379396,4484000,0.0,0.0
1997-06-13 00:00:00-04:00,10.653244854652716,10.801206588745115,10.653244854652716,10.801206588745115,3227800,0.0,0.0
1997-06-16 00:00:00-04:00,10.771613396538628,10.801205741034613,10.6236516740587,10.653244018554688,3057600,0.0,0.0
1997-06-17 00:00:00-04:00,10.534865768262128,10.653235046557208,10.416496489967049,10.594050407409668,2478400,0.0,0.0
1997-06-18 00:00:00-04:00,10.623652791052312,10.71242983387448,10.56446809583754,10.68283748626709,2193000,0.0,0.0
1997-06-19 00:00:00-04:00,10.682830209317414,10.978753483813742,10.653237881867785,10.889976501464844,2626400,0.0,0.0
1997-06-20 00:00:00-04:00,10.88997836279166,11.067532357837177,10.860386030284074,11.03794002532959,3066400,0.0,0.0
1997-06-23 00:00:00-04:00,11.06753684149848,11.06753684149848,10.653244018554688,10.653244018554688,1569400,0.0,0.0
1997-06-24 00:00:00-04:00,10.77161224983834,10.949166297912598,10.68283522580121,10.949166297912598,1975600,0.0,0.0
1997-06-25 00:00:00-04:00,10.949163305890428,11.008347972408757,10.623647640039632,10.77160930633545,1998000,0.0,0.0
1997-06-26 00:00:00-04:00,10.742012005278518,10.83078896399983,10.475681129114587,10.594050407409668,2296800,0.0,0.0
1997-06-27 00:00:00-04:00,10.54966988194638,10.653243078543326,10.312931146867635,10.32772731781006,3160400,0.0,0.0
1997-06-30 00:00:00-04:00,10.386906353932506,10.490479494213885,10.19455623626709,10.19455623626709,2626400,0.0,0.0
1997-07-01 00:00:00-04:00,10.357313991753548,10.63844108581543,10.327721666062825,10.63844108581543,3221600,0.0,0.0
1997-07-02 00:00:00-04:00,10.54967482171091,10.889986912733844,10.54967482171091,10.87519073486328,1937600,0.0,0.0
1997-07-03 00:00:00-04:00,10.889980753745466,11.230292652300012,10.801203736731235,10.963961601257324,1655600,0.0,0.0
1997-07-07 00:00:00-04:00,10.919572387841033,10.949164724935452,10.742018365274513,10.84559154510498,1821800,0.0,0.0
1997-07-08 00:00:00-04:00,10.712424054171873,10.904774209840705,10.69762788835119,10.830793380737305,2613400,0.0,0.0
1997-07-09 00:00:00-04:00,10.815999031066896,10.963960714118423,10.727222021235976,10.815999031066896,2634000,0.0,0.0
1997-07-10 00:00:00-04:00,10.864084839820862,10.953134715557098,10.819559901952744,10.92345142364502,2499800,0.07,0.0
1997-07-11 00:00:00-04:00,10.864084898306922,11.146076172989751,10.834401606235044,11.07186794281006,3257200,0.0,0.0
1997-07-14 00:00:00-04:00,11.101552167884734,11.101552167884734,10.834402516785904,10.997660636901855,2018800,0.0,0.0
1997-07-15 00:00:00-04:00,11.057031644444889,11.086714950872928,10.834406846234588,10.908615112304688,2527000,0.0,0.0
1997-07-16 00:00:00-04:00,10.908613398792298,11.071871558502114,10.878930097026876,10.95313835144043,4209200,0.0,0.0
1997-07-17 00:00:00-04:00,10.95313127350744,11.205439175471705,10.864081425755346,11.190597534179688,5077000,0.0,0.0
1997-07-18 00:00:00-04:00,11.160919084509596,11.160919084509596,10.775036243821765,10.789877891540527,3771000,0.0,0.0
1997-07-21 00:00:00-04:00,10.775034934486149,10.8492431640625,10.611776829418178,10.8492431640625,2875000,0.0,0.0
1997-07-22 00:00:00-04:00,10.760191186269124,11.146073904673258,10.760191186269124,11.131232261657717,3387600,0.0,0.0
1997-07-23 00:00:00-04:00,11.19060763205576,11.339024178900004,11.131241013318064,11.249974250793455,2583400,0.0,0.0
1997-07-24 00:00:00-04:00,11.264806066062956,11.442905766712174,11.16091457401758,11.383539199829102,2170200,0.0,0.0
1997-07-25 00:00:00-04:00,11.428064783823858,11.53195628185862,11.339014928365492,11.517114639282228,1964200,0.0,0.0
1997-07-28 00:00:00-04:00,11.56163827089163,11.621004834541909,11.517113348153922,11.5764799118042,1354600,0.0,0.0
1997-07-29 00:00:00-04:00,11.59132363679783,11.606165280378876,11.457748844568403,11.546798706054688,1681600,0.0,0.0
1997-07-30 00:00:00-04:00,11.635847963879456,11.858472606045517,11.621006321068386,11.813947677612305,2473200,0.0,0.0
1997-07-31 00:00:00-04:00,11.813951849227012,12.61540084402382,11.79911020117522,12.452142715454102,7165200,0.0,0.0
1997-08-01 00:00:00-04:00,12.466982243734114,12.526348825847132,12.229515915282034,12.407615661621094,3532200,0.0,0.0
1997-08-04 00:00:00-04:00,12.407617771298725,12.466984363505894,12.244359642729002,12.452142715454102,3340200,0.0,0.0
1997-08-05 00:00:00-04:00,12.437300011376356,12.748974594000344,12.348250130626642,12.704449653625488,2597000,0.0,0.0
1997-08-06 00:00:00-04:00,12.67476561682882,12.823182076042272,12.511507511694022,12.748973846435549,1819600,0.0,0.0
1997-08-07 00:00:00-04:00,12.748973754909931,12.808340338169115,12.511507421873192,12.526349067687988,2943400,0.0,0.0
1997-08-08 00:00:00-04:00,12.348249608015516,12.912232162227763,12.318566315688557,12.793498992919922,4697600,0.0,0.0
1997-08-11 00:00:00-04:00,12.466984260373,12.79350051481134,12.466984260373,12.778658866882324,5459800,0.0,0.0
1997-08-12 00:00:00-04:00,12.823184870408154,12.823184870408154,12.27404385165225,12.30372714996338,3516000,0.0,0.0
1997-08-13 00:00:00-04:00,12.511508875998896,12.541192171078372,11.992051212108075,12.288884162902832,2571400,0.0,0.0
1997-08-14 00:00:00-04:00,12.348254394531253,12.452145957946778,12.170154571533203,12.318571090698242,1450400,0.0,0.0
1997-08-15 00:00:00-04:00,12.318563353746455,12.318563353746455,11.828789148115574,11.84363079071045,1967000,0.0,0.0
1997-08-18 00:00:00-04:00,11.813954159711376,11.903004065437846,11.36870463107904,11.769429206848145,3496200,0.0,0.0
1997-08-19 00:00:00-04:00,11.858472460522504,12.496663093566896,11.858472460522504,12.496663093566896,2299600,0.0,0.0
1997-08-20 00:00:00-04:00,12.49666789775723,12.645084381103516,12.40761800774946,12.645084381103516,1902600,0.0,0.0
1997-08-21 00:00:00-04:00,12.645077873678767,12.67476115507238,12.25919521556181,12.363086700439451,2094000,0.0,0.0
1997-08-22 00:00:00-04:00,11.8436347367107,12.30372581044257,11.576485080995422,12.288884162902832,3202600,0.0,0.0
1997-08-25 00:00:00-04:00,12.274044163227082,12.333410761356353,11.843636326789856,11.873319625854492,1172000,0.0,0.0
1997-08-26 00:00:00-04:00,11.87331697266841,12.095941665905944,11.828792034020903,11.917841911315918,1600000,0.0,0.0
1997-08-27 00:00:00-04:00,11.858479112574612,11.932687367346668,11.398387932987864,11.769429206848145,2921600,0.0,0.0
1997-08-28 00:00:00-04:00,11.769432493902752,11.769432493902752,11.502282702111769,11.561649322509766,2092000,0.0,0.0
1997-08-29 00:00:00-04:00,11.606166956022188,11.621008601746,11.413225561612611,11.428067207336426,1363000,0.0,0.0
1997-09-02 00:00:00-04:00,11.457749825936776,12.051415620026765,11.442908181084528,12.021732330322266,1845000,0.0,0.0
1997-09-03 00:00:00-04:00,12.02173462337395,12.199834395572084,11.932684737274885,12.036576271057127,1695200,0.0,0.0
1997-09-04 00:00:00-04:00,12.006888084640046,12.392770767211914,11.962363159727907,12.392770767211914,1609400,0.0,0.0
1997-09-05 00:00:00-04:00,12.466982695222631,12.496665987354117,11.917841790790206,12.095941543579102,1768000,0.0,0.0
1997-09-08 00:00:00-04:00,12.155306992361568,12.244356860437476,12.081098768964976,12.12562370300293,1332200,0.0,0.0
1997-09-09 00:00:00-04:00,11.992049460317574,12.214674140892775,11.962366169574214,12.110782623291016,1041200,0.0,0.0
1997-09-10 00:00:00-04:00,12.02173405680163,12.244358761557216,12.02173405680163,12.051417350769045,2584800,0.0,0.0
1997-09-11 00:00:00-04:00,12.051409760102404,12.11077631064478,11.561635718127798,11.695210456848145,2706800,0.0,0.0
1997-09-12 00:00:00-04:00,11.962366169574214,12.140465914034376,11.724899843627332,12.110782623291016,2439800,0.0,0.0
1997-09-15 00:00:00-04:00,12.0514177588204,12.25920082362765,12.006892816361706,12.140467643737791,1508800,0.0,0.0
1997-09-16 00:00:00-04:00,12.377930797942698,13.060646405503086,12.333405867014848,13.001279830932615,2431200,0.0,0.0
1997-09-17 00:00:00-04:00,13.001280571586898,13.209063594420478,12.927072349146332,12.95675563812256,2506000,0.0,0.0
1997-09-18 00:00:00-04:00,13.149694907052176,13.209061475481306,12.80833713858468,12.98643684387207,1907200,0.0,0.0
1997-09-19 00:00:00-04:00,13.060648971729064,13.209065437316896,12.882549213023667,13.209065437316896,2978200,0.0,0.0
1997-09-22 00:00:00-04:00,13.298110843628876,13.491052183994029,13.194219352663026,13.402002334594728,2184800,0.0,0.0
1997-09-23 00:00:00-04:00,13.416851405990856,13.446534705561634,13.120018410283096,13.283276557922363,2662000,0.0,0.0
1997-09-24 00:00:00-04:00,13.41684424759397,13.802726936130965,13.41684424759397,13.52073574066162,4215000,0.0,0.0
1997-09-25 00:00:00-04:00,13.505896316663652,13.580104538183784,13.238746719191186,13.387163162231444,2161600,0.0,0.0
1997-09-26 00:00:00-04:00,13.387165041937344,13.550423152204871,13.253590224445729,13.31295680999756,1792800,0.0,0.0
1997-09-29 00:00:00-04:00,13.283276336263368,13.283276336263368,12.971601695971154,13.09033489227295,2041000,0.0,0.0
1997-09-30 00:00:00-04:00,13.06064786525131,13.06064786525131,12.778656604524294,12.83802318572998,2886000,0.0,0.0
1997-10-01 00:00:00-04:00,12.852867328393582,12.97160051387528,12.76381743928231,12.89739227294922,4452000,0.0,0.0
1997-10-02 00:00:00-04:00,12.882555914354754,13.238755617055809,12.867714260075545,13.179388999938965,3695200,0.0,0.0
1997-10-03 00:00:00-04:00,13.624635876349682,13.624635876349682,13.075494778936896,13.37232780456543,3361600,0.0,0.0
1997-10-06 00:00:00-04:00,13.416846450839495,13.44652973944755,13.268430007799235,13.387163162231444,1539400,0.0,0.0
1997-10-07 00:00:00-04:00,13.416849663917056,13.951148986816406,13.416849663917056,13.951148986816406,2539400,0.0,0.0
1997-10-08 00:00:00-04:00,13.862099202889503,13.876940850858336,13.53558294757519,13.624632835388184,1400200,0.0,0.0
1997-10-09 00:00:00-04:00,13.405033406402383,13.553812911467894,13.286009802349977,13.330643653869627,2663400,0.07,0.0
1997-10-10 00:00:00-04:00,13.211620008260043,13.360399512857567,13.137230255961285,13.196742057800291,1123400,0.0,0.0
1997-10-13 00:00:00-04:00,13.256253928672978,13.464545236194214,13.18186417598682,13.41991138458252,1709800,0.0,0.0
1997-10-14 00:00:00-04:00,13.553813106015111,13.98527367689814,13.405033598814066,13.977834701538086,3368200,0.0,0.0
1997-10-15 00:00:00-04:00,13.806738494008714,13.821616444972086,13.524057425704656,13.657958984375,1699800,0.0,0.0
1997-10-16 00:00:00-04:00,13.776978875272102,13.881124503918867,13.033081527795206,13.315762519836426,2024200,0.0,0.0
1997-10-17 00:00:00-04:00,13.062841415405272,13.226498881885291,12.661136724954314,13.062841415405272,2258800,0.0,0.0
1997-10-20 00:00:00-04:00,12.884305997427068,13.107475269899824,12.795038288437969,13.062841415405272,1361200,0.0,0.0
1997-10-21 00:00:00-04:00,13.122351071225154,13.271130561828612,13.077717224044116,13.271130561828612,1635000,0.0,0.0
1997-10-22 00:00:00-04:00,13.256254170304638,13.33064392434675,12.973573104944606,13.166986465454102,1481800,0.0,0.0
1997-10-23 00:00:00-04:00,12.95869281256047,12.973570760680516,12.631377953919449,12.839669227600098,1214400,0.0,0.0
1997-10-24 00:00:00-04:00,13.06284297535978,13.06284297535978,12.52723665746348,12.824795722961426,1963000,0.0,0.0
1997-10-27 00:00:00-05:00,12.795033095849869,12.824788986770448,11.113825258837036,11.26260471343994,2203400,0.0,0.0
1997-10-28 00:00:00-05:00,10.622857159581676,12.259431792010227,10.47407764754272,12.080896377563477,5828200,0.0,0.0
1997-10-29 00:00:00-05:00,11.932116508483888,12.423088883521254,11.75358109937939,11.932116508483888,3077000,0.0,0.0
1997-10-30 00:00:00-05:00,11.723822041561728,11.76845588182148,11.188215958444696,11.307239532470703,3613600,0.0,0.0
1997-10-31 00:00:00-05:00,11.723821284819625,11.961868417506317,11.39650647737542,11.66430950164795,2337800,0.0,0.0
1997-11-03 00:00:00-05:00,12.125527809960174,12.378452929922531,12.051138068794772,12.363574981689451,2813800,0.0,0.0
1997-11-04 00:00:00-05:00,12.616497660388449,13.300883146683104,12.497474097554594,13.077713966369627,3787800,0.0,0.0
1997-11-05 00:00:00-05:00,13.092603651289195,13.509186494739303,13.003335899121314,13.226505279541016,3151200,0.0,0.0
1997-11-06 00:00:00-05:00,13.062840809795144,13.166986465454102,12.795037695243533,13.166986465454102,1599200,0.0,0.0
1997-11-07 00:00:00-05:00,12.690894472489664,13.077721267665195,12.676016518829066,12.973575592041016,2304800,0.0,0.0
1997-11-10 00:00:00-05:00,12.943812403185614,12.958690348476631,12.497474044455076,12.512351989746094,1893800,0.0,0.0
1997-11-11 00:00:00-05:00,12.51235797547539,12.586747737517456,12.110653260448238,12.214798927307127,2134400,0.0,0.0
1997-11-12 00:00:00-05:00,12.140410398087411,12.25943402944121,11.783339504026015,11.827973365783691,2025800,0.0,0.0
1997-11-13 00:00:00-05:00,11.90235962220772,12.006505268902036,11.366753439208372,11.84284782409668,2272000,0.0,0.0
1997-11-14 00:00:00-05:00,11.961869337979484,12.14040470123291,11.857723709414987,12.14040470123291,3138800,0.0,0.0
1997-11-17 00:00:00-05:00,12.37845107503547,12.586742319086548,12.348695183028171,12.452840805053713,2101200,0.0,0.0
1997-11-18 00:00:00-05:00,12.423086939471784,12.43796488790229,11.917236692834608,12.021382331848145,2476400,0.0,0.0
1997-11-19 00:00:00-05:00,12.021386192395138,12.378457069396973,11.991630285978315,12.378457069396973,2671600,0.0,0.0
1997-11-20 00:00:00-05:00,12.437967452481558,13.241376833383477,12.408211549485191,13.062841415405272,2287000,0.0,0.0
1997-11-21 00:00:00-05:00,13.062841371355653,13.062841371355653,12.809916196739426,12.884305953979492,2158200,0.0,0.0
1997-11-24 00:00:00-05:00,12.75040274046956,12.914060185213044,12.676012992858888,12.676012992858888,2326400,0.0,0.0
1997-11-25 00:00:00-05:00,12.914057378415707,12.973569163569698,12.482596936049283,12.85454559326172,1970000,0.0,0.0
1997-11-26 00:00:00-05:00,12.824796681030556,13.16698963191652,12.824796681030556,12.914064407348633,1752400,0.0,0.0
1997-11-28 00:00:00-05:00,13.018205607582154,13.077717404645384,12.854548165658263,12.928937911987305,560600,0.0,0.0
1997-12-01 00:00:00-05:00,13.062843972696758,13.434792832967169,12.899186474177778,13.360403060913086,2436400,0.0,0.0
1997-12-02 00:00:00-05:00,13.330646519135843,13.390158333953416,13.286012658022669,13.375280380249023,2686600,0.0,0.0
1997-12-03 00:00:00-05:00,13.3752779038226,13.68771487376729,13.256254296224624,13.613325119018556,2615800,0.0,0.0
1997-12-04 00:00:00-05:00,13.687712385847762,13.896003661284576,13.657956489356788,13.762102127075195,2537200,0.0,0.0
1997-12-05 00:00:00-05:00,13.628204394714224,13.925763442633748,13.553814632734342,13.896007537841797,2050600,0.0,0.0
1997-12-08 00:00:00-05:00,13.985269847455054,14.1638052072098,13.776978594407852,13.955513954162598,1426000,0.0,0.0
1997-12-09 00:00:00-05:00,13.95551545426652,14.163806729703335,13.747224178829708,13.762102127075195,2659400,0.0,0.0
1997-12-10 00:00:00-05:00,13.613322644620329,13.836491868302629,13.568688799883867,13.762102127075195,3310600,0.0,0.0
1997-12-11 00:00:00-05:00,13.568692528013331,13.717472051346812,13.4347909570132,13.58357048034668,2373200,0.0,0.0
1997-12-12 00:00:00-05:00,13.64307735272626,13.64307735272626,13.06283742169428,13.315762519836426,1385600,0.0,0.0
1997-12-15 00:00:00-05:00,13.28600808801172,13.345519882358916,13.033082962036133,13.033082962036133,2387600,0.0,0.0
1997-12-16 00:00:00-05:00,13.271132736379844,13.315766590874397,13.00332960941254,13.062841415405272,2204200,0.0,0.0
1997-12-17 00:00:00-05:00,13.092598925863916,13.256256412437216,13.04796506588938,13.181866645812988,1468200,0.0,0.0
1997-12-18 00:00:00-05:00,13.181864296083962,13.181864296083962,12.378454959753787,12.765281677246094,1599800,0.0,0.0
1997-12-19 00:00:00-05:00,12.586750974153215,12.943821923774586,12.289191849468745,12.72065258026123,3796800,0.0,0.0
1997-12-22 00:00:00-05:00,12.89918167136308,13.033083211204222,12.542110898453377,12.869425773620604,1777000,0.0,0.0
1997-12-23 00:00:00-05:00,12.795040130615234,12.943819667017737,12.58674877965173,12.795040130615234,1467600,0.0,0.0
1997-12-24 00:00:00-05:00,12.795035188848322,12.795035188848322,12.318940856240012,12.43796443939209,830800,0.0,0.0
1997-12-26 00:00:00-05:00,12.408212064993002,12.646259298853778,12.408212064993002,12.601625442504885,274200,0.0,0.0
1997-12-29 00:00:00-05:00,12.616503498427326,13.196743635737072,12.616503498427326,13.137231826782228,1207000,0.0,0.0
1997-12-30 00:00:00-05:00,13.13723068862665,13.628203069968302,13.122352737676902,13.613325119018556,2224400,0.0,0.0
1997-12-31 00:00:00-05:00,13.613332930881429,14.074549674987791,13.49430925498301,14.074549674987791,3466800,0.0,0.0
1998-01-02 00:00:00-05:00,13.925762509285136,14.074542023273224,13.776982995297043,13.985274314880373,2935800,0.0,0.0
1998-01-05 00:00:00-05:00,14.104296502146632,14.610146798637125,14.104296502146632,14.49112319946289,3844000,0.0,0.0
1998-01-06 00:00:00-05:00,14.134051700433096,14.282831192016602,13.940638361374535,14.282831192016602,3759800,0.0,0.0
1998-01-07 00:00:00-05:00,14.282831045297476,14.342342841319548,13.881126422148483,13.92576026916504,5091800,0.0,0.0
1998-01-08 00:00:00-05:00,13.910884568951667,14.08941998587939,13.821616860487808,14.029908180236816,4188200,0.0,0.0
1998-01-09 00:00:00-05:00,14.00015142666442,14.00015142666442,13.211620049817222,13.330643653869627,3862400,0.0,0.0
1998-01-12 00:00:00-05:00,12.854547916759143,13.211618692224675,12.824792018803684,13.092595100402832,4374000,0.0,0.0
1998-01-13 00:00:00-05:00,13.122349209492434,13.330640466785963,13.092593315593357,13.315762519836426,2313600,0.0,0.0
1998-01-14 00:00:00-05:00,13.315768573824212,13.464548110961914,13.226500851541592,13.464548110961914,2487400,0.0,0.0
1998-01-15 00:00:00-05:00,13.422742160896036,13.437672908572226,13.04947346899125,13.243573188781738,1627800,0.1,0.0
1998-01-16 00:00:00-05:00,13.377950598321052,13.54218883111294,13.348089101449798,13.42274284362793,1780200,0.0,0.0
1998-01-20 00:00:00-05:00,13.482461413046472,13.93038371912775,13.273431003541877,13.900522232055664,3040200,0.0,0.0
1998-01-21 00:00:00-05:00,13.960245206199836,13.975175949735878,13.736284053159196,13.900522232055664,2538800,0.0,0.0
1998-01-22 00:00:00-05:00,13.70642157544862,13.781075287733197,12.915092225232089,13.124122619628906,4146200,0.0,0.0
1998-01-23 00:00:00-05:00,13.183845837543466,13.25849955123284,12.67620058445572,12.91509246826172,3921200,0.0,0.0
1998-01-26 00:00:00-05:00,13.258493654455693,13.258493654455693,12.900155988119051,12.944948196411133,2291400,0.0,0.0
1998-01-27 00:00:00-05:00,12.885231604527508,13.183846473693848,12.661270452652754,13.183846473693848,4089600,0.0,0.0
1998-01-28 00:00:00-05:00,13.198782085464362,13.825873542013571,13.15398983856799,13.721358299255373,2544600,0.0,0.0
1998-01-29 00:00:00-05:00,13.72135141069797,14.243927362139134,13.631766961879483,13.915451049804688,2844600,0.0,0.0
1998-01-30 00:00:00-05:00,13.945321083068848,14.24393609555426,13.661636821207704,13.945321083068848,2381600,0.0,0.0
1998-02-02 00:00:00-05:00,14.199133365197792,14.736639991009696,14.184202625591906,14.721709251403809,4262600,0.0,0.0
1998-02-03 00:00:00-05:00,14.721714116989896,14.721714116989896,14.497752948881532,14.64706039428711,1718000,0.0,0.0
1998-02-04 00:00:00-05:00,14.557474997578836,14.67692094627692,14.482821279642534,14.632128715515137,2604200,0.0,0.0
1998-02-05 00:00:00-05:00,14.676923967461423,14.871023674050436,14.37830903424756,14.527616500854492,2712400,0.0,0.0
1998-02-06 00:00:00-05:00,14.497752948881532,14.676921883368223,14.423099226178744,14.64706039428711,2290000,0.0,0.0
1998-02-09 00:00:00-05:00,14.66198926463921,14.676920007271226,14.52761258095107,14.617197036743164,996400,0.0,0.0
1998-02-10 00:00:00-05:00,14.617197752960267,14.8560896467778,14.587336266233075,14.811297416687012,3571400,0.0,0.0
1998-02-11 00:00:00-05:00,14.811293732962312,14.915808910513457,14.43802524170822,14.67691707611084,1848400,0.0,0.0
1998-02-12 00:00:00-05:00,14.960607097994895,15.318944992557649,14.945676352388116,15.274152755737305,3830000,0.0,0.0
1998-02-13 00:00:00-05:00,15.050187796354294,15.393594859167932,14.945672603324056,15.289079666137695,4256400,0.0,0.0
1998-02-17 00:00:00-05:00,15.513041513733322,15.67727968182867,15.423457058408587,15.4981107711792,2565400,0.0,0.0
1998-02-18 00:00:00-05:00,15.393594147114271,16.005754535117845,15.393594147114271,15.94603157043457,4910600,0.0,0.0
1998-02-19 00:00:00-05:00,15.916171780338994,16.22971737826312,15.871379552064118,16.125202178955078,2658200,0.0,0.0
1998-02-20 00:00:00-05:00,16.24465158598019,16.438751283239146,16.095344126550227,16.393959045410156,2120200,0.0,0.0
1998-02-23 00:00:00-05:00,16.274507320262256,16.48353768951333,16.244645838940674,16.46860694885254,1853800,0.0,0.0
1998-02-24 00:00:00-05:00,16.408889543687973,16.752296695193728,16.379028052252693,16.57312774658203,2630600,0.0,0.0
1998-02-25 00:00:00-05:00,16.632850362899454,17.05091123378023,16.602988872122257,16.841880798339844,2337800,0.0,0.0
1998-02-26 00:00:00-05:00,16.841884708065155,17.065845940885172,16.782161712646484,16.782161712646484,2318200,0.0,0.0
1998-02-27 00:00:00-05:00,16.69256974974165,16.737361976261532,16.513400843662136,16.67763900756836,2278400,0.0,0.0
1998-03-02 00:00:00-05:00,16.647785091314923,16.737369585079843,16.57313134651082,16.707508087158203,1593200,0.0,0.0
1998-03-03 00:00:00-05:00,16.67763900756836,16.76722346060812,16.528331585835428,16.67763900756836,2365800,0.0,0.0
1998-03-04 00:00:00-05:00,16.67763900756836,16.707500491914946,16.423816390622378,16.67763900756836,1775600,0.0,0.0
1998-03-05 00:00:00-05:00,16.483543149886593,16.67764284277475,16.408889421852685,16.66271209716797,2351400,0.0,0.0
1998-03-06 00:00:00-05:00,16.722436577212967,16.99119002220389,16.69257508332509,16.94639778137207,2308600,0.0,0.0
1998-03-09 00:00:00-05:00,16.75229406522957,17.185285623065273,16.75229406522957,17.140493392944336,2074600,0.0,0.0
1998-03-10 00:00:00-05:00,17.364451976412973,17.737720505570604,17.319659752914056,17.722789764404297,2602000,0.0,0.0
1998-03-11 00:00:00-05:00,17.618280368811387,17.87210305209087,17.603349622736122,17.648141860961914,2615200,0.0,0.0
1998-03-12 00:00:00-05:00,17.5884150219366,17.737722449966622,17.558553536330596,17.692930221557617,1791400,0.0,0.0
1998-03-13 00:00:00-05:00,17.707868336833837,18.006483317218894,17.707868336833837,17.857175827026367,2396400,0.0,0.0
1998-03-16 00:00:00-05:00,17.857166100811483,18.081127214115977,17.857166100811483,18.03633499145508,3285400,0.0,0.0
1998-03-17 00:00:00-05:00,18.0064825883413,18.394682047128093,18.0064825883413,18.32002830505371,4436400,0.0,0.0
1998-03-18 00:00:00-05:00,18.15578045328908,18.60370266841956,18.140849712784725,18.48425674438477,3542800,0.0,0.0
1998-03-19 00:00:00-05:00,18.484264503825795,18.484264503825795,17.9915498603474,18.39468002319336,1684200,0.0,0.0
1998-03-20 00:00:00-05:00,18.08113488463597,18.185650115183,17.93182741242593,18.02141189575196,2582200,0.0,0.0
1998-03-23 00:00:00-05:00,17.99155256819964,17.99155256819964,17.72279908585309,17.857175827026367,2585200,0.0,0.0
1998-03-24 00:00:00-05:00,18.0064825883413,18.32002830505371,18.0064825883413,18.32002830505371,1647400,0.0,0.0
1998-03-25 00:00:00-05:00,18.57385532999708,18.603716833743057,17.752663976982742,18.08114051818848,2881800,0.0,0.0
1998-03-26 00:00:00-05:00,18.081131783509864,18.081131783509864,17.468971252441406,17.468971252441406,2796000,0.0,0.0
1998-03-27 00:00:00-05:00,17.663068753642005,17.782514696185654,17.558553553916312,17.67799949645996,2655200,0.0,0.0
1998-03-30 00:00:00-05:00,17.6182825924599,17.663074836339035,17.334598381225376,17.43911361694336,2396000,0.0,0.0
1998-03-31 00:00:00-05:00,17.49883857190507,17.573492320078724,17.230085078479906,17.40925407409668,2482000,0.0,0.0
1998-04-01 00:00:00-05:00,17.349531075557756,17.49883857190507,17.31966957628829,17.40925407409668,2560400,0.0,0.0
1998-04-02 00:00:00-05:00,17.498834400209276,17.827310813865083,17.48390365413401,17.648141860961914,2814800,0.0,0.0
1998-04-03 00:00:00-05:00,17.797450687436893,18.125927126298983,17.692935456889863,18.02141189575196,4075200,0.0,0.0
1998-04-06 00:00:00-04:00,18.63357095718384,19.38010825514793,18.588778719305992,19.11135482788086,8638600,0.0,0.0
1998-04-07 00:00:00-04:00,19.1113547032951,19.559277079153578,19.066562465709254,19.2009391784668,7171800,0.0,0.0
1998-04-08 00:00:00-04:00,19.11135259553296,19.47715582880684,19.11135259553296,19.365175247192383,4095000,0.0,0.0
1998-04-09 00:00:00-04:00,19.49955724022473,19.93254894004596,19.40997275060655,19.663795471191406,2054200,0.0,0.0
1998-04-13 00:00:00-04:00,19.81645195295333,20.325333649630373,19.78651773550173,20.220563888549805,4616600,0.1,0.0
1998-04-14 00:00:00-04:00,20.16069925991994,20.175666371471475,19.80148858268306,19.831422805786133,2790000,0.0,0.0
1998-04-15 00:00:00-04:00,19.876324141897808,19.876324141897808,19.337508126002987,19.636850357055664,4217400,0.0,0.0
1998-04-16 00:00:00-04:00,19.5919462003206,19.63684752851079,19.21776846540233,19.33750534057617,1743600,0.0,0.0
1998-04-17 00:00:00-04:00,19.307576456377586,20.01103079238514,19.277642229313432,19.95116233825684,2751200,0.0,0.0
1998-04-20 00:00:00-04:00,19.89128244525623,19.89128244525623,19.12796009408387,19.547039031982425,1280600,0.0,0.0
1998-04-21 00:00:00-04:00,19.157898811567897,19.36743832981942,19.0381619439956,19.068096160888672,2483600,0.0,0.0
1998-04-22 00:00:00-04:00,19.18783439027533,19.48717658045124,19.18783439027533,19.32253837585449,1797000,0.0,0.0
1998-04-23 00:00:00-04:00,19.26266543070476,19.33750096073857,18.94835620456272,18.993257522583008,3433200,0.0,0.0
1998-04-24 00:00:00-04:00,18.918424562108125,19.24770093898026,18.678950833473845,18.723852157592773,2090800,0.0,0.0
1998-04-27 00:00:00-04:00,18.319749180515508,18.334716295859067,17.72106456677317,18.00543975830078,4358000,0.0,0.0
1998-04-28 00:00:00-04:00,18.080264056170428,18.20000090422453,17.780921936035156,17.780921936035156,3154600,0.0,0.0
1998-04-29 00:00:00-04:00,17.960542338401588,18.4394901340923,17.915640982555587,18.364654541015625,2579800,0.0,0.0
1998-04-30 00:00:00-04:00,18.58914663372252,18.948357196693,18.58914663372252,18.88848876953125,3525800,0.0,0.0
1998-05-01 00:00:00-04:00,18.85855427271203,19.02319244493412,18.768751633318164,18.91842269897461,1661200,0.0,0.0
1998-05-04 00:00:00-04:00,18.978295535133,19.21776929582868,18.85855865478516,18.85855865478516,1316200,0.0,0.0
1998-05-05 00:00:00-04:00,18.79868349875173,18.79868349875173,18.43947298603673,18.5592098236084,1845400,0.0,0.0
1998-05-06 00:00:00-04:00,18.49933664788844,18.61907345467089,18.02038942075864,18.035356521606445,2100600,0.0,0.0
1998-05-07 00:00:00-04:00,18.035362738150138,18.185033798217773,17.7210535120081,17.780921936035156,1401200,0.0,0.0
1998-05-08 00:00:00-04:00,17.82583521377942,18.18504599894374,17.82583521377942,18.11021041870117,1482800,0.0,0.0
1998-05-11 00:00:00-04:00,17.990463542938233,18.4694109916687,17.960529327392578,17.960529327392578,1546000,0.0,0.0
1998-05-12 00:00:00-04:00,17.900657874858933,18.125164453556994,17.61628287517472,18.080263137817383,3991400,0.0,0.0
1998-05-13 00:00:00-04:00,17.960541537616045,18.03537712735611,17.840804594031937,17.885705947875977,1091800,0.0,0.0
1998-05-14 00:00:00-04:00,17.93060592955529,18.08027709758163,17.900671695950024,18.020408630371094,1277600,0.0,0.0
1998-05-15 00:00:00-04:00,18.005443694247592,18.424523015476964,17.990476575632258,18.364654541015625,1620800,0.0,0.0
1998-05-18 00:00:00-04:00,18.34967109386246,18.63404609450144,17.870723724365234,17.870723724365234,2471400,0.0,0.0
1998-05-19 00:00:00-04:00,18.020396817316776,18.27483763616593,17.85575864041438,18.259870529174805,2097000,0.0,0.0
1998-05-20 00:00:00-04:00,18.31973871149465,18.978291410273872,18.110199216428537,18.88848876953125,2403000,0.0,0.0
1998-05-21 00:00:00-04:00,18.978289433781256,19.42730259073192,18.978289433781256,19.09802627563477,3534200,0.0,0.0
1998-05-22 00:00:00-04:00,19.157901754883586,19.262671530105603,18.88849376145553,18.963329315185547,1942000,0.0,0.0
1998-05-26 00:00:00-04:00,19.06811034334434,19.38241985449837,18.619096755981445,18.619096755981445,2052400,0.0,0.0
1998-05-27 00:00:00-04:00,18.319738957139315,18.49934424103284,17.870725747405505,18.259870529174805,2772600,0.0,0.0
1998-05-28 00:00:00-04:00,18.259885886091126,18.619096755981445,18.05034621198844,18.619096755981445,1582800,0.0,0.0
1998-05-29 00:00:00-04:00,18.67895111988028,19.03816171833952,18.63404979507288,18.69391822814941,1772200,0.0,0.0
1998-06-01 00:00:00-04:00,18.708889010588702,19.09803390200895,18.63405345454635,18.903461456298828,1856400,0.0,0.0
1998-06-02 00:00:00-04:00,19.098040602751546,19.187843301510565,18.79869827355481,18.81366539001465,2678400,0.0,0.0
1998-06-03 00:00:00-04:00,18.873533855854,19.21777753443024,18.79869827355481,18.81366539001465,2799800,0.0,0.0
1998-06-04 00:00:00-04:00,18.87353085911452,19.202807368948392,18.783728174614364,19.11300468444824,1335000,0.0,0.0
1998-06-05 00:00:00-04:00,19.172867137212133,19.33750534057617,19.038163152641555,19.33750534057617,1739600,0.0,0.0
1998-06-08 00:00:00-04:00,19.352472928993603,19.846387551311302,19.20280183132157,19.68174934387207,2709000,0.0,0.0
1998-06-09 00:00:00-04:00,19.606918334960938,19.666786787892114,19.472214315865788,19.606918334960938,2435800,0.0,0.0
1998-06-10 00:00:00-04:00,19.60691360355348,19.60691360355348,19.23273586302765,19.30757141113281,1916000,0.0,0.0
1998-06-11 00:00:00-04:00,19.29261005344853,19.53208387878227,18.858563745031155,19.11300468444824,1932200,0.0,0.0
1998-06-12 00:00:00-04:00,19.113000717464644,19.232737605279613,18.589151833274148,18.933395385742188,1937600,0.0,0.0
1998-06-15 00:00:00-04:00,18.64902328061029,18.663990393997626,18.03537163172986,18.050338745117188,2174600,0.0,0.0
1998-06-16 00:00:00-04:00,18.14014038563954,18.2898115109336,17.96053503528667,18.155107498168945,2240200,0.0,0.0
1998-06-17 00:00:00-04:00,18.36464545279388,19.12796812442589,18.36464545279388,18.903461456298828,2586800,0.0,0.0
1998-06-18 00:00:00-04:00,18.873525764828635,19.2028021857852,18.81365732465472,18.85855865478516,2512000,0.0,0.0
1998-06-19 00:00:00-04:00,18.678964516551225,19.0232082536351,18.678964516551225,18.87353706359864,2495200,0.0,0.0
1998-06-22 00:00:00-04:00,18.978292939808448,19.42730617970928,18.978292939808448,19.12796401977539,2772800,0.0,0.0
1998-06-23 00:00:00-04:00,19.187841281125618,19.78652587648056,19.09803859182238,19.77155876159668,2481600,0.0,0.0
1998-06-24 00:00:00-04:00,19.77154764090093,20.83421219995012,19.756580534435454,20.744409561157227,4238000,0.0,0.0
1998-06-25 00:00:00-04:00,20.81924823478416,21.298195713945265,20.6845442562701,21.01382064819336,3482600,0.0,0.0
1998-06-26 00:00:00-04:00,20.924012997390715,21.058716943725848,20.86414457679732,20.938980102539062,1661000,0.0,0.0
1998-06-29 00:00:00-04:00,20.998849010329515,21.283224014745954,20.63963847843507,20.684539794921875,1827600,0.0,0.0
1998-06-30 00:00:00-04:00,20.83422373551188,21.88192176818848,20.699519702739167,21.88192176818848,5316200,0.0,0.0
1998-07-01 00:00:00-04:00,21.55264252597846,21.64244520317004,21.1335633657511,21.582576751708984,4621400,0.0,0.0
1998-07-02 00:00:00-04:00,21.552634764609863,21.61250319451156,21.37302947490478,21.597536087036133,2096600,0.0,0.0
1998-07-06 00:00:00-04:00,21.537670860396933,21.702309067112964,21.31316421487508,21.46283531188965,2288800,0.0,0.0
1998-07-07 00:00:00-04:00,21.46283127210156,21.68733787536621,21.343094417027064,21.68733787536621,2927000,0.0,0.0
1998-07-08 00:00:00-04:00,21.79211933371653,22.136362977037603,21.762185103862528,22.046560287475582,2851600,0.0,0.0
1998-07-09 00:00:00-04:00,21.941776478068736,22.031579110311853,21.702302792087085,21.717269897460938,1722600,0.0,0.0
1998-07-10 00:00:00-04:00,21.71727927676396,22.12139129638672,21.373035704492715,22.12139129638672,2262000,0.0,0.0
1998-07-13 00:00:00-04:00,22.27105891688685,22.660203763552893,22.196223369451083,22.48059844970703,2255400,0.0,0.0
1998-07-14 00:00:00-04:00,22.43859247681956,22.738573659664738,22.198607530543413,22.678577423095703,2031800,0.1,0.0
1998-07-15 00:00:00-04:00,22.618581186526665,23.008556724225404,22.55858494995763,22.678577423095703,2055000,0.0,0.0
1998-07-16 00:00:00-04:00,22.618596117667124,22.85858122236386,22.43860728914457,22.843582153320312,1810600,0.0,0.0
1998-07-17 00:00:00-04:00,22.84358503649312,23.338554377402023,22.75359061087332,23.248559951782227,2002400,0.0,0.0
1998-07-20 00:00:00-04:00,23.03856561888454,23.21855441278208,22.99356842041016,22.99356842041016,1187800,0.0,0.0
1998-07-21 00:00:00-04:00,23.233556947745925,23.398546700118555,22.708589553833008,22.708589553833008,2770600,0.0,0.0
1998-07-22 00:00:00-04:00,22.55860102489741,22.678593583540483,22.03363358083397,22.27361869812012,2530400,0.0,0.0
1998-07-23 00:00:00-04:00,22.16862260473466,22.318613285416223,21.92863751564417,21.97363471984864,1544200,0.0,0.0
1998-07-24 00:00:00-04:00,21.913637404296537,21.988632741066887,21.23867937336338,21.658653259277344,3573000,0.0,0.0
1998-07-27 00:00:00-04:00,21.32867972167456,21.688657438496065,20.80371221797652,21.403675079345703,2582000,0.0,0.0
1998-07-28 00:00:00-04:00,21.118688241657747,21.238680788485347,20.893702216356,21.0136947631836,2712800,0.0,0.0
1998-07-29 00:00:00-04:00,21.178677154845754,21.628649049070525,20.938692144592547,21.0286865234375,2089800,0.0,0.0
1998-07-30 00:00:00-04:00,21.268674201211013,21.43366391645313,21.19367887610096,21.238676071166992,2799200,0.0,0.0
1998-07-31 00:00:00-04:00,21.20868778707993,21.28368314700596,20.69871933958296,20.893707275390625,2173000,0.0,0.0
1998-08-03 00:00:00-04:00,20.833707418989537,20.848706488405657,20.368736267089844,20.368736267089844,3028000,0.0,0.0
1998-08-04 00:00:00-04:00,20.30873086111886,20.54871586390904,19.42378616333008,19.42378616333008,4129600,0.0,0.0
1998-08-05 00:00:00-04:00,19.43878731427544,19.91875737141804,19.04881164284707,19.78376579284668,4902400,0.0,0.0
1998-08-06 00:00:00-04:00,19.7087670329752,20.488718239759606,19.58877453962376,20.323728561401367,2750200,0.0,0.0
1998-08-07 00:00:00-04:00,20.398739494066056,21.10369593246393,20.263747835649443,20.42873764038086,3248400,0.0,0.0
1998-08-10 00:00:00-04:00,20.24874063329836,20.293737834705684,19.57378261218841,19.60378074645996,2327800,0.0,0.0
1998-08-11 00:00:00-04:00,19.01881583985128,19.54378315404276,18.62884012073761,19.45378875732422,4369000,0.0,0.0
1998-08-12 00:00:00-04:00,19.54377501478819,19.76876091288629,19.19879663770444,19.258792877197266,2876000,0.0,0.0
1998-08-13 00:00:00-04:00,19.258806517538243,19.258806517538243,18.89882882562164,18.913827896118164,2493400,0.0,0.0
1998-08-14 00:00:00-04:00,18.91381970847525,19.19880192454268,18.418850596358137,18.448848724365234,3144000,0.0,0.0
1998-08-17 00:00:00-04:00,18.43385317875789,19.543784126868616,18.148870908297024,19.49878692626953,4402000,0.0,0.0
1998-08-18 00:00:00-04:00,19.51379756771961,20.248752280108747,19.348807734326137,20.233753204345703,2768200,0.0,0.0
1998-08-19 00:00:00-04:00,20.428721681990712,20.428721681990712,19.61877236420253,19.873756408691406,2126800,0.0,0.0
1998-08-20 00:00:00-04:00,19.753769013141508,19.843763405000924,19.22880172729492,19.22880172729492,2348200,0.0,0.0
1998-08-21 00:00:00-04:00,18.71883187642912,18.778828132443312,18.133868380290707,18.448848724365234,4942800,0.0,0.0
1998-08-24 00:00:00-04:00,18.478855145322548,18.85383191369354,18.1188774476864,18.658843994140625,2282200,0.0,0.0
1998-08-25 00:00:00-04:00,18.91382185012575,19.55878167530847,18.553844273279584,18.898822784423828,2765400,0.0,0.0
1998-08-26 00:00:00-04:00,18.508846489836568,18.52384555506334,18.07387359826018,18.253862380981445,2920800,0.0,0.0
1998-08-27 00:00:00-04:00,17.878896598438903,17.878896598438903,16.34899101702886,16.6939697265625,6717400,0.0,0.0
1998-08-28 00:00:00-04:00,16.768953032877253,17.00893804944795,15.119056043953732,15.659022331237791,9883400,0.0,0.0
1998-08-31 00:00:00-04:00,15.80902127121185,15.914014771115536,13.649154987478925,13.934137344360352,5276600,0.0,0.0
1998-09-01 00:00:00-04:00,13.994133305911646,14.039130519113934,11.879264285404098,13.829143524169922,12437400,0.0,0.0
1998-09-02 00:00:00-04:00,13.709142044439156,14.93906507249606,13.67914392180362,14.159113883972168,8613200,0.0,0.0
1998-09-03 00:00:00-04:00,13.619155136855332,13.619155136855332,12.419229574136802,12.86920166015625,7892800,0.0,0.0
1998-09-04 00:00:00-04:00,12.959192873826668,13.10918353208855,11.759267607731609,12.059248924255373,11153000,0.0,0.0
1998-09-08 00:00:00-04:00,13.199181545790054,13.319174105297236,12.539222468500553,13.109187126159668,8295600,0.0,0.0
1998-09-09 00:00:00-04:00,13.079183304652144,13.079183304652144,11.999250738212975,12.014249801635742,8405800,0.0,0.0
1998-09-10 00:00:00-04:00,11.5792830789228,11.669277506997329,11.099312795858642,11.594282150268556,8599800,0.0,0.0
1998-09-11 00:00:00-04:00,11.294295752749724,12.389227479111916,11.039311652090037,12.23923683166504,8014800,0.0,0.0
1998-09-14 00:00:00-04:00,12.689201734206256,13.229167765449075,12.629205508512609,12.749197959899902,7227000,0.0,0.0
1998-09-15 00:00:00-04:00,12.71921584185432,13.63415943425186,12.58422416428747,13.514166831970217,6057600,0.0,0.0
1998-09-16 00:00:00-04:00,13.67915164723116,14.744085602223937,13.48416373997896,14.534098625183104,8671000,0.0,0.0
1998-09-17 00:00:00-04:00,13.499158494015958,13.709145403922872,13.214176259142288,13.3941650390625,7603200,0.0,0.0
1998-09-18 00:00:00-04:00,13.4091691741419,13.49916359812943,13.079189619520958,13.094188690185549,5718600,0.0,0.0
1998-09-21 00:00:00-04:00,12.71920940992174,13.109185170131603,12.209241108108838,12.92919635772705,4367800,0.0,0.0
1998-09-22 00:00:00-04:00,13.079185066936173,13.334169179479652,12.629213103624148,12.839200019836426,3354600,0.0,0.0
1998-09-23 00:00:00-04:00,12.959195599285277,13.88913787608584,12.509223529865649,13.739147186279297,8937400,0.0,0.0
1998-09-24 00:00:00-04:00,13.8891286722819,13.8891286722819,12.074242528279624,12.374223709106444,13468000,0.0,0.0
1998-09-25 00:00:00-04:00,11.909258178747182,12.809202121725558,11.774266587300424,12.629213333129885,9341000,0.0,0.0
1998-09-28 00:00:00-04:00,13.094181895861167,13.094181895861167,11.609274670557324,11.81926155090332,8908400,0.0,0.0
1998-09-29 00:00:00-04:00,11.879261344423584,12.149244556796848,10.799328494930531,10.829326629638672,13731400,0.0,0.0
1998-09-30 00:00:00-04:00,10.82932881065037,10.949321373649266,9.959382728908372,10.349358558654783,12690000,0.0,0.0
1998-10-01 00:00:00-04:00,9.914381834864615,10.31935658454895,9.49440802037716,9.599401473999023,14319200,0.0,0.0
1998-10-02 00:00:00-04:00,9.719395857590897,10.679336189204813,9.674398654546494,10.529345512390137,12967400,0.0,0.0
1998-10-05 00:00:00-04:00,10.10936714569606,10.319354000354434,9.659395314285256,9.794386863708496,7730400,0.0,0.0
1998-10-06 00:00:00-04:00,10.15436996620098,10.604342047421111,9.899385786842906,10.004379272460938,9148400,0.0,0.0
1998-10-07 00:00:00-04:00,9.839385986328123,10.124368202395557,9.059434658143578,9.224424362182615,10582000,0.0,0.0
1998-10-08 00:00:00-04:00,8.999441335867116,10.07937429617117,8.759456233577327,9.9893798828125,20044400,0.0,0.0
1998-10-09 00:00:00-04:00,10.2893560753494,11.14430257140613,10.244358891346415,10.979312896728516,16348200,0.0,0.0
1998-10-12 00:00:00-04:00,11.51928644864259,11.759271582989312,10.979319896362467,11.08431339263916,9200400,0.0,0.0
1998-10-13 00:00:00-04:00,11.042132353432503,11.569382875083445,10.906553647865122,11.283161163330078,4692000,0.1,0.0
1998-10-14 00:00:00-04:00,11.313290875850958,11.87067005348942,11.087326344375905,11.704962730407717,5741600,0.0,0.0
1998-10-15 00:00:00-04:00,11.765219919282387,13.316843032836914,11.689898408915662,13.316843032836914,8971600,0.0,0.0
1998-10-16 00:00:00-04:00,13.362033063914918,13.979669316023726,12.714268214142267,13.075811386108398,13507200,0.0,0.0
1998-10-19 00:00:00-04:00,13.030611735326058,13.949533487759457,12.955290280208567,13.663311958312988,5530200,0.0,0.0
1998-10-20 00:00:00-04:00,14.10018284549161,14.62743327240636,13.497610929017608,13.527739524841309,9008600,0.0,0.0
1998-10-21 00:00:00-04:00,13.55787748145412,13.678391947955934,12.970369457257776,13.362041473388672,6377000,0.0,0.0
1998-10-22 00:00:00-04:00,13.362030091382396,14.250823524743796,13.22645143205608,14.11524486541748,5355200,0.0,0.0
1998-10-23 00:00:00-04:00,13.99473339675838,14.55211244485317,13.844090410786816,14.100183486938477,6277000,0.0,0.0
1998-10-26 00:00:00-05:00,14.160437809082543,14.491852310997242,14.160437809082543,14.356273651123049,5426600,0.0,0.0
1998-10-27 00:00:00-05:00,14.567174195986643,14.567174195986643,13.979666653439097,13.994730949401855,6917000,0.0,0.0
1998-10-28 00:00:00-05:00,13.99472875154319,14.58223620182326,13.99472875154319,14.34120750427246,6389000,0.0,0.0
1998-10-29 00:00:00-05:00,14.491852260229006,15.18480985271397,14.37133789631858,15.13961696624756,6329600,0.0,0.0
1998-10-30 00:00:00-05:00,15.290263593196867,15.953092753887177,15.245070695877075,15.666871070861816,7790800,0.0,0.0
1998-11-02 00:00:00-05:00,15.606612909585238,15.817513084039092,15.230005455203354,15.425841331481934,6783600,0.0,0.0
1998-11-03 00:00:00-05:00,15.425840495449949,15.666869253191354,14.883525790531786,14.898590087890623,5428200,0.0,0.0
1998-11-04 00:00:00-05:00,15.15468736215158,15.501166297866776,15.049237251281738,15.049237251281738,5060000,0.0,0.0
1998-11-05 00:00:00-05:00,14.943784713745115,15.847642660140991,14.838334619998932,15.666871070861816,5166800,0.0,0.0
1998-11-06 00:00:00-05:00,15.546356678009031,15.847642660140991,15.455970883369446,15.666871070861816,4213000,0.0,0.0
1998-11-09 00:00:00-05:00,15.66686659258128,15.877766719789106,15.39570928617122,15.847638130187988,3325400,0.0,0.0
1998-11-10 00:00:00-05:00,15.636733634131296,15.727119377681186,15.184804916381836,15.184804916381836,3887400,0.0,0.0
1998-11-11 00:00:00-05:00,15.19987223929718,15.3957080560572,14.280950329884762,14.34120750427246,5072400,0.0,0.0
1998-11-12 00:00:00-05:00,14.311080597434582,14.627430800114716,13.859151736462964,14.401466369628906,4771800,0.0,0.0
1998-11-13 00:00:00-05:00,14.341211591448102,14.88352631549446,14.280954399887396,14.763011932373049,4316400,0.0,0.0
1998-11-16 00:00:00-05:00,15.184813440834604,15.60661381419112,15.139620543689263,15.440906524658203,3840600,0.0,0.0
1998-11-17 00:00:00-05:00,15.245066508566907,16.495402990988897,14.943780609188115,16.05853843688965,7544600,0.0,0.0
1998-11-18 00:00:00-05:00,15.998279533203709,16.19411534669867,15.36557921268153,15.742186546325684,5224200,0.0,0.0
1998-11-19 00:00:00-05:00,15.681936709981567,16.194122923371935,15.621679508406231,16.043479919433594,3337200,0.0,0.0
1998-11-20 00:00:00-05:00,16.284504994340868,17.02265554450063,16.284504994340868,17.007591247558594,4442000,0.0,0.0
1998-11-23 00:00:00-05:00,17.203429926433465,18.047030693403933,17.203429926433465,17.745744705200195,6623800,0.0,0.0
1998-11-24 00:00:00-05:00,17.956636313535594,18.498950833071905,17.44445037841797,17.44445037841797,7404600,0.0,0.0
1998-11-25 00:00:00-05:00,17.444458848112948,17.70055194001098,17.20343005573833,17.233558654785156,2781400,0.0,0.0
1998-11-27 00:00:00-05:00,17.504713013818034,18.167542078024567,17.504713013818034,18.01689910888672,1297400,0.0,0.0
1998-11-30 00:00:00-05:00,18.03196436541299,18.03196436541299,16.781627655029297,16.781627655029297,3138800,0.0,0.0
1998-12-01 00:00:00-05:00,16.14893777029855,16.58580269132342,15.93803746359689,16.450223922729492,5618200,0.0,0.0
1998-12-02 00:00:00-05:00,16.40501409067827,16.856942853506872,16.374885506489697,16.389949798583984,5276400,0.0,0.0
1998-12-03 00:00:00-05:00,16.405025130345553,16.585796757126218,15.78738873884494,15.80245304107666,5767400,0.0,0.0
1998-12-04 00:00:00-05:00,16.088672603260388,17.00759491486983,15.968158201737838,16.570730209350586,3979800,0.0,0.0
1998-12-07 00:00:00-05:00,16.811754795784974,17.067847834788868,16.495404571133108,16.66111183166504,2599400,0.0,0.0
1998-12-08 00:00:00-05:00,16.088669341954564,16.43514817609778,15.832576290631318,15.95309066772461,3933000,0.0,0.0
1998-12-09 00:00:00-05:00,16.359823999120227,16.45020976707117,15.907895159365523,16.148923873901367,3920000,0.0,0.0
1998-12-10 00:00:00-05:00,16.148922127134004,16.314629350453476,15.953086317756446,16.103729248046875,2746800,0.0,0.0
1998-12-11 00:00:00-05:00,15.968156401644048,16.284506669978505,15.787384819738644,16.073606491088867,2913400,0.0,0.0
1998-12-14 00:00:00-05:00,15.83257503088642,15.998282286204928,15.019103050231934,15.019103050231934,4296400,0.0,0.0
1998-12-15 00:00:00-05:00,15.260132725077463,16.028411865234375,15.079361162687604,16.028411865234375,5145400,0.0,0.0
1998-12-16 00:00:00-05:00,16.02841209555572,16.37489092844837,15.862704827650536,15.968154907226562,2766800,0.0,0.0
1998-12-17 00:00:00-05:00,16.35983345756703,16.856955468708573,16.35983345756703,16.646055221557617,3370000,0.0,0.0
1998-12-18 00:00:00-05:00,16.872013484828344,17.36913531072061,16.781627698302476,17.26368522644043,4338800,0.0,0.0
1998-12-21 00:00:00-05:00,17.74574383171237,18.5893445571588,17.715615234375,18.453765869140625,5002400,0.0,0.0
1998-12-22 00:00:00-05:00,18.257931419455144,18.303124319008248,17.745745224519933,18.09222412109375,3061600,0.0,0.0
1998-12-23 00:00:00-05:00,18.303122416029883,18.66466557486504,17.97170785376432,18.57427978515625,2350000,0.0,0.0
1998-12-24 00:00:00-05:00,18.5742767513607,18.981012738616773,18.498955272239204,18.87556266784668,1201000,0.0,0.0
1998-12-28 00:00:00-05:00,19.11658869006417,19.11658869006417,18.197666775096547,18.5592098236084,2616400,0.0,0.0
1998-12-29 00:00:00-05:00,18.574277275652925,18.80024171939566,18.19766986941504,18.227798461914062,1923800,0.0,0.0
1998-12-30 00:00:00-05:00,18.137414959940923,18.49895811528858,17.48965013994303,17.64029312133789,2082600,0.0,0.0
1998-12-31 00:00:00-05:00,17.519782789995972,17.911454632248677,17.113046646118164,17.113046646118164,1934200,0.0,0.0
1999-01-04 00:00:00-05:00,17.06784462191395,18.06208799794777,17.06784462191395,17.53483772277832,6026800,0.0,0.0
1999-01-05 00:00:00-05:00,17.53484323501587,18.13741516749064,17.53484323501587,18.077157974243164,4945600,0.0,0.0
1999-01-06 00:00:00-05:00,18.8002428074016,19.643843446195262,18.6947927275524,19.448007583618164,7970600,0.0,0.0
1999-01-07 00:00:00-05:00,20.00538715682564,20.63808765425537,19.79448699101573,20.291608810424805,7938400,0.0,0.0
1999-01-08 00:00:00-05:00,20.51757147359443,21.33104347034487,20.36692851123324,21.27078628540039,7811800,0.0,0.0
1999-01-11 00:00:00-05:00,20.96950293404716,21.40636757850647,20.668216972351075,21.090017318725582,4614800,0.0,0.0
1999-01-12 00:00:00-05:00,20.607956788682685,20.698342564071645,19.68903473889493,19.86980628967285,6436400,0.0,0.0
1999-01-13 00:00:00-05:00,18.31818743845506,20.12590330409207,18.27299454181413,19.83968162536621,9383800,0.0,0.0
1999-01-14 00:00:00-05:00,19.837254446786407,20.169637994257315,19.399112497847486,19.53508758544922,4963800,0.12,0.0
1999-01-15 00:00:00-05:00,20.13942623765387,20.683326721191406,19.943017729709755,20.683326721191406,4883200,0.0,0.0
1999-01-19 00:00:00-05:00,21.484073841168005,21.484073841168005,20.30562253342461,20.517139434814453,4489400,0.0,0.0
1999-01-20 00:00:00-05:00,20.90995593479701,21.39342312404088,20.698439039502823,21.151689529418945,4400800,0.0,0.0
1999-01-21 00:00:00-05:00,20.66821837442648,20.98549365649004,20.471809866482364,20.683326721191406,4399000,0.0,0.0
1999-01-22 00:00:00-05:00,20.33584163997102,20.396275047519225,19.580424045618454,19.65596580505371,3524800,0.0,0.0
1999-01-25 00:00:00-05:00,20.06388664245605,20.15453673270812,19.686177933072468,20.06388664245605,2618200,0.0,0.0
1999-01-26 00:00:00-05:00,19.94302425851108,20.42649151326286,19.94302425851108,20.381166458129883,2897400,0.0,0.0
1999-01-27 00:00:00-05:00,20.517140093928813,20.6077901974366,19.74661421411264,19.761722564697266,3701000,0.0,0.0
1999-01-28 00:00:00-05:00,19.79193935946526,20.426490087020635,19.58042245028014,20.350948333740234,3584000,0.0,0.0
1999-01-29 00:00:00-05:00,20.78908491478682,21.332985392208567,20.547351369266043,20.940168380737305,5002200,0.0,0.0
1999-02-01 00:00:00-05:00,20.87973664406785,21.559612294562104,20.87973664406785,21.19701194763184,4691800,0.0,0.0
1999-02-02 00:00:00-05:00,21.12146762234348,21.60493469238281,20.698433936059057,21.60493469238281,5380600,0.0,0.0
1999-02-03 00:00:00-05:00,21.27255340493017,22.964688334867805,21.136578276631617,22.179054260253903,13611600,0.0,0.0
1999-02-04 00:00:00-05:00,22.330131868133968,22.34524021175246,21.63514806168325,21.695581436157227,4123400,0.0,0.0
1999-02-05 00:00:00-05:00,21.665377193622373,21.69559389821599,20.72865935122029,21.514293670654297,4821600,0.0,0.0
1999-02-08 00:00:00-05:00,21.484069108121734,21.695585962913366,21.12146878562179,21.40852737426757,2758200,0.0,0.0
1999-02-09 00:00:00-05:00,21.39341434445395,21.72579790065309,20.728647232055664,20.728647232055664,3373000,0.0,0.0
1999-02-10 00:00:00-05:00,20.54734920487633,20.940166174969548,20.36604906483329,20.4718074798584,2705400,0.0,0.0
1999-02-11 00:00:00-05:00,20.63801031487929,22.26971244812012,20.63801031487929,22.26971244812012,3932600,0.0,0.0
1999-02-12 00:00:00-05:00,21.997757065767622,22.14884056209844,21.21212288484735,21.393423080444336,4381200,0.0,0.0
1999-02-16 00:00:00-05:00,21.725805030828027,21.861780166625977,21.37831301712216,21.861780166625977,3341000,0.0,0.0
1999-02-17 00:00:00-05:00,21.54449552187993,22.17904588086939,21.166786974862408,21.363195419311523,2643400,0.0,0.0
1999-02-18 00:00:00-05:00,21.363208734593687,22.54166013579476,21.18190851902429,22.315034866333008,3436800,0.0,0.0
1999-02-19 00:00:00-05:00,22.39057396304223,23.266858234200427,22.05819027398222,22.4812240600586,4730800,0.0,0.0
1999-02-22 00:00:00-05:00,22.48121841666625,23.478369233534508,22.451001725245995,23.44815254211425,4924400,0.0,0.0
1999-02-23 00:00:00-05:00,23.161103958567555,23.65967958194181,23.05534549300332,23.176212310791016,5684600,0.0,0.0
1999-02-24 00:00:00-05:00,23.251740828862097,23.372607577810047,21.604931374446263,21.695581436157227,4299600,0.0,0.0
1999-02-25 00:00:00-05:00,21.725800270319816,22.027967172549577,21.16679150119476,21.68047523498535,5134600,0.0,0.0
1999-02-26 00:00:00-05:00,21.68047785758972,22.163944959640503,21.529394388198853,21.87688636779785,4770400,0.0,0.0
1999-03-01 00:00:00-05:00,21.69559909708829,22.420800181113528,21.65027402933672,21.665382385253903,5622800,0.0,0.0
1999-03-02 00:00:00-05:00,21.92221954287665,22.224386593777776,21.695594254700804,21.846677780151367,4231600,0.0,0.0
1999-03-03 00:00:00-05:00,21.907111209651035,22.55677036966137,21.892002857092656,22.435903549194336,4854600,0.0,0.0
1999-03-04 00:00:00-05:00,22.843822439717503,23.44815636669416,22.677630609798925,23.327289581298828,5484800,0.0,0.0
1999-03-05 00:00:00-05:00,24.03738405368634,24.03738405368634,23.417941724207303,23.91651725769043,6364000,0.0,0.0
1999-03-08 00:00:00-05:00,24.03738046453678,24.05248881178036,23.35750483857565,23.659671783447266,2769800,0.0,0.0
1999-03-09 00:00:00-05:00,23.28195494492748,24.248888829726543,23.17619655127758,23.82585525512696,5105400,0.0,0.0
1999-03-10 00:00:00-05:00,23.88629817541465,24.00716495935097,23.61434791155794,23.94673156738281,3008800,0.0,0.0
1999-03-11 00:00:00-05:00,24.17336541253168,24.732374487696468,24.02228187870335,24.596399307250977,5912200,0.0,0.0
1999-03-12 00:00:00-05:00,24.747467941642544,24.943876417369868,24.30932595732775,24.445301055908203,4636600,0.0,0.0
1999-03-15 00:00:00-05:00,24.41508676491532,24.88344548379673,24.173353232589424,24.65682029724121,4738200,0.0,0.0
1999-03-16 00:00:00-05:00,25.00432023236095,25.18562043948381,24.49063631217952,24.641719818115234,4194400,0.0,0.0
1999-03-17 00:00:00-05:00,24.641716057365603,24.641716057365603,23.9618403844156,24.03738212585449,2620000,0.0,0.0
1999-03-18 00:00:00-05:00,24.052472263322343,24.98918914794922,24.052472263322343,24.98918914794922,3537400,0.0,0.0
1999-03-19 00:00:00-05:00,25.12517657051227,25.336693390709005,24.17335087962696,24.5661678314209,4311000,0.0,0.0
1999-03-22 00:00:00-05:00,24.17334966003972,24.233783034189823,23.29706573486328,23.29706573486328,3977000,0.0,0.0
1999-03-23 00:00:00-05:00,23.4783716165243,23.75032186690875,23.221529713383426,23.659671783447266,5314200,0.0,0.0
1999-03-24 00:00:00-05:00,23.901414922110764,23.931631628712672,23.085563843859195,23.780548095703125,3839200,0.0,0.0
1999-03-25 00:00:00-05:00,24.95899151321209,25.18561673881632,24.38487427501472,25.11007499694824,6645000,0.0,0.0
1999-03-26 00:00:00-05:00,24.83812761945643,25.125186271992728,24.73236916852201,24.807910919189453,3028000,0.0,0.0
1999-03-29 00:00:00-05:00,25.14028601233504,25.6690780859118,25.07985263249769,25.47266960144043,2737800,0.0,0.0
1999-03-30 00:00:00-05:00,25.23095014932993,25.2611668560956,24.596399307250977,24.596399307250977,4958600,0.0,0.0
1999-03-31 00:00:00-05:00,24.61149934979809,24.717257787765305,24.067598811681005,24.158248901367188,4561600,0.0,0.0
1999-04-01 00:00:00-05:00,24.11292385652409,24.20357394621028,23.840973587465555,24.158248901367188,5034800,0.0,0.0
1999-04-05 00:00:00-04:00,24.369769687351305,25.019428767671272,24.369769687351305,24.86834526062012,4505200,0.0,0.0
1999-04-06 00:00:00-04:00,25.07986606695713,25.850392072628704,24.89856583032853,25.336708068847656,5053600,0.0,0.0
1999-04-07 00:00:00-04:00,25.382030006105623,26.5000479944698,25.382030006105623,26.24320602416992,4332000,0.0,0.0
1999-04-08 00:00:00-04:00,26.484941903934924,26.68135048622309,25.986366271972656,25.986366271972656,4207400,0.0,0.0
1999-04-09 00:00:00-04:00,26.228093998314552,27.07416154664728,25.91081866768978,26.95329475402832,4782000,0.0,0.0
1999-04-12 00:00:00-04:00,26.620907306671143,27.240349531173703,26.53025722503662,27.07415771484375,3760200,0.0,0.0
1999-04-13 00:00:00-04:00,27.49719641674524,28.267722250401288,27.361221269629468,27.60295486450196,4637600,0.0,0.0
1999-04-14 00:00:00-04:00,27.96389119663108,28.206133892432973,26.313612831480683,26.58613586425781,4306600,0.12,0.0
1999-04-15 00:00:00-04:00,26.525580558685814,26.61642158799638,25.34464717764844,25.37492752075196,5169000,0.0,0.0
1999-04-16 00:00:00-04:00,25.67773241315569,25.78371362004961,24.86016310283116,25.435489654541016,3688800,0.0,0.0
1999-04-19 00:00:00-04:00,26.162219524383545,26.162219524383545,23.149325030545395,23.255306243896484,7571000,0.0,0.0
1999-04-20 00:00:00-04:00,23.40670348172212,24.103151321411133,23.164460754873765,24.103151321411133,5083400,0.0,0.0
1999-04-21 00:00:00-04:00,24.04258321344196,25.02669398729192,23.77006022991428,24.73903083801269,4407800,0.0,0.0
1999-04-22 00:00:00-04:00,25.13268830533513,25.40521143153756,24.951006221200178,25.28409004211425,2655000,0.0,0.0
1999-04-23 00:00:00-04:00,25.284087930406844,25.602031551088604,24.92072379248483,25.435489654541016,2590000,0.0,0.0
1999-04-26 00:00:00-04:00,25.6777203133513,25.6777203133513,24.315105438232425,24.315105438232425,2083800,0.0,0.0
1999-04-27 00:00:00-04:00,24.76931313827306,25.48090098515499,24.466509799174368,25.45062065124512,3097000,0.0,0.0
1999-04-28 00:00:00-04:00,25.329506596948345,25.55660916655637,24.72389974466028,24.79960060119629,2193800,0.0,0.0
1999-04-29 00:00:00-04:00,24.98128747302736,25.480913222487903,24.920726776123047,24.920726776123047,4110800,0.0,0.0
1999-04-30 00:00:00-04:00,25.1629693404488,25.55661386683368,23.70951262764309,24.027456283569336,5455200,0.0,0.0
1999-05-03 00:00:00-04:00,23.69436203794059,25.42034112568833,23.285577517158227,25.40520095825196,5681800,0.0,0.0
1999-05-04 00:00:00-04:00,25.43549167494473,25.82913618896173,23.754932403564453,23.754932403564453,10458400,0.0,0.0
1999-05-05 00:00:00-04:00,23.98203576129416,24.28483924312868,22.861662878506426,24.027456283569336,8413800,0.0,0.0
1999-05-06 00:00:00-04:00,23.96689558720244,23.98203576129416,22.7859620080478,22.982784271240234,5649600,0.0,0.0
1999-05-07 00:00:00-04:00,23.134188765106103,24.52708494729836,22.58914243294392,24.39082336425781,6060400,0.0,0.0
1999-05-10 00:00:00-04:00,24.360532359906387,24.57249472972533,23.482402542085023,23.70950508117676,4224800,0.0,0.0
1999-05-11 00:00:00-04:00,23.891190795520043,24.663339547466503,23.648948049811345,24.42109680175781,4600800,0.0,0.0
1999-05-12 00:00:00-04:00,24.708753162828224,25.95024688792131,24.103146467660867,25.87454605102539,6155600,0.0,0.0
1999-05-13 00:00:00-04:00,26.10164788917259,26.555852898844968,25.93510605229272,26.162208557128903,4291400,0.0,0.0
1999-05-14 00:00:00-04:00,25.314362772395103,25.344643110639595,23.951747551392973,24.25455093383789,6818200,0.0,0.0
1999-05-17 00:00:00-04:00,24.315113158169424,24.557355879545955,23.22502091197503,24.23941230773925,4750800,0.0,0.0
1999-05-18 00:00:00-04:00,24.3756730060975,25.10240114540973,23.80034656247533,23.96688842773437,4743800,0.0,0.0
1999-05-19 00:00:00-04:00,23.80033178040476,24.55733978868735,23.7549112999078,23.98201370239257,4745800,0.0,0.0
1999-05-20 00:00:00-04:00,23.906328655424574,24.209132058279856,23.149320148286364,23.209880828857425,4630600,0.0,0.0
1999-05-21 00:00:00-04:00,23.149326186249223,23.406709145808566,22.982784271240234,22.982784271240234,3369800,0.0,0.0
1999-05-24 00:00:00-04:00,22.86165011487388,22.86165011487388,21.71099752631069,21.9835205078125,5242400,0.0,0.0
1999-05-25 00:00:00-04:00,21.77157126443428,22.64970139888295,21.57474899291992,21.57474899291992,5997600,0.0,0.0
1999-05-26 00:00:00-04:00,21.741286762884368,22.801098791715777,21.45362349791584,22.679977416992188,6683600,0.0,0.0
1999-05-27 00:00:00-04:00,22.679971614997545,23.04333564621246,21.98352388850229,22.755672454833984,5666400,0.0,0.0
1999-05-28 00:00:00-04:00,22.982772829619098,23.391557326588607,22.710249831639423,23.37641716003418,3162400,0.0,0.0
1999-06-01 00:00:00-04:00,23.13417723653102,23.13417723653102,21.816982590210213,22.22576713562012,3827800,0.0,0.0
1999-06-02 00:00:00-04:00,21.741284232639387,21.741284232639387,20.65119198699173,21.37792015075684,9611800,0.0,0.0
1999-06-03 00:00:00-04:00,21.438475532965228,21.499036198312588,20.92370987751267,21.317354202270508,4360200,0.0,0.0
1999-06-04 00:00:00-04:00,21.075119270073188,22.044090270996094,20.923717551178985,22.044090270996094,5948600,0.0,0.0
1999-06-07 00:00:00-04:00,22.225771009882425,22.952499217290026,21.96838810309223,22.78595733642578,4892400,0.0,0.0
1999-06-08 00:00:00-04:00,22.770831800486945,22.922233607671032,21.953262041692863,22.10466384887696,3974000,0.0,0.0
1999-06-09 00:00:00-04:00,22.1349246671291,22.331746842691807,21.983522993619324,22.16520500183105,3598000,0.0,0.0
1999-06-10 00:00:00-04:00,21.74128303365964,21.983525741555567,21.1962369408938,21.40819931030273,3795200,0.0,0.0
1999-06-11 00:00:00-04:00,21.408201322088324,21.650444052748448,20.60577227677667,21.014556884765625,3988200,0.0,0.0
1999-06-14 00:00:00-04:00,20.89343497919482,20.95399566029393,20.287828168203664,20.832874298095703,2936200,0.0,0.0
1999-06-15 00:00:00-04:00,20.87830549487009,21.83213671037177,20.86316531684626,21.287090301513672,3829800,0.0,0.0
1999-06-16 00:00:00-04:00,21.92296751495013,22.816237600158733,21.816986318399955,22.54371452331543,4216400,0.0,0.0
1999-06-17 00:00:00-04:00,22.407451265965705,22.74053500100033,22.104647870479685,22.392311096191406,5470800,0.0,0.0
1999-06-18 00:00:00-04:00,22.28632460312805,23.376416567411496,22.28632460312805,23.19473457336425,4432600,0.0,0.0
1999-06-21 00:00:00-04:00,23.679224234177056,24.2848309920844,23.558102882595588,24.16370964050293,5920400,0.0,0.0
1999-06-22 00:00:00-04:00,23.86091623684274,23.92147693795148,23.28558957630973,23.30072975158692,4133200,0.0,0.0
1999-06-23 00:00:00-04:00,23.49754047138122,23.57324131052871,22.34688771633936,22.589130401611328,5536800,0.0,0.0
1999-06-24 00:00:00-04:00,22.770820382684164,23.01306315271272,22.119792938232425,22.119792938232425,8512800,0.0,0.0
1999-06-25 00:00:00-04:00,22.52857050259042,22.77081319616666,22.18034663057457,22.22576713562012,3860000,0.0,0.0
1999-06-28 00:00:00-04:00,22.528563787066748,23.04332935747016,22.46800313172517,22.89192771911621,4342800,0.0,0.0
1999-06-29 00:00:00-04:00,22.528574598810604,23.1190412717633,22.4982942566079,22.95249938964844,4462600,0.0,0.0
1999-06-30 00:00:00-04:00,22.93736086693228,25.132685834394447,22.619417250955003,24.86016273498535,9016000,0.0,0.0
1999-07-01 00:00:00-04:00,24.19398832204008,24.76931470266431,23.830624292172143,24.648193359375,6078000,0.0,0.0
1999-07-02 00:00:00-04:00,24.663343900240385,24.920726862980768,24.315119891826924,24.602783203125,2121400,0.0,0.0
1999-07-06 00:00:00-04:00,24.28482845651492,25.13267782906157,24.28482845651492,24.76931381225586,3768000,0.0,0.0
1999-07-07 00:00:00-04:00,24.829880943810693,24.860161286425097,24.42109631851625,24.79960060119629,3436200,0.0,0.0
1999-07-08 00:00:00-04:00,24.678475350341056,25.28408210740464,24.48165315429539,24.87529754638672,3722800,0.0,0.0
1999-07-09 00:00:00-04:00,24.90556969582208,25.162952482952143,24.875289367924417,25.087251663208008,1883600,0.0,0.0
1999-07-12 00:00:00-04:00,25.238657504904506,25.480900168418884,24.7087516784668,24.7087516784668,2773000,0.0,0.0
1999-07-13 00:00:00-04:00,24.16370568555944,24.739032011406096,24.16370568555944,24.7087516784668,2983200,0.0,0.0
1999-07-14 00:00:00-04:00,24.78220559110736,24.812557343209143,24.31175343352969,24.524215698242188,2901800,0.12,0.0
1999-07-15 00:00:00-04:00,24.539406349082554,25.04021056028832,24.17518510456927,24.417999267578125,4226200,0.0,0.0
1999-07-16 00:00:00-04:00,24.4938639556713,24.524215707784894,24.084115302137764,24.266225814819336,2365200,0.0,0.0
1999-07-19 00:00:00-04:00,24.32694296522948,24.645636541193184,23.99307350469607,24.205535888671875,2609800,0.0,0.0
1999-07-20 00:00:00-04:00,24.00823640180231,24.372457434446595,23.61366361643768,23.62883949279785,3192000,0.0,0.0
1999-07-21 00:00:00-04:00,23.73507493907517,23.88683373024573,23.416381477617,23.507436752319336,2537800,0.0,0.0
1999-07-22 00:00:00-04:00,23.689547301724005,24.22070307082096,23.31015032379761,23.507436752319336,4395400,0.0,0.0
1999-07-23 00:00:00-04:00,23.340498472917524,23.40120197999924,22.62723226470744,22.70311164855957,3117000,0.0,0.0
1999-07-26 00:00:00-04:00,22.58170927101784,22.71829218999577,22.323719312948416,22.49065399169922,2339600,0.0,0.0
1999-07-27 00:00:00-04:00,22.703103536761688,23.628831688995955,22.520993080584457,23.40119361877441,2837200,0.0,0.0
1999-07-28 00:00:00-04:00,23.34050279913898,23.88683446413833,23.264623401222405,23.325326919555664,2010400,0.0,0.0
1999-07-29 00:00:00-04:00,22.82451912664598,22.915574389119303,22.35406693720049,22.58170509338379,3543400,0.0,0.0
1999-07-30 00:00:00-04:00,22.581711639657907,22.612063402614435,21.88362109165773,21.91397285461425,3730800,0.0,0.0
1999-08-02 00:00:00-04:00,22.09607241569309,22.56652450696128,21.504213333129883,21.504213333129883,3816200,0.0,0.0
1999-08-03 00:00:00-04:00,21.61044544931648,21.70150069699618,21.13999333630467,21.23104858398437,3384400,0.0,0.0
1999-08-04 00:00:00-04:00,21.17034191524888,21.610442213128604,20.97305557482004,21.04893493652344,4538000,0.0,0.0
1999-08-05 00:00:00-04:00,21.01858319184208,21.306924766315,20.396372425874187,21.04893493652344,5563600,0.0,0.0
1999-08-06 00:00:00-04:00,20.83648174465882,20.882009381391505,19.850049615450644,19.941104888916016,5983400,0.0,0.0
1999-08-09 00:00:00-04:00,20.01698303222656,20.47225937109449,19.986631276302035,20.01698303222656,4559000,0.0,0.0
1999-08-10 00:00:00-04:00,19.956276829942045,20.30532197601708,19.66793518753224,20.229442596435547,5472200,0.0,0.0
1999-08-11 00:00:00-04:00,20.290146079366608,21.094467502108888,20.27497020346581,21.0034122467041,5629000,0.0,0.0
1999-08-12 00:00:00-04:00,21.246234271543248,21.67115895697411,21.18553074505312,21.397993087768555,3872200,0.0,0.0
1999-08-13 00:00:00-04:00,21.853266990989265,22.399598665763992,21.82291523127956,22.263015747070312,3150600,0.0,0.0
1999-08-16 00:00:00-04:00,22.217494464526048,22.217494464526048,21.79256970700779,22.111263275146484,1785000,0.0,0.0
1999-08-17 00:00:00-04:00,22.44511877533974,23.26461601257324,22.42994290057616,23.26461601257324,3998200,0.0,0.0
1999-08-18 00:00:00-04:00,23.006629712958084,23.11286085279364,22.64240866209332,23.067333221435547,2770200,0.0,0.0
1999-08-19 00:00:00-04:00,22.6575846815014,23.14321275237081,22.581705295428048,22.77899169921875,3199800,0.0,0.0
1999-08-20 00:00:00-04:00,22.79417711071729,23.158398316214768,22.73347357646771,23.00663948059082,2168600,0.0,0.0
1999-08-23 00:00:00-04:00,23.067339612292,23.43156076406504,23.006636086996497,23.37085723876953,2941200,0.0,0.0
1999-08-24 00:00:00-04:00,23.31014889884815,23.856480513664906,23.006631335061066,23.38602828979492,3827000,0.0,0.0
1999-08-25 00:00:00-04:00,23.128034364551343,23.7047176361084,22.71828572423449,23.7047176361084,4308600,0.0,0.0
1999-08-26 00:00:00-04:00,23.704730890565,23.91719326730502,23.27980613708496,23.27980613708496,3564800,0.0,0.0
1999-08-27 00:00:00-04:00,23.219096226248183,23.219096226248183,22.33889519283485,22.49065399169922,2960200,0.0,0.0
1999-08-30 00:00:00-04:00,22.232662176422185,22.52100387017783,21.231054187586786,21.26140594482422,3766800,0.0,0.0
1999-08-31 00:00:00-04:00,21.36763683966452,21.580099137786178,20.806129337485828,20.83648109436035,5547000,0.0,0.0
1999-09-01 00:00:00-04:00,21.13999249149301,21.91396206584057,21.01858549943849,21.73185157775879,5574800,0.0,0.0
1999-09-02 00:00:00-04:00,21.367634031656845,21.8684379542738,21.24622702011333,21.56492042541504,4161000,0.0,0.0
1999-09-03 00:00:00-04:00,22.39959576416016,22.824520345052083,22.354068130493165,22.763816833496094,5152000,0.0,0.0
1999-09-07 00:00:00-04:00,22.76381515564128,22.854870416263847,22.52100112731444,22.70311164855957,3807600,0.0,0.0
1999-09-08 00:00:00-04:00,22.460302231926345,22.62723691067715,22.21748815374336,22.49065399169922,3856200,0.0,0.0
1999-09-09 00:00:00-04:00,22.41476991788937,22.41476991788937,21.85326247918801,22.21748352050781,3799000,0.0,0.0
1999-09-10 00:00:00-04:00,22.55135661504464,22.687939528594704,22.035376719411044,22.47547721862793,2750200,0.0,0.0
1999-09-13 00:00:00-04:00,22.33889316527312,22.4147725578182,22.00502383807473,22.035375595092773,2011400,0.0,0.0
1999-09-14 00:00:00-04:00,21.701514179435,21.79256948368437,21.109654701814044,21.71669006347656,4611800,0.0,0.0
1999-09-15 00:00:00-04:00,21.974685833608504,22.06574116164832,21.079308441217,21.09448432922364,2846200,0.0,0.0
1999-09-16 00:00:00-04:00,21.155174255371094,21.215877768298988,20.563315004324128,21.155174255371094,3626200,0.0,0.0
1999-09-17 00:00:00-04:00,21.48903687816732,22.217478806240788,21.38280576365661,22.20230293273925,4537800,0.0,0.0
1999-09-20 00:00:00-04:00,22.217479815398296,22.44511792826098,22.00501757672645,22.1871280670166,3392800,0.0,0.0
1999-09-21 00:00:00-04:00,22.065724348032,22.065724348032,21.276578772999216,21.56492042541504,3246800,0.0,0.0
1999-09-22 00:00:00-04:00,21.06411768719606,22.06572558874861,20.851655405048547,21.747032165527344,5188800,0.0,0.0
1999-09-23 00:00:00-04:00,21.838087524932995,21.868439279658407,20.94271076053338,20.97306251525879,4045400,0.0,0.0
1999-09-24 00:00:00-04:00,21.04894993756269,21.61045761433977,20.396386961848773,21.337291717529297,4601800,0.0,0.0
1999-09-27 00:00:00-04:00,21.71668815208693,21.77739168291038,21.185532257381805,21.489049911499023,5089000,0.0,0.0
1999-09-28 00:00:00-04:00,21.50423010117725,21.792571930339115,20.86684289987206,21.59528541564941,4885200,0.0,0.0
1999-09-29 00:00:00-04:00,21.59526957470319,21.59526957470319,20.973058715558548,21.23104858398437,4729400,0.0,0.0
1999-09-30 00:00:00-04:00,21.397991100223063,22.141609230656343,21.06412173553873,21.655981063842773,4425400,0.0,0.0
1999-10-01 00:00:00-04:00,21.686327436958543,21.74703094273029,21.018588873469263,21.56492042541504,3654800,0.0,0.0
1999-10-04 00:00:00-04:00,21.853261250935628,22.809341430664062,21.701502492248576,22.809341430664062,4676800,0.0,0.0
1999-10-05 00:00:00-04:00,22.809334289459954,23.552951974212807,22.490640995994447,22.9459171295166,7158600,0.0,0.0
1999-10-06 00:00:00-04:00,23.173569689054087,23.67437374913188,23.14321792783725,23.64402198791504,4506400,0.0,0.0
1999-10-07 00:00:00-04:00,23.64401207967521,23.886826067656475,23.18873585221035,23.219087600708008,4321800,0.0,0.0
1999-10-08 00:00:00-04:00,22.8245227243018,23.37085438525583,22.6575880501214,23.128040313720703,3720600,0.0,0.0
1999-10-11 00:00:00-04:00,23.15839333248578,23.40120741723006,22.93075512803801,23.05216217041016,2270600,0.0,0.0
1999-10-12 00:00:00-04:00,23.08249156777244,23.35565714845613,22.87002944946289,22.87002944946289,3236200,0.0,0.0
1999-10-13 00:00:00-04:00,22.7611111033108,23.126262618337176,22.45681817412215,22.487247467041016,3285400,0.12,0.0
1999-10-14 00:00:00-04:00,22.39595930657419,22.62417900059499,21.954734564800653,22.36553001403809,4451400,0.0,0.0
1999-10-15 00:00:00-04:00,22.15252966914617,22.15252966914617,21.43744114273829,21.452655792236328,4858000,0.0,0.0
1999-10-18 00:00:00-04:00,21.452657849956843,22.015599935381243,21.25486738751044,22.000385284423828,4150200,0.0,0.0
1999-10-19 00:00:00-04:00,22.45681817412215,23.00454544666172,22.39595958828442,22.487247467041016,3980400,0.0,0.0
1999-10-20 00:00:00-04:00,22.50246374947684,23.43055725097656,22.50246374947684,23.11104965209961,3374000,0.0,0.0
1999-10-21 00:00:00-04:00,22.882836514474185,23.82614493461873,22.700260691220404,23.70442771911621,3783800,0.0,0.0
1999-10-22 00:00:00-04:00,24.16086427727997,25.56061208175715,24.115220327133976,25.04331398010254,7288200,0.0,0.0
1999-10-25 00:00:00-04:00,24.434725351001493,24.678159725606736,24.267364218460383,24.46515464782715,5319200,0.0,0.0
1999-10-26 00:00:00-04:00,24.34343970564148,24.49558620380174,23.87178556134468,23.947858810424805,5467400,0.0,0.0
1999-10-27 00:00:00-04:00,23.9478483217236,25.499741923258416,23.90220439226669,25.36281013488769,4522600,0.0,0.0
1999-10-28 00:00:00-04:00,25.84968239635868,27.73629841586926,25.80403846040278,27.675439834594727,10559600,0.0,0.0
1999-10-29 00:00:00-04:00,27.75152138339899,28.05581438102398,26.65606659194903,26.85385704040528,8837400,0.0,0.0
1999-11-01 00:00:00-05:00,26.77777185817223,27.416786868424065,26.56476685475495,26.92991828918457,5003600,0.0,0.0
1999-11-02 00:00:00-05:00,26.92991606358367,27.52328709549314,26.71691107777001,26.808198928833008,3684200,0.0,0.0
1999-11-03 00:00:00-05:00,26.808208734926207,26.808208734926207,26.21483748596928,26.503915786743164,3871800,0.0,0.0
1999-11-04 00:00:00-05:00,26.82343241156036,27.6906676058082,26.77778845396837,27.553735733032227,4509800,0.0,0.0
1999-11-05 00:00:00-05:00,28.26881271790506,28.573105642747954,28.05580767051504,28.192739486694336,4826800,0.0,0.0
1999-11-08 00:00:00-05:00,28.17752452482257,28.32967098553976,27.50808009766696,27.751514434814453,2291000,0.0,0.0
1999-11-09 00:00:00-05:00,27.75151856434824,27.78194786101968,26.610419939169446,26.91471290588379,3983000,0.0,0.0
1999-11-10 00:00:00-05:00,26.823429107666016,27.355941880648608,26.56478004650304,26.823429107666016,2976400,0.0,0.0
1999-11-11 00:00:00-05:00,26.929921896907445,27.477649121929293,26.899492606628453,27.340717315673828,2793400,0.0,0.0
1999-11-12 00:00:00-05:00,27.979724606871606,29.4555447737376,27.918866043289505,29.21211051940918,5283400,0.0,0.0
1999-11-15 00:00:00-05:00,29.6989895766952,29.744633515593808,28.75568150612393,29.47076988220215,4296800,0.0,0.0
1999-11-16 00:00:00-05:00,29.74463389758277,31.037878849651584,29.54684349314872,30.977020263671875,6038400,0.0,0.0
1999-11-17 00:00:00-05:00,30.307582978912684,30.39887087945158,29.48599187406264,29.56206512451172,6024600,0.0,0.0
1999-11-18 00:00:00-05:00,29.94241830877668,30.429286899163284,29.485979005289224,30.21628189086914,5158000,0.0,0.0
1999-11-19 00:00:00-05:00,30.21629251259655,30.368439000575385,29.942428834234647,30.27715110778809,2161800,0.0,0.0
1999-11-22 00:00:00-05:00,29.66856221206316,30.003284452404383,29.09040561511013,29.89678192138672,3833800,0.0,0.0
1999-11-23 00:00:00-05:00,29.942429190354723,29.942429190354723,29.136052794476267,29.33384323120117,2053200,0.0,0.0
1999-11-24 00:00:00-05:00,29.455554073804045,29.455554073804045,28.74046572593793,28.877397537231445,2568800,0.0,0.0
1999-11-26 00:00:00-05:00,29.05997629893028,29.15126418259184,28.69482476428404,28.72525405883789,659200,0.0,0.0
1999-11-29 00:00:00-05:00,28.420960564898632,28.72525350456564,28.22317015411508,28.48181915283203,3209600,0.0,0.0
1999-11-30 00:00:00-05:00,28.40574463266165,29.51641381219261,28.37531534007176,29.364267349243164,4264600,0.0,0.0
1999-12-01 00:00:00-05:00,29.09040451646161,29.592487858011424,29.02954592960709,29.19690704345703,3661000,0.0,0.0
1999-12-02 00:00:00-05:00,29.196905727200537,29.942423382558964,29.196905727200537,29.653345108032227,2420200,0.0,0.0
1999-12-03 00:00:00-05:00,30.383654902703235,31.40303641421105,30.32279630500128,31.205245971679688,4794200,0.0,0.0
1999-12-06 00:00:00-05:00,30.87051855946799,31.12916755676269,30.474937740076086,31.12916755676269,3574000,0.0,0.0
1999-12-07 00:00:00-05:00,31.32695347676363,32.741915435646106,31.220450963729466,32.04204177856445,7614400,0.0,0.0
1999-12-08 00:00:00-05:00,32.118112867426454,32.376761810461154,31.12916102641143,32.239830017089844,3458600,0.0,0.0
1999-12-09 00:00:00-05:00,32.86364981506865,32.985367036605936,31.95077065353896,32.34635162353516,5152800,0.0,0.0
1999-12-10 00:00:00-05:00,32.7571389347204,32.90928542303773,32.25505552327323,32.74192428588867,3250400,0.0,0.0
1999-12-13 00:00:00-05:00,32.52891649518694,32.54413114275251,31.82904270717076,32.0572624206543,2613800,0.0,0.0
1999-12-14 00:00:00-05:00,31.326965960621305,31.479112468443653,30.91617038950097,30.931385040283203,3382200,0.0,0.0
1999-12-15 00:00:00-05:00,30.93137671983742,31.37260147383412,30.55101055259889,30.76021194458008,3360200,0.0,0.0
1999-12-16 00:00:00-05:00,30.65750853061676,31.0683039302826,30.27714241981506,30.429288864135746,3201800,0.0,0.0
1999-12-17 00:00:00-05:00,30.672717696227583,32.10289401738105,30.642288412798784,31.17480087280273,6757200,0.0,0.0
1999-12-20 00:00:00-05:00,32.07247252327663,32.28547755900997,31.22045238034329,31.72633934020996,4631400,0.0,0.0
1999-12-21 00:00:00-05:00,31.28131648155235,32.01161959007108,30.85530633491642,31.372604370117188,3748600,0.0,0.0
1999-12-22 00:00:00-05:00,31.64647430038085,31.73776220701656,31.372610580473708,31.616044998168945,2026600,0.0,0.0
1999-12-23 00:00:00-05:00,31.88989478281696,32.133329094136165,31.8442508494446,32.01161193847656,2195400,0.0,0.0
1999-12-27 00:00:00-05:00,32.255046804632784,32.802774014522775,32.04204177856445,32.04204177856445,2653600,0.0,0.0
1999-12-28 00:00:00-05:00,32.16376280829005,32.97013907547992,32.16376280829005,32.681060791015625,2133800,0.0,0.0
1999-12-29 00:00:00-05:00,32.620198073496546,34.12644789125594,32.604983428872714,33.8221549987793,1938400,0.0,0.0
1999-12-30 00:00:00-05:00,33.82217815534204,34.65898418257722,33.80696350030139,34.3851203918457,1664400,0.0,0.0
1999-12-31 00:00:00-05:00,34.38510026280391,34.7806810622875,34.2025245091961,34.75025177001953,570000,0.0,0.0
2000-01-03 00:00:00-05:00,33.41137491861979,33.59395073784722,32.16377348723235,32.8636474609375,5309000,0.0,0.0
2000-01-04 00:00:00-05:00,32.13332904052734,32.19418761825561,29.94242024230957,30.429288864135746,6234400,0.0,0.0
2000-01-05 00:00:00-05:00,30.185853476096263,30.231497407763747,28.54267193606683,29.318618774414062,7744200,0.0,0.0
2000-01-06 00:00:00-05:00,29.30340105744341,30.41406994487506,29.27297177285624,29.88155746459961,6586000,0.0,0.0
2000-01-07 00:00:00-05:00,29.3338464732229,30.900955491242588,29.07519741199635,30.80966758728028,6324800,0.0,0.0
2000-01-10 00:00:00-05:00,30.983648820356887,31.990998979048296,30.90733441439541,31.89942169189453,4610200,0.2,0.0
2000-01-11 00:00:00-05:00,32.235205078125,32.26573084050959,31.62468983043324,31.89942169189453,3945600,0.0,0.0
2000-01-12 00:00:00-05:00,31.96049156080284,32.876264957960515,31.86891422108708,32.143646240234375,4291600,0.0,0.0
2000-01-13 00:00:00-05:00,32.2352160696378,32.52521091117337,31.74680370494632,32.34205627441406,3319200,0.0,0.0
2000-01-14 00:00:00-05:00,33.02889074951505,33.6088805131387,32.58626698253911,33.53256607055664,3635800,0.0,0.0
2000-01-18 00:00:00-05:00,33.53255531988412,33.88360164321472,32.647308069746074,32.66257095336914,3460400,0.0,0.0
2000-01-19 00:00:00-05:00,32.87626164039671,33.50204006530677,32.84573586357183,33.1357307434082,3452200,0.0,0.0
2000-01-20 00:00:00-05:00,32.754143521694,33.51728759256292,32.5404631818507,32.92203521728516,4481000,0.0,0.0
2000-01-21 00:00:00-05:00,32.906775024701965,32.906775024701965,32.113105126147,32.3573112487793,3965000,0.0,0.0
2000-01-24 00:00:00-05:00,32.60151842236519,32.8457245528698,30.632606495171785,31.258384704589844,4191000,0.0,0.0
2000-01-25 00:00:00-05:00,31.197349419402705,32.082597103514914,31.01419472613811,31.609447479248047,4061400,0.0,0.0
2000-01-26 00:00:00-05:00,31.868908599537715,32.44889831542969,31.31944465816637,32.44889831542969,5503200,0.0,0.0
2000-01-27 00:00:00-05:00,32.235219103224736,33.39519857853017,32.052064449229135,32.99836349487305,3009900,0.0,2.0
2000-01-28 00:00:00-05:00,32.235219610878886,33.05941556683886,30.70893080354561,30.922611236572266,3565800,0.0,0.0
2000-01-31 00:00:00-05:00,31.014177574301662,32.3573112487793,30.52576532903707,32.3573112487793,2606800,0.0,0.0
2000-02-01 00:00:00-05:00,32.05205462872982,32.174157693982124,31.04470434039831,31.258384704589844,3177500,0.0,0.0
2000-02-02 00:00:00-05:00,31.13627739465168,32.84572007514236,30.58681367592253,31.807844161987305,3001000,0.0,0.0
2000-02-03 00:00:00-05:00,32.23520278930664,32.540460391478106,31.380481503226537,32.23520278930664,4021700,0.0,0.0
2000-02-04 00:00:00-05:00,32.052054799930126,32.17415786583462,31.28891063802703,32.08258056640625,2411100,0.0,0.0
2000-02-07 00:00:00-05:00,31.50258654047112,31.92994721059378,31.25838044325816,31.807844161987305,2611500,0.0,0.0
2000-02-08 00:00:00-05:00,32.7236330375144,33.547829018869706,32.47942682081653,33.12046813964844,2829000,0.0,0.0
2000-02-09 00:00:00-05:00,33.60887077863826,33.66992231502089,32.47941735555959,32.81520080566406,3247900,0.0,0.0
2000-02-10 00:00:00-05:00,32.845729959914344,33.21203921597287,32.143637219135506,32.632049560546875,2029600,0.0,0.0
2000-02-11 00:00:00-05:00,32.6625797186005,33.73098185892855,32.418373515096945,32.60152816772461,2970400,0.0,0.0
2000-02-14 00:00:00-05:00,32.96782103451815,33.08992407538674,32.11309974843805,32.23520278930664,1858800,0.0,0.0
2000-02-15 00:00:00-05:00,31.655224711924536,32.082585508421104,31.502595856032904,32.02153396606445,2999100,0.0,0.0
2000-02-16 00:00:00-05:00,32.02153396606445,32.448894762561025,31.3804927713196,32.02153396606445,2455100,0.0,0.0
2000-02-17 00:00:00-05:00,31.83838510701779,31.99101399056054,30.70893136880144,30.89208602905273,2658800,0.0,0.0
2000-02-18 00:00:00-05:00,30.892079232663523,31.38049155254753,29.365790733026,29.915254592895508,3347800,0.0,0.0
2000-02-22 00:00:00-05:00,30.403664982067784,30.617345358447785,29.54894347654781,30.43419075012207,3025700,0.0,0.0
2000-02-23 00:00:00-05:00,30.31207478091744,32.845712451427154,30.09839449545276,32.113094329833984,3966300,0.0,0.0
2000-02-24 00:00:00-05:00,32.96782439218927,34.31095797853772,32.29625759901504,33.7309684753418,5636000,0.0,0.0
2000-02-25 00:00:00-05:00,33.76151728075604,34.76886815802995,33.0899500292401,34.12782669067383,4249800,0.0,0.0
2000-02-28 00:00:00-05:00,33.45624683521412,34.066762288411454,33.21204065393518,33.792030334472656,3657500,0.0,0.0
2000-02-29 00:00:00-05:00,33.66991618172511,34.40253448486328,33.273081267525264,34.40253448486328,3836300,0.0,0.0
2000-03-01 00:00:00-05:00,35.10465178378793,36.87514726505723,34.921497078829034,36.75304412841797,4900700,0.0,0.0
2000-03-02 00:00:00-05:00,36.508822307975926,37.72985315439652,36.17303882521026,37.39406967163086,3321500,0.0,0.0
2000-03-03 00:00:00-05:00,38.21826848705265,38.67615509033203,37.058289092078205,38.67615509033203,3503000,0.0,0.0
2000-03-06 00:00:00-05:00,38.73720661381481,39.652979819815165,38.70668084028146,39.50035095214844,2856400,0.0,0.0
2000-03-07 00:00:00-05:00,39.68350063135595,40.232964486251646,39.13403677646025,39.56139755249024,4255700,0.0,0.0
2000-03-08 00:00:00-05:00,39.5308706730227,39.561396441882174,38.03510799890832,38.584571838378906,3068100,0.0,0.0
2000-03-09 00:00:00-05:00,38.95089091425356,40.72138595581055,38.584581595310745,40.72138595581055,2876600,0.0,0.0
2000-03-10 00:00:00-05:00,41.20978813666802,43.835004269818725,40.99610775373715,42.3087158203125,4306600,0.0,0.0
2000-03-13 00:00:00-05:00,40.53821244673296,41.820294466885656,39.37823347611861,40.29400634765625,2818300,0.0,0.0
2000-03-14 00:00:00-05:00,40.0498157587715,41.48452714647139,38.24879508059504,39.04246520996094,2935800,0.0,0.0
2000-03-15 00:00:00-05:00,39.28666198253632,39.37823928319491,37.97405400642982,38.09615707397461,4110900,0.0,0.0
2000-03-16 00:00:00-05:00,37.36352619371916,39.56138067570264,36.0203928991737,39.43927764892578,5975900,0.0,0.0
2000-03-17 00:00:00-05:00,40.20244730373978,43.43817958483046,40.080344198792965,43.40765380859375,5726800,0.0,0.0
2000-03-20 00:00:00-05:00,43.9571053796552,44.87287840839802,42.73607467466478,42.82765197753906,4139200,0.0,0.0
2000-03-21 00:00:00-05:00,41.789770912670434,43.46868793253667,40.72136917275556,43.31605911254883,6144000,0.0,0.0
2000-03-22 00:00:00-05:00,43.95709676043292,44.41498318502076,43.68236490568021,44.02577972412109,4404400,0.0,0.0
2000-03-23 00:00:00-05:00,44.109739338816944,46.3991721764718,42.1255642128494,46.27706909179688,7123900,0.0,0.0
2000-03-24 00:00:00-05:00,45.605503940768905,47.55915337330519,45.605503940768905,46.7960090637207,4861600,0.0,0.0
2000-03-27 00:00:00-05:00,46.09391538302104,46.09391538302104,43.65185364087423,43.95711135864258,3073500,0.0,0.0
2000-03-28 00:00:00-05:00,42.49188085035844,43.77396346222271,42.278200415047735,42.98029327392578,4902000,0.0,0.0
2000-03-29 00:00:00-05:00,43.22450331102531,43.560286881944286,40.93506987294134,42.36978149414063,3079000,0.0,0.0
2000-03-30 00:00:00-05:00,41.78977522854464,43.10238321600075,40.44664147393839,41.095314025878906,3842200,0.0,0.0
2000-03-31 00:00:00-05:00,40.78241134804658,41.08766891801699,38.828762900235965,40.47715377807617,4280200,0.0,0.0
2000-04-03 00:00:00-04:00,40.75192003264085,42.36978652082809,40.75192003264085,41.698219299316406,3947200,0.0,0.0
2000-04-04 00:00:00-04:00,42.12556890539221,42.12556890539221,36.203568638982,38.40142440795898,8308000,0.0,0.0
2000-04-05 00:00:00-04:00,38.279303780917466,39.46980844396035,37.02774759669289,38.950870513916016,5648200,0.0,0.0
2000-04-06 00:00:00-04:00,39.561400562328295,41.75925614912431,39.561400562328295,41.66767883300781,4009600,0.0,0.0
2000-04-07 00:00:00-04:00,42.58344717935025,42.58344717935025,41.30136489868164,41.30136489868164,3310900,0.0,0.0
2000-04-10 00:00:00-04:00,42.00345811440911,43.98763309801129,41.88135503849513,43.34659194946289,4620900,0.0,0.0
2000-04-11 00:00:00-04:00,43.40764872233073,44.048689948187935,41.27084463614005,42.03398895263672,4020800,0.0,0.0
2000-04-12 00:00:00-04:00,43.44756051664442,43.44756051664442,38.91922322336036,39.04161071777344,5398400,0.2,0.0
2000-04-13 00:00:00-04:00,39.16400833635141,39.22520209937696,36.71625781532944,36.96103286743164,5821500,0.0,0.0
2000-04-14 00:00:00-04:00,34.758032568815715,35.216985463650424,31.69834660325095,32.73863983154297,9867100,0.0,0.0
2000-04-17 00:00:00-04:00,32.67746145986798,33.96253016896391,31.943136483241727,33.74835205078125,6798900,0.0,0.0
2000-04-18 00:00:00-04:00,33.778953174553294,37.60356290899095,33.625968785175786,37.08341598510742,6230100,0.0,0.0
2000-04-19 00:00:00-04:00,37.511762358347575,37.511762358347575,35.798337650299075,36.71624374389648,2862300,0.0,0.0
2000-04-20 00:00:00-04:00,36.593856264750166,36.71624374389648,35.76774078051249,36.71624374389648,2884500,0.0,0.0
2000-04-24 00:00:00-04:00,36.71623266837448,38.09309139343851,35.92071429389303,38.00130081176758,4779200,0.0,0.0
2000-04-25 00:00:00-04:00,38.093094355623485,39.62293750243568,37.38936650808988,39.10279083251953,4381900,0.0,0.0
2000-04-26 00:00:00-04:00,39.19459502641545,40.51026058936304,38.58265755527703,39.46996688842773,3405300,0.0,0.0
2000-04-27 00:00:00-04:00,37.6953649106233,39.408790588378906,37.32820226538996,39.408790588378906,3252400,0.0,0.0
2000-04-28 00:00:00-04:00,39.89831008662618,39.92890695018955,37.14459236592346,37.57294845581055,2409500,0.0,0.0
2000-05-01 00:00:00-04:00,37.45057329040336,40.44906690352389,36.9916201863543,39.04161071777344,3554500,0.0,0.0
2000-05-02 00:00:00-04:00,37.97072544349695,38.796841146135485,36.96102847360542,37.08341598510742,3337200,0.0,0.0
2000-05-03 00:00:00-04:00,36.96103900752656,37.51178296624798,35.4923884509361,35.73716354370117,3720000,0.0,0.0
2000-05-04 00:00:00-04:00,36.47148241505781,36.47148241505781,34.42149137327184,35.06402587890625,3061200,0.0,0.0
2000-05-05 00:00:00-04:00,34.78862464113688,36.47145169062019,34.45205923124021,34.81922149658203,3523400,0.0,0.0
2000-05-08 00:00:00-04:00,34.78864501475043,35.67595434230343,34.51327315447536,35.15580749511719,2437500,0.0,0.0
2000-05-09 00:00:00-04:00,35.36996489459475,35.951305148052626,34.39086552034991,34.81922149658203,2491600,0.0,0.0
2000-05-10 00:00:00-04:00,34.45206964849749,34.543860242587634,31.82073928458028,32.371482849121094,6080000,0.0,0.0
2000-05-11 00:00:00-04:00,33.534163773949466,33.65655123297848,32.43267664268836,32.79983901977539,3779500,0.0,0.0
2000-05-12 00:00:00-04:00,32.79983826920236,34.20729401582858,32.310288444288894,33.97781753540039,2938500,0.0,0.0
2000-05-15 00:00:00-04:00,34.08490142178435,36.71623133405854,34.02370770289425,36.25727844238281,3909700,0.0,0.0
2000-05-16 00:00:00-04:00,37.08341715106141,38.85803612363695,36.31849518012367,36.83864212036133,5151900,0.0,0.0
2000-05-17 00:00:00-04:00,36.96103168788709,37.66475994022269,35.79835022750654,37.20580673217773,2955000,0.0,0.0
2000-05-18 00:00:00-04:00,37.08342525210839,38.09312247431927,36.25730934302677,36.56327819824219,3444200,0.0,0.0
2000-05-19 00:00:00-04:00,35.186400014360565,35.553562449293025,33.411781578853684,33.99312210083008,3938700,0.0,0.0
2000-05-22 00:00:00-04:00,33.656561816180194,34.146111806233726,32.21850872039795,33.04462432861328,3407400,0.0,0.0
2000-05-23 00:00:00-04:00,33.044630197378304,34.084924110999474,32.92224267812876,33.41179275512695,2409000,0.0,0.0
2000-05-24 00:00:00-04:00,33.90134283212515,34.36029602931096,32.92224267812876,33.41179275512695,3413600,0.0,0.0
2000-05-25 00:00:00-04:00,33.41178102046251,34.75804325938225,31.11701584048569,31.331193923950195,6233200,0.0,0.0
2000-05-26 00:00:00-04:00,30.53569187242922,31.545389098671865,30.53569187242922,31.178226470947266,3930900,0.0,0.0
2000-05-30 00:00:00-04:00,31.33118951142724,32.83043588453265,31.269995781912733,32.79983901977539,3462400,0.0,0.0
2000-05-31 00:00:00-04:00,32.67746763962966,35.21700866405781,32.49388636075533,35.002830505371094,4396300,0.0,0.0
2000-06-01 00:00:00-04:00,35.24760442081084,37.205804666411446,34.32969805568556,36.83864212036133,4860400,0.0,0.0
2000-06-02 00:00:00-04:00,41.12219155615124,41.12219155615124,38.98041074593503,40.66323852539063,5189900,0.0,0.0
2000-06-05 00:00:00-04:00,39.65354480482128,40.57145093456251,39.31697922391616,40.204288482666016,2643600,0.0,0.0
2000-06-06 00:00:00-04:00,39.775935684251934,39.83712943145847,38.79683572894727,39.04161071777344,2111200,0.0,0.0
2000-06-07 00:00:00-04:00,38.73565572421005,40.14311240929192,38.73565572421005,39.13341522216797,3866200,0.0,0.0
2000-06-08 00:00:00-04:00,39.13340362064422,39.13340362064422,38.246094234406,38.55206298828125,1709000,0.0,0.0
2000-06-09 00:00:00-04:00,39.225185382253365,40.02070396254867,38.705038618214125,38.79682922363281,1801400,0.0,0.0
2000-06-12 00:00:00-04:00,38.796856767340216,39.86774792416743,38.796856767340216,39.5617790222168,1852500,0.0,0.0
2000-06-13 00:00:00-04:00,39.56175151864986,41.12219183377061,39.13339535371474,40.81622314453125,2733800,0.0,0.0
2000-06-14 00:00:00-04:00,40.81622422090051,42.22368022851777,40.54085239332322,41.85651779174805,3130900,0.0,0.0
2000-06-15 00:00:00-04:00,41.42816025200657,41.55054772690172,39.28637944134154,41.09159469604492,2789200,0.0,0.0
2000-06-16 00:00:00-04:00,40.20429843967244,41.15280167531159,39.65355462543035,39.71474838256836,4140100,0.0,0.0
2000-06-19 00:00:00-04:00,40.63264434837042,42.10129414409465,40.173691287206594,41.33637237548828,2802800,0.0,0.0
2000-06-20 00:00:00-04:00,41.36697398712489,42.713236454161496,41.1833927416199,42.37667083740234,2496600,0.0,0.0
2000-06-21 00:00:00-04:00,42.71323569638886,43.04980130717702,41.45876387436024,41.91771697998047,2832600,0.0,0.0
2000-06-22 00:00:00-04:00,41.18339080581264,41.39756891550111,40.41846898549665,40.72443771362305,2875000,0.0,0.0
2000-06-23 00:00:00-04:00,40.6326547396385,41.33638294672562,39.500570232585325,39.71474838256836,2390500,0.0,0.0
2000-06-26 00:00:00-04:00,40.3266806076688,40.69384310182057,39.469968121314686,40.23488998413086,2839600,0.0,0.0
2000-06-27 00:00:00-04:00,39.89831974994705,41.244582072798025,39.80652913702539,40.63264465332031,3507500,0.0,0.0
2000-06-28 00:00:00-04:00,40.57145738887216,41.33637928534411,40.08190737513011,40.87742614746094,3009100,0.0,0.0
2000-06-29 00:00:00-04:00,40.63263979311343,41.67293328179254,39.92891184488933,41.30577087402344,3229400,0.0,0.0
2000-06-30 00:00:00-04:00,41.39757749196646,42.71324329548054,40.74739380999728,40.75504302978516,4752100,0.0,0.0
2000-07-03 00:00:00-04:00,40.9997989991132,41.73412375730627,40.877411539414354,41.61173629760742,1200900,0.0,0.0
2000-07-05 00:00:00-04:00,42.01657088025868,43.73403655127656,41.61787349234382,42.62995147705078,4212800,0.2,0.0
2000-07-06 00:00:00-04:00,42.66063721619505,43.97940601583299,42.10859446285823,43.918067932128906,3809300,0.0,0.0
2000-07-07 00:00:00-04:00,43.61136742953596,44.71545268091662,43.3353461166908,44.47010040283203,3450700,0.0,0.0
2000-07-10 00:00:00-04:00,44.40875511731169,45.94220660616914,44.19407190887165,45.81953048706055,3778800,0.0,0.0
2000-07-11 00:00:00-04:00,45.206161554308906,46.586268250335976,45.05281636586145,46.55559921264648,3266700,0.0,0.0
2000-07-12 00:00:00-04:00,46.61692574386197,47.23030634575489,46.40224253319945,46.86227798461914,3528300,0.0,0.0
2000-07-13 00:00:00-04:00,46.98497748467709,47.475682210365626,46.46360371363302,47.29166793823242,2563400,0.0,0.0
2000-07-14 00:00:00-04:00,47.38366447389126,47.59834774335225,46.92362889647484,47.107643127441406,2286500,0.0,0.0
2000-07-17 00:00:00-04:00,47.35300612223197,47.35300612223197,45.02215867061951,45.206172943115234,2500800,0.0,0.0
2000-07-18 00:00:00-04:00,45.08348096560125,45.57418552032889,44.50076930686219,44.77679061889648,2278800,0.0,0.0
2000-07-19 00:00:00-04:00,44.316742467475,44.50075662304929,42.93663630066782,43.304664611816406,2251000,0.0,0.0
2000-07-20 00:00:00-04:00,43.79538150944122,45.14481903494221,43.76471247477074,44.77679061889648,2605200,0.0,0.0
2000-07-21 00:00:00-04:00,45.26749633184754,46.67827196278588,45.022144048206094,46.46358871459961,3438100,0.0,0.0
2000-07-24 00:00:00-04:00,46.49424750744742,46.98495196662893,45.66618373257864,46.18755722045898,1888200,0.0,0.0
2000-07-25 00:00:00-04:00,46.003571969958834,46.86230531339807,45.63554339419916,46.35626602172852,2447700,0.0,0.0
2000-07-26 00:00:00-04:00,45.972903354193576,46.55561527129142,45.48219858190065,45.63554382324219,2652300,0.0,0.0
2000-07-27 00:00:00-04:00,46.31023819382126,46.73960464065139,44.47009627883499,45.390167236328125,2071900,0.0,0.0
2000-07-28 00:00:00-04:00,45.26748227127551,45.26748227127551,43.028643378454966,43.304664611816406,2553000,0.0,0.0
2000-07-31 00:00:00-04:00,43.27400792004311,44.86879772290792,42.44594398394023,44.77679061889648,2712300,0.0,0.0
2000-08-01 00:00:00-04:00,45.20615523820071,45.42083847203205,44.3780913362798,44.623443603515625,2189400,0.0,0.0
2000-08-02 00:00:00-04:00,44.80746512720141,45.85021243337858,44.53144378144862,45.23683166503906,1960200,0.0,0.0
2000-08-03 00:00:00-04:00,44.65410877131273,46.371574493286296,44.6234397405632,46.064884185791016,2389800,0.0,0.0
2000-08-04 00:00:00-04:00,46.61693582754306,48.30373284761863,46.55559775408577,47.96637344360352,3421600,0.0,0.0
2000-08-07 00:00:00-04:00,48.15037795604974,48.579744383683305,47.10763091751109,48.42639923095703,3821900,0.0,0.0
2000-08-08 00:00:00-04:00,48.36506028631245,48.610412526192285,47.26097520685319,47.47565841674805,2225100,0.0,0.0
2000-08-09 00:00:00-04:00,47.10764399023189,49.16246960699331,46.95429879495119,48.273067474365234,3130100,0.0,0.0
2000-08-10 00:00:00-04:00,48.36506185988097,49.00911151051984,47.38365286843126,47.41432189941406,2373000,0.0,0.0
2000-08-11 00:00:00-04:00,47.56766633881854,49.92918168897265,47.50632827777557,49.86784362792969,2995000,0.0,0.0
2000-08-14 00:00:00-04:00,49.86783472009607,51.43195499729465,48.88642591871657,51.063926696777344,3322300,0.0,0.0
2000-08-15 00:00:00-04:00,50.910580545810646,51.12526371678696,49.46913639782685,49.80649566650391,2477900,0.0,0.0
2000-08-16 00:00:00-04:00,49.68384558779334,50.2358883165466,47.53701275375289,48.33440780639648,2839900,0.0,0.0
2000-08-17 00:00:00-04:00,48.027700623678506,50.29720882684084,48.027700623678506,50.14386367797852,3369300,0.0,0.0
2000-08-18 00:00:00-04:00,50.05187851550346,50.35856894758375,49.10113817605456,49.285152435302734,2212600,0.0,0.0
2000-08-21 00:00:00-04:00,49.77583346220613,50.08252374847974,48.57974134573907,49.990516662597656,2480400,0.0,0.0
2000-08-22 00:00:00-04:00,49.7451861255224,50.971947805559935,49.62250995751864,50.48124313354492,2880700,0.0,0.0
2000-08-23 00:00:00-04:00,50.54257332629624,50.87993273563438,49.561164135494366,49.85251998901367,2453400,0.0,0.0
2000-08-24 00:00:00-04:00,49.86786296497692,50.787934237393465,49.56117254083807,50.60391998291016,2448800,0.0,0.0
2000-08-25 00:00:00-04:00,50.17451934814453,50.87990684509277,49.22377967834473,49.683815002441406,1717500,0.0,0.0
2000-08-28 00:00:00-04:00,49.315819537509256,51.00261684756087,49.22381241150644,50.48124313354492,1885900,0.0,0.0
2000-08-29 00:00:00-04:00,50.35855820304469,51.43197448630082,49.65317035976209,51.27862930297852,2689100,0.0,0.0
2000-08-30 00:00:00-04:00,51.03329017395957,52.16804482326035,50.6652616390512,51.95336151123047,3293700,0.0,0.0
2000-08-31 00:00:00-04:00,51.46264196325232,53.241446035879626,51.30929678457755,52.78907775878906,2825900,0.0,0.0
2000-09-01 00:00:00-04:00,52.7814239063584,52.99610721103272,52.19871207938524,52.8427619934082,1994200,0.0,0.0
2000-09-05 00:00:00-04:00,52.8427253803407,53.73212702632439,52.01466177890762,52.47469711303711,2470100,0.0,0.0
2000-09-06 00:00:00-04:00,52.59740170483872,53.94683941621651,52.01468996583468,52.10669708251953,3079500,0.0,0.0
2000-09-07 00:00:00-04:00,52.32137797673544,52.32137797673544,51.15595455169677,51.52398300170898,2198700,0.0,0.0
2000-09-08 00:00:00-04:00,51.462631148749615,52.50537814461224,51.06393376797861,51.76932144165039,2833700,0.0,0.0
2000-09-11 00:00:00-04:00,51.40132039969308,53.82417500087193,51.40132039969308,53.67082977294922,2543500,0.0,0.0
2000-09-12 00:00:00-04:00,53.21078736173257,53.97751340440884,52.0760328185717,52.96543502807617,2685900,0.0,0.0
2000-09-13 00:00:00-04:00,51.83067196293881,52.78141209953709,50.54257242303145,51.27862930297852,3274400,0.0,0.0
2000-09-14 00:00:00-04:00,51.40129810944421,52.75073552997855,51.06393875431064,51.49330520629883,3002500,0.0,0.0
2000-09-15 00:00:00-04:00,50.57324776189581,51.094621450162784,47.8743721991021,48.33440780639648,5830000,0.0,0.0
2000-09-18 00:00:00-04:00,48.05838802409045,48.21173323157,45.88088607788086,45.88088607788086,4981300,0.0,0.0
2000-09-19 00:00:00-04:00,46.73960756155161,48.42640442236876,46.06488881722475,47.843692779541016,4355000,0.0,0.0
2000-09-20 00:00:00-04:00,48.21173517183683,48.82511602644036,46.00356409526415,47.07698059082031,4095400,0.0,0.0
2000-09-21 00:00:00-04:00,43.67268942852301,44.04071771022405,41.95522411391817,43.82603454589844,11499300,0.0,0.0
2000-09-22 00:00:00-04:00,42.568619164044975,44.991472848453874,42.568619164044975,44.439430236816406,4058700,0.0,0.0
2000-09-25 00:00:00-04:00,45.08347199848168,46.371571198438296,45.08347199848168,45.359493255615234,3602800,0.0,0.0
2000-09-26 00:00:00-04:00,45.42081980473396,45.51282686713383,43.1206432447373,43.51934051513672,4660400,0.0,0.0
2000-09-27 00:00:00-04:00,44.28609773596042,44.71546433450851,42.537962299014616,42.59930038452149,3085200,0.0,0.0
2000-09-28 00:00:00-04:00,42.69130129155643,45.26750050742621,42.599294176703935,44.19408416748047,4150800,0.0,0.0
2000-09-29 00:00:00-04:00,43.79539226915277,45.390182463827806,43.36602567827872,44.86880874633789,4276700,0.0,0.0
2000-10-02 00:00:00-04:00,44.22474812474744,44.89946688948006,43.88738874238113,44.47010040283203,2638600,0.0,0.0
2000-10-03 00:00:00-04:00,44.59277250847849,45.69685765999515,43.887384772787286,45.08347702026367,4017500,0.0,0.0
2000-10-04 00:00:00-04:00,45.08963055432584,45.08963055432584,44.044608441955646,44.44417572021485,3968700,0.2,0.0
2000-10-05 00:00:00-04:00,44.50563511641129,45.9809600373973,44.474899180557415,45.2432975769043,4254800,0.0,0.0
2000-10-06 00:00:00-04:00,45.24332217434393,45.24332217434393,41.00176072049919,41.43206405639648,8024700,0.0,0.0
2000-10-09 00:00:00-04:00,42.046802417652025,42.26195418440902,40.387060216955234,40.9403076171875,3819700,0.0,0.0
2000-10-10 00:00:00-04:00,41.00175348704293,41.15543322275149,35.40781110725147,36.63724899291992,13778300,0.0,0.0
2000-10-11 00:00:00-04:00,37.00607040994037,39.80304084790098,34.239835910858446,38.23550796508789,11458900,0.0,0.0
2000-10-12 00:00:00-04:00,38.72730464059136,38.72730464059136,34.731630352276376,34.7931022644043,7805000,0.0,0.0
2000-10-13 00:00:00-04:00,35.89957770112036,39.03464356200587,35.776633941869946,38.450660705566406,5437400,0.0,0.0
2000-10-16 00:00:00-04:00,38.41992452656753,39.28053083596264,37.7744697945212,38.20477294921875,5786400,0.0,0.0
2000-10-17 00:00:00-04:00,38.204787095522136,38.29699494852822,35.28487175032937,36.36063003540039,5104400,0.0,0.0
2000-10-18 00:00:00-04:00,34.42426028316968,37.28270332454002,33.56365377609044,35.89958572387695,5174800,0.0,0.0
2000-10-19 00:00:00-04:00,37.129023935746176,39.21906832948023,37.129023935746176,37.65153503417969,3888000,0.0,0.0
2000-10-20 00:00:00-04:00,37.74375341702612,40.35630963888868,37.68228150592348,39.80306243896485,3924800,0.0,0.0
2000-10-23 00:00:00-04:00,40.38700373356159,40.38700373356159,38.20475315130674,38.35843276977539,3627600,0.0,0.0
2000-10-24 00:00:00-04:00,38.91170400766226,40.50997305063101,38.788760235126205,39.95672607421875,4481000,0.0,0.0
2000-10-25 00:00:00-04:00,40.018190625,40.32555,38.051090625,38.419921875,3949200,0.0,0.0
2000-10-26 00:00:00-04:00,39.0961061496179,39.0961061496179,36.60649561650545,37.9896125793457,4834700,0.0,0.0
2000-10-27 00:00:00-04:00,38.54286911166812,39.587891081202976,38.26624564914418,39.06538009643555,4356400,0.0,0.0
2000-10-30 00:00:00-05:00,39.06540042871301,39.95674316076075,38.48141725944036,39.7723274230957,4092400,0.0,0.0
2000-10-31 00:00:00-05:00,39.52641388414435,40.07966073477778,38.8502232889257,39.49567794799805,4495700,0.0,0.0
2000-11-01 00:00:00-05:00,38.17405076460405,39.00392143339979,37.405651997200586,38.880977630615234,4382400,0.0,0.0
2000-11-02 00:00:00-05:00,38.88097616342398,40.32556579163025,38.57361666806094,39.557167053222656,3665300,0.0,0.0
2000-11-03 00:00:00-05:00,40.20259871443618,41.4320359839908,39.92597532878639,41.09394073486328,3291100,0.0,0.0
2000-11-06 00:00:00-05:00,40.94027185885706,40.94027185885706,38.85022795014664,39.46494674682617,3988800,0.0,0.0
2000-11-07 00:00:00-05:00,38.11258101346637,38.72730006207066,37.40565410757143,37.68227767944336,5357600,0.0,0.0
2000-11-08 00:00:00-05:00,36.514295958167374,36.545031897526094,34.91602711151358,35.93031311035156,5558000,0.0,0.0
2000-11-09 00:00:00-05:00,35.284853417580884,35.868836183202866,34.42424723666428,34.823814392089844,4267800,0.0,0.0
2000-11-10 00:00:00-05:00,34.301305443210154,35.0697038626369,33.37922733989805,33.99394607543945,4276900,0.0,0.0
2000-11-13 00:00:00-05:00,32.82598926039303,34.424258400412164,32.549365755389715,33.44070816040039,4682300,0.0,0.0
2000-11-14 00:00:00-05:00,33.93248904739296,35.899589861734576,32.76452293887762,33.379241943359375,6580300,0.0,0.0
2000-11-15 00:00:00-05:00,32.45715146745954,34.79308282307216,31.903904567446027,34.424251556396484,6945100,0.0,0.0
2000-11-16 00:00:00-05:00,34.42427084479534,35.65370908925231,33.809551722566844,34.916046142578125,3177200,0.0,0.0
2000-11-17 00:00:00-05:00,34.17836049906875,34.70087140597898,33.0718668138471,33.77879333496094,3928200,0.0,0.0
2000-11-20 00:00:00-05:00,33.77880615411803,33.80954210148301,31.50434604910917,31.719497680664062,4418600,0.0,0.0
2000-11-21 00:00:00-05:00,31.71951212487525,32.64159096571465,30.85890520675848,32.24202346801758,5127300,0.0,0.0
2000-11-22 00:00:00-05:00,31.473615746359226,32.610846002819464,30.61300906579472,31.658031463623047,3763600,0.0,0.0
2000-11-24 00:00:00-05:00,32.45717130962171,33.164098336251726,31.965395986748653,32.119075775146484,4591500,0.0,0.0
2000-11-27 00:00:00-05:00,32.45715733578331,33.071876224718594,32.33421355799625,32.70304489135742,2883000,0.0,0.0
2000-11-28 00:00:00-05:00,32.825999464173684,33.440718555263075,31.227729827341257,31.289201736450195,4206300,0.0,0.0
2000-11-29 00:00:00-05:00,31.93463805638827,32.70303646967961,31.28918338922354,31.96537399291992,4423200,0.0,0.0
2000-11-30 00:00:00-05:00,31.719506980399405,31.78097889315212,29.81387768506533,31.166259765625,4642300,0.0,0.0
2000-12-01 00:00:00-05:00,31.104762495877985,32.14978416075926,30.30562828155701,30.67445945739746,3226300,0.0,0.0
2000-12-04 00:00:00-05:00,30.766674718549176,31.719488820722027,30.397843453191943,31.4428653717041,3481500,0.0,0.0
2000-12-05 00:00:00-05:00,31.96538077460395,35.77663771311442,31.87317294544644,35.407806396484375,7374400,0.0,0.0
2000-12-06 00:00:00-05:00,34.73160387480398,36.66796763065589,33.625110300031466,34.14762115478516,7079300,0.0,0.0
2000-12-07 00:00:00-05:00,34.147640698961574,35.10045515590829,32.64157913798127,33.379241943359375,3837200,0.0,0.0
2000-12-08 00:00:00-05:00,34.67014555059367,36.88313356446135,34.63940960595662,36.48356628417969,6045100,0.0,0.0
2000-12-11 00:00:00-05:00,36.54502680215491,38.54286258191947,36.3298752566418,38.266239166259766,5983500,0.0,0.0
2000-12-12 00:00:00-05:00,37.80519274985244,37.83592867891736,35.89956514782736,36.20692443847656,3227900,0.0,0.0
2000-12-13 00:00:00-05:00,36.39135792881151,37.190492477923925,35.868846877468776,37.00607681274414,5547500,0.0,0.0
2000-12-14 00:00:00-05:00,34.79309080632645,35.00824242792034,33.37923729299516,33.53291702270508,6313700,0.0,0.0
2000-12-15 00:00:00-05:00,33.01041084192626,34.854567872201464,32.11906827729324,33.87101745605469,8736000,0.0,0.0
2000-12-18 00:00:00-05:00,35.10044969634459,35.377073205335044,33.80953998772246,34.05542755126953,6550700,0.0,0.0
2000-12-19 00:00:00-05:00,33.10261686988499,37.12902616417926,32.82599333058233,33.93248748779297,9428900,0.0,0.0
2000-12-20 00:00:00-05:00,34.17837009760284,34.670145206920864,33.59438715528768,33.71733093261719,6101800,0.0,0.0
2000-12-21 00:00:00-05:00,33.717329528596665,35.53075016869439,33.1948184967041,35.407806396484375,6692000,0.0,0.0
2000-12-22 00:00:00-05:00,35.37706768151485,36.97533659501509,35.16191609700521,36.51429748535156,4749200,0.0,0.0
2000-12-26 00:00:00-05:00,36.39136120854592,38.02036639777982,36.084001738879145,37.65153503417969,2251900,0.0,0.0
2000-12-27 00:00:00-05:00,37.251967723612886,38.14331018564653,36.57577689034599,37.65153503417969,2872600,0.0,0.0
2000-12-28 00:00:00-05:00,37.86667562169353,39.34200064591536,37.46710842763345,39.03464126586914,3873700,0.0,0.0
2000-12-29 00:00:00-05:00,39.21905874980361,39.71083378114911,38.7580196579172,38.97317123413086,3001900,0.0,0.0
2001-01-02 00:00:00-05:00,38.4813862739444,38.94242524687504,33.93246840769538,35.46926498413086,5798600,0.0,0.0
2001-01-03 00:00:00-05:00,35.500009449851255,41.15542221069336,34.91602661041647,41.15542221069336,11127500,0.0,0.0
2001-01-04 00:00:00-05:00,41.8008646518097,43.86017195450915,41.61644907246348,43.61428451538086,12219500,0.0,0.0
2001-01-05 00:00:00-05:00,43.61431479630125,43.61431479630125,40.94028703923416,41.616477966308594,7910900,0.0,0.0
2001-01-08 00:00:00-05:00,41.30911039841408,41.52426201507248,39.557161519909904,41.00175094604492,4762100,0.0,0.0
2001-01-09 00:00:00-05:00,41.00174481940992,41.30910422585227,40.17187442201556,40.57144165039063,5112500,0.0,0.0
2001-01-10 00:00:00-05:00,39.88350635905599,42.56500949138819,39.88350635905599,42.4109001159668,5848000,0.23,0.0
2001-01-11 00:00:00-05:00,42.441697711944585,43.95196872711182,42.164300994873045,43.15060043334961,6664200,0.0,0.0
2001-01-12 00:00:00-05:00,42.22596416389365,43.3663734150353,41.82527983241145,41.97938919067383,4324000,0.0,0.0
2001-01-16 00:00:00-05:00,41.4246016308521,42.904051689096825,40.90062973522377,41.39377975463867,4934300,0.0,0.0
2001-01-17 00:00:00-05:00,41.39378658807628,42.13351173931517,39.39036430347095,39.88351440429688,7966000,0.0,0.0
2001-01-18 00:00:00-05:00,39.88349613421793,39.88349613421793,38.650621446915984,39.513633728027344,6544400,0.0,0.0
2001-01-19 00:00:00-05:00,39.57526950412326,41.76362163402416,39.57526950412326,41.60951232910156,5753500,0.0,0.0
2001-01-22 00:00:00-05:00,41.609512818019546,42.28759376764653,40.99307559108592,41.362937927246094,4218900,0.0,0.0
2001-01-23 00:00:00-05:00,41.97937140248506,43.08895831180185,41.70197467515587,42.811561584472656,4310000,0.0,0.0
2001-01-24 00:00:00-05:00,42.81158665167472,43.92117421068141,40.86980842341301,41.547889709472656,12325400,0.0,0.0
2001-01-25 00:00:00-05:00,41.54787396737353,41.76362702210025,40.19171190909131,40.86979293823242,5562200,0.0,0.0
2001-01-26 00:00:00-05:00,40.86979524439032,41.30130137819233,39.636920576384576,40.68486404418945,4871300,0.0,0.0
2001-01-29 00:00:00-05:00,41.02515253771088,41.91282034156323,40.88707113016293,41.41474151611328,4198100,0.0,0.0
2001-01-30 00:00:00-05:00,41.72048296010197,42.41089360854205,40.7095278699177,41.91774368286133,5416000,0.0,0.0
2001-01-31 00:00:00-05:00,42.065685807657246,43.39718896408121,41.42458946571388,41.81911087036133,6682400,0.0,0.0
2001-02-01 00:00:00-05:00,41.9424113324159,44.28487396240234,41.73528546147091,44.28487396240234,7401400,0.0,0.0
2001-02-02 00:00:00-05:00,44.23554918189681,44.62513809540277,42.36158162207709,42.53911590576172,5984500,0.0,0.0
2001-02-05 00:00:00-05:00,42.80048464021156,42.963225026803386,42.16432075279986,42.657470703125,3251300,0.0,0.0
2001-02-06 00:00:00-05:00,42.854730110595874,42.9040443516164,41.42952709922092,41.89308547973633,3836300,0.0,0.0
2001-02-07 00:00:00-05:00,41.79447476991477,42.16433737849808,38.46571129266492,39.55064010620117,6542800,0.0,0.0
2001-02-08 00:00:00-05:00,40.06841580073039,40.21636222558356,38.07609042819278,38.46567916870117,5334000,0.0,0.0
2001-02-09 00:00:00-05:00,38.46571017357426,39.45201043443514,37.42023054258444,39.13146209716797,5245700,0.0,0.0
2001-02-12 00:00:00-05:00,39.10677348430545,39.4766357665816,38.10567641316703,39.45197677612305,4940900,0.0,0.0
2001-02-13 00:00:00-05:00,39.50133090483835,40.26571523214612,38.29804695588168,39.06242752075195,4942900,0.0,0.0
2001-02-14 00:00:00-05:00,39.05748680402471,39.062419358556106,37.57803648928988,37.942970275878906,5876900,0.0,0.0
2001-02-15 00:00:00-05:00,37.82460650638964,39.19556677598328,37.257486971187774,37.63721084594727,6347200,0.0,0.0
2001-02-16 00:00:00-05:00,36.98623299997387,37.2722607714912,36.48815067542599,36.86294555664063,6522800,0.0,0.0
2001-02-20 00:00:00-05:00,37.10954152945538,37.10954152945538,33.72159930710643,33.95831298828125,7290800,0.0,0.0
2001-02-21 00:00:00-05:00,33.68214702377379,34.8854304838513,32.301325497530904,32.567626953125,7419400,0.0,0.0
2001-02-22 00:00:00-05:00,32.8931059464082,34.26899500043963,31.31502733377511,33.99283218383789,7833300,0.0,0.0
2001-02-23 00:00:00-05:00,33.75611984863036,33.75611984863036,31.315028574929308,33.041053771972656,9139200,0.0,0.0
2001-02-26 00:00:00-05:00,33.1643207931219,34.505688719383336,31.684871538410142,34.12596130371094,6874900,0.0,0.0
2001-02-27 00:00:00-05:00,34.52050583124034,35.1813251368974,33.46023239965065,34.35283660888672,6971900,0.0,0.0
2001-02-28 00:00:00-05:00,33.85475649646816,33.85475649646816,31.758868486097903,32.118865966796875,7348400,0.0,0.0
2001-03-01 00:00:00-05:00,30.821864324770377,31.438301611265786,29.588989751779565,31.36432838439941,10818200,0.0,0.0
2001-03-02 00:00:00-05:00,30.57530253111572,31.60105551901525,29.95886498008516,30.106809616088867,8440600,0.0,0.0
2001-03-05 00:00:00-05:00,30.27939752939665,30.87117576599121,29.64816452582951,30.87117576599121,5423300,0.0,0.0
2001-03-06 00:00:00-05:00,31.512281773460863,32.912825790646245,31.339678166524585,32.247074127197266,7213500,0.0,0.0
2001-03-07 00:00:00-05:00,32.17803775058704,33.213652006164715,31.61091449368337,32.917762756347656,6040900,0.0,0.0
2001-03-08 00:00:00-05:00,32.91775571893537,33.953369753111474,31.615840288125096,31.74898910522461,6233600,0.0,0.0
2001-03-09 00:00:00-05:00,31.4382975969586,31.561585038515304,29.9588482982782,30.21035385131836,6686600,0.0,0.0
2001-03-12 00:00:00-05:00,29.95886845248086,29.95886845248086,27.172569646388315,27.616405487060547,9871800,0.0,0.0
2001-03-13 00:00:00-05:00,28.60270749108266,29.194488022314268,28.04051664483909,29.09585762023925,8568000,0.0,0.0
2001-03-14 00:00:00-05:00,27.739686087558145,29.046534273503585,27.24160544065518,28.109548568725582,8427100,0.0,0.0
2001-03-15 00:00:00-05:00,28.84927292553285,29.638312116308164,28.52872469609536,29.10077857971192,6768100,0.0,0.0
2001-03-16 00:00:00-05:00,29.105709933334296,30.042693698612755,28.49420317477149,28.5632438659668,9588100,0.0,0.0
2001-03-19 00:00:00-05:00,28.849269613922857,30.2300889798842,28.824612494769863,29.948993682861328,7509900,0.0,0.0
2001-03-20 00:00:00-05:00,29.94899222831009,30.48159500599202,27.636119949685995,27.86296844482422,9075700,0.0,0.0
2001-03-21 00:00:00-05:00,27.61639532328164,29.04653083358149,26.82735620938921,26.94571113586425,9459700,0.0,0.0
2001-03-22 00:00:00-05:00,26.67941153770096,26.69420731542637,24.50955288682298,26.260234832763672,12955800,0.0,0.0
2001-03-23 00:00:00-05:00,26.753395916541464,26.99997099411328,25.89038314504013,26.388463973999023,8714600,0.0,0.0
2001-03-26 00:00:00-05:00,26.75338715369548,27.45859179506452,26.28982683693442,26.87667465209961,7261600,0.0,0.0
2001-03-27 00:00:00-05:00,26.75338328609893,28.356120533653247,26.04324807519015,27.91228485107422,7313300,0.0,0.0
2001-03-28 00:00:00-05:00,27.12324831220839,27.61639828152127,26.358866236017,26.630098342895508,5519800,0.0,0.0
2001-03-29 00:00:00-05:00,26.63009211982186,26.876667046857246,26.112285149291026,26.4722843170166,6381200,0.0,0.0
2001-03-30 00:00:00-05:00,26.5068056873072,26.82735385740813,26.043245483688395,26.38351821899414,4324000,0.0,0.0
2001-04-02 00:00:00-04:00,26.21091426830586,27.11337748073981,25.742421552645126,25.81639289855957,6381200,0.0,0.0
2001-04-03 00:00:00-04:00,25.7424229796004,25.7424229796004,24.189000173462585,24.332014083862305,7935600,0.0,0.0
2001-04-04 00:00:00-04:00,24.33200552051595,24.33200552051595,21.849753471615315,22.42448616027832,14581200,0.23,0.0
2001-04-05 00:00:00-04:00,24.02979238437937,26.259360749940345,23.980247176711647,25.96208572387696,9929200,0.0,0.0
2001-04-06 00:00:00-04:00,25.763895877504005,26.01162564555693,24.77297680529232,25.218891143798828,8178300,0.0,0.0
2001-04-09 00:00:00-04:00,25.218887064684385,26.01162143821897,23.80187271821696,24.916656494140625,6039300,0.0,0.0
2001-04-10 00:00:00-04:00,25.640022150936343,27.245311325911413,25.54092989988376,27.0718994140625,7601000,0.0,0.0
2001-04-11 00:00:00-04:00,28.018237225949,28.612789065046503,27.760598032672466,28.5632438659668,8651000,0.0,0.0
2001-04-12 00:00:00-04:00,28.43937709267542,29.60370620410602,27.79527820717451,29.529386520385746,6492600,0.0,0.0
2001-04-16 00:00:00-04:00,29.00915608312772,29.3163404728934,28.191648965037533,28.43937873840332,5172600,0.0,0.0
2001-04-17 00:00:00-04:00,28.17182778033401,29.67802513040408,27.998415819421748,29.157791137695312,5545300,0.0,0.0
2001-04-18 00:00:00-04:00,30.470779305570016,34.11240827144351,30.14872966258888,33.146263122558594,13859900,0.0,0.0
2001-04-19 00:00:00-04:00,32.79942906768519,33.45839134455169,32.45260880620668,33.32957077026367,7311200,0.0,0.0
2001-04-20 00:00:00-04:00,32.79942687293144,32.98770395661334,32.25442202133788,32.70033645629883,4848200,0.0,0.0
2001-04-23 00:00:00-04:00,32.675546185536014,32.68050183799206,31.392308143454954,31.61030960083008,4586500,0.0,0.0
2001-04-24 00:00:00-04:00,31.61527853497737,31.80850559130292,30.47076615038205,30.52031135559082,4829600,0.0,0.0
2001-04-25 00:00:00-04:00,30.495542410843576,30.58968095807169,29.727580297822232,30.42122459411621,5909400,0.0,0.0
2001-04-26 00:00:00-04:00,30.520299016320813,31.853086043918594,30.213114710157686,31.14457893371582,5643500,0.0,0.0
2001-04-27 00:00:00-04:00,31.68464398481873,32.606197316798735,31.422049093475646,32.353515625,5132000,0.0,0.0
2001-04-30 00:00:00-04:00,32.72511043502425,32.819245195325365,30.96622721707176,31.10991096496582,5692800,0.0,0.0
2001-05-01 00:00:00-04:00,30.71849189447565,31.47159063224038,30.10907687885637,31.38736152648925,7486700,0.0,0.0
2001-05-02 00:00:00-04:00,32.452613824734264,33.66648870768207,32.13551988518729,32.95798110961914,6495300,0.0,0.0
2001-05-03 00:00:00-04:00,32.70033933121443,32.94311351934827,32.12560428005643,32.81429672241211,4929300,0.0,0.0
2001-05-04 00:00:00-04:00,32.081011187060184,33.61693529096981,31.912556726528468,33.36920547485352,5744100,0.0,0.0
2001-05-07 00:00:00-04:00,33.19579845500201,34.01330768042771,32.89852340395376,33.17597961425781,4304400,0.0,0.0
2001-05-08 00:00:00-04:00,33.175972619552084,33.19083580196219,32.35351169238813,32.71023941040039,4545100,0.0,0.0
2001-05-09 00:00:00-04:00,32.30397903401708,32.74493797526234,32.01661520875257,32.23957061767578,4336400,0.0,0.0
2001-05-10 00:00:00-04:00,32.74986914520582,33.04714406152041,32.204864501953125,32.204864501953125,3301600,0.0,0.0
2001-05-11 00:00:00-04:00,32.20982762185332,32.99760652171423,31.31304512203349,31.3179988861084,4025100,0.0,0.0
2001-05-14 00:00:00-04:00,31.3427682853395,32.32873355803206,31.3229513410356,32.199913024902344,4224300,0.0,0.0
2001-05-15 00:00:00-04:00,32.20486476517489,33.12146400632643,31.981909521130568,32.50709533691406,4639800,0.0,0.0
2001-05-16 00:00:00-04:00,32.45260555974197,34.5335344805576,31.90760072620045,34.23625946044922,6355300,0.0,0.0
2001-05-17 00:00:00-04:00,34.112383765927895,34.83080226572333,33.96374819290716,34.53352355957031,5357300,0.0,0.0
2001-05-18 00:00:00-04:00,34.53353289777279,34.53353289777279,33.86961884262866,34.2065315246582,4405700,0.0,0.0
2001-05-21 00:00:00-04:00,34.33038720239397,36.14376690079386,34.14706583728682,36.00999450683594,5735100,0.0,0.0
2001-05-22 00:00:00-04:00,36.16855500853914,37.27343170832654,36.12396545377799,36.7928352355957,7624700,0.0,0.0
2001-05-23 00:00:00-04:00,35.970381934418,36.15865908399097,35.34114963046952,35.425376892089844,4246700,0.0,0.0
2001-05-24 00:00:00-04:00,34.93980780518648,35.772180048092245,34.88035507501531,35.702816009521484,3912400,0.0,0.0
2001-05-25 00:00:00-04:00,35.0537503199503,35.4253448463102,34.13715124427356,34.42451858520508,3327300,0.0,0.0
2001-05-29 00:00:00-04:00,34.38488706929459,34.38488706929459,33.29487399594097,33.73088073730469,4104100,0.0,0.0
2001-05-30 00:00:00-04:00,32.898507604997334,33.393967045494115,31.808494567871094,31.808494567871094,5775800,0.0,0.0
2001-05-31 00:00:00-04:00,32.13055588346869,32.566562772138326,31.56077844947649,32.20983123779297,4294800,0.0,0.0
2001-06-01 00:00:00-04:00,32.105770528113325,32.551680962625966,31.659856313545458,32.303951263427734,3762800,0.0,0.0
2001-06-04 00:00:00-04:00,32.180090017237056,32.393137733606046,31.714360701031268,32.204864501953125,2869700,0.0,0.0
2001-06-05 00:00:00-04:00,32.32871920872673,32.898498157688365,32.31385603458891,32.74985885620117,4485200,0.0,0.0
2001-06-06 00:00:00-04:00,32.204877424609755,32.32378668283846,31.65987256266625,31.9571475982666,3481400,0.0,0.0
2001-06-07 00:00:00-04:00,31.90758635432332,32.516999304043985,31.24367067776354,32.45259094238281,3534800,0.0,0.0
2001-06-08 00:00:00-04:00,31.808499150632866,32.25441346733551,31.768865262525143,32.00172805786133,1864400,0.0,0.0
2001-06-11 00:00:00-04:00,31.313056214633548,31.85806306732639,30.47077427140201,30.842369079589844,3641800,0.0,0.0
2001-06-12 00:00:00-04:00,30.74325391412748,30.74325391412748,29.47983288286725,30.00006484985352,5499900,0.0,0.0
2001-06-13 00:00:00-04:00,30.173487172157227,30.71353815405719,29.38075076283928,29.4302978515625,4302200,0.0,0.0
2001-06-14 00:00:00-04:00,29.13798438370389,29.13798438370389,28.26597429080736,28.41461181640625,5660500,0.0,0.0
2001-06-15 00:00:00-04:00,27.82005925411497,28.76143142635604,27.65655666739328,28.498838424682617,7469300,0.0,0.0
2001-06-18 00:00:00-04:00,28.241192160151243,28.835743952054774,27.998416167863923,28.38982963562012,4386900,0.0,0.0
2001-06-19 00:00:00-04:00,29.47489611670557,30.00008214867741,28.959617614746094,28.959617614746094,6191200,0.0,0.0
2001-06-20 00:00:00-04:00,29.207334932299148,29.851431838781828,28.78619326611708,29.405517578125,5334000,0.0,0.0
2001-06-21 00:00:00-04:00,29.52938788454216,32.20487016167739,29.52938788454216,32.18009567260742,8147500,0.0,0.0
2001-06-22 00:00:00-04:00,31.61032593956896,32.29406079978407,31.47159783953609,32.22965240478516,4262500,0.0,0.0
2001-06-25 00:00:00-04:00,32.229637690868365,32.3535025493574,31.684631179499974,31.967041015625,3949800,0.0,0.0
2001-06-26 00:00:00-04:00,30.99097901354376,31.70444161922564,30.322109710744243,31.62021255493164,6225500,0.0,0.0
2001-06-27 00:00:00-04:00,31.21394310481156,32.04631507214208,30.941440804917946,31.0405330657959,5346400,0.0,0.0
2001-06-28 00:00:00-04:00,31.090083080659063,32.294049795781646,31.090083080659063,31.71436309814453,4115100,0.0,0.0
2001-06-29 00:00:00-04:00,31.59048255221381,31.952167596273053,31.18916174895636,31.82335090637207,3803500,0.0,0.0
2001-07-02 00:00:00-04:00,31.734195453027155,31.74905863929101,31.23873386056272,31.58555603027344,2964600,0.0,0.0
2001-07-03 00:00:00-04:00,31.46123914037487,31.97341169751731,31.27725581820814,31.675058364868164,1505600,0.23,0.0
2001-07-05 00:00:00-04:00,31.32697292318206,32.23694780906815,31.26730302969056,31.47614860534668,3259600,0.0,0.0
2001-07-06 00:00:00-04:00,31.07834370523294,31.501008420875483,30.09378200427575,30.30262756347656,3254300,0.0,0.0
2001-07-09 00:00:00-04:00,30.08382456538173,30.322505921085884,29.49209382291961,30.198192596435547,3398000,0.0,0.0
2001-07-10 00:00:00-04:00,30.32251200374631,30.58108399851275,29.054516217328555,29.06943321228028,3413400,0.0,0.0
2001-07-11 00:00:00-04:00,29.0694436149681,29.437412096050167,27.53292998834106,28.751201629638672,5892400,0.0,0.0
2001-07-12 00:00:00-04:00,28.989891515115755,30.79989475357062,28.989891515115755,30.74022483825684,6792200,0.0,0.0
2001-07-13 00:00:00-04:00,30.38219597653602,31.053489513884045,30.257882569272173,30.541316986083984,4083300,0.0,0.0
2001-07-16 00:00:00-04:00,30.15842649814564,30.80485568944264,28.492626081754235,29.064468383789062,4779700,0.0,0.0
2001-07-17 00:00:00-04:00,28.79098547999688,29.79543612744933,28.24400535753216,29.74073982238769,5074900,0.0,0.0
2001-07-18 00:00:00-04:00,28.84070388092653,29.33795739611492,28.5771601248756,29.288232803344727,4325800,0.0,0.0
2001-07-19 00:00:00-04:00,29.884945239785896,30.257885497671104,28.71142815501312,29.263378143310547,4327800,0.0,0.0
2001-07-20 00:00:00-04:00,29.26336666173644,29.84515422214476,28.89042655017546,29.58658218383789,2905000,0.0,0.0
2001-07-23 00:00:00-04:00,29.686046892815952,30.029151270147505,29.10425906522412,29.188793182373047,3032700,0.0,0.0
2001-07-24 00:00:00-04:00,29.089336972712417,29.188788076779858,28.353401837608608,28.60700035095215,3801500,0.0,0.0
2001-07-25 00:00:00-04:00,28.64180919225513,28.716397997751383,28.104776242047308,28.40312767028809,3635600,0.0,0.0
2001-07-26 00:00:00-04:00,27.945648992731225,29.40757369995117,27.8561432048533,29.40757369995117,4331700,0.0,0.0
2001-07-27 00:00:00-04:00,29.53188703349168,30.07389346055901,29.342930159750047,29.63133811950684,2826400,0.0,0.0
2001-07-30 00:00:00-04:00,29.511999090645865,30.06892446366103,29.36779699467245,29.661176681518555,3871000,0.0,0.0
2001-07-31 00:00:00-04:00,29.66118197478918,30.63082510727094,29.41752684350389,29.74571418762207,3425700,0.0,0.0
2001-08-01 00:00:00-04:00,30.08384288680632,31.302114589696007,29.934667185750264,31.02862548828125,3588600,0.0,0.0
2001-08-02 00:00:00-04:00,31.351828004190462,31.74963036402084,31.3021034205384,31.31702041625977,3150300,0.0,0.0
2001-08-03 00:00:00-04:00,31.351827627739752,31.401554107666016,30.95402527268591,31.401554107666016,2092800,0.0,0.0
2001-08-06 00:00:00-04:00,31.177801401028173,31.257361901923066,30.123624289952865,30.45678329467773,2517400,0.0,0.0
2001-08-07 00:00:00-04:00,30.481651284473426,31.07835610098684,30.2181074317362,30.5313777923584,2372900,0.0,0.0
2001-08-08 00:00:00-04:00,30.15841857261847,30.40207166913068,28.96500968933105,28.96500968933105,4374400,0.0,0.0
2001-08-09 00:00:00-04:00,28.467774921572232,28.54236373688425,27.309172865793787,27.89096069335937,6276000,0.0,0.0
2001-08-10 00:00:00-04:00,27.79647178151888,27.99537204606333,27.09534441299113,27.7914981842041,4555100,0.0,0.0
2001-08-13 00:00:00-04:00,27.791507766254785,28.09483281340348,27.47823741791916,27.716920852661133,2967100,0.0,0.0
2001-08-14 00:00:00-04:00,28.094833547370754,28.58214193702791,27.771617889404297,27.771617889404297,4055400,0.0,0.0
2001-08-15 00:00:00-04:00,27.77159682117165,28.08486694003675,27.224618934657464,27.32406997680664,3082300,0.0,0.0
2001-08-16 00:00:00-04:00,26.901416941101107,27.0157869295898,25.83232292109707,26.35443878173828,5696900,0.0,0.0
2001-08-17 00:00:00-04:00,25.85718935940877,26.03122737519441,24.91240668175846,25.459386825561523,5104700,0.0,0.0
2001-08-20 00:00:00-04:00,25.5091117157876,26.49367370937972,25.5091117157876,26.48372840881348,4099400,0.0,0.0
2001-08-21 00:00:00-04:00,26.453888028971978,27.57768016592909,25.99641379753048,26.05608558654785,5769400,0.0,0.0
2001-08-22 00:00:00-04:00,26.17045017002238,26.742290511753858,26.00138391749494,26.59311485290528,4263700,0.0,0.0
2001-08-23 00:00:00-04:00,26.603060976505784,26.70251205111936,25.772648581756155,26.1008358001709,3733500,0.0,0.0
2001-08-24 00:00:00-04:00,26.50361936741324,28.283788358465337,26.25499254052029,28.144556045532227,4864800,0.0,0.0
2001-08-27 00:00:00-04:00,27.895917884012587,28.39814493252061,27.47325320877991,28.02023124694824,3531900,0.0,0.0
2001-08-28 00:00:00-04:00,28.144562486380057,28.194289001261787,26.95115458230732,27.12519264221192,4063300,0.0,0.0
2001-08-29 00:00:00-04:00,27.33900554777314,27.44840195816596,26.543400463658475,26.772136688232425,3568500,0.0,0.0
2001-08-30 00:00:00-04:00,26.613014866215632,26.747273575761422,25.45938658071706,26.00636482238769,5265100,0.0,0.0
2001-08-31 00:00:00-04:00,26.105813824034264,27.150045618246864,26.08095152357624,26.528478622436523,3446200,0.0,0.0
2001-09-04 00:00:00-04:00,26.737338125830345,27.050608563517297,25.857198636910763,25.95664978027344,4670300,0.0,0.0
2001-09-05 00:00:00-04:00,26.1058226437955,26.533461184888715,25.076507502732795,25.71299171447754,7193300,0.0,0.0
2001-09-06 00:00:00-04:00,25.210760391914377,25.548893025094664,24.454934617562685,24.61405563354492,5393500,0.0,0.0
2001-09-07 00:00:00-04:00,24.39029418096739,24.81296097406106,23.49026617673495,23.89801406860352,5070700,0.0,0.0
2001-09-10 00:00:00-04:00,23.44550861546472,24.80301075154813,23.28638761102892,24.31570243835449,5287100,0.0,0.0
2001-09-17 00:00:00-04:00,21.008964493695427,22.46094408784993,20.97415689362131,21.133277893066406,11448900,0.0,0.0
2001-09-18 00:00:00-04:00,21.45649354738915,21.550971048289103,20.685748951736496,20.984102249145508,6171000,0.0,0.0
2001-09-19 00:00:00-04:00,21.03382996535553,21.630534751672663,19.58185015229364,20.879682540893555,10341500,0.0,0.0
2001-09-20 00:00:00-04:00,20.138760960537148,20.138760960537148,18.67186317786456,18.7066707611084,10639200,0.0,0.0
2001-09-21 00:00:00-04:00,17.985657287502747,20.263079114419213,17.776811738416857,19.929920196533203,10189900,0.0,0.0
2001-09-24 00:00:00-04:00,21.257587448686493,21.630527579365204,20.84486612690369,21.15813636779785,6111200,0.0,0.0
2001-09-25 00:00:00-04:00,21.45152752556415,22.12779296229341,20.78520739194828,21.28246116638184,6765100,0.0,0.0
2001-09-26 00:00:00-04:00,21.85430577836452,22.10293268847817,21.332189646500407,21.6951847076416,6298400,0.0,0.0
2001-09-27 00:00:00-04:00,21.55594312439596,22.07806092972057,20.914487412402583,22.033308029174805,4151500,0.0,0.0
2001-09-28 00:00:00-04:00,22.07806164806794,23.186937001145587,22.028335147581387,23.04770469665528,5135700,0.0,0.0
2001-10-01 00:00:00-04:00,22.62503422246956,23.42063906275283,22.45099625642996,23.321189880371094,4478100,0.0,0.0
2001-10-02 00:00:00-04:00,23.32119936826946,23.465401500138192,22.550454613143515,23.39578628540039,5502200,0.0,0.0
2001-10-03 00:00:00-04:00,23.035998312025946,24.984814614427307,22.986029445273125,24.92984771728516,6040700,0.23,0.0
2001-10-04 00:00:00-04:00,24.92984771728516,25.614431103987243,24.62503267399873,24.92984771728516,6512300,0.0,0.0
2001-10-05 00:00:00-04:00,24.92984569070122,24.92984569070122,23.420762781922576,24.170307159423828,5554000,0.0,0.0
2001-10-08 00:00:00-04:00,23.86049765027899,24.335209503093232,23.480729311741623,23.865493774414062,3726000,0.0,0.0
2001-10-09 00:00:00-04:00,23.865493497968576,24.68499699850185,23.765555766904303,24.61503791809082,4711800,0.0,0.0
2001-10-10 00:00:00-04:00,24.615036761677977,25.53447795008024,24.210284013788847,25.284629821777344,5364700,0.0,0.0
2001-10-11 00:00:00-04:00,25.70937900605848,27.05855960667489,25.664406255831587,26.383968353271484,5638300,0.0,0.0
2001-10-12 00:00:00-04:00,25.48451089071626,26.059162388963344,24.62503265853873,25.714370727539062,5946200,0.0,0.0
2001-10-15 00:00:00-04:00,25.25964678251063,26.383963421846623,24.984814207466503,26.244049072265625,4475900,0.0,0.0
2001-10-16 00:00:00-04:00,26.259042663488035,26.733754574554634,25.884270403097084,26.28402709960937,5062000,0.0,0.0
2001-10-17 00:00:00-04:00,27.158495059336925,27.158495059336925,26.10913351775033,26.23905372619629,7156800,0.0,0.0
2001-10-18 00:00:00-04:00,26.239054348395538,26.95861830820596,25.57445919794873,25.659406661987305,5678100,0.0,0.0
2001-10-19 00:00:00-04:00,25.65939628226026,25.769330044136563,24.3352026417763,24.535079956054688,6810600,0.0,0.0
2001-10-22 00:00:00-04:00,24.495111271839928,25.399562202621688,24.370187204912668,25.35458946228028,5809100,0.0,0.0
2001-10-23 00:00:00-04:00,25.359585227059764,25.869275641646915,25.00979746337957,25.47951316833496,4116600,0.0,0.0
2001-10-24 00:00:00-04:00,25.479511894860625,25.739352259955048,24.85988772392273,24.98481178283692,4057400,0.0,0.0
2001-10-25 00:00:00-04:00,24.62503537595012,25.834301527192466,24.285241707415263,25.659406661987305,5339200,0.0,0.0
2001-10-26 00:00:00-04:00,25.7693495500074,26.62383014722933,25.63443125999484,26.029191970825195,5062600,0.0,0.0
2001-10-29 00:00:00-05:00,26.458923441795328,26.458923441795328,25.304624129128875,25.31961441040039,3941000,0.0,0.0
2001-10-30 00:00:00-05:00,25.134726535486905,25.4845143688464,24.44014889983625,24.94484138488769,4380900,0.0,0.0
2001-10-31 00:00:00-05:00,24.994803983927152,25.584445648439875,24.44513702392578,24.44513702392578,3821300,0.0,0.0
2001-11-01 00:00:00-05:00,24.4601379031518,25.254655214534097,24.01540843501656,25.20968246459961,4632000,0.0,0.0
2001-11-02 00:00:00-05:00,24.96482553540292,25.93423753251032,24.94483722684214,25.71936798095703,3263600,0.0,0.0
2001-11-05 00:00:00-05:00,25.90924742849484,26.42893193841257,25.57944800992968,25.829296112060547,5288700,0.0,0.0
2001-11-06 00:00:00-05:00,25.82930117249129,26.578845625733308,25.5344802779685,26.568851470947266,4529100,0.0,0.0
2001-11-07 00:00:00-05:00,26.478912156679414,27.12351904162562,26.383968624009267,26.90864944458008,3764000,0.0,0.0
2001-11-08 00:00:00-05:00,27.208461991694524,27.90803561849733,26.833689793203387,26.863670349121094,4504700,0.0,0.0
2001-11-09 00:00:00-05:00,26.733754714385096,26.958618453033875,26.333998015781884,26.613826751708984,3357300,0.0,0.0
2001-11-12 00:00:00-05:00,26.6138338674546,26.98361010389865,25.784337781249054,26.65381050109864,3469800,0.0,0.0
2001-11-13 00:00:00-05:00,27.408335968752368,27.953004906203947,27.283411918017507,27.92802047729492,4352700,0.0,0.0
2001-11-14 00:00:00-05:00,28.90743392509,29.10731323337472,28.39274727961381,29.08232879638672,7414700,0.0,0.0
2001-11-15 00:00:00-05:00,28.49267776694089,28.96738954174756,28.39273814495164,28.602611541748047,5459900,0.0,0.0
2001-11-16 00:00:00-05:00,28.397749239603737,28.592630543738817,27.633212399901467,27.833091735839844,4210700,0.0,0.0
2001-11-19 00:00:00-05:00,28.282806394908786,28.78250263443855,28.17287451842136,28.68756103515625,3043500,0.0,0.0
2001-11-20 00:00:00-05:00,28.812497843541923,29.33218262008044,28.30780525703193,28.4227352142334,3714900,0.0,0.0
2001-11-21 00:00:00-05:00,28.297795609062923,28.732530758104613,27.81308969759768,28.25282287597656,3358200,0.0,0.0
2001-11-23 00:00:00-05:00,28.37775412777226,29.09232000924281,28.332781383267463,28.91742515563965,1227300,0.0,0.0
2001-11-26 00:00:00-05:00,29.00736824772251,29.78189708913548,28.78250454377939,29.74192237854004,4092500,0.0,0.0
2001-11-27 00:00:00-05:00,29.467101776280977,29.557047294384752,28.75753178970573,28.857471466064453,4994600,0.0,0.0
2001-11-28 00:00:00-05:00,28.6126094276682,28.72254322414233,27.00858475495617,27.083539962768555,6064900,0.0,0.0
2001-11-29 00:00:00-05:00,27.088546034009973,28.22285728536301,26.853689981926,28.10792732238769,5487800,0.0,0.0
2001-11-30 00:00:00-05:00,27.92802601291532,28.267819650759886,27.23844458244367,27.73314476013184,4116000,0.0,0.0
2001-12-03 00:00:00-05:00,26.758725379434463,26.903637703784423,25.93422797029821,26.14909744262696,6797900,0.0,0.0
2001-12-04 00:00:00-05:00,26.483906601567902,26.933634079919702,25.86928031861397,26.343992233276367,6422800,0.0,0.0
2001-12-05 00:00:00-05:00,26.83370447147181,28.25284271562007,26.658809539459583,27.918045043945312,5520900,0.0,0.0
2001-12-06 00:00:00-05:00,27.638195380555985,28.807484474788147,27.638195380555985,28.50766563415528,4649200,0.0,0.0
2001-12-07 00:00:00-05:00,28.40772714015684,28.41272516943529,27.483289967366726,27.81308937072754,4393700,0.0,0.0
2001-12-10 00:00:00-05:00,27.60822773986348,27.87806426937685,27.23345541760289,27.30841064453125,2607600,0.0,0.0
2001-12-11 00:00:00-05:00,27.30841032368658,28.132908279258547,26.7937217109528,27.408348083496094,4838700,0.0,0.0
2001-12-12 00:00:00-05:00,27.3333899572602,27.4982887569021,26.91364495882139,27.48829460144043,3233200,0.0,0.0
2001-12-13 00:00:00-05:00,27.083541820984525,27.48829463360938,26.7337540041778,26.973608016967773,3215800,0.0,0.0
2001-12-14 00:00:00-05:00,26.948632064474555,27.08854647276447,25.724375273365272,26.25905036926269,4880200,0.0,0.0
2001-12-17 00:00:00-05:00,26.33399034583116,26.64879948824917,25.65939932636397,25.829296112060547,4994000,0.0,0.0
2001-12-18 00:00:00-05:00,26.10913011016113,26.868668669381343,25.90425471568785,26.76373291015625,4793700,0.0,0.0
2001-12-19 00:00:00-05:00,26.7337561352078,27.982997076105363,26.403956603058464,27.878061294555664,6516500,0.0,0.0
2001-12-20 00:00:00-05:00,27.99798852637145,28.63260317958634,27.838085831755635,27.992992401123047,6449500,0.0,0.0
2001-12-21 00:00:00-05:00,27.992992452241324,28.102926269811885,27.27343032515612,27.613222122192383,6413300,0.0,0.0
2001-12-24 00:00:00-05:00,27.40834176813266,27.71315682141244,27.23344882257384,27.60822105407715,1395200,0.0,0.0
2001-12-26 00:00:00-05:00,27.608215057081143,28.33277492850493,27.563242322822024,27.708154678344727,2672400,0.0,0.0
2001-12-27 00:00:00-05:00,27.83308455080944,28.182872345309583,27.48829288063224,27.68317604064941,1948500,0.0,0.0
2001-12-28 00:00:00-05:00,27.98299504921108,28.53765829178409,27.873061244394,28.4177303314209,2535300,0.0,0.0
2001-12-31 00:00:00-05:00,28.432714639375188,28.44270688596228,27.83307881609367,27.953004837036133,2322800,0.0,0.0
2002-01-02 00:00:00-05:00,27.943007440058658,27.943007440058658,26.978595636435287,27.59322166442871,3856500,0.0,0.0
2002-01-03 00:00:00-05:00,27.70815693347402,28.447707141111927,27.653190041995884,28.39274024963379,5507500,0.0,0.0
2002-01-04 00:00:00-05:00,29.232228413252223,29.99176688452736,29.232228413252223,29.801881790161133,7576500,0.0,0.0
2002-01-07 00:00:00-05:00,29.9467947813446,29.951790904848483,29.50706157159964,29.57701873779297,4050900,0.0,0.0
2002-01-08 00:00:00-05:00,29.572027502458955,29.577023626788687,28.91742465623638,28.95740127563477,4591000,0.0,0.0
2002-01-09 00:00:00-05:00,28.882153482312123,29.990882561552453,28.882153482312123,29.29353713989257,6620000,0.23,0.0
2002-01-10 00:00:00-05:00,29.29354757769193,29.825337284585192,29.203243629091432,29.574493408203125,3700100,0.0,0.0
2002-01-11 00:00:00-05:00,29.52430001858638,29.674807755820805,28.646347149050683,28.87712478637696,3716100,0.0,0.0
2002-01-14 00:00:00-05:00,28.82194585499042,28.82696188768048,28.04433065059421,28.27510643005371,3547900,0.0,0.0
2002-01-15 00:00:00-05:00,28.285138112244606,29.04770324285853,28.219918209855173,29.02261734008789,4665200,0.0,0.0
2002-01-16 00:00:00-05:00,28.596194895734225,28.73666681965249,27.89884939658793,28.02928733825684,4369500,0.0,0.0
2002-01-17 00:00:00-05:00,28.39550951974086,28.97245086525594,28.15469976817744,28.91726493835449,4152800,0.0,0.0
2002-01-18 00:00:00-05:00,28.791839999595325,28.7968579453884,28.275102582472385,28.4055404663086,3456800,0.0,0.0
2002-01-22 00:00:00-05:00,28.5961813397548,28.696519200897008,27.57775654655736,27.76839637756348,3334100,0.0,0.0
2002-01-23 00:00:00-05:00,27.71323077091857,28.29017050639343,27.21655908110504,27.82360076904297,4323600,0.0,0.0
2002-01-24 00:00:00-05:00,28.14467459394001,28.62629616152063,27.096147396153977,27.291807174682617,4892100,0.0,0.0
2002-01-25 00:00:00-05:00,27.09111630539009,28.11455893623553,27.09111630539009,27.718225479125977,3646800,0.0,0.0
2002-01-28 00:00:00-05:00,28.144655075478248,28.169740970000937,27.447310076532712,27.58778381347656,4355400,0.0,0.0
2002-01-29 00:00:00-05:00,27.64298195581432,27.969079613685608,26.062667394971868,26.087751388549805,7572700,0.0,0.0
2002-01-30 00:00:00-05:00,26.278395371398087,26.659677081356005,25.184716319068908,26.388765335083008,9592000,0.0,0.0
2002-01-31 00:00:00-05:00,26.880414418622703,27.592809677124023,26.117849266982443,27.592809677124023,8666200,0.0,0.0
2002-02-01 00:00:00-05:00,27.15132358263317,27.19145949625177,26.62455215599604,26.79512596130371,4808300,0.0,0.0
2002-02-04 00:00:00-05:00,26.43892487943947,26.43892487943947,25.1796885043672,25.29507637023925,6553800,0.0,0.0
2002-02-05 00:00:00-05:00,24.94389477492897,25.084366615564846,24.407089482458712,24.80342102050781,7063900,0.0,0.0
2002-02-06 00:00:00-05:00,24.80342683693293,24.984034625123336,24.09103157661053,24.54254913330078,6216200,0.0,0.0
2002-02-07 00:00:00-05:00,24.72817700884105,25.310134424630004,24.331843429748897,24.38201141357422,6745000,0.0,0.0
2002-02-08 00:00:00-05:00,24.82349921424445,25.98741415228637,24.78336520627029,25.96734619140625,5752000,0.0,0.0
2002-02-11 00:00:00-05:00,25.967342295612266,26.263337975935528,25.38538491390043,26.16300201416016,4161400,0.0,0.0
2002-02-12 00:00:00-05:00,26.13792465865462,26.13792465865462,25.35529318363717,25.48573112487793,4659100,0.0,0.0
2002-02-13 00:00:00-05:00,25.611149920108183,26.08273745804973,25.43556003712114,25.76165580749512,6351900,0.0,0.0
2002-02-14 00:00:00-05:00,26.07772105300716,26.539274637249687,25.611151434862403,26.11785697937012,4967700,0.0,0.0
2002-02-15 00:00:00-05:00,25.99241692374176,25.99743295414013,25.014126410550105,25.02416038513184,4573800,0.0,0.0
2002-02-19 00:00:00-05:00,24.73319740069608,24.808451303482748,23.529148352613102,23.599384307861328,7618200,0.0,0.0
2002-02-20 00:00:00-05:00,23.62948266762362,24.231508106002195,23.253217007860275,23.965614318847656,7850100,0.0,0.0
2002-02-21 00:00:00-05:00,23.830154525626405,24.688039629240365,23.65456467884664,23.930492401123047,6263400,0.0,0.0
2002-02-22 00:00:00-05:00,23.77998586013523,23.855237829251827,23.02745468625482,23.393686294555664,7335200,0.0,0.0
2002-02-25 00:00:00-05:00,23.519112590146968,24.582689647185497,23.278302798767644,24.45726776123047,7236200,0.0,0.0
2002-02-26 00:00:00-05:00,24.57767361381318,24.73319552757431,24.151238053294424,24.45726776123047,6940200,0.0,0.0
2002-02-27 00:00:00-05:00,24.753258809784683,25.12450836410401,24.18133542414026,24.24655532836914,6556600,0.0,0.0
2002-02-28 00:00:00-05:00,24.57766341771781,25.119484745099044,24.442207607426177,24.642881393432617,5214300,0.0,0.0
2002-03-01 00:00:00-05:00,24.68302512475829,25.285050501222823,24.33184349567183,25.20478057861328,6456100,0.0,0.0
2002-03-04 00:00:00-05:00,25.59608641342398,27.09111434581668,25.28504082160964,26.9656925201416,6694100,0.0,0.0
2002-03-05 00:00:00-05:00,26.96570295758426,27.79348809295936,26.719875242044665,27.57274436950684,7875000,0.0,0.0
2002-03-06 00:00:00-05:00,27.57776114519932,28.50086617682315,27.57776114519932,28.27510643005371,6848500,0.0,0.0
2002-03-07 00:00:00-05:00,28.280113864297302,28.596177413676763,27.22657125141279,27.703174591064453,5325900,0.0,0.0
2002-03-08 00:00:00-05:00,28.174760335505663,28.791835520859088,27.783444831082825,28.525941848754883,5755100,0.0,0.0
2002-03-11 00:00:00-05:00,28.15972523207283,28.82195270410801,27.97911739173845,28.32528114318848,4804400,0.0,0.0
2002-03-12 00:00:00-05:00,27.77341303585325,28.53096012048145,27.56772129124941,28.33530235290528,4053300,0.0,0.0
2002-03-13 00:00:00-05:00,28.024264835740908,28.1948386670371,27.39213749643725,27.753353118896484,3853100,0.0,0.0
2002-03-14 00:00:00-05:00,27.627929771229663,27.84365554386155,27.221562217572547,27.43227195739746,4129700,0.0,0.0
2002-03-15 00:00:00-05:00,27.688137948224707,28.345349393026083,27.562716048255563,28.330299377441406,5124900,0.0,0.0
2002-03-18 00:00:00-05:00,28.77177601333164,28.93231585271754,28.19985259629615,28.5058822631836,4755600,0.0,0.0
2002-03-19 00:00:00-05:00,28.88717566806382,29.23333945595233,28.87714168545721,29.037681579589844,4539700,0.0,0.0
2002-03-20 00:00:00-05:00,28.74668670018888,28.99753039201214,28.45069106728601,28.48079299926757,2884500,0.0,0.0
2002-03-21 00:00:00-05:00,28.38046039405175,28.696524040124043,27.93897487884761,28.5058822631836,2524000,0.0,0.0
2002-03-22 00:00:00-05:00,28.47076372931345,28.495847719886083,27.798502447523603,28.069414138793945,4370900,0.0,0.0
2002-03-25 00:00:00-05:00,27.9891484739482,28.26006020638655,27.49749491162643,27.517560958862305,3920000,0.0,0.0
2002-03-26 00:00:00-05:00,27.71823168853035,28.395508982373805,27.64297780530964,27.98914337158203,5687500,0.0,0.0
2002-03-27 00:00:00-05:00,28.094497847887297,28.74669116517038,27.89382209774521,28.42561149597168,4325600,0.0,0.0
2002-03-28 00:00:00-05:00,28.20486209284261,29.11291492848928,28.184794140485103,28.75170135498047,4860900,0.0,0.0
2002-04-01 00:00:00-05:00,28.626284406689432,28.741672281750848,28.15469701476776,28.540996551513672,3445800,0.0,0.0
2002-04-02 00:00:00-05:00,28.32026135365575,28.696526999859007,28.204873451807742,28.490835189819336,3650300,0.0,0.0
2002-04-03 00:00:00-05:00,28.58150032239116,28.8132145203508,27.911541798623663,28.037473678588867,4669400,0.23,0.0
2002-04-04 00:00:00-05:00,27.896434510904825,28.38504896721565,27.790650256466325,28.20370864868164,3595700,0.0,0.0
2002-04-05 00:00:00-05:00,28.460607621711937,28.788031309881024,28.03243995709221,28.163408279418945,3574800,0.0,0.0
2002-04-08 00:00:00-04:00,27.710049858536856,28.123108190227825,27.51359643440129,28.047548294067383,4888600,0.0,0.0
2002-04-09 00:00:00-04:00,28.15836384163946,28.400152775184544,27.70500839026265,27.83094024658203,3512600,0.0,0.0
2002-04-10 00:00:00-04:00,27.83094632487743,28.28430187526736,27.22647289821354,27.458187103271484,5845400,0.0,0.0
2002-04-11 00:00:00-04:00,26.974612779228707,27.01491190985569,25.79085367980142,26.01249313354492,8173600,0.0,0.0
2002-04-12 00:00:00-04:00,26.09309544477574,26.949432950893588,26.09309544477574,26.742904663085938,7720200,0.0,0.0
2002-04-15 00:00:00-04:00,27.050179641038905,27.251669581257588,26.299624473527764,26.526302337646484,4719500,0.0,0.0
2002-04-16 00:00:00-04:00,26.74792563969165,27.82590394898365,26.74792563969165,27.644561767578125,5740000,0.0,0.0
2002-04-17 00:00:00-04:00,27.765456931724888,28.08280576813017,27.46825765480484,27.720121383666992,4834900,0.0,0.0
2002-04-18 00:00:00-04:00,27.72516414445568,27.93169235811157,27.30706936568728,27.800722122192383,4213000,0.0,0.0
2002-04-19 00:00:00-04:00,28.047550957818032,28.71247118953443,27.478338271635543,27.71005249023437,4745300,0.0,0.0
2002-04-22 00:00:00-04:00,27.377603707857315,27.473313214580163,26.828540358145087,27.024995803833008,3704300,0.0,0.0
2002-04-23 00:00:00-04:00,27.01994820768351,27.6042721479266,26.83356953336992,26.949426651000977,4044800,0.0,0.0
2002-04-24 00:00:00-04:00,26.82349152630753,26.82349152630753,25.63973257499443,25.685068130493164,7964100,0.0,0.0
2002-04-25 00:00:00-04:00,25.488617412997712,25.488617412997712,23.906912955818168,24.24441146850586,11534800,0.0,0.0
2002-04-26 00:00:00-04:00,24.808584611137857,24.808584611137857,24.03284363623248,24.204111099243164,8839600,0.0,0.0
2002-04-29 00:00:00-04:00,24.17892488178454,24.7884348186698,23.448519475000303,23.927061080932617,6812800,0.0,0.0
2002-04-30 00:00:00-04:00,23.987502227856265,24.67761026382688,23.85149557671391,24.03787612915039,6041500,0.0,0.0
2002-05-01 00:00:00-04:00,23.92705957917129,24.22425892238583,23.14628222984881,24.194034576416016,7323600,0.0,0.0
2002-05-02 00:00:00-04:00,24.194036448193646,24.652428495574448,24.058029763159563,24.6020565032959,5863000,0.0,0.0
2002-05-03 00:00:00-04:00,24.556720256805416,24.56175668726549,23.977432753915004,24.178924560546875,5033000,0.0,0.0
2002-05-06 00:00:00-04:00,24.06306195281433,24.078173162314272,22.687886162852383,22.69292259216309,5516700,0.0,0.0
2002-05-07 00:00:00-04:00,22.74833510264809,22.914566109350577,22.123712122025445,22.617366790771484,7790200,0.0,0.0
2002-05-08 00:00:00-04:00,23.17146823672646,24.90932873879458,23.17146823672646,24.425750732421875,8001700,0.0,0.0
2002-05-09 00:00:00-04:00,24.07818398338721,24.773328756309866,23.87669405375353,24.43079376220703,6662900,0.0,0.0
2002-05-10 00:00:00-04:00,24.38041825584241,24.5013118119321,23.503931327134243,23.66008758544922,5703000,0.0,0.0
2002-05-13 00:00:00-04:00,23.67518977129308,24.335073412002,23.171462329350668,24.2796630859375,4747100,0.0,0.0
2002-05-14 00:00:00-04:00,24.90932846069336,25.05540991564424,24.279669004768696,24.90932846069336,6168900,0.0,0.0
2002-05-15 00:00:00-04:00,24.71791234041384,25.16119315142712,24.455973766704552,24.738061904907227,4630600,0.0,0.0
2002-05-16 00:00:00-04:00,24.738060951466096,25.10074541209568,24.68768704217412,25.03022193908692,3724900,0.0,0.0
2002-05-17 00:00:00-04:00,25.36268688647924,25.528917936462424,25.18638297428664,25.433210372924805,5207000,0.0,0.0
2002-05-20 00:00:00-04:00,25.43321424607772,25.43321424607772,24.80859100770314,24.858963012695312,3884400,0.0,0.0
2002-05-21 00:00:00-04:00,25.110829296185205,25.48358870231672,24.279679604453765,24.37538719177246,5449400,0.0,0.0
2002-05-22 00:00:00-04:00,24.103360685056856,24.22425613344925,23.78601373596675,24.188995361328125,4619300,0.0,0.0
2002-05-23 00:00:00-04:00,24.23935982503723,24.607080564213184,24.037870035641188,24.42070198059082,3647200,0.0,0.0
2002-05-24 00:00:00-04:00,24.506353692032214,24.531539693045712,23.932102492453424,24.14366912841797,2548000,0.0,0.0
2002-05-28 00:00:00-04:00,24.05803066770286,24.128554149740065,23.18154567106433,23.503931045532227,4254100,0.0,0.0
2002-05-29 00:00:00-04:00,23.4132574064704,23.53415286970769,23.105983278911783,23.19161796569824,3484200,0.0,0.0
2002-05-30 00:00:00-04:00,23.12109063551261,23.12109063551261,22.14385815643349,22.48639297485352,5841400,0.0,0.0
2002-05-31 00:00:00-04:00,22.48640329558353,23.2419948145027,22.36550972863488,22.899459838867188,5430000,0.0,0.0
2002-06-03 00:00:00-04:00,22.86923903356768,22.87931189688893,22.1136474609375,22.1136474609375,5883900,0.0,0.0
2002-06-04 00:00:00-04:00,22.11363489588272,22.23956675309944,21.599832687850395,21.8869571685791,5988800,0.0,0.0
2002-06-05 00:00:00-04:00,21.937338620349223,22.849086352261747,21.91718905331317,22.75841522216797,5206800,0.0,0.0
2002-06-06 00:00:00-04:00,22.758410945224583,22.81885771340464,22.199273055246813,22.43602561950684,4600300,0.0,0.0
2002-06-07 00:00:00-04:00,21.72576422218779,22.7684798307204,21.58975758782689,22.501502990722656,4862100,0.0,0.0
2002-06-10 00:00:00-04:00,22.36047361439216,22.76849376722232,21.861784238057417,22.64759826660156,4023500,0.0,0.0
2002-06-11 00:00:00-04:00,22.909524361890508,22.909524361890508,21.7056160550928,21.76102638244629,4028500,0.0,0.0
2002-06-12 00:00:00-04:00,21.660293927873884,22.20432083725264,21.10619415416049,22.038089752197266,5691700,0.0,0.0
2002-06-13 00:00:00-04:00,21.78622675799449,21.8617866945689,21.20693903510808,21.302648544311523,6006700,0.0,0.0
2002-06-14 00:00:00-04:00,20.652835063293352,21.609918432414883,20.557127495008647,21.33286666870117,6801500,0.0,0.0
2002-06-17 00:00:00-04:00,21.826513002185266,22.79366885789128,21.690506349682632,22.72818374633789,5103800,0.0,0.0
2002-06-18 00:00:00-04:00,22.47632688248537,23.14124721722005,22.199277063274,22.768489837646484,4505000,0.0,0.0
2002-06-19 00:00:00-04:00,22.038088292828423,22.66774795833781,21.927267576796755,22.239580154418945,5646700,0.0,0.0
2002-06-20 00:00:00-04:00,22.022971044093147,22.36550596204208,21.38323676855818,21.56457901000977,4630700,0.0,0.0
2002-06-21 00:00:00-04:00,21.171669659131645,21.453757796850496,20.980254561477505,21.131372451782227,6801100,0.0,0.0
2002-06-24 00:00:00-04:00,20.90469941896045,21.66029096422408,20.169257442747,21.358055114746094,6138200,0.0,0.0
2002-06-25 00:00:00-04:00,21.35804479647776,22.148896744727,20.975210855749665,21.111217498779297,5366400,0.0,0.0
2002-06-26 00:00:00-04:00,20.05843037809422,20.90469279433741,20.04835559676179,20.77876091003418,6062800,0.0,0.0
2002-06-27 00:00:00-04:00,21.05581928915995,21.473914238522163,20.501719540064496,21.46887588500977,4862700,0.0,0.0
2002-06-28 00:00:00-04:00,21.282493351730302,21.85674256903609,21.282493351730302,21.70058822631836,4889600,0.0,0.0
2002-07-01 00:00:00-04:00,21.957474766980667,22.209338436286902,20.829124682999097,20.87446022033692,5486600,0.0,0.0
2002-07-02 00:00:00-04:00,21.00617490322078,21.27463997987107,20.47937383044505,20.980846405029297,5181000,0.23,0.0
2002-07-03 00:00:00-04:00,20.646523635257804,21.147997970270502,20.36792764126962,20.90485954284668,5205000,0.0,0.0
2002-07-05 00:00:00-04:00,21.73052202754029,22.211732490841083,21.381008910553803,22.125621795654297,2487600,0.0,0.0
2002-07-08 00:00:00-04:00,21.86729170292504,22.29278461805688,21.745723402769247,22.03445053100586,4252700,0.0,0.0
2002-07-09 00:00:00-04:00,21.78117072339137,22.034440150407544,21.07201555482911,21.127735137939453,4320300,0.0,0.0
2002-07-10 00:00:00-04:00,21.401270099596047,21.62414653636884,20.215968909095945,20.30714607238769,6063500,0.0,0.0
2002-07-11 00:00:00-04:00,20.170380808997944,20.813685506562383,19.765150035967164,20.768096923828125,6556900,0.0,0.0
2002-07-12 00:00:00-04:00,20.676928555361503,21.142945591833467,20.26663113619208,20.970722198486328,5246900,0.0,0.0
2002-07-15 00:00:00-04:00,20.40338592979285,20.88459826314113,20.033612770900024,20.84407615661621,5984300,0.0,0.0
2002-07-16 00:00:00-04:00,20.413528533074533,20.95046075859367,20.312220310786863,20.590818405151367,6602900,0.0,0.0
2002-07-17 00:00:00-04:00,20.818748310456183,21.375942267683573,19.52707448371272,20.21090316772461,9693400,0.0,0.0
2002-07-18 00:00:00-04:00,20.261558113560284,20.38819285177004,19.55240280666857,19.603057861328125,4821200,0.0,0.0
2002-07-19 00:00:00-04:00,19.27381317611706,19.72969915813608,19.096525256606,19.57773780822754,8361000,0.0,0.0
2002-07-22 00:00:00-04:00,19.3801703078389,19.47641389996906,18.48866302322861,18.50385856628418,7686000,0.0,0.0
2002-07-23 00:00:00-04:00,18.50387069681315,19.071195818503952,17.77951970782893,18.03278923034668,12421800,0.0,0.0
2002-07-24 00:00:00-04:00,17.095692431942883,19.552405978875225,16.969057673187752,19.197830200195312,10883300,0.0,0.0
2002-07-25 00:00:00-04:00,19.106647660073552,19.62838210146932,18.260726704069725,19.015470504760746,7806500,0.0,0.0
2002-07-26 00:00:00-04:00,19.071185247941933,19.32951916751465,18.513991447862125,19.258604049682617,5660300,0.0,0.0
2002-07-29 00:00:00-04:00,19.952569778786167,20.0842709934639,19.653711708300943,20.043746948242188,8585000,0.0,0.0
2002-07-30 00:00:00-04:00,19.81580287496021,20.996039537616262,19.79047631431241,20.752901077270508,7135700,0.0,0.0
2002-07-31 00:00:00-04:00,20.752900202923968,20.90486149270115,19.79554195180581,20.438844680786133,5578500,0.0,0.0
2002-08-01 00:00:00-04:00,20.14506035063591,20.428722943835204,19.98296799232012,20.08427619934082,5666100,0.0,0.0
2002-08-02 00:00:00-04:00,20.00829235788957,20.07414297504621,19.08639144686899,19.39031410217285,4640300,0.0,0.0
2002-08-05 00:00:00-04:00,19.390308861048943,19.390308861048943,18.39242852207208,18.61530494689941,4772700,0.0,0.0
2002-08-06 00:00:00-04:00,18.873646333003933,19.7803518009935,18.873646333003933,19.27887916564941,4959500,0.0,0.0
2002-08-07 00:00:00-04:00,19.68410937612316,19.947509935193857,18.883776685220663,19.44603538513184,4821400,0.0,0.0
2002-08-08 00:00:00-04:00,19.66890636413875,21.07708388419953,19.52707415854297,20.859272003173828,5259300,0.0,0.0
2002-08-09 00:00:00-04:00,20.66679977527084,21.690009230839568,20.489511821310767,21.644420623779297,5360700,0.0,0.0
2002-08-12 00:00:00-04:00,21.17332735732784,21.33035512473728,20.79342315139866,21.21891593933105,3603800,0.0,0.0
2002-08-13 00:00:00-04:00,21.19865297692566,22.08003154576588,20.83901080836076,20.869403839111328,5447300,0.0,0.0
2002-08-14 00:00:00-04:00,20.66678670479961,22.348495695877407,20.66678670479961,22.29277610778809,6775000,0.0,0.0
2002-08-15 00:00:00-04:00,22.389021744966925,22.74866393199814,21.538036163182284,22.399152755737305,7922200,0.0,0.0
2002-08-16 00:00:00-04:00,21.88248072953857,22.64228907478441,21.669733388077624,22.454870223999023,4694800,0.0,0.0
2002-08-19 00:00:00-04:00,22.297853439070767,23.554070289291072,22.22187179425243,23.4932861328125,4253200,0.0,0.0
2002-08-20 00:00:00-04:00,23.072851520606303,23.478082342175192,23.072851520606303,23.15896415710449,5127800,0.0,0.0
2002-08-21 00:00:00-04:00,22.89557135503385,23.30080231315168,22.389032174313165,22.99687957763672,5098000,0.0,0.0
2002-08-22 00:00:00-04:00,22.996880357241185,23.13871071431713,22.59164745309216,22.90063667297364,4180600,0.0,0.0
2002-08-23 00:00:00-04:00,22.9056995584053,22.9056995584053,22.292785756437148,22.470075607299805,3103300,0.0,0.0
2002-08-26 00:00:00-04:00,22.66762550956669,22.9208950683328,22.059778182069355,22.773998260498047,3207700,0.0,0.0
2002-08-27 00:00:00-04:00,23.164024225294416,23.29065895335679,22.17627295994937,22.32316970825196,5387600,0.0,0.0
2002-08-28 00:00:00-04:00,21.958466824650507,22.08510158588216,21.17839816400632,21.517778396606445,5009000,0.0,0.0
2002-08-29 00:00:00-04:00,21.27464168513776,21.958468680671302,21.051765182157133,21.411407470703125,4209100,0.0,0.0
2002-08-30 00:00:00-04:00,21.41646112504021,22.14587827728103,21.2999574259556,21.639339447021484,4038900,0.0,0.0
2002-09-03 00:00:00-04:00,21.082150212238886,21.148000815701,20.02348374680789,20.21596908569336,6552200,0.0,0.0
2002-09-04 00:00:00-04:00,20.210910027579324,21.021371781164767,19.99816260957987,20.95045661926269,5867700,0.0,0.0
2002-09-05 00:00:00-04:00,20.388194016596653,20.84407987311472,19.65371210655882,19.8968505859375,6674200,0.0,0.0
2002-09-06 00:00:00-04:00,20.489500099308778,20.641461391808345,20.13492246194801,20.29195022583008,3669100,0.0,0.0
2002-09-09 00:00:00-04:00,20.038681246163364,20.88460035201469,19.70943016086383,20.752901077270508,5190600,0.0,0.0
2002-09-10 00:00:00-04:00,20.74783097724789,20.818746107576708,20.261554141599667,20.464170455932617,3545400,0.0,0.0
2002-09-11 00:00:00-04:00,21.730523064924185,22.14081840300094,20.3426054063214,20.43378257751465,2979400,0.0,0.0
2002-09-12 00:00:00-04:00,20.39325935369896,20.398325825798885,20.00829056270145,20.13998985290528,4108600,0.0,0.0
2002-09-13 00:00:00-04:00,20.008282012019738,20.5502783575088,19.89177832331848,20.22102737426757,3542000,0.0,0.0
2002-09-16 00:00:00-04:00,20.033613221940367,20.31220923205883,19.856325378853864,20.302080154418945,3179000,0.0,0.0
2002-09-17 00:00:00-04:00,20.707309362152458,20.74276692815316,19.60305448080729,19.72462272644043,3683800,0.0,0.0
2002-09-18 00:00:00-04:00,19.400439560291915,19.51694327587771,19.05092841353453,19.299131393432617,6711800,0.0,0.0
2002-09-19 00:00:00-04:00,18.24553495675897,18.5899816303019,17.095691198357272,17.171672821044922,13676500,0.0,0.0
2002-09-20 00:00:00-04:00,17.17673038174875,17.70353118986342,16.89306796223497,17.4350643157959,8248400,0.0,0.0
2002-09-23 00:00:00-04:00,17.085557199484327,17.171669818961654,16.599280309718242,16.913333892822266,6169900,0.0,0.0
2002-09-24 00:00:00-04:00,16.589154300315645,17.465466646747213,16.589154300315645,16.812030792236328,6181600,0.0,0.0
2002-09-25 00:00:00-04:00,17.171668419191484,17.728860401758343,16.644867532074766,17.57183265686035,6443800,0.0,0.0
2002-09-26 00:00:00-04:00,17.576901626018945,18.0885051058377,17.323632155708275,17.87069320678711,6308400,0.0,0.0
2002-09-27 00:00:00-04:00,17.53130946232202,18.01758628221905,16.994377599336353,17.151405334472656,4433600,0.0,0.0
2002-09-30 00:00:00-04:00,16.781638619623692,17.526249680415848,16.563826681949692,17.161542892456055,5516700,0.0,0.0
2002-10-01 00:00:00-04:00,17.23245732745197,18.35697454637892,16.84242205843413,18.134096145629883,6669100,0.0,0.0
2002-10-02 00:00:00-04:00,18.08821178660197,18.1238986333132,17.33368682861328,17.33368682861328,5792000,0.23,0.0
2002-10-03 00:00:00-04:00,17.20622639445366,17.267403543760384,16.11522449868229,16.150911331176758,9580400,0.0,0.0
2002-10-04 00:00:00-04:00,16.39562686055997,16.594454114877774,15.748162503687189,15.819537162780762,7105100,0.0,0.0
2002-10-07 00:00:00-04:00,15.824636004537592,16.26307563205023,15.039521532370031,15.172073364257812,8255100,0.0,0.0
2002-10-08 00:00:00-04:00,15.3964018538507,16.17641759712391,15.039531232263045,15.778762817382812,7443100,0.0,0.0
2002-10-09 00:00:00-04:00,15.294437433334716,15.778761674347972,14.835604504813505,14.942665100097656,7696400,0.0,0.0
2002-10-10 00:00:00-04:00,14.805016974712572,15.880725157554846,14.682660610675386,15.778762817382812,7973100,0.0,0.0
2002-10-11 00:00:00-04:00,16.314058757756456,17.50702438220889,16.217193761612048,17.027799606323242,8137200,0.0,0.0
2002-10-14 00:00:00-04:00,16.90034520819156,17.843500906777766,16.80857847651658,17.6038875579834,6153200,0.0,0.0
2002-10-15 00:00:00-04:00,18.531754699690413,19.194515048392383,18.439987942017456,18.89372444152832,9567500,0.0,0.0
2002-10-16 00:00:00-04:00,18.684697472332207,19.05176249694303,18.46547713725128,18.587831497192383,7490200,0.0,0.0
2002-10-17 00:00:00-04:00,19.57686669612352,19.62784733987076,19.14862267637122,19.38313674926757,5979500,0.0,0.0
2002-10-18 00:00:00-04:00,18.86312845982524,19.37294274252321,18.705085332065494,18.965091705322266,5887200,0.0,0.0
2002-10-21 00:00:00-04:00,18.720376148355903,19.83177114725944,18.55213654591529,19.56666755676269,6324300,0.0,0.0
2002-10-22 00:00:00-04:00,19.245480589857458,19.495290332690047,18.93959293455569,19.13842010498047,4434900,0.0,0.0
2002-10-23 00:00:00-04:00,19.016069890969355,19.39843055343437,18.60821890663072,19.38313674926757,6150000,0.0,0.0
2002-10-24 00:00:00-04:00,19.617662229180112,19.729822044385514,18.70509378405331,18.847843170166016,4563800,0.0,0.0
2002-10-25 00:00:00-04:00,18.8631320184198,19.72981685146685,18.65410820087205,19.58197021484375,4536600,0.0,0.0
2002-10-28 00:00:00-05:00,20.03571058078701,20.091790490087256,19.169025493392606,19.2913818359375,4349200,0.0,0.0
2002-10-29 00:00:00-05:00,19.44942040469187,19.62785466922432,18.76116978837896,19.474910736083984,5245800,0.0,0.0
2002-10-30 00:00:00-05:00,19.47490311618048,19.816477701720466,19.0262660690235,19.4188232421875,4980200,0.0,0.0
2002-10-31 00:00:00-05:00,19.70433934936817,19.90826406680489,19.48001963196236,19.84198760986328,7267100,0.0,0.0
2002-11-01 00:00:00-05:00,19.678828398069044,20.774929764801573,19.444314320233648,20.59139633178711,5690300,0.0,0.0
2002-11-04 00:00:00-05:00,21.09612408030392,21.718096433866272,21.045141464577203,21.17769432067871,6543700,0.0,0.0
2002-11-05 00:00:00-05:00,20.87179827460381,21.386711844497498,20.861601754480564,21.371416091918945,4225800,0.0,0.0
2002-11-06 00:00:00-05:00,21.631419262105744,21.718086753027205,20.902384712878483,21.5804386138916,5708500,0.0,0.0
2002-11-07 00:00:00-05:00,21.17769343666612,21.18279072563205,20.23963473911901,20.31100845336914,5722100,0.0,0.0
2002-11-08 00:00:00-05:00,20.31100263792252,20.647480012181383,19.729814622819674,20.020408630371094,5222500,0.0,0.0
2002-11-11 00:00:00-05:00,19.791001467707293,19.85727790640121,19.347463335991883,19.505504608154297,3242500,0.0,0.0
2002-11-12 00:00:00-05:00,19.79609277852498,20.336494762182625,19.434123100384284,19.95413398742676,4165100,0.0,0.0
2002-11-13 00:00:00-05:00,19.959220953683506,20.520015634092,19.627841041305395,20.18353843688965,4682100,0.0,0.0
2002-11-14 00:00:00-05:00,20.647480932057725,21.045135498046875,20.591401043051587,21.045135498046875,5271700,0.0,0.0
2002-11-15 00:00:00-05:00,20.95336452189209,21.68239904192089,20.59649610911184,21.64161491394043,6005200,0.0,0.0
2002-11-18 00:00:00-05:00,21.794565541403635,21.94750947203492,21.28984843105406,21.41220474243164,5111700,0.0,0.0
2002-11-19 00:00:00-05:00,21.4173020307114,21.794565541403635,21.07572731712779,21.41220474243164,6070000,0.0,0.0
2002-11-20 00:00:00-05:00,21.41730239125762,22.273790750956312,20.994157444561463,22.182024002075195,7951200,0.0,0.0
2002-11-21 00:00:00-05:00,22.18712192763936,23.757349198021164,22.18712192763936,23.65538787841797,9731800,0.0,0.0
2002-11-22 00:00:00-05:00,23.66047580857448,23.833812706046288,23.30870472758173,23.55341529846192,5366500,0.0,0.0
2002-11-25 00:00:00-05:00,23.55852140886043,23.87460771633264,23.247534334134127,23.62479782104492,4440900,0.0,0.0
2002-11-26 00:00:00-05:00,23.29851108190164,23.32400140486212,22.554182760648352,22.59496688842773,6639600,0.0,0.0
2002-11-27 00:00:00-05:00,22.70203016720341,23.568714866563056,22.686736360528226,23.441261291503903,4877400,0.0,0.0
2002-11-29 00:00:00-05:00,23.32401132182544,23.53813245947848,22.97224004791496,23.06400680541992,1664500,0.0,0.0
2002-12-02 00:00:00-05:00,23.45145789279556,23.808328293165108,22.9722331490227,23.10478401184082,4543300,0.0,0.0
2002-12-03 00:00:00-05:00,22.941640673454383,23.27302070554129,22.69693007297864,22.987524032592773,4608400,0.0,0.0
2002-12-04 00:00:00-05:00,22.635763815717496,22.707137532148103,22.1514396680682,22.442033767700195,6119100,0.0,0.0
2002-12-05 00:00:00-05:00,22.44712688104048,22.44712688104048,21.386713965302643,21.616130828857425,5885100,0.0,0.0
2002-12-06 00:00:00-05:00,21.08081738373269,22.069858222921013,21.05532706149098,21.82514762878418,5656300,0.0,0.0
2002-12-09 00:00:00-05:00,21.83024901149944,21.83024901149944,20.795326564957545,20.815719604492188,5401800,0.0,0.0
2002-12-10 00:00:00-05:00,20.90237984575873,21.233759816350045,20.70864992703828,21.17258071899414,4451700,0.0,0.0
2002-12-11 00:00:00-05:00,21.17768532230851,21.67730307541572,21.055329041341363,21.20827293395996,4436300,0.0,0.0
2002-12-12 00:00:00-05:00,21.58044959564473,21.932220914818952,21.402013346519325,21.784374237060547,4708000,0.0,0.0
2002-12-13 00:00:00-05:00,21.71298971495628,21.72318623367337,21.30513869020785,21.31023597717285,4271000,0.0,0.0
2002-12-16 00:00:00-05:00,21.42240263938433,22.171830475824787,21.41220611738248,22.131044387817383,3881300,0.0,0.0
2002-12-17 00:00:00-05:00,21.820045644641656,22.457313344221063,21.74357468756413,21.77416229248047,4800200,0.0,0.0
2002-12-18 00:00:00-05:00,21.452990871050243,21.667111985407992,20.81572287147942,20.95337104797364,6349400,0.0,0.0
2002-12-19 00:00:00-05:00,20.71375470603916,21.396905917879582,20.18864467606868,20.545515060424805,7210700,0.0,0.0
2002-12-20 00:00:00-05:00,20.545514705864665,21.48867227287144,20.545514705864665,21.432592391967773,6897200,0.0,0.0
2002-12-23 00:00:00-05:00,21.3102371609999,21.611027673108968,21.20827391295176,21.43769073486328,3822800,0.0,0.0
2002-12-24 00:00:00-05:00,21.106314570683683,21.24906196434146,21.009448600883864,21.15729522705078,1600100,0.0,0.0
2002-12-26 00:00:00-05:00,21.167497309125807,21.70790135463231,21.00945412120152,21.147104263305664,2282400,0.0,0.0
2002-12-27 00:00:00-05:00,21.029848282373905,21.10632123586137,20.36199058225241,20.4588565826416,3189000,0.0,0.0
2002-12-30 00:00:00-05:00,20.70864812780047,20.76472798977766,20.209030544855448,20.565900802612305,3491000,0.0,0.0
2002-12-31 00:00:00-05:00,20.428262410748964,20.57100981733068,20.0815884706612,20.351789474487305,3450700,0.0,0.0
2003-01-02 00:00:00-05:00,20.474138393177032,21.432589643031616,20.173347934462463,21.381607055664062,4310700,0.0,0.0
2003-01-03 00:00:00-05:00,21.38161207657881,21.412201636182505,21.10631381929482,21.34082794189453,2963100,0.0,0.0
2003-01-06 00:00:00-05:00,21.34592995272504,22.090260509483752,21.26945895397576,21.91692352294922,4167300,0.0,0.0
2003-01-07 00:00:00-05:00,21.56514381312655,22.329865238732364,21.42239643601202,22.0341739654541,5213800,0.0,0.0
2003-01-08 00:00:00-05:00,21.947046369607364,22.1571884930734,21.357622338933343,21.48575782775879,4054600,0.23,0.0
2003-01-09 00:00:00-05:00,21.490879723131503,22.44420786792244,21.490879723131503,22.357074737548828,5082600,0.0,0.0
2003-01-10 00:00:00-05:00,22.100800240296287,22.74660395562488,21.85990694157424,22.254562377929688,5080000,0.0,0.0
2003-01-13 00:00:00-05:00,22.433961609762004,22.75173707447597,22.187941705932573,22.34682846069336,3894100,0.0,0.0
2003-01-14 00:00:00-05:00,22.023932375931977,22.50059663585569,21.967552437955,22.4544677734375,3126900,0.0,0.0
2003-01-15 00:00:00-05:00,22.45958598609004,22.45958598609004,21.91629086617668,22.09055519104004,4555600,0.0,0.0
2003-01-16 00:00:00-05:00,22.095684222395025,22.218693197965013,21.67027345683381,21.80353546142578,4826000,0.0,0.0
2003-01-17 00:00:00-05:00,21.808655332955954,21.962417496963344,21.21923337839563,21.52163314819336,3917200,0.0,0.0
2003-01-21 00:00:00-05:00,21.54213349817241,21.706146735038683,20.74769401550293,20.74769401550293,4173200,0.0,0.0
2003-01-22 00:00:00-05:00,20.74770463584276,20.82458673537475,20.08140027560652,20.12752914428711,5396900,0.0,0.0
2003-01-23 00:00:00-05:00,20.701564955063617,20.96296239279426,20.265905165768533,20.850202560424805,5329500,0.0,0.0
2003-01-24 00:00:00-05:00,20.85534125732611,20.85534125732611,19.614990081144693,19.84563446044922,5199000,0.0,0.0
2003-01-27 00:00:00-05:00,19.502218856816025,19.98913405167737,19.19981905833937,19.425338745117188,5248900,0.0,0.0
2003-01-28 00:00:00-05:00,19.52784515893079,19.72261162390645,19.322829576759904,19.630353927612305,6123900,0.0,0.0
2003-01-29 00:00:00-05:00,19.63036123419608,19.63036123419608,18.83592140280348,19.37409019470215,7845400,0.0,0.0
2003-01-30 00:00:00-05:00,19.5432226785294,19.55347375088184,18.86666754480525,18.97942543029785,4742100,0.0,0.0
2003-01-31 00:00:00-05:00,18.851290410766545,19.45609000771985,18.851290410766545,19.425338745117188,6145700,0.0,0.0
2003-02-03 00:00:00-05:00,19.43046498534932,19.886627001892474,19.261327160820805,19.75849151611328,4705800,0.0,0.0
2003-02-04 00:00:00-05:00,19.75849133782336,19.75849133782336,18.907671798134537,19.1895694732666,5170200,0.0,0.0
2003-02-05 00:00:00-05:00,19.312577942697725,19.732862122395723,18.96404931243225,18.974300384521484,5011000,0.0,0.0
2003-02-06 00:00:00-05:00,18.784661105368805,19.020429906210392,18.548890349335068,18.66677474975586,3983700,0.0,0.0
2003-02-07 00:00:00-05:00,18.671906346767425,19.19469945303916,18.138862165252,18.32337760925293,5565400,0.0,0.0
2003-02-10 00:00:00-05:00,18.405375353088573,18.52838624131811,17.96971561952612,18.47713088989257,4483100,0.0,0.0
2003-02-11 00:00:00-05:00,18.47713977324547,18.71803515278268,17.995350969363738,18.154237747192383,4388300,0.0,0.0
2003-02-12 00:00:00-05:00,18.159365120367635,18.41050963179151,17.692951929673384,17.78520965576172,3860200,0.0,0.0
2003-02-13 00:00:00-05:00,17.810834696414673,18.08760784871309,17.590441477568813,17.892841339111328,6389700,0.0,0.0
2003-02-14 00:00:00-05:00,17.897955130011475,18.338741302490234,17.810823979968255,18.338741302490234,4940400,0.0,0.0
2003-02-18 00:00:00-05:00,18.44125831433892,18.92817353643668,18.41050509482384,18.702655792236328,4919700,0.0,0.0
2003-02-19 00:00:00-05:00,18.65652083614557,18.92816734313965,18.48225655963068,18.92816734313965,4522500,0.0,0.0
2003-02-20 00:00:00-05:00,18.933293681334085,19.035802433959905,18.651396078006947,18.75902938842773,3450800,0.0,0.0
2003-02-21 00:00:00-05:00,18.764158294672484,19.07168263658104,18.40025403386921,18.974300384521484,4771800,0.0,0.0
2003-02-24 00:00:00-05:00,18.979427790430726,18.979427790430726,18.29262149894829,18.33362579345703,5080800,0.0,0.0
2003-02-25 00:00:00-05:00,18.33874615921411,18.61039466023664,17.91333745452077,18.538637161254883,6053000,0.0,0.0
2003-02-26 00:00:00-05:00,18.538644269334213,18.57452401017805,17.990224454160614,18.154237747192383,4998200,0.0,0.0
2003-02-27 00:00:00-05:00,18.27211815003184,18.851289045962265,18.159358314806564,18.7180290222168,4652200,0.0,0.0
2003-02-28 00:00:00-05:00,18.76928826872278,19.2203257948287,18.76928826872278,18.88717269897461,5461700,0.0,0.0
2003-03-03 00:00:00-05:00,19.09218725496765,19.389462518503763,18.774411799788485,18.93842506408692,5551300,0.0,0.0
2003-03-04 00:00:00-05:00,18.81541622350363,18.856420521718743,18.461762949764736,18.646278381347656,5335700,0.0,0.0
2003-03-05 00:00:00-05:00,18.48225451489316,19.03067398071289,18.47712800295572,19.03067398071289,6897600,0.0,0.0
2003-03-06 00:00:00-05:00,18.70777354884228,18.91791558447092,18.41562491285102,18.52325820922852,5206000,0.0,0.0
2003-03-07 00:00:00-05:00,18.52839280829716,18.98967940346934,18.11835767233197,18.94867706298828,4852700,0.0,0.0
2003-03-10 00:00:00-05:00,18.620645049243382,18.70265166131152,18.087601093204565,18.133729934692383,4578700,0.0,0.0
2003-03-11 00:00:00-05:00,18.2516203793168,18.47201358904837,17.528936259441227,17.59044075012207,5609200,0.0,0.0
2003-03-12 00:00:00-05:00,17.5904421325666,17.600693207684465,16.637113653724512,17.206035614013672,11926500,0.0,0.0
2003-03-13 00:00:00-05:00,17.206034100156387,18.54376897985201,17.206034100156387,18.492515563964844,6917200,0.0,0.0
2003-03-14 00:00:00-05:00,18.523261311709323,18.86153883926248,18.27211691143072,18.39000129699707,6259000,0.0,0.0
2003-03-17 00:00:00-05:00,18.389998914286465,19.732857779349576,18.12347696420212,19.681604385375977,9099700,0.0,0.0
2003-03-18 00:00:00-05:00,19.681602791215496,20.086509263270475,19.4253319317215,20.06088256835937,6723800,0.0,0.0
2003-03-19 00:00:00-05:00,20.06601728586045,20.39404380731887,19.8609997323528,20.23515510559082,7700800,0.0,0.0
2003-03-20 00:00:00-05:00,20.066019000995272,20.6810678037047,19.78924586666056,20.527305603027344,8486800,0.0,0.0
2003-03-21 00:00:00-05:00,20.527308587597584,21.388379382817217,20.527308587597584,21.275619506835938,7867900,0.0,0.0
2003-03-24 00:00:00-05:00,20.706702470863178,20.73232918587505,20.37354931012976,20.614444732666016,6425700,0.0,0.0
2003-03-25 00:00:00-05:00,20.619567349783487,21.13723593811059,20.450429482495345,20.8245849609375,5351000,0.0,0.0
2003-03-26 00:00:00-05:00,20.87582323057811,21.101340874970635,20.583674617654736,20.763063430786133,4189300,0.0,0.0
2003-03-27 00:00:00-05:00,20.763069698505483,21.01421606789407,20.388914378748947,20.727191925048828,4429500,0.0,0.0
2003-03-28 00:00:00-05:00,20.486299947566167,20.71694223367157,20.39916680965725,20.511926651000977,4191400,0.0,0.0
2003-03-31 00:00:00-05:00,20.219782250525945,20.22490681023095,19.65598487854004,19.65598487854004,5461300,0.0,0.0
2003-04-01 00:00:00-05:00,19.825133561717006,20.59394690473542,19.6816223633488,20.42993354797364,5176200,0.0,0.0
2003-04-02 00:00:00-05:00,20.57856223780934,21.578017581218862,20.57856223780934,21.42425537109375,6775200,0.0,0.0
2003-04-03 00:00:00-05:00,21.44475277479152,21.8342837512518,21.27048845382956,21.41399955749512,5794300,0.0,0.0
2003-04-04 00:00:00-05:00,21.578010563518184,21.74202379500284,21.413997332033528,21.55751037597656,3639500,0.0,0.0
2003-04-07 00:00:00-04:00,21.6241397857666,22.39807906838091,21.58826201295052,21.6241397857666,5967700,0.0,0.0
2003-04-08 00:00:00-04:00,21.62413528784625,21.78302393097646,21.434495391665507,21.742019653320312,4453000,0.0,0.0
2003-04-09 00:00:00-04:00,21.86054608195006,22.18005572828744,21.345210225619123,21.3503646850586,5590500,0.23,0.0
2003-04-10 00:00:00-04:00,21.355521778630266,21.64411062804377,21.24730169729421,21.561656951904297,4473500,0.0,0.0
2003-04-11 00:00:00-04:00,21.73688313734558,21.93786395989393,21.22669938592517,21.40706825256348,4718900,0.0,0.0
2003-04-14 00:00:00-04:00,21.381295996609683,22.097612872552464,20.9020332586614,22.056385040283203,4561600,0.0,0.0
2003-04-15 00:00:00-04:00,22.056385358664027,22.88092432329009,21.932705791773444,22.85515594482422,6801700,0.0,0.0
2003-04-16 00:00:00-04:00,22.91700246468524,23.2571242932134,22.58718759651874,22.77270698547364,8291700,0.0,0.0
2003-04-17 00:00:00-04:00,22.772708857728787,23.28804512307016,22.73663547642304,23.267433166503903,5688900,0.0,0.0
2003-04-21 00:00:00-04:00,23.26742152854068,23.34472075016704,22.942759293327548,23.17981338500977,3623500,0.0,0.0
2003-04-22 00:00:00-04:00,23.179827244419588,23.994059566839336,22.80363196985863,23.911605834960938,6274300,0.0,0.0
2003-04-23 00:00:00-04:00,23.92189324312525,24.75158441592591,23.8085206738054,24.627904891967773,7935400,0.0,0.0
2003-04-24 00:00:00-04:00,24.62790824115548,24.62790824115548,23.81883086760368,24.045578002929688,5819200,0.0,0.0
2003-04-25 00:00:00-04:00,24.04558751655645,24.04558751655645,23.07160239271058,23.195281982421875,6411900,0.0,0.0
2003-04-28 00:00:00-04:00,23.190126647616545,23.60239517262612,23.06644510718797,23.277732849121094,6505100,0.0,0.0
2003-04-29 00:00:00-04:00,23.51993598345837,23.89097855237633,22.504723380086133,22.88092041015625,9234100,0.0,0.0
2003-04-30 00:00:00-04:00,22.92214406893817,23.205578463710065,22.71601085721804,23.0612850189209,10146100,0.0,0.0
2003-05-01 00:00:00-04:00,23.06128958078661,23.138590779129704,22.45319284909778,23.056137084960938,6177900,0.0,0.0
2003-05-02 00:00:00-04:00,22.906674603623824,23.68483072532671,22.7881476163896,23.49930953979492,6273300,0.0,0.0
2003-05-05 00:00:00-04:00,23.49932672537279,23.52509510453599,23.07675125633377,23.09221267700196,5039600,0.0,0.0
2003-05-06 00:00:00-04:00,23.092206819039472,23.756988763591814,23.06128595139834,23.385948181152344,4630100,0.0,0.0
2003-05-07 00:00:00-04:00,23.385944873898858,23.68999314889343,22.978829020527208,23.31895065307617,4802500,0.0,0.0
2003-05-08 00:00:00-04:00,22.803613002989145,23.17980796465053,22.63870567639375,22.73146629333496,4796900,0.0,0.0
2003-05-09 00:00:00-04:00,22.89124277105181,23.19529133666588,22.690261882330265,23.107685089111328,3805900,0.0,0.0
2003-05-12 00:00:00-04:00,22.834547516073776,23.612704305818884,22.77786022006787,23.504484176635746,4746300,0.0,0.0
2003-05-13 00:00:00-04:00,23.504472694705225,23.57661941225033,22.99944370603888,23.071590423583984,4189800,0.0,0.0
2003-05-14 00:00:00-04:00,23.07674443522774,23.267420162247934,22.6799354967908,22.844844818115234,5535100,0.0,0.0
2003-05-15 00:00:00-04:00,22.97369589520625,23.112834982594386,22.79332698951595,23.08706855773925,5274200,0.0,0.0
2003-05-16 00:00:00-04:00,23.08705349892451,23.20042805335977,22.70570594176197,22.983985900878903,4349100,0.0,0.0
2003-05-19 00:00:00-04:00,22.63870670656735,22.74692677597318,21.912083151363174,22.087297439575195,5954000,0.0,0.0
2003-05-20 00:00:00-04:00,22.15430584424463,22.28829240180092,21.530747499187378,21.91724967956543,5093400,0.0,0.0
2003-05-21 00:00:00-04:00,21.75749164093081,22.236754390359696,21.75749164093081,22.154300689697266,3901200,0.0,0.0
2003-05-22 00:00:00-04:00,22.09245040928933,22.4686453961678,22.030610649133425,22.26251220703125,4357800,0.0,0.0
2003-05-23 00:00:00-04:00,22.262516289964573,22.30889661005026,22.056381097172416,22.1079158782959,2720100,0.0,0.0
2003-05-27 00:00:00-04:00,22.10791118100877,22.777847466465,21.60803472250005,22.674779891967773,5298000,0.0,0.0
2003-05-28 00:00:00-04:00,22.72631756534345,23.31895477128554,22.72631756534345,23.13858795166016,6620200,0.0,0.0
2003-05-29 00:00:00-04:00,23.179827496134287,23.48387600433488,22.932466297812933,23.00976753234864,5573600,0.0,0.0
2003-05-30 00:00:00-04:00,23.12828398169473,23.751840171027265,23.087056151399445,23.57662582397461,5884000,0.0,0.0
2003-06-02 00:00:00-04:00,23.98889234834792,24.62275544374692,23.767297693145306,23.98373985290528,6679900,0.0,0.0
2003-06-03 00:00:00-04:00,23.98374206292323,24.426931414166816,23.70546010295384,24.23625564575196,5276900,0.0,0.0
2003-06-04 00:00:00-04:00,23.93220483581172,24.88557768318424,23.93220483581172,24.736129760742188,6210100,0.0,0.0
2003-06-05 00:00:00-04:00,24.736127211300463,25.205082877714,24.375391629632176,25.09686279296875,6780500,0.0,0.0
2003-06-06 00:00:00-04:00,25.09686666827469,25.76165066153448,24.83919863670277,24.88042449951172,7166900,0.0,0.0
2003-06-09 00:00:00-04:00,24.7103644749604,24.942266095175565,24.349628839720257,24.550609588623047,3300600,0.0,0.0
2003-06-10 00:00:00-04:00,24.60729834018945,25.04018073517448,24.375396706116906,24.97318649291992,3644500,0.0,0.0
2003-06-11 00:00:00-04:00,25.07110135194165,25.498829280766856,24.7876649321676,25.483369827270508,3703300,0.0,0.0
2003-06-12 00:00:00-04:00,25.61219549116706,25.730722516281887,24.895878880427173,25.22053909301757,4433000,0.0,0.0
2003-06-13 00:00:00-04:00,25.24116634358646,25.303006135931582,24.63822394505552,24.864971160888672,2757600,0.0,0.0
2003-06-16 00:00:00-04:00,25.13295078766737,25.54521942138672,24.96804333417963,25.54521942138672,4179200,0.0,0.0
2003-06-17 00:00:00-04:00,25.622512916437795,26.0193219709496,25.385456803481137,25.59674453735352,5981100,0.0,0.0
2003-06-18 00:00:00-04:00,25.601900441129104,25.601900441129104,23.98889771902233,24.164112091064453,10689600,0.0,0.0
2003-06-19 00:00:00-04:00,23.62814776921056,23.74152228448157,22.59747607649297,22.679929733276367,12809700,0.0,0.0
2003-06-20 00:00:00-04:00,22.8036235530626,23.19527814346265,22.705710396925404,22.81393051147461,7945800,0.0,0.0
2003-06-23 00:00:00-04:00,22.813922997864,22.813922997864,21.999691244138223,22.061532974243164,5918600,0.0,0.0
2003-06-24 00:00:00-04:00,23.10767261726228,23.31896035622049,22.03577250147817,22.314054489135746,7285300,0.0,0.0
2003-06-25 00:00:00-04:00,22.319198998547584,22.922141070415787,22.231590871492514,22.571712493896484,8146600,0.0,0.0
2003-06-26 00:00:00-04:00,22.8036137147484,23.47354999568391,22.458339603240656,22.5356388092041,6969800,0.0,0.0
2003-06-27 00:00:00-04:00,22.64387351480485,22.64387351480485,22.056390519972368,22.15945816040039,4132600,0.0,0.0
2003-06-30 00:00:00-04:00,22.36558792491244,22.478960532153994,21.99454529722778,22.03061866760254,5777900,0.0,0.0
2003-07-01 00:00:00-04:00,21.9739362330357,22.81908732417528,21.86056163490909,22.77270698547364,6569100,0.0,0.0
2003-07-02 00:00:00-04:00,22.89639478705339,23.190136356973543,22.83970747253332,23.1746768951416,7055900,0.0,0.0
2003-07-03 00:00:00-04:00,22.994307855579034,23.24166907272223,22.932468042756287,23.08706855773925,2896400,0.0,0.0
2003-07-07 00:00:00-04:00,23.3189588511632,23.93220811103431,23.3189588511632,23.79822158813477,8654200,0.0,0.0
2003-07-08 00:00:00-04:00,23.85489461798292,24.473297970224326,23.829128221191628,24.41661071777344,7040800,0.0,0.0
2003-07-09 00:00:00-04:00,24.39072253834246,24.84643087339977,24.28715416825492,24.5046501159668,7289000,0.23,0.0
2003-07-10 00:00:00-04:00,24.50465626127852,24.50465626127852,23.69163210447177,23.97127151489257,5063100,0.0,0.0
2003-07-11 00:00:00-04:00,23.976438494254698,24.23536332027352,23.90393985903977,24.1628646850586,5049100,0.0,0.0
2003-07-14 00:00:00-04:00,24.66518692964943,24.929289462765784,24.478760682536592,24.50983238220215,5282100,0.0,0.0
2003-07-15 00:00:00-04:00,24.509834614335915,25.581783657417898,24.509834614335915,25.23482322692871,10265800,0.0,0.0
2003-07-16 00:00:00-04:00,24.882687821977747,25.33839629666237,24.401087246838,24.69108390808105,5272400,0.0,0.0
2003-07-17 00:00:00-04:00,24.691085933426766,24.691085933426766,24.028238625288857,24.292341232299805,6014400,0.0,0.0
2003-07-18 00:00:00-04:00,24.51501251330743,24.530547377005707,24.1318027467462,24.338943481445312,4065800,0.0,0.0
2003-07-21 00:00:00-04:00,24.34412951200136,24.34930911864856,23.63985511694889,23.769317626953125,4219700,0.0,0.0
2003-07-22 00:00:00-04:00,23.85215977686101,24.30268849831796,23.69162564602464,24.21465301513672,4757200,0.0,0.0
2003-07-23 00:00:00-04:00,24.302699479001376,24.55644486044409,24.188771852387408,24.473588943481445,3681100,0.0,0.0
2003-07-24 00:00:00-04:00,24.473587985287967,25.105365562043243,24.473587985287967,24.65483665466309,5329800,0.0,0.0
2003-07-25 00:00:00-04:00,24.830904002316217,25.22964867685743,24.706619152606475,25.167505264282227,3645000,0.0,0.0
2003-07-28 00:00:00-04:00,25.193396700852144,25.24000326767985,24.924114534229883,25.03804016113281,3031300,0.0,0.0
2003-07-29 00:00:00-04:00,24.98626297518409,25.11054784674175,24.499484677085384,24.72216033935547,4495500,0.0,0.0
2003-07-30 00:00:00-04:00,24.846437249154786,24.88268658307524,24.49429916926416,24.608226776123047,3383700,0.0,0.0
2003-07-31 00:00:00-04:00,24.950010905768217,25.271077323661697,24.48912476344351,24.566801071166992,5546800,0.0,0.0
2003-08-01 00:00:00-04:00,24.437333626835688,24.4942974262115,23.857342349940915,23.898771286010746,4765100,0.0,0.0
2003-08-04 00:00:00-04:00,23.898769708919914,23.96091113348352,23.18931404134444,23.888412475585938,5572200,0.0,0.0
2003-08-05 00:00:00-04:00,23.88840921631749,24.24054719986694,23.71234022454277,23.717517852783203,4874100,0.0,0.0
2003-08-06 00:00:00-04:00,23.826261440374463,24.716963467265355,23.8210838130868,24.38554000854492,5699400,0.0,0.0
2003-08-07 00:00:00-04:00,24.390732554153743,24.74805029418085,24.21984309298322,24.670372009277344,5604300,0.0,0.0
2003-08-08 00:00:00-04:00,25.053580551347306,25.3332180165076,24.597872052824204,25.136436462402344,3918500,0.0,0.0
2003-08-11 00:00:00-04:00,25.13643341911227,25.17786038190382,24.691082210320204,24.929292678833008,3687600,0.0,0.0
2003-08-12 00:00:00-04:00,25.089822271616484,25.29696099864572,24.7894684505799,25.198570251464844,4351500,0.0,0.0
2003-08-13 00:00:00-04:00,25.271067319954746,25.36428043267658,24.986250353500257,25.126070022583008,3280100,0.0,0.0
2003-08-14 00:00:00-04:00,25.16751173844749,25.240012405102185,25.01215711792694,25.172691345214844,3550100,0.0,0.0
2003-08-15 00:00:00-04:00,25.17269183011016,25.31768921533023,24.90858719224077,25.1882266998291,1815400,0.0,0.0
2003-08-18 00:00:00-04:00,25.18821310504153,25.659456328104763,24.820540233567613,25.47303009033203,4101000,0.0,0.0
2003-08-19 00:00:00-04:00,25.47303519502568,25.757854212832903,25.40053652701676,25.70606803894043,4805400,0.0,0.0
2003-08-20 00:00:00-04:00,25.706068678408887,25.706068678408887,25.390179923848617,25.4108943939209,2714000,0.0,0.0
2003-08-21 00:00:00-04:00,25.63357139970907,25.76821151160454,25.34357472928098,25.519643783569336,3786900,0.0,0.0
2003-08-22 00:00:00-04:00,25.851066440139864,25.866603280668063,24.898224506543503,25.001792907714844,3480500,0.0,0.0
2003-08-25 00:00:00-04:00,25.0017924178838,25.043221357893174,24.76876154437316,24.986257553100582,3528900,0.0,0.0
2003-08-26 00:00:00-04:00,24.78946597864465,25.05874807482673,24.525363485999883,24.9707145690918,3589300,0.0,0.0
2003-08-27 00:00:00-04:00,24.856792537570094,24.934470804426155,24.70143797929836,24.73250770568848,3362400,0.0,0.0
2003-08-28 00:00:00-04:00,24.779111945277343,25.0794657751305,24.57197321216777,24.991430282592773,2809700,0.0,0.0
2003-08-29 00:00:00-04:00,24.996621219873425,25.32286729235009,24.92930016275641,25.26590347290039,2466400,0.0,0.0
2003-09-02 00:00:00-04:00,25.26589923704964,25.89249719506441,25.20893542714997,25.887319564819336,3958700,0.0,0.0
2003-09-03 00:00:00-04:00,25.659467155314097,25.84589347175085,25.21929544462587,25.343578338623047,7416100,0.0,0.0
2003-09-04 00:00:00-04:00,25.27108228337329,25.59732837107532,25.11572766199557,25.561079025268555,3826800,0.0,0.0
2003-09-05 00:00:00-04:00,25.56107413555363,25.56107413555363,24.88786958807032,25.017332077026367,4153100,0.0,0.0
2003-09-08 00:00:00-04:00,25.12089041885401,25.36428043267658,24.91375170481439,25.126070022583008,4235900,0.0,0.0
2003-09-09 00:00:00-04:00,24.84643305965467,25.654279455324687,24.84643305965467,25.54035186767578,6283100,0.0,0.0
2003-09-10 00:00:00-04:00,25.54554152975592,25.54554152975592,24.758409290190382,24.856800079345703,5211400,0.0,0.0
2003-09-11 00:00:00-04:00,25.100181650760256,25.54553281634613,25.017325757775,25.3125,5124700,0.0,0.0
2003-09-12 00:00:00-04:00,25.31767795973637,25.416070692056707,24.768758402329592,25.302143096923828,5534800,0.0,0.0
2003-09-15 00:00:00-04:00,25.307328567798702,25.540361459396305,25.183045675907284,25.416078567504883,3809000,0.0,0.0
2003-09-16 00:00:00-04:00,25.467850992084287,26.596763610839844,25.467850992084287,26.596763610839844,7412700,0.0,0.0
2003-09-17 00:00:00-04:00,26.721046806810573,27.088721637483403,26.638190924287134,26.923009872436523,7773500,0.0,0.0
2003-09-18 00:00:00-04:00,27.031759922570075,27.49782355674529,26.69515676279891,27.4097900390625,7938800,0.0,0.0
2003-09-19 00:00:00-04:00,27.409792221717225,27.409792221717225,26.834978582565583,27.124975204467773,4529200,0.0,0.0
2003-09-22 00:00:00-04:00,26.643368743587384,26.695152925906065,26.21873212716642,26.488014221191406,5944800,0.0,0.0
2003-09-23 00:00:00-04:00,26.56570188022961,27.295870226323053,26.02195983108612,27.09908866882324,9113600,0.0,0.0
2003-09-24 00:00:00-04:00,27.17158398057055,27.21301094396229,26.15141907939192,26.29123878479004,5970600,0.0,0.0
2003-09-25 00:00:00-04:00,26.17730234304704,26.53461990583129,25.92873472027184,26.33265686035156,6008500,0.0,0.0
2003-09-26 00:00:00-04:00,26.12553339389413,26.22392418461392,25.778572860040423,25.93392944335937,4877700,0.0,0.0
2003-09-29 00:00:00-04:00,26.151416835261887,26.65890943976462,26.109987899984752,26.42587661743164,5718800,0.0,0.0
2003-09-30 00:00:00-04:00,26.41035393224535,26.42588880241723,26.0012518972282,26.130714416503903,5555000,0.0,0.0
2003-10-01 00:00:00-04:00,26.30676739419337,26.959259197575523,26.26534044065168,26.923009872436523,5182900,0.0,0.0
2003-10-02 00:00:00-04:00,26.943731755113784,27.456404065080005,26.82462650592665,27.44604682922364,6355100,0.0,0.0
2003-10-03 00:00:00-04:00,27.49782305887646,27.96388866005342,27.34764812111071,27.45639610290528,5204400,0.0,0.0
2003-10-06 00:00:00-04:00,27.254440993683573,27.52372318074768,27.1871199530574,27.50818634033203,3329200,0.0,0.0
2003-10-07 00:00:00-04:00,27.508189189353427,28.0363963830578,27.213014871612867,27.963897705078125,5137800,0.0,0.0
2003-10-08 00:00:00-04:00,28.15630828778963,28.15630828778963,27.44901983399696,27.69345092773437,4348500,0.23,0.0
2003-10-09 00:00:00-04:00,28.031507082866035,28.27073653053713,27.79227565130421,27.90669059753418,5090900,0.0,0.0
2003-10-10 00:00:00-04:00,27.98990042785842,27.98990042785842,27.61545296242384,27.70386505126953,2635400,0.0,0.0
2003-10-13 00:00:00-04:00,27.703864577179186,28.239530926927483,27.703864577179186,28.182323455810547,2576700,0.0,0.0
2003-10-14 00:00:00-04:00,27.620649071411822,28.33313747832069,27.620649071411822,28.3071346282959,3826500,0.0,0.0
2003-10-15 00:00:00-04:00,28.307157971929342,28.307157971929342,27.729885099432742,27.88590431213379,4032400,0.0,0.0
2003-10-16 00:00:00-04:00,27.85468151585709,28.052304783210783,27.74546636044633,27.979496002197266,2878000,0.0,0.0
2003-10-17 00:00:00-04:00,27.984700887397764,27.984700887397764,27.194201778056776,27.386625289916992,3550300,0.0,0.0
2003-10-20 00:00:00-04:00,27.391830444335938,27.537450035095365,27.131797869847578,27.391830444335938,2784600,0.0,0.0
2003-10-21 00:00:00-04:00,27.594644902904204,27.69345652183328,27.32421091100915,27.485429763793945,2462100,0.0,0.0
2003-10-22 00:00:00-04:00,27.215006787562245,27.27221228031201,26.497316416427736,26.62733268737793,4132700,0.0,0.0
2003-10-23 00:00:00-04:00,26.62732718196448,27.20459962305017,26.43490369623273,26.99137306213379,4166200,0.0,0.0
2003-10-24 00:00:00-04:00,26.99138297395116,27.13700058593664,26.377705917882142,26.75215148925781,2711900,0.0,0.0
2003-10-27 00:00:00-05:00,26.752148122942785,27.511444679343537,26.752148122942785,26.928970336914062,3926400,0.0,0.0
2003-10-28 00:00:00-05:00,26.928964533154307,28.177121302052303,26.928964533154307,28.08350944519043,5714800,0.0,0.0
2003-10-29 00:00:00-05:00,27.77147685204989,28.23433446893557,27.625857276480144,28.031509399414062,5726100,0.0,0.0
2003-10-30 00:00:00-05:00,27.605052647884733,28.60357654971641,27.605052647884733,28.36954689025879,4285200,0.0,0.0
2003-10-31 00:00:00-05:00,28.447562477032008,28.723196355944378,28.296743116012,28.535972595214844,3272200,0.0,0.0
2003-11-03 00:00:00-05:00,28.69198262178285,29.58649497943665,28.676381307974125,29.212047576904297,5357800,0.0,0.0
2003-11-04 00:00:00-05:00,29.217250760641605,29.48768478854477,28.868806192114093,29.165245056152344,4798300,0.0,0.0
2003-11-05 00:00:00-05:00,28.86360920466714,29.071636010509287,28.395549883467627,28.629579544067383,3811100,0.0,0.0
2003-11-06 00:00:00-05:00,28.629585430956443,29.232860911276955,28.083517433200207,29.2276611328125,4095100,0.0,0.0
2003-11-07 00:00:00-05:00,29.48769079493125,29.888141149516283,28.863612294488465,29.6073055267334,5424000,0.0,0.0
2003-11-10 00:00:00-05:00,29.72171514471881,29.794523926319307,29.19124861377032,29.65410614013672,4560000,0.0,0.0
2003-11-11 00:00:00-05:00,29.59168844548396,30.01814143043852,29.550082308468976,29.877723693847656,3002500,0.0,0.0
2003-11-12 00:00:00-05:00,29.88293386965001,30.1273650499617,29.54489281625372,30.075359344482425,3160300,0.0,0.0
2003-11-13 00:00:00-05:00,29.877720436674533,30.163755653855592,29.75810578163117,30.002534866333008,4049900,0.0,0.0
2003-11-14 00:00:00-05:00,30.00254127507053,30.200166478781664,28.3851412153008,28.57236289978028,7672800,0.0,0.0
2003-11-17 00:00:00-05:00,28.255129178573803,28.7075851214627,28.005496261231336,28.61917304992676,5591400,0.0,0.0
2003-11-18 00:00:00-05:00,28.62437667814964,28.68158414277817,27.927489532829245,27.989896774291992,5159800,0.0,0.0
2003-11-19 00:00:00-05:00,27.963902620541525,27.963902620541525,27.50624474504873,27.766277313232425,5807100,0.0,0.0
2003-11-20 00:00:00-05:00,28.104321126835632,28.322747537138124,27.32422340337056,27.391830444335938,4354000,0.0,0.0
2003-11-21 00:00:00-05:00,27.61545437852165,27.69346493245108,27.38142668451499,27.50104141235352,5084700,0.0,0.0
2003-11-24 00:00:00-05:00,27.61545472371781,28.3175437661864,27.43343274079493,28.203128814697266,4167200,0.0,0.0
2003-11-25 00:00:00-05:00,28.343540429630465,28.8324007797208,28.270731652371307,28.65557861328125,5111700,0.0,0.0
2003-11-26 00:00:00-05:00,28.941623635507906,28.941623635507906,28.47356425151566,28.73359680175781,3530800,0.0,0.0
2003-11-28 00:00:00-05:00,28.452752518417547,28.98321899765496,28.452752518417547,28.74918937683105,1094000,0.0,0.0
2003-12-01 00:00:00-05:00,28.87921056120742,29.482485918326145,28.86880902251168,29.38887405395508,3897300,0.0,0.0
2003-12-02 00:00:00-05:00,29.3836779342224,29.49289112828658,28.96762625405584,29.15485000610352,3859700,0.0,0.0
2003-12-03 00:00:00-05:00,29.227644083599383,29.669698399185737,29.087226340275624,29.305652618408203,2756300,0.0,0.0
2003-12-04 00:00:00-05:00,29.253653802659883,29.64370252002868,29.21724941441669,29.39407157897949,2980200,0.0,0.0
2003-12-05 00:00:00-05:00,29.18605444119884,29.310870944887885,28.72319679449003,28.79080581665039,2850300,0.0,0.0
2003-12-08 00:00:00-05:00,28.660775839329084,29.2744525561214,28.62957123234487,29.21724510192871,2657800,0.0,0.0
2003-12-09 00:00:00-05:00,29.37327585249168,29.38367739229037,28.62958261995784,28.74399757385254,3347100,0.0,0.0
2003-12-10 00:00:00-05:00,28.676384678711845,29.04043058686636,28.29153767766412,28.613977432250977,2757600,0.0,0.0
2003-12-11 00:00:00-05:00,28.55157530233384,29.264063946790188,28.55157530233384,29.040435791015625,2827200,0.0,0.0
2003-12-12 00:00:00-05:00,28.94161132843167,29.74250973484787,28.936409568659897,29.61249351501465,3945100,0.0,0.0
2003-12-15 00:00:00-05:00,30.007755910544702,30.16377503983464,29.628108635179203,29.71131896972656,4430600,0.0,0.0
2003-12-16 00:00:00-05:00,29.711312050031367,30.16376801476351,29.706110289395024,30.12216186523437,3390200,0.0,0.0
2003-12-17 00:00:00-05:00,30.033747410781725,30.267777008163243,29.57088997589945,29.97134017944336,3532600,0.0,0.0
2003-12-18 00:00:00-05:00,28.993628062481143,29.32646939456512,28.70759266671465,29.300466537475582,8101600,0.0,0.0
2003-12-19 00:00:00-05:00,29.383666441117544,29.394067977039622,28.99361777154519,29.12883377075196,4126700,0.0,0.0
2003-12-22 00:00:00-05:00,29.118434586063422,29.830922942648083,29.0924297539851,29.674903869628903,4652700,0.0,0.0
2003-12-23 00:00:00-05:00,29.721718636916965,29.924543690604,29.674912702689905,29.815330505371094,3177000,0.0,0.0
2003-12-24 00:00:00-05:00,29.78932565067385,29.87253597993699,29.61770521452083,29.65930938720703,1109600,0.0,0.0
2003-12-26 00:00:00-05:00,29.76330880094625,30.179360251647072,29.76330880094625,29.877723693847656,1025100,0.0,0.0
2003-12-29 00:00:00-05:00,29.903745860304745,30.569428611567247,29.898546081762856,30.47581672668457,3733900,0.0,0.0
2003-12-30 00:00:00-05:00,30.413395067480096,30.47580229989553,30.01814661699546,30.148162841796875,2507100,0.0,0.0
2003-12-31 00:00:00-05:00,30.19497259440336,30.22617522262621,29.841328259348035,30.09615898132324,2913000,0.0,0.0
2004-01-02 00:00:00-05:00,30.10655787127252,30.21057125194656,29.529285493227327,29.633298873901367,3087200,0.0,0.0
2004-01-05 00:00:00-05:00,29.76331760367722,29.971344382498057,29.518886436146296,29.94013977050781,4459700,0.0,0.0
2004-01-06 00:00:00-05:00,29.654104490434065,30.32498877024285,29.654104490434065,30.044153213500977,4418500,0.0,0.0
2004-01-07 00:00:00-05:00,29.90312445819584,30.27397495580616,29.68374878102228,30.19040298461914,4897700,0.25,0.0
2004-01-08 00:00:00-05:00,30.19039016520292,30.6082498437068,30.1015958552449,30.488115310668945,4127900,0.0,0.0
2004-01-09 00:00:00-05:00,30.33665695262984,30.54558589483704,29.76209787840564,29.89267921447754,3620700,0.0,0.0
2004-01-12 00:00:00-05:00,29.84044521958746,30.58737056481394,29.641961045870087,30.55080795288086,4708800,0.0,0.0
2004-01-13 00:00:00-05:00,30.373225847225594,30.529923084407613,30.085945254459507,30.49858283996582,4072800,0.0,0.0
2004-01-14 00:00:00-05:00,30.498588279300417,30.827653930829992,30.32099751415108,30.61872291564941,3260400,0.0,0.0
2004-01-15 00:00:00-05:00,30.81719589716913,31.32907450517308,30.764964158755443,31.240280151367188,6789900,0.0,0.0
2004-01-16 00:00:00-05:00,31.323853954951563,31.564123153686523,31.27162022097882,31.564123153686523,5390800,0.0,0.0
2004-01-20 00:00:00-05:00,31.522327906813945,31.70514293904628,31.02612051542844,31.276836395263672,2705300,0.0,0.0
2004-01-21 00:00:00-05:00,31.27162354661996,31.80962010493078,31.005238448825995,31.6947078704834,4168300,0.0,0.0
2004-01-22 00:00:00-05:00,31.694700260217125,31.75737874008703,31.208937558071217,31.266393661499023,3130400,0.0,0.0
2004-01-23 00:00:00-05:00,31.50144779782293,31.517116923316227,30.822423136250045,30.96867561340332,3596600,0.0,0.0
2004-01-26 00:00:00-05:00,30.968667801455464,31.511886596679684,30.712727525384057,31.511886596679688,3313500,0.0,0.0
2004-01-27 00:00:00-05:00,31.52234287414426,31.642479491588816,30.655282630827266,30.67095375061035,4422000,0.0,0.0
2004-01-28 00:00:00-05:00,30.738837478286563,31.031340310020354,29.715080555987083,29.80387687683105,4258100,0.0,0.0
2004-01-29 00:00:00-05:00,29.98147744758237,30.420230844120614,29.64718753247113,30.211299896240234,5363700,0.0,0.0
2004-01-30 00:00:00-05:00,30.12772449355253,30.54036197286486,30.01803665500509,30.404556274414062,3629400,0.0,0.0
2004-02-02 00:00:00-05:00,30.3314287240282,30.864200746513543,30.18517828384066,30.32098197937012,4312400,0.0,0.0
2004-02-03 00:00:00-05:00,30.341881838277327,30.341881838277327,30.06505002051841,30.17996025085449,3815500,0.0,0.0
2004-02-04 00:00:00-05:00,29.955368457970053,30.08594984094728,29.668089813922915,29.72032356262207,4830300,0.0,0.0
2004-02-05 00:00:00-05:00,29.746434637432923,29.85090012544898,29.20843807152995,29.35469055175781,4768100,0.0,0.0
2004-02-06 00:00:00-05:00,29.40692837120417,30.112069066518963,29.40692837120417,29.960594177246094,3181900,0.0,0.0
2004-02-09 00:00:00-05:00,30.117282714855943,30.29487343191598,29.8770135072198,29.91357612609864,2756900,0.0,0.0
2004-02-10 00:00:00-05:00,29.97102540866812,30.05981975070445,29.44347575505557,29.762094497680664,4159100,0.0,0.0
2004-02-11 00:00:00-05:00,30.20084954114587,31.407421735591026,30.164286928512347,31.266393661499023,7007700,0.0,0.0
2004-02-12 00:00:00-05:00,31.094029159865386,31.156709639925857,30.68661600203829,30.84331321716309,4145600,0.0,0.0
2004-02-13 00:00:00-05:00,30.921661954219807,31.26117224538788,30.83808997566164,31.208940505981445,4407800,0.0,0.0
2004-02-17 00:00:00-05:00,31.33953103588957,31.8618565531544,31.31341515852908,31.647703170776367,4715900,0.0,0.0
2004-02-18 00:00:00-05:00,31.54845076037544,32.33193875615451,31.36563569918585,32.17523956298828,6040300,0.0,0.0
2004-02-19 00:00:00-05:00,32.24313566038798,32.467735664868854,32.04987588647859,32.12300109863281,4623200,0.0,0.0
2004-02-20 00:00:00-05:00,32.12300017499355,32.37894040268682,31.762596500090822,31.961078643798828,3988700,0.0,0.0
2004-02-23 00:00:00-05:00,31.99242398301763,32.028986593882905,31.5223304254457,31.887958526611328,4518000,0.0,0.0
2004-02-24 00:00:00-05:00,31.861840878220136,31.87228762252764,30.895539943672656,31.130584716796875,4246000,0.0,0.0
2004-02-25 00:00:00-05:00,31.255951097043607,31.57456990048108,31.1984949859302,31.564123153686523,3410200,0.0,0.0
2004-02-26 00:00:00-05:00,31.36563432123031,31.73126243503369,31.088802545820982,31.611127853393555,3034800,0.0,0.0
2004-02-27 00:00:00-05:00,31.59022807398327,31.83049718943137,31.188037428117955,31.21415328979492,3576100,0.0,0.0
2004-03-01 00:00:00-05:00,31.731256484985355,31.882731273980887,31.4544247614858,31.73125648498535,3356600,0.0,0.0
2004-03-02 00:00:00-05:00,31.569330526496387,32.12299588838103,31.569330526496387,31.76781463623047,3398800,0.0,0.0
2004-03-03 00:00:00-05:00,31.825276337807,32.07076983285155,31.67380154331088,31.98719787597656,2927600,0.0,0.0
2004-03-04 00:00:00-05:00,32.04987799947594,32.42595282107749,32.02376213520088,32.32670974731445,3297600,0.0,0.0
2004-03-05 00:00:00-05:00,32.201351617943594,32.817695556236856,32.175233762116,32.49907684326172,4512200,0.0,0.0
2004-03-08 00:00:00-05:00,32.64533306609396,32.71323591677508,31.85662269592285,31.85662269592285,3349100,0.0,0.0
2004-03-09 00:00:00-05:00,31.87751262894292,31.9245219859495,31.438759294385783,31.62679672241211,3767700,0.0,0.0
2004-03-10 00:00:00-05:00,31.632016103935083,31.65813196648493,30.94776934705845,31.04701042175293,3990100,0.0,0.0
2004-03-11 00:00:00-05:00,31.04701698893289,31.548450821513107,30.702282349822564,31.00000762939453,6546000,0.0,0.0
2004-03-12 00:00:00-05:00,31.26117699549484,31.783502438978555,31.26117699549484,31.684261322021484,4359600,0.0,0.0
2004-03-15 00:00:00-05:00,31.5536745775325,31.5536745775325,30.754517422957147,30.921661376953125,3499400,0.0,0.0
2004-03-16 00:00:00-05:00,31.35518438422769,31.595455515562893,30.50379565415943,30.93210220336914,5676700,0.0,0.0
2004-03-17 00:00:00-05:00,31.120137724599022,31.67902555348211,30.68660683335578,31.57978248596192,5150300,0.0,0.0
2004-03-18 00:00:00-05:00,31.130576131545546,31.50665085285005,30.895531423242417,31.29249763488769,7242200,0.0,0.0
2004-03-19 00:00:00-05:00,31.161926718045148,31.475321095003256,31.067908006455145,31.13581085205078,4262300,0.0,0.0
2004-03-22 00:00:00-05:00,30.770185982742746,30.791079474738066,29.903125990067508,30.420228958129883,6510200,0.0,0.0
2004-03-23 00:00:00-05:00,30.67616503973052,30.70750527545386,30.007589284402503,30.0128116607666,6136800,0.0,0.0
2004-03-24 00:00:00-05:00,29.944906112047743,30.049369563059955,29.088291069154312,29.197980880737305,10238700,0.0,0.0
2004-03-25 00:00:00-05:00,29.45392079103136,29.7725395151712,29.271107748908204,29.537492752075195,6562900,0.0,0.0
2004-03-26 00:00:00-05:00,29.5897305129592,29.86133792904989,29.427808944605164,29.631515502929688,4727700,0.0,0.0
2004-03-29 00:00:00-05:00,29.819554602889227,29.89267983380243,29.63151715624779,29.647186279296875,5418300,0.0,0.0
2004-03-30 00:00:00-05:00,29.64719009727723,29.89268368339757,29.641967719759364,29.856121063232425,4637300,0.0,0.0
2004-03-31 00:00:00-05:00,29.997136384905133,30.122493317054264,29.6628485758241,29.92923355102539,4276100,0.0,0.0
2004-04-01 00:00:00-05:00,30.023262523000515,30.143397120977628,29.866565307922244,29.88745880126953,5337000,0.0,0.0
2004-04-02 00:00:00-05:00,30.415007203759284,30.5560352980828,29.53750038964405,29.641965866088867,6876100,0.0,0.0
2004-04-05 00:00:00-04:00,29.72552971335553,29.78820818506306,29.239767074468624,29.563608169555664,5335500,0.0,0.0
2004-04-06 00:00:00-04:00,29.379989860072616,29.96234355072982,29.379989860072616,29.878400802612305,3898600,0.25,0.0
2004-04-07 00:00:00-04:00,29.825937150808336,30.05678122320632,29.574108891117625,29.64231300354004,3709900,0.0,0.0
2004-04-08 00:00:00-04:00,29.773488998094216,29.794475197536805,29.2750777687804,29.484935760498047,3279100,0.0,0.0
2004-04-12 00:00:00-04:00,29.61607744910154,29.7839629339114,29.54262779966633,29.56361198425293,2993500,0.0,0.0
2004-04-13 00:00:00-04:00,29.63706620171546,29.810197247327515,28.45662015865438,28.55105400085449,6987900,0.0,0.0
2004-04-14 00:00:00-04:00,28.252010238556547,28.377925374479403,27.59620682539272,27.989688873291016,8611600,0.0,0.0
2004-04-15 00:00:00-04:00,28.0316460080348,28.37790994182372,27.297145784190626,28.0683708190918,8600800,0.0,0.0
2004-04-16 00:00:00-04:00,28.26249113899941,28.70843846835121,27.91622716630449,28.608755111694336,7073400,0.0,0.0
2004-04-19 00:00:00-04:00,28.488091618492977,28.540557077165985,27.952955948143945,28.472352981567383,4865400,0.0,0.0
2004-04-20 00:00:00-04:00,28.48284677269644,28.593021236586168,27.800811804020874,27.827043533325195,5120900,0.0,0.0
2004-04-21 00:00:00-04:00,27.806061523739587,28.02116493849176,27.38634778780279,27.69063949584961,7585700,0.0,0.0
2004-04-22 00:00:00-04:00,27.49127128519089,28.20478349449604,27.33387691415856,28.0578842163086,11731800,0.0,0.0
2004-04-23 00:00:00-04:00,27.86903152652723,28.000192257357927,27.648682459381547,27.821813583374023,5546300,0.0,0.0
2004-04-26 00:00:00-04:00,27.93197572292977,28.398907363826712,27.89000335004547,28.152324676513672,4893800,0.0,0.0
2004-04-27 00:00:00-04:00,28.015929472467107,28.619267559533448,27.979204632443665,28.10511779785156,4194900,0.0,0.0
2004-04-28 00:00:00-04:00,27.80606057826441,27.87951022938676,27.412578588949348,27.49127578735352,5181600,0.0,0.0
2004-04-29 00:00:00-04:00,27.491271598873528,27.863767345014864,27.22895031262989,27.47028541564941,8517200,0.0,0.0
2004-04-30 00:00:00-04:00,27.52275320780988,27.61194349988553,26.79350023739525,26.96138572692871,6436200,0.0,0.0
2004-05-03 00:00:00-04:00,27.019095572134905,27.207967240040063,26.87744182120604,27.00335693359375,4783900,0.0,0.0
2004-05-04 00:00:00-04:00,27.003358779596272,27.7798296885686,26.99811123215528,27.533246994018555,7214400,0.0,0.0
2004-05-05 00:00:00-04:00,27.989684773944983,27.989684773944983,27.475535213488843,27.543739318847656,4969400,0.0,0.0
2004-05-06 00:00:00-04:00,27.176492038069007,27.590960260214,26.992867889702552,27.44930648803711,5569400,0.0,0.0
2004-05-07 00:00:00-04:00,27.318141158712123,27.81130450274771,26.940397830559807,27.24993705749512,6568000,0.0,0.0
2004-05-10 00:00:00-04:00,26.92465887111094,27.36011320268606,26.347552794521462,27.333879470825195,7238300,0.0,0.0
2004-05-11 00:00:00-04:00,27.648678233729218,27.70114171750173,27.076817454652875,27.512269973754883,5338200,0.0,0.0
2004-05-12 00:00:00-04:00,27.30765058672272,27.72736432265952,26.646601702791383,27.69063949584961,5825600,0.0,0.0
2004-05-13 00:00:00-04:00,27.533240528017,28.225768527474283,27.52799498316084,27.6224308013916,5237600,0.0,0.0
2004-05-14 00:00:00-04:00,27.806053487796337,27.96869338906087,27.244686152962224,27.323383331298828,5434700,0.0,0.0
2004-05-17 00:00:00-04:00,26.88793697541318,27.02434318971753,26.415757769450103,26.552165985107425,7298300,0.0,0.0
2004-05-18 00:00:00-04:00,26.61510918337397,27.07154751908209,26.61510918337397,26.92464828491211,3935200,0.0,0.0
2004-05-19 00:00:00-04:00,27.28142356872559,27.7431097587291,27.18174216463474,27.281423568725582,4973800,0.0,0.0
2004-05-20 00:00:00-04:00,27.41781806945801,27.65915515721041,27.2341939822738,27.417818069458008,4114500,0.0,0.0
2004-05-21 00:00:00-04:00,27.7273680916584,27.900501157027456,27.449308079057072,27.55948257446289,3472000,0.0,0.0
2004-05-24 00:00:00-04:00,27.722122695653496,27.963457877765805,27.6067006514462,27.952964782714844,3692900,0.0,0.0
2004-05-25 00:00:00-04:00,27.62243576537024,28.35693425972968,27.38634617736609,28.267745971679688,5439700,0.0,0.0
2004-05-26 00:00:00-04:00,28.273000345595907,28.593032775779907,28.00543339654652,28.435640335083008,4422500,0.0,0.0
2004-05-27 00:00:00-04:00,28.566791445125684,28.75041556406481,28.173309474810875,28.35693359375,3847200,0.0,0.0
2004-05-28 00:00:00-04:00,28.35693691136936,28.37792309923276,27.82704867661304,28.07362937927246,3580500,0.0,0.0
2004-06-01 00:00:00-04:00,28.157578906218603,28.162826455123927,27.64342918793998,27.97920227050781,2982200,0.0,0.0
2004-06-02 00:00:00-04:00,28.057893731871182,28.12085030082369,27.61719374649716,27.952964782714844,3331800,0.0,0.0
2004-06-03 00:00:00-04:00,27.70113737720456,27.779834591886427,27.28142356872559,27.281423568725582,5708700,0.0,0.0
2004-06-04 00:00:00-04:00,27.6749142052769,27.90575637105152,27.507028629921923,27.821813583374023,3823700,0.0,0.0
2004-06-07 00:00:00-04:00,28.068377367116025,28.718935031547115,28.03689809257252,28.66646957397461,3079500,0.0,0.0
2004-06-08 00:00:00-04:00,28.320206613469725,28.666470640925755,28.28872733775458,28.624500274658203,2730100,0.0,0.0
2004-06-09 00:00:00-04:00,28.4880979887665,28.58253383414227,28.12609524906141,28.27824211120605,2259100,0.0,0.0
2004-06-10 00:00:00-04:00,28.173315747027925,28.2520109577991,27.82705161611632,27.926733016967773,2672000,0.0,0.0
2004-06-14 00:00:00-04:00,27.68539797420889,27.71162971126441,27.06107382633306,27.3968448638916,3360000,0.0,0.0
2004-06-15 00:00:00-04:00,27.648672530516777,27.774585666139608,26.667591176596616,26.82498359680176,6215800,0.0,0.0
2004-06-16 00:00:00-04:00,26.903674927974524,27.386347215225133,26.783007356500104,27.354867935180664,4749300,0.0,0.0
2004-06-17 00:00:00-04:00,27.255194858569272,27.255194858569272,26.91417622553712,27.082061767578125,3437400,0.0,0.0
2004-06-18 00:00:00-04:00,26.79874742974649,27.428317006481667,26.79349988250707,27.09779357910156,2651400,0.0,0.0
2004-06-21 00:00:00-04:00,27.03483685681301,27.43881196351679,26.80924034266216,26.887937545776367,3309000,0.0,0.0
2004-06-22 00:00:00-04:00,26.573154779712944,27.43881407378028,26.50495066519206,27.3601188659668,6693000,0.0,0.0
2004-06-23 00:00:00-04:00,27.365360736538147,27.543739318847656,26.97187874626889,27.543739318847656,4113900,0.0,0.0
2004-06-24 00:00:00-04:00,27.569976421525343,27.994937774279983,27.496526755917863,27.70638465881348,4554000,0.0,0.0
2004-06-25 00:00:00-04:00,27.900506558273804,28.08413075283123,27.438820295931915,27.512269973754883,3647900,0.0,0.0
2004-06-28 00:00:00-04:00,27.795570597351787,27.795570597351787,27.39159546959248,27.44930648803711,3964100,0.0,0.0
2004-06-29 00:00:00-04:00,27.449314140578,27.67491072938077,27.28667413428768,27.47554588317871,3261300,0.0,0.0
2004-06-30 00:00:00-04:00,27.4020886492229,27.753600307500488,27.4020886492229,27.685396194458008,5951000,0.0,0.0
2004-07-01 00:00:00-04:00,27.62242850426314,27.848024940014263,26.96662537739414,27.071552276611328,6628600,0.0,0.0
2004-07-02 00:00:00-04:00,27.07156298176039,27.260434677202248,26.814489175128056,27.108287811279297,3383100,0.0,0.0
2004-07-06 00:00:00-04:00,26.992861418381658,27.01909314738043,26.53642292947455,26.746278762817383,4383600,0.0,0.0
2004-07-07 00:00:00-04:00,26.65137951934146,26.804276147973045,26.097790427664417,26.29813766479492,6845700,0.25,0.0
2004-07-08 00:00:00-04:00,26.324495878512845,26.77263890258616,25.828902250966976,26.26650047302246,5531300,0.0,0.0
2004-07-09 00:00:00-04:00,26.44048752361764,26.60920033879462,26.22959549903869,26.36140251159668,2903100,0.0,0.0
2004-07-12 00:00:00-04:00,26.308686905749823,26.69883463147163,26.092523433061825,26.540666580200195,3862900,0.0,0.0
2004-07-13 00:00:00-04:00,26.40885247963888,26.630287290012344,25.897440639659177,26.097787857055664,4597600,0.0,0.0
2004-07-14 00:00:00-04:00,26.07143432083091,26.213786173056874,25.67073977133206,25.88163185119629,5769900,0.0,0.0
2004-07-15 00:00:00-04:00,25.80781289006364,25.860534889434128,25.185683643658173,25.28585624694824,6020000,0.0,0.0
2004-07-16 00:00:00-04:00,25.570573703079912,25.64965875613272,24.795547423541628,24.81663703918457,6363100,0.0,0.0
2004-07-19 00:00:00-04:00,25.06969550046659,25.206775931367805,24.89043786782193,25.0169734954834,4428900,0.0,0.0
2004-07-20 00:00:00-04:00,25.122430595084417,25.61802449860498,24.832453406156816,25.549484252929688,6280600,0.0,0.0
2004-07-21 00:00:00-04:00,25.860546190017565,26.071438302086207,25.16460503589378,25.23841667175293,6765800,0.0,0.0
2004-07-22 00:00:00-04:00,25.17514323052496,25.749821973199182,24.7375429168412,25.50729751586914,6510900,0.0,0.0
2004-07-23 00:00:00-04:00,25.359669711368955,25.6918239631785,25.169869292979,25.306947708129883,3874400,0.0,0.0
2004-07-26 00:00:00-04:00,25.37022650147569,25.502033583066595,24.816637161037207,24.990623474121094,4130500,0.0,0.0
2004-07-27 00:00:00-04:00,25.09606686612371,25.76564706422756,25.080250660340724,25.649658203125,4487200,0.0,0.0
2004-07-28 00:00:00-04:00,25.596927924127936,25.96598805507266,25.175145779283643,25.728734970092773,5170000,0.0,0.0
2004-07-29 00:00:00-04:00,26.018708213320146,26.408857926485616,25.939625198110985,26.30868530273437,5087700,0.0,0.0
2004-07-30 00:00:00-04:00,26.045069258696422,26.129425675265487,25.807816208591063,26.00816345214844,4056300,0.0,0.0
2004-08-02 00:00:00-04:00,25.6760105472718,26.277050298687403,25.660192335613264,26.087247848510746,5042300,0.0,0.0
2004-08-03 00:00:00-04:00,26.018711043223405,26.271782350821955,25.939628019412844,25.99762344360352,4575700,0.0,0.0
2004-08-04 00:00:00-04:00,25.88690810804075,26.134706046719334,25.6338387714231,25.85000228881836,4049100,0.0,0.0
2004-08-05 00:00:00-04:00,25.876357839113027,26.002891465270995,25.333311492269925,25.338584899902344,3177700,0.0,0.0
2004-08-06 00:00:00-04:00,25.043334513335505,25.354399169844505,24.595191437056783,24.67427444458008,5486100,0.0,0.0
2004-08-09 00:00:00-04:00,24.72700736568446,24.90099165386468,24.53720486133055,24.753368377685547,3506000,0.0,0.0
2004-08-10 00:00:00-04:00,24.91153165715356,25.422943638466226,24.77972461134852,25.38603782653809,4652400,0.0,0.0
2004-08-11 00:00:00-04:00,25.09606808068767,25.49676274379102,25.016985036729,25.2331485748291,3213400,0.0,0.0
2004-08-12 00:00:00-04:00,25.175137827636075,25.359666829216405,24.832438811883712,24.911523818969727,2718800,0.0,0.0
2004-08-13 00:00:00-04:00,24.92207336425781,25.0275193900377,24.69009371651459,24.92207336425781,2878100,0.0,0.0
2004-08-16 00:00:00-04:00,24.964253992727887,25.54947760543918,24.93789298547032,25.53893280029297,3224700,0.0,0.0
2004-08-17 00:00:00-04:00,25.781454745108647,26.245414022345244,25.781454745108647,26.02397918701172,4318800,0.0,0.0
2004-08-18 00:00:00-04:00,25.897440447259847,26.27704527504029,25.84998984378729,26.26650047302246,4469500,0.0,0.0
2004-08-19 00:00:00-04:00,26.203240073401627,26.308686108124306,25.855269566667875,26.124155044555664,3206800,0.0,0.0
2004-08-20 00:00:00-04:00,26.12415213392768,26.630290630746003,26.0028899114326,26.51957321166992,3241600,0.0,0.0
2004-08-23 00:00:00-04:00,26.51957228479845,26.582839091885635,26.33504325945436,26.46685028076172,2733400,0.0,0.0
2004-08-24 00:00:00-04:00,26.677736177544187,26.75154978746861,26.22432178387118,26.271772384643555,3685500,0.0,0.0
2004-08-25 00:00:00-04:00,26.30868270160748,26.914993803128425,26.166330874846324,26.878087997436523,3835400,0.0,0.0
2004-08-26 00:00:00-04:00,26.50902581326915,27.4685807070951,26.50902581326915,27.410587310791016,3760900,0.0,0.0
2004-08-27 00:00:00-04:00,27.368407470580824,27.400041877012143,27.125883054920106,27.189149856567383,1945600,0.0,0.0
2004-08-30 00:00:00-04:00,27.09952610836913,27.152248115758123,26.6408361969791,26.67774200439453,2239700,0.0,0.0
2004-08-31 00:00:00-04:00,26.73046447111069,26.904448694365907,26.47739523014775,26.746280670166016,2724000,0.0,0.0
2004-09-01 00:00:00-04:00,26.76738114664525,26.91500442768638,26.53012800838889,26.545944213867188,2996100,0.0,0.0
2004-09-02 00:00:00-04:00,26.61448079905041,27.08898701035849,26.40359071385933,27.02044677734375,2449800,0.0,0.0
2004-09-03 00:00:00-04:00,27.020440756105906,27.357866426192533,26.86754412084301,26.888633728027344,2431200,0.0,0.0
2004-09-07 00:00:00-04:00,27.24187623682263,27.86400558484207,27.13115881333164,27.795467376708984,4284200,0.0,0.0
2004-09-08 00:00:00-04:00,27.758561960623084,27.890368993653173,27.494947894562905,27.52130889892578,4246000,0.0,0.0
2004-09-09 00:00:00-04:00,27.415861182606097,27.51603379750493,27.036256307257947,27.39477157592773,3940500,0.0,0.0
2004-09-10 00:00:00-04:00,27.23134213163374,27.99055014934014,27.1364408780184,27.91673851013184,3018500,0.0,0.0
2004-09-13 00:00:00-04:00,27.86400785291917,28.043265510350167,27.447499129043017,27.542400360107425,3063100,0.0,0.0
2004-09-14 00:00:00-04:00,27.600389068830463,27.621478674634563,27.25769202498373,27.510761260986328,3278300,0.0,0.0
2004-09-15 00:00:00-04:00,27.389496973373177,27.489669576544788,27.20496595336397,27.2313289642334,2507900,0.0,0.0
2004-09-16 00:00:00-04:00,27.33149744513161,27.60565622485773,27.29459164893916,27.54766082763672,2848500,0.0,0.0
2004-09-17 00:00:00-04:00,27.57403970464536,27.64785134489595,27.0257217896176,27.125896453857425,3534300,0.0,0.0
2004-09-20 00:00:00-04:00,26.941351963093243,27.04679797303721,26.714643745639084,26.86754035949707,3080300,0.0,0.0
2004-09-21 00:00:00-04:00,27.17861624093539,27.668938680749392,27.08371499379616,27.6162166595459,4514600,0.0,0.0
2004-09-22 00:00:00-04:00,25.57056882443436,26.24014890922424,25.33331572175825,25.686559677124023,19891000,0.0,0.0
2004-09-23 00:00:00-04:00,25.57056446503224,26.308684656138013,25.57056446503224,26.10833740234375,7736500,0.0,0.0
2004-09-24 00:00:00-04:00,26.10833471840217,26.466849973087744,26.00816210741066,26.3772201538086,6736300,0.0,0.0
2004-09-27 00:00:00-04:00,26.20324161602243,26.24014742866569,25.702374430014853,25.71291923522949,6041200,0.0,0.0
2004-09-28 00:00:00-04:00,25.781463272783903,25.897452124850627,25.54948154621796,25.75510025024414,5469700,0.0,0.0
2004-09-29 00:00:00-04:00,25.702366828918453,26.13469365878457,25.67600582928571,26.097787857055664,3733700,0.0,0.0
2004-09-30 00:00:00-04:00,25.99235343933105,26.18215593927913,25.681288678019747,25.99235343933105,4741400,0.0,0.0
2004-10-01 00:00:00-04:00,26.07143269087812,26.68828866740965,26.018708668600336,26.65665626525879,4111600,0.0,0.0
2004-10-04 00:00:00-04:00,26.88863405638183,27.07316309345897,26.519573971011887,26.67774200439453,4910700,0.0,0.0
2004-10-05 00:00:00-04:00,26.56175391877596,26.62502073163151,26.03452578547632,26.10833740234375,4424100,0.0,0.0
2004-10-06 00:00:00-04:00,25.96526129981584,26.426276597712747,25.9546629914087,26.203718185424805,4956100,0.25,0.0
2004-10-07 00:00:00-04:00,26.20372056356632,26.2302153262784,25.832787821334783,25.89637565612793,4234400,0.0,0.0
2004-10-08 00:00:00-04:00,25.75329850577349,26.12423120470861,25.55723485888429,25.594327926635746,4873800,0.0,0.0
2004-10-11 00:00:00-04:00,25.525449414146227,26.012961662164585,25.525449414146227,25.859289169311523,2351400,0.0,0.0
2004-10-12 00:00:00-04:00,25.48834350131571,26.20371404511059,25.48834350131571,25.912267684936523,4814100,0.0,0.0
2004-10-13 00:00:00-04:00,26.0129638443087,26.08715001358616,25.498956783712764,25.620834350585938,4104900,0.0,0.0
2004-10-14 00:00:00-04:00,25.66321578179431,25.73210377357383,25.048528063367765,25.064424514770508,4972200,0.0,0.0
2004-10-15 00:00:00-04:00,25.30287895564284,25.81158556573581,25.21279637781029,25.56253242492676,4245000,0.0,0.0
2004-10-18 00:00:00-04:00,25.143912623132792,25.92286911920332,25.143912623132792,25.88047790527344,3571000,0.0,0.0
2004-10-19 00:00:00-04:00,26.05004351997681,26.219612397162013,25.546635031461804,25.55193519592285,5189500,0.0,0.0
2004-10-20 00:00:00-04:00,25.55193664804464,25.56783309949025,25.06442458236644,25.329376220703125,3803700,0.0,0.0
2004-10-21 00:00:00-04:00,25.2763845342664,25.81158590839032,25.255187919876043,25.80628776550293,3880600,0.0,0.0
2004-10-22 00:00:00-04:00,25.72681224402672,26.065950130587343,25.59433638075014,25.60493469238281,3092900,0.0,0.0
2004-10-25 00:00:00-04:00,25.47245633423629,25.636727116321588,25.276392641788146,25.47775650024414,3048900,0.0,0.0
2004-10-26 00:00:00-04:00,25.594331582970938,26.25671077518769,25.594331582970938,26.097740173339844,3940800,0.0,0.0
2004-10-27 00:00:00-04:00,26.09775737773754,27.28474256211016,25.965281451962223,27.14166831970215,5910100,0.0,0.0
2004-10-28 00:00:00-04:00,27.141648183854173,27.73513932503012,27.051563570019383,27.464889526367188,5239700,0.0,0.0
2004-10-29 00:00:00-04:00,27.39600289425332,27.597366728069098,26.96148232014929,27.07276153564453,5383300,0.0,0.0
2004-11-01 00:00:00-05:00,27.184045002236136,27.655658721923828,27.136353613648552,27.655658721923828,4188800,0.0,0.0
2004-11-02 00:00:00-05:00,27.68744997553181,28.053082558501966,27.528479375171777,27.63446044921875,5629300,0.0,0.0
2004-11-03 00:00:00-05:00,28.08488134215068,28.32863643092261,27.75104162057625,28.04248809814453,5494700,0.0,0.0
2004-11-04 00:00:00-05:00,27.978905695429525,28.49821090698242,27.72985241342674,28.498210906982425,5231100,0.0,0.0
2004-11-05 00:00:00-05:00,28.551199265239426,28.61478711505269,27.984202719303013,28.482311248779297,4674400,0.0,0.0
2004-11-08 00:00:00-05:00,28.14847145784991,28.24915440977737,27.729849257329647,28.04779052734375,3862200,0.0,0.0
2004-11-09 00:00:00-05:00,27.931210287666687,28.01599475857704,27.55497932434082,27.55497932434082,5064400,0.0,0.0
2004-11-10 00:00:00-05:00,27.56026843995844,27.634456596442657,27.321813583374027,27.321813583374023,4684800,0.0,0.0
2004-11-11 00:00:00-05:00,27.40660184751506,27.76693628642225,27.237032937608248,27.63446044921875,4454800,0.0,0.0
2004-11-12 00:00:00-05:00,27.8040323721684,28.164366850124004,27.56557543507704,28.15376853942871,4335700,0.0,0.0
2004-11-15 00:00:00-05:00,28.15906010159164,28.32862899023565,27.952398144895536,28.19085502624512,3990200,0.0,0.0
2004-11-16 00:00:00-05:00,28.05838076630045,28.10077198010901,27.7245411138424,27.82522201538086,3682300,0.0,0.0
2004-11-17 00:00:00-05:00,28.10077551182465,28.598885981267784,28.03188952805053,28.206756591796875,5218700,0.0,0.0
2004-11-18 00:00:00-05:00,28.24385093829268,28.48230787361178,27.97360109254507,28.39222526550293,3210500,0.0,0.0
2004-11-19 00:00:00-05:00,28.48229611971697,28.49289442595985,27.6026569157602,27.692739486694336,3878300,0.0,0.0
2004-11-22 00:00:00-05:00,27.66095253949021,27.66095253949021,27.26352506628324,27.52847671508789,3602500,0.0,0.0
2004-11-23 00:00:00-05:00,27.396004882960995,27.47548917633282,27.072763500887746,27.290023803710938,3956300,0.0,0.0
2004-11-24 00:00:00-05:00,27.422504877761053,27.44370150193813,27.088665121946857,27.210542678833008,4100900,0.0,0.0
2004-11-26 00:00:00-05:00,27.0992480558301,27.32180844054873,27.0727533013546,27.08864974975586,1518900,0.0,0.0
2004-11-29 00:00:00-05:00,27.290015804171816,27.38539854539517,26.850195161706303,27.09395217895508,4548600,0.0,0.0
2004-11-30 00:00:00-05:00,27.051569730747783,27.13635419879603,26.723030169738465,26.89259910583496,5238800,0.0,0.0
2004-12-01 00:00:00-05:00,27.025069452369305,27.576169393009582,27.025069452369305,27.544374465942383,5575500,0.0,0.0
2004-12-02 00:00:00-05:00,27.396003184608816,27.85172038213826,27.396003184608816,27.629159927368164,4225900,0.0,0.0
2004-12-03 00:00:00-05:00,27.49667194979743,28.15905083477586,27.42248583810704,28.121957778930664,5349900,0.0,0.0
2004-12-06 00:00:00-05:00,28.121960477012934,28.45049986948544,27.867607203348403,28.227941513061523,4043800,0.0,0.0
2004-12-07 00:00:00-05:00,28.34453262554731,28.61478245934927,27.82522553539756,27.89411354064941,4949900,0.0,0.0
2004-12-08 00:00:00-05:00,28.0583819238702,28.25444559134257,27.809326710175025,27.888813018798828,3733500,0.0,0.0
2004-12-09 00:00:00-05:00,27.88881186822477,27.9682961521486,27.507280836844146,27.82522201538086,4426600,0.0,0.0
2004-12-10 00:00:00-05:00,28.328627155870937,28.503496198010858,27.8199205228792,28.4558048248291,5941100,0.0,0.0
2004-12-13 00:00:00-05:00,28.61478571008835,28.82674789428712,28.47701170535399,28.82674789428711,4974600,0.0,0.0
2004-12-14 00:00:00-05:00,28.720774084309124,29.27717243212858,28.71017577026988,28.991024017333984,7202300,0.0,0.0
2004-12-15 00:00:00-05:00,29.12348476194811,29.62689329914226,29.10758830986872,29.42552947998047,5360800,0.0,0.0
2004-12-16 00:00:00-05:00,29.11819044791709,29.36194551182195,28.87443538401224,29.06519889831543,5697200,0.0,0.0
2004-12-17 00:00:00-05:00,28.48231484935929,29.08110640660897,28.48231484935929,28.673080444335938,6593000,0.0,0.0
2004-12-20 00:00:00-05:00,28.996304208864416,29.12878001095693,28.37631640393288,28.42930793762207,5562500,0.0,0.0
2004-12-21 00:00:00-05:00,28.29152788804393,28.99630002373586,28.00008156978984,28.87972068786621,7147200,0.0,0.0
2004-12-22 00:00:00-05:00,28.773756235075624,29.28776321600368,28.757859778814737,29.18708229064941,3377700,0.0,0.0
2004-12-23 00:00:00-05:00,28.98571617089151,29.515619566990367,28.93272461842901,29.181779861450195,4313800,0.0,0.0
2004-12-27 00:00:00-05:00,29.234767814198893,29.53151442770541,29.06519889831544,29.06519889831543,2945200,0.0,0.0
2004-12-28 00:00:00-05:00,29.012215243079524,29.37254976762965,28.996318785691567,29.26127052307129,2714200,0.0,0.0
2004-12-29 00:00:00-05:00,29.06519423715944,29.28245450213212,29.01750286087663,29.27185821533203,3004600,0.0,0.0
2004-12-30 00:00:00-05:00,29.27186059335216,29.65338961318914,29.27186059335216,29.277158737182617,2490800,0.0,0.0
2004-12-31 00:00:00-05:00,29.28245677667686,29.57390522183294,29.255962014777424,29.42023277282715,2449700,0.0,0.0
2005-01-03 00:00:00-05:00,29.658686542370084,29.95543107859641,29.52091056076168,29.6215934753418,5105800,0.0,0.0
2005-01-04 00:00:00-05:00,29.67459031495948,29.732880012219805,29.017509211417263,29.30365753173828,6100300,0.0,0.0
2005-01-05 00:00:00-05:00,29.17117777274708,29.632193101645125,29.13408470153809,29.13408470153809,5072100,0.0,0.0
2005-01-06 00:00:00-05:00,29.648085260830303,30.00311944432666,29.55270252048972,29.82295227050781,5991400,0.0,0.0
2005-01-07 00:00:00-05:00,29.91304089485173,30.15149777780291,29.674584011900546,29.70637893676757,4269900,0.0,0.0
2005-01-10 00:00:00-05:00,29.515616866516865,29.78586668437605,29.40963579270942,29.70108222961425,3733200,0.0,0.0
2005-01-11 00:00:00-05:00,29.701072118991984,29.701072118991984,29.245355071746427,29.38313102722168,4113800,0.0,0.0
2005-01-12 00:00:00-05:00,29.51626899239762,29.61211848539836,29.021047288997828,29.43639373779297,4726600,0.27,0.0
2005-01-13 00:00:00-05:00,29.23404048001504,29.867710189622866,29.23404048001504,29.55353736877441,5402800,0.0,0.0
2005-01-14 00:00:00-05:00,29.60677050307484,29.95821770722341,29.468322466238995,29.857044219970703,3526100,0.0,0.0
2005-01-18 00:00:00-05:00,29.55353456193389,30.08603068016693,29.537560328406578,30.05940628051757,3384600,0.0,0.0
2005-01-19 00:00:00-05:00,29.926288205521352,29.995513283432874,29.463017059246773,29.516265869140625,3215000,0.0,0.0
2005-01-20 00:00:00-05:00,29.297949600155096,29.48432251127135,28.946502088255603,29.20742416381836,4111200,0.0,0.0
2005-01-21 00:00:00-05:00,29.202090182470087,29.505612838303847,28.967792597831725,29.01039123535156,4884300,0.0,0.0
2005-01-24 00:00:00-05:00,29.052994429790264,29.41509202108906,28.70154700662518,28.792070388793945,5614900,0.0,0.0
2005-01-25 00:00:00-05:00,28.94117179417694,29.372494509100232,28.91987348692964,28.967798233032227,4749200,0.0,0.0
2005-01-26 00:00:00-05:00,29.010394310175787,29.06896922037168,28.68024721698573,28.845319747924805,5381700,0.0,0.0
2005-01-27 00:00:00-05:00,28.75479573094568,28.914544189855224,28.504521858823203,28.621671676635746,3925300,0.0,0.0
2005-01-28 00:00:00-05:00,28.712187198370422,29.14350974752925,28.712187198370422,28.951810836791992,4799000,0.0,0.0
2005-01-31 00:00:00-05:00,29.303257581062432,29.835753641957982,29.29793351423044,29.798479080200195,5418400,0.0,0.0
2005-02-01 00:00:00-05:00,30.059412210594864,30.84218027752897,29.92628815477408,30.485408782958984,6411900,0.0,0.0
2005-02-02 00:00:00-05:00,30.42149974947952,30.52267326718937,30.251101176857023,30.389549255371094,4372400,0.0,0.0
2005-02-03 00:00:00-05:00,30.325651985305424,30.62384848832612,30.245776761246976,30.4481258392334,3609200,0.0,0.0
2005-02-04 00:00:00-05:00,30.58126300996714,31.25753356220932,30.538662330465808,31.246883392333984,4892000,0.0,0.0
2005-02-07 00:00:00-05:00,31.24687922641884,31.27350363190144,30.826206713333217,30.92205619812012,4369300,0.0,0.0
2005-02-08 00:00:00-05:00,31.03386513564736,31.29478906022337,30.99126651343123,31.20426368713379,3544500,0.0,0.0
2005-02-09 00:00:00-05:00,31.04452490294655,31.273498408212365,30.879452397739744,30.97529983520508,3567300,0.0,0.0
2005-02-10 00:00:00-05:00,31.03387256374847,31.353371447742287,30.93802310168147,31.348045349121094,5585000,0.0,0.0
2005-02-11 00:00:00-05:00,31.257523606540367,32.15744134559989,31.20427277412434,32.12016677856445,6476800,0.0,0.0
2005-02-14 00:00:00-05:00,32.120164590388846,32.22133811811955,31.837942307400645,32.09354019165039,3474200,0.0,0.0
2005-02-15 00:00:00-05:00,31.949768066406246,32.09886633402978,31.76339523187683,31.94976806640625,4421600,0.0,0.0
2005-02-16 00:00:00-05:00,31.63561060944146,31.94445949224125,31.47586209789201,31.80600929260254,4528000,0.0,0.0
2005-02-17 00:00:00-05:00,31.672872781924,31.90717037162184,31.60897380860853,31.74209785461425,4115600,0.0,0.0
2005-02-18 00:00:00-05:00,31.742116015941377,31.742116015941377,30.607897926259763,30.69842338562012,6679000,0.0,0.0
2005-02-22 00:00:00-05:00,30.181874337722487,30.693070025370297,30.17122417364927,30.288373947143555,5676100,0.0,0.0
2005-02-23 00:00:00-05:00,30.512025990667446,30.554626653511136,30.181878978874494,30.36825180053711,3824300,0.0,0.0
2005-02-24 00:00:00-05:00,30.432156514733688,30.432156514733688,30.03278439265745,30.19785690307617,3785300,0.0,0.0
2005-02-25 00:00:00-05:00,30.117975289768417,30.75164481529648,30.101999028053346,30.70372009277344,3508000,0.0,0.0
2005-02-28 00:00:00-05:00,30.51203151478861,30.6185311598679,29.89966211037832,30.07006072998047,5473600,0.0,0.0
2005-03-01 00:00:00-05:00,30.070057085099062,30.49605358246813,30.070057085099062,30.325654983520508,5029100,0.0,0.0
2005-03-02 00:00:00-05:00,30.192532521420464,30.59190463934584,30.139281686910103,30.21383285522461,4827400,0.0,0.0
2005-03-03 00:00:00-05:00,30.44811880046029,30.5972170175032,29.9209469124272,30.31499481201172,4687600,0.0,0.0
2005-03-04 00:00:00-05:00,30.7250294689117,31.3959737505061,30.64515423074756,31.09245109558105,4752000,0.0,0.0
2005-03-07 00:00:00-05:00,31.310775810518127,31.699497788499656,31.26285107179099,31.523775100708008,4641800,0.0,0.0
2005-03-08 00:00:00-05:00,31.523776077922008,31.949772640195583,31.39065202525453,31.63027572631836,5283800,0.0,0.0
2005-03-09 00:00:00-05:00,31.63560945661053,32.09355666266012,31.374685339915143,31.928482055664062,7575200,0.0,0.0
2005-03-10 00:00:00-05:00,31.94977332188458,32.1627726232219,31.566375392002165,31.939123153686523,6332800,0.0,0.0
2005-03-11 00:00:00-05:00,31.869893506537576,31.885869772199914,30.8528259495376,31.14570045471192,5528800,0.0,0.0
2005-03-14 00:00:00-05:00,31.145709881773097,31.45988278407051,31.04453428343068,31.417282104492188,3534700,0.0,0.0
2005-03-15 00:00:00-05:00,31.763397086527927,31.912495362857246,31.182976184845227,31.33739852905273,4403200,0.0,0.0
2005-03-16 00:00:00-05:00,31.03920691792924,31.19363131803324,30.53865914260067,30.858158111572266,4984200,0.0,0.0
2005-03-17 00:00:00-05:00,30.72502233392029,30.858146345738565,30.13395139643735,30.389549255371094,7634900,0.0,0.0
2005-03-18 00:00:00-05:00,30.394891447397445,30.778287423149667,30.000843269990884,30.767637252807617,8396500,0.0,0.0
2005-03-21 00:00:00-05:00,30.714378461513903,30.99127670657998,30.267081608916648,30.35760498046875,5810000,0.0,0.0
2005-03-22 00:00:00-05:00,30.43215004306856,30.586572353635244,29.638730035494408,29.660030364990234,5824900,0.0,0.0
2005-03-23 00:00:00-05:00,29.66004613806593,29.777193949969195,29.127549805358505,29.62809562683105,5802300,0.0,0.0
2005-03-24 00:00:00-05:00,29.54289412261611,29.899667695579584,29.452370727741773,29.601469039916992,5669100,0.0,0.0
2005-03-28 00:00:00-05:00,29.62276197059013,29.713285342824783,29.404438626087657,29.54288673400879,4449500,0.0,0.0
2005-03-29 00:00:00-05:00,29.55353654666369,29.8996598592844,28.531144906024902,28.547119140625,13796100,0.0,0.0
2005-03-30 00:00:00-05:00,28.54712592433422,29.606792385058263,28.54712592433422,29.43639373779297,17600600,0.0,0.0
2005-03-31 00:00:00-05:00,30.618532838779768,30.671781648583327,30.07538644727355,30.485408782958984,17723900,0.0,0.0
2005-04-01 00:00:00-05:00,30.60788117181124,31.45987630613257,30.139283949500083,30.283058166503903,13769600,0.0,0.0
2005-04-04 00:00:00-04:00,31.15102861055703,32.00302174293641,30.32565988269353,31.04452896118164,26080300,0.0,0.0
2005-04-05 00:00:00-04:00,30.352278739283456,30.8847748575165,29.80913245492837,30.05940628051757,13327200,0.0,0.0
2005-04-06 00:00:00-04:00,30.059416629509847,30.293714270925307,29.819792887543933,30.13928985595703,10817200,0.0,0.0
2005-04-07 00:00:00-04:00,29.89966275559033,30.075385447148115,29.473664166080464,29.80913734436035,8838700,0.0,0.0
2005-04-08 00:00:00-04:00,29.873033645286725,29.97420921532589,29.452363224347906,29.64406013488769,6720700,0.0,0.0
2005-04-11 00:00:00-04:00,29.564203759330297,29.68135363077377,28.754808894829413,28.93585777282715,8550700,0.0,0.0
2005-04-12 00:00:00-04:00,28.861285228351715,29.351180600855987,28.54178639160832,29.154157638549805,10018800,0.0,0.0
2005-04-13 00:00:00-04:00,29.432438323856665,29.48060057731449,28.255140382626607,28.43173599243164,13761500,0.27,0.0
2005-04-14 00:00:00-04:00,28.09460744120351,28.46920261536212,27.77887748544719,28.00363540649414,13293300,0.0,0.0
2005-04-15 00:00:00-04:00,27.9875677352618,28.31400050103262,27.5059473285558,27.55410957336425,9544500,0.0,0.0
2005-04-18 00:00:00-04:00,27.612976756460924,27.848437561628007,27.291896438442564,27.602275848388672,6316700,0.0,0.0
2005-04-19 00:00:00-04:00,27.90730063951797,28.07854373494879,27.58086785092212,27.68254280090332,6832600,0.0,0.0
2005-04-20 00:00:00-04:00,27.45778171502336,27.54875369884568,26.756754024680536,26.858428955078125,10538700,0.0,0.0
2005-04-21 00:00:00-04:00,27.115295960181683,27.43637826185951,26.633675569732706,27.38821601867676,6773200,0.0,0.0
2005-04-22 00:00:00-04:00,27.388220810865988,27.68254477453542,26.69254543090764,26.890544891357425,5124500,0.0,0.0
2005-04-25 00:00:00-04:00,27.051080591404343,27.5327030281281,26.95475610405959,27.40962219238281,4913300,0.0,0.0
2005-04-26 00:00:00-04:00,27.345403035643685,27.6611328290952,27.045728683471683,27.04572868347168,5201700,0.0,0.0
2005-04-27 00:00:00-04:00,26.94940537695772,27.48989095811656,26.837027489990813,27.38821601867676,6027400,0.0,0.0
2005-04-28 00:00:00-04:00,27.291898313357724,27.720006113918902,26.976168427685288,26.99222183227539,5371100,0.0,0.0
2005-04-29 00:00:00-04:00,27.259782489961303,28.36216158063311,26.79956799793916,28.158809661865234,16022100,0.0,0.0
2005-05-02 00:00:00-04:00,26.91728580107233,27.11528514792512,26.125286372283483,26.43031311035156,24150200,0.0,0.0
2005-05-03 00:00:00-04:00,26.40892702847001,26.68184718280673,26.168117769369548,26.44638633728028,12166500,0.0,0.0
2005-05-04 00:00:00-04:00,26.65508283531188,26.99221651354702,26.542702901188218,26.96010971069336,9252300,0.0,0.0
2005-05-05 00:00:00-04:00,26.9654634957774,27.147409552816864,26.67648998611845,26.890544891357425,4982900,0.0,0.0
2005-05-06 00:00:00-04:00,27.01362037839348,27.077836020650672,26.756755767986224,26.78351211547852,5151500,0.0,0.0
2005-05-09 00:00:00-04:00,26.842387376131352,27.21698250570805,26.73000944967211,27.158117294311523,5660500,0.0,0.0
2005-05-10 00:00:00-04:00,26.70325308537809,26.86379327190481,26.38217067094543,26.44638633728028,7837900,0.0,0.0
2005-05-11 00:00:00-04:00,26.441030123478384,26.8263281203281,25.98616602049208,26.676488876342773,7206100,0.0,0.0
2005-05-12 00:00:00-04:00,26.80492875415446,26.89055032527629,26.39287430519964,26.435686111450195,7289300,0.0,0.0
2005-05-13 00:00:00-04:00,26.499891639223783,26.671134715941022,25.50453997994328,25.80421638488769,11060800,0.0,0.0
2005-05-16 00:00:00-04:00,25.76676254774252,26.1520585312862,25.552707635812407,26.11459922790528,7520200,0.0,0.0
2005-05-17 00:00:00-04:00,26.11459908731556,26.152058390494823,25.595519296954794,26.03968048095703,7024100,0.0,0.0
2005-05-18 00:00:00-04:00,26.21092660173949,26.312601573271625,25.900549191000863,26.17881774902344,7400200,0.0,0.0
2005-05-19 00:00:00-04:00,26.20556700265276,26.863782943306628,26.03967438357605,26.837026596069336,7338900,0.0,0.0
2005-05-20 00:00:00-04:00,26.649722698108672,26.804912338658905,26.53734483759079,26.756750106811523,4764300,0.0,0.0
2005-05-23 00:00:00-04:00,26.64973089603725,26.95475777777633,26.569461845851457,26.697893142700195,5099800,0.0,0.0
2005-05-24 00:00:00-04:00,26.70324572575264,26.70324572575264,26.16811055723157,26.441028594970703,6221100,0.0,0.0
2005-05-25 00:00:00-04:00,26.51594167783817,26.75675286187066,26.307239332136103,26.48918533325196,6617700,0.0,0.0
2005-05-26 00:00:00-04:00,26.59621861128997,26.68719061119706,26.21627312689208,26.36075782775879,4866700,0.0,0.0
2005-05-27 00:00:00-04:00,26.355407374214305,26.55340681741932,26.24837993091637,26.36075782775879,2613200,0.0,0.0
2005-05-31 00:00:00-04:00,26.307243730954085,26.35540597581376,26.061082053395108,26.20021629333496,4145300,0.0,0.0
2005-06-01 00:00:00-04:00,26.328654780854468,26.831681182344703,26.22162732228364,26.79422187805176,6365900,0.0,0.0
2005-06-02 00:00:00-04:00,26.746058849093448,26.746058849093448,26.334004472426788,26.37146377563477,4945300,0.0,0.0
2005-06-03 00:00:00-04:00,26.26443595736787,26.54270445818977,26.06108401472534,26.1734619140625,4052700,0.0,0.0
2005-06-06 00:00:00-04:00,26.14136026718271,26.350064762343703,26.012928930107496,26.28049659729004,3744100,0.0,0.0
2005-06-07 00:00:00-04:00,26.451730899011228,26.703245075331072,26.29654121398925,26.29654121398925,3699300,0.0,0.0
2005-06-08 00:00:00-04:00,26.328649549401693,26.521298528274407,26.301893200420167,26.457080841064453,3371300,0.0,0.0
2005-06-09 00:00:00-04:00,26.489191543993115,26.676488041389053,26.39286704779557,26.55875968933105,3398600,0.0,0.0
2005-06-10 00:00:00-04:00,26.64973694890533,26.703251702562483,26.41962861162737,26.69254875183105,4319600,0.0,0.0
2005-06-13 00:00:00-04:00,27.746759974719225,27.86449037480866,27.08319345383784,27.227680206298828,22150600,0.0,0.0
2005-06-14 00:00:00-04:00,27.17952163044107,27.43638632242074,26.89054808644677,27.077844619750977,10612200,0.0,0.0
2005-06-15 00:00:00-04:00,27.179519238854976,27.22768149194945,26.86378936665315,27.083194732666016,7050900,0.0,0.0
2005-06-16 00:00:00-04:00,27.1581094489534,27.880541100502185,27.152758995544445,27.773515701293945,10755200,0.0,0.0
2005-06-17 00:00:00-04:00,27.960806176631767,27.960806176631767,27.45777996787177,27.4952392578125,7897000,0.0,0.0
2005-06-20 00:00:00-04:00,27.49523970522941,27.74140134066796,27.37215888751013,27.5915641784668,5162800,0.0,0.0
2005-06-21 00:00:00-04:00,27.639721247970414,27.72534275913286,27.24907093432778,27.275829315185547,4744700,0.0,0.0
2005-06-22 00:00:00-04:00,27.452431291314635,27.6932425039727,27.03502655029297,27.03502655029297,9559000,0.0,0.0
2005-06-23 00:00:00-04:00,27.184863504689027,27.88053874772936,27.115295367971456,27.677188873291016,10705700,0.0,0.0
2005-06-24 00:00:00-04:00,27.45242876829908,28.49059211381735,27.291888655074303,28.426374435424805,12805600,0.0,0.0
2005-06-27 00:00:00-04:00,28.3621653861484,28.410327635440403,27.85378654170584,28.3889217376709,9494800,0.0,0.0
2005-06-28 00:00:00-04:00,28.38891716958583,28.47453870550765,28.12670210892831,28.37286376953125,6128000,0.0,0.0
2005-06-29 00:00:00-04:00,28.62973553316118,28.62973553316118,28.26584340419573,28.533411026000977,5162100,0.0,0.0
2005-06-30 00:00:00-04:00,28.64044200536501,28.768873336454536,28.01433263182115,28.07855033874512,11582600,0.0,0.0
2005-07-01 00:00:00-04:00,28.22838619311188,28.463844982859367,28.20162983722361,28.378223419189453,4468900,0.0,0.0
2005-07-05 00:00:00-04:00,28.51200615064049,28.89730419312343,28.42103413582037,28.77422332763672,5757700,0.0,0.0
2005-07-06 00:00:00-04:00,28.77422449204177,28.83308969995643,28.54946661103845,28.554819107055664,4606000,0.0,0.0
2005-07-07 00:00:00-04:00,28.217689770976225,28.576231555244995,28.05179705988117,28.54412269592285,4914100,0.0,0.0
2005-07-08 00:00:00-04:00,28.49059211381735,28.52805140552385,28.324699506704043,28.426374435424805,5784300,0.0,0.0
2005-07-11 00:00:00-04:00,28.37287417110721,28.66719818115234,28.33541486299488,28.667198181152344,8808100,0.0,0.0
2005-07-12 00:00:00-04:00,28.73676114847391,28.79027385285385,28.410328344171347,28.63508415222168,6117300,0.0,0.0
2005-07-13 00:00:00-04:00,28.64582780470761,28.855590572019874,28.57590893400065,28.758777618408203,5131200,0.27,0.0
2005-07-14 00:00:00-04:00,29.03309126832076,29.156796302741785,28.801816014311058,28.893251419067383,5763000,0.0,0.0
2005-07-15 00:00:00-04:00,28.96317901184743,29.016965163652664,28.672741999026783,28.850231170654297,3570100,0.0,0.0
2005-07-18 00:00:00-04:00,28.77492590272236,28.898630945442186,28.678112903770952,28.721141815185547,4686000,0.0,0.0
2005-07-19 00:00:00-04:00,28.973928035923844,29.178311251432472,28.764167232623738,28.78030204772949,5448700,0.0,0.0
2005-07-20 00:00:00-04:00,28.737272257800488,29.06536047634761,28.694243352934123,28.90938377380371,4395900,0.0,0.0
2005-07-21 00:00:00-04:00,28.93627422984274,28.995437944930497,28.61894325487924,28.710378646850582,3834700,0.0,0.0
2005-07-22 00:00:00-04:00,28.76415684698172,29.076110171267324,28.694235920550355,29.04383850097656,2850400,0.0,0.0
2005-07-25 00:00:00-04:00,29.12452003168058,29.3719300441046,28.87173038105166,29.022327423095703,4140700,0.0,0.0
2005-07-26 00:00:00-04:00,29.07073570123644,29.11914218941192,28.86097493638633,28.88786697387696,2820800,0.0,0.0
2005-07-27 00:00:00-04:00,28.9093867237695,28.95241563302661,28.484485477646487,28.78030204772949,3108400,0.0,0.0
2005-07-28 00:00:00-04:00,28.76954752808988,28.920144610460724,28.554407080361788,28.81257438659668,3744000,0.0,0.0
2005-07-29 00:00:00-04:00,28.82870879987344,28.920144206988216,28.425322004809548,28.53289222717285,3501500,0.0,0.0
2005-08-01 00:00:00-04:00,28.592060138168137,28.81257820301944,28.37691966194322,28.41994857788086,3787900,0.0,0.0
2005-08-02 00:00:00-04:00,28.516753706843247,29.0438454710358,28.446832763631978,28.83946228027344,4191700,0.0,0.0
2005-08-03 00:00:00-04:00,28.721136893934617,29.31276996239137,28.5920522335404,29.26974105834961,4718500,0.0,0.0
2005-08-04 00:00:00-04:00,29.15141805880428,29.15141805880428,28.61356902469989,28.77492332458496,3968600,0.0,0.0
2005-08-05 00:00:00-04:00,28.59743831257765,28.678116505747496,28.21018831986476,28.317758560180664,3214300,0.0,0.0
2005-08-08 00:00:00-04:00,28.32313264186922,28.55978549987585,27.946637873248022,28.021936416625977,4604900,0.0,0.0
2005-08-09 00:00:00-04:00,28.129502658968665,28.37153512249256,28.097233031652905,28.280101776123047,4443300,0.0,0.0
2005-08-10 00:00:00-04:00,28.50600296057263,28.73727824307052,28.45221887001888,28.57592391967773,6568900,0.0,0.0
2005-08-11 00:00:00-04:00,28.522124449127457,29.05997331025665,28.522124449127457,29.04383850097656,4812700,0.0,0.0
2005-08-12 00:00:00-04:00,28.96855998949445,28.97931722035184,28.31238326931814,28.425331115722656,4269200,0.0,0.0
2005-08-15 00:00:00-04:00,28.430709019339137,28.97931544914293,28.333895999271885,28.82871627807617,3768600,0.0,0.0
2005-08-16 00:00:00-04:00,28.80181858118488,28.860982309818,28.403811400486283,28.484487533569336,3445300,0.0,0.0
2005-08-17 00:00:00-04:00,28.511386910849712,28.618957167691534,28.403818705739887,28.425331115722656,4239200,0.0,0.0
2005-08-18 00:00:00-04:00,28.23707154949869,28.24782877534432,27.95201224564816,28.12950134277344,6385100,0.0,0.0
2005-08-19 00:00:00-04:00,28.011176622608858,28.15101645843824,27.941255678828625,27.98966217041016,3779500,0.0,0.0
2005-08-22 00:00:00-04:00,28.10261007469628,28.280101228420023,27.855200028655084,28.12412452697754,3323700,0.0,0.0
2005-08-23 00:00:00-04:00,28.22631542755296,28.24782988008562,28.064961137020216,28.18328857421875,4005300,0.0,0.0
2005-08-24 00:00:00-04:00,28.10261454456082,28.328510174250606,27.704605320976505,27.715362548828125,4406000,0.0,0.0
2005-08-25 00:00:00-04:00,27.736884727923314,27.887481856317248,27.59166518908688,27.763776779174805,3340900,0.0,0.0
2005-08-26 00:00:00-04:00,27.763770258840808,27.919746991893028,27.48408847769832,27.73150062561035,2678100,0.0,0.0
2005-08-29 00:00:00-04:00,27.43029851159781,27.70998023282576,27.419541285581616,27.54862594604492,4354800,0.0,0.0
2005-08-30 00:00:00-04:00,27.510973555062616,27.59164966342109,27.161370930316696,27.446430206298828,4026300,0.0,0.0
2005-08-31 00:00:00-04:00,27.564763383029884,27.6077922911905,26.989265072634883,27.36038017272949,5445700,0.0,0.0
2005-09-01 00:00:00-04:00,27.360385336309708,27.796043880864765,27.220545461859004,27.64544677734375,5142600,0.0,0.0
2005-09-02 00:00:00-04:00,27.69385326167517,27.71536566806812,27.2850867642344,27.3388729095459,3176600,0.0,0.0
2005-09-06 00:00:00-04:00,27.473325427732988,27.99503751551632,27.467945789248617,27.930496215820312,5364500,0.0,0.0
2005-09-07 00:00:00-04:00,28.064958015947195,28.09722969115729,27.860574843078343,27.995037078857425,3110900,0.0,0.0
2005-09-08 00:00:00-04:00,28.06496663761096,28.290862278284973,27.91436954382829,28.08648109436035,3131100,0.0,0.0
2005-09-09 00:00:00-04:00,28.167160776894114,28.317759941374497,28.01118607514668,28.247838973999023,3154200,0.0,0.0
2005-09-12 00:00:00-04:00,28.398438236606808,28.570549821843727,28.312382443988348,28.479116439819336,4335500,0.0,0.0
2005-09-13 00:00:00-04:00,28.23708162095692,28.44684247043551,28.17791788356925,28.28548812866211,3352000,0.0,0.0
2005-09-14 00:00:00-04:00,28.441459581648594,28.61894870900629,28.17253504489402,28.2209415435791,4191200,0.0,0.0
2005-09-15 00:00:00-04:00,28.24783477608449,28.25321236428416,27.83906831403972,27.96815299987793,3497300,0.0,0.0
2005-09-16 00:00:00-04:00,27.96815299987793,28.070343589523382,27.871339998432145,27.96815299987793,7856800,0.0,0.0
2005-09-19 00:00:00-04:00,28.00041716484828,28.25858441546324,27.699221013265365,28.10260772705078,5142200,0.0,0.0
2005-09-20 00:00:00-04:00,28.23707265381929,28.55440364761717,28.075718363286548,28.18328857421875,7447600,0.0,0.0
2005-09-21 00:00:00-04:00,27.96814333413534,28.4038016900786,27.7530029493343,27.833681106567383,8688600,0.0,0.0
2005-09-22 00:00:00-04:00,27.85519992032781,28.280101118440328,27.72073767168949,28.07571792602539,4978900,0.0,0.0
2005-09-23 00:00:00-04:00,27.833690073759385,28.215562430664985,27.75301189053418,27.935880661010746,4881400,0.0,0.0
2005-09-26 00:00:00-04:00,28.07035115930044,28.26935685578934,27.89286197660701,27.919754028320312,4232200,0.0,0.0
2005-09-27 00:00:00-04:00,27.892859753147192,28.39305967172325,27.871345292798747,28.16716194152832,5250100,0.0,0.0
2005-09-28 00:00:00-04:00,28.11874611948037,28.532890111241795,28.11874611948037,28.350021362304688,4786600,0.0,0.0
2005-09-29 00:00:00-04:00,28.398433643984887,29.00082409489494,28.29086340767519,28.96317481994629,7183100,0.0,0.0
2005-09-30 00:00:00-04:00,28.82870694810065,29.049224966501647,28.715759145153328,29.01157569885254,4642500,0.0,0.0
2005-10-03 00:00:00-04:00,29.00619708736491,29.03308912734617,28.69962331777005,28.96854782104492,4541200,0.0,0.0
2005-10-04 00:00:00-04:00,28.963171274255657,29.043849454544155,28.53289243342349,28.62970542907715,4696300,0.0,0.0
2005-10-05 00:00:00-04:00,28.532889515736187,28.78567920650804,28.323128730513226,28.500619888305664,4198300,0.0,0.0
2005-10-06 00:00:00-04:00,28.570531153388792,29.011567058844776,28.29622913481713,28.586668014526367,6221400,0.0,0.0
2005-10-07 00:00:00-04:00,28.748035430908203,28.99006794152117,28.65122242666302,28.748035430908203,3274700,0.0,0.0
2005-10-10 00:00:00-04:00,28.80181536594393,28.990063758919213,28.62432625158973,28.77492332458496,4850400,0.0,0.0
2005-10-11 00:00:00-04:00,28.774915873843995,28.96316216634509,28.25858142721469,28.52750587463379,4819400,0.0,0.0
2005-10-12 00:00:00-04:00,28.651855385746657,28.85187719497766,28.003133719283888,28.08422470092773,6292400,0.27,0.0
2005-10-13 00:00:00-04:00,28.057190580990778,28.413987131238137,27.42468638696241,27.94906997680664,6526900,0.0,0.0
2005-10-14 00:00:00-04:00,28.11124738625644,28.359923310507632,27.97609715843789,28.21936798095703,3825400,0.0,0.0
2005-10-17 00:00:00-04:00,28.219365580027088,28.673470389350875,28.219365580027088,28.4085750579834,3128400,0.0,0.0
2005-10-18 00:00:00-04:00,28.381548627229726,28.684285888322574,28.24639839567149,28.31667709350586,3969300,0.0,0.0
2005-10-19 00:00:00-04:00,28.181543828860367,28.72214508056641,27.66256505992768,28.722145080566406,6617200,0.0,0.0
2005-10-20 00:00:00-04:00,28.581568099784675,28.74915511587596,28.06259174716669,28.18692970275879,4332000,0.0,0.0
2005-10-21 00:00:00-04:00,28.38155112038614,28.47345229604887,27.98691265703683,28.16530990600586,4762500,0.0,0.0
2005-10-24 00:00:00-04:00,28.11124757027365,28.92214894249308,28.11124757027365,28.86808967590332,4474700,0.0,0.0
2005-10-25 00:00:00-04:00,28.68970073282154,29.051904548755928,28.532925916040536,28.803226470947266,4192900,0.0,0.0
2005-10-26 00:00:00-04:00,28.678879949217848,29.13298482913957,28.55454197834069,28.82484245300293,4468700,0.0,0.0
2005-10-27 00:00:00-04:00,28.71672368694977,29.170828595908706,28.66266441345215,28.66266441345215,4355400,0.0,0.0
2005-10-28 00:00:00-04:00,28.662664768576217,29.197858594412512,28.48426545181137,29.15461158752441,4721700,0.0,0.0
2005-10-31 00:00:00-05:00,29.26273492277525,29.776306324101284,29.230298117917112,29.41410255432129,7759900,0.0,0.0
2005-11-01 00:00:00-05:00,29.24651662546035,29.26814116287256,28.62482664157978,28.668073654174805,7067800,0.0,0.0
2005-11-02 00:00:00-05:00,28.614012417702675,28.99243354764157,28.48426726432419,28.749162673950195,5527200,0.0,0.0
2005-11-03 00:00:00-05:00,28.77619198613609,28.91134224084962,28.40858312833697,28.500486373901367,5899400,0.0,0.0
2005-11-04 00:00:00-05:00,28.31668934813031,28.40318545127138,28.057201038707102,28.33290672302246,6272500,0.0,0.0
2005-11-07 00:00:00-05:00,28.332899315654075,28.608604927888805,28.24640323512659,28.500486373901367,4612900,0.0,0.0
2005-11-08 00:00:00-05:00,28.36533535602921,28.646448125737617,28.322086285814454,28.40317726135254,4173200,0.0,0.0
2005-11-09 00:00:00-05:00,28.30585801444401,28.738338238888897,28.30585801444401,28.6950912475586,5810800,0.0,0.0
2005-11-10 00:00:00-05:00,28.754571447186635,29.5330383423662,28.662670251077667,29.43572998046875,6826700,0.0,0.0
2005-11-11 00:00:00-05:00,29.678989726523643,30.07362812929648,29.630335563867884,29.884416580200195,9217400,0.0,0.0
2005-11-14 00:00:00-05:00,29.79252939910203,30.138513801575925,29.651971946703444,30.06282997131348,6336900,0.0,0.0
2005-11-15 00:00:00-05:00,29.976316994714704,30.073625310906845,29.59249089319489,29.82494735717773,5489000,0.0,0.0
2005-11-16 00:00:00-05:00,29.868200870463674,29.93307240352748,29.262728416667496,29.397878646850582,4834900,0.0,0.0
2005-11-17 00:00:00-05:00,29.43572529613779,29.943889501222344,29.403288493257385,29.738460540771484,4289300,0.0,0.0
2005-11-18 00:00:00-05:00,30.030394208707182,30.030394208707182,29.651972981953264,30.00336456298828,4843000,0.0,0.0
2005-11-21 00:00:00-05:00,30.00335682461388,30.349341149932027,29.8844239394498,30.284469604492188,4069200,0.0,0.0
2005-11-22 00:00:00-05:00,30.13309772655848,30.62504450638457,30.01956996026865,30.516923904418945,4162300,0.0,0.0
2005-11-23 00:00:00-05:00,30.58179001861808,31.300790141317627,30.462857171319545,31.00345802307129,5726800,0.0,0.0
2005-11-25 00:00:00-05:00,31.05752998889561,31.26836406337436,30.86831838860316,31.23052215576172,2138200,0.0,0.0
2005-11-28 00:00:00-05:00,31.344048228946026,31.344048228946026,30.603425377382884,30.630455017089844,5637600,0.0,0.0
2005-11-29 00:00:00-05:00,30.81425923111417,31.05212294593425,30.47908716427012,30.706138610839844,4882600,0.0,0.0
2005-11-30 00:00:00-05:00,30.68450580588755,30.8574999890479,30.18174887221236,30.289867401123047,4859800,0.0,0.0
2005-12-01 00:00:00-05:00,30.489892144861184,30.862906030309503,30.333117386047,30.792627334594727,4414900,0.0,0.0
2005-12-02 00:00:00-05:00,30.792620324681696,31.068327880828804,30.76018559729616,30.965612411499023,2394700,0.0,0.0
2005-12-05 00:00:00-05:00,30.73316333296235,31.057525141886583,30.4033984841214,31.04671287536621,3487300,0.0,0.0
2005-12-06 00:00:00-05:00,31.03049063418087,31.23591747912415,30.57097865924968,30.581790924072266,4560400,0.0,0.0
2005-12-07 00:00:00-05:00,30.66289029109852,30.66289029109852,30.22500272568366,30.435836791992188,3732700,0.0,0.0
2005-12-08 00:00:00-05:00,30.381778985922374,30.68451424974591,30.21419192042769,30.46827507019043,5269600,0.0,0.0
2005-12-09 00:00:00-05:00,30.603428588083847,30.66830014263229,30.22500740579712,30.252037048339844,3424300,0.0,0.0
2005-12-12 00:00:00-05:00,30.462856763322268,30.65206829623837,30.39258013834036,30.554759979248047,4481600,0.0,0.0
2005-12-13 00:00:00-05:00,30.54394861136572,31.10617400109388,30.392581030373,31.014270782470703,4378600,0.0,0.0
2005-12-14 00:00:00-05:00,30.679104382578547,31.33863821159748,30.679104382578547,31.0521183013916,4603300,0.0,0.0
2005-12-15 00:00:00-05:00,31.00346580388053,31.106181311317737,30.67370093382428,30.765602111816406,3994600,0.0,0.0
2005-12-16 00:00:00-05:00,30.8142631112276,30.98185019686674,30.695330207726943,30.749391555786133,4368500,0.0,0.0
2005-12-19 00:00:00-05:00,30.662873055020576,31.019669442573257,30.500691191582767,30.635841369628903,4881900,0.0,0.0
2005-12-20 00:00:00-05:00,31.327840519384427,31.560299204569613,30.922389612047,31.19809532165528,10972600,0.0,0.0
2005-12-21 00:00:00-05:00,31.2737701923766,31.53866561658485,31.24674055208499,31.41432762145996,6185800,0.0,0.0
2005-12-22 00:00:00-05:00,31.3278276866313,31.65759461947412,31.21970707651788,31.61434555053711,3391300,0.0,0.0
2005-12-23 00:00:00-05:00,31.4629742396778,31.68462053638392,31.457567075580968,31.576499938964844,4513100,0.0,0.0
2005-12-27 00:00:00-05:00,31.576502311828825,31.71705765547566,31.20889349031675,31.344043731689453,3076800,0.0,0.0
2005-12-28 00:00:00-05:00,31.34404042569057,31.40891195728304,31.154830932617188,31.154830932617188,2296500,0.0,0.0
2005-12-29 00:00:00-05:00,31.09536120843192,31.214294055608843,30.82506078283244,30.8845272064209,2901500,0.0,0.0
2005-12-30 00:00:00-05:00,30.787237529287907,30.82507944680608,30.4196285629144,30.6737117767334,3734600,0.0,0.0
2006-01-03 00:00:00-05:00,30.90615879419365,31.61975402562265,30.673702256825884,31.522445678710938,5377000,0.0,0.0
2006-01-04 00:00:00-05:00,31.733278969296457,32.04682647552288,31.5440673828125,31.5440673828125,7977800,0.0,0.0
2006-01-05 00:00:00-05:00,31.652186362335467,31.67381089605765,31.3656685083182,31.63056182861328,5778000,0.0,0.0
2006-01-06 00:00:00-05:00,31.77113028754762,31.814377307806936,31.381896794064968,31.663009643554688,6889800,0.0,0.0
2006-01-09 00:00:00-05:00,31.695454520609267,32.0522512930152,31.69004735280735,31.99818992614746,4144500,0.0,0.0
2006-01-10 00:00:00-05:00,31.81436899189978,32.0143928527832,31.66840853222592,32.0143928527832,4713600,0.0,0.0
2006-01-11 00:00:00-05:00,32.12300575863928,32.51945172472775,31.95465114084512,32.351097106933594,5837900,0.27,0.0
2006-01-12 00:00:00-05:00,32.38367949212509,32.46513979258542,32.1881714563416,32.29678726196289,3817700,0.0,0.0
2006-01-13 00:00:00-05:00,32.35109341955529,32.40540028533803,32.07412508938472,32.24790954589844,3430900,0.0,0.0
2006-01-17 00:00:00-05:00,32.285929174719165,32.2913590333692,31.867759621736468,31.9383602142334,2624700,0.0,0.0
2006-01-18 00:00:00-05:00,31.79715239714925,31.987230557045528,31.525613944446576,31.74284553527832,2903000,0.0,0.0
2006-01-19 00:00:00-05:00,31.905775400388965,32.57375989634085,31.884051822063427,32.23162078857422,3813000,0.0,0.0
2006-01-20 00:00:00-05:00,32.204465696183874,32.340234946228215,31.17805049731652,31.4170036315918,5445900,0.0,0.0
2006-01-23 00:00:00-05:00,31.335555708822422,31.87320099134537,31.335555708822422,31.7591552734375,3767000,0.0,0.0
2006-01-24 00:00:00-05:00,31.94379816592576,32.28593735444333,31.835182320337253,31.873197555541992,3813600,0.0,0.0
2006-01-25 00:00:00-05:00,32.04155467131196,32.26964609999182,31.79716951795845,32.13387680053711,4011700,0.0,0.0
2006-01-26 00:00:00-05:00,32.85072530262266,32.856155160534065,32.30764835782045,32.56832504272461,5790400,0.0,0.0
2006-01-27 00:00:00-05:00,32.58461749343129,33.127694451655145,32.47057182940608,33.00821685791016,3700100,0.0,0.0
2006-01-30 00:00:00-05:00,33.37208400682285,33.58931357646252,32.93219086541524,32.948482513427734,4246600,0.0,0.0
2006-01-31 00:00:00-05:00,32.856165708460665,33.62190436359251,32.850735848806096,33.37208938598633,5178400,0.0,0.0
2006-02-01 00:00:00-05:00,33.18201255651809,33.649059230232574,33.067966853869166,33.578460693359375,3496000,0.0,0.0
2006-02-02 00:00:00-05:00,33.4806923155442,33.74679884119051,33.04622913039478,33.274322509765625,3469800,0.0,0.0
2006-02-03 00:00:00-05:00,32.910464871743535,33.75223586630478,32.780127553859714,33.36664962768555,3891600,0.0,0.0
2006-02-06 00:00:00-05:00,33.26890393540275,33.62190489712052,33.25261228450572,33.52415084838867,2629500,0.0,0.0
2006-02-07 00:00:00-05:00,33.3177709122692,33.42095686129927,32.731248868427905,32.8724479675293,3811300,0.0,0.0
2006-02-08 00:00:00-05:00,33.20915386066281,33.32319951451123,33.01907569924144,33.274322509765625,2718000,0.0,0.0
2006-02-09 00:00:00-05:00,33.27432561770934,33.61646468288564,33.18200145715577,33.22544860839844,2714000,0.0,0.0
2006-02-10 00:00:00-05:00,33.12769785776702,33.20372830826776,32.26420532254185,32.75297546386719,4483600,0.0,0.0
2006-02-13 00:00:00-05:00,32.693222033571274,32.89959178665164,32.25332910319106,32.481422424316406,4104900,0.0,0.0
2006-02-14 00:00:00-05:00,32.48144717524763,32.83444610243385,32.15559962129682,32.62264633178711,3715100,0.0,0.0
2006-02-15 00:00:00-05:00,32.61720507793489,33.160282073141886,32.394543592767,33.051666259765625,2935600,0.0,0.0
2006-02-16 00:00:00-05:00,33.035370335824375,33.3177685136971,32.85615395620516,33.29061508178711,2645100,0.0,0.0
2006-02-17 00:00:00-05:00,33.26346637975828,33.31777325130039,32.86158848665387,33.024513244628906,3317700,0.0,0.0
2006-02-21 00:00:00-05:00,33.073385308783884,33.27975304710375,32.86158356944395,33.002784729003906,2772000,0.0,0.0
2006-02-22 00:00:00-05:00,33.10053751663187,33.551290267005484,33.095105587486685,33.44267654418945,3499500,0.0,0.0
2006-02-23 00:00:00-05:00,33.39924657062782,33.39924657062782,33.035385854424995,33.04624557495117,2952700,0.0,0.0
2006-02-24 00:00:00-05:00,32.93762727242898,33.33407331078505,32.85616487794599,33.03538131713867,3073400,0.0,0.0
2006-02-27 00:00:00-05:00,33.07340350273887,33.209172807640634,32.87246343987813,32.98651123046875,3012700,0.0,0.0
2006-02-28 00:00:00-05:00,32.74753607194026,32.99192108691889,32.19902932425394,32.39996719360352,4140700,0.0,0.0
2006-03-01 00:00:00-05:00,32.42168918516168,32.80184340417951,32.416257256386004,32.65521240234375,2479200,0.0,0.0
2006-03-02 00:00:00-05:00,32.47599565293508,32.62805858172069,32.389103438632084,32.47056579589844,2477900,0.0,0.0
2006-03-03 00:00:00-05:00,32.34023199347239,32.72038627322225,32.21532454343693,32.43255615234375,2623600,0.0,0.0
2006-03-06 00:00:00-05:00,32.50315299403659,32.78555324243376,32.23161453269402,32.541168212890625,2862800,0.0,0.0
2006-03-07 00:00:00-05:00,32.372813763422315,32.51944477240949,32.101275318262495,32.39996719360352,3148800,0.0,0.0
2006-03-08 00:00:00-05:00,32.39454499139506,32.427128286642684,31.77000559127292,32.079559326171875,3935100,0.0,0.0
2006-03-09 00:00:00-05:00,32.025242386047246,32.28591902445832,31.721118605397432,31.85688781738281,2879600,0.0,0.0
2006-03-10 00:00:00-05:00,31.85147512337197,32.43799735792163,31.85147512337197,32.106719970703125,4135500,0.0,0.0
2006-03-13 00:00:00-05:00,32.17732240212891,32.42170754356869,31.824321412085343,31.92750740051269,4090000,0.0,0.0
2006-03-14 00:00:00-05:00,32.470576672189665,33.04623700789161,32.32394562299922,32.600914001464844,6962000,0.0,0.0
2006-03-15 00:00:00-05:00,32.666092525447866,32.97021441404297,32.35110677320296,32.389122009277344,4918700,0.0,0.0
2006-03-16 00:00:00-05:00,32.84530222654193,32.92676461889024,32.49230336027355,32.552040100097656,6215300,0.0,0.0
2006-03-17 00:00:00-05:00,32.71495129040126,32.8833037928409,32.6117653600814,32.72581100463867,5724000,0.0,0.0
2006-03-20 00:00:00-05:00,32.7529735001943,33.040803637454644,32.67151112429927,32.78555679321289,4206600,0.0,0.0
2006-03-21 00:00:00-05:00,32.83987449692267,33.084257546467114,32.519458909474025,32.80728912353516,5698500,0.0,0.0
2006-03-22 00:00:00-05:00,32.926761624261275,33.70336195976589,32.85616102875871,33.63819122314453,8538100,0.0,0.0
2006-03-23 00:00:00-05:00,33.703360696722875,33.703360696722875,33.26889742222677,33.437252044677734,4306800,0.0,0.0
2006-03-24 00:00:00-05:00,33.39922621284658,33.87713442002588,33.26345700059923,33.3829345703125,3759800,0.0,0.0
2006-03-27 00:00:00-05:00,33.37207469592417,33.839121144270216,33.37207469592417,33.73593521118164,3545100,0.0,0.0
2006-03-28 00:00:00-05:00,33.80653009649168,34.33331524446491,33.35034551111786,33.703346252441406,6886000,0.0,0.0
2006-03-29 00:00:00-05:00,33.697925418369884,34.28987939580008,33.6762018424685,34.159542083740234,3767400,0.0,0.0
2006-03-30 00:00:00-05:00,33.93687320569915,34.724332979413674,33.93687320569915,34.5505485534668,5568500,0.0,0.0
2006-03-31 00:00:00-05:00,34.40393433337821,34.881844845305075,34.05636531198571,34.11610412597656,5030800,0.0,0.0
2006-04-03 00:00:00-04:00,34.11610511701559,34.746074504508194,33.96947404341712,34.34962844848633,4910000,0.0,0.0
2006-04-04 00:00:00-04:00,34.24643248242367,35.01760281224736,34.12152503518849,34.9035530090332,3845900,0.0,0.0
2006-04-05 00:00:00-04:00,35.01217583590514,35.300005991050206,34.78408448390515,34.9252815246582,5192900,0.0,0.0
2006-04-06 00:00:00-04:00,34.96329834927713,35.20225357278765,34.66460846323798,35.02846908569336,3844600,0.0,0.0
2006-04-07 00:00:00-04:00,34.92527903583141,35.23483274672895,34.49624979883214,34.63201904296875,3362900,0.0,0.0
2006-04-10 00:00:00-04:00,34.62658590738036,35.300002246386526,34.485386809931455,34.860111236572266,3385200,0.0,0.0
2006-04-11 00:00:00-04:00,34.865573959117015,34.98555626468412,34.05842499536013,34.21112823486328,4030200,0.27,0.0
2006-04-12 00:00:00-04:00,34.22202322091064,34.51106912580549,34.21111555350001,34.40199661254883,2372200,0.0,0.0
2006-04-13 00:00:00-04:00,34.46744397349557,34.48925931049214,34.19475850231352,34.34746170043945,2521700,0.0,0.0
2006-04-17 00:00:00-04:00,34.358378600753944,34.86557387986579,34.358378600753944,34.69105529785156,3255200,0.0,0.0
2006-04-18 00:00:00-04:00,35.0237196201788,35.87995176079052,35.0237196201788,35.79814529418945,6641600,0.0,0.0
2006-04-19 00:00:00-04:00,35.830865943894246,35.85268127887854,35.39457172675738,35.53636932373047,2845600,0.0,0.0
2006-04-20 00:00:00-04:00,35.50365139097405,35.81996757067532,35.438209533691406,35.438209533691406,2451900,0.0,0.0
2006-04-21 00:00:00-04:00,35.69453566032894,35.69453566032894,35.30187197631844,35.46548080444336,3843900,0.0,0.0
2006-04-24 00:00:00-04:00,35.361858068172296,35.6890840378036,35.20370411992849,35.61818313598633,3090500,0.0,0.0
2006-04-25 00:00:00-04:00,35.51455800040306,35.61272493849631,34.93101124641828,35.10552978515625,3788800,0.0,0.0
2006-04-26 00:00:00-04:00,35.105538325457246,35.285507621701754,34.84921324914239,35.12735366821289,3371200,0.0,0.0
2006-04-27 00:00:00-04:00,35.040105593190404,35.6181978325935,34.84922647271323,35.43277359008789,3402900,0.0,0.0
2006-04-28 00:00:00-04:00,35.49819938913437,35.67817283292975,34.729228377869106,35.067359924316406,6030100,0.0,0.0
2006-05-01 00:00:00-04:00,35.258232750785794,35.4654722138863,34.380185188389994,34.44562911987305,3672300,0.0,0.0
2006-05-02 00:00:00-04:00,34.57651777206669,35.04008223010035,34.56015522948815,34.9800910949707,3962300,0.0,0.0
2006-05-03 00:00:00-04:00,35.04008026202676,35.100071393786926,34.43471823124673,34.58742141723633,3022500,0.0,0.0
2006-05-04 00:00:00-04:00,34.778305827473915,35.14915616050997,34.74558282143026,34.7946662902832,3166600,0.0,0.0
2006-05-05 00:00:00-04:00,35.0673626994513,35.754527276021626,35.0346376047209,35.73816680908203,3189500,0.0,0.0
2006-05-08 00:00:00-04:00,35.73815976071209,35.92903877211376,35.38366779048019,35.66726303100586,3147300,0.0,0.0
2006-05-09 00:00:00-04:00,35.5309210885781,35.92903958409166,35.5309210885781,35.8581428527832,1976400,0.0,0.0
2006-05-10 00:00:00-04:00,35.66726241066268,35.841780955316096,35.22550909384442,35.56364059448242,2148300,0.0,0.0
2006-05-11 00:00:00-04:00,35.76544105235447,35.99449593698543,34.783771317005105,35.04555130004883,4421300,0.0,0.0
2006-05-12 00:00:00-04:00,34.93099288167543,35.39455711640257,34.44561124054505,34.516510009765625,3792600,0.0,0.0
2006-05-15 00:00:00-04:00,34.358372403200285,34.62560510394561,33.45305664214249,33.85117721557617,4725400,0.0,0.0
2006-05-16 00:00:00-04:00,34.08568466960733,34.4347217477561,33.45305444535642,33.84572219848633,3540500,0.0,0.0
2006-05-17 00:00:00-04:00,33.469426631704536,33.50214964940239,32.367776667653374,32.71681594848633,5723300,0.0,0.0
2006-05-18 00:00:00-04:00,32.72226378637696,33.15856022077688,32.6131891576706,32.64591217041016,3871900,0.0,0.0
2006-05-19 00:00:00-04:00,32.749528191313026,33.23490804929568,32.58591730711133,32.689537048339844,4884600,0.0,0.0
2006-05-22 00:00:00-04:00,32.449577172675504,32.59682760445466,31.41882623064682,32.26960372924805,6114700,0.0,0.0
2006-05-23 00:00:00-04:00,32.55864393778855,32.831329394419235,31.991457688694744,32.051448822021484,3867400,0.0,0.0
2006-05-24 00:00:00-04:00,31.90420446132407,32.302325053669044,31.402464124809967,32.23142623901367,5759700,0.0,0.0
2006-05-25 00:00:00-04:00,32.49864248754973,32.64589283703568,32.25868011084537,32.59680938720703,3870100,0.0,0.0
2006-05-26 00:00:00-04:00,32.85860445374253,33.240364589622125,32.70590123156084,33.03312301635742,3267300,0.0,0.0
2006-05-30 00:00:00-04:00,32.656809461476826,32.776789642535604,32.12234623916089,32.236873626708984,3094100,0.0,0.0
2006-05-31 00:00:00-04:00,32.2041609375502,32.61318923586056,32.078725842386085,32.51502227783203,3692700,0.0,0.0
2006-06-01 00:00:00-04:00,32.36777357225717,33.087663249358826,32.34050543366291,33.03858184814453,3452200,0.0,0.0
2006-06-02 00:00:00-04:00,33.40397015923323,33.55667335708229,32.945858485261034,33.04402542114258,4234200,0.0,0.0
2006-06-05 00:00:00-04:00,32.99495494104423,33.06039889725103,31.9042126289436,31.986019134521484,5033400,0.0,0.0
2006-06-06 00:00:00-04:00,32.149628369771484,32.340507432152336,31.67515607154927,32.12236022949219,4919900,0.0,0.0
2006-06-07 00:00:00-04:00,32.31321835188047,32.754969427669096,31.980541846951017,32.25322723388672,4574200,0.0,0.0
2006-06-08 00:00:00-04:00,32.253240569405534,32.498657935203525,31.500628007766785,32.16598129272461,5650600,0.0,0.0
2006-06-09 00:00:00-04:00,32.20416975576564,32.700457477059764,32.17690161116343,32.280521392822266,3498400,0.0,0.0
2006-06-12 00:00:00-04:00,32.395048313024944,32.55865924785317,31.57153668172229,31.740602493286133,4407800,0.0,0.0
2006-06-13 00:00:00-04:00,31.6206084693904,32.14961897399277,29.733625419746527,30.126293182373047,9996200,0.0,0.0
2006-06-14 00:00:00-04:00,30.2680742984172,30.70982532091436,29.957213161245768,30.317157745361328,7575000,0.0,0.0
2006-06-15 00:00:00-04:00,30.75893321202233,31.358840635487425,30.698942053590663,31.266128540039062,6198200,0.0,0.0
2006-06-16 00:00:00-04:00,31.26612042178497,31.26612042178497,30.84072962718857,31.0806941986084,4355600,0.0,0.0
2006-06-19 00:00:00-04:00,31.217031424663205,31.33701160871713,30.59530684725698,30.824363708496094,3186400,0.0,0.0
2006-06-20 00:00:00-04:00,30.92253877396296,31.32611218361307,30.92253877396296,31.097057342529297,4906000,0.0,0.0
2006-06-21 00:00:00-04:00,32.024174948916844,32.77678517633115,31.86056203994242,32.438655853271484,10974800,0.0,0.0
2006-06-22 00:00:00-04:00,32.44958379369588,32.798621000793545,32.231434499046905,32.72772216796875,3716300,0.0,0.0
2006-06-23 00:00:00-04:00,32.42231201141642,32.84770079974849,32.1768946025996,32.55865478515625,3392500,0.0,0.0
2006-06-26 00:00:00-04:00,32.55865802288816,33.093121499445886,32.525935004983296,32.9404182434082,4351000,0.0,0.0
2006-06-27 00:00:00-04:00,32.99494209525993,33.158552962291914,32.72225662339828,32.74407196044922,4202600,0.0,0.0
2006-06-28 00:00:00-04:00,32.85860182844138,33.07129617960807,32.46593405371813,32.79861068725586,4407300,0.0,0.0
2006-06-29 00:00:00-04:00,33.158562969189646,34.145685424184784,33.14765529737235,34.10750961303711,7372500,0.0,0.0
2006-06-30 00:00:00-04:00,34.24930215392615,34.62560951682057,34.19476588009314,34.472904205322266,5578500,0.0,0.0
2006-07-03 00:00:00-04:00,34.5710563961285,34.95281431074918,34.54378827085911,34.91463851928711,1881000,0.0,0.0
2006-07-05 00:00:00-04:00,34.79467214505285,34.81103469104048,34.32019991992009,34.712867736816406,4247900,0.0,0.0
2006-07-06 00:00:00-04:00,34.71285217537986,35.17641652218458,34.69103684412624,34.83283233642578,3271700,0.0,0.0
2006-07-07 00:00:00-04:00,34.94736363386227,35.44364892337432,34.72375959732169,34.87646484375,5678500,0.0,0.0
2006-07-10 00:00:00-04:00,35.14916410751702,35.38367383612172,34.82739717058441,35.01827621459961,3488000,0.0,0.0
2006-07-11 00:00:00-04:00,34.90373441735258,34.98554087706313,34.34200310730922,34.86555862426758,4450900,0.0,0.0
2006-07-12 00:00:00-04:00,34.838182755012475,34.98605769922332,34.27406885206834,34.30145263671875,4857400,0.27,0.0
2006-07-13 00:00:00-04:00,33.989259799794205,34.34525304158831,33.40871417833644,33.6661262512207,5483800,0.0,0.0
2006-07-14 00:00:00-04:00,33.62780227960242,33.81949086581436,32.95962705466555,33.23894500732422,4974300,0.0,0.0
2006-07-17 00:00:00-04:00,33.21156472566169,33.83592428861688,33.0363059742795,33.51826858520508,3919500,0.0,0.0
2006-07-18 00:00:00-04:00,33.42515533815417,34.005701156105715,33.3320500568523,33.93450164794922,4726800,0.0,0.0
2006-07-19 00:00:00-04:00,34.25764223719386,35.358486429621074,34.23025844828507,34.96963119506836,5730200,0.0,0.0
2006-07-20 00:00:00-04:00,34.96415348547108,35.21061175154858,34.64101977866927,34.690311431884766,3651800,0.0,0.0
2006-07-21 00:00:00-04:00,34.77794122412424,34.77794122412424,34.12071986975554,34.23573303222656,5799200,0.0,0.0
2006-07-24 00:00:00-04:00,34.50409649294964,35.320144589232065,34.476712707233595,35.172271728515625,3671500,0.0,0.0
2006-07-25 00:00:00-04:00,35.05178781711248,35.6761474533249,34.88748297956964,35.58304214477539,3856200,0.0,0.0
2006-07-26 00:00:00-04:00,35.59946475858796,35.59946475858796,35.139412142771334,35.29823684692383,3675100,0.0,0.0
2006-07-27 00:00:00-04:00,35.544693135147014,35.75281155498333,35.407772132452685,35.632320404052734,3539200,0.0,0.0
2006-07-28 00:00:00-04:00,35.68162103137293,36.448379630295015,35.665191176435016,36.27312088012695,5062800,0.0,0.0
2006-07-31 00:00:00-04:00,36.02117878789278,36.50862144551387,35.87330593023085,36.420989990234375,3801600,0.0,0.0
2006-08-01 00:00:00-04:00,36.14714040029212,36.1909561187681,35.72542560082735,36.1142807006836,3749500,0.0,0.0
2006-08-02 00:00:00-04:00,36.39360787583771,36.41551574192099,35.73638860733203,36.27312088012695,6161600,0.0,0.0
2006-08-03 00:00:00-04:00,35.654234563969226,37.247997322536754,35.654234563969226,37.13298416137695,5167900,0.0,0.0
2006-08-04 00:00:00-04:00,37.91069076412036,38.06404163018594,36.83175251266193,37.07273483276367,6509500,0.0,0.0
2006-08-07 00:00:00-04:00,36.82627101282077,37.13845072587416,36.59076672553507,36.77150344848633,4599800,0.0,0.0
2006-08-08 00:00:00-04:00,36.771499861635,36.94128054805983,36.11428079673502,36.30049133300781,6174000,0.0,0.0
2006-08-09 00:00:00-04:00,36.55242968981268,36.78793398146127,35.25989509078747,35.42420196533203,6132000,0.0,0.0
2006-08-10 00:00:00-04:00,35.079165986653685,35.80210878432464,34.94224288134212,35.725433349609375,5219800,0.0,0.0
2006-08-11 00:00:00-04:00,35.73637766132912,35.933544217188626,35.40776812772893,35.79662322998047,3607200,0.0,0.0
2006-08-14 00:00:00-04:00,35.91163652338522,36.14714078960891,35.48992171937844,35.61588668823242,3523400,0.0,0.0
2006-08-15 00:00:00-04:00,36.14715955351916,36.55792273026369,36.108821824162966,36.278602600097656,4449100,0.0,0.0
2006-08-16 00:00:00-04:00,36.552425379859216,36.85365322150688,36.33882897523521,36.66743850708008,4151100,0.0,0.0
2006-08-17 00:00:00-04:00,36.612670677482704,37.21512217782672,36.51956541020616,37.00700378417969,3187600,0.0,0.0
2006-08-18 00:00:00-04:00,37.00700773577202,37.00700773577202,36.55242901265122,36.77150344848633,4072900,0.0,0.0
2006-08-21 00:00:00-04:00,36.69483572845621,36.91391021029589,36.16905947913991,36.80437088012695,4345300,0.0,0.0
2006-08-22 00:00:00-04:00,36.941295370678056,37.51636541708388,36.89200580135683,37.16036987304688,4687100,0.0,0.0
2006-08-23 00:00:00-04:00,37.2972867885373,37.53279112129282,36.99606303729065,37.26990509033203,5090900,0.0,0.0
2006-08-24 00:00:00-04:00,37.269913017272096,37.40683407291454,36.94129914093103,37.10560607910156,3401000,0.0,0.0
2006-08-25 00:00:00-04:00,36.96867372243244,37.078208862062766,36.6017264083233,36.68387985229492,3272300,0.0,0.0
2006-08-28 00:00:00-04:00,36.311466088583,36.82081258917666,36.28408020570737,36.63459777832031,3409500,0.0,0.0
2006-08-29 00:00:00-04:00,36.634586770648525,36.634586770648525,35.65423179295698,35.949981689453125,4728100,0.0,0.0
2006-08-30 00:00:00-04:00,35.92806620419804,36.11428091960127,35.7363776578248,35.87329864501953,2623200,0.0,0.0
2006-08-31 00:00:00-04:00,35.873302332177964,36.14714433471368,35.82401277740027,36.03213119506836,2497300,0.0,0.0
2006-09-01 00:00:00-04:00,36.22930498196664,36.60173034667969,36.07047608746421,36.60173034667969,2486700,0.0,0.0
2006-09-05 00:00:00-04:00,37.023429915944334,37.05629379053344,36.68386858032971,36.92484664916992,2990400,0.0,0.0
2006-09-06 00:00:00-04:00,36.53053304182705,36.7441295372047,36.17454166853008,36.20192337036133,3401300,0.0,0.0
2006-09-07 00:00:00-04:00,35.92807752267116,36.42099406755577,35.88426179012625,36.125244140625,3582800,0.0,0.0
2006-09-08 00:00:00-04:00,36.579811046137095,36.579811046137095,35.74185528209564,36.52504348754883,3137900,0.0,0.0
2006-09-11 00:00:00-04:00,36.19097505923573,36.51410675048828,36.11977343482484,36.51410675048828,3240800,0.0,0.0
2006-09-12 00:00:00-04:00,36.61268548589507,37.59851865136885,36.61268548589507,37.43421173095703,5213100,0.0,0.0
2006-09-13 00:00:00-04:00,37.22607755048857,38.36526113261885,37.09463457670332,38.19000244140625,6152500,0.0,0.0
2006-09-14 00:00:00-04:00,37.954490710816174,38.57337192826818,37.94901270259207,38.513126373291016,4548600,0.0,0.0
2006-09-15 00:00:00-04:00,38.75958629027373,39.14296751279009,38.55694592921878,38.85816955566406,5655000,0.0,0.0
2006-09-18 00:00:00-04:00,38.85818085416524,39.08273331559435,38.5843388349576,38.80889129638672,4655600,0.0,0.0
2006-09-19 00:00:00-04:00,39.10462200837903,39.35107803344727,38.83078012341628,39.35107803344727,5791000,0.0,0.0
2006-09-20 00:00:00-04:00,40.14524903303656,40.33693764585766,39.16489392346763,39.62494659423828,11274400,0.0,0.0
2006-09-21 00:00:00-04:00,39.62494300081666,39.93164893201491,39.21417993409396,39.236087799072266,4747100,0.0,0.0
2006-09-22 00:00:00-04:00,38.611724502537534,39.43325055578301,38.58433862936365,39.31275939941406,6172300,0.0,0.0
2006-09-25 00:00:00-04:00,39.652324710174575,39.9809342933243,39.39491254684973,39.74542999267578,6229600,0.0,0.0
2006-09-26 00:00:00-04:00,39.57018222651053,40.22740157479012,39.57018222651053,40.12334442138672,5734100,0.0,0.0
2006-09-27 00:00:00-04:00,39.87139923020354,39.948074660459895,39.31275917719572,39.64684677124024,4433200,0.0,0.0
2006-09-28 00:00:00-04:00,39.65232462431724,40.03022376379728,39.608508899059466,39.92068862915039,3180100,0.0,0.0
2006-09-29 00:00:00-04:00,39.92070367379419,40.32051500507484,39.88784395671602,39.93165969848633,3290000,0.0,0.0
2006-10-02 00:00:00-04:00,39.57017861233391,40.17263032298119,39.57017861233391,40.00284957885742,2724800,0.0,0.0
2006-10-03 00:00:00-04:00,39.81662343428839,40.430030992445154,39.8001935835471,40.28763198852539,3776900,0.0,0.0
2006-10-04 00:00:00-04:00,40.2000118284144,40.90104677389663,39.87687605224807,40.82437133789063,4602100,0.0,0.0
2006-10-05 00:00:00-04:00,40.72031398325365,40.9393884696269,40.44099390866531,40.8353271484375,3957400,0.0,0.0
2006-10-06 00:00:00-04:00,40.66554237087243,40.80246338895617,40.43551606333122,40.753173828125,2784100,0.0,0.0
2006-10-09 00:00:00-04:00,40.75862869890252,41.07628631591797,40.5943260607364,41.07628631591797,2936300,0.0,0.0
2006-10-10 00:00:00-04:00,41.07628631591797,41.49252718723147,40.82435226126652,41.07628631591797,5676900,0.0,0.0
2006-10-11 00:00:00-04:00,40.81248856049912,41.21374450196684,40.67507277410014,41.10380935668945,4380800,0.27,0.0
2006-10-12 00:00:00-04:00,41.197233626284266,42.038221405271095,41.1697529968085,41.96676254272461,5083600,0.0,0.0
2006-10-13 00:00:00-04:00,41.80185800319428,42.14814406069591,41.71940774371453,42.08768081665039,2947500,0.0,0.0
2006-10-16 00:00:00-04:00,42.04919514404568,42.3625027048262,41.88979246314423,42.21958923339844,2224500,0.0,0.0
2006-10-17 00:00:00-04:00,42.07670816804181,42.186639100637535,41.40062077114891,41.653465270996094,3563000,0.0,0.0
2006-10-18 00:00:00-04:00,41.99423927618695,42.15913560206224,41.6094727952891,41.93927383422852,3622900,0.0,0.0
2006-10-19 00:00:00-04:00,41.708420979293,41.93378479006382,41.56001383565012,41.873321533203125,2685400,0.0,0.0
2006-10-20 00:00:00-04:00,41.994232177734375,42.16462627708144,41.7688684521262,41.994232177734375,3085500,0.0,0.0
2006-10-23 00:00:00-04:00,41.93925243241163,42.72527001273217,41.889780624378666,42.516395568847656,4317100,0.0,0.0
2006-10-24 00:00:00-04:00,42.24158965520817,42.97264226032965,42.24158965520817,42.96165084838867,3223800,0.0,0.0
2006-10-25 00:00:00-04:00,42.98360293419589,42.98360293419589,42.29652485536545,42.58235168457031,3252100,0.0,0.0
2006-10-26 00:00:00-04:00,42.626341591033125,42.71978323815307,42.17561837090905,42.664817810058594,3270100,0.0,0.0
2006-10-27 00:00:00-04:00,42.53291178808855,42.5548988063356,41.9502704821241,42.016231536865234,2869300,0.0,0.0
2006-10-30 00:00:00-05:00,41.93928048547518,42.24159256098813,41.66994264805346,42.09318542480469,3863800,0.0,0.0
2006-10-31 00:00:00-05:00,42.18663417527523,42.28007587643175,41.840348003791554,42.0107421875,4047700,0.0,0.0
2006-11-01 00:00:00-05:00,42.10416487086924,42.40648105405449,40.51563989433705,40.54861831665039,5959500,0.0,0.0
2006-11-02 00:00:00-05:00,40.290297625094205,41.48856307477378,40.290297625094205,40.76300811767578,6119000,0.0,0.0
2006-11-03 00:00:00-05:00,41.02683173607181,41.13676262045495,40.51564515586086,40.82895278930664,3205600,0.0,0.0
2006-11-06 00:00:00-05:00,41.22470643537012,41.95575890261991,41.08729074725223,41.79635620117188,3856400,0.0,0.0
2006-11-07 00:00:00-05:00,42.02172966987369,42.307556744259664,41.6919327478552,41.71941757202149,4500300,0.0,0.0
2006-11-08 00:00:00-05:00,41.43358969999901,41.77438222256158,41.25220412221768,41.52153778076172,4462700,0.0,0.0
2006-11-09 00:00:00-05:00,41.43909914417431,41.70843287837735,41.01036261400721,41.14228057861328,4431300,0.0,0.0
2006-11-10 00:00:00-05:00,41.36212205120868,42.170126966905,41.29616101133351,42.14813995361328,3667400,0.0,0.0
2006-11-13 00:00:00-05:00,42.241588306506735,42.983632299876994,42.11516820204528,42.50542831420898,3801700,0.0,0.0
2006-11-14 00:00:00-05:00,42.86819998082322,43.14852917899507,42.12615605022178,43.0001220703125,4075300,0.0,0.0
2006-11-15 00:00:00-05:00,43.14853645310183,43.42336789547827,43.00012931940035,43.23648452758789,4525300,0.0,0.0
2006-11-16 00:00:00-05:00,43.56076696844536,43.69818263711553,42.96713027332778,43.24745941162109,4137400,0.0,0.0
2006-11-17 00:00:00-05:00,43.06608373145792,43.58276815567967,43.03310530219943,43.48932647705078,3436600,0.0,0.0
2006-11-20 00:00:00-05:00,43.25844404140561,43.97300708395701,43.01659535408691,43.5937385559082,4449000,0.0,0.0
2006-11-21 00:00:00-05:00,43.63773330399731,43.83561226538506,43.47833057434636,43.54978942871094,2627100,0.0,0.0
2006-11-22 00:00:00-05:00,43.78064930500834,43.97303047461578,43.296943285886776,43.53329849243164,2783900,0.0,0.0
2006-11-24 00:00:00-05:00,43.03860036102655,43.56077836110356,42.95615009954216,43.395877838134766,1120500,0.0,0.0
2006-11-27 00:00:00-05:00,43.25845326260801,43.32991209825134,41.82383326519525,41.91178131103516,4469200,0.0,0.0
2006-11-28 00:00:00-05:00,41.7414039395154,42.39000635989454,41.66445146536833,42.28007125854492,3881000,0.0,0.0
2006-11-29 00:00:00-05:00,42.73078970154658,42.84072479006199,42.03271971225177,42.54940414428711,4036600,0.0,0.0
2006-11-30 00:00:00-05:00,42.39548546473852,42.54389675238481,41.66443721045933,41.8623161315918,4164000,0.0,0.0
2006-12-01 00:00:00-05:00,41.93927172466857,42.0766874194498,40.95537484680367,41.37311553955078,5333700,0.0,0.0
2006-12-04 00:00:00-05:00,41.571007610028936,42.59887884144596,41.571007610028936,42.46696090698242,3949800,0.0,0.0
2006-12-05 00:00:00-05:00,42.44496412316349,42.9616485219003,42.36251386048928,42.86270904541016,3567800,0.0,0.0
2006-12-06 00:00:00-05:00,43.049574090498815,43.37937080738477,42.92314984900293,43.20897674560547,3221800,0.0,0.0
2006-12-07 00:00:00-05:00,43.56076846144155,43.75314956545476,42.87369009454184,42.97262954711914,3416800,0.0,0.0
2006-12-08 00:00:00-05:00,42.97262166301186,43.51129284901338,42.80222760123255,43.20897674560547,2481200,0.0,0.0
2006-12-11 00:00:00-05:00,43.30793163934671,43.58276303378836,42.85171051811095,43.29693603515625,3220000,0.0,0.0
2006-12-12 00:00:00-05:00,43.07156843975327,43.48931325560368,42.41746850101831,43.09355545043945,4203000,0.0,0.0
2006-12-13 00:00:00-05:00,43.45084665028414,43.687201825470346,43.225482886076506,43.40137481689453,2927000,0.0,0.0
2006-12-14 00:00:00-05:00,43.14850774886754,43.94551672411675,43.04956832768696,43.75313568115234,5176900,0.0,0.0
2006-12-15 00:00:00-05:00,44.04448437924722,44.04448437924722,43.53329774105896,43.56628036499024,5869300,0.0,0.0
2006-12-18 00:00:00-05:00,43.56629201844962,44.41826718092658,43.56629201844962,44.17641830444336,4419100,0.0,0.0
2006-12-19 00:00:00-05:00,45.29221043285552,45.84187317064844,44.07195848398021,44.90744400024414,9710800,0.0,0.0
2006-12-20 00:00:00-05:00,45.23176599471356,45.44613421605757,44.53369167918149,44.676605224609375,5643900,0.0,0.0
2006-12-21 00:00:00-05:00,44.577666519494194,45.05587481835813,44.37978751262606,44.40727233886719,3297600,0.0,0.0
2006-12-22 00:00:00-05:00,44.31932656318544,44.59965586981408,43.24748538136402,43.80813980102539,3581500,0.0,0.0
2006-12-26 00:00:00-05:00,43.75315362235047,44.45122765626003,43.75315362235047,44.37427520751953,1848800,0.0,0.0
2006-12-27 00:00:00-05:00,44.8140149473258,45.07785498086511,44.24786283911728,45.072357177734375,2655700,0.0,0.0
2006-12-28 00:00:00-05:00,44.77002860029148,45.066846983817086,44.47321441035979,44.846981048583984,2079400,0.0,0.0
2006-12-29 00:00:00-05:00,44.73704619220109,45.07234077000201,44.66009375076418,44.759033203125,2394300,0.0,0.0
2007-01-03 00:00:00-05:00,45.03386608333602,45.24823420515453,44.423740138592976,44.86347198486328,4816100,0.0,0.0
2007-01-04 00:00:00-05:00,44.67109251508391,45.29221414357755,44.24785401748939,45.02288055419922,5036400,0.0,0.0
2007-01-05 00:00:00-05:00,44.71508872788093,44.84700668699891,44.170923477122514,44.44575500488281,4674300,0.0,0.0
2007-01-08 00:00:00-05:00,44.30832707137185,44.86348777917536,43.99501938352139,44.7150764465332,4852800,0.0,0.0
2007-01-09 00:00:00-05:00,44.6326357541217,44.989917557502416,44.36879985170854,44.610652923583984,5039500,0.0,0.0
2007-01-10 00:00:00-05:00,44.52239702245853,45.12352730476545,43.89920212665931,44.985652923583984,5970500,0.27,0.0
2007-01-11 00:00:00-05:00,44.91944962069008,45.603309244588615,44.78709145795718,45.42683029174805,5162400,0.0,0.0
2007-01-12 00:00:00-05:00,45.28896043109709,45.912150874176135,45.095933007295386,45.69706726074219,4374100,0.0,0.0
2007-01-16 00:00:00-05:00,45.81842775498289,45.98387453258804,45.29450244024992,45.55922317504883,4301500,0.0,0.0
2007-01-17 00:00:00-05:00,45.55920022582456,45.77428387368397,45.195209924775575,45.43235397338867,3211300,0.0,0.0
2007-01-18 00:00:00-05:00,45.92870897829361,45.92870897829361,44.68232350847232,44.787109375,4150100,0.0,0.0
2007-01-19 00:00:00-05:00,44.97463238055666,45.4489206681128,44.83675797621111,44.94705581665039,3548500,0.0,0.0
2007-01-22 00:00:00-05:00,44.94704988494093,46.57948211204733,44.94704988494093,45.94525909423828,6322900,0.0,0.0
2007-01-23 00:00:00-05:00,45.851516165720646,45.88460467964848,45.22832531038411,45.56473922729492,3702900,0.0,0.0
2007-01-24 00:00:00-05:00,45.658490622524624,46.68979273539726,45.6364302117709,46.68427658081055,4471100,0.0,0.0
2007-01-25 00:00:00-05:00,46.57947702725547,46.640142087146494,45.06837509813356,45.34412384033203,4132400,0.0,0.0
2007-01-26 00:00:00-05:00,45.34965128104552,45.49855378755481,44.53894910397968,45.28898620605469,4228400,0.0,0.0
2007-01-29 00:00:00-05:00,45.60885082201784,45.60885082201784,44.58858108150072,44.73748779296875,4217900,0.0,0.0
2007-01-30 00:00:00-05:00,44.947063537395046,45.28347747839285,44.67131468133741,45.06839370727539,3912100,0.0,0.0
2007-01-31 00:00:00-05:00,45.06837563615745,45.75774749988332,44.516878145176754,45.658477783203125,5832900,0.0,0.0
2007-02-01 00:00:00-05:00,46.02798878427405,46.5408817160446,45.8294493134214,46.243072509765625,5157000,0.0,0.0
2007-02-02 00:00:00-05:00,46.25961298659948,46.47469669452618,45.83496172437282,46.34785461425781,3868900,0.0,0.0
2007-02-05 00:00:00-05:00,46.14379855936944,46.27616099957582,45.77981236778279,45.92319869995117,3323900,0.0,0.0
2007-02-06 00:00:00-05:00,46.02248741962971,46.25411968178853,45.757770845154056,45.84600830078125,3835100,0.0,0.0
2007-02-07 00:00:00-05:00,46.16036190198231,46.16036190198231,45.7301943123979,45.90667343139648,3291100,0.0,0.0
2007-02-08 00:00:00-05:00,45.76327138775418,45.90665773017789,44.947053111806376,45.67502975463867,3708700,0.0,0.0
2007-02-09 00:00:00-05:00,45.6474446458737,46.369909207064566,44.577542394017016,45.10146331787109,7112700,0.0,0.0
2007-02-12 00:00:00-05:00,45.13456595020263,45.17868677231223,44.0701795180624,44.27423095703125,4911400,0.0,0.0
2007-02-13 00:00:00-05:00,44.30178178844257,45.03527425146447,44.27420523874461,44.80915832519531,3921500,0.0,0.0
2007-02-14 00:00:00-05:00,45.040787352757846,45.74119134021328,44.83121987547659,45.42132186889648,4194800,0.0,0.0
2007-02-15 00:00:00-05:00,45.28346697477209,45.90114578380266,45.23934615821434,45.67502975463867,3013800,0.0,0.0
2007-02-16 00:00:00-05:00,45.40477762168887,45.69155439099958,44.95806190912891,45.42132186889648,4449600,0.0,0.0
2007-02-20 00:00:00-05:00,45.410305802761016,46.10519388708351,44.96911029163603,45.94525909423828,4612400,0.0,0.0
2007-02-21 00:00:00-05:00,45.603329164142025,46.15482665861188,45.360668920145855,45.87907791137695,4392300,0.0,0.0
2007-02-22 00:00:00-05:00,45.99489928897592,46.187922601613394,45.3275877180906,45.63642501831055,4159400,0.0,0.0
2007-02-23 00:00:00-05:00,45.47098802995322,45.60335052007722,44.46175034021978,44.6547737121582,5406200,0.0,0.0
2007-02-26 00:00:00-05:00,44.72642213730212,44.93599376643515,43.09950707819844,43.303558349609375,7948100,0.0,0.0
2007-02-27 00:00:00-05:00,42.17853372441623,42.38258512142427,40.281380839762576,40.882511138916016,13121000,0.0,0.0
2007-02-28 00:00:00-05:00,41.13068060131332,41.79799200717873,40.38064373689118,41.31818771362305,10751100,0.0,0.0
2007-03-01 00:00:00-05:00,40.07731132474255,41.704231028146175,39.81810689760968,41.41193389892578,10629700,0.0,0.0
2007-03-02 00:00:00-05:00,41.1803194434512,41.52224942585588,40.47991943359375,40.47991943359375,7822500,0.0,0.0
2007-03-05 00:00:00-05:00,39.79053838210133,40.48542628650733,38.7702690302713,39.509273529052734,11011300,0.0,0.0
2007-03-06 00:00:00-05:00,39.98357839023621,40.904578427471726,39.98357839023621,40.56265258789063,10785800,0.0,0.0
2007-03-07 00:00:00-05:00,40.70050839915461,41.3678197252261,40.45784820509548,40.75014114379883,8245400,0.0,0.0
2007-03-08 00:00:00-05:00,41.119644712813184,42.2502160635193,41.119644712813184,41.58842086791992,7356600,0.0,0.0
2007-03-09 00:00:00-05:00,41.90279407220959,42.10684551361843,41.08657568379453,41.913822174072266,8619100,0.0,0.0
2007-03-12 00:00:00-04:00,41.334729321114594,42.09028228982596,41.147222220792976,41.94689178466797,7317600,0.0,0.0
2007-03-13 00:00:00-04:00,41.54982452806525,41.66012656562237,39.60855495057746,39.75194549560547,11909300,0.0,0.0
2007-03-14 00:00:00-04:00,39.65819727964155,40.83288573714825,39.11772774154219,40.70603942871094,13037700,0.0,0.0
2007-03-15 00:00:00-04:00,40.45234427280631,41.67115334802688,40.45234427280631,41.30165100097656,6363100,0.0,0.0
2007-03-16 00:00:00-04:00,41.51120633515055,41.63805258509424,40.9431647015751,41.036922454833984,7464500,0.0,0.0
2007-03-19 00:00:00-04:00,41.36232013538872,41.99654321898323,41.329231625710094,41.373348236083984,6141200,0.0,0.0
2007-03-20 00:00:00-04:00,41.35679713410501,42.277801174406335,41.26304356714248,41.9744758605957,5740900,0.0,0.0
2007-03-21 00:00:00-04:00,43.26500825684427,45.18973894329408,42.92308225419551,44.85332489013672,17638600,0.0,0.0
2007-03-22 00:00:00-04:00,44.572033316022,45.22280061512877,44.44518702393153,44.74299621582031,8110000,0.0,0.0
2007-03-23 00:00:00-04:00,44.246655456784886,44.853301991135545,44.20805079207874,44.72645568847656,6088300,0.0,0.0
2007-03-26 00:00:00-04:00,44.94705089310048,44.94705089310048,43.97090206860327,44.32386016845703,9221500,0.0,0.0
2007-03-27 00:00:00-04:00,44.32386332659504,44.356951835941295,43.51867734095848,43.8275146484375,6341600,0.0,0.0
2007-03-28 00:00:00-04:00,43.70618738963287,44.25768502230962,43.03887575900516,43.19881057739258,6971200,0.0,0.0
2007-03-29 00:00:00-04:00,43.47454804869189,44.05913404034699,42.685906471462886,43.25394821166992,7361700,0.0,0.0
2007-03-30 00:00:00-04:00,43.36975858092537,43.82750246843748,42.8292934430365,43.43593978881836,6030900,0.0,0.0
2007-04-02 00:00:00-04:00,43.40285844298901,43.56830940223711,42.608704778339096,43.39734649658203,5492500,0.0,0.0
2007-04-03 00:00:00-04:00,43.62898332347642,44.30732313728912,43.56280208483396,44.219085693359375,6307000,0.0,0.0
2007-04-04 00:00:00-04:00,44.257694076373866,44.35144768328633,43.84958692283016,44.01503372192383,4410500,0.0,0.0
2007-04-05 00:00:00-04:00,43.84404437419109,44.43414643834511,43.788895474358185,44.28524398803711,4052400,0.0,0.0
2007-04-09 00:00:00-04:00,44.34039288787002,44.42863028608441,43.86610477564253,44.28524398803711,3427100,0.0,0.0
2007-04-10 00:00:00-04:00,44.35695644658846,44.85881712340737,44.14738885295761,44.27423095703125,5596700,0.0,0.0
2007-04-11 00:00:00-04:00,44.218890108529045,44.33509491410574,43.57699207186774,43.93667602539063,5741700,0.27,0.0
2007-04-12 00:00:00-04:00,43.83153768109177,44.34062662030079,43.46078840287159,44.30742645263672,4149300,0.0,0.0
2007-04-13 00:00:00-04:00,45.10979883103149,45.10979883103149,44.030751067554775,44.263160705566406,4497600,0.0,0.0
2007-04-16 00:00:00-04:00,44.60070100044559,45.58567860391376,44.56750083639775,45.41413879394531,5986900,0.0,0.0
2007-04-17 00:00:00-04:00,45.43074313899564,45.657622206054455,45.02125893074786,45.148529052734375,5506800,0.0,0.0
2007-04-18 00:00:00-04:00,45.09871662151536,46.4599779908383,45.09871662151536,45.27579116821289,9406800,0.0,0.0
2007-04-19 00:00:00-04:00,45.27579717540797,45.91769513097246,44.29635438255134,45.701881408691406,7016000,0.0,0.0
2007-04-20 00:00:00-04:00,46.31612460163631,46.38252916992642,45.458421092297634,45.87897491455078,8290000,0.0,0.0
2007-04-23 00:00:00-04:00,46.20542442114844,46.73664795578284,46.039415219542335,46.23862457275391,4634600,0.0,0.0
2007-04-24 00:00:00-04:00,46.59278634558692,46.59278634558692,45.75721800841389,46.21097183227539,4363000,0.0,0.0
2007-04-25 00:00:00-04:00,46.48765330579833,46.8528677561241,46.03389946036891,46.76986312866211,5498600,0.0,0.0
2007-04-26 00:00:00-04:00,46.49316964149649,46.941392804080245,46.2275599809478,46.692378997802734,5287600,0.0,0.0
2007-04-27 00:00:00-04:00,46.48211848922376,47.09081205365307,46.0449647253888,47.041011810302734,4466200,0.0,0.0
2007-04-30 00:00:00-04:00,47.02994854481226,47.12955326658242,46.31611540909131,46.4876594543457,5418900,0.0,0.0
2007-05-01 00:00:00-04:00,46.65366549193779,46.8141400038243,45.65762247505128,46.54299545288086,4379700,0.0,0.0
2007-05-02 00:00:00-04:00,46.49318751599306,47.26235985075826,46.32164770169829,46.68133163452149,4474300,0.0,0.0
2007-05-03 00:00:00-04:00,46.98017768563911,47.201522119356106,46.41574916857108,47.1904525756836,2983500,0.0,0.0
2007-05-04 00:00:00-04:00,47.3121689019462,48.0426022178765,47.1461596030472,47.90426254272461,4738100,0.0,0.0
2007-05-07 00:00:00-04:00,48.0315240776342,48.38567321372628,47.38409136221802,47.5777702331543,3315800,0.0,0.0
2007-05-08 00:00:00-04:00,47.3453790743252,47.46158391938506,46.73668521943376,47.39518356323242,3241700,0.0,0.0
2007-05-09 00:00:00-04:00,47.14613897266604,47.76036719930752,47.14060842777017,47.61649703979492,3328000,0.0,0.0
2007-05-10 00:00:00-04:00,47.3342767507427,47.5888211011808,46.692378997802734,46.692378997802734,3842000,0.0,0.0
2007-05-11 00:00:00-04:00,46.71453465322568,47.29002813654182,46.69239980135298,47.11848831176758,4216600,0.0,0.0
2007-05-14 00:00:00-04:00,47.29001243639669,47.37855181449266,46.65918414372761,46.98013305664063,3515800,0.0,0.0
2007-05-15 00:00:00-04:00,47.31216041633023,47.58883971701052,46.12243857904674,46.19437789916992,6423500,0.0,0.0
2007-05-16 00:00:00-04:00,46.27185701886175,46.60387140171468,45.89003815659533,46.52640151977539,5004600,0.0,0.0
2007-05-17 00:00:00-04:00,46.36037384467385,46.91926710442328,46.30503883975981,46.5761833190918,3834100,0.0,0.0
2007-05-18 00:00:00-04:00,46.67027910931729,47.35644706018137,46.57620912666084,47.06316757202149,4453200,0.0,0.0
2007-05-21 00:00:00-04:00,46.75881074307148,47.58884880359937,46.75881074307148,47.37303924560547,5401000,0.0,0.0
2007-05-22 00:00:00-04:00,47.37302511033374,47.62203476547528,47.0908110718602,47.384090423583984,3260800,0.0,0.0
2007-05-23 00:00:00-04:00,47.42284611914219,48.1422142273483,47.31217605101471,47.45051574707031,3629200,0.0,0.0
2007-05-24 00:00:00-04:00,47.86552751627073,48.07027175497152,46.5098003909428,46.73667526245117,4387500,0.0,0.0
2007-05-25 00:00:00-04:00,45.95643601349385,46.87500914602667,45.95643601349385,46.6259994506836,3694300,0.0,0.0
2007-05-29 00:00:00-04:00,46.65919864720806,47.36196223668374,46.49318937257098,47.19595718383789,3248300,0.0,0.0
2007-05-30 00:00:00-04:00,46.89714139067452,47.489234924316406,46.598327239800426,47.489234924316406,3518300,0.0,0.0
2007-05-31 00:00:00-04:00,48.09239152157996,48.23073115308129,46.98013970220797,47.05760955810547,4881600,0.0,0.0
2007-06-01 00:00:00-04:00,47.11295879655306,47.71612196741195,46.95801903795937,47.62758255004883,5350200,0.0,0.0
2007-06-04 00:00:00-04:00,47.72163834593017,47.85997797814269,47.13507965632205,47.50582885742188,3703000,0.0,0.0
2007-06-05 00:00:00-04:00,47.14616956228178,47.53352326760741,47.052099576537046,47.39518356323242,4644700,0.0,0.0
2007-06-06 00:00:00-04:00,47.19043492513589,47.78252863633767,46.75881576281209,47.56671905517578,7639400,0.0,0.0
2007-06-07 00:00:00-04:00,47.3176930805456,48.95563396112979,46.88607406616211,46.88607406616211,10803500,0.0,0.0
2007-06-08 00:00:00-04:00,46.98014915506051,48.28607587694112,46.84734426419897,48.19753646850586,6493900,0.0,0.0
2007-06-11 00:00:00-04:00,48.20859007066874,49.30423744625783,48.108985379997925,48.99435806274414,5706500,0.0,0.0
2007-06-12 00:00:00-04:00,49.08289804801253,49.42598184335618,47.970650484873815,47.97618103027344,9084600,0.0,0.0
2007-06-13 00:00:00-04:00,48.45209058336083,49.370668130732405,48.29715080953724,49.34299850463867,7700200,0.0,0.0
2007-06-14 00:00:00-04:00,49.04970970597405,50.09555720196976,48.878169877868416,49.4149284362793,9562600,0.0,0.0
2007-06-15 00:00:00-04:00,50.228369400393255,50.32797413934797,48.83944204614791,48.961181640625,10335000,0.0,0.0
2007-06-18 00:00:00-04:00,49.70818523241741,49.99039497188724,48.78407773350124,48.97221755981445,11238000,0.0,0.0
2007-06-19 00:00:00-04:00,49.15482786334457,49.19356278261335,48.21965081298325,48.584869384765625,9268200,0.0,0.0
2007-06-20 00:00:00-04:00,49.497950698688186,49.9849092206573,48.197558160035065,48.319297790527344,15278600,0.0,0.0
2007-06-21 00:00:00-04:00,48.61808373753918,48.61808373753918,47.36749220165289,48.30266952514648,11540200,0.0,0.0
2007-06-22 00:00:00-04:00,48.14219013768171,48.252860150431495,46.653654401991965,46.81412887573242,12711100,0.0,0.0
2007-06-25 00:00:00-04:00,46.95248849826916,48.13114532278298,46.205455039592266,46.780948638916016,13035600,0.0,0.0
2007-06-26 00:00:00-04:00,47.1904240471258,47.42836843071043,46.49872574854153,46.54299545288086,9155700,0.0,0.0
2007-06-27 00:00:00-04:00,46.20545739570635,47.33984456539573,45.92877801010332,47.21257019042969,10641900,0.0,0.0
2007-06-28 00:00:00-04:00,47.22915345457837,47.56116775467669,46.93033931795262,46.96907424926758,7096100,0.0,0.0
2007-06-29 00:00:00-04:00,47.31216053490898,47.5335048203662,45.77935906288656,46.41571807861328,9030100,0.0,0.0
2007-07-02 00:00:00-04:00,47.28899354305631,48.09558554930825,47.00901538119842,47.54896926879883,9110200,14.25,0.0
2007-07-03 00:00:00-04:00,47.87557828534383,48.88881580397096,47.828916131574026,48.8088264465332,5964900,0.0,0.0
2007-07-05 00:00:00-04:00,48.99548588070447,49.04881552130135,48.10889967751058,48.622188568115234,9145600,0.0,0.0
2007-07-06 00:00:00-04:00,48.67552867794831,49.06216106713845,48.24223919556895,48.7221908569336,6144700,0.0,0.0
2007-07-09 00:00:00-04:00,48.72217461683359,48.82883389656028,48.14223131215145,48.43553924560547,6078200,0.0,0.0
2007-07-10 00:00:00-04:00,47.99558218420495,48.01557952972118,46.682368913493264,46.96900939941406,10785700,0.0,0.0
2007-07-11 00:00:00-04:00,46.654493363862215,47.75193081798508,46.56749807074331,47.27682113647461,9486600,0.27,0.0
2007-07-12 00:00:00-04:00,47.32365976058858,48.46793879717904,47.27681810781672,48.4478645324707,8428000,0.0,0.0
2007-07-13 00:00:00-04:00,48.14674564995447,49.27764378957109,47.8991561912396,49.02336120605469,7478200,0.0,0.0
2007-07-16 00:00:00-04:00,49.21741658026512,49.21741658026512,48.280578300820046,48.38095474243164,7023400,0.0,0.0
2007-07-17 00:00:00-04:00,48.74901580810547,48.99661045628624,48.28729214711982,48.74901580810547,6357500,0.0,0.0
2007-07-18 00:00:00-04:00,47.745236869054665,48.32072297594869,46.64110631022972,47.41065216064453,12567500,0.0,0.0
2007-07-19 00:00:00-04:00,47.250058323811146,47.84561876433718,46.27976460080348,46.76156234741211,9928100,0.0,0.0
2007-07-20 00:00:00-04:00,46.768255175724754,47.00246347579285,44.68713765659763,45.215782165527344,15623400,0.0,0.0
2007-07-23 00:00:00-04:00,45.470066570013365,45.80465132801305,44.94811516439118,45.30946731567383,9878000,0.0,0.0
2007-07-24 00:00:00-04:00,44.76744107707872,44.9280403293937,43.50271111621211,43.86406326293945,15269900,0.0,0.0
2007-07-25 00:00:00-04:00,44.198646521397066,44.566686674890654,43.4893233957338,44.07150268554688,14736800,0.0,0.0
2007-07-26 00:00:00-04:00,43.02091298886943,43.4625622576839,41.15392924464026,43.16143798828125,21899900,0.0,0.0
2007-07-27 00:00:00-04:00,43.16142637196052,44.10495767810515,42.33165519139848,43.07443618774414,18615000,0.0,0.0
2007-07-30 00:00:00-04:00,43.68338491970576,43.68338491970576,41.78963652843355,43.23504257202149,18479700,0.0,0.0
2007-07-31 00:00:00-04:00,43.8573672363527,45.04179494000999,42.55917684386497,42.73985290527344,17311400,0.0,0.0
2007-08-01 00:00:00-04:00,42.11752408187997,43.49601406188248,41.38143871113503,43.08112716674805,16651000,0.0,0.0
2007-08-02 00:00:00-04:00,43.22167029952477,43.69678529932566,41.98370987594458,42.74656295776367,12024200,0.0,0.0
2007-08-03 00:00:00-04:00,42.26474705148488,42.92722600370195,40.47806564694042,40.56505584716797,17756500,0.0,0.0
2007-08-06 00:00:00-04:00,40.765791681271935,42.93390384395143,39.313695555815045,42.84690856933594,17222100,0.0,0.0
2007-08-07 00:00:00-04:00,42.632785371639066,44.07150072117093,41.749481895124255,43.04767227172852,15860000,0.0,0.0
2007-08-08 00:00:00-04:00,43.48263171446521,44.70051987023792,42.7264669927587,43.75698852539063,20804800,0.0,0.0
2007-08-09 00:00:00-04:00,41.68928095567034,42.92724670417235,41.08033649703522,41.36138916015625,23865400,0.0,0.0
2007-08-10 00:00:00-04:00,40.41783685042732,41.749482661000265,39.561298196367645,40.17024230957031,23334300,0.0,0.0
2007-08-13 00:00:00-04:00,41.52195386558224,42.24465792287759,39.83564695123802,39.90925598144531,15439500,0.0,0.0
2007-08-14 00:00:00-04:00,40.26393530830289,40.3843860456076,38.07575287018631,38.53078842163086,19214600,0.0,0.0
2007-08-15 00:00:00-04:00,38.376861695298814,39.74866092259524,37.72776915326704,37.89506149291992,14947200,0.0,0.0
2007-08-16 00:00:00-04:00,37.35304111923525,40.00964483924724,36.73740640726621,39.4609260559082,22913900,0.0,0.0
2007-08-17 00:00:00-04:00,41.90339360572158,42.29151314314221,40.90633247473794,41.64241790771485,23742800,0.0,0.0
2007-08-20 00:00:00-04:00,41.829791688107406,42.30490405681146,40.86618835737994,41.93016815185547,14072100,0.0,0.0
2007-08-21 00:00:00-04:00,41.92345385166276,42.75991540055725,41.35465846680767,42.08405303955078,10226200,0.0,0.0
2007-08-22 00:00:00-04:00,42.733163580104666,43.16143164066871,41.88331803062584,42.88706970214844,10784600,0.0,0.0
2007-08-23 00:00:00-04:00,43.3086599462689,43.44249183221364,42.077387705748286,43.034297943115234,11323400,0.0,0.0
2007-08-24 00:00:00-04:00,42.97406785977663,43.32872689238594,42.22459615127664,43.18820190429688,7126700,0.0,0.0
2007-08-27 00:00:00-04:00,43.08781177139173,43.10119801668744,42.45879353444615,42.64616012573242,8576100,0.0,0.0
2007-08-28 00:00:00-04:00,41.85656860902219,42.05731902951523,40.59183815196795,40.66544723510742,10481800,0.0,0.0
2007-08-29 00:00:00-04:00,40.95317499806947,41.127157949510895,40.056487742150296,40.95986557006836,9787100,0.0,0.0
2007-08-30 00:00:00-04:00,40.002951359355855,40.759113599016,39.84904268273105,40.25723648071289,8662400,0.0,0.0
2007-08-31 00:00:00-04:00,41.45504929028219,42.07068397907808,40.90633052759752,41.73609924316406,10375600,0.0,0.0
2007-09-04 00:00:00-04:00,41.84984628358493,43.52946256172661,41.53533591339657,42.77999114990234,8798000,0.0,0.0
2007-09-05 00:00:00-04:00,42.42535329366115,42.452118137392986,41.43498004788004,41.86325073242188,8051200,0.0,0.0
2007-09-06 00:00:00-04:00,42.08408446278703,42.10415873809252,40.90634684573184,41.8231086730957,7138100,0.0,0.0
2007-09-07 00:00:00-04:00,40.89296314463485,42.51904581405921,40.51153659775061,41.8231086730957,11879900,0.0,0.0
2007-09-10 00:00:00-04:00,42.39188567202138,42.86030737272891,41.28775755811017,42.211212158203125,7934200,0.0,0.0
2007-09-11 00:00:00-04:00,42.39858080794525,42.9874481422318,42.224595304835816,42.5190315246582,6765400,0.0,0.0
2007-09-12 00:00:00-04:00,42.15098813252944,42.75993227837447,41.99707690042569,42.46549606323242,7378000,0.0,0.0
2007-09-13 00:00:00-04:00,43.20827894926213,44.95481193614171,42.83354562361579,44.6938362121582,12243300,0.0,0.0
2007-09-14 00:00:00-04:00,44.198647697681466,44.379321217061886,43.44248289216356,44.23879623413086,7644000,0.0,0.0
2007-09-17 00:00:00-04:00,43.84399893184293,43.93768739197536,42.81347947666558,43.43581008911133,7660900,0.0,0.0
2007-09-18 00:00:00-04:00,44.319100934928194,46.360064971216985,43.36887630689006,45.84480667114258,17094400,0.0,0.0
2007-09-19 00:00:00-04:00,46.22622674987361,46.75487122708551,44.459619813413525,44.85442733764648,17633900,0.0,0.0
2007-09-20 00:00:00-04:00,45.22916570988447,45.22916570988447,42.39858148028132,43.2484245300293,17066900,0.0,0.0
2007-09-21 00:00:00-04:00,43.54286328657687,43.54286328657687,42.258058950124514,43.12128829956055,13310300,0.0,0.0
2007-09-24 00:00:00-04:00,43.4358014253992,43.49602423915806,41.56212449295344,41.68257522583008,8230000,0.0,0.0
2007-09-25 00:00:00-04:00,41.43498310101319,41.4550599261407,40.48476343251153,41.06694030761719,10411100,0.0,0.0
2007-09-26 00:00:00-04:00,41.31452559030853,43.01421416122986,40.68550463364121,42.137603759765625,14916100,0.0,0.0
2007-09-27 00:00:00-04:00,41.99037462689249,43.48262444963144,41.97030036424667,43.19488143920898,10021900,0.0,0.0
2007-09-28 00:00:00-04:00,43.03428707056723,43.1948914195555,41.75617603502247,42.157676696777344,13313800,0.0,0.0
2007-10-01 00:00:00-04:00,41.88999921611805,43.15472884679953,41.88999921611805,42.83353042602539,9371500,0.0,0.0
2007-10-02 00:00:00-04:00,43.14135330943586,44.62021711448489,42.97406095449333,44.23209762573242,10851700,0.0,0.0
2007-10-03 00:00:00-04:00,44.165184931968575,45.20239965054432,43.99789256480203,44.834354400634766,9141500,0.0,0.0
2007-10-04 00:00:00-04:00,44.94812660532592,45.23586977466108,44.37933339301952,44.90797805786133,7590500,0.0,0.0
2007-10-05 00:00:00-04:00,45.45668253439302,46.10577774047852,44.84104784412225,46.10577774047852,8303900,0.0,0.0
2007-10-08 00:00:00-04:00,45.93846167174586,46.038838062046366,45.34958957150575,45.46335220336914,5028500,0.0,0.0
2007-10-09 00:00:00-04:00,45.8648738436591,46.32660238909519,44.61352515802098,46.23291397094727,7969700,0.0,0.0
2007-10-10 00:00:00-04:00,45.99107573290354,46.367279216279975,45.023689489492064,45.36630630493164,7604300,0.27,0.0
2007-10-11 00:00:00-04:00,45.66862674218373,45.94406002931552,44.45267429661472,45.05057144165039,8421000,0.0,0.0
2007-10-12 00:00:00-04:00,45.33942525474862,45.50065968151518,44.73480896784173,45.17819595336914,4498800,0.0,0.0
2007-10-15 00:00:00-04:00,45.1378987180891,45.24538323152213,43.80774262731229,44.4056396484375,6848700,0.0,0.0
2007-10-16 00:00:00-04:00,43.962245425088376,44.28470400072734,43.47183305434637,43.868194580078125,8264700,0.0,0.0
2007-10-17 00:00:00-04:00,44.33175017760207,44.6945200890704,43.07549682024279,44.2108268737793,9583600,0.0,0.0
2007-10-18 00:00:00-04:00,43.5457330503596,44.39219582304542,42.91424694330794,43.93537521362305,8384100,0.0,0.0
2007-10-19 00:00:00-04:00,43.68009043304348,43.99583477146067,41.2817860506921,41.61768341064453,16036400,0.0,0.0
2007-10-22 00:00:00-04:00,41.61768966414072,42.58507328359364,41.23476682127224,42.047637939453125,10225500,0.0,0.0
2007-10-23 00:00:00-04:00,42.57163717089262,42.94112381061274,41.32209839140428,42.73958587646485,9077300,0.0,0.0
2007-10-24 00:00:00-04:00,42.29619763906077,42.6589674259182,40.307685756773104,42.24917221069336,12739000,0.0,0.0
2007-10-25 00:00:00-04:00,42.29619412352622,42.6119384557725,40.64357975990541,41.65127182006836,16626000,0.0,0.0
2007-10-26 00:00:00-04:00,42.74631623047639,43.66667465566439,42.27605922164571,43.51887893676758,11332700,0.0,0.0
2007-10-29 00:00:00-04:00,43.559180912498775,44.66092931587607,43.41810459188433,44.51984786987305,8606800,0.0,0.0
2007-10-30 00:00:00-04:00,44.28470244265292,44.97665011747774,43.54572934697748,43.99583053588867,9055300,0.0,0.0
2007-10-31 00:00:00-04:00,44.48625778886043,45.41333287843741,43.17625469717997,45.1849250793457,16782800,0.0,0.0
2007-11-01 00:00:00-04:00,43.68009515345093,43.68009515345093,41.69158574537883,41.93342971801758,15660700,0.0,0.0
2007-11-02 00:00:00-04:00,41.89984435910944,41.89984435910944,38.21169204288115,39.56871795654297,28807100,0.0,0.0
2007-11-05 00:00:00-05:00,38.88348840625199,39.02456471612985,36.41128304065583,37.34507751464844,26713600,0.0,0.0
2007-11-06 00:00:00-05:00,37.378658489050586,37.84219849438592,35.48419754928875,36.61952972412109,27876000,0.0,0.0
2007-11-07 00:00:00-05:00,35.39013510699245,35.86710859559852,33.64347040038501,34.38916015625,30047400,0.0,0.0
2007-11-08 00:00:00-05:00,35.75290673248712,36.2903418593687,34.15403498765818,36.06193161010742,32757300,0.0,0.0
2007-11-09 00:00:00-05:00,34.765387323733016,37.69441360297136,34.765387323733016,36.41128540039063,21374900,0.0,0.0
2007-11-12 00:00:00-05:00,35.94103628800801,37.42570277943784,35.67231723460853,36.12242126464844,14061000,0.0,0.0
2007-11-13 00:00:00-05:00,36.54564264130735,37.6473858388244,35.44389688109621,37.52646255493164,17707100,0.0,0.0
2007-11-14 00:00:00-05:00,38.460259974942765,39.03128464381616,36.96215757951198,37.358516693115234,15193800,0.0,0.0
2007-11-15 00:00:00-05:00,36.79420662241907,37.56676921228351,35.02066851371132,35.78651428222656,19456000,0.0,0.0
2007-11-16 00:00:00-05:00,35.9813253825376,36.095529252485726,34.81912084846737,35.537940979003906,11804100,0.0,0.0
2007-11-19 00:00:00-05:00,34.94676629409251,35.26251067458682,33.92563787623505,34.34886932373047,11741300,0.0,0.0
2007-11-20 00:00:00-05:00,34.093578974974285,34.637733571824235,32.72983663603716,33.878604888916016,19281900,0.0,0.0
2007-11-21 00:00:00-05:00,33.159806826916835,33.38149787919334,31.950576149212832,32.58877944946289,19768200,0.0,0.0
2007-11-23 00:00:00-05:00,32.8709200394841,33.75768897776511,32.8709200394841,33.51584243774414,5986000,0.0,0.0
2007-11-26 00:00:00-05:00,33.58300474219919,33.58300474219919,32.19910729140217,32.21254348754883,10141800,0.0,0.0
2007-11-27 00:00:00-05:00,32.447698416841,33.791288434620704,32.380519941029846,33.45539093017578,15862100,0.0,0.0
2007-11-28 00:00:00-05:00,33.79798935141625,36.021627975643284,33.72409153078758,35.94101333618164,19738600,0.0,0.0
2007-11-29 00:00:00-05:00,35.73947940040503,35.89399187754741,34.81912135712505,35.16173553466797,10439700,0.0,0.0
2007-11-30 00:00:00-05:00,36.42471882913749,37.08307749706411,35.0744096994836,35.41702651977539,17838100,0.0,0.0
2007-12-03 00:00:00-05:00,34.7922552230375,35.44389447229116,34.44963842106126,35.12143325805664,9360300,0.0,0.0
2007-12-04 00:00:00-05:00,34.2279588767302,34.25483129422185,32.99185586175702,33.59646987915039,17126100,0.0,0.0
2007-12-05 00:00:00-05:00,34.10702355030366,34.436201579228225,33.09933131346752,33.66363906860352,10375100,0.0,0.0
2007-12-06 00:00:00-05:00,33.19338773607803,34.69820952260771,33.065747620612534,34.65118408203125,11061200,0.0,0.0
2007-12-07 00:00:00-05:00,34.671332512831114,35.672305401170895,34.59071784863119,34.725074768066406,10274600,0.0,0.0
2007-12-10 00:00:00-05:00,35.2154707852049,36.61952156516343,34.785522662427866,36.52547073364258,16518200,0.0,0.0
2007-12-11 00:00:00-05:00,36.59266528945295,36.87481788857126,33.55615234375,33.55615234375,23332300,0.0,0.0
2007-12-12 00:00:00-05:00,34.76539189104552,35.22892952702274,32.81718533004436,33.838314056396484,22486200,0.0,0.0
2007-12-13 00:00:00-05:00,33.46209486837919,33.89204306556202,31.90353137224473,33.72409439086914,20173600,0.0,0.0
2007-12-14 00:00:00-05:00,33.253835989098306,34.355578832039534,32.88434943509143,33.7912712097168,13465400,0.0,0.0
2007-12-17 00:00:00-05:00,33.603171161294526,34.12717020660532,32.72983856487873,33.27399063110352,13994200,0.0,0.0
2007-12-18 00:00:00-05:00,32.870907013397,33.515829156087214,31.742291982342724,32.29316329956055,24012100,0.0,0.0
2007-12-19 00:00:00-05:00,32.79700823454495,34.510083746604494,32.17895850674324,33.64347076416016,36264900,0.0,0.0
2007-12-20 00:00:00-05:00,33.95922598312968,35.282662534081226,33.24712514876487,34.51009750366211,29675600,0.0,0.0
2007-12-21 00:00:00-05:00,34.98706308733593,36.88152360500533,34.98706308733593,36.52547073364258,31172000,0.0,0.0
2007-12-24 00:00:00-05:00,36.209741910192776,37.21071475929241,36.05522684605044,36.92856216430664,5522400,0.0,0.0
2007-12-26 00:00:00-05:00,36.71357288565064,37.04275077738037,36.20972697722557,36.94869995117188,6960200,0.0,0.0
2007-12-27 00:00:00-05:00,36.69341988973833,36.81434312128824,35.61183018681582,35.82008743286133,10933000,0.0,0.0
2007-12-28 00:00:00-05:00,35.967877012836695,36.25002946386254,34.89300430905634,35.75290298461914,9002600,0.0,0.0
2007-12-31 00:00:00-05:00,35.605129708324704,36.17615434838054,34.87287316464573,35.67902755737305,8019200,0.0,0.0
2008-01-02 00:00:00-05:00,35.591685958600976,35.87384108946085,33.79799518547475,34.22794342041016,17624100,0.0,0.0
2008-01-03 00:00:00-05:00,34.40261447457523,34.859435188494146,33.979385554113264,34.221229553222656,11422200,0.0,0.0
2008-01-04 00:00:00-05:00,33.53599601651568,34.053278332850816,32.823895151002624,33.119483947753906,14448500,0.0,0.0
2008-01-07 00:00:00-05:00,33.25385332975053,33.48226373795761,32.21257156630736,32.45441818237305,18767500,0.0,0.0
2008-01-08 00:00:00-05:00,32.6828142154122,32.89778832120674,30.821942529939808,31.171276092529297,22467500,0.0,0.0
2008-01-09 00:00:00-05:00,30.948270111060644,32.44162490911295,30.36714496634011,32.25242233276367,20061800,0.27,0.0
2008-01-10 00:00:00-05:00,31.461854306640465,33.19847272549329,31.02938680283884,32.71194839477539,20270800,0.0,0.0
2008-01-11 00:00:00-05:00,32.387583971103325,33.64443616326906,32.15108063502613,32.69841766357422,15874500,0.0,0.0
2008-01-14 00:00:00-05:00,33.06330075707637,33.441708558302935,32.83355362377672,33.04302978515625,10954300,0.0,0.0
2008-01-15 00:00:00-05:00,32.26594802226204,32.82680238748073,31.5226497271718,31.84699821472168,12448800,0.0,0.0
2008-01-16 00:00:00-05:00,31.6375295522874,32.96871221448906,31.63077341826258,32.0226936340332,15582700,0.0,0.0
2008-01-17 00:00:00-05:00,32.13756708198585,32.421371096684034,30.40770557045278,30.576637268066406,18516000,0.0,0.0
2008-01-18 00:00:00-05:00,30.7793458270878,31.455072420778823,29.44140748090265,30.482027053833008,19736300,0.0,0.0
2008-01-22 00:00:00-05:00,28.95489019620362,33.87418268729866,28.76568753113215,32.79301834106445,36857100,0.0,0.0
2008-01-23 00:00:00-05:00,31.752408380043885,35.19861456228587,31.421301062618216,34.935081481933594,27599200,0.0,0.0
2008-01-24 00:00:00-05:00,35.07021949640132,35.19860665144555,33.98905514545954,34.61748123168945,16341300,0.0,0.0
2008-01-25 00:00:00-05:00,34.874255209867215,35.40132120814059,32.482182086223375,33.036277770996094,19071500,0.0,0.0
2008-01-28 00:00:00-05:00,33.01601609922916,33.570111940151925,32.4416466988722,33.50929641723633,12982300,0.0,0.0
2008-01-29 00:00:00-05:00,33.19845924467183,33.92824286671285,32.840322278790424,33.42144775390625,12291100,0.0,0.0
2008-01-30 00:00:00-05:00,33.34036886344413,34.543162047366025,32.732213558262366,32.86060333251953,16018700,0.0,0.0
2008-01-31 00:00:00-05:00,32.347054367530326,33.806624746830224,31.387523158055554,33.34037399291992,22824300,0.0,0.0
2008-02-01 00:00:00-05:00,33.1376533899589,33.41470136263087,32.225420374311675,32.60382843017578,26818300,0.0,0.0
2008-02-04 00:00:00-05:00,32.4821879250006,32.678149320806384,32.076752865403265,32.45515823364258,10749700,0.0,0.0
2008-02-05 00:00:00-05:00,31.691577931092944,31.89429539146076,30.71177386534076,30.786104202270508,13172400,0.0,0.0
2008-02-06 00:00:00-05:00,31.01586142181599,31.292909309126628,30.0090273468423,30.373920440673828,12474000,0.0,0.0
2008-02-07 00:00:00-05:00,30.110391515391395,31.211824503650814,29.98876046748525,30.326623916625977,17074600,0.0,0.0
2008-02-08 00:00:00-05:00,30.11040030532372,30.32663276968163,28.961663727363373,29.18465232849121,17177100,0.0,0.0
2008-02-11 00:00:00-05:00,29.5292723308002,29.5292723308002,28.48189592840641,28.738670349121094,14941100,0.0,0.0
2008-02-12 00:00:00-05:00,28.887325944943672,29.45493666310996,28.556218618640987,28.86029624938965,18691400,0.0,0.0
2008-02-13 00:00:00-05:00,28.71838403051052,29.30626552302818,28.312949051745107,29.2116641998291,19850100,0.0,0.0
2008-02-14 00:00:00-05:00,28.826512042657725,29.55629839756506,28.46837757832012,28.79948234558105,20165600,0.0,0.0
2008-02-15 00:00:00-05:00,28.481881771038264,29.04273359823391,28.27916169649994,28.59675407409668,23014400,0.0,0.0
2008-02-19 00:00:00-05:00,28.90759341052306,29.110313524819272,27.95481866856551,28.035907745361328,17433900,0.0,0.0
2008-02-20 00:00:00-05:00,27.80615400867391,29.5089829797586,27.542618437306,29.42789649963379,19134400,0.0,0.0
2008-02-21 00:00:00-05:00,29.73198379464928,29.92118650302601,29.042742042813728,29.17112922668457,13388700,0.0,0.0
2008-02-22 00:00:00-05:00,29.19815672152109,29.92118424856133,28.569730541541315,29.86036872863769,12847800,0.0,0.0
2008-02-25 00:00:00-05:00,29.69819141763702,30.711781550814443,29.3873577287756,30.596906661987305,14734800,0.0,0.0
2008-02-26 00:00:00-05:00,30.38744229477277,30.887478802959464,29.900918057450543,30.36041259765625,15693400,0.0,0.0
2008-02-27 00:00:00-05:00,30.05632749588648,31.367236548629773,29.94145517816828,31.00234603881836,12172500,0.0,0.0
2008-02-28 00:00:00-05:00,30.691532198784515,30.799651039505008,29.75227168043305,30.00229263305664,10733600,0.0,0.0
2008-02-29 00:00:00-05:00,29.46168610305893,29.73197784178878,28.333223635901888,28.461610794067383,15564300,0.0,0.0
2008-03-03 00:00:00-05:00,28.48189345386709,28.522435423250183,27.74535093697901,28.096729278564453,16895200,0.0,0.0
2008-03-04 00:00:00-05:00,27.77914163594248,28.18457686694469,27.25207532010072,27.941314697265625,13558800,0.0,0.0
2008-03-05 00:00:00-05:00,27.975095409647004,28.691364292321243,27.63047323828663,28.022396087646484,13105900,0.0,0.0
2008-03-06 00:00:00-05:00,27.60344355561013,28.00212254014127,26.73175779086715,26.80608558654785,16193500,0.0,0.0
2008-03-07 00:00:00-05:00,26.42768163590948,27.725076152875705,26.089818158237804,26.934476852416992,17079800,0.0,0.0
2008-03-10 00:00:00-04:00,27.015564001444098,27.502088245609585,25.7992559687242,25.880342483520508,21098300,0.0,0.0
2008-03-11 00:00:00-04:00,27.33991193510064,28.84002659756321,26.79257475218661,28.711639404296875,29294900,0.0,0.0
2008-03-12 00:00:00-04:00,28.650823832754632,29.299521088863084,27.59668885830808,27.71156120300293,16000700,0.0,0.0
2008-03-13 00:00:00-04:00,27.04259916821528,28.39405338405196,26.50201799741948,28.110246658325195,19445600,0.0,0.0
2008-03-14 00:00:00-04:00,28.414301534704627,28.81973902020575,26.022228876632543,26.724985122680664,30910600,0.0,0.0
2008-03-17 00:00:00-04:00,24.16399234412975,25.589776488083206,22.677395254934087,24.58294486999512,49435100,0.0,0.0
2008-03-18 00:00:00-04:00,26.637143760897192,29.333294274655188,25.97493194190408,28.961645126342773,42966900,0.0,0.0
2008-03-19 00:00:00-04:00,30.58339843879701,31.806465058925284,29.110316164470824,29.360334396362305,40282100,0.0,0.0
2008-03-20 00:00:00-04:00,29.31978031120505,33.82011990893659,29.11030668956801,33.5633430480957,44450200,0.0,0.0
2008-03-24 00:00:00-04:00,33.441715992802386,35.00264304227894,32.77274541610326,32.94167709350586,29519000,0.0,0.0
2008-03-25 00:00:00-04:00,33.07006225097635,33.97553609049164,32.62408275256987,33.4146842956543,16657000,0.0,0.0
2008-03-26 00:00:00-04:00,32.9078913990748,33.04303725705089,31.79294129288812,32.2929801940918,15984300,0.0,0.0
2008-03-27 00:00:00-04:00,32.556509507639866,32.988974141969365,30.56311541719056,30.87394905090332,25482100,0.0,0.0
2008-03-28 00:00:00-04:00,30.9482862599876,31.42805165904045,29.894154124343924,30.232017517089844,15430100,0.0,0.0
2008-03-31 00:00:00-04:00,30.13741154912641,31.59022507005645,29.9279379096153,30.88071250915528,15426700,0.0,0.0
2008-04-01 00:00:00-04:00,32.45515116252149,33.2457527074863,32.12404653745105,33.009246826171875,21696300,0.0,0.0
2008-04-02 00:00:00-04:00,33.02952667121468,33.89445614944839,32.88086595050832,33.17142868041992,13723000,0.0,0.0
2008-04-03 00:00:00-04:00,32.921413377260315,33.61741121678617,32.265957499528426,33.0295295715332,11975700,0.0,0.0
2008-04-04 00:00:00-04:00,33.02952866577489,33.110615164832595,32.002423559501786,32.16459655761719,13185300,0.0,0.0
2008-04-07 00:00:00-04:00,32.48218980441793,33.124130834000745,31.77267712022361,32.495704650878906,10753800,0.0,0.0
2008-04-08 00:00:00-04:00,32.394352097516936,32.76600401707759,31.77268448242274,32.17811965942383,11016500,0.0,0.0
2008-04-09 00:00:00-04:00,32.096560321748946,32.67420482738324,31.036414679886946,31.32863426208496,14166000,0.27,0.0
2008-04-10 00:00:00-04:00,31.083994836959626,31.47814994593044,30.05782743678477,30.200538635253903,16609200,0.0,0.0
2008-04-11 00:00:00-04:00,29.813160234678847,30.818937863450888,29.50734885610845,29.65006256103516,14168600,0.0,0.0
2008-04-14 00:00:00-04:00,29.561731844988888,29.799583822876773,28.87535714280375,29.201555252075195,10709500,0.0,0.0
2008-04-15 00:00:00-04:00,29.45978555255949,29.85394311113849,28.902530281210247,29.575315475463867,11955000,0.0,0.0
2008-04-16 00:00:00-04:00,30.37042500139028,30.975253294054937,29.636480052512383,30.866518020629883,14045300,0.0,0.0
2008-04-17 00:00:00-04:00,30.472374835836888,31.885900237187325,30.472374835836888,31.54611015319824,13448600,0.0,0.0
2008-04-18 00:00:00-04:00,32.436355299508456,33.292627609604445,32.33441984799656,32.46353912353516,15776400,0.0,0.0
2008-04-21 00:00:00-04:00,32.44315336072957,32.57906729946799,31.83832492681788,32.07617950439453,11768600,0.0,0.0
2008-04-22 00:00:00-04:00,32.06937789916992,32.348005583592425,31.403389838657404,32.06937789916992,12605200,0.0,0.0
2008-04-23 00:00:00-04:00,31.99464326464716,32.74897525531491,31.88590792286453,32.198516845703125,11054000,0.0,0.0
2008-04-24 00:00:00-04:00,32.490733340004645,34.56345262576296,32.46354950728296,34.244049072265625,17436600,0.0,0.0
2008-04-25 00:00:00-04:00,34.712942525727705,35.03234331580371,33.761529629062146,34.42072296142578,14537000,0.0,0.0
2008-04-28 00:00:00-04:00,34.638202603740005,34.71975149946906,33.8974601038534,33.9178466796875,8131500,0.0,0.0
2008-04-29 00:00:00-04:00,33.80910856382411,34.01298206683606,32.87808459155446,33.272239685058594,11470100,0.0,0.0
2008-04-30 00:00:00-04:00,33.340200520426215,33.713969055615514,32.76255588204972,33.027591705322266,15257100,0.0,0.0
2008-05-01 00:00:00-04:00,33.204278908743625,34.65857968055683,32.80332660874346,34.20326232910156,12492300,0.0,0.0
2008-05-02 00:00:00-04:00,34.82846316838237,34.94399048478831,33.612014759449394,34.189659118652344,13613400,0.0,0.0
2008-05-05 00:00:00-04:00,33.86346880329259,34.25762381054067,32.97321817101057,33.109134674072266,11369600,0.0,0.0
2008-05-06 00:00:00-04:00,32.74896147217731,33.62562035338889,32.22568452585083,33.33340072631836,10489800,0.0,0.0
2008-05-07 00:00:00-04:00,33.48290135164851,33.63240975638984,31.96743851436017,32.08296585083008,11152800,0.0,0.0
2008-05-08 00:00:00-04:00,32.30723550091671,32.30723550091671,30.832545476245315,31.58687973022461,12711400,0.0,0.0
2008-05-09 00:00:00-04:00,31.396599885119173,32.28684812144916,30.982055625885096,31.23349952697754,10807700,0.0,0.0
2008-05-12 00:00:00-04:00,31.53931188745453,32.7081904723482,31.301459892803987,32.38199234008789,10583400,0.0,0.0
2008-05-13 00:00:00-04:00,32.35482378881841,32.55869739367956,31.54612144043844,31.675243377685547,8922500,0.0,0.0
2008-05-14 00:00:00-04:00,31.84510801751661,32.470320153333546,31.437358605452857,31.91306495666504,10480200,0.0,0.0
2008-05-15 00:00:00-04:00,32.00821580991725,32.477127652155126,31.64803925245838,32.422760009765625,8657100,0.0,0.0
2008-05-16 00:00:00-04:00,32.44314495385315,32.5518776321037,31.709197431368285,32.08296585083008,6489100,0.0,0.0
2008-05-19 00:00:00-04:00,32.1509350390735,32.449949345857874,31.24029761342076,31.3966007232666,9152400,0.0,0.0
2008-05-20 00:00:00-04:00,31.151954413158425,31.19952481662353,30.0986056912428,30.4451904296875,12986400,0.0,0.0
2008-05-21 00:00:00-04:00,30.44518798217916,30.499555634564377,28.909338095789693,29.14719009399414,20105800,0.0,0.0
2008-05-22 00:00:00-04:00,28.725845092878785,29.65686890807969,28.71225318265205,29.187959671020508,15192500,0.0,0.0
2008-05-23 00:00:00-04:00,28.990880297023534,29.07922641558177,28.222954234707224,28.426830291748047,10991100,0.0,0.0
2008-05-27 00:00:00-04:00,28.107430352009107,28.875356508949142,27.944330004757603,28.705461502075195,10523100,0.0,0.0
2008-05-28 00:00:00-04:00,28.963699549168386,29.065637588500977,28.379260320764526,29.065637588500977,12121200,0.0,0.0
2008-05-29 00:00:00-04:00,28.956908591671112,30.098603371631672,28.868562452447684,29.752016067504883,10044800,0.0,0.0
2008-05-30 00:00:00-04:00,30.02383707875649,30.24809707447829,29.745209452319507,30.05781555175781,9472200,0.0,0.0
2008-06-02 00:00:00-04:00,30.03743554249858,30.26849283868672,28.746232547495712,29.28989601135254,15502600,0.0,0.0
2008-06-03 00:00:00-04:00,29.52775239537201,29.86754240546284,28.250141231560693,28.98408889770508,16031000,0.0,0.0
2008-06-04 00:00:00-04:00,29.221935978190068,30.01704322441145,29.079224820005454,29.46658515930176,15419000,0.0,0.0
2008-06-05 00:00:00-04:00,29.57531893412417,30.4519776680564,29.405423951225284,30.30246925354004,13548200,0.0,0.0
2008-06-06 00:00:00-04:00,30.010241306529,30.084995492940287,27.638506866019995,27.73365020751953,24261300,0.0,0.0
2008-06-09 00:00:00-04:00,27.82199831096611,28.039463657022587,26.320127454641227,26.76865005493164,22427200,0.0,0.0
2008-06-10 00:00:00-04:00,26.46964576718692,27.088063562755018,25.97355259864481,26.659927368164062,22014900,0.0,0.0
2008-06-11 00:00:00-04:00,26.63954365070346,26.857009101534288,25.07650975070961,25.232812881469727,25041100,0.0,0.0
2008-06-12 00:00:00-04:00,25.660932140215035,27.244354320590897,25.640545575754107,26.082273483276367,25077300,0.0,0.0
2008-06-13 00:00:00-04:00,26.456039923371087,27.896748270141654,26.197798892028384,27.88995361328125,25572100,0.0,0.0
2008-06-16 00:00:00-04:00,28.21616022348158,29.31028437282485,28.04626523364298,28.739437103271484,18126500,0.0,0.0
2008-06-17 00:00:00-04:00,29.28989687595553,29.534546090010828,27.00651026035398,27.584152221679688,25995800,0.0,0.0
2008-06-18 00:00:00-04:00,25.742492789208587,28.33848834955624,25.429883998791624,27.6521110534668,41563300,0.0,0.0
2008-06-19 00:00:00-04:00,27.611327942999853,27.64530641445163,26.224984531681347,27.31231117248535,27248800,0.0,0.0
2008-06-20 00:00:00-04:00,26.99971029363324,27.10844297868047,26.17062194990332,26.286151885986328,23897700,0.0,0.0
2008-06-23 00:00:00-04:00,26.428853285972902,26.428853285972902,25.38229995875508,25.4570541381836,17296300,0.0,0.0
2008-06-24 00:00:00-04:00,25.484243454116527,26.673508148641965,24.913396297048664,26.11625289916992,21551100,0.0,0.0
2008-06-25 00:00:00-04:00,26.496818314343184,26.84340288178495,25.79005467958557,25.94635772705078,23605600,0.0,0.0
2008-06-26 00:00:00-04:00,25.48424604164328,25.9463605772564,24.93378539388282,25.028928756713867,21958700,0.0,0.0
2008-06-27 00:00:00-04:00,25.11047655966414,25.484244967374,24.51244555189349,24.947376251220703,25884800,0.0,0.0
2008-06-30 00:00:00-04:00,24.79787419943471,25.54541112807568,24.27459731242929,24.512449264526367,18433700,0.0,0.0
2008-07-01 00:00:00-04:00,24.125082886287625,25.090084957391348,23.690152229317423,24.87261962890625,24814600,0.0,0.0
2008-07-02 00:00:00-04:00,24.85903727127753,25.158051533528983,24.29498463539437,24.37653350830078,17818800,0.0,0.0
2008-07-03 00:00:00-04:00,24.485263999233783,24.83185121457812,24.138679376281143,24.403715133666992,9268800,0.0,0.0
2008-07-07 00:00:00-04:00,24.478470045319977,24.79787345054024,23.1600858790693,23.832868576049805,22913800,0.0,0.0
2008-07-08 00:00:00-04:00,24.0299538972228,24.913407550892835,23.180478731695366,24.79788017272949,26886100,0.0,0.0
2008-07-09 00:00:00-04:00,24.97588725010907,25.153896683244103,22.867178802949184,23.271120071411133,26145700,0.27,0.0
2008-07-10 00:00:00-04:00,23.086259612484824,23.85306225694387,22.435845512505097,22.942481994628903,29068200,0.0,0.0
2008-07-11 00:00:00-04:00,22.48377145761965,23.55182000170237,22.1688349704716,22.89455795288086,31936400,0.0,0.0
2008-07-14 00:00:00-04:00,23.4970486451396,23.75036691374253,21.62796552697133,21.73750877380371,23739900,0.0,0.0
2008-07-15 00:00:00-04:00,21.51156742889408,22.305757623183684,20.26551249379824,21.224016189575195,36155700,0.0,0.0
2008-07-16 00:00:00-04:00,22.07983142574885,24.03791921967447,21.23771723826586,23.99683952331543,33824200,0.0,0.0
2008-07-17 00:00:00-04:00,24.7157045578418,27.48852126467244,24.633547818975263,26.2356185913086,53727300,0.0,0.0
2008-07-18 00:00:00-04:00,27.00243872931048,27.22837317489588,25.372983043482314,26.406797409057617,21280500,0.0,0.0
2008-07-21 00:00:00-04:00,26.56425616096255,26.8038837547748,24.64724846904665,24.96218490600586,22337200,0.0,0.0
2008-07-22 00:00:00-04:00,24.53771647880348,26.646425121629708,24.2364731331762,26.47526359558105,19000900,0.0,0.0
2008-07-23 00:00:00-04:00,26.612178855124743,27.62545422445304,25.941226351585044,26.7764949798584,20744700,0.0,0.0
2008-07-24 00:00:00-04:00,26.803889454348383,27.06405302974029,25.11965846592452,25.4962158203125,17389700,0.0,0.0
2008-07-25 00:00:00-04:00,25.54414258973687,25.70845616324829,24.599330401036184,25.16073989868164,15356000,0.0,0.0
2008-07-28 00:00:00-04:00,25.06488553285136,25.67421993476169,23.68874588178677,23.93521881103516,18664300,0.0,0.0
2008-07-29 00:00:00-04:00,24.42816315942694,25.092270443101544,23.24372619972903,24.98957252502441,25001500,0.0,0.0
2008-07-30 00:00:00-04:00,25.42090418059736,27.009282533534883,25.3661312524258,26.42733192443848,25573900,0.0,0.0
2008-07-31 00:00:00-04:00,26.085001904747017,27.55014599653586,25.948074844779168,27.02981376647949,17235700,0.0,0.0
2008-08-01 00:00:00-04:00,27.15989844702765,28.570269777549164,26.80388491865964,28.145790100097656,19549100,0.0,0.0
2008-08-04 00:00:00-04:00,27.76923410788903,29.104291305423164,27.45429506043208,28.39910697937012,18233300,0.0,0.0
2008-08-05 00:00:00-04:00,28.69350276728309,29.94640572110505,28.44702988379573,29.576696395874023,20017200,0.0,0.0
2008-08-06 00:00:00-04:00,29.371307356747245,29.782093812928583,28.953672979656808,29.563007354736328,12978600,0.0,0.0
2008-08-07 00:00:00-04:00,29.008447065624274,29.85056123865188,28.93313559611729,29.206995010375977,21930500,0.0,0.0
2008-08-08 00:00:00-04:00,29.19330305737878,31.32939770233607,29.16591659240979,30.83645439147949,23077500,0.0,0.0
2008-08-11 00:00:00-04:00,30.651577974390417,31.89078721405801,30.33664168531972,31.07605743408203,16618300,0.0,0.0
2008-08-12 00:00:00-04:00,30.31612307638861,30.3640480859212,28.28272629727384,29.09745407104492,23164700,0.0,0.0
2008-08-13 00:00:00-04:00,28.850968845832835,28.981053197922087,26.708027113237584,27.488525390625,29494200,0.0,0.0
2008-08-14 00:00:00-04:00,27.433760987818808,28.049943342140697,27.105131269419413,27.82400894165039,14861600,0.0,0.0
2008-08-15 00:00:00-04:00,27.865098142851537,28.33065772235273,27.57070009664585,27.98833465576172,10677700,0.0,0.0
2008-08-18 00:00:00-04:00,28.03624209500829,28.03624209500829,26.899730331085625,27.10512351989746,13122200,0.0,0.0
2008-08-19 00:00:00-04:00,26.701188706893824,26.701188706893824,25.60575636873358,26.07131576538086,17941800,0.0,0.0
2008-08-20 00:00:00-04:00,26.297253820538444,26.413645003345103,24.78418672607318,25.605762481689453,26613500,0.0,0.0
2008-08-21 00:00:00-04:00,25.023811098113327,25.701611795948875,24.92111576382854,25.372982025146484,15685600,0.0,0.0
2008-08-22 00:00:00-04:00,26.037075920688928,26.79018778043705,25.92068740180165,26.625871658325195,15628500,0.0,0.0
2008-08-25 00:00:00-04:00,26.22878398845048,26.482102226834275,25.98231105955091,26.167165756225582,12318000,0.0,0.0
2008-08-26 00:00:00-04:00,26.14662309587393,26.56425746666862,25.859073103225075,26.413637161254883,8475600,0.0,0.0
2008-08-27 00:00:00-04:00,26.44786078620228,26.83810857703995,26.02337862531,26.735410690307617,9599500,0.0,0.0
2008-08-28 00:00:00-04:00,27.043517476106,27.940404692114058,26.803892416574243,27.79662704467773,12267300,0.0,0.0
2008-08-29 00:00:00-04:00,27.440603880467435,28.26902464034416,27.392676273499784,27.95408821105957,10499700,0.0,0.0
2008-09-02 00:00:00-04:00,28.72773352887045,29.45345892583333,27.748689949041225,28.275867462158203,16819100,0.0,0.0
2008-09-03 00:00:00-04:00,28.11840214159295,28.94682291346963,27.88562247055063,28.871511459350582,12350700,0.0,0.0
2008-09-04 00:00:00-04:00,28.34433387881834,29.008438451863626,27.35159706155986,27.618608474731445,18916200,0.0,0.0
2008-09-05 00:00:00-04:00,27.07089838204348,28.419648972737864,27.07089838204348,28.316953659057617,16761700,0.0,0.0
2008-09-08 00:00:00-04:00,30.288737368264208,30.46674416253026,28.515504288942644,29.624629974365234,26428700,0.0,0.0
2008-09-09 00:00:00-04:00,29.17274736191496,29.576688341694155,27.42690172825469,27.65968132019043,27418000,0.0,0.0
2008-09-10 00:00:00-04:00,27.46114595818756,27.755543887950985,26.071315693292792,26.64641571044922,24490000,0.0,0.0
2008-09-11 00:00:00-04:00,24.59247725507474,27.084590300020903,24.393931946896885,26.50263977050781,36335100,0.0,0.0
2008-09-12 00:00:00-04:00,26.00284511880909,27.317366309177817,25.36612436611297,25.48936080932617,31468200,0.0,0.0
2008-09-15 00:00:00-04:00,22.798701111790688,23.96259931515575,21.03916188530082,22.03874397277832,67701700,0.0,0.0
2008-09-16 00:00:00-04:00,16.356183712639684,21.217167955671915,15.890624474453793,19.64933013916016,118926500,0.0,0.0
2008-09-17 00:00:00-04:00,15.63045995027023,17.88294473863438,11.00910186805798,14.891042709350586,329786100,0.0,0.0
2008-09-18 00:00:00-04:00,13.829843475226877,16.924441004905184,8.010354451034935,15.438759803771973,321561400,0.0,0.0
2008-09-19 00:00:00-04:00,18.629199981689453,18.629199981689453,16.979204736415767,18.629199981689453,1209900,0.0,0.0
2008-09-22 00:00:00-04:00,21.059708687923475,21.66904313977524,18.218428376775112,18.54705810546875,56512300,0.0,0.0
2008-09-23 00:00:00-04:00,18.314278500420706,19.21801091281252,17.36262108219879,19.170085906982425,35085000,0.0,0.0
2008-09-24 00:00:00-04:00,19.854728362480863,20.09435465561349,16.294569651003066,16.972370147705078,44652600,0.0,0.0
2008-09-25 00:00:00-04:00,17.211991669795914,19.1290003230592,15.787928733074205,18.553897857666016,34234400,0.0,0.0
2008-09-26 00:00:00-04:00,16.24664537011378,18.553902411335407,16.102870371407885,16.944984436035156,41149700,0.0,0.0
2008-09-29 00:00:00-04:00,16.70536275071262,16.86967764002812,13.104124502103366,14.370719909667969,53602300,0.0,0.0
2008-09-30 00:00:00-04:00,15.06221165864364,17.36262258438396,14.733581899497471,15.74685764312744,38220700,0.0,0.0
2008-10-01 00:00:00-04:00,15.555152917977177,17.02714250951176,14.89789354247566,16.719051361083984,36127100,0.0,0.0
2008-10-02 00:00:00-04:00,16.369883374686577,17.19830559324688,15.815320560982904,15.890630722045898,17881400,0.0,0.0
2008-10-03 00:00:00-04:00,16.70536357474875,18.30058883963304,15.411382941398552,16.376733779907227,30168400,0.0,0.0
2008-10-06 00:00:00-04:00,15.397687419266267,16.705361092925703,13.809309007650109,16.08917999267578,27017800,0.0,0.0
2008-10-07 00:00:00-04:00,16.623203903812158,16.623203903812158,9.674047216663896,12.08400058746338,90486600,0.0,0.0
2008-10-08 00:00:00-04:00,11.632132519722788,13.330053868325976,11.111801531113754,11.502049446105955,40961400,0.0,0.0
2008-10-09 00:00:00-04:00,12.309926852685368,12.529013222899913,8.1815143096139,8.523837089538574,102865400,0.0,0.0
2008-10-10 00:00:00-04:00,6.291896648697484,7.736500171570215,4.59397482921496,6.627373695373535,206852900,0.0,0.0
2008-10-13 00:00:00-04:00,10.564087042615403,13.049351225409753,8.667617479093474,12.392091751098633,199684000,0.0,0.0
2008-10-14 00:00:00-04:00,14.521340856480885,16.568433520725844,14.069474606448232,15.021133422851562,138504900,0.0,0.0
2008-10-15 00:00:00-04:00,14.022957073170888,14.18238731442696,12.206835798582256,12.567286491394045,86911100,0.27,0.0
2008-10-16 00:00:00-04:00,12.89307744632178,13.343641707069835,11.73547315183629,12.955463409423828,63120500,0.0,0.0
2008-10-17 00:00:00-04:00,12.45637320962123,14.043747007292126,12.144444778718285,13.33670711517334,46656900,0.0,0.0
2008-10-20 00:00:00-04:00,13.981367070457656,14.4111369903647,13.218872818955523,13.704096794128418,32972400,0.0,0.0
2008-10-21 00:00:00-04:00,13.960565694967912,14.889421739079086,13.406025365108304,14.002157211303713,40227100,0.0,0.0
2008-10-22 00:00:00-04:00,13.38523074165012,13.995226478335455,12.567282694170745,13.399094581604004,37919600,0.0,0.0
2008-10-23 00:00:00-04:00,13.315913694830748,13.69022946416901,12.054333267141576,12.532625198364258,39650000,0.0,0.0
2008-10-24 00:00:00-04:00,10.79275404195064,11.83945034208148,10.661050844818757,11.451272010803224,42625700,0.0,0.0
2008-10-27 00:00:00-04:00,10.654116293114562,11.312633438313568,9.51730728149414,9.51730728149414,42921500,0.0,0.0
2008-10-28 00:00:00-04:00,10.404578355087937,10.744234646549158,7.035740487991851,10.53628158569336,125704800,0.0,0.0
2008-10-29 00:00:00-04:00,10.397645354888958,11.465137579279466,9.288562919275009,10.231283187866213,62602100,0.0,0.0
2008-10-30 00:00:00-04:00,10.910592055900787,11.298770315955846,10.342187844573749,11.153203964233398,43123400,0.0,0.0
2008-10-31 00:00:00-04:00,10.9868458142712,12.816831022205175,10.84821001034268,12.109790802001951,41919700,0.0,0.0
2008-11-03 00:00:00-05:00,12.393990170165631,13.031712342276176,11.874108007753623,12.477171897888184,26330600,0.0,0.0
2008-11-04 00:00:00-05:00,12.78910091170376,13.343641320862169,12.23455918041673,13.101029396057127,27694700,0.0,0.0
2008-11-05 00:00:00-05:00,13.080235214135396,13.350573503647524,11.714677281283835,11.82558536529541,26645100,0.0,0.0
2008-11-06 00:00:00-05:00,11.54831657606282,12.088994543735664,10.529347271979509,10.667983055114746,34423200,0.0,0.0
2008-11-07 00:00:00-05:00,10.92445750124368,11.555247762336029,10.480824477774693,11.076955795288086,29934700,0.0,0.0
2008-11-10 00:00:00-05:00,11.548317869133005,11.548317869133005,9.80844507440266,10.106511116027832,29810900,0.0,0.0
2008-11-11 00:00:00-05:00,9.75992202758789,10.00946525188952,8.87265656900656,9.75992202758789,46738800,0.0,0.0
2008-11-12 00:00:00-05:00,9.399467456874754,9.669805691223065,8.276521682739258,8.276521682739258,34221200,0.0,0.0
2008-11-13 00:00:00-05:00,8.553794284949452,9.253902395061209,7.465507878879723,9.15685749053955,58075400,0.0,0.0
2008-11-14 00:00:00-05:00,8.782544145261081,9.142995492749508,7.978459709030126,8.338911056518555,34968900,0.0,0.0
2008-11-17 00:00:00-05:00,8.068574237371097,8.560729550717923,7.631872987973386,7.777440071105957,29177800,0.0,0.0
2008-11-18 00:00:00-05:00,7.819028809534975,8.546864087524877,7.631871544374407,8.338911056518555,36864800,0.0,0.0
2008-11-19 00:00:00-05:00,8.165615721966276,8.234933608693076,6.883240106035373,7.105056285858154,38980100,0.0,0.0
2008-11-20 00:00:00-05:00,6.924830296188127,7.715051426916208,6.23858599535457,6.37722110748291,51671600,0.0,0.0
2008-11-21 00:00:00-05:00,6.72381286829407,7.0773330919247135,6.099954194528585,6.966424942016602,49402000,0.0,0.0
2008-11-24 00:00:00-05:00,7.354602006059438,9.44106331029161,7.354602006059438,9.274701118469238,67867800,0.0,0.0
2008-11-25 00:00:00-05:00,9.84310261733635,10.827412945176423,9.309357248614274,9.89162540435791,50141900,0.0,0.0
2008-11-26 00:00:00-05:00,9.392538584361318,10.335258072940633,9.219244516978506,10.051055908203123,27874700,0.0,0.0
2008-11-28 00:00:00-05:00,9.843101977017302,10.38377923172207,9.6975349475509,10.22434902191162,13238700,0.0,0.0
2008-12-01 00:00:00-05:00,9.655942629527496,9.86389491656961,7.867548465728759,7.86754846572876,36151200,0.0,0.0
2008-12-02 00:00:00-05:00,7.978460942561529,8.609251393989677,7.5209646002538415,8.345844268798828,36295600,0.0,0.0
2008-12-03 00:00:00-05:00,7.950731935593701,9.773785589795327,7.742778924117639,9.600491523742676,41063000,0.0,0.0
2008-12-04 00:00:00-05:00,9.24697084730955,10.862071381214989,9.080608713763388,10.35605239868164,45642900,0.0,0.0
2008-12-05 00:00:00-05:00,10.106511058906763,11.021503622919308,9.676741804262551,10.896732330322266,36511300,0.0,0.0
2008-12-08 00:00:00-05:00,11.305705687590246,11.721611754264458,10.612530011574009,11.298773765563965,34955200,0.0,0.0
2008-12-09 00:00:00-05:00,10.799686470486588,11.257182712946404,10.335258306519338,10.376849174499512,28424800,0.0,0.0
2008-12-10 00:00:00-05:00,10.640253918925191,10.744230074576024,9.711397793804464,10.12037181854248,21280200,0.0,0.0
2008-12-11 00:00:00-05:00,9.87083154669885,10.051057565143106,9.392540132743186,9.524243354797363,28285100,0.0,0.0
2008-12-12 00:00:00-05:00,9.0112914347379,9.67674067482266,8.768679477838427,9.600491523742676,21175100,0.0,0.0
2008-12-15 00:00:00-05:00,9.73913166074798,9.912425816059992,9.219249194811947,9.45492935180664,20460200,0.0,0.0
2008-12-16 00:00:00-05:00,9.787647485669062,11.96422090736963,9.60742152199244,11.180931091308594,52570400,0.0,0.0
2008-12-17 00:00:00-05:00,10.758091535276574,12.428645542605382,10.259004644190512,11.437403678894045,65914400,0.0,0.0
2008-12-18 00:00:00-05:00,11.659224931287248,12.255356960957776,11.16013848080678,11.250250816345217,34326400,0.0,0.0
2008-12-19 00:00:00-05:00,11.319567963507431,11.985017842425094,10.709572792053224,10.709572792053224,36407100,0.0,0.0
2008-12-22 00:00:00-05:00,10.827414492580418,10.83434641472623,10.078784088509058,10.106511116027832,19350500,0.0,0.0
2008-12-23 00:00:00-05:00,10.21048436720092,10.460028204160157,9.981736290697816,10.0094633102417,12686200,0.0,0.0
2008-12-24 00:00:00-05:00,9.877761840820312,10.224349975585938,9.85003481648164,10.051055908203123,5255100,0.0,0.0
2008-12-26 00:00:00-05:00,10.265940917121869,10.300599201998407,9.947079804381072,10.15503215789795,4467100,0.0,0.0
2008-12-29 00:00:00-05:00,10.30752921863612,10.37684709770853,9.8223060483221,10.328324317932127,12024200,0.0,0.0
2008-12-30 00:00:00-05:00,10.40457708102971,10.612530116421304,10.141169991008956,10.529348373413086,14039300,0.0,0.0
2008-12-31 00:00:00-05:00,10.508554316685968,11.146276669614652,10.41844130365642,11.118550300598145,15006200,0.0,0.0
2009-01-02 00:00:00-05:00,11.097754612045176,11.811726798629476,10.91752858469004,11.777067184448242,20238000,0.0,0.0
2009-01-05 00:00:00-05:00,11.645355916379271,12.72671139536874,11.63149340161909,12.21376132965088,25421400,0.0,0.0
2009-01-06 00:00:00-05:00,12.525696048643548,13.815004443166009,12.477173917172948,13.572392463684082,38858500,0.0,0.0
2009-01-07 00:00:00-05:00,13.218871170780252,13.433755442876764,12.310810633223808,12.546490669250488,30848100,0.0,0.0
2009-01-08 00:00:00-05:00,12.40785483484353,13.15648514548971,12.234560769211276,13.045577049255373,21116300,0.0,0.0
2009-01-09 00:00:00-05:00,13.149553839389998,13.849662055953209,12.955465322964182,13.211939811706545,35802100,0.0,0.0
2009-01-12 00:00:00-05:00,13.91897986179069,14.522043816324596,12.525695359086502,13.02478313446045,49187500,0.0,0.0
2009-01-13 00:00:00-05:00,12.664333788487172,13.572394548408193,12.380131555823882,13.073307991027832,31384000,0.0,0.0
2009-01-14 00:00:00-05:00,12.650469441868086,12.796035852878584,11.756271241218196,11.91570281982422,39491900,0.0,0.0
2009-01-15 00:00:00-05:00,11.85331683397137,12.199905037759253,10.667985150574234,11.271048545837402,41782400,0.0,0.0
2009-01-16 00:00:00-05:00,11.770135407854635,11.92263506788867,9.73912892718211,10.806620597839355,42343900,0.0,0.0
2009-01-20 00:00:00-05:00,10.36992129080212,10.425375362325283,9.080613136291504,9.080613136291504,32971800,0.0,0.0
2009-01-21 00:00:00-05:00,9.655945075931056,11.77013204430791,9.586627188645362,11.686951637268066,46571000,0.0,0.0
2009-01-22 00:00:00-05:00,11.277979295356143,12.927738392030452,10.855141307640125,12.186039924621582,45770900,0.0,0.0
2009-01-23 00:00:00-05:00,11.617632373296283,13.1634148625874,11.312634498658635,12.969325065612791,39107000,0.0,0.0
2009-01-26 00:00:00-05:00,13.121823412917282,14.348745392480453,12.789099211651203,13.225799560546877,38061400,0.0,0.0
2009-01-27 00:00:00-05:00,13.55852785258686,13.849661947065512,13.24659931558542,13.7179594039917,26110500,0.0,0.0
2009-01-28 00:00:00-05:00,14.807244539992888,16.4587410194184,14.596415772583937,16.1635799407959,61525400,0.27,0.0
2009-01-29 00:00:00-05:00,15.285123128369474,15.959776195463109,14.947796594822655,15.025099754333496,40229200,0.0,0.0
2009-01-30 00:00:00-05:00,14.758051641913246,15.650562705767044,14.020149595984243,14.216922760009766,42330500,0.0,0.0
2009-02-02 00:00:00-05:00,13.77417746261172,15.0391523830856,13.549293151453362,14.617493629455566,31263900,0.0,0.0
2009-02-03 00:00:00-05:00,14.877521597592573,15.235931583073071,14.30125503520235,14.715886116027832,28454000,0.0,0.0
2009-02-04 00:00:00-05:00,14.891580192483376,16.360358110848313,14.74399894985049,15.467846870422363,41346500,0.0,0.0
2009-02-05 00:00:00-05:00,15.235931450889964,17.17556123408905,15.12348926117552,16.29710578918457,54825900,0.0,0.0
2009-02-06 00:00:00-05:00,16.69767369099683,17.11230458033393,15.643527634800687,16.072214126586914,46982500,0.0,0.0
2009-02-09 00:00:00-05:00,15.987886498621796,16.831204124825557,15.186735692019717,16.59226417541504,39662000,0.0,0.0
2009-02-10 00:00:00-05:00,16.360353757629806,16.838232366518998,14.413696280776431,14.61047077178955,45320400,0.0,0.0
2009-02-11 00:00:00-05:00,15.46081310164528,16.19871500896634,14.8002143483493,16.10032844543457,38580200,0.0,0.0
2009-02-12 00:00:00-05:00,15.755974057922998,16.346296117146377,15.29214977430697,16.15654945373535,47102200,0.0,0.0
2009-02-13 00:00:00-05:00,16.05114051038346,16.500909339681947,15.601371681084974,16.114389419555664,36055200,0.0,0.0
2009-02-17 00:00:00-05:00,15.228901059810616,15.502978683134666,13.795261373834109,13.886621475219728,45958500,0.0,0.0
2009-02-18 00:00:00-05:00,14.322329952028737,14.448827688454376,13.226018470366489,14.181777954101562,45579100,0.0,0.0
2009-02-19 00:00:00-05:00,14.589390333745952,14.849412433014816,13.963930393995458,14.006095886230469,35223300,0.0,0.0
2009-02-20 00:00:00-05:00,13.45793909992556,14.104482454772947,12.727064760768457,13.65471363067627,55967800,0.0,0.0
2009-02-23 00:00:00-05:00,14.230974767155498,14.364500337818214,13.197911896237784,13.226021766662598,35410300,0.0,0.0
2009-02-24 00:00:00-05:00,13.464963856235462,15.531091269787906,13.275217173881188,15.510007858276367,49059700,0.0,0.0
2009-02-25 00:00:00-05:00,15.425678006496463,16.107358942908665,14.8986047444123,15.292152404785156,53556300,0.0,0.0
2009-02-26 00:00:00-05:00,15.777060193257018,16.023026643417335,14.870493538380575,14.98996353149414,37805300,0.0,0.0
2009-02-27 00:00:00-05:00,14.273138167199791,14.56127133433537,13.60551309181428,13.732010841369627,51472400,0.0,0.0
2009-03-02 00:00:00-05:00,13.254133635180844,13.394685675111797,12.354594949873952,12.614618301391602,44613200,0.0,0.0
2009-03-03 00:00:00-05:00,12.99411702211567,13.099531441833491,11.785362417878307,12.776260375976562,42542800,0.0,0.0
2009-03-04 00:00:00-05:00,13.24710989501284,14.23800764316255,12.99411426896039,13.63362979888916,46266800,0.0,0.0
2009-03-05 00:00:00-05:00,13.25413448414539,13.35252105244063,12.178904674741032,12.635701179504396,46527200,0.0,0.0
2009-03-06 00:00:00-05:00,13.008164495473943,13.591458682685923,11.736161767296732,12.073488235473633,55553300,0.0,0.0
2009-03-09 00:00:00-04:00,11.708053155247256,12.502177566540958,11.328561129470362,11.581555366516112,44525700,0.0,0.0
2009-03-10 00:00:00-04:00,12.509203857837438,14.7018290380304,12.30540291023261,14.645607948303224,62401400,0.0,0.0
2009-03-11 00:00:00-04:00,15.8121898810877,16.746865940442024,15.3132280882397,15.819217681884766,71167200,0.0,0.0
2009-03-12 00:00:00-04:00,15.805162530938007,17.154469492879805,15.390531655000643,16.992834091186523,56081300,0.0,0.0
2009-03-13 00:00:00-04:00,17.365299227353606,18.15942336341563,16.690646375167596,17.87129020690918,67132800,0.0,0.0
2009-03-16 00:00:00-04:00,18.208627566241823,18.447567596631544,16.10736193227553,16.191694259643555,61403100,0.0,0.0
2009-03-17 00:00:00-04:00,15.706785098244806,16.831208441418017,15.299181787141404,16.732820510864258,60579600,0.0,0.0
2009-03-18 00:00:00-04:00,16.001944852155162,17.39341796788605,15.531092675771482,16.99987030029297,65672100,0.0,0.0
2009-03-19 00:00:00-04:00,17.189610700791395,17.428550622293912,14.76507515436823,14.786158561706545,66302600,0.0,0.0
2009-03-20 00:00:00-04:00,15.137538762337424,15.524058465976731,14.062309249055287,14.223944664001465,57591100,0.0,0.0
2009-03-23 00:00:00-04:00,15.552167601044872,17.35124450688185,15.01104030946112,17.16852569580078,64736900,0.0,0.0
2009-03-24 00:00:00-04:00,16.732825473963935,19.16439179208591,16.55010650921581,17.6534481048584,82414600,0.0,0.0
2009-03-25 00:00:00-04:00,18.096183594858243,18.798948006309047,16.767959286149576,18.20862579345703,74566200,0.0,0.0
2009-03-26 00:00:00-04:00,18.524867042798984,18.609198006644643,17.590190594274468,18.025903701782227,54488400,0.0,0.0
2009-03-27 00:00:00-04:00,17.64640945392717,18.187536868075963,17.020948405755707,17.112308502197266,45526800,0.0,0.0
2009-03-30 00:00:00-04:00,15.980858313272794,16.325212622621603,15.320259566554476,15.55217170715332,44639500,0.0,0.0
2009-03-31 00:00:00-04:00,15.952750301245263,16.27602123898789,15.228902582658703,16.001943588256836,54515100,0.0,0.0
2009-04-01 00:00:00-04:00,15.59434120027831,17.006897695430823,15.467843403635303,16.676597595214844,46279700,0.0,0.0
2009-04-02 00:00:00-04:00,17.533973369118307,17.56911105506171,16.12844448471337,16.240886688232422,67785600,0.0,0.0
2009-04-03 00:00:00-04:00,15.882471297747934,16.97878308200113,15.510005786626266,16.908506393432617,52638500,0.0,0.0
2009-04-06 00:00:00-04:00,16.219801816141448,16.514962908982483,15.917612918659357,16.381437301635742,35212900,0.0,0.0
2009-04-07 00:00:00-04:00,15.748952206269337,17.196646688864945,15.741924400477984,16.38846778869629,45463000,0.0,0.0
2009-04-08 00:00:00-04:00,16.704707981650568,16.71173578560529,15.545147137452917,15.945722579956056,37673700,0.0,0.0
2009-04-09 00:00:00-04:00,16.93661956303245,17.829130528076206,16.339269651766298,17.815074920654297,53190900,0.0,0.0
2009-04-13 00:00:00-04:00,17.266916564555583,19.22060156666924,17.21772328392527,18.897329330444336,45126500,0.0,0.0
2009-04-14 00:00:00-04:00,17.948597617250606,18.250785085614,16.55712353634846,16.634428024291992,48230500,0.0,0.0
2009-04-15 00:00:00-04:00,16.465762740703806,16.676591430225415,15.474865487203228,16.47981834411621,52402900,0.0,0.0
2009-04-16 00:00:00-04:00,16.57117732957257,17.140415871999192,16.297099761073852,16.84525489807129,40052600,0.0,0.0
2009-04-17 00:00:00-04:00,16.774982185394766,18.19456486266223,16.564152119365172,17.56910514831543,51614300,0.0,0.0
2009-04-20 00:00:00-04:00,16.992834938331637,17.70965459081488,16.521982971357275,16.529010772705078,45375900,0.0,0.0
2009-04-21 00:00:00-04:00,16.205745665348633,17.64641339862567,15.903556777964104,17.32314109802246,50197600,0.0,0.0
2009-04-22 00:00:00-04:00,15.9176137200066,17.252865839445146,15.643536027290727,15.770033836364746,104008800,0.0,0.0
2009-04-23 00:00:00-04:00,15.959773271938932,16.135464310196735,14.87048937090706,15.432700157165527,62367200,0.0,0.0
2009-04-24 00:00:00-04:00,15.706779088330745,15.903552193313086,14.982931528158751,15.432700157165527,53830900,0.0,0.0
2009-04-27 00:00:00-04:00,15.179707227205274,15.657587105199806,14.870490599017687,14.940767288208008,33354300,0.0,0.0
2009-04-28 00:00:00-04:00,14.713059493433049,15.354596693030071,14.586161788958174,14.861105918884276,27676600,0.067,0.0
2009-04-29 00:00:00-04:00,15.121948312886028,16.390922413488056,14.988000613433998,16.26402473449707,47127600,0.0,0.0
2009-04-30 00:00:00-04:00,16.764567714405096,17.243957069194398,16.553071105716132,16.665868759155273,48998400,0.0,0.0
2009-05-01 00:00:00-04:00,16.736370529414906,18.66803236016756,16.70112176085125,18.202741622924805,59562100,0.0,0.0
2009-05-04 00:00:00-04:00,18.4988410318934,19.196777333237563,18.089949016621432,19.048730850219727,45301100,0.0,0.0
2009-05-05 00:00:00-04:00,18.9147670709246,19.58450405188984,18.724420601220345,19.182661056518555,26135900,0.0,0.0
2009-05-06 00:00:00-04:00,19.401217453316747,20.47984530675756,18.90772665413892,20.09915351867676,45925100,0.0,0.0
2009-05-07 00:00:00-04:00,20.261289658937564,20.43048607227889,18.477675283235666,19.1333122253418,42149000,0.0,0.0
2009-05-08 00:00:00-04:00,17.61760332346203,19.8806095123291,17.434306767303454,19.8806095123291,150072600,0.0,0.0
2009-05-11 00:00:00-04:00,19.499916324657004,19.697312925906253,18.343739497214788,18.37898826599121,48442400,0.0,0.0
2009-05-12 00:00:00-04:00,18.773780776819123,19.09102508545858,17.65285402381995,18.62573432922364,41782000,0.0,0.0
2009-05-13 00:00:00-04:00,18.07584994208799,18.576390959732343,17.54711016910503,17.695158004760742,32058300,0.0,0.0
2009-05-14 00:00:00-04:00,17.77974818235971,18.872477396486683,17.518904089744304,18.73147964477539,31546600,0.0,0.0
2009-05-15 00:00:00-04:00,18.74558380627404,19.09102689472234,18.30849175568679,18.421289443969727,28703200,0.0,0.0
2009-05-18 00:00:00-04:00,19.00642146200414,19.958152808273283,18.816076268473555,19.93700408935547,35991500,0.0,0.0
2009-05-19 00:00:00-04:00,20.08505505806706,21.050886665882512,19.07692465816355,20.381149291992188,41899400,0.0,0.0
2009-05-20 00:00:00-04:00,20.797093834195817,20.881692773643927,19.57746797612786,19.739614486694336,36005400,0.0,0.0
2009-05-21 00:00:00-04:00,19.485812481150376,20.19784849781111,19.408264936026782,19.803056716918945,28180900,0.0,0.0
2009-05-22 00:00:00-04:00,20.03570209525056,20.50804276718525,19.80305676994864,19.90175437927246,18412800,0.0,0.0
2009-05-26 00:00:00-04:00,19.781909029301858,20.48689510933768,19.7043614748628,20.458696365356445,23546600,0.0,0.0
2009-05-27 00:00:00-04:00,20.47984585757612,21.31172967845632,20.162602916418702,20.169652938842773,35960500,0.0,0.0
2009-05-28 00:00:00-04:00,20.42344363015651,20.825286773649776,20.03570187382319,20.747737884521484,21050600,0.0,0.0
2009-05-29 00:00:00-04:00,21.21303469613234,21.396331268026785,20.84644155234345,21.37518119812012,29253100,0.0,0.0
2009-06-01 00:00:00-04:00,21.621928411370728,22.066069158662344,20.91694215908561,21.07203865051269,31242100,0.0,0.0
2009-06-02 00:00:00-04:00,19.92995549527024,21.39632639156936,19.880606688056268,21.213029861450195,67635700,0.0,0.0
2009-06-03 00:00:00-04:00,21.07202276671604,21.269419252636805,20.51508474644328,20.95217514038086,27895900,0.0,0.0
2009-06-04 00:00:00-04:00,21.06498452064053,22.200012595869143,21.06498452064053,21.995567321777344,28273400,0.0,0.0
2009-06-05 00:00:00-04:00,22.40445561454471,22.552502029444245,21.8122672656384,21.833415985107425,20837800,0.0,0.0
2009-06-08 00:00:00-04:00,21.62192328953422,22.32690937482108,21.452726790423885,22.129512786865234,17866800,0.0,0.0
2009-06-09 00:00:00-04:00,22.298704220719767,22.39035314399495,21.50912073756247,21.840463638305664,28935100,0.0,0.0
2009-06-10 00:00:00-04:00,21.97441475948312,21.99556482460356,20.1837495855772,20.627891540527344,54484000,0.0,0.0
2009-06-11 00:00:00-04:00,20.853487916432027,21.255329761565392,20.444596049233528,20.7900390625,29085000,0.0,0.0
2009-06-12 00:00:00-04:00,20.66313820861928,21.08613005554644,20.37409407122741,20.93808364868164,15945200,0.0,0.0
2009-06-15 00:00:00-04:00,20.65608190634408,20.76183084440931,19.845348563983453,20.021595001220703,23275200,0.0,0.0
2009-06-16 00:00:00-04:00,20.24719488197703,20.3599925201766,19.605657810471776,19.810104370117188,24482200,0.0,0.0
2009-06-17 00:00:00-04:00,19.71140351716724,19.831251164216702,19.062817832727543,19.373010635375977,24421700,0.0,0.0
2009-06-18 00:00:00-04:00,19.41531635245301,20.37409646065701,19.380066243360183,19.76075935363769,23203700,0.0,0.0
2009-06-19 00:00:00-04:00,19.9299545288086,20.00045339769021,19.485812596112257,19.9299545288086,32327600,0.0,0.0
2009-06-22 00:00:00-04:00,19.63385881313312,19.76780651902217,18.773775100708008,18.773775100708008,27695300,0.0,0.0
2009-06-23 00:00:00-04:00,18.87952524855234,19.640910062041574,18.421283280487422,19.528112411499023,31675700,0.0,0.0
2009-06-24 00:00:00-04:00,19.725508028469434,20.0709510083576,19.21791859071309,19.492862701416016,22642900,0.0,0.0
2009-06-25 00:00:00-04:00,19.32366639947566,20.01455236559148,19.119221156082,19.6479606628418,22530800,0.0,0.0
2009-06-26 00:00:00-04:00,19.60567021146852,20.317706593389897,19.591571506266284,20.17671012878418,30089800,0.0,0.0
2009-06-29 00:00:00-04:00,20.282445638016423,20.649038646307087,19.95110138855396,20.51509094238281,18546300,0.0,0.0
2009-06-30 00:00:00-04:00,20.352948940500127,20.571494251151226,19.880608208025663,20.09915351867676,17694900,0.0,0.0
2009-07-01 00:00:00-04:00,20.148502754239864,20.381148114262253,19.690262056578103,19.993406295776367,13111500,0.0,0.0
2009-07-02 00:00:00-04:00,19.65501961430456,19.774867352273382,18.9711833121617,19.0275821685791,19930300,0.0,0.0
2009-07-06 00:00:00-04:00,18.75263035348003,18.95002559905445,18.505884951857738,18.92887687683105,22724600,0.0,0.0
2009-07-07 00:00:00-04:00,18.964126244521125,19.260220466918817,18.414237934821347,18.435386657714844,19928100,0.0,0.0
2009-07-08 00:00:00-04:00,18.569334599975264,18.61163339088072,17.518905437351993,17.97714614868164,33320100,0.0,0.0
2009-07-09 00:00:00-04:00,18.308493582323205,18.675086778144955,18.125196984412327,18.24504470825196,20602200,0.0,0.0
2009-07-10 00:00:00-04:00,18.082889773746302,18.43538275703436,17.864344500610837,18.287336349487305,17073400,0.0,0.0
2009-07-13 00:00:00-04:00,18.81607830389381,19.69731087823769,18.541132826333666,19.67616081237793,31765500,0.0,0.0
2009-07-14 00:00:00-04:00,19.71846290163663,19.9934084252411,19.246122108900607,19.655014038085938,21765200,0.0,0.0
2009-07-15 00:00:00-04:00,20.06390303107328,20.677241507421112,19.70436131644142,20.303598403930664,31602500,0.0,0.0
2009-07-16 00:00:00-04:00,20.106206387832053,20.24015279528997,19.68321440645133,20.1344051361084,21801000,0.0,0.0
2009-07-17 00:00:00-04:00,20.127354903134748,20.14850497261244,19.401219998241555,19.732563018798828,22092800,0.0,0.0
2009-07-20 00:00:00-04:00,20.05685416507477,20.303598213060525,19.78190868429117,19.979305267333984,19654500,0.0,0.0
2009-07-21 00:00:00-04:00,20.014553104440925,20.0216031261498,19.126270538934484,19.429414749145508,25383700,0.0,0.0
2009-07-22 00:00:00-04:00,18.57638553796676,19.732562407154347,18.24504118302564,19.415319442749023,50806600,0.0,0.0
2009-07-23 00:00:00-04:00,19.42942038566092,20.21195554185757,19.147426158769417,20.12030792236328,31300100,0.0,0.0
2009-07-24 00:00:00-04:00,19.929957359773468,20.014554938724867,19.41531782974726,19.91585731506348,14741200,0.0,0.0
2009-07-27 00:00:00-04:00,19.9722531295142,20.218998496014905,19.61271011169672,19.77485656738281,15635200,0.0,0.0
2009-07-28 00:00:00-04:00,19.48581114341588,19.68320769263738,19.27431589719239,19.337764739990234,18936100,0.0,0.0
2009-07-29 00:00:00-04:00,18.97050302025168,19.210636072187235,18.673868152984788,19.1823844909668,22644200,0.05,0.0
2009-07-30 00:00:00-04:00,19.429584022713183,20.241798273110167,19.373082196958,20.029916763305664,24374900,0.0,0.0
2009-07-31 00:00:00-04:00,20.058164199979124,20.361861976144915,19.909847433261653,20.12879180908203,20850300,0.0,0.0
2009-08-03 00:00:00-04:00,20.432485363955053,20.72912018321569,20.31948175158045,20.700868606567383,17579900,0.0,0.0
2009-08-04 00:00:00-04:00,20.60905380017316,21.258825248775302,20.510175975530217,21.23763656616211,20979900,0.0,0.0
2009-08-05 00:00:00-04:00,21.13876497230422,22.08517152090385,20.84919296011729,21.92979049682617,27668600,0.0,0.0
2009-08-06 00:00:00-04:00,22.37474422686852,22.60075152659693,21.350647134475693,21.5766544342041,25779800,0.0,0.0
2009-08-07 00:00:00-04:00,21.845045148505804,22.54425593039085,21.576660395594285,22.049863815307617,21656400,0.0,0.0
2009-08-10 00:00:00-04:00,22.0145413984037,22.14873371834249,21.45658477931211,21.7744083404541,14104800,0.0,0.0
2009-08-11 00:00:00-04:00,21.57665797070053,21.717913229737945,21.11051750183105,21.11051750183105,17328200,0.0,0.0
2009-08-12 00:00:00-04:00,21.02575931383407,21.35064442925179,20.912755678287944,21.174076080322266,17797500,0.0,0.0
2009-08-13 00:00:00-04:00,21.4848390970822,21.49190199346357,20.700875111176394,21.103450775146484,17862900,0.0,0.0
2009-08-14 00:00:00-04:00,21.09638638358958,21.13169951362902,20.66555919213871,21.039884567260746,12448700,0.0,0.0
2009-08-17 00:00:00-04:00,20.42543255419516,20.62318964704158,20.13586048612968,20.15704917907715,17527800,0.0,0.0
2009-08-18 00:00:00-04:00,20.37598080598324,20.510173082721344,20.135847825339955,20.32654190063477,12071000,0.0,0.0
2009-08-19 00:00:00-04:00,19.952225531174765,20.48193063377232,19.8462847800772,20.36186408996582,12720500,0.0,0.0
2009-08-20 00:00:00-04:00,20.34067665825794,20.799755519908164,20.28417483103928,20.73619079589844,12759800,0.0,0.0
2009-08-21 00:00:00-04:00,21.089321966813788,21.152886673986984,20.48192647476303,20.96925544738769,24292800,0.0,0.0
2009-08-24 00:00:00-04:00,21.131699845053827,21.5342754610994,20.870378098490963,20.94100570678711,16284300,0.0,0.0
2009-08-25 00:00:00-04:00,21.138765961350984,21.576654774707706,21.13170306473429,21.322397232055664,15308300,0.0,0.0
2009-08-26 00:00:00-04:00,21.25882826733564,21.25882826733564,20.736186145983595,20.85625267028809,15137800,0.0,0.0
2009-08-27 00:00:00-04:00,20.89156976562188,21.0752010345459,20.62318643233894,21.0752010345459,14029900,0.0,0.0
2009-08-28 00:00:00-04:00,21.280015571582755,21.32945583795401,20.70087163661464,20.84212684631348,14227800,0.0,0.0
2009-08-31 00:00:00-04:00,20.22766707378885,20.474863000567662,19.923969336355697,20.45367431640625,19548500,0.0,0.0
2009-09-01 00:00:00-04:00,20.361857804384822,20.361857804384822,19.373075520855707,19.3872013092041,30633700,0.0,0.0
2009-09-02 00:00:00-04:00,19.37308100319297,19.754467966762057,19.076446099479373,19.13294792175293,20699700,0.0,0.0
2009-09-03 00:00:00-04:00,19.380140886358245,19.549646326826103,19.203572550815537,19.52845764160156,13078500,0.0,0.0
2009-09-04 00:00:00-04:00,19.61321103539024,19.810966709048,19.32363907286896,19.52845764160156,17888300,0.0,0.0
2009-09-08 00:00:00-04:00,19.89572502271159,19.91691371317573,19.570838504477155,19.63440322875977,14565500,0.0,0.0
2009-09-09 00:00:00-04:00,20.100539749696384,20.37598728395157,19.705027034057373,20.16410446166992,25821800,0.0,0.0
2009-09-10 00:00:00-04:00,20.192348016691227,20.312414497456203,19.86040014498053,20.2276611328125,23204400,0.0,0.0
2009-09-11 00:00:00-04:00,20.446613651501785,20.75737294996187,20.13585300593222,20.35479736328125,22971700,0.0,0.0
2009-09-14 00:00:00-04:00,20.15704402270596,20.326549481594576,19.75446704234713,20.305360794067383,20470200,0.0,0.0
2009-09-15 00:00:00-04:00,20.375990303823915,20.85625648897649,20.14998300424853,20.29829978942871,23185200,0.0,0.0
2009-09-16 00:00:00-04:00,20.37599240545193,21.315336183141884,20.23473715509304,21.29414749145508,34744300,0.0,0.0
2009-09-17 00:00:00-04:00,21.223517033519567,22.035732594009943,21.181141002911893,21.92979049682617,33722800,0.0,0.0
2009-09-18 00:00:00-04:00,21.852095872024528,22.27586011355049,21.78853116844016,22.16285514831543,24929000,0.0,0.0
2009-09-21 00:00:00-04:00,21.852097035414538,22.558370359856163,21.823845455824333,22.325300216674805,21618800,0.0,0.0
2009-09-22 00:00:00-04:00,22.55837263959884,23.29289627075196,22.49480792620649,23.29289627075196,25295300,0.0,0.0
2009-09-23 00:00:00-04:00,23.41296694299409,23.540096384949603,22.530123745759663,22.621938705444336,21635200,0.0,0.0
2009-09-24 00:00:00-04:00,22.530115114930943,22.74905943269801,21.640210709256376,21.70377540588379,21999200,0.0,0.0
2009-09-25 00:00:00-04:00,21.72497256659447,21.845039112963907,21.188204556184623,21.5766544342041,17135800,0.0,0.0
2009-09-28 00:00:00-04:00,21.79560059587005,22.08517262250069,21.68259694387321,22.07104682922364,15414900,0.0,0.0
2009-09-29 00:00:00-04:00,22.02866402027926,22.28292148550528,21.866220141781984,21.95803642272949,12583000,0.0,0.0
2009-09-30 00:00:00-04:00,21.85915934866066,22.13460550678851,21.58371184342339,21.80971908569336,15944900,0.0,0.0
2009-10-01 00:00:00-04:00,21.661404107641857,21.816783762618083,21.01163255948109,21.096385955810547,18988600,0.0,0.0
2009-10-02 00:00:00-04:00,20.679680423302635,21.11756906652298,20.305355130716187,20.806808471679688,19867900,0.0,0.0
2009-10-05 00:00:00-04:00,21.11757706672536,21.15995309890481,20.75031452887732,21.0752010345459,15973700,0.0,0.0
2009-10-06 00:00:00-04:00,21.22350951466117,22.028661893623767,21.188196392850124,21.746152877807617,19452500,0.0,0.0
2009-10-07 00:00:00-04:00,21.56252333366169,22.021600687942943,21.55546043933621,22.007474899291992,10727200,0.0,0.0
2009-10-08 00:00:00-04:00,22.311180314052656,22.671378619105827,22.169925073048024,22.55837631225586,18940500,0.0,0.0
2009-10-09 00:00:00-04:00,22.565438320822725,22.77025827750658,22.49481070310037,22.664316177368164,11635400,0.0,0.0
2009-10-12 00:00:00-04:00,22.530121743837388,22.720814542716823,22.21229951429857,22.43124389648437,11137800,0.0,0.0
2009-10-13 00:00:00-04:00,22.176987979252203,22.233489806256152,21.9086046377609,21.99335670471192,14181500,0.0,0.0
2009-10-14 00:00:00-04:00,22.643131166470724,23.27171419999103,22.417122497066327,23.186962127685547,23639100,0.0,0.0
2009-10-15 00:00:00-04:00,22.59368698184873,23.12339340422025,22.53718516103853,23.102203369140625,16682300,0.0,0.0
2009-10-16 00:00:00-04:00,22.410056915072683,23.3494019248768,22.38886957308956,23.299962997436523,28616000,0.0,0.0
2009-10-19 00:00:00-04:00,23.39883801025111,23.653096860043743,23.00332394454933,23.38471221923828,17683600,0.0,0.0
2009-10-20 00:00:00-04:00,23.33527241856876,23.709596436537808,22.72787689899848,22.96800994873047,15467800,0.0,0.0
2009-10-21 00:00:00-04:00,23.79435052654373,24.719569675755228,23.71666271356413,24.069799423217773,48856600,0.0,0.0
2009-10-22 00:00:00-04:00,24.11923202344092,25.242206573486328,23.780218500143167,25.242206573486328,29312800,0.0,0.0
2009-10-23 00:00:00-04:00,25.206890079057693,25.263393229495183,24.5500557734236,24.71956253051757,27242900,0.0,0.0
2009-10-26 00:00:00-04:00,24.740758306469385,25.270463398575146,24.40881161415232,24.57831573486328,23857700,0.0,0.0
2009-10-27 00:00:00-04:00,24.50768766813826,24.719569150585144,23.857914735186025,24.09098625183105,16450100,0.0,0.0
2009-10-28 00:00:00-04:00,24.055624474486507,24.190015171495464,22.74002945395753,22.85319900512696,25572500,0.05,0.0
2009-10-29 00:00:00-04:00,23.383678949242764,23.892940518721417,23.15026526051016,23.815135955810547,17561000,0.0,0.0
2009-10-30 00:00:00-04:00,23.440262118521787,23.6807477203256,22.42173629226865,22.71880531311035,21658800,0.0,0.0
2009-11-02 00:00:00-05:00,22.72588294360796,23.058316982749275,21.87003669438176,22.61978530883789,20535800,0.0,0.0
2009-11-03 00:00:00-05:00,22.16710071006519,22.846117821854147,22.10344268719909,22.732948303222656,14666300,0.0,0.0
2009-11-04 00:00:00-05:00,23.15733510275193,23.21391851073516,22.13880677731333,22.266122817993164,20014400,0.0,0.0
2009-11-05 00:00:00-05:00,22.48539431739972,22.966365520843794,22.1034461208692,22.930997848510746,14849800,0.0,0.0
2009-11-06 00:00:00-05:00,22.584418659377853,23.07246180723418,22.499540827657807,23.05831527709961,13185200,0.0,0.0
2009-11-09 00:00:00-05:00,23.24221161896184,24.090984326116576,23.21391856581607,24.01317977905273,15284700,0.0,0.0
2009-11-10 00:00:00-05:00,23.91415976609317,24.01318276624759,23.624162680709063,23.836355209350582,10168300,0.0,0.0
2009-11-11 00:00:00-05:00,24.04148460089345,24.36684677681769,23.62417130632093,23.871728897094727,12927000,0.0,0.0
2009-11-12 00:00:00-05:00,23.79391863314687,23.871723199728013,23.29880087159164,23.348312377929688,12712800,0.0,0.0
2009-11-13 00:00:00-05:00,23.43319074908496,23.482702253712475,23.129047107416124,23.404897689819336,10350000,0.0,0.0
2009-11-16 00:00:00-05:00,23.574657295348715,24.43757416206802,23.50392463533888,24.21123504638672,22738800,0.0,0.0
2009-11-17 00:00:00-05:00,24.119271290333305,24.140492426296337,23.51098692225789,23.673667907714844,14252100,0.0,0.0
2009-11-18 00:00:00-05:00,23.66660202192485,23.80806462174799,23.24928883644266,23.57465362548828,10918800,0.0,0.0
2009-11-19 00:00:00-05:00,23.34831410513386,23.40490022980604,22.754173286950643,22.85319900512696,12113700,0.0,0.0
2009-11-20 00:00:00-05:00,22.93099565169232,23.19977428626164,22.676366243240366,22.70465660095215,11891700,0.0,0.0
2009-11-23 00:00:00-05:00,23.02295628470301,23.362465001649525,22.93807978001024,23.07246780395508,9534600,0.0,0.0
2009-11-24 00:00:00-05:00,23.08660698046763,23.09368159420648,22.64807536476935,22.71880531311035,9689400,0.0,0.0
2009-11-25 00:00:00-05:00,22.768317947303345,22.768317947303345,22.11759375609125,22.223690032958984,15018400,0.0,0.0
2009-11-27 00:00:00-05:00,21.45979715878219,21.898328841379225,21.21223825456129,21.580039978027344,11230300,0.0,0.0
2009-11-30 00:00:00-05:00,21.71442814630199,22.40051869575974,21.594185333604507,22.33686065673828,15312500,0.0,0.0
2009-12-01 00:00:00-05:00,22.471251656413767,22.6127129264868,22.209546215693,22.29442405700684,11797300,0.0,0.0
2009-12-02 00:00:00-05:00,22.174184427940983,22.223695947049265,21.5871167673513,21.643701553344727,17240500,0.0,0.0
2009-12-03 00:00:00-05:00,21.862951073801824,22.138801530508,21.33246859608275,21.36076164245605,14732500,0.0,0.0
2009-12-04 00:00:00-05:00,21.820522842707035,21.9549121763299,21.40320966126288,21.90539932250977,16323300,0.0,0.0
2009-12-07 00:00:00-05:00,21.77808130354913,22.05393184474918,21.37491336375821,21.488082885742188,10393800,0.0,0.0
2009-12-08 00:00:00-05:00,21.28296307379529,21.629544894399874,21.155647027637063,21.325401306152344,14017900,0.0,0.0
2009-12-09 00:00:00-05:00,21.438564863727628,21.59417392091164,21.099056401104395,21.46685791015625,11713800,0.0,0.0
2009-12-10 00:00:00-05:00,21.52345111497042,21.55174282343404,21.155649461332747,21.381988525390625,11937000,0.0,0.0
2009-12-11 00:00:00-05:00,21.360773949632893,21.466870236487573,20.99297222938836,21.063703536987305,10847300,0.0,0.0
2009-12-14 00:00:00-05:00,21.21222258330207,21.45270804412547,20.91515238752531,21.33953857421875,14433400,0.0,0.0
2009-12-15 00:00:00-05:00,21.18394388479979,21.31833186956981,20.9576034570605,21.11321258544922,15755400,0.0,0.0
2009-12-16 00:00:00-05:00,21.282957961808947,21.53758999296495,21.191006906519608,21.45978546142578,13069200,0.0,0.0
2009-12-17 00:00:00-05:00,21.212235338412228,21.36077120015982,20.54736329110177,20.59687614440918,23281100,0.0,0.0
2009-12-18 00:00:00-05:00,20.681751791101384,20.759556351223434,20.377608164174013,20.660531997680664,19833000,0.0,0.0
2009-12-21 00:00:00-05:00,20.80198946506232,21.06369478977263,20.75247797503016,20.978816986083984,9592000,0.0,0.0
2009-12-22 00:00:00-05:00,21.099067161065896,21.19809017589176,20.780776971857915,20.93638610839844,9659400,0.0,0.0
2009-12-23 00:00:00-05:00,20.985898998857923,21.042483775214325,20.72419356502987,20.80199813842773,7246600,0.0,0.0
2009-12-24 00:00:00-05:00,20.86565480534251,20.95760455495404,20.830289828358243,20.93638610839844,2652800,0.0,0.0
2009-12-28 00:00:00-05:00,20.943458295779696,21.014188246108187,20.68882615751769,20.717119216918945,8606900,0.0,0.0
2009-12-29 00:00:00-05:00,20.87272207020342,20.95759853020089,20.618089992037,20.816137313842773,7715000,0.0,0.0
2009-12-30 00:00:00-05:00,20.67467691356848,20.90101596271459,20.65345847089049,20.858577728271484,6140900,0.0,0.0
2009-12-31 00:00:00-05:00,20.85858154012817,21.056628918867297,20.82321656314391,20.93638610839844,9876900,0.0,0.0
2010-01-04 00:00:00-05:00,21.714430091827072,22.612713285780604,21.664917229972907,21.86296463012696,20371000,0.0,0.0
2010-01-05 00:00:00-05:00,21.933699222170127,22.72588759221224,21.8771144349591,22.662229537963867,22523400,0.0,0.0
2010-01-06 00:00:00-05:00,22.612709051412427,23.05124201639,22.485394334890508,22.95221900939941,17028500,0.0,0.0
2010-01-07 00:00:00-05:00,22.95928687309344,23.532209067225104,22.82489891563376,23.284648895263672,18693000,0.0,0.0
2010-01-08 00:00:00-05:00,23.05831227569557,23.21392138874611,22.61978069130469,22.810754776000977,15993400,0.0,0.0
2010-01-11 00:00:00-05:00,22.909787138832268,22.95929865900595,22.464182108181404,22.662229537963867,10088500,0.0,0.0
2010-01-12 00:00:00-05:00,22.37221929680728,22.53490165549292,21.919541235633066,22.018564224243164,14813400,0.0,0.0
2010-01-13 00:00:00-05:00,21.99027660818999,22.63392885199152,21.72149794758371,22.110519409179688,18715500,0.0,0.0
2010-01-14 00:00:00-05:00,21.997343901773448,22.13880510924705,21.46686133830184,22.06807518005371,24690000,0.0,0.0
2010-01-15 00:00:00-05:00,21.90539600396576,21.990273819997302,21.20515908078225,21.488082885742188,27908700,0.0,0.0
2010-01-19 00:00:00-05:00,21.55881610639939,22.11051858733132,21.45271983866673,22.03978729248047,16979500,0.0,0.0
2010-01-20 00:00:00-05:00,21.756864268932155,22.09637287790088,21.466867163468788,21.664913177490234,21198800,0.0,0.0
2010-01-21 00:00:00-05:00,21.424420785626648,21.608320200473763,19.97443446006256,20.75247573852539,56774400,0.0,0.0
2010-01-22 00:00:00-05:00,20.26443917961468,20.639314112343666,19.394447862111107,19.663225173950195,46713700,0.0,0.0
2010-01-25 00:00:00-05:00,19.960297211985445,20.172491122405184,19.3520112399253,19.62078857421875,21100900,0.0,0.0
2010-01-26 00:00:00-05:00,19.57834263427566,20.00980220164955,19.24590604337964,19.33078384399414,24376400,0.0,0.0
2010-01-27 00:00:00-05:00,19.373303012139765,19.91893037514217,19.06860198211089,19.805553436279297,31041900,0.05,0.0
2010-01-28 00:00:00-05:00,19.9827085274886,20.01813832017466,19.21741338205405,19.479597091674805,25480700,0.0,0.0
2010-01-29 00:00:00-05:00,19.72051866925619,19.734691123507123,18.88436279028599,18.976482391357425,21166100,0.0,0.0
2010-02-01 00:00:00-05:00,19.09695044718397,19.84098691590648,19.075691760355344,19.529199600219727,19559900,0.0,0.0
2010-02-02 00:00:00-05:00,19.557546413909275,19.98979560889168,19.493771698794475,19.88350486755371,20992500,0.0,0.0
2010-02-03 00:00:00-05:00,19.954356973808206,20.14568103440841,19.62131243805044,19.763032913208008,18498800,0.0,0.0
2010-02-04 00:00:00-05:00,19.564632943418864,19.59297651081538,18.77807901265375,18.87019729614257,29785300,0.0,0.0
2010-02-05 00:00:00-05:00,18.834759635055185,19.33787092399383,18.53005864129172,19.316612243652344,25551300,0.0,0.0
2010-02-08 00:00:00-05:00,19.19615898481409,19.515032596479543,18.70013366701455,18.84894180297852,14517500,0.0,0.0
2010-02-09 00:00:00-05:00,19.033175971219745,19.34496193916271,18.841851842100205,19.224498748779297,19517300,0.0,0.0
2010-02-10 00:00:00-05:00,19.189067622701707,19.66383412223796,19.153637831573885,19.4937686920166,13858300,0.0,0.0
2010-02-11 00:00:00-05:00,19.415821945671187,19.507941567073136,19.047346163183256,19.2174129486084,18823500,0.0,0.0
2010-02-12 00:00:00-05:00,18.85602117091272,19.344958728774483,18.74264422837436,19.24575424194336,16628700,0.0,0.0
2010-02-16 00:00:00-05:00,19.451254313842306,19.79138520298866,19.387479603182364,19.713438034057617,15765300,0.0,0.0
2010-02-17 00:00:00-05:00,19.74886748681802,19.81264084045116,19.295358321938696,19.408735275268555,16590200,0.0,0.0
2010-02-18 00:00:00-05:00,19.29535356331085,19.47959140492504,19.132374402038163,19.316612243652344,12147400,0.0,0.0
2010-02-19 00:00:00-05:00,19.203241092944992,19.486683491601752,19.07569167565946,19.422908782958984,12358500,0.0,0.0
2010-02-22 00:00:00-05:00,19.500848544572204,19.74886105605667,19.352040497057743,19.635482788085938,14503100,0.0,0.0
2010-02-23 00:00:00-05:00,19.58588744673214,20.138601122360303,19.2032405571126,19.238670349121094,20896400,0.0,0.0
2010-02-24 00:00:00-05:00,19.32370073425211,19.82681073057177,19.1961513403796,19.72052001953125,17933600,0.0,0.0
2010-02-25 00:00:00-05:00,19.35204487206917,19.720520609488663,19.2032381424727,19.65674591064453,15301300,0.0,0.0
2010-02-26 00:00:00-05:00,19.64965720096203,20.13150981956384,19.55753895402208,19.968530654907227,18672100,0.0,0.0
2010-03-01 00:00:00-05:00,20.053566076079992,20.29449242624292,19.9189317962994,19.97562026977539,9220800,0.0,0.0
2010-03-02 00:00:00-05:00,20.110257960702384,20.492906235240845,20.07482816560514,20.337013244628903,13052300,0.0,0.0
2010-03-03 00:00:00-05:00,20.2944914624814,20.44329954301405,20.046480247526578,20.067737579345703,17662800,0.0,0.0
2010-03-04 00:00:00-05:00,20.11734419272965,20.74800508771348,20.11734419272965,20.69131660461425,20645400,0.0,0.0
2010-03-05 00:00:00-05:00,20.92514795814088,21.08104088315236,20.74091012773124,20.84011459350586,18016100,0.0,0.0
2010-03-08 00:00:00-05:00,20.91806481300532,21.073957760979702,20.78342919565127,20.960580825805664,11056900,0.0,0.0
2010-03-09 00:00:00-05:00,20.868467638301134,20.91098366142157,20.521249169544227,20.585023880004883,20072800,0.0,0.0
2010-03-10 00:00:00-05:00,20.70548540717257,21.4707805196137,20.42912925176769,21.236940383911133,29179500,0.0,0.0
2010-03-11 00:00:00-05:00,21.20859278422314,21.34322839780568,20.99601002305708,21.272367477416992,14993600,0.0,0.0
2010-03-12 00:00:00-05:00,21.36448910038031,21.817998251522045,21.13773520058937,21.19442367553711,19440400,0.0,0.0
2010-03-15 00:00:00-04:00,21.09521331035565,21.25819246151969,20.747996329004632,21.003093719482425,17780600,0.0,0.0
2010-03-16 00:00:00-04:00,21.073965296238143,21.55581811880012,20.93224475237649,21.47787094116211,16673100,0.0,0.0
2010-03-17 00:00:00-04:00,21.63376138743985,21.73296588537379,21.300715398844623,21.45660972595215,18425700,0.0,0.0
2010-03-18 00:00:00-04:00,21.399919478306824,21.51329642415652,21.04561618463657,21.31488609313965,16285100,0.0,0.0
2010-03-19 00:00:00-04:00,20.99601173400879,21.407003483883056,20.903893476088587,20.99601173400879,24666000,0.0,0.0
2010-03-22 00:00:00-04:00,20.76217344372097,21.07396073523322,20.606280473744786,20.974756240844727,12571400,0.0,0.0
2010-03-23 00:00:00-04:00,20.99602096745972,21.07396815567405,20.7976119088201,20.925161361694336,12139800,0.0,0.0
2010-03-24 00:00:00-04:00,20.847212637185823,21.03145057203152,20.733835654443894,20.811782836914062,12954600,0.0,0.0
2010-03-25 00:00:00-04:00,20.93224767170827,21.10939938991206,20.45748101285972,20.485824584960938,21705900,0.0,0.0
2010-03-26 00:00:00-04:00,20.606275592256083,20.705480063143703,20.25197236587509,20.44329643249512,18225900,0.0,0.0
2010-03-29 00:00:00-04:00,20.748001198949428,20.974755088846177,20.54959086950988,20.854291915893555,15036000,0.0,0.0
2010-03-30 00:00:00-04:00,20.76926143582858,20.87555216763667,20.422044324423485,20.698400497436523,14466600,0.0,0.0
2010-03-31 00:00:00-04:00,20.514160559029264,20.910979856250805,20.407868493230133,20.75508689880371,12761400,0.0,0.0
2010-04-01 00:00:00-04:00,20.87555316101667,21.1660831574052,20.613369433517818,20.69131660461425,17770400,0.0,0.0
2010-04-05 00:00:00-04:00,20.748000670979785,20.896807400602952,20.641708605180654,20.75508689880371,11429600,0.0,0.0
2010-04-06 00:00:00-04:00,20.72674035164856,20.98892535420181,20.52124381565281,20.8046875,13642100,0.0,0.0
2010-04-07 00:00:00-04:00,20.769256159061,21.52038002299757,20.726740147451643,21.272367477416992,21879400,0.0,0.0
2010-04-08 00:00:00-04:00,21.18733325437395,21.931370861327096,21.06687010000399,21.88176727294922,20867700,0.0,0.0
2010-04-09 00:00:00-04:00,22.03766629368457,22.28567888258756,21.789653704781585,21.95263290405273,18779900,0.0,0.0
2010-04-12 00:00:00-04:00,22.066010650966103,22.18647383554196,21.789654489934403,21.91720390319824,13093600,0.0,0.0
2010-04-13 00:00:00-04:00,21.84634406167311,21.959721023237503,21.54164297063382,21.598331451416016,13988600,0.0,0.0
2010-04-14 00:00:00-04:00,21.93137713369501,22.285680471224428,21.612503589294544,22.066011428833008,28735600,0.0,0.0
2010-04-15 00:00:00-04:00,22.044747788785934,22.115607354778017,21.77547657240151,21.88176727294922,15022200,0.0,0.0
2010-04-16 00:00:00-04:00,21.789656270395582,21.81800118746361,20.315754371858866,20.66297149658203,60500600,0.0,0.0
2010-04-19 00:00:00-04:00,20.478727146141075,21.18024740410232,20.37952267074038,20.946407318115234,29210000,0.0,0.0
2010-04-20 00:00:00-04:00,21.137744786544,21.62668394942673,20.86138851479137,21.57708168029785,29167000,0.0,0.0
2010-04-21 00:00:00-04:00,22.236077081363447,22.88091040527044,22.030581846441866,22.448659896850582,44637300,0.0,0.0
2010-04-22 00:00:00-04:00,22.06600825030204,22.746269911620427,21.888856607055395,22.604549407958984,22972300,0.0,0.0
2010-04-23 00:00:00-04:00,22.654155666647096,22.78879131781176,22.40614440339642,22.63289833068848,13899800,0.0,0.0
2010-04-26 00:00:00-04:00,22.59037700300505,22.647065474909265,21.79673839634609,21.924287796020508,17900900,0.0,0.0
2010-04-27 00:00:00-04:00,21.69045577199205,22.12979125525176,21.088139688593785,21.20860290527344,27671000,0.0,0.0
2010-04-28 00:00:00-04:00,21.48541652719297,21.932585148803646,21.25828317311635,21.52800369262696,19166500,0.05,0.0
2010-04-29 00:00:00-04:00,21.75514123093126,22.543011389011745,21.598987358425457,22.223604202270508,18862200,0.0,0.0
2010-04-30 00:00:00-04:00,21.99646686290997,22.06034828881115,21.43573155689264,21.449926376342773,25201500,0.0,0.0
2010-05-03 00:00:00-04:00,21.471215223011235,21.71964277734752,21.15180817403298,21.59897804260254,14632100,0.0,0.0
2010-05-04 00:00:00-04:00,21.329263267167807,21.329263267167807,20.818213174102308,20.931779861450195,20459800,0.0,0.0
2010-05-05 00:00:00-04:00,20.56267935625436,21.009849196254304,20.40652556107566,20.789813995361328,15766700,0.0,0.0
2010-05-06 00:00:00-04:00,20.58398199749919,20.77562629273795,18.674639840040392,19.6186637878418,36393700,0.0,0.0
2010-05-07 00:00:00-04:00,19.75351679636161,20.04453148894384,19.135996989040063,19.696733474731445,32446500,0.0,0.0
2010-05-10 00:00:00-04:00,20.605276287603065,20.889193010296896,20.101322920227503,20.48461151123047,21759900,0.0,0.0
2010-05-11 00:00:00-04:00,20.151011357458163,20.576887185616304,20.00195556220488,20.14391326904297,16373200,0.0,0.0
2010-05-12 00:00:00-04:00,19.40572911275344,19.80321257576417,19.06502900160139,19.73223304748535,44435100,0.0,0.0
2010-05-13 00:00:00-04:00,19.923873171214588,20.12971362448571,19.597369305252737,19.604467391967773,18748800,0.0,0.0
2010-05-14 00:00:00-04:00,19.30635373812309,19.341842816441147,18.99404470440226,19.22117805480957,25318000,0.0,0.0
2010-05-17 00:00:00-04:00,19.19278454294732,19.34893836239429,18.816594134589742,19.242469787597656,19187500,0.0,0.0
2010-05-18 00:00:00-04:00,19.47670103835757,19.47670103835757,18.78110355733592,18.97274780273437,19700400,0.0,0.0
2010-05-19 00:00:00-04:00,18.873385675291924,19.341848691251336,18.745622788426274,19.19279289245605,23831500,0.0,0.0
2010-05-20 00:00:00-04:00,18.73852001943833,18.873380961203026,18.19907760620117,18.19907760620117,26155600,0.0,0.0
2010-05-21 00:00:00-04:00,17.801590923631,19.356036447890247,17.759003764476624,19.242469787597656,32435700,0.0,0.0
2010-05-24 00:00:00-04:00,19.38443477092821,19.38443477092821,18.2487663844554,18.277158737182617,22723700,0.0,0.0
2010-05-25 00:00:00-04:00,17.638340084894597,18.56106959400462,17.574458665390825,18.532678604125977,26927700,0.0,0.0
2010-05-26 00:00:00-04:00,18.873378635184128,19.221176723126845,18.80949721558021,18.830791473388672,29530500,0.0,0.0
2010-05-27 00:00:00-04:00,19.171487885435944,19.66124489274929,18.965647493296565,19.63285255432129,18211000,0.0,0.0
2010-05-28 00:00:00-04:00,19.56897359748351,19.696736428768023,19.04372745517493,19.242469787597656,15335300,0.0,0.0
2010-06-01 00:00:00-04:00,19.01533141205457,19.31344280070788,18.51137830638132,18.54686737060547,13915400,0.0,0.0
2010-06-02 00:00:00-04:00,18.724319678044893,19.31344721400549,18.575263949657657,19.29215431213379,13005800,0.0,0.0
2010-06-03 00:00:00-04:00,19.37732806650552,19.44120947791464,18.85918004402832,19.05792236328125,10481400,0.0,0.0
2010-06-04 00:00:00-04:00,18.6320521537665,18.915968868202416,18.412016869306377,18.44750595092773,17110300,0.0,0.0
2010-06-07 00:00:00-04:00,18.56816982355464,18.7030307640564,17.9080626483564,17.950651168823242,14704700,0.0,0.0
2010-06-08 00:00:00-04:00,18.06421706770939,18.22746899430583,17.581558020535937,18.16358757019043,18291700,0.0,0.0
2010-06-09 00:00:00-04:00,18.277151825942934,18.36232749809476,17.702220438837628,17.837080001831055,16158600,0.0,0.0
2010-06-10 00:00:00-04:00,18.08550997320015,18.24876189979659,17.74480994713238,18.16358757019043,20947000,0.0,0.0
2010-06-11 00:00:00-04:00,17.922257019923283,18.504286536236087,17.893864675799986,18.4546012878418,11360000,0.0,0.0
2010-06-14 00:00:00-04:00,18.62495502689638,18.63205311435093,17.95774969820763,17.97904396057129,15658900,0.0,0.0
2010-06-15 00:00:00-04:00,18.1209984231762,18.45460032631464,17.85837466900491,18.41911125183105,17954700,0.0,0.0
2010-06-16 00:00:00-04:00,18.29134750366211,18.36232700290424,18.06421418914437,18.29134750366211,15134900,0.0,0.0
2010-06-17 00:00:00-04:00,18.35523143785326,18.376524342874568,17.879670487602084,17.971942901611328,18418900,0.0,0.0
2010-06-18 00:00:00-04:00,18.04292630388551,18.284255874225444,17.886772433474537,18.241668701171875,15779800,0.0,0.0
2010-06-21 00:00:00-04:00,18.468794868693628,18.56106726650538,18.12099682490889,18.177780151367188,15209500,0.0,0.0
2010-06-22 00:00:00-04:00,18.177777058612502,18.397812241974112,17.851271971662673,17.87256622314453,16182500,0.0,0.0
2010-06-23 00:00:00-04:00,17.8441819013763,18.035826189314257,17.695126135527893,17.76610565185547,16133900,0.0,0.0
2010-06-24 00:00:00-04:00,17.65963302828014,17.70931962986627,17.169877282752918,17.219562530517578,23822700,0.0,0.0
2010-06-25 00:00:00-04:00,17.49637602234913,17.90805541038719,17.318927986922017,17.751901626586914,22664600,0.0,0.0
2010-06-28 00:00:00-04:00,17.751906122549556,17.780297111421422,17.326030458900245,17.40410804748535,12874600,0.0,0.0
2010-06-29 00:00:00-04:00,17.04921965243417,17.063415830246974,16.516875168852252,16.644638061523438,22892300,0.0,0.0
2010-06-30 00:00:00-04:00,16.658817857916915,16.89304916524455,16.424586550589286,16.474271774291992,19768000,0.0,0.0
2010-07-01 00:00:00-04:00,16.4742868327874,16.587854902828436,15.89935516270101,16.38911247253418,21812500,0.0,0.0
2010-07-02 00:00:00-04:00,16.54526322478286,16.56655748771064,16.069702183303455,16.20456314086914,11922300,0.0,0.0
2010-07-06 00:00:00-04:00,16.502670703348322,16.623335446514908,16.119382217823404,16.30392837524414,12214600,0.0,0.0
2010-07-07 00:00:00-04:00,16.389114330054202,17.05631987882747,16.36782006066641,16.999536514282227,15838800,0.0,0.0
2010-07-08 00:00:00-04:00,17.2337566699042,17.35442140902533,16.93564386465324,17.176973342895508,14913200,0.0,0.0
2010-07-09 00:00:00-04:00,17.113094195853268,17.56026278600579,17.063408947372043,17.531871795654297,10201600,0.0,0.0
2010-07-12 00:00:00-04:00,17.475091269686228,17.51058035178469,17.169880289881334,17.43250274658203,7885800,0.0,0.0
2010-07-13 00:00:00-04:00,17.688016641990846,18.28424202853824,17.688016641990846,18.2132625579834,17831200,0.0,0.0
2010-07-14 00:00:00-04:00,18.06421421281157,18.184878955534888,17.808688556733664,18.12809562683105,13316900,0.0,0.0
2010-07-15 00:00:00-04:00,18.14229331087811,18.24876189979659,17.59575419341082,18.16358757019043,14313900,0.0,0.0
2010-07-16 00:00:00-04:00,17.865475549464094,18.000336490477302,17.3899145663538,17.560264587402344,16981200,0.0,0.0
2010-07-19 00:00:00-04:00,17.567361213258426,17.737711220140532,17.29054262130269,17.588655471801758,8964200,0.0,0.0
2010-07-20 00:00:00-04:00,17.127289048980696,17.943551345935997,17.04211472393136,17.900962829589844,15097200,0.0,0.0
2010-07-21 00:00:00-04:00,19.2566675842908,19.79610998105749,18.94435989707449,19.022436141967773,62655900,0.0,0.0
2010-07-22 00:00:00-04:00,19.23537030208208,19.384426025184275,18.766907524016204,19.01533508300781,24957500,0.0,0.0
2010-07-23 00:00:00-04:00,18.951457482121484,19.270863247478992,18.76691129702042,19.08631706237793,14624200,0.0,0.0
2010-07-26 00:00:00-04:00,19.15019630012129,19.306351475592507,18.930161061928057,19.16439247131348,12095500,0.0,0.0
2010-07-27 00:00:00-04:00,19.37023289213593,19.51219054259356,19.15019630012129,19.16439247131348,19293500,0.0,0.0
2010-07-28 00:00:00-04:00,19.157280530304792,19.45594642209424,19.157280530304792,19.20705795288086,11282200,0.05,0.0
2010-07-29 00:00:00-04:00,19.299506703972988,19.527061471637605,19.029285756454605,19.192840576171875,14785300,0.0,0.0
2010-07-30 00:00:00-04:00,19.000840732329827,19.420395343836493,18.92261962865349,19.192840576171875,16038300,0.0,0.0
2010-08-02 00:00:00-04:00,19.50573624409998,19.69773615865816,19.285292651274244,19.683513641357425,15048700,0.0,0.0
2010-08-03 00:00:00-04:00,19.59817068032884,19.65505936645317,19.4701707974658,19.54839324951172,10296000,0.0,0.0
2010-08-04 00:00:00-04:00,19.612390743197004,19.94661156292295,19.52705704649405,19.818613052368164,11218200,0.0,0.0
2010-08-05 00:00:00-04:00,19.612390811355468,19.81861312124331,19.51994721624468,19.79727935791016,6751400,0.0,0.0
2010-08-06 00:00:00-04:00,19.598172370553748,19.73328352037652,19.320840171321084,19.662172317504883,8836100,0.0,0.0
2010-08-09 00:00:00-04:00,19.76884576380428,19.790179539465417,19.413290974121946,19.51995849609375,7785900,0.0,0.0
2010-08-10 00:00:00-04:00,19.30661999418346,19.62661976763594,19.263953809834312,19.434619903564453,9709700,0.0,0.0
2010-08-11 00:00:00-04:00,19.08616749389901,19.24972225402145,18.766167870761283,18.794612884521484,11998700,0.0,0.0
2010-08-12 00:00:00-04:00,18.567063625463334,18.801729632227776,18.51017493765175,18.574174880981445,10035200,0.0,0.0
2010-08-13 00:00:00-04:00,18.524388780025987,18.61683370893636,18.382167794804083,18.417722702026367,8966100,0.0,0.0
2010-08-16 00:00:00-04:00,18.325290137859223,18.55995619296063,18.175956453885465,18.2755126953125,7950600,0.0,0.0
2010-08-17 00:00:00-04:00,18.474618553474464,18.872840722191363,18.367952433984804,18.63106346130371,8935800,0.0,0.0
2010-08-18 00:00:00-04:00,18.58839903392034,18.88706503218813,18.488844153275583,18.67373275756836,8818800,0.0,0.0
2010-08-19 00:00:00-04:00,18.59551071873824,18.78039932728799,18.28262219993608,18.481733322143555,11616300,0.0,0.0
2010-08-20 00:00:00-04:00,18.43906468605921,18.49595337679329,18.09773254165473,18.43195343017578,10812100,0.0,0.0
2010-08-23 00:00:00-04:00,18.567061675418422,18.60972784771268,18.18306205577063,18.28972816467285,9360700,0.0,0.0
2010-08-24 00:00:00-04:00,17.998174286765146,18.076396736331848,17.82750823380134,17.870174407958984,11819500,0.0,0.0
2010-08-25 00:00:00-04:00,17.699508971595655,17.941286227467184,17.62839913096672,17.84884262084961,9630800,0.0,0.0
2010-08-26 00:00:00-04:00,17.905738519324384,17.905738519324384,17.36529510359545,17.51462745666504,15006000,0.0,0.0
2010-08-27 00:00:00-04:00,17.642623517681216,17.82040086449152,17.343957520786564,17.799068450927734,11782600,0.0,0.0
2010-08-30 00:00:00-04:00,17.692394767614637,17.813283375402854,17.36528521497184,17.37239646911621,8095700,0.0,0.0
2010-08-31 00:00:00-04:00,17.343963054886835,17.642629147079667,17.237296884032386,17.557296752929688,13682700,0.0,0.0
2010-09-01 00:00:00-04:00,17.81328657656556,18.083508857280165,17.642620515429996,18.069286346435547,10319100,0.0,0.0
2010-09-02 00:00:00-04:00,18.005287898095443,18.268398945221403,17.90573302658835,18.261287689208984,6628300,0.0,0.0
2010-09-03 00:00:00-04:00,18.51729233615912,19.0648456293678,18.488847304650225,18.95817947387696,13011700,0.0,0.0
2010-09-07 00:00:00-04:00,18.773282671010698,18.82306009816252,18.239950769241453,18.2541732788086,12068100,0.0,0.0
2010-09-08 00:00:00-04:00,18.36084029433827,18.652394973192347,18.332396630132944,18.467506408691406,11277300,0.0,0.0
2010-09-09 00:00:00-04:00,18.872837146775087,19.34216906868236,18.773280945289912,19.20705795288086,19300700,0.0,0.0
2010-09-10 00:00:00-04:00,19.221282752652776,19.391948803116968,19.08617162074368,19.335060119628903,8936600,0.0,0.0
2010-09-13 00:00:00-04:00,19.61950719454369,19.768839507913484,19.56261850045042,19.74750709533692,10924300,0.0,0.0
2010-09-14 00:00:00-04:00,19.70484632789835,19.76173639787192,19.37062530480717,19.56973648071289,8461300,0.0,0.0
2010-09-15 00:00:00-04:00,19.413286913603315,19.455954456001173,19.11462089848633,19.370620727539062,10465300,0.0,0.0
2010-09-16 00:00:00-04:00,19.256838859475327,19.26395011489179,18.99372783439918,19.043506622314453,10770600,0.0,0.0
2010-09-17 00:00:00-04:00,19.17149852430396,19.199943536137987,18.773277852957246,18.823055267333984,11766300,0.0,0.0
2010-09-20 00:00:00-04:00,18.86573238996491,19.157287128035343,18.61684383503482,19.0861759185791,14972700,0.0,0.0
2010-09-21 00:00:00-04:00,19.114616885754625,19.23550551783653,18.49595257053153,18.53150749206543,16588600,0.0,0.0
2010-09-22 00:00:00-04:00,18.332398640835184,18.495953457870943,17.671066760444177,17.742177963256836,26778100,0.0,0.0
2010-09-23 00:00:00-04:00,17.614173957465635,18.01239470138594,17.535951516999248,17.59284019470215,17621800,0.0,0.0
2010-09-24 00:00:00-04:00,17.784844541689743,17.94128810632313,17.599955952759334,17.8843994140625,15267700,0.0,0.0
2010-09-27 00:00:00-04:00,17.848844200993728,17.90573289233315,17.63551059122086,17.68528938293457,14496200,0.0,0.0
2010-09-28 00:00:00-04:00,17.763508470393408,17.770619725545675,17.31551024646644,17.422176361083984,19458800,0.0,0.0
2010-09-29 00:00:00-04:00,17.372394537196953,17.500394384895156,17.194617272356762,17.407949447631836,18195900,0.0,0.0
2010-09-30 00:00:00-04:00,17.557287875789367,17.91995375839416,17.46484291314504,17.5501766204834,21464700,0.0,0.0
2010-10-01 00:00:00-04:00,17.72794649656284,17.919946240272754,17.550169257497963,17.791946411132812,16292200,0.0,0.0
2010-10-04 00:00:00-04:00,17.74928186165244,17.934170383919604,17.457727249397703,17.571504592895508,11955800,0.0,0.0
2010-10-05 00:00:00-04:00,17.79907223701637,18.37507058343053,17.607072336100384,18.11195945739746,19234700,0.0,0.0
2010-10-06 00:00:00-04:00,18.140395699383664,18.382172933819444,17.976840910304503,18.047950744628903,15158700,0.0,0.0
2010-10-07 00:00:00-04:00,18.211510526160687,18.26128796265961,17.78484465336021,17.827510833740234,11649500,0.0,0.0
2010-10-08 00:00:00-04:00,17.834617323470713,18.07639454156373,17.777728646056655,18.00528335571289,10721000,0.0,0.0
2010-10-11 00:00:00-04:00,17.97684438669441,18.026621822880788,17.813288209653354,17.8843994140625,7125900,0.0,0.0
2010-10-12 00:00:00-04:00,17.841737653071572,18.53151338712016,17.82040387956476,18.439069747924805,15289400,0.0,0.0
2010-10-13 00:00:00-04:00,18.61683875657252,18.6523936734349,18.26128416261607,18.4461727142334,16049600,0.0,0.0
2010-10-14 00:00:00-04:00,18.36795028300774,18.41772770918485,17.79906347479346,18.09061813354492,15552800,0.0,0.0
2010-10-15 00:00:00-04:00,18.21150080383254,18.21150080383254,17.685280338960425,17.791946411132812,21583300,0.0,0.0
2010-10-18 00:00:00-04:00,17.727949255510545,18.204392384605143,17.649726824122013,18.062170028686523,15728300,0.0,0.0
2010-10-19 00:00:00-04:00,17.998166957132387,18.531498664073485,17.91994589575391,18.055055618286133,19796200,0.0,0.0
2010-10-20 00:00:00-04:00,17.777729847729994,18.311061743161893,17.251509206997167,18.047950744628903,41015300,0.0,0.0
2010-10-21 00:00:00-04:00,17.891508845370783,17.91995386676668,17.422176843004664,17.493288040161133,22775800,0.0,0.0
2010-10-22 00:00:00-04:00,17.50040131638545,17.699511063816022,17.294178956451294,17.4364013671875,11260100,0.0,0.0
2010-10-25 00:00:00-04:00,17.557286410337333,17.62839760112832,17.31550917544786,17.336841583251953,11599700,0.0,0.0
2010-10-26 00:00:00-04:00,17.19462519356575,17.486179933710286,17.137736496862754,17.201736450195312,12126300,0.0,0.0
2010-10-27 00:00:00-04:00,17.08771278542872,17.415501149870096,17.06633619934349,17.38699722290039,11555800,0.05,0.0
2010-10-28 00:00:00-04:00,17.465393874831268,17.800307096046318,17.31575087189314,17.714797973632812,13444700,0.0,0.0
2010-10-29 00:00:00-04:00,17.75041686358783,17.900059784881627,17.650655822153468,17.721914291381836,18086200,0.0,0.0
2010-11-01 00:00:00-04:00,17.77892051214391,17.84305299751512,17.451132102564134,17.586523056030273,10173600,0.0,0.0
2010-11-02 00:00:00-04:00,17.71479141401157,17.79317452067559,17.508141952937134,17.536645889282227,10212600,0.0,0.0
2010-11-03 00:00:00-04:00,17.615028547088386,18.099584579467773,17.565148018898,18.099584579467773,15553500,0.0,0.0
2010-11-04 00:00:00-04:00,18.37036701051389,18.883425632754022,18.31336049693165,18.790790557861328,20293000,0.0,0.0
2010-11-05 00:00:00-04:00,18.86204704242276,19.496246013606964,18.71240545900985,19.439239501953125,26025100,0.0,0.0
2010-11-08 00:00:00-05:00,19.23971314484999,19.446362568053324,18.95468062934733,19.389354705810547,14602200,0.0,0.0
2010-11-09 00:00:00-05:00,19.24684333149889,19.38935894080716,18.683902801174987,18.75516128540039,21825800,0.0,0.0
2010-11-10 00:00:00-05:00,18.60552639189397,18.990320170653305,18.441631411411656,18.9190616607666,45033100,0.0,0.0
2010-11-11 00:00:00-05:00,18.79791787489196,19.04732191721027,18.612647698573696,18.74803733825684,9780500,0.0,0.0
2010-11-12 00:00:00-05:00,18.634017768840376,18.698150253237536,18.156587806740536,18.22072029113769,12560000,0.0,0.0
2010-11-15 00:00:00-05:00,18.34186810396218,18.876304825030346,18.277735588702573,18.52713966369629,15275800,0.0,0.0
2010-11-16 00:00:00-05:00,18.391742311775555,18.491504722893858,18.17796824064365,18.263477325439453,17713200,0.0,0.0
2010-11-17 00:00:00-05:00,18.26348446999929,18.313366374643127,17.828810174103587,17.878690719604492,13718900,0.0,0.0
2010-11-18 00:00:00-05:00,18.18509173720248,18.641143751455864,18.16371378935602,18.22072029113769,11625300,0.0,0.0
2010-11-19 00:00:00-05:00,18.15659286040232,18.41312286939289,18.13521626574816,18.25635528564453,10114700,0.0,0.0
2010-11-22 00:00:00-05:00,18.07820693752904,18.09245754536877,17.593650933276173,17.8573055267334,16677000,0.0,0.0
2010-11-23 00:00:00-05:00,17.64353364634732,17.807427209537096,17.565149177368493,17.572275161743164,12929100,0.0,0.0
2010-11-24 00:00:00-05:00,17.736168609404736,17.935692093168225,17.650659515750768,17.92144012451172,10505600,0.0,0.0
2010-11-26 00:00:00-05:00,17.693413655563184,17.729042217242327,17.586526611383256,17.600778579711914,4967600,0.0,0.0
2010-11-29 00:00:00-05:00,17.50814335215851,17.814553896643595,17.40125630060717,17.75754737854004,9638200,0.0,0.0
2010-11-30 00:00:00-05:00,17.4938944004184,17.650663371601656,17.36563073191779,17.42976188659668,11776300,0.0,0.0
2010-12-01 00:00:00-05:00,17.686288891124946,17.89293836871446,17.62215638836562,17.75754737854004,13969000,0.0,0.0
2010-12-02 00:00:00-05:00,17.864432547791974,18.5627626607661,17.814552019599887,18.24922752380371,18415300,0.0,0.0
2010-12-03 00:00:00-05:00,18.06395509384993,18.33473567264653,17.95706805903923,18.27060317993164,10969500,0.0,0.0
2010-12-06 00:00:00-05:00,18.18509457490348,18.38461668270273,18.11383609677127,18.1993465423584,6503200,0.0,0.0
2010-12-07 00:00:00-05:00,18.462996545603687,18.71240047737102,18.270599110313853,18.28485107421875,15843000,0.0,0.0
2010-12-08 00:00:00-05:00,18.29910435733172,18.997434329310163,18.28485239239938,18.862043380737305,15080000,0.0,0.0
2010-12-09 00:00:00-05:00,18.90480785278565,19.033071517944336,18.655403789881973,19.033071517944336,14198800,0.0,0.0
2010-12-10 00:00:00-05:00,19.0259464646984,19.268224536469297,18.89768144327348,19.20409202575684,11224000,0.0,0.0
2010-12-13 00:00:00-05:00,19.34660394675365,19.375107883441988,19.16845841987904,19.196962356567383,9368200,0.0,0.0
2010-12-14 00:00:00-05:00,19.118581675382533,19.275349280781576,18.91905815648511,18.97606468200684,10321700,0.0,0.0
2010-12-15 00:00:00-05:00,18.883423182555244,19.025940127589948,18.57701270213025,18.669649124145508,12583400,0.0,0.0
2010-12-16 00:00:00-05:00,18.662526706700696,18.79791633529508,18.448751248304028,18.53426170349121,13280300,0.0,0.0
2010-12-17 00:00:00-05:00,18.434501709685748,18.897679857748248,18.21360025392424,18.698156356811523,20300600,0.0,0.0
2010-12-20 00:00:00-05:00,18.719535958713124,18.81217105281925,18.63402549103281,18.71240997314453,8966100,0.0,0.0
2010-12-21 00:00:00-05:00,18.80504293985714,19.211214557317632,18.669653306798725,19.13995742797852,13912500,0.0,0.0
2010-12-22 00:00:00-05:00,19.20408861833542,19.54612770868465,19.11145218190176,19.52474975585937,14120200,0.0,0.0
2010-12-23 00:00:00-05:00,19.496243240616582,19.588878299199983,19.38935485721895,19.531871795654297,7201800,0.0,0.0
2010-12-27 00:00:00-05:00,19.41786264219576,19.62451210802405,19.33947817458605,19.60313415527344,5368200,0.0,0.0
2010-12-28 00:00:00-05:00,19.6672693278344,19.788408358269702,19.57463287913184,19.710023880004883,6794200,0.0,0.0
2010-12-29 00:00:00-05:00,19.567503133817425,19.65301358086941,19.40360958270545,19.439239501953125,6921500,0.0,0.0
2010-12-30 00:00:00-05:00,19.43211422889541,19.560379224593863,19.296723249086767,19.474868774414062,6618500,0.0,0.0
2010-12-31 00:00:00-05:00,19.39648068859089,19.48199112281281,19.32522357907191,19.389354705810547,6643200,0.0,0.0
2011-01-03 00:00:00-05:00,19.688638609039284,20.358466020168706,19.58175158875555,20.116188049316406,21176700,0.0,0.0
2011-01-04 00:00:00-05:00,20.280094014277203,20.308597962051195,19.95230676973451,20.287220001220703,12859900,0.0,0.0
2011-01-05 00:00:00-05:00,20.208828139286943,20.54374122619629,20.16607223608302,20.54374122619629,15101100,0.0,0.0
2011-01-06 00:00:00-05:00,20.55799358273017,20.65062865647237,20.3655960921012,20.522363662719727,13200900,0.0,0.0
2011-01-07 00:00:00-05:00,20.55086442577005,20.586492981137138,19.9522954534356,20.09481239318848,17512600,0.0,0.0
2011-01-10 00:00:00-05:00,20.04493681986093,20.059188790148937,19.688645717516746,19.98793029785156,15184900,0.0,0.0
2011-01-11 00:00:00-05:00,20.17319971737248,20.28721274942769,19.809782668018027,19.92379570007324,11189900,0.0,0.0
2011-01-12 00:00:00-05:00,20.109060289959448,20.46535123218572,20.04492781162736,20.45822525024414,13444200,0.0,0.0
2011-01-13 00:00:00-05:00,20.42973654909018,20.48674308417608,20.13045190010345,20.16608047485352,13359700,0.0,0.0
2011-01-14 00:00:00-05:00,20.10194049741508,20.786020023871814,20.10194049741508,20.6506290435791,14752000,0.0,0.0
2011-01-18 00:00:00-05:00,20.629253267682586,20.65062986179407,20.30859076458475,20.486736297607425,12166100,0.0,0.0
2011-01-19 00:00:00-05:00,20.301463332793205,20.30858931670318,19.645887763642705,19.774152755737305,21726100,0.0,0.0
2011-01-20 00:00:00-05:00,20.187450441656672,20.793145486574435,19.66013986112311,20.67913246154785,34556600,0.0,0.0
2011-01-21 00:00:00-05:00,20.914286046039496,21.5556096991442,20.885782108098475,21.38459014892578,35955900,0.0,0.0
2011-01-24 00:00:00-05:00,20.978417856925454,21.37033747671957,20.94991391992241,21.199317932128903,16702600,0.0,0.0
2011-01-25 00:00:00-05:00,20.9926688997877,21.106683291011752,20.565120709053343,20.90715980529785,14148100,0.0,0.0
2011-01-26 00:00:00-05:00,20.77176766479309,20.949913187405627,20.515239036447927,20.672006607055664,15477100,0.0,0.0
2011-01-27 00:00:00-05:00,20.664867825400822,21.328712159164542,20.5863480321807,21.30729866027832,16615800,0.05,0.0
2011-01-28 00:00:00-05:00,21.2002345494682,21.414377782699404,20.672012032717543,20.72911834716797,16786200,0.0,0.0
2011-01-31 00:00:00-05:00,20.70056118219805,21.02891425778017,20.522108068558417,20.98608589172364,13164200,0.0,0.0
2011-02-01 00:00:00-05:00,21.086019262786063,21.464338969053667,21.03605125039285,21.357267379760746,11630100,0.0,0.0
2011-02-02 00:00:00-05:00,21.27160610789696,21.421507399663927,21.114567891202483,21.17167282104492,9230300,0.0,0.0
2011-02-03 00:00:00-05:00,21.178808561708085,21.32157154989812,20.77193581530188,21.27874183654785,8568500,0.0,0.0
2011-02-04 00:00:00-05:00,21.235917153849933,21.314436947070057,21.057464068523466,21.30729866027832,9134800,0.0,0.0
2011-02-07 00:00:00-05:00,21.407230945765875,21.84979517562025,21.335849442694016,21.714170455932617,11387800,0.0,0.0
2011-02-08 00:00:00-05:00,21.699895296627453,22.035387974473675,21.614238576552385,21.8712100982666,13042700,0.0,0.0
2011-02-09 00:00:00-05:00,21.69275512320175,21.728446554703314,21.16453419037871,21.471473693847656,16429400,0.0,0.0
2011-02-10 00:00:00-05:00,21.357272031344028,21.557140039980474,21.057470699134065,21.22164726257324,12855900,0.0,0.0
2011-02-11 00:00:00-05:00,21.15740072337925,21.58568846853248,21.086020567094728,21.528583526611328,10002000,0.0,0.0
2011-02-14 00:00:00-05:00,21.407237089163782,21.52144698225888,21.32871727710242,21.40009880065918,7959400,0.0,0.0
2011-02-15 00:00:00-05:00,21.293027588507908,21.735591953524995,21.293027588507908,21.64279556274414,10197300,0.0,0.0
2011-02-16 00:00:00-05:00,21.70703374711015,22.013973279584786,21.69989546013527,21.92117691040039,9820800,0.0,0.0
2011-02-17 00:00:00-05:00,21.61424122835521,21.949732585873104,21.61424122835521,21.90690422058105,6817200,0.0,0.0
2011-02-18 00:00:00-05:00,21.91404117869213,22.15673750310288,21.90690289132839,22.12104606628418,10898000,0.0,0.0
2011-02-22 00:00:00-05:00,21.54286105078362,21.62851778669136,21.00036339790728,21.07174491882324,12648900,0.0,0.0
2011-02-23 00:00:00-05:00,21.143122023701142,21.38581696574234,20.779077568405874,21.164535522460938,10941400,0.0,0.0
2011-02-24 00:00:00-05:00,21.086016826977488,21.10743032546896,20.60776251265943,21.05032539367676,13454200,0.0,0.0
2011-02-25 00:00:00-05:00,21.18595233438537,21.428648660273023,21.107432534395503,21.321577072143555,8519400,0.0,0.0
2011-02-28 00:00:00-05:00,21.39295033304438,21.442918328801056,20.98607761230356,21.18594551086425,12189700,0.0,0.0
2011-03-01 00:00:00-05:00,21.193088399864187,21.257331618304296,20.572071075439453,20.572071075439453,12571400,0.0,0.0
2011-03-02 00:00:00-05:00,20.57207042477368,20.879009933948588,20.45786056482333,20.679141998291016,9040100,0.0,0.0
2011-03-03 00:00:00-05:00,20.907567360773108,21.10029568797233,20.82904755542096,20.92184257507324,9745600,0.0,0.0
2011-03-04 00:00:00-05:00,20.736249758960493,20.75766462118286,20.0724053679364,20.300825119018555,18883700,0.0,0.0
2011-03-07 00:00:00-05:00,20.357927189634868,20.464998762688825,20.02243453617984,20.215164184570312,12366700,0.0,0.0
2011-03-08 00:00:00-05:00,20.293684771108698,20.6791427215504,20.215164979088232,20.55779457092285,10976700,0.0,0.0
2011-03-09 00:00:00-05:00,20.50783065518648,20.643455397230777,20.329377548834724,20.50069236755371,8493500,0.0,0.0
2011-03-10 00:00:00-05:00,20.22230787274508,20.29368939434475,19.95105972445345,20.03671646118164,11351200,0.0,0.0
2011-03-11 00:00:00-05:00,20.01529754370188,20.27226904586614,19.98674439818978,20.22944068908692,7061300,0.0,0.0
2011-03-14 00:00:00-04:00,20.015302717811423,20.1009594535128,19.751191499505445,19.92250633239746,10278600,0.0,0.0
2011-03-15 00:00:00-04:00,19.47281136813545,19.88682268864798,19.25866673660087,19.736921310424805,14819400,0.0,0.0
2011-03-16 00:00:00-04:00,19.758330508982283,19.815435455364167,19.058794575431875,19.351457595825195,18534200,0.0,0.0
2011-03-17 00:00:00-04:00,19.61556786230924,19.694087675744097,19.3086282586886,19.59415435791016,12798300,0.0,0.0
2011-03-18 00:00:00-04:00,19.60843346678812,19.89395962269877,19.45853346027568,19.57988166809082,17690400,0.0,0.0
2011-03-21 00:00:00-04:00,19.85826271541262,19.97247260179615,19.75119111711422,19.836849212646484,7910600,0.0,0.0
2011-03-22 00:00:00-04:00,19.85826186738984,20.12951135708427,19.80115692663668,19.815433502197266,8098200,0.0,0.0
2011-03-23 00:00:00-04:00,19.63697739695521,19.729772400966763,19.34431445004858,19.679805755615234,12971200,0.0,0.0
2011-03-24 00:00:00-04:00,19.7369143699496,19.786881024623344,19.53704775125464,19.708362579345703,10202000,0.0,0.0
2011-03-25 00:00:00-04:00,19.75118575394225,19.772600612382707,19.33003640170204,19.365726470947266,12693600,0.0,0.0
2011-03-28 00:00:00-04:00,19.38000573185036,19.60128718714487,19.365729157576112,19.40142059326172,6422900,0.0,0.0
2011-03-29 00:00:00-04:00,19.38001166982013,19.451393201573342,19.215835099830382,19.437116622924805,8499800,0.0,0.0
2011-03-30 00:00:00-04:00,19.515636444002283,19.53705131197509,19.280078342259323,19.437116622924805,12116600,0.0,0.0
2011-03-31 00:00:00-04:00,19.33717580379584,19.69408196280057,19.30862265756076,19.501352310180664,8633700,0.0,0.0
2011-04-01 00:00:00-04:00,19.558456079540456,19.615561007130065,19.39427958290644,19.45852279663086,11454600,0.0,0.0
2011-04-04 00:00:00-04:00,19.69408051457204,19.701218800605883,19.294346027098605,19.34431266784668,9020200,0.0,0.0
2011-04-05 00:00:00-04:00,19.34431565765381,19.437110667458263,19.265795860634537,19.40142059326172,6683100,0.0,0.0
2011-04-06 00:00:00-04:00,19.49421735952997,19.893953306291312,19.35145568839164,19.815433502197266,11984500,0.0,0.0
2011-04-07 00:00:00-04:00,19.84398305165419,20.158060871085144,19.701221396632143,19.71549797058105,10640800,0.0,0.0
2011-04-08 00:00:00-04:00,19.865406324190207,19.865406324190207,19.35859998780793,19.45139503479004,8474400,0.0,0.0
2011-04-11 00:00:00-04:00,19.487080900112783,19.60129079233479,19.18014266569697,19.20869445800781,9806700,0.0,0.0
2011-04-12 00:00:00-04:00,18.965997106039843,19.18727859047593,18.88034037209198,19.137311935424805,13994500,0.0,0.0
2011-04-13 00:00:00-04:00,19.444252143167443,19.51563366475512,18.987412583389187,19.12303733825684,12426900,0.0,0.0
2011-04-14 00:00:00-04:00,19.00882608682299,19.14445084169064,18.816097748472338,19.12303733825684,10711400,0.0,0.0
2011-04-15 00:00:00-04:00,19.20869080727984,19.38714390014679,19.115895798044203,19.258657455444336,13492900,0.0,0.0
2011-04-18 00:00:00-04:00,19.02309696958263,19.044511828095978,18.730434044011275,18.95171546936035,12056000,0.0,0.0
2011-04-19 00:00:00-04:00,19.0373813715196,19.080209744671645,18.55912689327186,18.63050842285156,12442500,0.0,0.0
2011-04-20 00:00:00-04:00,18.866055680370213,19.18727033673239,18.487734743955752,18.5876693725586,22876400,0.0,0.0
2011-04-21 00:00:00-04:00,19.07306536395784,19.54418140263236,18.858922205101784,18.901750564575195,18267800,0.0,0.0
2011-04-25 00:00:00-04:00,18.766130786774,18.880340674862136,18.38067139335957,18.40208625793457,13031500,0.0,0.0
2011-04-26 00:00:00-04:00,18.444909061983942,18.601947270364764,18.4234942038684,18.45204734802246,10703500,0.0,0.0
2011-04-27 00:00:00-04:00,18.530719817741307,18.537871938181823,18.10875426064298,18.237489700317383,15269500,0.05,0.0
2011-04-28 00:00:00-04:00,18.208883459087588,18.55217846183628,18.158819973971312,18.466354370117188,16088100,0.0,0.0
2011-04-29 00:00:00-04:00,18.559333242763955,18.773891456617008,18.46635701640054,18.70237159729004,11049300,0.0,0.0
2011-05-02 00:00:00-04:00,18.79534365006112,18.945534093582204,18.602240481996105,18.616544723510746,9108300,0.0,0.0
2011-05-03 00:00:00-04:00,18.62369251503708,18.75242656636092,18.330461088661185,18.39482879638672,13251900,0.0,0.0
2011-05-04 00:00:00-04:00,18.437746904575857,18.566480993558457,18.05869266643213,18.165971755981445,10795400,0.0,0.0
2011-05-05 00:00:00-04:00,18.03723804130252,18.16597350682029,17.865591208654738,17.980022430419922,11669400,0.0,0.0
2011-05-06 00:00:00-04:00,18.16597350385097,18.359076702096072,18.022935158731755,18.05154228210449,15247900,0.0,0.0
2011-05-09 00:00:00-04:00,17.987174389431903,18.072998487042582,17.865591046891296,17.937110900878906,7061700,0.0,0.0
2011-05-10 00:00:00-04:00,18.008629346966156,18.366227224819724,17.97286874070421,18.20888328552246,13878700,0.0,0.0
2011-05-11 00:00:00-04:00,18.087302683468582,18.09445344113371,17.579512949196573,17.600969314575195,16484700,0.0,0.0
2011-05-12 00:00:00-04:00,17.586663159538606,17.729702851593945,17.30773726057106,17.529447555541992,22261600,0.0,0.0
2011-05-13 00:00:00-04:00,17.52229823424408,17.550906722877258,17.214763802076487,17.257675170898438,11340700,0.0,0.0
2011-05-16 00:00:00-04:00,17.171848885384296,17.52229461396836,17.043113441388613,17.078872680664062,10277500,0.0,0.0
2011-05-17 00:00:00-04:00,17.086027573129353,17.407866235328914,17.05026832805285,17.3077392578125,15138600,0.0,0.0
2011-05-18 00:00:00-04:00,17.38640665859459,17.543750581776923,17.243368340579526,17.429319381713867,10897900,0.0,0.0
2011-05-19 00:00:00-04:00,17.49368457993811,17.543749420262635,17.25767007491787,17.379253387451172,7977000,0.0,0.0
2011-05-20 00:00:00-04:00,17.343497902116596,17.48653760572328,17.02165925106541,17.043115615844727,12566000,0.0,0.0
2011-05-23 00:00:00-04:00,16.82855244395234,17.171845994053328,16.792791846570587,16.942983627319336,10709200,0.0,0.0
2011-05-24 00:00:00-04:00,16.96444034491481,16.978744585320573,16.68551447763963,16.828554153442383,10429200,0.0,0.0
2011-05-25 00:00:00-04:00,16.70697349117295,16.928683796158218,16.69982136983437,16.850011825561523,10188000,0.0,0.0
2011-05-26 00:00:00-04:00,16.81425214770242,16.90007487328822,16.72127593683557,16.842859268188477,9428700,0.0,0.0
2011-05-27 00:00:00-04:00,16.90007521748726,17.26482521897474,16.842859611222224,17.21476173400879,8655600,0.0,0.0
2011-05-31 00:00:00-04:00,17.357799080477204,17.515141635360788,17.12893668641837,17.27912712097168,11243200,0.0,0.0
2011-06-01 00:00:00-04:00,17.178997820624737,17.20045281456067,16.506713606710726,16.54247283935547,15076000,0.0,0.0
2011-06-02 00:00:00-04:00,16.528171523784913,16.735577548117003,16.342220495412484,16.45665168762207,14299200,0.0,0.0
2011-06-03 00:00:00-04:00,16.220643240569764,16.75704016591068,16.220643240569764,16.535329818725586,13668300,0.0,0.0
2011-06-06 00:00:00-04:00,16.47096270271605,16.47096270271605,16.077604124083102,16.106212615966797,17419600,0.0,0.0
2011-06-07 00:00:00-04:00,16.206338508141418,16.313617617160094,15.920260429382322,15.920260429382324,11712500,0.0,0.0
2011-06-08 00:00:00-04:00,15.891653127970924,16.07760423410349,15.669942770867006,15.684247016906738,13174900,0.0,0.0
2011-06-09 00:00:00-04:00,15.70569590833931,16.206333411831107,15.648480310579744,16.09905433654785,14004600,0.0,0.0
2011-06-10 00:00:00-04:00,15.99893030698131,16.428046686580313,15.79867499614146,16.227792739868164,20402200,0.0,0.0
2011-06-13 00:00:00-04:00,16.299308927383066,16.728425210524378,16.213484852278366,16.70697021484375,17245100,0.0,0.0
2011-06-14 00:00:00-04:00,16.835703411552444,16.835703411552444,16.25639405074938,16.30645751953125,17697500,0.0,0.0
2011-06-15 00:00:00-04:00,16.17773229189374,16.335074903025582,15.777221594985122,15.791525840759276,21793700,0.0,0.0
2011-06-16 00:00:00-04:00,15.827274761663444,16.070441324613718,15.698540726096006,15.834426879882812,18839700,0.0,0.0
2011-06-17 00:00:00-04:00,16.077598341559096,16.39228481845865,16.056143344490877,16.327917098999023,22212500,0.0,0.0
2011-06-20 00:00:00-04:00,16.213486564439016,16.25639792445915,15.970319917445684,16.01323127746582,12537200,0.0,0.0
2011-06-21 00:00:00-04:00,16.070453152842244,16.28501276496299,15.877351275300066,16.277860641479492,13693000,0.0,0.0
2011-06-22 00:00:00-04:00,16.18488044663798,16.49956698239913,16.15627332382028,16.16342544555664,12713700,0.0,0.0
2011-06-23 00:00:00-04:00,15.963167547258095,16.041839509505024,15.66993742413639,15.984623908996582,19490000,0.0,0.0
2011-06-24 00:00:00-04:00,15.977471939453286,16.027535419855486,15.562658490813938,15.884495735168455,23203000,0.0,0.0
2011-06-27 00:00:00-04:00,15.791525008536471,16.184882197699896,15.734309392583103,16.120515823364258,16736800,0.0,0.0
2011-06-28 00:00:00-04:00,16.199186020469984,16.242097390284503,15.891651581188905,15.97032356262207,13488100,0.0,0.0
2011-06-29 00:00:00-04:00,16.070449585305806,16.764190403790394,16.013233974267386,16.728429794311523,22350100,0.0,0.0
2011-06-30 00:00:00-04:00,16.80709738427985,16.80709738427985,16.25639641919159,16.45665168762207,22250600,0.0,0.0
2011-07-01 00:00:00-04:00,16.506718190789766,17.007355771611905,16.399439098935783,16.993051528930664,15368500,0.0,0.0
2011-07-05 00:00:00-04:00,16.921533723815855,16.964445092915717,16.52817655145683,16.55678367614746,14713900,0.0,0.0
2011-07-06 00:00:00-04:00,16.470960631778357,16.513872000080564,16.134817715048964,16.25640106201172,13424200,0.0,0.0
2011-07-07 00:00:00-04:00,16.47095930943871,16.521022795793332,16.249247635400103,16.44950294494629,15305700,0.0,0.0
2011-07-08 00:00:00-04:00,16.120516975784625,16.2349482158718,15.91310950054663,15.94886875152588,19202300,0.0,0.0
2011-07-11 00:00:00-04:00,15.762912516801547,15.848735229452917,15.376706217488124,15.433921813964844,17617800,0.0,0.0
2011-07-12 00:00:00-04:00,15.369557739483083,15.62702866670402,15.162151664654466,15.176454544067385,23072300,0.0,0.0
2011-07-13 00:00:00-04:00,15.298039882233748,15.519751593663166,15.205065015342129,15.233672142028809,25317000,0.0,0.0
2011-07-14 00:00:00-04:00,15.419621339591211,15.46253407052446,15.019112066441869,15.097784042358398,20070900,0.0,0.0
2011-07-15 00:00:00-04:00,15.26227883543736,15.305190202477764,14.868921681956838,15.08347988128662,20598000,0.0,0.0
2011-07-18 00:00:00-04:00,14.94758803746004,14.976196516758472,14.432647687234622,14.79739761352539,21011900,0.0,0.0
2011-07-19 00:00:00-04:00,14.582844624036913,15.069178076293436,14.55423749608958,15.004810333251951,21836700,0.0,0.0
2011-07-20 00:00:00-04:00,15.112086274599127,15.655635232656005,15.062022788115732,15.534051895141602,25314400,0.0,0.0
2011-07-21 00:00:00-04:00,16.413744489622346,17.493688969163625,16.270704781060815,17.3077392578125,65705300,0.0,0.0
2011-07-22 00:00:00-04:00,17.093181610107422,17.164701472401344,16.87862338735357,17.093181610107422,18845200,0.0,0.0
2011-07-25 00:00:00-04:00,16.74988276653662,16.88577032677048,16.585388088643125,16.664058685302734,20313100,0.0,0.0
2011-07-26 00:00:00-04:00,16.692668056769595,17.078873032587154,16.59254109343311,16.82140350341797,17133100,0.0,0.0
2011-07-27 00:00:00-04:00,16.71389795154004,16.71389795154004,16.126188200299016,16.154857635498047,21904800,0.05,0.0
2011-07-28 00:00:00-04:00,16.183516555288065,16.527541380999285,15.997169432936206,16.02583885192871,17508500,0.0,0.0
2011-07-29 00:00:00-04:00,15.724821719494186,16.319698679830232,15.681817577517917,15.947004318237305,20361100,0.0,0.0
2011-08-01 00:00:00-04:00,16.305371680537515,16.38421127776249,15.832336831256086,15.97568130493164,16584200,0.0,0.0
2011-08-02 00:00:00-04:00,15.782166080895276,15.93267654225246,15.258961095652449,15.27329444885254,25073000,0.0,0.0
2011-08-03 00:00:00-04:00,15.294788201300868,15.38796109802322,14.857589041447069,15.065438270568848,28502900,0.0,0.0
2011-08-04 00:00:00-04:00,14.864760818071982,14.943600392843576,14.047701105107556,14.119373321533203,32116000,0.0,0.0
2011-08-05 00:00:00-04:00,14.348723411560057,14.613908836874488,13.653504684961712,14.34872341156006,41270300,0.0,0.0
2011-08-08 00:00:00-04:00,13.818351867846332,14.198212311882834,12.148395558139,12.270237922668455,47863500,0.0,0.0
2011-08-09 00:00:00-04:00,12.65009314321318,13.187632523522806,11.825866366811756,13.0514554977417,43213400,0.0,0.0
2011-08-10 00:00:00-04:00,12.80060954138196,12.822110249521623,11.76136581423807,11.790035247802734,53088300,0.0,0.0
2011-08-11 00:00:00-04:00,12.24873078868466,13.223469302430116,12.076718351029582,13.0514554977417,44330100,0.0,0.0
2011-08-12 00:00:00-04:00,13.302314128980829,13.53883151982089,12.0480549481854,12.105392456054688,46290400,0.0,0.0
2011-08-15 00:00:00-04:00,12.44225108328316,12.872281694005023,12.320408712369572,12.843613624572754,24868100,0.0,0.0
2011-08-16 00:00:00-04:00,12.72893556626778,12.80060777324559,12.141225929710313,12.23439884185791,26127600,0.0,0.0
2011-08-17 00:00:00-04:00,12.449420020725874,12.62859992025424,12.13406301478639,12.191400527954102,21215200,0.0,0.0
2011-08-18 00:00:00-04:00,11.632354854707726,11.71119442155515,11.066146589108865,11.610854148864746,39008800,0.0,0.0
2011-08-19 00:00:00-04:00,11.524849636709632,11.947714255893288,11.40300726563919,11.467512130737305,36263500,0.0,0.0
2011-08-22 00:00:00-04:00,11.818702971566484,11.854539762482972,11.195157163474432,11.230993270874023,22168100,0.0,0.0
2011-08-23 00:00:00-04:00,11.288331489320964,11.481846071511743,10.901303008456352,11.295498847961426,28129300,0.0,0.0
2011-08-24 00:00:00-04:00,11.27399620212584,11.739863553934532,11.238160777768949,11.704028129577637,26105100,0.0,0.0
2011-08-25 00:00:00-04:00,12.67159790806982,12.81494095311372,11.940543867134954,12.019383430480955,33819500,0.0,0.0
2011-08-26 00:00:00-04:00,11.890374147190892,12.112556763320002,11.467509620569691,11.904708862304688,20501400,0.0,0.0
2011-08-29 00:00:00-04:00,12.191394497038022,12.435079149211866,12.040882745032544,12.41357707977295,14894100,0.0,0.0
2011-08-30 00:00:00-04:00,12.263069347244413,12.485251978036384,12.105390204654048,12.212899208068848,15852800,0.0,0.0
2011-08-31 00:00:00-04:00,12.334736159140345,12.707430452595249,12.255897980664615,12.542585372924805,19171200,0.0,0.0
2011-09-01 00:00:00-04:00,12.542588767755918,12.578424188850317,12.126891594705926,12.134058952331545,17439100,0.0,0.0
2011-09-02 00:00:00-04:00,11.782866509901028,11.876039424010049,11.360001983567065,11.438840866088867,16513300,0.0,0.0
2011-09-06 00:00:00-04:00,10.9729763742843,11.101985425706747,10.858300674606436,10.987310409545898,21634500,0.0,0.0
2011-09-07 00:00:00-04:00,11.266829527364605,11.754198270490814,11.116318421108168,11.704028129577637,15972200,0.0,0.0
2011-09-08 00:00:00-04:00,11.560682603794891,11.661024243157126,11.259661103292403,11.352834701538086,19166600,0.0,0.0
2011-09-09 00:00:00-04:00,11.209494633274524,11.28116618216178,10.901304990859831,10.951475143432615,19772400,0.0,0.0
2011-09-12 00:00:00-04:00,10.714955551659678,10.879801379217142,10.5429430491347,10.786627769470217,23244800,0.0,0.0
2011-09-13 00:00:00-04:00,10.865470491785308,11.36000746524042,10.808132970735029,11.137824058532717,20470200,0.0,0.0
2011-09-14 00:00:00-04:00,11.252494670453563,11.374337025594576,10.87980093035868,11.094816207885742,20106900,0.0,0.0
2011-09-15 00:00:00-04:00,11.367168700183036,11.92620960451549,11.302664532523664,11.890374183654783,27515900,0.0,0.0
2011-09-16 00:00:00-04:00,12.062388031497871,12.1340602483757,11.481845672151769,11.790035247802734,27178100,0.0,0.0
2011-09-19 00:00:00-04:00,11.367169087342631,11.431673940715848,10.858298301696776,10.858298301696776,26679100,0.0,0.0
2011-09-20 00:00:00-04:00,10.958642000973228,11.10915313530841,10.79379683092457,10.836799621582031,30159300,0.0,0.0
2011-09-21 00:00:00-04:00,10.83679497598513,10.915633847404605,9.883558428341768,9.905059814453123,41513500,0.0,0.0
2011-09-22 00:00:00-04:00,9.510869380941392,9.546704813980234,8.951827603110118,9.360358238220217,63458900,0.0,0.0
2011-09-23 00:00:00-04:00,9.281517777046489,9.933732440001329,9.238514988014856,9.833392143249512,37300800,0.0,0.0
2011-09-26 00:00:00-04:00,9.99107031129798,10.471272468566896,9.768887631676265,10.471272468566896,29554000,0.0,0.0
2011-09-27 00:00:00-04:00,11.001642494816783,11.345667460948686,10.614614066159971,10.729289054870604,42455500,0.0,0.0
2011-09-28 00:00:00-04:00,10.73645617372132,10.79379435396838,10.134412458054408,10.148746490478516,24231400,0.0,0.0
2011-09-29 00:00:00-04:00,10.499939245061656,10.865466313844204,10.349428139299247,10.815296173095703,44847100,0.0,0.0
2011-09-30 00:00:00-04:00,10.335091969542155,10.378094743145285,9.668542827042828,9.68287754058838,51532900,0.0,0.0
2011-10-03 00:00:00-04:00,9.704379947089844,10.069906978708444,8.858650897505667,8.937490463256836,53873700,0.0,0.0
2011-10-04 00:00:00-04:00,8.528961249476984,10.041239738464355,8.299611242376958,10.041239738464355,76594400,0.0,0.0
2011-10-05 00:00:00-04:00,9.905060975817598,10.593111563705394,9.611206158279954,10.378095626831056,67720700,0.0,0.0
2011-10-06 00:00:00-04:00,10.363761724614546,11.130651202713716,9.976733306828809,10.879799842834473,49437800,0.0,0.0
2011-10-07 00:00:00-04:00,11.058980733497917,11.094816157244258,10.17024814414057,10.206084251403809,47983700,0.0,0.0
2011-10-10 00:00:00-04:00,10.571611632256946,11.06614774006932,10.571611632256946,10.958640098571776,36348200,0.0,0.0
2011-10-11 00:00:00-04:00,10.822463925805812,11.431675045797588,10.664785456041749,11.030312538146973,35000400,0.0,0.0
2011-10-12 00:00:00-04:00,11.273995134974978,11.675358958356542,10.994475023754772,11.352834701538086,36426800,0.0,0.0
2011-10-13 00:00:00-04:00,11.173655016964949,11.173655016964949,10.607446745588124,10.851131439208984,30447600,0.0,0.0
2011-10-14 00:00:00-04:00,11.023147083145588,11.066149874632702,10.628951182422806,10.908472061157228,30698400,0.0,0.0
2011-10-17 00:00:00-04:00,10.879801551793266,11.03031266476927,10.750791831094707,10.929971694946287,29580900,0.0,0.0
2011-10-18 00:00:00-04:00,11.144989968573435,12.141230463276196,11.073317734833036,11.91904640197754,51760300,0.0,0.0
2011-10-19 00:00:00-04:00,12.234401921448184,12.700269333519588,11.754199790966222,11.926212310791016,66831000,0.0,0.0
2011-10-20 00:00:00-04:00,11.904708862304688,12.01938384914769,11.467509620569691,11.904708862304688,35380300,0.0,0.0
2011-10-21 00:00:00-04:00,12.126894212075944,12.327576167805724,11.990717121865236,12.198566436767578,33004700,0.0,0.0
2011-10-24 00:00:00-04:00,12.399244232083667,12.485251155744246,12.119724122495722,12.291736602783203,26051800,0.0,0.0
2011-10-25 00:00:00-04:00,12.13406102388977,12.16272909225284,11.79720199314475,11.840206146240234,23647600,0.0,0.0
2011-10-26 00:00:00-04:00,12.162729696429356,12.21290121086633,11.725531721179085,11.926212310791016,30490700,0.0,0.0
2011-10-27 00:00:00-04:00,12.975773698990698,14.068470806800416,12.867942054267552,13.953450202941896,64100300,0.05,0.0
2011-10-28 00:00:00-04:00,13.644329249713207,14.14035636753319,13.536497625270645,13.881559371948242,32877200,0.0,0.0
2011-10-31 00:00:00-04:00,13.392724636840915,13.414291515706138,12.666657540045131,12.681034088134766,32488300,0.0,0.0
2011-11-01 00:00:00-04:00,11.602714448210678,12.062798250958778,11.099498945865964,11.667413711547852,48498000,0.0,0.0
2011-11-02 00:00:00-04:00,12.177817511071364,12.24970572584016,11.710546171804667,12.048418998718262,23876900,0.0,0.0
2011-11-03 00:00:00-04:00,12.66665637651973,12.760110100710254,11.444560776159232,12.185007095336914,50797200,0.0,0.0
2011-11-04 00:00:00-04:00,11.919021127333602,12.12749682425893,11.609902747011896,12.01966381072998,29340100,0.0,0.0
2011-11-07 00:00:00-05:00,12.120309270300648,12.206574045739394,11.71773574774022,12.16344165802002,26971200,0.0,0.0
2011-11-08 00:00:00-05:00,12.307215623171764,12.486935468672115,12.041229648523654,12.450990676879885,26418800,0.0,0.0
2011-11-09 00:00:00-05:00,11.861511877541442,11.87588979677296,11.272030900587634,11.329541206359863,33822500,0.0,0.0
2011-11-10 00:00:00-05:00,11.703362258189651,11.732116733800192,11.149824548355747,11.401432037353516,35148400,0.0,0.0
2011-11-11 00:00:00-05:00,11.696169761671037,11.883078595691638,11.60990361860236,11.760869026184082,19969700,0.0,0.0
2011-11-14 00:00:00-05:00,11.674603184224187,11.746491410109902,11.315163425949477,11.444561958312988,31961700,0.0,0.0
2011-11-15 00:00:00-05:00,11.34391936270787,11.617093680133912,11.228898741807848,11.451751708984377,21580100,0.0,0.0
2011-11-16 00:00:00-05:00,11.322351289906328,11.322351289906328,10.51001743255176,10.538772583007812,48861600,0.0,0.0
2011-11-17 00:00:00-05:00,10.704114868875578,10.740058291609763,10.049934017229996,10.157766342163086,45254300,0.0,0.0
2011-11-18 00:00:00-05:00,10.265598058807848,10.394996575471044,10.028367901976551,10.215276718139648,28193500,0.0,0.0
2011-11-21 00:00:00-05:00,9.934913075494174,9.963668224033125,9.496396888880986,9.77676010131836,43250000,0.0,0.0
2011-11-22 00:00:00-05:00,9.740816870967173,9.95648084720842,9.575474237804029,9.719250679016112,28507500,0.0,0.0
2011-11-23 00:00:00-05:00,9.561097418850762,9.582663611735247,9.244790057186073,9.366999626159668,31756400,0.0,0.0
2011-11-25 00:00:00-05:00,9.453266667980124,9.79832923986126,9.388568078480873,9.532343864440918,13540100,0.0,0.0
2011-11-28 00:00:00-05:00,10.222468397807884,10.315922830763483,9.72644107562638,9.920538902282717,37036100,0.0,0.0
2011-11-29 00:00:00-05:00,9.762381094302,9.827080342685246,9.546717161550092,9.568284034729004,35547100,0.0,0.0
2011-11-30 00:00:00-05:00,10.251223789301756,10.653796002143508,9.970860484032752,10.632229804992676,48837100,0.0,0.0
2011-12-01 00:00:00-05:00,10.466885693401029,10.71130414452151,10.315920972827753,10.430941581726074,25387900,0.0,0.0
2011-12-02 00:00:00-05:00,10.84789167655704,11.430183682903053,10.768814493430288,11.157010078430176,52525100,0.0,0.0
2011-12-05 00:00:00-05:00,11.5739599461806,11.947777606277011,11.494882764311107,11.911832809448242,67235400,0.0,0.0
2011-12-06 00:00:00-05:00,11.79681581678386,12.03404606393264,11.696173097131108,11.919025421142578,33481600,0.0,0.0
2011-12-07 00:00:00-05:00,11.76086502427714,12.580386934375989,11.703354738851845,12.46536636352539,41598400,0.0,0.0
2011-12-08 00:00:00-05:00,12.30721583288577,12.494123268775851,11.329539417935164,11.415804862976074,44160000,0.0,0.0
2011-12-09 00:00:00-05:00,11.753684918571476,12.098746890979648,11.681796664864509,11.775250434875488,34670000,0.0,0.0
2011-12-12 00:00:00-05:00,11.351106430099136,11.365484348102596,10.941345365076662,11.056365966796877,28770500,0.0,0.0
2011-12-13 00:00:00-05:00,11.854320840726077,11.89745321970882,10.718491472387386,10.905400276184082,40873800,0.0,0.0
2011-12-14 00:00:00-05:00,10.790383205980572,11.06355754246354,10.675362577056593,10.826327323913574,30075500,0.0,0.0
2011-12-15 00:00:00-05:00,11.228897678635663,11.25765283113808,10.768814553020093,10.79038143157959,28218400,0.0,0.0
2011-12-16 00:00:00-05:00,10.948532014489366,11.113874619119304,10.740057033400667,10.76881217956543,31307900,0.0,0.0
2011-12-19 00:00:00-05:00,10.75443642071298,10.804757761992176,10.085878323938037,10.179332733154297,31225900,0.0,0.0
2011-12-20 00:00:00-05:00,10.589092765322398,10.711302312771927,10.34467435600013,10.63941478729248,31173200,0.0,0.0
2011-12-21 00:00:00-05:00,10.646605921437263,10.768814808286717,10.40937505069781,10.718493461608888,20955300,0.0,0.0
2011-12-22 00:00:00-05:00,10.833512251978917,11.466126201189068,10.804757103631946,11.415804862976074,30203000,0.0,0.0
2011-12-23 00:00:00-05:00,11.509261083292309,11.523639002523828,11.171387522697772,11.329541206359863,14677300,0.0,0.0
2011-12-27 00:00:00-05:00,11.243279753781234,11.358300406308564,10.991671562194824,10.991671562194824,13135100,0.0,0.0
2011-12-28 00:00:00-05:00,11.041988290922816,11.056366209241554,10.69692647819564,10.7113037109375,17015400,0.0,0.0
2011-12-29 00:00:00-05:00,10.72567973366064,10.998853963245503,10.711301817882974,10.955720901489258,14000600,0.0,0.0
2011-12-30 00:00:00-05:00,10.883836909439282,10.991668570439316,10.783193523082796,10.87664794921875,16065400,0.0,0.0
2012-01-03 00:00:00-05:00,11.329540546893057,11.7105471574277,11.293596436483408,11.559581756591797,25777400,0.0,0.0
2012-01-04 00:00:00-05:00,11.32234991460307,11.559580048443848,11.142630074688736,11.45893669128418,20699600,0.0,0.0
2012-01-05 00:00:00-05:00,11.207331415667216,11.789623421599162,11.092310806375815,11.70335865020752,30615100,0.0,0.0
2012-01-06 00:00:00-05:00,11.559580971425,11.68179052717078,11.35829492661065,11.430182456970217,21677700,0.0,0.0
2012-01-09 00:00:00-05:00,11.502072769820945,11.825569114933726,11.451751420837605,11.645849227905272,19102900,0.0,0.0
2012-01-10 00:00:00-05:00,11.983723199511957,12.192197574211496,11.854324649830977,12.141876220703123,25241000,0.0,0.0
2012-01-11 00:00:00-05:00,11.976532632846306,12.321594471621632,11.868700979623249,12.292840003967283,21695000,0.0,0.0
2012-01-12 00:00:00-05:00,12.30721910581136,12.450994200204288,11.969344823122295,12.343162536621094,22256700,0.0,0.0
2012-01-13 00:00:00-05:00,11.919021213755231,12.11311899413022,11.753679269504124,11.954964637756348,22020700,0.0,0.0
2012-01-17 00:00:00-05:00,11.926208486063226,12.21375995086497,11.573957770286896,11.68178939819336,24135700,0.0,0.0
2012-01-18 00:00:00-05:00,11.717736507210011,12.50850431280515,11.523640064315783,12.47256088256836,37202500,0.0,0.0
2012-01-19 00:00:00-05:00,13.248951625819446,13.371161216156326,12.961400051836806,13.141119956970217,46368600,0.0,0.0
2012-01-20 00:00:00-05:00,12.867943992812132,13.241761697244518,12.810433682218992,13.220194816589355,27909000,0.0,0.0
2012-01-23 00:00:00-05:00,12.932637804018936,13.421475923271124,12.88231647488769,13.090790748596191,24346300,0.0,0.0
2012-01-24 00:00:00-05:00,12.832001468899826,13.126742002894575,12.681036035962432,13.040475845336914,19028800,0.0,0.0
2012-01-25 00:00:00-05:00,12.824808915604676,13.119549367034807,12.731353823500289,13.033283233642578,22144000,0.0,0.0
2012-01-26 00:00:00-05:00,13.148305022670282,13.572442611677191,12.982961716851634,13.083605766296388,22780400,0.0,0.0
2012-01-27 00:00:00-05:00,12.939431692989013,13.451241401353291,12.896179122616555,13.379155158996582,26265600,0.05,0.0
2012-01-30 00:00:00-05:00,13.54496026452549,13.55216765469476,13.098026452806026,13.11965274810791,31773300,0.0,0.0
2012-01-31 00:00:00-05:00,13.263818691136768,13.465659909509384,13.0115175119037,13.4440336227417,27734600,0.0,0.0
2012-02-01 00:00:00-05:00,13.833303045314116,14.482076735637923,13.703548032263104,13.977474212646484,51396600,0.0,0.0
2012-02-02 00:00:00-05:00,14.222563098151262,14.229771860927126,13.999096951823162,14.07118320465088,21612100,0.0,0.0
2012-02-03 00:00:00-05:00,14.395571626048175,14.777627865847744,14.301860444551526,14.640664100646973,32521300,0.0,0.0
2012-02-06 00:00:00-05:00,14.784834861755373,14.813668539178908,14.54695117955456,14.784834861755373,22866600,0.0,0.0
2012-02-07 00:00:00-05:00,14.676706236161804,14.763208643781107,14.510907434184675,14.604619979858398,21276100,0.0,0.0
2012-02-08 00:00:00-05:00,14.597409360583784,14.734373092651367,14.489280677343398,14.734373092651367,25262600,0.0,0.0
2012-02-09 00:00:00-05:00,14.80646406709928,14.92180154937066,14.575787727625276,14.662291526794434,21028000,0.0,0.0
2012-02-10 00:00:00-05:00,14.409987566274305,14.409987566274305,14.05676642119497,14.172103881835938,21980700,0.0,0.0
2012-02-13 00:00:00-05:00,14.40277914343218,14.482074165095575,14.027931700026503,14.085601806640623,21993300,0.0,0.0
2012-02-14 00:00:00-05:00,13.890973822742534,13.898182588405176,13.523335023536587,13.732383728027344,31791900,0.0,0.0
2012-02-15 00:00:00-05:00,13.83330411316347,13.94864160590524,13.588211597354364,13.667505264282228,23800300,0.0,0.0
2012-02-16 00:00:00-05:00,13.38636688875386,13.883760558873616,13.119649520307323,13.833300590515137,33070100,0.0,0.0
2012-02-17 00:00:00-05:00,14.071185066256676,14.085602593715828,13.725172656823585,13.811675071716309,16745200,0.0,0.0
2012-02-21 00:00:00-05:00,14.006305715935731,14.078391968770328,13.804464482985043,13.883759498596191,16347600,0.0,0.0
2012-02-22 00:00:00-05:00,13.869338973823597,13.883756496258933,13.46565797014842,13.501700401306152,15979100,0.0,0.0
2012-02-23 00:00:00-05:00,13.645881354259243,13.68192380781088,13.350328835355148,13.674715042114258,17149900,0.0,0.0
2012-02-24 00:00:00-05:00,13.717968036006807,13.717968036006807,13.26382540840723,13.328702926635742,19403600,0.0,0.0
2012-02-27 00:00:00-05:00,13.213365341120904,13.573795384659316,13.126861525701823,13.51612663269043,16093100,0.0,0.0
2012-02-28 00:00:00-05:00,13.465663557341584,13.717964804922758,13.28544857691663,13.48728847503662,21725300,0.0,0.0
2012-02-29 00:00:00-05:00,13.573795763547434,13.77563708853832,13.30707691891417,13.364747047424316,22033200,0.0,0.0
2012-03-01 00:00:00-05:00,13.508913115452032,13.927011763905025,13.422410705389217,13.833300590515137,29812700,0.0,0.0
2012-03-02 00:00:00-05:00,13.854926663414068,13.999099192141871,13.573791744819095,13.60262680053711,22798900,0.0,0.0
2012-03-05 00:00:00-05:00,13.53775051927335,13.53775051927335,13.098025504491204,13.184529304504396,27019000,0.0,0.0
2012-03-06 00:00:00-05:00,12.809678940081277,12.845721380007875,12.427622752176934,12.485291481018066,38827700,0.0,0.0
2012-03-07 00:00:00-05:00,12.643883092826504,12.95385168965914,12.61504803734563,12.8889741897583,20925800,0.0,0.0
2012-03-08 00:00:00-05:00,13.126857154224194,13.22056970429787,12.989894773241192,13.105232238769531,17986100,0.0,0.0
2012-03-09 00:00:00-05:00,13.1556894535462,13.371946812399312,13.01872572630949,13.242193222045898,22098500,0.0,0.0
2012-03-12 00:00:00-04:00,13.24219900495588,13.26382392532641,12.925020215185016,13.11965274810791,15071500,0.0,0.0
2012-03-13 00:00:00-04:00,13.400787240419264,13.775634762862213,13.256614693346958,13.645879745483398,41817700,0.0,0.0
2012-03-14 00:00:00-04:00,13.847717869627264,13.91259536992178,13.314281714374353,13.407994270324709,40971500,0.0,0.0
2012-03-15 00:00:00-04:00,13.523332300081297,14.085603534148731,13.371951001515331,14.063977241516112,27264900,0.0,0.0
2012-03-16 00:00:00-04:00,14.17931291875952,14.236981650193444,13.912594176545744,14.07839298248291,31754300,0.0,0.0
2012-03-19 00:00:00-04:00,14.02072561440728,14.777627959944155,13.91980429338619,14.46044921875,32102300,0.0,0.0
2012-03-20 00:00:00-04:00,14.309062783688791,14.921793695067706,14.265811594335728,14.712743759155272,29701300,0.0,0.0
2012-03-21 00:00:00-04:00,14.67670801385421,14.76321043195098,14.417198009701616,14.46044921875,23039500,0.0,0.0
2012-03-22 00:00:00-04:00,14.28023268591291,14.359527706294578,13.955846591037982,14.121644020080566,17652200,0.0,0.0
2012-03-23 00:00:00-04:00,14.179314323757024,14.741585542150268,14.128854350618749,14.655081748962402,33599800,0.0,0.0
2012-03-26 00:00:00-04:00,14.856923680322744,15.275022387062515,14.835297387326628,15.260604858398438,33065000,0.0,0.0
2012-03-27 00:00:00-04:00,15.08038599301374,15.26060093013153,14.936213493347168,14.936213493347168,32420300,0.0,0.0
2012-03-28 00:00:00-04:00,14.91459076960641,15.058761915499645,14.474865818530276,14.590203285217283,26485300,0.0,0.0
2012-03-29 00:00:00-04:00,14.453237756526203,14.525324008103398,13.970261658369168,14.229771614074709,21942200,0.0,0.0
2012-03-30 00:00:00-04:00,14.294649982450505,14.34510994917972,13.955846366603645,14.157686233520508,16142000,0.0,0.0
2012-04-02 00:00:00-04:00,14.157689988953978,14.453242479563448,14.013518813618155,14.28023624420166,16217900,0.0,0.0
2012-04-03 00:00:00-04:00,14.2081447488227,14.287439759828818,13.840507493085392,13.963053703308104,21315000,0.0,0.0
2012-04-04 00:00:00-04:00,13.645878955583232,13.768425201021634,13.40799522913589,13.472872734069824,22202200,0.0,0.0
2012-04-05 00:00:00-04:00,13.39357557661625,13.602625587130383,13.206151855961476,13.256611824035645,19891300,0.0,0.0
2012-04-09 00:00:00-04:00,12.946639185714105,13.090811671607115,12.824094360114987,12.96105670928955,18652000,0.0,0.0
2012-04-10 00:00:00-04:00,13.098026524281062,13.141277740189494,12.44204402078915,12.478086471557615,34606300,0.0,0.0
2012-04-11 00:00:00-04:00,12.881766267858277,12.975477444431723,12.557378781775055,12.6222562789917,24378200,0.0,0.0
2012-04-12 00:00:00-04:00,12.701554518400268,13.14848697354236,12.615050708571667,13.134069442749023,22665400,0.0,0.0
2012-04-13 00:00:00-04:00,13.054774681324057,13.054774681324057,12.44204342317136,12.456460952758787,30596100,0.0,0.0
2012-04-16 00:00:00-04:00,12.69434343848261,12.831305831253122,12.41320713899695,12.6150484085083,22987600,0.0,0.0
2012-04-17 00:00:00-04:00,12.87455934290956,12.99710559127178,12.76642924881899,12.867350578308104,24429000,0.0,0.0
2012-04-18 00:00:00-04:00,12.658302359851584,12.90339489201256,12.615051140920665,12.730388641357422,25795400,0.0,0.0
2012-04-19 00:00:00-04:00,13.35753234358126,13.364741106440542,12.809678740654274,13.025936126708984,49785500,0.0,0.0
2012-04-20 00:00:00-04:00,13.069192389037283,13.069192389037283,12.571799933545856,12.60063362121582,26969400,0.0,0.0
2012-04-23 00:00:00-04:00,12.189741972205711,12.362748199864935,11.98790068580431,12.240201950073242,28949100,0.0,0.0
2012-04-24 00:00:00-04:00,12.283453443386088,12.550170838322826,12.074403410931366,12.542962074279783,26875700,0.0,0.0
2012-04-25 00:00:00-04:00,12.687133661200065,12.744802394321974,12.175322451678426,12.35553741455078,30184200,0.0,0.0
2012-04-26 00:00:00-04:00,12.189258911511766,12.550743445030346,12.153109630787473,12.442296981811523,22707000,0.05,0.0
2012-04-27 00:00:00-04:00,12.49290365195431,12.529051547003377,12.153107371096356,12.254323959350586,35467000,0.0,0.0
2012-04-30 00:00:00-04:00,12.160341923260196,12.594123726181609,12.116964156654356,12.492908477783203,26501700,0.0,0.0
2012-05-01 00:00:00-04:00,12.45675372151268,12.782090275625093,12.362768371965611,12.644725799560549,20620900,0.0,0.0
2012-05-02 00:00:00-04:00,12.500133506754883,12.5218216922028,12.218174685347716,12.254323959350586,21032100,0.0,0.0
2012-05-03 00:00:00-04:00,12.268779490846985,12.297698903451248,11.712094587749805,11.733782768249512,46949600,0.0,0.0
2012-05-04 00:00:00-04:00,11.63980302375569,11.67595092791305,11.495208649217943,11.567505836486816,31208900,0.0,0.0
2012-05-07 00:00:00-04:00,11.459058011884808,11.755475167928031,11.444598302089082,11.675948143005373,18287300,0.0,0.0
2012-05-08 00:00:00-04:00,11.487974674086464,11.632568298631318,11.24216516762182,11.451826095581056,34812500,0.0,0.0
2012-05-09 00:00:00-04:00,11.155409942889872,11.408448635022951,11.097572488146492,11.198787689208984,33177300,0.0,0.0
2012-05-10 00:00:00-04:00,11.495200810713362,11.53134937969832,11.213243489479236,11.278310775756836,23652200,0.0,0.0
2012-05-11 00:00:00-04:00,10.85176141760352,11.01081405079175,10.62764079523575,10.808382987976074,56237300,0.0,0.0
2012-05-14 00:00:00-04:00,10.54811614940414,10.649331352105522,10.302306618026163,10.338455200195312,33857600,0.0,0.0
2012-05-15 00:00:00-04:00,10.41798049515898,10.519196377289187,10.172170988183316,10.222779273986816,33837600,0.0,0.0
2012-05-16 00:00:00-04:00,10.352916154173768,10.403524454459212,9.781770655489089,9.789000511169434,40665000,0.0,0.0
2012-05-17 00:00:00-04:00,9.846836992634143,10.070957669966186,9.64440588017344,9.731162071228027,37206700,0.0,0.0
2012-05-18 00:00:00-04:00,9.998657937953974,9.998657937953974,9.564876404327611,9.651633262634276,37704200,0.0,0.0
2012-05-21 00:00:00-04:00,9.485351642701165,9.716701464152433,9.441973895917476,9.535959243774414,32394400,0.0,0.0
2012-05-22 00:00:00-04:00,9.622715950012209,10.049267003572847,9.550418787319574,9.622715950012209,35996700,0.0,0.0
2012-05-23 00:00:00-04:00,9.441974791547386,9.72393224081732,9.261232554024843,9.666094779968262,47059000,0.0,0.0
2012-05-24 00:00:00-04:00,9.731161004574314,9.745620023426737,9.485351478791571,9.622715950012209,26212200,0.0,0.0
2012-05-25 00:00:00-04:00,9.557648247932176,9.695012024019784,9.521499668074336,9.579337120056152,16627700,0.0,0.0
2012-05-29 00:00:00-04:00,9.7022432928628,9.87575567411331,9.593798226950458,9.86129665374756,18585300,0.0,0.0
2012-05-30 00:00:00-04:00,9.622714514355453,9.658862400831858,9.449201487675705,9.463661193847656,24816700,0.0,0.0
2012-05-31 00:00:00-04:00,9.48534978190314,9.745618279977386,9.326296466119407,9.658862113952637,29034200,0.0,0.0
2012-06-01 00:00:00-04:00,9.376905056058504,9.413053632130431,9.131095566141475,9.203392028808594,31752500,0.0,0.0
2012-06-04 00:00:00-04:00,9.225081942663538,9.254000666737095,8.863597547005657,8.935894012451172,23735500,0.0,0.0
2012-06-05 00:00:00-04:00,8.892516397264222,9.36244584249707,8.885286543774049,9.297378540039062,25264700,0.0,0.0
2012-06-06 00:00:00-04:00,9.514269593030104,10.11433366049943,9.43474327077305,10.078185081481934,39047100,0.0,0.0
2012-06-07 00:00:00-04:00,10.28061918245176,10.316767769676964,9.680554978735056,9.695013999938965,42815800,0.0,0.0
2012-06-08 00:00:00-04:00,9.62994249004376,9.948049091818673,9.50703776065027,9.911900520324709,20410000,0.0,0.0
2012-06-11 00:00:00-04:00,10.172172907135993,10.280618663335668,9.637176049543733,9.666094779968262,23560500,0.0,0.0
2012-06-12 00:00:00-04:00,9.774540039673637,10.107105077924745,9.673324143590548,10.07095718383789,26987100,0.0,0.0
2012-06-13 00:00:00-04:00,9.962511547620828,10.208321091306454,9.796229026584603,9.868525505065918,23361000,0.0,0.0
2012-06-14 00:00:00-04:00,9.87575524627984,10.136024496357242,9.788999059413,10.07095718383789,20306000,0.0,0.0
2012-06-15 00:00:00-04:00,10.114334542328082,10.338455200195312,9.904673593119256,10.338455200195312,28808800,0.0,0.0
2012-06-18 00:00:00-04:00,10.193857212218775,10.367369505236796,9.96973664996308,9.991425514221191,28741200,0.0,0.0
2012-06-19 00:00:00-04:00,10.143252785974884,10.483048338981591,10.063726460580474,10.30953598022461,30216300,0.0,0.0
2012-06-20 00:00:00-04:00,10.35291524977161,10.45413115202357,10.12156540402648,10.266159057617188,28428000,0.0,0.0
2012-06-21 00:00:00-04:00,10.3095374223396,10.439671364872272,10.02757928281112,10.092646598815918,35058800,0.0,0.0
2012-06-22 00:00:00-04:00,10.38183191657842,10.425210348770449,10.085414813276046,10.222779273986816,44276800,0.0,0.0
2012-06-25 00:00:00-04:00,9.98420403693425,9.98420403693425,9.658867375279875,9.745623588562012,31764200,0.0,0.0
2012-06-26 00:00:00-04:00,9.615487582642636,9.926363775545775,9.615487582642636,9.767311096191406,26104300,0.0,0.0
2012-06-27 00:00:00-04:00,9.81791788524536,10.128794741693394,9.702242968281505,10.05649757385254,18167500,0.0,0.0
2012-06-28 00:00:00-04:00,9.854065049755004,10.070955832559044,9.80345745324222,10.02757740020752,21586000,0.0,0.0
2012-06-29 00:00:00-04:00,10.454132531701648,10.562577613837425,10.1649451863549,10.548118591308594,32233000,0.0,0.0
2012-07-02 00:00:00-04:00,10.562575407878292,10.830073818827124,10.490278931378995,10.801155090332031,25580200,0.0,0.0
2012-07-03 00:00:00-04:00,10.699939894205388,10.996357033894974,10.678251020185312,10.924059867858888,16563300,0.0,0.0
2012-07-05 00:00:00-04:00,10.808383254027715,10.90236927930339,10.48304743698224,10.490277290344238,22538100,0.0,0.0
2012-07-06 00:00:00-04:00,10.302305595282617,10.446899220128069,10.201089713152408,10.222779273986816,24562500,0.0,0.0
2012-07-09 00:00:00-04:00,10.215550828615957,10.251699412179695,9.984200996971053,10.07095718383789,17689100,0.0,0.0
2012-07-10 00:00:00-04:00,10.186628698411528,10.230006432622964,9.817914510231056,9.911900520324709,17878000,0.0,0.0
2012-07-11 00:00:00-04:00,9.940820142622991,10.208318492814549,9.919131273547112,9.984198570251465,23952100,0.0,0.0
2012-07-12 00:00:00-04:00,9.839608071065776,9.919135104184132,9.7600817274244,9.79623031616211,19514900,0.0,0.0
2012-07-13 00:00:00-04:00,9.882983750449904,10.193860561351348,9.825146300441746,10.15771198272705,23078400,0.0,0.0
2012-07-16 00:00:00-04:00,10.230007120037298,10.3384528418063,10.042035776695757,10.3023042678833,17246600,0.0,0.0
2012-07-17 00:00:00-04:00,10.396291236709724,10.446898831152131,10.056495713867143,10.367372512817385,19718200,0.0,0.0
2012-07-18 00:00:00-04:00,10.295075349308618,10.309535055980476,10.034806834506076,10.114333152770996,21021300,0.0,0.0
2012-07-19 00:00:00-04:00,9.752849476001602,9.926361831947052,9.398594910243771,9.579337120056152,61251700,0.0,0.0
2012-07-20 00:00:00-04:00,9.478123637069473,9.572109692734744,9.2323147485722,9.239543914794922,33452600,0.0,0.0
2012-07-23 00:00:00-04:00,8.993734198385487,9.181706306822694,8.88528912246701,9.138328552246094,23396100,0.0,0.0
2012-07-24 00:00:00-04:00,9.441971749211811,9.45643076502672,8.97204166938511,9.123865127563477,22631700,0.0,0.0
2012-07-25 00:00:00-04:00,9.20339339121032,9.449202917515157,9.16001564508408,9.36967658996582,25081600,0.0,0.0
2012-07-26 00:00:00-04:00,9.601024962820912,9.629943685711345,9.297378027733007,9.39859390258789,33523200,0.0,0.0
2012-07-27 00:00:00-04:00,9.500201591941972,9.906626936160222,9.398594909817962,9.790505409240724,32845000,0.05,0.0
2012-07-30 00:00:00-04:00,9.681641044673835,9.870338860174131,9.652610664761394,9.805020332336426,17374800,0.0,0.0
2012-07-31 00:00:00-04:00,9.739700008204014,9.971943004670928,9.652608884528922,9.9138822555542,16591100,0.0,0.0
2012-08-01 00:00:00-04:00,9.96468707578543,9.979202611811075,9.746959572511544,9.805020332336426,17840800,0.0,0.0
2012-08-02 00:00:00-04:00,9.52923372338825,9.696158275950268,9.420369252807829,9.456657409667969,25873800,0.0,0.0
2012-08-03 00:00:00-04:00,9.717932346865352,10.073554789256134,9.659871568194983,10.000978469848633,20978500,0.0,0.0
2012-08-06 00:00:00-04:00,10.08081082510769,10.320311668948916,10.00823451818776,10.262250900268556,17252700,0.0,0.0
2012-08-07 00:00:00-04:00,10.305795123349904,10.610614475196128,10.276764741847352,10.523523330688477,22901000,0.0,0.0
2012-08-08 00:00:00-04:00,10.43643049114287,10.654158663119016,10.349339360780167,10.57432460784912,13767600,0.0,0.0
2012-08-09 00:00:00-04:00,10.494495641269957,10.690450593644488,10.421919322826607,10.675935745239258,13960100,0.0,0.0
2012-08-10 00:00:00-04:00,10.603358268737791,10.65416196295518,10.479978956142558,10.603358268737791,10560000,0.0,0.0
2012-08-13 00:00:00-04:00,10.509009803004284,10.632389121012787,10.494494955547474,10.559813499450684,10787800,0.0,0.0
2012-08-14 00:00:00-04:00,10.639642293871653,10.733991184063347,10.421914138978414,10.443687438964844,14589200,0.0,0.0
2012-08-15 00:00:00-04:00,10.40740262763136,10.625130852186537,10.371114474849003,10.581584930419922,12441000,0.0,0.0
2012-08-16 00:00:00-04:00,10.625128629811387,10.733992373249324,10.51626419423465,10.58884048461914,13214900,0.0,0.0
2012-08-17 00:00:00-04:00,10.60335532741276,10.639643472605004,10.530779729167069,10.58884048461914,13839800,0.0,0.0
2012-08-20 00:00:00-04:00,10.581584269695629,10.799312480655647,10.530781274255888,10.76302433013916,11502600,0.0,0.0
2012-08-21 00:00:00-04:00,10.857375922091466,11.133164965032796,10.712223976369469,10.806572914123535,23169700,0.0,0.0
2012-08-22 00:00:00-04:00,10.675932013634066,10.99526618046058,10.639643867096346,10.784795761108398,17341700,0.0,0.0
2012-08-23 00:00:00-04:00,10.78479676421143,10.806570069442513,10.487235180775563,10.523523330688477,17988800,0.0,0.0
2012-08-24 00:00:00-04:00,10.407402551532714,10.6469033891505,10.291281017189416,10.56707000732422,15693900,0.0,0.0
2012-08-27 00:00:00-04:00,10.610615204913923,10.668675971912004,10.501751439827256,10.545296669006348,9107500,0.0,0.0
2012-08-28 00:00:00-04:00,10.516263890621168,10.690446151948596,10.487233513733264,10.596097946166992,10958300,0.0,0.0
2012-08-29 00:00:00-04:00,10.632388131178692,10.857374128995646,10.574327362478634,10.748510360717772,28938700,0.0,0.0
2012-08-30 00:00:00-04:00,10.654156998633466,10.835596998244316,10.603353328088131,10.813823699951172,20122200,0.0,0.0
2012-08-31 00:00:00-04:00,10.915433464339184,11.067843135197956,10.748508949280888,10.88640308380127,25759500,0.0,0.0
2012-09-04 00:00:00-04:00,11.096874749037212,11.358148202916258,10.98075321397986,11.256542205810549,31820800,0.0,0.0
2012-09-05 00:00:00-04:00,11.263796598202465,11.474266990435275,11.176704780878293,11.379918098449709,31345100,0.0,0.0
2012-09-06 00:00:00-04:00,11.496042309510251,11.873437966443957,11.46701192760296,11.793603897094728,33577300,0.0,0.0
2012-09-07 00:00:00-04:00,11.98230430636648,12.417760820905436,11.902470219822211,12.395987510681152,37944700,0.0,0.0
2012-09-10 00:00:00-04:00,12.287124210279725,12.374214686038204,12.047623325526663,12.05488109588623,25983100,0.0,0.0
2012-09-11 00:00:00-04:00,12.272607630129905,12.541139573577864,12.112940848576924,12.519366264343262,24605100,0.0,0.0
2012-09-12 00:00:00-04:00,12.63548343607658,12.679028655188176,12.417755956241042,12.642741203308104,24508000,0.0,0.0
2012-09-13 00:00:00-04:00,12.570168904933844,13.107231392027732,12.388728819390854,12.99110984802246,39763900,0.0,0.0
2012-09-14 00:00:00-04:00,13.179806588255252,13.426565194463294,13.13626135900615,13.23786735534668,36010200,0.0,0.0
2012-09-17 00:00:00-04:00,13.056422392421426,13.128998670158138,12.845952709690064,12.918527603149414,23210400,0.0,0.0
2012-09-18 00:00:00-04:00,12.860473114848071,12.918533888430396,12.737093797950878,12.795154571533203,20749400,0.0,0.0
2012-09-19 00:00:00-04:00,12.889501771673194,12.94030476597643,12.708061715288624,12.751606941223145,20723700,0.0,0.0
2012-09-20 00:00:00-04:00,12.308896309456252,12.512109729535467,12.221805832478138,12.490336418151855,25015800,0.0,0.0
2012-09-21 00:00:00-04:00,12.700806932430613,12.700806932430613,12.323411194211644,12.395987510681152,35060300,0.0,0.0
2012-09-24 00:00:00-04:00,12.229058088096956,12.57742260746654,12.170997334868693,12.366952896118164,19625200,0.0,0.0
2012-09-25 00:00:00-04:00,12.468564636035923,12.512109875031344,12.025850322701574,12.04762363433838,20483800,0.0,0.0
2012-09-26 00:00:00-04:00,12.08390782179534,12.120196664670289,11.829891458781953,11.924241065979004,23131300,0.0,0.0
2012-09-27 00:00:00-04:00,12.17099781608948,12.3161490127604,12.004073316993,12.221800804138184,19249800,0.0,0.0
2012-09-28 00:00:00-04:00,12.229058337733663,12.30163462681991,12.076647992224787,12.149224281311035,17753000,0.0,0.0
2012-10-01 00:00:00-04:00,12.29438205224171,12.483079929854934,12.141971642359495,12.185518264770508,20283300,0.0,0.0
2012-10-02 00:00:00-04:00,12.27986366471543,12.35969773635029,12.200029593080572,12.272605895996094,17031300,0.0,0.0
2012-10-03 00:00:00-04:00,12.323412302977417,12.512110189064485,12.163745499801385,12.359701156616213,20785000,0.0,0.0
2012-10-04 00:00:00-04:00,12.533881091925776,12.758866404125673,12.512107783927863,12.679032325744627,19626200,0.0,0.0
2012-10-05 00:00:00-04:00,12.853211772222751,12.976591054823386,12.570165752723865,12.70080280303955,21838600,0.0,0.0
2012-10-08 00:00:00-04:00,12.46130121138828,12.744347212848504,12.46130121138828,12.664514541625977,13635400,0.0,0.0
2012-10-09 00:00:00-04:00,12.708066261403648,12.780642586776096,12.519368369146598,12.591944694519045,17241700,0.0,0.0
2012-10-10 00:00:00-04:00,12.599196594158451,12.715318106929509,12.454044011055815,12.628226280212402,15204000,0.0,0.0
2012-10-11 00:00:00-04:00,12.8822440265602,12.998365552113734,12.831441032165252,12.962078094482422,16506700,0.0,0.0
2012-10-12 00:00:00-04:00,12.758868593755498,12.874990154450115,12.497594390053507,12.562912940979004,20821400,0.0,0.0
2012-10-15 00:00:00-04:00,12.708065583765782,12.904021236538874,12.628231491685296,12.882247924804688,17808900,0.0,0.0
2012-10-16 00:00:00-04:00,12.97659289417054,13.09271580979343,12.845957209615747,12.96933650970459,18636900,0.0,0.0
2012-10-17 00:00:00-04:00,13.049172573725675,13.426568340384884,12.947566553578271,13.419310569763184,24018500,0.0,0.0
2012-10-18 00:00:00-04:00,13.470109224366697,13.477366992641649,12.845956379776355,12.911274909973145,51097100,0.0,0.0
2012-10-19 00:00:00-04:00,12.766126148182646,13.099975283457525,12.562912728268694,12.722580909729004,29226000,0.0,0.0
2012-10-22 00:00:00-04:00,12.708059760863495,12.824181268348593,12.46130121138828,12.664514541625977,21274000,0.0,0.0
2012-10-23 00:00:00-04:00,12.41775608062744,12.52661982163568,12.294376805010751,12.41775608062744,24205700,0.0,0.0
2012-10-24 00:00:00-04:00,12.51936799815438,12.628231790847902,12.425019746960857,12.468564987182615,14264500,0.0,0.0
2012-10-25 00:00:00-04:00,12.657261066937416,12.73709376523428,12.258092038340966,12.410502433776855,18872800,0.0,0.0
2012-10-26 00:00:00-04:00,12.366952896118164,12.432270032257106,12.236315855285184,12.366952896118164,13195100,0.0,0.0
2012-10-31 00:00:00-04:00,12.51253576221066,12.8109730858792,12.468860991660296,12.650835037231444,26046300,0.05,0.0
2012-11-01 00:00:00-04:00,12.672671824870076,12.818251609802246,12.607161060485774,12.818251609802246,25089900,0.0,0.0
2012-11-02 00:00:00-04:00,12.927434504948016,12.98566613562272,12.752739612923913,12.94199275970459,19752700,0.0,0.0
2012-11-05 00:00:00-05:00,12.847362794040032,12.934710915883738,12.67266793870392,12.92015266418457,16147600,0.0,0.0
2012-11-06 00:00:00-05:00,12.985666911846886,13.276825082624503,12.978387784033488,13.24043083190918,15345900,0.0,0.0
2012-11-07 00:00:00-05:00,12.796412661928638,12.840086036731032,12.104910850524902,12.104910850524902,42700600,0.0,0.0
2012-11-08 00:00:00-05:00,12.206816262405228,12.381511135934732,12.017563135660406,12.024842262268066,21125000,0.0,0.0
2012-11-09 00:00:00-05:00,11.952055211553116,12.359676679536342,11.864707059952254,12.09035587310791,20657200,0.0,0.0
2012-11-12 00:00:00-05:00,12.155864173661604,12.301442545660546,12.07579516663372,12.206816673278809,10731100,0.0,0.0
2012-11-13 00:00:00-05:00,12.010284009052748,12.308721258209578,11.966610637758231,12.024842262268066,14431200,0.0,0.0
2012-11-14 00:00:00-05:00,12.11947165644751,12.163145040444554,11.6390602674245,11.7118501663208,20059100,0.0,0.0
2012-11-15 00:00:00-05:00,11.94477257133618,11.952051697525423,11.719125212874966,11.835588455200195,16252800,0.0,0.0
2012-11-16 00:00:00-05:00,11.864705762486343,11.9083805276866,11.60994254640045,11.777359008789062,16940700,0.0,0.0
2012-11-19 00:00:00-05:00,12.003004882445088,12.228652253876763,11.959331511150571,12.024842262268066,14758800,0.0,0.0
2012-11-20 00:00:00-05:00,11.959335617894808,12.097636294228847,11.83559319977528,11.901103973388672,15426700,0.0,0.0
2012-11-21 00:00:00-05:00,11.98116654057566,12.017562170691514,11.755519187262689,11.828309059143066,12734400,0.0,0.0
2012-11-23 00:00:00-05:00,11.944776116774458,12.053960265318386,11.90110273502724,11.95933437347412,8600700,0.0,0.0
2012-11-26 00:00:00-05:00,11.879265316611026,12.104912741414912,11.813754549998322,12.09035587310791,13217700,0.0,0.0
2012-11-27 00:00:00-05:00,12.032122355304764,12.257769744860608,11.988447592150818,12.104910850524902,19041400,0.0,0.0
2012-11-28 00:00:00-05:00,11.9447746025725,12.33056002609812,11.835590467869508,12.286885261535645,23800600,0.0,0.0
2012-11-29 00:00:00-05:00,12.35239792143818,12.447025204204635,12.119471361323535,12.272330284118652,19084300,0.0,0.0
2012-11-30 00:00:00-05:00,12.2796049118042,12.410625012581834,12.184977663721613,12.2796049118042,17198700,0.0,0.0
2012-12-03 00:00:00-05:00,12.38151466922717,12.38151466922717,11.959334923966273,11.988450050354004,15532000,0.0,0.0
2012-12-04 00:00:00-05:00,11.98117033651889,12.119470998073684,11.901102701599184,12.09035587310791,14287900,0.0,0.0
2012-12-05 00:00:00-05:00,12.155871016261042,12.4615875744051,12.155871016261042,12.359681129455566,15736300,0.0,0.0
2012-12-06 00:00:00-05:00,12.337843156007295,12.410631677187997,12.14858994656297,12.18498420715332,16042600,0.0,0.0
2012-12-07 00:00:00-05:00,12.352395057678224,12.432464064786489,12.279606565781426,12.352395057678224,11488400,0.0,0.0
2012-12-10 00:00:00-05:00,12.308723703395843,12.403350979742132,12.22865468315694,12.381513595581056,9740400,0.0,0.0
2012-12-11 00:00:00-05:00,12.563483827662758,13.022057649376148,12.534367324264425,12.92015266418457,36051800,0.0,0.0
2012-12-12 00:00:00-05:00,12.949274082452888,13.058458234934664,12.818252544134026,12.883763313293455,27771300,0.0,0.0
2012-12-13 00:00:00-05:00,12.854648422427134,13.051180754728088,12.796416774525222,12.95655345916748,19220900,0.0,0.0
2012-12-14 00:00:00-05:00,12.898316525431142,13.1676386543271,12.883759660685184,13.138522148132324,16296500,0.0,0.0
2012-12-17 00:00:00-05:00,13.16036217394127,13.502472860409734,13.153083045928955,13.487915992736816,16686000,0.0,0.0
2012-12-18 00:00:00-05:00,13.553425617311504,13.9901621545283,13.553425617311504,13.917373657226562,25465100,0.0,0.0
2012-12-19 00:00:00-05:00,14.026554089961694,14.157575571891162,13.713558636097128,13.895532608032228,21889300,0.0,0.0
2012-12-20 00:00:00-05:00,13.866423665907684,14.121187643181072,13.83002940701948,14.026561737060549,19134000,0.0,0.0
2012-12-21 00:00:00-05:00,13.640772798525484,13.888257584521224,13.517030405527612,13.771794319152832,21669400,0.0,0.0
2012-12-24 00:00:00-05:00,13.757239720525922,13.81547136868791,13.699008072363933,13.793635368347168,3205700,0.0,0.0
2012-12-26 00:00:00-05:00,13.844582164677355,13.910092915326572,13.71356066337892,13.74267578125,9052900,0.0,0.0
2012-12-27 00:00:00-05:00,13.7863553327954,13.880981234208171,13.466080594775711,13.662612915039062,14656100,0.0,0.0
2012-12-28 00:00:00-05:00,13.50975102392358,13.662609924565716,13.50975102392358,13.553425788879396,11258500,0.0,0.0
2012-12-31 00:00:00-05:00,13.53886736251052,13.982883027127809,13.480635731658174,13.917373657226562,19954000,0.0,0.0
2013-01-02 00:00:00-05:00,14.674389581628043,14.681668711371506,14.201257255119256,14.281326293945312,29812900,0.0,0.0
2013-01-03 00:00:00-05:00,14.164856756357995,14.274042276772803,14.062951751545846,14.252204895019531,29859500,0.0,0.0
2013-01-04 00:00:00-05:00,14.32499327717679,14.739893768524968,14.252203400649591,14.69622039794922,31983900,0.0,0.0
2013-01-07 00:00:00-05:00,14.572485886001378,14.652553543860346,14.317721874890438,14.412347793579102,21445100,0.0,0.0
2013-01-08 00:00:00-05:00,14.3686676071356,14.40506324200501,14.259483479230386,14.303156852722168,22206200,0.0,0.0
2013-01-09 00:00:00-05:00,14.339557943540978,14.514252892327974,14.128467346036668,14.281326293945312,26993800,0.0,0.0
2013-01-10 00:00:00-05:00,14.456015849535309,14.870916371658872,14.426899341424132,14.805405616760254,39869800,0.0,0.0
2013-01-11 00:00:00-05:00,14.674388198823328,14.863641389263444,14.62343568377251,14.68166732788086,20880000,0.0,0.0
2013-01-14 00:00:00-05:00,14.732616711960423,14.732616711960423,14.37594779405196,14.608874320983888,14590200,0.0,0.0
2013-01-15 00:00:00-05:00,14.506968345420985,14.950985375503992,14.44873671757006,14.870916366577148,25277000,0.0,0.0
2013-01-16 00:00:00-05:00,15.089285161864932,15.18391242821586,14.819964394084906,14.9509859085083,30630600,0.0,0.0
2013-01-17 00:00:00-05:00,14.958267695273983,15.10384750366211,14.849083533158865,15.10384750366211,26063600,0.0,0.0
2013-01-18 00:00:00-05:00,15.999153692021578,16.348543437621075,15.86085445210809,16.290311813354492,65729400,0.0,0.0
2013-01-22 00:00:00-05:00,16.108338865316586,16.72705078125,16.035550371496264,16.72705078125,38089200,0.0,0.0
2013-01-23 00:00:00-05:00,16.639702526008435,16.697934148800666,16.355822150088844,16.501401901245117,24266100,0.0,0.0
2013-01-24 00:00:00-05:00,16.428615420873562,16.76344836239041,16.384942041841516,16.45045280456543,20294700,0.0,0.0
2013-01-25 00:00:00-05:00,16.559637202136432,16.632427093882097,16.43589480267431,16.523242950439453,14059600,0.0,0.0
2013-01-28 00:00:00-05:00,16.58875002702795,16.58875002702795,16.23935890197754,16.23935890197754,13892000,0.0,0.0
2013-01-29 00:00:00-05:00,16.217525060191843,16.50140408533362,16.050107907697754,16.443172454833984,14548300,0.0,0.0
2013-01-30 00:00:00-05:00,16.275756010817293,16.741609035354674,16.275756010817293,16.72705078125,23160400,0.0,0.0
2013-01-31 00:00:00-05:00,16.59602967208628,16.7561676944047,16.457730419804182,16.63242530822754,19819100,0.0,0.0
2013-02-01 00:00:00-05:00,16.8075049155948,17.31814874106117,16.756439280791515,17.150365829467773,31744400,0.05,0.0
2013-02-04 00:00:00-05:00,16.661603579685252,16.880450704410183,16.6470134003313,16.69078254699707,26405700,0.0,0.0
2013-02-05 00:00:00-05:00,16.9023426254202,17.13578002136923,16.785623927445684,17.070125579833984,23873200,0.0,0.0
2013-02-06 00:00:00-05:00,16.95340447407903,17.143072679199445,16.90234022489208,17.062828063964844,15851000,0.0,0.0
2013-02-07 00:00:00-05:00,17.040942678758636,17.20143050368527,16.537592539975755,16.851274490356445,20157900,0.0,0.0
2013-02-08 00:00:00-05:00,16.83668460922822,17.07741704661447,16.807505636628,17.011762619018555,16025800,0.0,0.0
2013-02-11 00:00:00-05:00,16.931518361577716,17.121186557311177,16.87315902376714,16.98258399963379,10258200,0.0,0.0
2013-02-12 00:00:00-05:00,16.997176817587988,17.25249950277511,16.924228671588835,17.2379093170166,15347000,0.0,0.0
2013-02-13 00:00:00-05:00,17.26708968853362,17.412988763325316,17.062831262104584,17.2379093170166,15783400,0.0,0.0
2013-02-14 00:00:00-05:00,17.164955268405805,17.42027647439746,17.070120484983573,17.38380241394043,16316300,0.0,0.0
2013-02-15 00:00:00-05:00,17.420274731569922,17.464045269414758,17.099299135750936,17.412981033325195,17504700,0.0,0.0
2013-02-19 00:00:00-05:00,17.500526134993933,17.74855371369486,17.369217253164425,17.74125862121582,17457300,0.0,0.0
2013-02-20 00:00:00-05:00,17.785027041490164,17.85068147966134,17.033650635703577,17.084714889526367,17432700,0.0,0.0
2013-02-21 00:00:00-05:00,16.9388098565937,16.9388098565937,16.457345074023063,16.654308319091797,22324700,0.0,0.0
2013-02-22 00:00:00-05:00,16.931522220596367,17.208730181924885,16.822098611186345,17.201435089111328,17827100,0.0,0.0
2013-02-25 00:00:00-05:00,17.383800458886714,17.398390637987145,16.063419861011308,16.070714950561523,30074300,0.0,0.0
2013-02-26 00:00:00-05:00,16.30415757571935,16.41358117191951,15.888347075320832,16.36981201171875,30923000,0.0,0.0
2013-02-27 00:00:00-05:00,16.36980983546454,16.771030098657814,16.30415540819345,16.70537567138672,18051600,0.0,0.0
2013-02-28 00:00:00-05:00,16.712671895592973,16.763736144400507,16.413580102809053,16.450054168701172,14890300,0.0,0.0
2013-03-01 00:00:00-05:00,16.333328420599468,16.60324112215544,15.932108303811868,16.36250877380371,22333000,0.0,0.0
2013-03-04 00:00:00-05:00,16.31144850177248,16.537590728349848,16.13637051428715,16.486526489257812,17138300,0.0,0.0
2013-03-05 00:00:00-05:00,16.632426534535973,16.778325574349736,16.544888223764808,16.58865737915039,15014100,0.0,0.0
2013-03-06 00:00:00-05:00,16.771030618022543,16.771030618022543,16.347925068837412,16.712671279907227,18583200,0.0,0.0
2013-03-07 00:00:00-05:00,16.78561763660582,17.0482353043241,16.698077950234357,16.938810348510742,17820000,0.0,0.0
2013-03-08 00:00:00-05:00,16.98987722026185,17.019056190256457,16.537591358477624,16.800209045410156,19394000,0.0,0.0
2013-03-11 00:00:00-04:00,16.80021024567053,16.98258334320383,16.523002358237974,16.851274490356445,14219200,0.0,0.0
2013-03-12 00:00:00-04:00,16.814798420086277,16.8585689636963,16.48652769138867,16.5375919342041,13077000,0.0,0.0
2013-03-13 00:00:00-04:00,16.566776070447975,16.676201072193592,16.43546857286729,16.617841720581055,12025800,0.0,0.0
2013-03-14 00:00:00-04:00,16.74185027571814,16.829388580035108,16.537591913318114,16.63242530822754,21068400,0.0,0.0
2013-03-15 00:00:00-04:00,16.654308766158984,17.259787305426762,16.610539618767465,17.208723068237305,24186700,0.0,0.0
2013-03-18 00:00:00-04:00,16.800216522449013,16.916935237166246,16.464649174089345,16.77103614807129,23417000,0.0,0.0
2013-03-19 00:00:00-04:00,16.829389010934207,16.9169287088888,16.048832385707307,16.33333396911621,32781600,0.0,0.0
2013-03-20 00:00:00-04:00,16.479233794988254,16.719966236703502,16.289565599788908,16.58865737915039,17813500,0.0,0.0
2013-03-21 00:00:00-04:00,16.464643062968854,16.54488767132667,16.085306685236308,16.092601776123047,17557200,0.0,0.0
2013-03-22 00:00:00-04:00,16.194725903518627,16.347918583525285,15.99776269374222,16.18013572692871,16558900,0.0,0.0
2013-03-25 00:00:00-04:00,16.318743143320702,16.406281438959294,15.88834258080862,16.026945114135742,23992000,0.0,0.0
2013-03-26 00:00:00-04:00,16.1655528176574,16.267681316907634,16.019653768960108,16.209321975708008,14889200,0.0,0.0
2013-03-27 00:00:00-04:00,16.063422240462188,16.304154665694345,15.990472725550203,16.260385513305664,13926000,0.0,0.0
2013-03-28 00:00:00-04:00,16.30415736987629,16.34063143768368,15.968590102183017,16.034244537353516,18376400,0.0,0.0
2013-04-01 00:00:00-04:00,16.041527843407252,16.143656271350896,15.6986671271711,15.800795555114746,14219100,0.0,0.0
2013-04-02 00:00:00-04:00,15.633018569646532,15.983174502933664,15.611133302042589,15.829981803894045,21701700,0.0,0.0
2013-04-03 00:00:00-04:00,15.815398147399286,15.837282032631649,15.282868938664429,15.399587631225586,25406800,0.0,0.0
2013-04-04 00:00:00-04:00,15.406882994974932,15.6038449225204,15.33393346298936,15.560075759887695,17321000,0.0,0.0
2013-04-05 00:00:00-04:00,15.253688677591752,15.749743820179544,15.166150353250716,15.727858543395996,18163200,0.0,0.0
2013-04-08 00:00:00-04:00,15.66949322463972,15.873751555914785,15.45794119527988,15.859161376953123,14263500,0.0,0.0
2013-04-09 00:00:00-04:00,15.88104664539561,16.121779032678766,15.859161376953123,15.859161376953123,13196200,0.0,0.0
2013-04-10 00:00:00-04:00,15.968589519334992,16.43546564032845,15.954000727582422,16.209321975708008,17467300,0.0,0.0
2013-04-11 00:00:00-04:00,16.25308938643036,16.508410585249447,16.223909025767508,16.24579429626465,14692800,0.0,0.0
2013-04-12 00:00:00-04:00,16.114492451934492,16.216620975799664,15.713272058409796,15.917529106140137,25150400,0.0,0.0
2013-04-15 00:00:00-04:00,15.86645595702818,16.231202070982853,15.618428488227323,15.669492721557615,22458100,0.0,0.0
2013-04-16 00:00:00-04:00,15.910223180471668,15.946698622301517,15.457938832948212,15.939403533935549,21839800,0.0,0.0
2013-04-17 00:00:00-04:00,15.713270390340044,15.924822508945466,15.217215227545768,15.66220474243164,45475800,0.0,0.0
2013-04-18 00:00:00-04:00,15.57466121676428,15.662199515456813,14.815988540649412,14.815988540649414,47193400,0.0,0.0
2013-04-19 00:00:00-04:00,14.8597572440738,15.049423998255214,14.706563153209125,15.01294994354248,24644100,0.0,0.0
2013-04-22 00:00:00-04:00,15.034839004433216,15.231800897529018,14.976479667331432,15.107787132263184,16156600,0.0,0.0
2013-04-23 00:00:00-04:00,15.297455717459677,15.851870129823304,15.2536865613615,15.764331817626951,23437700,0.0,0.0
2013-04-24 00:00:00-04:00,15.800809160234058,15.888348881986245,15.61114092260155,15.647616386413574,17955700,0.0,0.0
2013-04-25 00:00:00-04:00,15.727854748394998,15.910227836729714,15.60384099267154,15.633021354675291,18496600,0.0,0.0
2013-04-26 00:00:00-04:00,15.640332845511406,15.742701566704412,15.537965518968626,15.647644996643066,17348300,0.05,0.0
2013-04-29 00:00:00-04:00,15.7646353136231,16.239913940429688,15.742700256703634,16.239913940429688,19028600,0.0,0.0
2013-04-30 00:00:00-04:00,16.247232415508755,16.40078484696888,16.130240750896593,16.196048736572266,14015800,0.0,0.0
2013-05-01 00:00:00-04:00,16.166792452672908,16.166792452672908,15.85237700733329,15.976680755615234,13070800,0.0,0.0
2013-05-02 00:00:00-04:00,16.02055991129218,16.334975506861262,15.750017232302882,16.298416137695312,16779000,0.0,0.0
2013-05-03 00:00:00-04:00,16.729821440616846,16.92724537474953,16.576270421613977,16.642078399658203,20261100,0.0,0.0
2013-05-06 00:00:00-04:00,16.671320662007364,17.183160029249287,16.656697755959083,17.022296905517578,17400300,0.0,0.0
2013-05-07 00:00:00-04:00,17.073487592480042,17.102734811267787,16.8248799568563,17.014991760253906,12100700,0.0,0.0
2013-05-08 00:00:00-04:00,16.95649160312053,17.365962324264256,16.861435028341443,17.307466506958008,15207900,0.0,0.0
2013-05-09 00:00:00-04:00,17.300154956443162,17.35865077578146,17.036923072095647,17.117355346679688,12965300,0.0,0.0
2013-05-10 00:00:00-04:00,17.1100388997947,17.504886627197266,17.007671590312547,17.504886627197266,15032800,0.0,0.0
2013-05-13 00:00:00-04:00,17.40252614743666,17.534142118772085,17.241662957277057,17.314783096313477,14510500,0.0,0.0
2013-05-14 00:00:00-04:00,17.205107906154844,17.91437022524317,17.205107906154844,17.74619483947754,19210900,0.0,0.0
2013-05-15 00:00:00-04:00,17.72425331512593,18.206844263720527,17.658445331712976,18.17759704589844,19670500,0.0,0.0
2013-05-16 00:00:00-04:00,18.031359991738253,18.184912445330387,17.855872469526425,17.972864151000977,18863800,0.0,0.0
2013-05-17 00:00:00-04:00,18.11909498321881,18.4554455430574,18.05328702244168,18.418886184692383,14505800,0.0,0.0
2013-05-20 00:00:00-04:00,18.36039293938376,18.587064061142108,18.25802421129102,18.331144332885746,11410100,0.0,0.0
2013-05-21 00:00:00-04:00,18.32383148340336,18.630934866684985,18.221464153859564,18.36770439147949,10442900,0.0,0.0
2013-05-22 00:00:00-04:00,18.528572661165818,18.78449245044945,17.950925096935595,18.060606002807617,18372500,0.0,0.0
2013-05-23 00:00:00-04:00,17.68768634086972,18.10446912689106,17.54875828064594,17.731557846069336,22658200,0.0,0.0
2013-05-24 00:00:00-04:00,17.673065839416857,17.811993929500648,17.534137749333063,17.8046817779541,11617400,0.0,0.0
2013-05-28 00:00:00-04:00,18.14103251554298,18.31651997000884,17.94361000092534,18.08253669738769,15357400,0.0,0.0
2013-05-29 00:00:00-04:00,18.002112135666305,18.49201530760804,17.936304142819594,18.265342712402344,17451200,0.0,0.0
2013-05-30 00:00:00-04:00,18.27995711937461,18.9526595971536,18.104469698386623,18.879539489746094,21200700,0.0,0.0
2013-05-31 00:00:00-04:00,19.01115416024041,19.318257475537987,18.938034057617188,18.938034057617188,28330600,0.0,0.0
2013-06-03 00:00:00-04:00,19.05503266983619,19.23052014386268,18.41889075082149,18.75524139404297,26208200,0.0,0.0
2013-06-04 00:00:00-04:00,18.86492410860644,19.084284534541823,18.499324793364835,18.623628616333008,18632300,0.0,0.0
2013-06-05 00:00:00-04:00,18.58706205086348,18.762549486920825,18.14834276339503,18.30189514160156,21478400,0.0,0.0
2013-06-06 00:00:00-04:00,18.35308461406561,18.587067936230017,17.987485324521085,18.57975578308105,18339600,0.0,0.0
2013-06-07 00:00:00-04:00,18.850295687587074,19.74235725402832,18.71136759788998,19.74235725402832,32830300,0.0,0.0
2013-06-10 00:00:00-04:00,19.72041959234636,19.86665982461816,19.44987697568879,19.852035522460938,34956600,0.0,0.0
2013-06-11 00:00:00-04:00,19.57418239724641,19.5888067006308,19.003847117108275,19.076967239379883,25321300,0.0,0.0
2013-06-12 00:00:00-04:00,19.4352595166874,19.46450813130029,18.579757064370376,18.696748733520508,26046400,0.0,0.0
2013-06-13 00:00:00-04:00,18.682116345899143,19.369443150864328,18.58706117882156,19.281700134277344,19571900,0.0,0.0
2013-06-14 00:00:00-04:00,19.22320227042336,19.36212893094592,18.74792230188314,18.886850357055664,15473900,0.0,0.0
2013-06-17 00:00:00-04:00,19.069655812225747,19.25245542752494,18.96728847394632,19.16471099853516,15087100,0.0,0.0
2013-06-18 00:00:00-04:00,19.17933781602528,19.3036416265054,19.04041109433912,19.24514579772949,14805700,0.0,0.0
2013-06-19 00:00:00-04:00,19.289017245740304,19.51568980168589,19.033098867496182,19.09159469604492,18210200,0.0,0.0
2013-06-20 00:00:00-04:00,18.806421752460576,18.828358205842434,18.243400062161783,18.38963890075684,25968000,0.0,0.0
2013-06-21 00:00:00-04:00,18.645554629573905,18.68942613231798,17.66574890217332,18.214147567749023,35690500,0.0,0.0
2013-06-24 00:00:00-04:00,17.760812854451004,18.06060413834449,17.49026878636028,17.841243743896484,22715500,0.0,0.0
2013-06-25 00:00:00-04:00,18.067910498874934,18.47007042682525,18.01672683768948,18.30189514160156,19049600,0.0,0.0
2013-06-26 00:00:00-04:00,18.535884924964776,18.565132143961083,18.148349162046426,18.19222068786621,15125600,0.0,0.0
2013-06-27 00:00:00-04:00,18.3969509399529,18.55050332339121,18.265335009762985,18.30920791625977,12139800,0.0,0.0
2013-06-28 00:00:00-04:00,18.11178003462438,18.19221088953212,17.738868779379704,17.86317253112793,18545200,0.0,0.0
2013-07-01 00:00:00-04:00,18.016726748252665,18.34576656088316,17.943608029579366,17.980167388916016,13776500,0.0,0.0
2013-07-02 00:00:00-04:00,17.921672784863855,18.41888791538872,17.621881555220966,17.8704891204834,18627700,0.0,0.0
2013-07-03 00:00:00-04:00,17.658441436338027,17.687690042358607,17.42445816677459,17.57801055908203,15395700,0.0,0.0
2013-07-05 00:00:00-04:00,17.731566138964286,18.009420994712077,17.665758153062058,17.96554946899414,15322700,0.0,0.0
2013-07-08 00:00:00-04:00,18.14103700863468,18.33846096679973,17.877806459065276,18.19222068786621,22795300,0.0,0.0
2013-07-09 00:00:00-04:00,18.35308080810234,18.63824774852249,18.03135310951914,18.60168838500977,20640600,0.0,0.0
2013-07-10 00:00:00-04:00,18.5212580227838,18.66018612883777,18.323834092283484,18.5285701751709,10066000,0.0,0.0
2013-07-11 00:00:00-04:00,18.886865073684486,19.01116892629632,18.44814551183975,18.68212890625,14064000,0.0,0.0
2013-07-12 00:00:00-04:00,18.835673763279704,19.113528583113705,18.73330641828567,19.106216430664062,15134200,0.0,0.0
2013-07-15 00:00:00-04:00,19.3548196000795,19.59611499702152,19.17933216545351,19.515684127807617,18378800,0.0,0.0
2013-07-16 00:00:00-04:00,19.632673162049503,19.6838568160682,19.12814598237237,19.28900909423828,19035300,0.0,0.0
2013-07-17 00:00:00-04:00,19.376757254464447,19.486436733578536,19.2378291704398,19.406005859375,15826000,0.0,0.0
2013-07-18 00:00:00-04:00,20.2395756762702,20.436999615478523,20.02752743164262,20.254199981689453,36282000,0.0,0.0
2013-07-19 00:00:00-04:00,20.23225780229924,20.37118587519512,19.9763381084332,20.18107414245605,17528300,0.0,0.0
2013-07-22 00:00:00-04:00,20.29075423996476,20.34193790139001,20.137203255689005,20.18838691711425,11820700,0.0,0.0
2013-07-23 00:00:00-04:00,20.363875756976032,20.38581081644084,20.10795603756784,20.33462715148925,13093200,0.0,0.0
2013-07-24 00:00:00-04:00,20.41505683809912,20.458928346126424,20.159137151081367,20.2761287689209,17560700,0.0,0.0
2013-07-25 00:00:00-04:00,20.239571278579103,20.298067092895508,20.034835231146573,20.298067092895508,12866600,0.0,0.0
2013-07-26 00:00:00-04:00,20.23226352356057,20.334630872194285,20.13720832763649,20.254199981689453,14850700,0.0,0.0
2013-07-29 00:00:00-04:00,20.202915454014605,20.202915454014605,19.800029735492323,20.00513458251953,12764100,0.05,0.0
2013-07-30 00:00:00-04:00,20.08571870427496,20.144320307464323,19.76340918814725,19.82933616638184,13304700,0.0,0.0
2013-07-31 00:00:00-04:00,19.822012646056272,20.158972943803363,19.807363291767533,19.9318904876709,16452900,0.0,0.0
2013-08-01 00:00:00-04:00,20.19559426702948,20.495927624284946,20.18094351858475,20.451976776123047,13316200,0.0,0.0
2013-08-02 00:00:00-04:00,20.3860488677076,20.525228177186857,20.27617105377017,20.40069961547852,8442000,0.0,0.0
2013-08-05 00:00:00-04:00,20.32744727379616,20.50325205553049,20.19559333820236,20.40069961547852,6868400,0.0,0.0
2013-08-06 00:00:00-04:00,20.36406946198912,20.40069632550968,19.990485234283287,20.00513458251953,9181400,0.0,0.0
2013-08-07 00:00:00-04:00,19.8879377695712,19.90991389470687,19.58760437857916,19.82933616638184,9172200,0.0,0.0
2013-08-08 00:00:00-04:00,20.12966104582164,20.1662879055606,19.61689758402285,19.71944999694824,12365400,0.0,0.0
2013-08-09 00:00:00-04:00,19.69748194752827,19.931888357163263,19.594929492606067,19.60225486755371,8314800,0.0,0.0
2013-08-12 00:00:00-04:00,19.514346080022303,19.52167145283577,19.309241229933377,19.499696731567383,9603200,0.0,0.0
2013-08-13 00:00:00-04:00,19.543655292270177,19.843988710413026,19.35319971539403,19.748760223388672,10159000,0.0,0.0
2013-08-14 00:00:00-04:00,19.71213496097029,19.873289036806582,19.54365550934518,19.62423324584961,7221000,0.0,0.0
2013-08-15 00:00:00-04:00,19.37517686560544,19.41180234890413,19.20669600978262,19.309249877929688,11316800,0.0,0.0
2013-08-16 00:00:00-04:00,19.235997117632188,19.477728935069376,19.22134636574567,19.38982582092285,10512900,0.0,0.0
2013-08-19 00:00:00-04:00,19.287271760808395,19.38982422120797,18.8843858973765,18.906360626220703,9602300,0.0,0.0
2013-08-20 00:00:00-04:00,18.906358897025186,19.309246120781072,18.869733420852988,19.272619247436523,13977600,0.0,0.0
2013-08-21 00:00:00-04:00,19.170067278009263,19.33122133325674,18.899033997140105,19.05286407470703,16496700,0.0,0.0
2013-08-22 00:00:00-04:00,19.17006626678306,19.39714728655601,19.052863069663328,19.20669174194336,9938700,0.0,0.0
2013-08-23 00:00:00-04:00,19.235994520981084,19.3019214983984,19.1261166910097,19.27994537353516,7089400,0.0,0.0
2013-08-26 00:00:00-04:00,19.28726521893582,19.53632230729293,19.22866363327368,19.32389068603516,8665100,0.0,0.0
2013-08-27 00:00:00-04:00,19.00890897466033,19.08215991247485,18.62799795046768,18.64264869689941,13209000,0.0,0.0
2013-08-28 00:00:00-04:00,18.59870137324465,18.891710790633496,18.496148915462022,18.73788070678711,10091400,0.0,0.0
2013-08-29 00:00:00-04:00,18.64265535261552,19.060191994782464,18.62800460095324,18.9796142578125,9225700,0.0,0.0
2013-08-30 00:00:00-04:00,19.07483818579096,19.07483818579096,18.759854086225207,18.86973190307617,10285900,0.0,0.0
2013-09-03 00:00:00-04:00,19.20669168551425,19.40447260401234,19.00891216418848,19.24331855773925,12810100,0.0,0.0
2013-09-04 00:00:00-04:00,19.24332357695071,19.60958401169813,19.15542045785536,19.41912841796875,9621600,0.0,0.0
2013-09-05 00:00:00-04:00,19.53632585823476,19.76340686930353,19.46307351354965,19.52167510986328,9483700,0.0,0.0
2013-09-06 00:00:00-04:00,19.65353243424323,19.807362524281217,19.24332118942944,19.63888168334961,12356100,0.0,0.0
2013-09-09 00:00:00-04:00,19.748763122097515,20.107699598584425,19.741439142487607,20.10037422180176,12704300,0.0,0.0
2013-09-10 00:00:00-04:00,20.26884560119404,20.620455163297624,20.23954410576597,20.539878845214844,18153100,0.0,0.0
2013-09-11 00:00:00-04:00,20.723009916523623,20.8035862381696,20.459302034698307,20.693708419799805,14901500,0.0,0.0
2013-09-12 00:00:00-04:00,20.657086277238967,20.759638737965467,20.49593081361448,20.52523231506348,8353700,0.0,0.0
2013-09-13 00:00:00-04:00,20.598484280006087,20.69371136356039,20.50325579927932,20.60580825805664,6883600,0.0,0.0
2013-09-16 00:00:00-04:00,20.86219032598621,21.2943776740722,20.74498711943805,21.04532051086425,19752900,0.0,0.0
2013-09-17 00:00:00-04:00,21.089276968926978,21.272407190343127,20.986723094856487,21.250431060791016,12886500,0.0,0.0
2013-09-18 00:00:00-04:00,21.17717373917356,21.60936107239525,21.09659601350336,21.25775146484375,15229500,0.0,0.0
2013-09-19 00:00:00-04:00,21.45552808354364,21.45552808354364,20.93543775431152,20.95008850097656,15502700,0.0,0.0
2013-09-20 00:00:00-04:00,21.11857015121977,21.16984637285076,20.53987956787719,20.649757385253903,23730200,0.0,0.0
2013-09-23 00:00:00-04:00,20.495924773284408,20.53255163930139,19.939208984375,19.939208984375,23544400,0.0,0.0
2013-09-24 00:00:00-04:00,19.953867301617127,20.34210384566818,19.85131483220359,19.97584342956543,17115700,0.0,0.0
2013-09-25 00:00:00-04:00,20.012461319236884,20.09303902730216,19.675502534913125,19.939208984375,16379800,0.0,0.0
2013-09-26 00:00:00-04:00,19.97584064815747,20.2029216833144,19.792710465604884,19.887937545776367,12894500,0.0,0.0
2013-09-27 00:00:00-04:00,19.70481212036009,19.880616970392698,19.55830877725263,19.83666610717773,12110000,0.0,0.0
2013-09-30 00:00:00-04:00,19.550969096395125,19.8879277964678,19.46306603710519,19.741424560546875,13654200,0.0,0.0
2013-10-01 00:00:00-04:00,19.74143349216037,19.968514518737653,19.73410811747435,19.88061141967773,9559900,0.0,0.0
2013-10-02 00:00:00-04:00,19.70480374225786,19.92456075924174,19.65352752411327,19.86595916748047,11894500,0.0,0.0
2013-10-03 00:00:00-04:00,19.85130870992237,19.939210400260887,19.514348504498955,19.66817855834961,13279700,0.0,0.0
2013-10-04 00:00:00-04:00,19.75607831892534,19.80735592998157,19.63154977213285,19.770729064941406,11738500,0.0,0.0
2013-10-07 00:00:00-04:00,19.56563726143285,19.865972187871066,19.52168638809903,19.660865783691406,13353400,0.0,0.0
2013-10-08 00:00:00-04:00,19.67550194186733,19.77805436927966,19.411794103181887,19.44841957092285,16446500,0.0,0.0
2013-10-09 00:00:00-04:00,19.5802737792436,19.77805466117665,19.34586742902903,19.609575271606445,14190700,0.0,0.0
2013-10-10 00:00:00-04:00,19.86596036997477,20.29814626214192,19.792708026546155,20.246870040893555,14463000,0.0,0.0
2013-10-11 00:00:00-04:00,20.364072131925703,20.51790218453677,20.21756885015134,20.47395133972168,11202500,0.0,0.0
2013-10-14 00:00:00-04:00,20.31280017564228,20.679060552688146,20.14432073752257,20.64243507385254,11927000,0.0,0.0
2013-10-15 00:00:00-04:00,20.62045329884092,20.70835638000491,20.34942147649842,20.503250122070312,12513600,0.0,0.0
2013-10-16 00:00:00-04:00,20.64243340488594,21.05996997741228,20.605806531839207,20.97206687927246,15465200,0.0,0.0
2013-10-17 00:00:00-04:00,20.774281776861827,21.21379295806149,20.62045174570437,21.191818237304688,19157100,0.0,0.0
2013-10-18 00:00:00-04:00,21.91702223310252,21.95364771396816,21.396931742340747,21.74854278564453,32411500,0.0,0.0
2013-10-21 00:00:00-04:00,21.638666041202512,21.73389313457699,21.44821045728095,21.558088302612305,14547200,0.0,0.0
2013-10-22 00:00:00-04:00,21.67529135602036,21.71924221437793,21.338331049485426,21.580062866210938,13076100,0.0,0.0
2013-10-23 00:00:00-04:00,21.40425112011728,21.45552873500187,21.184495502157603,21.301698684692383,13240400,0.0,0.0
2013-10-24 00:00:00-04:00,21.360302473290464,21.55808338810315,21.331002373228745,21.52878189086914,8932200,0.0,0.0
2013-10-25 00:00:00-04:00,21.484833393357725,21.54343499706645,21.352979435719988,21.41158103942871,13311400,0.0,0.0
2013-10-28 00:00:00-04:00,21.41158212742061,21.42623287838536,21.20647720260425,21.221126556396484,10599400,0.0,0.0
2013-10-29 00:00:00-04:00,21.309179425705896,21.543991088867188,21.25781314974994,21.543991088867188,12035000,0.05,0.0
2013-10-30 00:00:00-04:00,21.58801397209319,21.617364724818977,21.272485332661983,21.36054039001465,9718200,0.0,0.0
2013-10-31 00:00:00-04:00,21.338534744399453,21.455940601072744,21.08170890808105,21.08170890808105,10357500,0.0,0.0
2013-11-01 00:00:00-04:00,21.19910734410813,21.68340668325584,21.169756590008006,21.42658233642578,14964200,0.0,0.0
2013-11-04 00:00:00-05:00,21.448595110515388,21.54398821067296,21.33852733306165,21.529312133789062,12224300,0.0,0.0
2013-11-05 00:00:00-05:00,21.32385824877641,21.397237257670863,21.25781728073023,21.27249336242676,11053100,0.0,0.0
2013-11-06 00:00:00-05:00,21.38255547663651,21.44125838818767,21.23579889755252,21.37521743774414,8972300,0.0,0.0
2013-11-07 00:00:00-05:00,21.433928896823986,21.49996987360366,21.05236051937161,21.07437324523925,14274200,0.0,0.0
2013-11-08 00:00:00-05:00,21.12573220186181,21.71276134762053,21.11105612332087,21.60269355773925,16730400,0.0,0.0
2013-11-11 00:00:00-05:00,21.573339322078567,22.086990824818336,21.477947619929164,22.079652786254883,13978000,0.0,0.0
2013-11-12 00:00:00-05:00,21.991590363332705,22.18237510337086,21.617358919364083,21.837495803833008,14450800,0.0,0.0
2013-11-13 00:00:00-05:00,21.60269144316312,22.05763863669672,21.57333928895437,22.05030059814453,9418300,0.0,0.0
2013-11-14 00:00:00-05:00,22.006277688360584,22.28511760468732,21.95491280892881,22.263103485107425,10196200,0.0,0.0
2013-11-15 00:00:00-05:00,22.20440244201379,22.395187295729613,22.18238832057377,22.233753204345703,10581700,0.0,0.0
2013-11-18 00:00:00-05:00,22.33647338416107,22.58596103940579,22.17503937218659,22.255756378173828,11378200,0.0,0.0
2013-11-19 00:00:00-05:00,22.277779564827355,22.563956121426063,22.15303568638392,22.263103485107425,10027100,0.0,0.0
2013-11-20 00:00:00-05:00,22.36583898633032,22.541947789420902,22.16771605800777,22.21174430847168,11529700,0.0,0.0
2013-11-21 00:00:00-05:00,22.38051232410281,22.769420091291423,22.329147437784883,22.666688919067383,10493200,0.0,0.0
2013-11-22 00:00:00-05:00,22.688696577342345,23.00422524578429,22.57862879522226,22.99688720703125,10565400,0.0,0.0
2013-11-25 00:00:00-05:00,23.02623711673702,23.33442773510655,22.99688636239064,23.143644332885746,13062400,0.0,0.0
2013-11-26 00:00:00-05:00,23.143646151647097,23.31241685126803,23.03357696533203,23.03357696533203,9192700,0.0,0.0
2013-11-27 00:00:00-05:00,23.04090834672712,23.12896339041812,22.93084059180395,23.048246383666992,5116400,0.0,0.0
2013-11-29 00:00:00-05:00,23.121638713919584,23.16566556141152,22.95286796554361,22.96754264831543,5445900,0.0,0.0
2013-12-02 00:00:00-05:00,23.128966279866848,23.371115930784004,22.960195607928025,23.06292533874512,9975700,0.0,0.0
2013-12-03 00:00:00-05:00,22.945522632573056,23.062928454967,22.58596712654312,22.725385665893555,11249500,0.0,0.0
2013-12-04 00:00:00-05:00,22.56394648395006,22.960192069616497,22.51991966318292,22.8427848815918,7967000,0.0,0.0
2013-12-05 00:00:00-05:00,22.55661510700189,22.629994096337,22.109004531686782,22.167707443237305,14406800,0.0,0.0
2013-12-06 00:00:00-05:00,22.571295148755603,22.600645909891533,22.241090338551,22.351158142089844,12761400,0.0,0.0
2013-12-09 00:00:00-05:00,22.51993217608353,22.55662098051056,22.22641754190278,22.29979515075684,8486800,0.0,0.0
2013-12-10 00:00:00-05:00,22.380505694709424,22.784088024451044,22.285113991173542,22.578628540039062,13249000,0.0,0.0
2013-12-11 00:00:00-05:00,22.593310651725123,22.593310651725123,22.0429702007689,22.101673126220703,10097200,0.0,0.0
2013-12-12 00:00:00-05:00,22.1456957960692,22.48323720389532,22.12368167832876,22.36583137512207,10114700,0.0,0.0
2013-12-13 00:00:00-05:00,22.43186883170571,22.872141320762392,22.40251807888201,22.813438415527344,12345400,0.0,0.0
2013-12-16 00:00:00-05:00,22.945521658016897,23.06292747542431,22.6373310374255,22.688695907592773,8646700,0.0,0.0
2013-12-17 00:00:00-05:00,22.71805276270634,22.76941904625492,22.285119569501823,22.395187377929688,10009200,0.0,0.0
2013-12-18 00:00:00-05:00,22.512592144774658,23.22436524467835,22.336483379837293,23.20235252380371,18392200,0.0,0.0
2013-12-19 00:00:00-05:00,23.11429183842693,23.14364399192862,22.60797838722445,22.64466857910156,20841100,0.0,0.0
2013-12-20 00:00:00-05:00,22.73272418055244,22.8868202004122,22.61531835570111,22.69603538513184,14922700,0.0,0.0
2013-12-23 00:00:00-05:00,22.857470036931574,22.92351099411583,22.74740224148713,22.8281192779541,7199500,0.0,0.0
2013-12-24 00:00:00-05:00,22.813436940746826,22.872139842187003,22.549273184472213,22.75473403930664,4545700,0.0,0.0
2013-12-26 00:00:00-05:00,22.76941111963874,22.93084375582822,22.710708215607323,22.820775985717773,5408700,0.0,0.0
2013-12-27 00:00:00-05:00,22.83545202525158,22.90882960548325,22.710708179435056,22.791423797607425,4116200,0.0,0.0
2013-12-30 00:00:00-05:00,22.798767499646907,22.9308494162184,22.55661778579516,22.6373348236084,6201200,0.0,0.0
2013-12-31 00:00:00-05:00,22.666685295528268,23.05559300054536,22.65201061577492,23.01156616210937,8457100,0.0,0.0
2014-01-02 00:00:00-05:00,22.98954855273078,23.084940254790656,22.73272280160193,22.76941299438477,9674500,0.0,0.0
2014-01-03 00:00:00-05:00,22.87215144413805,23.261059238195863,22.842799278735228,23.121639251708984,7809100,0.0,0.0
2014-01-06 00:00:00-05:00,23.2977442466326,23.42982617023264,23.09962136123254,23.20235252380371,8971400,0.0,0.0
2014-01-07 00:00:00-05:00,23.33443060430465,23.400471559189057,23.04825406619748,23.12897109985352,9135600,0.0,0.0
2014-01-08 00:00:00-05:00,23.15831756591797,23.363778431879304,23.018899042189435,23.15831756591797,8891300,0.0,0.0
2014-01-09 00:00:00-05:00,23.23169893005425,23.29040184069619,23.011563365043937,23.15098190307617,7274700,0.0,0.0
2014-01-10 00:00:00-05:00,23.17300360259155,23.209692408903457,22.82078602347956,22.96754264831543,10426500,0.0,0.0
2014-01-13 00:00:00-05:00,22.96753726322084,23.128971332154308,22.56395489006301,22.65200996398925,9520100,0.0,0.0
2014-01-14 00:00:00-05:00,22.57128829368736,22.90882964197108,22.45388248562452,22.820775985717773,13621400,0.0,0.0
2014-01-15 00:00:00-05:00,23.305084830074023,23.65730379797452,23.07027311786584,23.642627716064453,17311400,0.0,0.0
2014-01-16 00:00:00-05:00,23.503206265690096,23.532558429420533,23.13631401617704,23.48119354248047,21828600,0.0,0.0
2014-01-17 00:00:00-05:00,24.09756971134389,24.59654518885823,23.92145956667821,24.50849151611328,32022900,0.0,0.0
2014-01-21 00:00:00-05:00,24.369070818872245,24.57453312632836,23.84808260906112,23.9434757232666,18508300,0.0,0.0
2014-01-22 00:00:00-05:00,24.00218000532123,24.192966255710765,23.68665126744145,23.69399070739746,12181200,0.0,0.0
2014-01-23 00:00:00-05:00,23.664629485404845,23.679305560521613,22.850125511062423,23.099613189697266,16317000,0.0,0.0
2014-01-24 00:00:00-05:00,22.989548760552104,23.01890091504371,22.07965296512874,22.34381675720215,23386100,0.0,0.0
2014-01-27 00:00:00-05:00,22.32180674476321,22.483239425380017,21.59535758260556,21.991601943969727,16709400,0.0,0.0
2014-01-28 00:00:00-05:00,21.866855284422407,22.24842491693469,21.756787498009817,22.109004974365234,15793800,0.0,0.0
2014-01-29 00:00:00-05:00,21.55775079705421,22.248657626751584,21.52100101541773,22.00610542297364,18872800,0.05,0.0
2014-01-30 00:00:00-05:00,22.13840337584303,22.329503892402336,21.910550279635864,22.03550148010254,13067900,0.0,0.0
2014-01-31 00:00:00-05:00,21.69004821777344,21.91054967038848,21.520997010640976,21.69004821777344,13113100,0.0,0.0
2014-02-03 00:00:00-05:00,21.69004958931152,21.85175057132653,21.153494992616395,21.27844619750977,17496800,0.0,0.0
2014-02-04 00:00:00-05:00,21.29314384295369,21.62389742258155,21.18289311704908,21.32989501953125,18774900,0.0,0.0
2014-02-05 00:00:00-05:00,21.300500191558427,21.587153843477463,21.285799716708333,21.44750213623047,17309700,0.0,0.0
2014-02-06 00:00:00-05:00,21.506298319386403,21.962001733006105,21.418096889894176,21.82235145568848,14769800,0.0,0.0
2014-02-07 00:00:00-05:00,21.93995242706867,22.02815245464673,21.594498346964464,21.82235145568848,14752000,0.0,0.0
2014-02-10 00:00:00-05:00,21.800295718254446,22.00609807164586,21.748845480385054,21.82969665527344,7822400,0.0,0.0
2014-02-11 00:00:00-05:00,21.844402626261083,22.336857261669305,21.660650917555245,22.2486572265625,15797600,0.0,0.0
2014-02-12 00:00:00-05:00,22.27805737318719,22.45445885008362,22.06490611432187,22.16780662536621,9347600,0.0,0.0
2014-02-13 00:00:00-05:00,21.77090519877716,22.08695699112961,21.71210470230293,21.98405647277832,15577200,0.0,0.0
2014-02-14 00:00:00-05:00,21.99140267680823,22.050203162498327,21.76355096999838,21.82235145568848,10138600,0.0,0.0
2014-02-18 00:00:00-05:00,21.770900425352405,21.94730187609781,21.667998527648667,21.72679901123047,10902500,0.0,0.0
2014-02-19 00:00:00-05:00,21.71945320710411,21.792954177056767,21.23434876809672,21.28579902648925,17136200,0.0,0.0
2014-02-20 00:00:00-05:00,21.322550622413463,21.62390334329083,21.2637501257036,21.55775260925293,13930200,0.0,0.0
2014-02-21 00:00:00-05:00,21.550403522493863,21.91790699703002,21.550403522493863,21.77090644836425,10451300,0.0,0.0
2014-02-24 00:00:00-05:00,21.80030292911462,22.491209756539085,21.719451727483182,22.278057098388672,13108900,0.0,0.0
2014-02-25 00:00:00-05:00,22.241309858742348,22.31481083208794,21.726804447237672,21.837055206298828,11605000,0.0,0.0
2014-02-26 00:00:00-05:00,21.99140494955332,22.21925667991096,21.62390152553132,22.00610542297364,15026300,0.0,0.0
2014-02-27 00:00:00-05:00,21.95465471201269,22.403007926707435,21.80765278469077,22.314807891845703,10792200,0.0,0.0
2014-02-28 00:00:00-05:00,22.31480453355888,22.74110837633833,22.21925287460548,22.6382064819336,14170400,0.0,0.0
2014-03-03 00:00:00-05:00,22.2266077383165,22.373609674125536,21.99875599953541,22.24130821228028,11543200,0.0,0.0
2014-03-04 00:00:00-05:00,22.59411212259592,22.910165316487618,22.52796138890164,22.858715057373047,11061800,0.0,0.0
2014-03-05 00:00:00-05:00,22.86606028327993,23.549616780367952,22.68965883272724,23.498165130615234,14776500,0.0,0.0
2014-03-06 00:00:00-05:00,23.55696725512246,23.718669647495613,23.38791602847253,23.40261650085449,12583800,0.0,0.0
2014-03-07 00:00:00-05:00,24.034724675598422,24.042073510450468,23.5716695727177,23.674570083618164,14439200,0.0,0.0
2014-03-10 00:00:00-04:00,23.68192297981001,23.740722073234533,23.34381908017552,23.615772247314453,10746400,0.0,0.0
2014-03-11 00:00:00-04:00,23.68192471278888,23.703974023957983,23.24092026451839,23.29972076416016,9133200,0.0,0.0
2014-03-12 00:00:00-04:00,23.13800969107405,23.167410630863827,22.910158015359155,23.10861015319824,8212500,0.0,0.0
2014-03-13 00:00:00-04:00,23.18211110075872,23.51286326190989,22.954258023129853,23.10861015319824,22439700,0.0,0.0
2014-03-14 00:00:00-04:00,23.01306583471676,23.24826782033447,22.78521408638891,22.858715057373047,10855900,0.0,0.0
2014-03-17 00:00:00-04:00,23.057167053222656,23.32911882095457,23.00571539265164,23.057167053222656,6891100,0.0,0.0
2014-03-18 00:00:00-04:00,23.07921066183236,23.307062351846955,23.04246088670273,23.2629623413086,6614900,0.0,0.0
2014-03-19 00:00:00-04:00,23.26296656658751,23.571669500254213,23.07186461699248,23.38056755065918,9470300,0.0,0.0
2014-03-20 00:00:00-04:00,23.47611602102098,24.32872233816984,23.292364333258888,24.10087203979492,20199800,0.0,0.0
2014-03-21 00:00:00-04:00,24.4242787301894,24.43897920451623,23.79217235327953,23.96122360229492,23437200,0.0,0.0
2014-03-24 00:00:00-04:00,24.056772951627494,24.071473424529376,23.64516812186033,23.84362030029297,10400100,0.0,0.0
2014-03-25 00:00:00-04:00,23.93917075346741,23.93917075346741,23.19681373268777,23.21886444091797,12610300,0.0,0.0
2014-03-26 00:00:00-04:00,23.409967854233507,23.498167888906007,22.939562528961176,22.94691276550293,11233800,0.0,0.0
2014-03-27 00:00:00-04:00,22.88810567453846,23.115958735881016,22.4838525947217,22.71170425415039,13638400,0.0,0.0
2014-03-28 00:00:00-04:00,22.74111351651393,23.08656624932539,22.59411157808833,22.71906280517578,8081100,0.0,0.0
2014-03-31 00:00:00-04:00,22.91751220826276,23.12331321467807,22.763160051537067,22.9101619720459,9421600,0.0,0.0
2014-04-01 00:00:00-04:00,23.05716614024055,23.07921544912636,22.78521298136262,22.939563751220703,11583500,0.0,0.0
2014-04-02 00:00:00-04:00,22.946913323837475,23.21886647484232,22.799912795168463,23.086565017700195,14700900,0.0,0.0
2014-04-03 00:00:00-04:00,23.13066323597952,23.138013472128087,22.57205790591606,22.74846076965332,10064700,0.0,0.0
2014-04-04 00:00:00-04:00,22.89546326341553,22.976314466115365,22.31480857669346,22.32215881347656,12751000,0.0,0.0
2014-04-07 00:00:00-04:00,22.30745859493024,22.3295079036173,21.381349778386525,21.69740295410156,20367300,0.0,0.0
2014-04-08 00:00:00-04:00,21.748848162740167,21.77824770147125,21.388695051321733,21.704748153686523,13228600,0.0,0.0
2014-04-09 00:00:00-04:00,21.851753245957312,22.263358090053185,21.79295275421709,22.21190643310547,10692700,0.0,0.0
2014-04-10 00:00:00-04:00,22.248662250209005,22.2560124884466,21.440154268963035,21.49895477294922,13452400,0.0,0.0
2014-04-11 00:00:00-04:00,21.190246828001047,21.418098552498144,20.80804294038934,20.92564392089844,21448100,0.0,0.0
2014-04-14 00:00:00-04:00,21.15349957388861,21.432801585479048,21.07999860181288,21.35930061340332,12514500,0.0,0.0
2014-04-15 00:00:00-04:00,21.77090164965058,21.78560071993705,21.1608460724648,21.71944999694824,16657800,0.0,0.0
2014-04-16 00:00:00-04:00,21.96199676583395,22.03549770680131,21.616544165775352,21.96934700012207,14198000,0.0,0.0
2014-04-17 00:00:00-04:00,22.579407573601983,22.998362612037543,22.34420563042605,22.60880851745605,22966000,0.0,0.0
2014-04-21 00:00:00-04:00,22.763161390548035,22.858713065073733,22.491209644098,22.770511627197266,10699000,0.0,0.0
2014-04-22 00:00:00-04:00,22.74846491284864,23.064516713314667,22.65291322742853,22.93221664428711,10803600,0.0,0.0
2014-04-23 00:00:00-04:00,22.96161003215252,23.0057100433305,22.667607621109184,22.81460952758789,9376700,0.0,0.0
2014-04-24 00:00:00-04:00,22.82930604582595,22.96895770118505,22.270700826303457,22.741106033325195,8438900,0.0,0.0
2014-04-25 00:00:00-04:00,22.616164624668222,22.70436467529921,22.388311456390035,22.476512908935547,8372900,0.0,0.0
2014-04-28 00:00:00-04:00,22.52813299848172,22.54288170498852,21.74646983830393,22.11517906188965,15303300,0.1,0.0
2014-04-29 00:00:00-04:00,22.23315897418137,22.542874681762093,22.159416871135747,22.506004333496094,10419700,0.0,0.0
2014-04-30 00:00:00-04:00,22.513382553020705,22.85259431619968,22.380647026032808,22.808349609375,11016500,0.0,0.0
2014-05-01 00:00:00-04:00,22.793594678278755,23.08118730384672,22.76409868395784,23.022193908691406,10110200,0.0,0.0
2014-05-02 00:00:00-04:00,23.08119285590448,23.184432377145104,22.56500087575664,22.63136863708496,11464400,0.0,0.0
2014-05-05 00:00:00-04:00,22.30690123080124,22.343771579321075,21.91606906652824,22.174165725708008,12035100,0.0,0.0
2014-05-06 00:00:00-04:00,22.070927908039536,22.09304955483003,21.59160633855883,21.724340438842773,16285600,0.0,0.0
2014-05-07 00:00:00-04:00,21.827581209717835,21.945568021134115,21.399878666705387,21.901323318481445,12460700,0.0,0.0
2014-05-08 00:00:00-04:00,21.923443599075743,22.284778362314057,21.79808244395113,21.89394760131836,13039200,0.0,0.0
2014-05-09 00:00:00-04:00,21.75384207359127,21.9234479623644,21.628480893516794,21.88657760620117,10064700,0.0,0.0
2014-05-12 00:00:00-04:00,22.011933913368065,22.454385121948484,21.945566161755323,22.36589431762696,10196200,0.0,0.0
2014-05-13 00:00:00-04:00,22.336398320528858,22.50600417175537,22.262656218013184,22.36589431762696,7962700,0.0,0.0
2014-05-14 00:00:00-04:00,22.40276760038028,22.43963935972511,22.10780055819066,22.306903839111328,10046200,0.0,0.0
2014-05-15 00:00:00-04:00,22.137290689070188,22.21103277700679,21.57685278987069,21.95293617248535,20240100,0.0,0.0
2014-05-16 00:00:00-04:00,21.9013194239676,22.24053109484202,21.85707332266908,22.22578239440918,18004200,0.0,0.0
2014-05-19 00:00:00-04:00,22.063557405668234,22.410143528809247,22.03405999611721,22.240537643432617,7022400,0.0,0.0
2014-05-20 00:00:00-04:00,22.19629315556106,22.19629315556106,21.761216205969767,21.90869903564453,9958100,0.0,0.0
2014-05-21 00:00:00-04:00,22.01931230336313,22.20366689021241,22.01193795110749,22.12992477416992,6654800,0.0,0.0
2014-05-22 00:00:00-04:00,22.122546430352088,22.45438518941281,22.056178678539943,22.410139083862305,8235500,0.0,0.0
2014-05-23 00:00:00-04:00,22.417513245452486,22.50600404929251,22.380642897652084,22.4838809967041,5140000,0.0,0.0
2014-05-27 00:00:00-04:00,22.594495871067988,23.07381888298752,22.5871215194139,22.948457717895508,10960000,0.0,0.0
2014-05-28 00:00:00-04:00,23.00007854763376,23.029574550012253,22.786226552705727,22.808349609375,6124400,0.0,0.0
2014-05-29 00:00:00-04:00,22.87470886705129,23.000069995201343,22.7124759914963,22.95582389831543,8615300,0.0,0.0
2014-05-30 00:00:00-04:00,22.815724445848154,22.889466563130327,22.63136985589967,22.756731033325195,7634400,0.0,0.0
2014-06-02 00:00:00-04:00,22.75673027056712,22.80097497684788,22.506007924119764,22.786226272583008,7509400,0.0,0.0
2014-06-03 00:00:00-04:00,22.646111998169395,22.75672585216549,22.417512752503725,22.749351501464844,10079500,0.0,0.0
2014-06-04 00:00:00-04:00,22.70511626106245,23.02220503418465,22.62399977608176,23.007457733154297,8074700,0.0,0.0
2014-06-05 00:00:00-04:00,23.059067679032168,23.346660329784807,22.837841372941696,23.32453727722168,8769400,0.0,0.0
2014-06-06 00:00:00-04:00,23.368783637954525,23.59000853995113,23.317164587922893,23.56051254272461,6544200,0.0,0.0
2014-06-09 00:00:00-04:00,23.56051042052045,23.78910824634761,23.494142674596795,23.582632064819336,9027800,0.0,0.0
2014-06-10 00:00:00-04:00,23.531015232478303,23.737491433425213,23.42040278104051,23.6563777923584,7113200,0.0,0.0
2014-06-11 00:00:00-04:00,23.523641102973727,23.523641102973727,23.265544442846647,23.368783950805664,5854200,0.0,0.0
2014-06-12 00:00:00-04:00,23.27292562809837,23.560519776814044,23.19181055593441,23.398286819458008,7086700,0.0,0.0
2014-06-13 00:00:00-04:00,23.44252816624527,23.516268870197887,23.213927483148098,23.2950439453125,8022300,0.0,0.0
2014-06-16 00:00:00-04:00,23.213927607362617,23.457275588644176,23.1549341999766,23.383533477783203,8527500,0.0,0.0
2014-06-17 00:00:00-04:00,23.331912919901345,24.047209520730224,23.30979127262701,23.96609306335449,13256300,0.0,0.0
2014-06-18 00:00:00-04:00,23.899723288637784,24.143072640198504,23.6563767501042,24.084077835083008,10725200,0.0,0.0
2014-06-19 00:00:00-04:00,24.172567090888,24.202064493276325,23.818606701309488,23.995588302612305,6933700,0.0,0.0
2014-06-20 00:00:00-04:00,24.06195388482956,24.06195388482956,23.7743612700073,23.81123161315918,12071900,0.0,0.0
2014-06-23 00:00:00-04:00,23.91447102905998,24.04720652220955,23.707994845506,23.98083877563477,6929900,0.0,0.0
2014-06-24 00:00:00-04:00,23.892349768783987,24.03983115196464,23.53101362872644,23.619503021240234,7776600,0.0,0.0
2014-06-25 00:00:00-04:00,23.53101892711493,23.833360331555618,23.494148573017817,23.766992568969727,7671800,0.0,0.0
2014-06-26 00:00:00-04:00,23.531016479199348,23.590009883526005,23.25817251163121,23.51626777648925,10559100,0.0,0.0
2014-06-27 00:00:00-04:00,23.41303486016746,23.575266406396803,23.25080331393812,23.26555061340332,9933900,0.0,0.0
2014-06-30 00:00:00-04:00,23.295047441076857,23.87760865401804,23.295047441076857,23.84073829650879,11595000,0.0,0.0
2014-07-01 00:00:00-04:00,23.899720784891187,24.032456269468483,23.75961235696041,23.83335304260254,7787600,0.0,0.0
2014-07-02 00:00:00-04:00,23.83335479574612,24.09882578442833,23.818606094927432,23.958717346191406,6190600,0.0,0.0
2014-07-03 00:00:00-04:00,24.13569522607936,24.386417504553336,24.05457878112793,24.05457878112793,5994200,0.0,0.0
2014-07-07 00:00:00-04:00,23.97346100229995,24.01033415742767,23.67111969622941,23.884971618652344,5635300,0.0,0.0
2014-07-08 00:00:00-04:00,23.737493658147976,23.77436682293911,23.206552997577635,23.41303062438965,9205600,0.0,0.0
2014-07-09 00:00:00-04:00,23.545765310824024,23.63425471454164,23.31716604362085,23.60475730895996,6292100,0.0,0.0
2014-07-10 00:00:00-04:00,23.044316308842127,23.40565101978316,23.00744596535336,23.361406326293945,7784900,0.0,0.0
2014-07-11 00:00:00-04:00,23.295043252848885,23.36878536112323,23.10331433394108,23.16230773925781,10112200,0.0,0.0
2014-07-14 00:00:00-04:00,23.678495945329686,23.71536628819807,23.405650625958,23.4572696685791,11323100,0.0,0.0
2014-07-15 00:00:00-04:00,23.73749003230841,23.79648483654092,23.39827834705284,23.597381591796875,13796400,0.0,0.0
2014-07-16 00:00:00-04:00,23.796487203854035,24.047209520730224,23.700622043952954,23.96609306335449,16293100,0.0,0.0
2014-07-17 00:00:00-04:00,24.36430388994812,24.452793307681024,23.68587751925488,23.818613052368164,18525600,0.0,0.0
2014-07-18 00:00:00-04:00,23.929217974057405,24.17256448495924,23.7669850914383,24.06932640075684,9239500,0.0,0.0
2014-07-21 00:00:00-04:00,24.00295639038086,24.11357022044395,23.87022091951577,24.00295639038086,7125400,0.0,0.0
2014-07-22 00:00:00-04:00,24.047211501833896,24.42329360161761,24.047211501833896,24.26843643188477,8845100,0.0,0.0
2014-07-23 00:00:00-04:00,24.297933688614524,24.666642840754267,24.19469557609981,24.59289932250977,9363200,0.0,0.0
2014-07-24 00:00:00-04:00,24.651890016844224,24.77724975736615,24.51178157513846,24.62976837158203,6575500,0.0,0.0
2014-07-25 00:00:00-04:00,24.58552429883668,24.666640755534576,24.47491043733458,24.51178359985352,6292600,0.0,0.0
2014-07-28 00:00:00-04:00,24.48228061883262,24.61501609719165,24.23893130416549,24.386415481567383,7114900,0.0,0.0
2014-07-29 00:00:00-04:00,24.46778827389846,24.48257889063532,24.149736404418945,24.149736404418945,5716600,0.1,0.0
2014-07-30 00:00:00-04:00,24.23848463602771,24.77103691805856,24.22369120357588,24.66008758544922,9992400,0.0,0.0
2014-07-31 00:00:00-04:00,24.430795718298505,24.512158193009576,23.913039645698937,23.920434951782227,9131500,0.0,0.0
2014-08-01 00:00:00-04:00,23.802094333943007,23.913043694892234,23.25474989043106,23.37309455871582,11539300,0.0,0.0
2014-08-04 00:00:00-04:00,23.498837803899992,23.63197591894665,23.328717506131408,23.543216705322266,6942100,0.0,0.0
2014-08-05 00:00:00-04:00,23.447059792193347,23.63197350850156,23.14380141031025,23.23255920410156,9478400,0.0,0.0
2014-08-06 00:00:00-04:00,23.099421711197444,23.609783976672105,23.06983624941413,23.34350776672364,9099200,0.0,0.0
2014-08-07 00:00:00-04:00,23.476643926270448,23.550609690769043,23.09202307950145,23.195575714111328,6553100,0.0,0.0
2014-08-08 00:00:00-04:00,23.195576787718817,23.691144188003623,23.01805979117358,23.63197326660156,8512700,0.0,0.0
2014-08-11 00:00:00-04:00,23.661557974513865,23.89085057807576,23.49883441888601,23.72812843322754,6591200,0.0,0.0
2014-08-12 00:00:00-04:00,23.683747768194856,23.920437085801613,23.580195133657188,23.67634963989257,4522600,0.0,0.0
2014-08-13 00:00:00-04:00,23.77990799437598,23.86126766952965,23.676353930293622,23.683752059936523,4837900,0.0,0.0
2014-08-14 00:00:00-04:00,23.720734347814098,23.86126777449014,23.720734347814098,23.79469871520996,3974800,0.0,0.0
2014-08-15 00:00:00-04:00,23.876055872391504,24.194107659868862,23.65415999827126,23.83167839050293,9457900,0.0,0.0
2014-08-18 00:00:00-04:00,24.01660026470659,24.216307465865032,23.95742650663293,24.12015151977539,4925400,0.0,0.0
2014-08-19 00:00:00-04:00,24.17931879777452,24.29026816659509,24.06097412109375,24.06097412109375,4257000,0.0,0.0
2014-08-20 00:00:00-04:00,23.964821484992097,24.14973522230975,23.95002804741952,24.06837272644043,4234700,0.0,0.0
2014-08-21 00:00:00-04:00,24.157127972041724,24.44559292025886,24.03878330555368,24.43079948425293,7309100,0.0,0.0
2014-08-22 00:00:00-04:00,24.40121824840221,24.822821347743872,24.34943980562926,24.75625228881836,9082600,0.0,0.0
2014-08-25 00:00:00-04:00,24.911575130148176,25.5698674834771,24.911575130148176,25.29619598388672,13975800,0.0,0.0
2014-08-26 00:00:00-04:00,25.27400114838133,25.555070740028523,25.27400114838133,25.44412422180176,8462100,0.0,0.0
2014-08-27 00:00:00-04:00,25.510699132114045,25.518094439740803,25.185249165345315,25.244422912597656,5679900,0.0,0.0
2014-08-28 00:00:00-04:00,25.148277142337147,25.2370349775084,24.94117458641733,25.192657470703125,4459200,0.0,0.0
2014-08-29 00:00:00-04:00,25.259211198356617,25.525484542012915,25.207435590849087,25.37755584716797,4946700,0.0,0.0
2014-09-02 00:00:00-04:00,25.458914970182533,25.62903804451529,25.281399411444166,25.555070877075195,5115700,0.0,0.0
2014-09-03 00:00:00-04:00,25.69561331659205,25.88052704770249,25.50330145616382,25.562475204467773,7151500,0.0,0.0
2014-09-04 00:00:00-04:00,25.53288136389851,25.8213462542762,25.53288136389851,25.666019439697266,7326400,0.0,0.0
2014-09-05 00:00:00-04:00,25.45892430003481,25.621649306477416,25.103890230890915,25.61425399780273,10032500,0.0,0.0
2014-09-08 00:00:00-04:00,25.5846632595608,25.954490711811424,25.5846632595608,25.78437042236328,8149200,0.0,0.0
2014-09-09 00:00:00-04:00,25.47371171964659,25.47371171964659,25.015126508058547,25.081695556640625,11411200,0.0,0.0
2014-09-10 00:00:00-04:00,25.17785625072123,25.444132495545567,25.17785625072123,25.3923568725586,6451400,0.0,0.0
2014-09-11 00:00:00-04:00,25.23702155148021,25.70300487595863,25.22222811656162,25.68821144104004,6794200,0.0,0.0
2014-09-12 00:00:00-04:00,25.688214606375407,25.9470955170116,25.666025862043,25.89531707763672,10199400,0.0,0.0
2014-09-15 00:00:00-04:00,25.865731634668688,26.058040658846263,25.710401968016694,26.04324722290039,9632700,0.0,0.0
2014-09-16 00:00:00-04:00,25.991468983818898,26.05803802807495,25.762177803705143,25.96928024291992,8498200,0.0,0.0
2014-09-17 00:00:00-04:00,26.02845162090135,26.46484806953044,25.9618825754644,26.302125930786133,10979800,0.0,0.0
2014-09-18 00:00:00-04:00,26.40568205050866,26.812491705171738,26.36130173813171,26.72373390197754,15158500,0.0,0.0
2014-09-19 00:00:00-04:00,26.93083479703833,26.95302354114002,26.420473931782684,26.45005798339844,29864600,0.0,0.0
2014-09-22 00:00:00-04:00,26.405683785477883,26.479648156072884,25.924906911930744,26.02106285095215,10144200,0.0,0.0
2014-09-23 00:00:00-04:00,26.04324718457467,26.30952338808977,25.880525032528308,25.90271377563477,10882300,0.0,0.0
2014-09-24 00:00:00-04:00,25.695603818074986,25.94708651228564,25.54027419697533,25.873119354248047,13351900,0.0,0.0
2014-09-25 00:00:00-04:00,25.96188947295221,25.96188947295221,25.19265041432808,25.31099510192871,12328200,0.0,0.0
2014-09-26 00:00:00-04:00,25.4367279377135,25.66602193982665,25.347970152388044,25.629039764404297,8237100,0.0,0.0
2014-09-29 00:00:00-04:00,25.28880475345384,25.5846678975118,25.17046006014267,25.51809883117676,8218000,0.0,0.0
2014-09-30 00:00:00-04:00,25.55507846458551,25.673423146068227,25.325787231340108,25.56987190246582,9795300,0.0,0.0
2014-10-01 00:00:00-04:00,25.42193743455647,25.481111179302665,25.00773250757092,25.11867904663086,14873200,0.0,0.0
2014-10-02 00:00:00-04:00,25.18525306521456,25.42934057808741,24.992943999985044,25.35537338256836,8472000,0.0,0.0
2014-10-03 00:00:00-04:00,25.606855802483988,26.00627018734068,25.54768486855705,25.92490768432617,8810400,0.0,0.0
2014-10-06 00:00:00-04:00,26.13200836198742,26.183783978055324,25.78436966419481,25.88052558898925,7040600,0.0,0.0
2014-10-07 00:00:00-04:00,25.732595778573835,25.73999108641251,25.163061141967773,25.163061141967773,10127800,0.0,0.0
2014-10-08 00:00:00-04:00,25.177858190602148,25.540287579435088,24.704479417357465,25.51809883117676,12407900,0.0,0.0
2014-10-09 00:00:00-04:00,25.555075099580066,25.555075099580066,24.586129029265244,24.63050651550293,13511600,0.0,0.0
2014-10-10 00:00:00-04:00,24.504767344798584,24.89678353438442,24.35683580219051,24.36423110961914,11182800,0.0,0.0
2014-10-13 00:00:00-04:00,24.46777816493596,24.734051479585176,24.28286449496477,24.29765510559082,14668800,0.0,0.0
2014-10-14 00:00:00-04:00,24.40860506070869,24.71925867986042,24.245880124071835,24.416000366210938,12915600,0.0,0.0
2014-10-15 00:00:00-04:00,23.95742650663293,24.23109808382336,23.188185991816027,24.12015151977539,21646700,0.0,0.0
2014-10-16 00:00:00-04:00,23.417475117989543,24.55654439451673,23.32132059722885,24.06097412109375,16433900,0.0,0.0
2014-10-17 00:00:00-04:00,24.94116806931185,25.148270571115965,24.460391179769463,24.57134056091309,16422900,0.0,0.0
2014-10-20 00:00:00-04:00,24.50476460623593,24.91157418677498,24.50476460623593,24.64529800415039,11047500,0.0,0.0
2014-10-21 00:00:00-04:00,24.852413929685365,25.29620874866304,24.808036422880097,25.192657470703125,11217400,0.0,0.0
2014-10-22 00:00:00-04:00,25.214831821725767,25.22962525606461,24.704471034051554,24.72665977478028,8777600,0.0,0.0
2014-10-23 00:00:00-04:00,25.074301559630666,25.34797307518318,25.015127814884472,25.11867904663086,9031800,0.0,0.0
2014-10-24 00:00:00-04:00,25.185247302647667,25.510697245346165,25.111282945612206,25.38495445251465,7685600,0.0,0.0
2014-10-27 00:00:00-04:00,25.370161818683275,25.377559947556275,25.015127814884472,25.11867904663086,9918800,0.0,0.0
2014-10-28 00:00:00-04:00,25.26661160558543,25.57726813490847,25.17045567727597,25.41454315185547,10582300,0.0,0.0
2014-10-29 00:00:00-04:00,25.37003887488241,25.614836018650152,25.281021988948314,25.51098251342773,10520000,0.1,0.0
2014-10-30 00:00:00-04:00,25.421964571595264,25.76319831166605,25.36261809690696,25.60741806030273,9028800,0.0,0.0
2014-10-31 00:00:00-04:00,25.96348745401216,26.14894093582653,25.85221423300532,25.9263973236084,11434400,0.0,0.0
2014-11-03 00:00:00-05:00,26.000574592261323,26.11184780046281,25.696431030278514,25.74835777282715,8011000,0.0,0.0
2014-11-04 00:00:00-05:00,25.75577923090004,25.83737921177186,25.54065252310985,25.71126937866211,8514000,0.0,0.0
2014-11-05 00:00:00-05:00,25.881881577779684,26.02282800294427,25.696428138179893,25.889301300048828,9461300,0.0,0.0
2014-11-06 00:00:00-05:00,26.000577720949103,26.260214294729955,25.859634092756465,26.19345092773437,8892100,0.0,0.0
2014-11-07 00:00:00-05:00,26.438246421047666,26.49759289017732,26.21570282140224,26.45308303833008,10831600,0.0,0.0
2014-11-10 00:00:00-05:00,26.5495143451332,26.712711443127983,26.43082426032116,26.61627769470215,9352000,0.0,0.0
2014-11-11 00:00:00-05:00,26.61627812114644,26.69787808634864,26.45307819074204,26.54951477050781,7019200,0.0,0.0
2014-11-12 00:00:00-05:00,26.408559952020592,26.70528648937569,26.36405295227312,26.68303298950196,9249000,0.0,0.0
2014-11-13 00:00:00-05:00,26.74238336277689,26.801729817175406,26.41598635296918,26.58660316467285,7376600,0.0,0.0
2014-11-14 00:00:00-05:00,26.616284439090872,26.772064684293817,26.415994339631848,26.47533798217773,7219100,0.0,0.0
2014-11-17 00:00:00-05:00,26.32697409893004,26.542097959207297,26.27504452736497,26.408571243286133,6208700,0.0,0.0
2014-11-18 00:00:00-05:00,26.453081213526943,26.56435442057144,26.31213760375977,26.31213760375977,5319600,0.0,0.0
2014-11-19 00:00:00-05:00,26.23795530563053,26.41599187625681,26.082175074954584,26.319555282592773,5748700,0.0,0.0
2014-11-20 00:00:00-05:00,26.111852536300447,26.28246941130389,25.98574268881353,26.252796173095703,6090600,0.0,0.0
2014-11-21 00:00:00-05:00,26.60144359155134,26.645950608935543,26.30471693661284,26.35664367675781,7477400,0.0,0.0
2014-11-24 00:00:00-05:00,26.46791453684277,26.631114465591835,26.334387836919863,26.42340469360352,6739000,0.0,0.0
2014-11-25 00:00:00-05:00,26.534678998332133,26.54951561336672,26.171189004472254,26.18602561950684,7646700,0.0,0.0
2014-11-26 00:00:00-05:00,26.275039497085803,26.275039497085803,26.015405837942524,26.0524959564209,6138100,0.0,0.0
2014-11-28 00:00:00-05:00,25.993154280027603,26.119261258260003,25.993154280027603,26.097007751464844,3534700,0.0,0.0
2014-12-01 00:00:00-05:00,25.978318875288032,26.119262474545422,25.637085216162763,26.03766250610352,8802400,0.0,0.0
2014-12-02 00:00:00-05:00,26.119257042305208,26.63111025433372,26.119257042305208,26.5346736907959,9335200,0.0,0.0
2014-12-03 00:00:00-05:00,26.48275071822826,27.113291256602466,26.467914104057776,27.09103775024414,9147400,0.0,0.0
2014-12-04 00:00:00-05:00,27.076209333658777,27.38035294174915,26.87591922640966,27.291336059570312,9165300,0.0,0.0
2014-12-05 00:00:00-05:00,27.43968962871165,27.99604989601908,27.41743329375899,27.62514305114746,11489700,0.0,0.0
2014-12-08 00:00:00-05:00,27.68449491851061,28.29278209884758,27.52129495263637,28.188928604125977,14069300,0.0,0.0
2014-12-09 00:00:00-05:00,27.832858605243807,28.292782443090672,27.632568507359963,28.26310920715332,12283800,0.0,0.0
2014-12-10 00:00:00-05:00,28.122167090940085,28.255693830031305,27.66224322840127,27.73642349243164,13788700,0.0,0.0
2014-12-11 00:00:00-05:00,27.996054162710543,28.23343435322233,27.66965427841052,27.743837356567383,8942200,0.0,0.0
2014-12-12 00:00:00-05:00,27.26165392645474,27.521287593836416,26.86849356447828,26.8907470703125,10965300,0.0,0.0
2014-12-15 00:00:00-05:00,27.15038378833856,27.31358372891277,26.445662946320954,26.653369903564453,10472000,0.0,0.0
2014-12-16 00:00:00-05:00,26.48275078867091,26.94267451000011,26.29729735573876,26.34922409057617,11456800,0.0,0.0
2014-12-17 00:00:00-05:00,26.56435683339792,27.28391439364501,26.37890335800926,27.246824264526367,11919000,0.0,0.0
2014-12-18 00:00:00-05:00,27.73642200334517,28.26310920715332,27.654822019415214,28.26310920715332,12773100,0.0,0.0
2014-12-19 00:00:00-05:00,28.15925225827019,28.65626899499214,28.144415642120784,28.567249298095703,12526800,0.0,0.0
2014-12-22 00:00:00-05:00,28.55241555090717,28.656269034300287,28.22601565476289,28.611759185791016,8650600,0.0,0.0
2014-12-23 00:00:00-05:00,28.819466971973675,28.98266692468593,28.60434310588376,28.89365005493164,5872600,0.0,0.0
2014-12-24 00:00:00-05:00,29.04942477379007,29.05684166578125,28.663681304969792,28.78979110717773,2495100,0.0,0.0
2014-12-26 00:00:00-05:00,28.85656829265669,28.94558518821324,28.70820491353172,28.723041534423828,3091700,0.0,0.0
2014-12-29 00:00:00-05:00,28.68594860463774,29.0642753633887,28.57467819249624,28.90107536315918,3466900,0.0,0.0
2014-12-30 00:00:00-05:00,28.68593664347785,28.990083000648063,28.611756399647746,28.930736541748047,4010600,0.0,0.0
2014-12-31 00:00:00-05:00,29.019755529117194,29.071682269566463,28.77495844268423,28.78237533569336,6492900,0.0,0.0
2015-01-02 00:00:00-05:00,28.967829224531204,29.04201230471429,28.37437873204229,28.715612411499023,7333800,0.0,0.0
2015-01-05 00:00:00-05:00,28.530158540209523,28.62659512814541,27.57321804324864,27.818017959594727,12507900,0.0,0.0
2015-01-06 00:00:00-05:00,27.79576389844424,27.847690637886725,26.749806557139035,27.0168571472168,16507800,0.0,0.0
2015-01-07 00:00:00-05:00,27.39518816270773,27.48420504034492,27.15038821196107,27.40260505676269,9957700,0.0,0.0
2015-01-08 00:00:00-05:00,27.662235059370342,28.01088559310672,27.662235059370342,27.81059837341309,8079600,0.0,0.0
2015-01-09 00:00:00-05:00,27.877363478669167,27.89961698674868,27.180056707697595,27.35809326171875,7807500,0.0,0.0
2015-01-12 00:00:00-05:00,27.395185525020302,27.402602418361152,26.734971655670385,26.97976875305176,9385900,0.0,0.0
2015-01-13 00:00:00-05:00,27.224569170586584,27.49162261239105,26.467918695405697,26.72755241394043,12447800,0.0,0.0
2015-01-14 00:00:00-05:00,26.21569162215864,26.22310851273368,25.711258169230177,26.11925506591797,15898600,0.0,0.0
2015-01-15 00:00:00-05:00,25.963482659565315,26.15635299992656,25.42937582503413,25.65192222595215,17568100,0.0,0.0
2015-01-16 00:00:00-05:00,25.48873071725741,26.000581383120444,25.16975045554979,25.88189125061035,27056100,0.0,0.0
2015-01-20 00:00:00-05:00,25.221673759625112,25.83738068323549,25.214256865394105,25.77803421020508,19400600,0.0,0.0
2015-01-21 00:00:00-05:00,25.7335160888129,25.9115526209162,25.31810223022967,25.7631893157959,15830500,0.0,0.0
2015-01-22 00:00:00-05:00,25.651922823420307,26.393736630971453,25.42937641731888,26.35664367675781,18792700,0.0,0.0
2015-01-23 00:00:00-05:00,26.215705980836272,26.586612968210986,26.059925725289872,26.07476234436035,10969300,0.0,0.0
2015-01-26 00:00:00-05:00,25.87446526361535,26.08217221507512,25.711265327585544,26.04508209228516,9899900,0.0,0.0
2015-01-27 00:00:00-05:00,25.7038524848535,25.985739726307443,25.48130605345928,25.71126937866211,9021500,0.0,0.0
2015-01-28 00:00:00-05:00,25.87493563988673,25.87493563988673,25.0937779735718,25.12353706359864,14730700,0.1,0.0
2015-01-29 00:00:00-05:00,25.27976603947183,25.66662566542163,25.123535086102528,25.56991004943848,11378800,0.0,0.0
2015-01-30 00:00:00-05:00,25.26488976057993,25.61455199110195,25.108658787021096,25.153297424316406,11693000,0.0,0.0
2015-02-02 00:00:00-05:00,25.264895581721635,25.60711669921875,25.08634666736828,25.60711669921875,12373400,0.0,0.0
2015-02-03 00:00:00-05:00,25.703830886911152,26.105570178314764,25.703830886911152,26.06837272644043,14545300,0.0,0.0
2015-02-04 00:00:00-05:00,25.99397027890084,26.18740153440349,25.76334441624101,25.86749839782715,10246300,0.0,0.0
2015-02-05 00:00:00-05:00,25.96421812299144,26.098131217015897,25.889820382986954,25.986536026000977,10524000,0.0,0.0
2015-02-06 00:00:00-05:00,26.3585128053071,27.01319864281218,26.18740228238776,26.626338958740234,17087400,0.0,0.0
2015-02-09 00:00:00-05:00,26.41058951578185,26.685854020325127,26.358512524056994,26.507305145263672,8454100,0.0,0.0
2015-02-10 00:00:00-05:00,26.745363239180023,26.97598902866251,26.63376810118497,26.901594161987305,12491700,0.0,0.0
2015-02-11 00:00:00-05:00,26.84952665471948,27.19174770286235,26.8272087544442,27.05783462524414,7798100,0.0,0.0
2015-02-12 00:00:00-05:00,27.16198442260292,27.489328712080333,27.14710771670196,27.452131271362305,8167100,0.0,0.0
2015-02-13 00:00:00-05:00,27.47445299428113,27.67532260771091,27.199188489055075,27.36285781860352,8019200,0.0,0.0
2015-02-17 00:00:00-05:00,27.25126797162287,27.54141204932343,27.09503414379809,27.46701431274414,6800200,0.0,0.0
2015-02-18 00:00:00-05:00,27.46701221219612,27.5042124966326,26.89416529325329,27.05783462524414,7745800,0.0,0.0
2015-02-19 00:00:00-05:00,27.00575162388552,27.228939090929345,26.84208232831078,27.02807235717773,5856500,0.0,0.0
2015-02-20 00:00:00-05:00,26.96111549743661,27.41492877831385,26.67096867211285,27.33309555053711,11019700,0.0,0.0
2015-02-23 00:00:00-05:00,27.19919918010219,27.21407873190672,26.91649337178489,26.98344993591309,7399600,0.0,0.0
2015-02-24 00:00:00-05:00,26.96855384978629,27.52652392943704,26.96855384978629,27.33309555053711,8910400,0.0,0.0
2015-02-25 00:00:00-05:00,27.295895272148243,27.459567403650745,27.22150039672852,27.22150039672852,7358500,0.0,0.0
2015-02-26 00:00:00-05:00,27.10991619855205,27.15455484462832,26.69330018710843,26.82721328735352,10363200,0.0,0.0
2015-02-27 00:00:00-05:00,26.75281084342631,26.81232902773733,26.581700320506968,26.626338958740234,8264200,0.0,0.0
2015-03-02 00:00:00-05:00,26.514744630158106,26.968560867102543,26.499865083604465,26.961122512817383,7118100,0.0,0.0
2015-03-03 00:00:00-05:00,26.782579506406712,27.102482766438644,26.57427146284517,26.648666381835938,8338800,0.0,0.0
2015-03-04 00:00:00-05:00,26.52219254939613,26.54451045589555,26.05349664702014,26.105573654174805,11533500,0.0,0.0
2015-03-05 00:00:00-05:00,26.21715859047424,26.44034608197325,26.008847805489967,26.425466537475582,8976400,0.0,0.0
2015-03-06 00:00:00-05:00,26.34363266801243,27.266144638247173,26.27667613115681,26.432907104492188,14177300,0.0,0.0
2015-03-09 00:00:00-04:00,26.43291150641291,26.596583698868404,26.269242151941054,26.537065505981445,8573800,0.0,0.0
2015-03-10 00:00:00-04:00,26.15020279027744,26.21715932339725,25.91213574762541,25.94933319091797,10996700,0.0,0.0
2015-03-11 00:00:00-04:00,25.94933825431776,26.15764624778891,25.874940515232662,26.001415252685547,10593900,0.0,0.0
2015-03-12 00:00:00-04:00,27.057838218969653,27.66044714828797,26.849530220778263,27.593490600585938,18321000,0.0,0.0
2015-03-13 00:00:00-04:00,27.48189014474617,27.6902009410229,26.84208672456097,27.042953491210938,11237500,0.0,0.0
2015-03-16 00:00:00-04:00,27.19175142431815,27.370303164906726,27.01320252171321,27.325664520263672,8077200,0.0,0.0
2015-03-17 00:00:00-04:00,27.05784028183768,27.26615113389414,26.84953226776505,27.19175338745117,8381800,0.0,0.0
2015-03-18 00:00:00-04:00,27.117356521230032,27.50421626085225,27.03552042504292,27.325664520263672,9870300,0.0,0.0
2015-03-19 00:00:00-04:00,27.221514915938965,27.28103028042209,26.55194932810313,26.86441421508789,10873800,0.0,0.0
2015-03-20 00:00:00-04:00,26.89415803013811,27.29589431651542,26.84951940365953,27.15454292297364,14009000,0.0,0.0
2015-03-23 00:00:00-04:00,27.109911645820493,27.2735838159633,27.0057576604508,27.013198852539062,7341600,0.0,0.0
2015-03-24 00:00:00-04:00,26.961122512817383,27.10991230238715,26.782570792157006,26.961122512817383,7952200,0.0,0.0
2015-03-25 00:00:00-04:00,26.95368215611557,26.95368215611557,26.313875824391538,26.37339401245117,9066500,0.0,0.0
2015-03-26 00:00:00-04:00,26.254359159752127,26.58170066373981,26.038609995813687,26.49986457824707,10180500,0.0,0.0
2015-03-27 00:00:00-04:00,26.44778660999599,26.685853665568576,26.32875308220969,26.65609741210937,9157800,0.0,0.0
2015-03-30 00:00:00-04:00,26.78257014351813,27.199188922980163,26.76025224321984,27.013198852539062,8954200,0.0,0.0
2015-03-31 00:00:00-04:00,26.938802532657,26.97599998109701,26.52218656935541,26.551942825317383,10258200,0.0,0.0
2015-04-01 00:00:00-04:00,26.574250565605684,26.804876335910016,26.306424527074963,26.76024055480957,7975800,0.0,0.0
2015-04-02 00:00:00-04:00,26.64122318567798,26.93136729021442,26.62634363698589,26.82721328735352,6271300,0.0,0.0
2015-04-06 00:00:00-04:00,26.49242112170556,26.88671908897493,26.358508069051297,26.71560859680176,6624300,0.0,0.0
2015-04-07 00:00:00-04:00,26.93135963050141,27.09502894359676,26.73049003726433,26.73792839050293,8045000,0.0,0.0
2015-04-08 00:00:00-04:00,26.84208389246395,27.080150916247785,26.745368277182145,26.975994110107425,6602800,0.0,0.0
2015-04-09 00:00:00-04:00,26.894164296898527,27.31822141431829,26.85696401384022,27.258703231811523,7910400,0.0,0.0
2015-04-10 00:00:00-04:00,27.34054101699361,27.37030011010089,26.75281169904972,26.961122512817383,10047800,0.0,0.0
2015-04-13 00:00:00-04:00,26.961124388088862,27.23638892351885,26.909044552537065,27.005760192871094,6207400,0.0,0.0
2015-04-14 00:00:00-04:00,27.12479358669041,27.519094500664487,27.00576004461872,27.40749931335449,12320000,0.0,0.0
2015-04-15 00:00:00-04:00,27.44469691768902,27.943151829035013,27.355422470128364,27.81667709350586,13022600,0.0,0.0
2015-04-16 00:00:00-04:00,27.935704901225204,27.94314609248468,27.586045537569014,27.794353485107425,8876100,0.0,0.0
2015-04-17 00:00:00-04:00,27.56372744573393,27.578606991697228,27.169429410647936,27.340539932250977,10033800,0.0,0.0
2015-04-20 00:00:00-04:00,27.76460663929266,27.86132230243368,27.30335190720997,27.49678039550781,13301900,0.0,0.0
2015-04-21 00:00:00-04:00,27.496770907890728,27.77947660522685,27.303342486334355,27.340539932250977,11380900,0.0,0.0
2015-04-22 00:00:00-04:00,27.40751054881838,27.853885805078896,27.25127949292567,27.675336837768555,10161300,0.0,0.0
2015-04-23 00:00:00-04:00,27.65300650147313,27.95059179446812,27.53397295187188,27.809240341186523,8486900,0.0,0.0
2015-04-24 00:00:00-04:00,27.86131001652804,27.86131001652804,27.56372480177352,27.794353485107425,8643200,0.0,0.0
2015-04-27 00:00:00-04:00,27.853870465754312,28.002663081894887,27.52652898063153,27.5637264251709,8924200,0.0,0.0
2015-04-28 00:00:00-04:00,27.51143839426648,27.75794177862396,27.35456949565406,27.66830444335937,7525400,0.15,0.0
2015-04-29 00:00:00-04:00,27.42927518022385,28.153848298114628,27.42927518022385,28.004453659057617,9518400,0.0,0.0
2015-04-30 00:00:00-04:00,27.877457985461703,28.16131285945524,27.70565191290544,27.8699893951416,10413900,0.0,0.0
2015-05-01 00:00:00-04:00,28.01192151425284,28.109030306701182,27.869995471074496,28.01939010620117,6469600,0.0,0.0
2015-05-04 00:00:00-04:00,28.07167291861016,28.34058488792795,28.03432142192349,28.31817626953125,7375700,0.0,0.0
2015-05-05 00:00:00-04:00,28.17626699863861,28.348073157225333,27.907352020147805,27.974580764770508,10339600,0.0,0.0
2015-05-06 00:00:00-04:00,28.03433161496068,28.10903178597521,27.45915312098944,27.675779342651367,9532500,0.0,0.0
2015-05-07 00:00:00-04:00,27.62348155186278,28.10155109085683,27.52637278627986,28.041793823242188,12404700,0.0,0.0
2015-05-08 00:00:00-04:00,28.10902512282813,28.35552850494294,28.034324969521005,28.30323982238769,10037900,0.0,0.0
2015-05-11 00:00:00-04:00,28.27336385601133,28.75890494951236,28.26589526435865,28.57215881347656,12349100,0.0,0.0
2015-05-12 00:00:00-04:00,28.38541669194965,28.407825319596803,27.982044297179183,28.17626190185547,9689300,0.0,0.0
2015-05-13 00:00:00-04:00,28.2285503148346,28.33312770882755,27.98951545727349,28.221078872680664,7016100,0.0,0.0
2015-05-14 00:00:00-04:00,28.36298713922819,28.51238167935228,28.258409821334048,28.489973068237305,7291300,0.0,0.0
2015-05-15 00:00:00-04:00,28.46758068551051,28.52733796572208,28.191197209302395,28.27336311340332,7093800,0.0,0.0
2015-05-18 00:00:00-04:00,28.30324105630121,28.684204730977413,28.273360993675706,28.63191604614257,6061400,0.0,0.0
2015-05-19 00:00:00-04:00,28.63192484685274,29.020354382299058,28.63192484685274,28.90083694458008,7380900,0.0,0.0
2015-05-20 00:00:00-04:00,28.83359934506573,28.870950848107423,28.5273358269533,28.63191604614257,6339300,0.0,0.0
2015-05-21 00:00:00-04:00,28.51986054827173,28.63937792122784,28.385403147506235,28.415283203125,7141500,0.0,0.0
2015-05-22 00:00:00-04:00,28.41529373100156,28.64685712404394,28.40035369765689,28.51239967346192,5513900,0.0,0.0
2015-05-26 00:00:00-04:00,28.40035608087622,28.49746488100547,28.079152460811983,28.22854995727539,8434000,0.0,0.0
2015-05-27 00:00:00-04:00,28.39288212551945,28.93071192537168,28.28830474210817,28.84854316711425,8252300,0.0,0.0
2015-05-28 00:00:00-04:00,28.811201928145053,28.96806804365812,28.69168448067976,28.93071937561035,9717600,0.0,0.0
2015-05-29 00:00:00-04:00,28.8634735568518,28.915762231087328,28.51239001596833,28.534801483154297,7858800,0.0,0.0
2015-06-01 00:00:00-04:00,28.69914049150096,28.92323810057466,28.50492579309249,28.818660736083984,8830700,0.0,0.0
2015-06-02 00:00:00-04:00,28.70661885093316,28.93818510634983,28.587101427061366,28.77384757995605,6178700,0.0,0.0
2015-06-03 00:00:00-04:00,28.97552741967225,29.31167099115142,28.841069991080584,29.139862060546875,7812600,0.0,0.0
2015-06-04 00:00:00-04:00,28.856023136712864,29.28927283167783,28.826143061330225,28.90831184387207,7713400,0.0,0.0
2015-06-05 00:00:00-04:00,29.30420562432553,29.43119448854516,29.09505084739921,29.34902572631836,9808100,0.0,0.0
2015-06-08 00:00:00-04:00,29.610465931558537,29.69263468472245,29.12492770302968,29.19962501525879,7327000,0.0,0.0
2015-06-09 00:00:00-04:00,29.19215878715088,29.34155342370363,28.97553257482132,29.229507446289062,7807900,0.0,0.0
2015-06-10 00:00:00-04:00,29.356484095185067,29.84202505769776,29.251906743140893,29.79720497131348,9546900,0.0,0.0
2015-06-11 00:00:00-04:00,29.87938303895804,30.01384049059495,29.60299954371328,29.78227424621582,6981000,0.0,0.0
2015-06-12 00:00:00-04:00,29.61794044682944,29.774806528505128,29.513360209525537,29.58806037902832,5896300,0.0,0.0
2015-06-15 00:00:00-04:00,29.2967283675926,29.61046044019594,29.095042242553603,29.528291702270508,5635300,0.0,0.0
2015-06-16 00:00:00-04:00,29.423719119491647,29.737454092525848,29.39383905548463,29.68516540527344,4580300,0.0,0.0
2015-06-17 00:00:00-04:00,29.797212412944926,29.849501102025727,29.528297526518056,29.565649032592773,7029500,0.0,0.0
2015-06-18 00:00:00-04:00,29.64034825412665,29.827094398444725,29.371433350385416,29.722517013549805,7593800,0.0,0.0
2015-06-19 00:00:00-04:00,29.60299863113298,29.827093427112924,29.29673507840573,29.408781051635746,10338800,0.0,0.0
2015-06-22 00:00:00-04:00,29.77479970232653,29.916725717563665,29.66275089852074,29.7673282623291,8676300,0.0,0.0
2015-06-23 00:00:00-04:00,29.92421458531686,30.05867208838359,29.86445442861115,30.0362606048584,9380300,0.0,0.0
2015-06-24 00:00:00-04:00,29.85697610996244,30.073599483667948,29.53577249608164,29.610469818115234,8065700,0.0,0.0
2015-06-25 00:00:00-04:00,29.74492342946344,29.78227208564866,29.23697372668897,29.29673385620117,8939700,0.0,0.0
2015-06-26 00:00:00-04:00,29.48347555009701,29.67022165244215,29.40130680914205,29.505884170532227,8325600,0.0,0.0
2015-06-29 00:00:00-04:00,28.997940471869533,29.28179540332441,28.60950815764708,28.616979598999023,10819300,0.0,0.0
2015-06-30 00:00:00-04:00,28.99794115728387,29.19962733575425,28.80372642034203,28.97553253173828,11102300,0.0,0.0
2015-07-01 00:00:00-04:00,29.475999627416453,29.528288300159225,29.266844936445377,29.401302337646484,10549900,0.0,0.0
2015-07-02 00:00:00-04:00,29.326607582067552,29.42371635621068,28.93070674447405,29.13239288330078,6801200,0.0,0.0
2015-07-06 00:00:00-04:00,28.691677316482224,29.07263819467822,28.68420872454584,29.02034950256348,8044500,0.0,0.0
2015-07-07 00:00:00-04:00,28.93818336676961,29.057700783456784,28.12397007511332,28.84854316711425,12759200,0.0,0.0
2015-07-08 00:00:00-04:00,28.5124020660836,28.63192234287051,28.213609922677023,28.22854995727539,9113300,0.0,0.0
2015-07-09 00:00:00-04:00,28.751430293007385,28.818659001779785,28.42275533922264,28.46010398864746,7286000,0.0,0.0
2015-07-10 00:00:00-04:00,28.94565027508469,29.020347587599566,28.72155548802026,28.863481521606445,6780400,0.0,0.0
2015-07-13 00:00:00-04:00,29.19215476439259,29.416249537860896,29.09504598439912,29.37142944335937,7183900,0.0,0.0
2015-07-14 00:00:00-04:00,29.37890955450806,29.812159197809738,29.326618004063587,29.662761688232425,8054600,0.0,0.0
2015-07-15 00:00:00-04:00,29.8420367625403,29.8420367625403,29.490953071956923,29.65529060363769,7649400,0.0,0.0
2015-07-16 00:00:00-04:00,29.88684826457593,29.94660839169228,29.75986226873324,29.812150955200195,7969800,0.0,0.0
2015-07-17 00:00:00-04:00,29.700101179371377,30.06612482230106,29.63287246330346,30.02877616882324,8153700,0.0,0.0
2015-07-20 00:00:00-04:00,30.551663019683648,30.656240379486288,29.804678621642672,29.909255981445312,15141800,0.0,0.0
2015-07-21 00:00:00-04:00,29.66275967061927,30.118420761552525,29.66275967061927,29.93914604187012,11773400,0.0,0.0
2015-07-22 00:00:00-04:00,30.00636477795051,30.342508359195584,29.93913891122111,30.282751083374023,9435900,0.0,0.0
2015-07-23 00:00:00-04:00,30.237924982252075,30.432142501507705,29.73744685478381,29.83455276489257,10281600,0.0,0.0
2015-07-24 00:00:00-04:00,29.96155110778369,29.96901969958252,29.311675339528147,29.58058738708496,8370100,0.0,0.0
2015-07-27 00:00:00-04:00,29.326611886924884,29.41625208368582,29.03528837125157,29.31914329528809,11948000,0.0,0.0
2015-07-28 00:00:00-04:00,29.58058674537442,29.67022694213536,29.1548057840796,29.31914329528809,9201100,0.0,0.0
2015-07-29 00:00:00-04:00,29.2591585029876,29.581594354803894,29.184171758116463,29.46161842346192,9677800,0.15,0.0
2015-07-30 00:00:00-04:00,29.35663278196009,29.5440953083827,29.13167546189205,29.46910858154297,5512100,0.0,0.0
2015-07-31 00:00:00-04:00,29.45411287518883,29.506602156671903,29.08668790480732,29.12417984008789,7347600,0.0,0.0
2015-08-03 00:00:00-04:00,29.21416050965326,29.22166061283968,28.809240751124243,29.064189910888672,7078100,0.0,0.0
2015-08-04 00:00:00-04:00,29.13167667384392,29.37912859203293,29.049195561565515,29.184165954589844,6365800,0.0,0.0
2015-08-05 00:00:00-04:00,29.461613114048628,29.506602292411767,29.09418528152552,29.244155883789062,4981000,0.0,0.0
2015-08-06 00:00:00-04:00,29.27415918467996,29.379137778999,28.98921524263385,29.191675186157227,7573500,0.0,0.0
2015-08-07 00:00:00-04:00,29.206650475051543,29.379115586936983,28.689252278945222,28.92920684814453,8329500,0.0,0.0
2015-08-10 00:00:00-04:00,29.0941820343748,29.36412851623065,29.0941820343748,29.304141998291016,5585000,0.0,0.0
2015-08-11 00:00:00-04:00,28.854237624654854,28.899229669959954,28.29184993037388,28.4343204498291,11188900,0.0,0.0
2015-08-12 00:00:00-04:00,28.171867370605472,28.22435664754423,27.422017288107693,28.17186737060547,13981400,0.0,0.0
2015-08-13 00:00:00-04:00,28.27684620649913,28.45681148669193,28.09688378675742,28.306840896606445,6554200,0.0,0.0
2015-08-14 00:00:00-04:00,28.261852788829707,28.539299420200862,28.20186626073019,28.53179931640625,5029500,0.0,0.0
2015-08-17 00:00:00-04:00,28.29183723515528,28.6292702724,28.15686402025739,28.59927558898925,5109200,0.0,0.0
2015-08-18 00:00:00-04:00,28.546801339627777,28.65177992633647,28.336844166210387,28.359338760375977,8794400,0.0,0.0
2015-08-19 00:00:00-04:00,28.20186643259896,28.32933959336946,27.92442265998848,28.07439041137696,8549700,0.0,0.0
2015-08-20 00:00:00-04:00,27.6994687315092,27.744460778750923,27.12208366394043,27.12208366394043,14129400,0.0,0.0
2015-08-21 00:00:00-04:00,26.672174948177627,26.912126815395577,25.61488613935732,25.65237808227539,30185700,0.0,0.0
2015-08-24 00:00:00-04:00,23.71026235822282,25.20246398420984,22.795444260421515,24.19016456604004,24624100,0.0,0.0
2015-08-25 00:00:00-04:00,25.344936447270303,25.344936447270303,23.792746746222505,23.815242767333984,19890100,0.0,0.0
2015-08-26 00:00:00-04:00,24.557591849148764,25.1199794487476,24.092685567740087,24.970008850097656,25346400,0.0,0.0
2015-08-27 00:00:00-04:00,25.49490370892013,25.757350102919727,25.15747058774125,25.719858169555664,21258600,0.0,0.0
2015-08-28 00:00:00-04:00,25.577388354024013,25.637374876900367,25.28494726143009,25.53239631652832,13192400,0.0,0.0
2015-08-31 00:00:00-04:00,25.56239559531408,26.222264628073614,25.397427622011257,25.83234214782715,13393000,0.0,0.0
2015-09-01 00:00:00-04:00,25.05999556324667,25.322444883578008,24.60258928466417,24.83504104614257,14590100,0.0,0.0
2015-09-02 00:00:00-04:00,25.307449604565264,25.35244165584725,24.86503777854145,25.33744430541992,12151000,0.0,0.0
2015-09-03 00:00:00-04:00,25.38243594971037,25.86234262841624,25.224968045680768,25.34494400024414,11670800,0.0,0.0
2015-09-04 00:00:00-04:00,24.985004964508384,25.149972900937247,24.63257450411985,24.887523651123047,12774100,0.0,0.0
2015-09-08 00:00:00-04:00,25.419919167706443,25.809838696888058,25.37492713259268,25.69736289978028,13449200,0.0,0.0
2015-09-09 00:00:00-04:00,26.13227767402056,26.28224828237025,25.232459744825285,25.30744361877441,10657200,0.0,0.0
2015-09-10 00:00:00-04:00,25.217454681888004,25.59987689873699,25.09747880400885,25.397417068481445,9692500,0.0,0.0
2015-09-11 00:00:00-04:00,25.32244352710656,25.50240598696886,25.10498626602553,25.48741149902344,7800900,0.0,0.0
2015-09-14 00:00:00-04:00,25.43491718415901,25.57739055157742,25.21746280204137,25.352436065673828,9102200,0.0,0.0
2015-09-15 00:00:00-04:00,25.449914488707527,26.06479141735949,25.33743867616962,25.929821014404297,8776700,0.0,0.0
2015-09-16 00:00:00-04:00,25.952316827979985,26.07978999362118,25.71986222772346,25.95981407165528,10540400,0.0,0.0
2015-09-17 00:00:00-04:00,25.93731607263585,26.169770642353416,25.412420410324373,25.53239631652832,13617200,0.0,0.0
2015-09-18 00:00:00-04:00,25.16497010103198,25.19496193074978,24.62507711979627,24.767547607421875,19591300,0.0,0.0
2015-09-21 00:00:00-04:00,25.00750296542913,25.194965514976428,24.767551130844705,25.0000057220459,8950900,0.0,0.0
2015-09-22 00:00:00-04:00,24.57259001715985,24.64757388876786,24.07018892394192,24.325138092041016,13385500,0.0,0.0
2015-09-23 00:00:00-04:00,24.28764247249694,24.58008353204511,24.07768537547793,24.235153198242188,12264700,0.0,0.0
2015-09-24 00:00:00-04:00,23.95771183303028,24.040195803650928,23.53029606454419,23.97270774841309,16766500,0.0,0.0
2015-09-25 00:00:00-04:00,24.407630475920325,24.58759583441252,24.04020537382508,24.137683868408203,13797800,0.0,0.0
2015-09-28 00:00:00-04:00,23.90522424949598,23.935218944635217,23.102884747456603,23.312843322753903,15445400,0.0,0.0
2015-09-29 00:00:00-04:00,23.31284326079658,23.447816528112867,22.84793549895447,23.25285530090332,13715900,0.0,0.0
2015-09-30 00:00:00-04:00,23.65027973342997,23.83774231306632,23.45531847898105,23.620285034179688,15024800,0.0,0.0
2015-10-01 00:00:00-04:00,23.560297065905093,23.85273823246548,23.260357224532136,23.620285034179688,13358700,0.0,0.0
2015-10-02 00:00:00-04:00,22.79544664281408,23.597786157855555,22.607984085833323,23.56779289245605,22822500,0.0,0.0
2015-10-05 00:00:00-04:00,23.800243307414537,24.35513224021376,23.777747288299807,24.212661743164062,11635700,0.0,0.0
2015-10-06 00:00:00-04:00,24.047692851307914,24.317639349168807,23.950212966094583,24.26515007019043,8875100,0.0,0.0
2015-10-07 00:00:00-04:00,24.850037603576485,24.992510986216057,24.460115118142145,24.692569732666016,13458400,0.0,0.0
2015-10-08 00:00:00-04:00,24.805048819684835,24.90252729728366,24.37013428103714,24.73756217956543,11407600,0.0,0.0
2015-10-09 00:00:00-04:00,24.7075623085096,24.940014017677864,24.30264255257288,24.535097122192383,11711000,0.0,0.0
2015-10-12 00:00:00-04:00,24.55759701630189,24.632580901178567,24.392629037031003,24.595088958740234,7034500,0.0,0.0
2015-10-13 00:00:00-04:00,24.385131006868807,24.87253196376348,24.377630902351733,24.452617645263672,10943700,0.0,0.0
2015-10-14 00:00:00-04:00,24.430120197199003,24.820039772959845,24.2801495893556,24.40012550354004,9877500,0.0,0.0
2015-10-15 00:00:00-04:00,24.5276043186784,25.25496007520409,24.265157839752675,25.202470779418945,12920500,0.0,0.0
2015-10-16 00:00:00-04:00,25.374932549333096,25.554897867753937,25.119983350167065,25.457416534423828,13804700,0.0,0.0
2015-10-19 00:00:00-04:00,23.93521346662542,24.242653300536247,23.695261681332006,24.235153198242188,39255600,0.0,0.0
2015-10-20 00:00:00-04:00,24.15267399173228,24.295147358865364,23.747755631871584,24.18266868591309,23590400,0.0,0.0
2015-10-21 00:00:00-04:00,24.295145439226737,24.30264268195382,23.515300614852755,23.605281829833984,22175900,0.0,0.0
2015-10-22 00:00:00-04:00,23.770253248923083,24.31764358245399,23.717762530581386,24.25765419006348,18753800,0.0,0.0
2015-10-23 00:00:00-04:00,24.430119785340075,24.737558239032904,24.250154486871683,24.460111618041992,14730700,0.0,0.0
2015-10-26 00:00:00-04:00,24.467616503744388,24.61008703339129,24.23516187705023,24.40762710571289,10952300,0.0,0.0
2015-10-27 00:00:00-04:00,24.25764859630064,24.27264594093991,23.8452316302992,24.167667388916016,13302400,0.0,0.0
2015-10-28 00:00:00-04:00,24.22040474714144,25.335371659652903,24.190269807223984,25.192232131958008,17285600,0.15,0.0
2015-10-29 00:00:00-04:00,25.19223694611237,25.523715600896782,25.12443475525433,25.26757431030273,12759600,0.0,0.0
2015-10-30 00:00:00-04:00,25.192231219271143,25.290168333541697,24.80802080763426,24.83815574645996,13581100,0.0,0.0
2015-11-02 00:00:00-05:00,24.936099588330546,25.40318269849732,24.875832561299795,25.222375869750977,9887900,0.0,0.0
2015-11-03 00:00:00-05:00,25.064169510349235,25.26757609730891,24.92103281900433,25.07923698425293,11389800,0.0,0.0
2015-11-04 00:00:00-05:00,25.162107467651367,25.31277646390794,25.041570546349973,25.162107467651367,9125400,0.0,0.0
2015-11-05 00:00:00-05:00,25.26004328041995,25.651789016988808,25.16964130238931,25.523719787597656,12192300,0.0,0.0
2015-11-06 00:00:00-05:00,26.322263689039247,26.82701382008641,26.254461518415766,26.676342010498047,19355200,0.0,0.0
2015-11-09 00:00:00-05:00,26.759225888532395,26.92496525465509,26.24694318763247,26.45034980773925,10976800,0.0,0.0
2015-11-10 00:00:00-05:00,26.367470127317137,26.608543910003657,26.16406358433298,26.54827690124512,7335600,0.0,0.0
2015-11-11 00:00:00-05:00,26.653752349150043,26.77428926775029,26.329808841569346,26.382543563842773,7506000,0.0,0.0
2015-11-12 00:00:00-05:00,26.17160507222709,26.194204846736987,25.74972441380554,25.787391662597656,10403400,0.0,0.0
2015-11-13 00:00:00-05:00,25.64425578267094,25.89286193166148,25.44838148460376,25.56138610839844,8728000,0.0,0.0
2015-11-16 00:00:00-05:00,25.418248141613464,25.71958900033017,25.026502438837607,25.65178680419922,11227400,0.0,0.0
2015-11-17 00:00:00-05:00,25.94559044166949,25.94559044166949,25.21483677066928,25.305238723754883,10853300,0.0,0.0
2015-11-18 00:00:00-05:00,25.380569668079897,25.84765258720922,25.32030266569842,25.80245018005371,10396200,0.0,0.0
2015-11-19 00:00:00-05:00,25.82505333906054,25.94559023348292,25.576447251613374,25.74218368530273,8947800,0.0,0.0
2015-11-20 00:00:00-05:00,25.862725407406053,26.013394381446943,25.4483771073142,25.54631423950196,8624100,0.0,0.0
2015-11-23 00:00:00-05:00,25.55384196214769,25.71958125250161,25.290168430971864,25.34290313720703,7963000,0.0,0.0
2015-11-24 00:00:00-05:00,25.064164932975764,25.44837538895928,24.996362749705,25.305238723754883,7954500,0.0,0.0
2015-11-25 00:00:00-05:00,25.32784098470643,25.42577811991383,25.192236604827432,25.32030868530273,6210000,0.0,0.0
2015-11-27 00:00:00-05:00,25.33537967425181,25.553850873199472,25.22237505072647,25.448381423950195,3014600,0.0,0.0
2015-11-30 00:00:00-05:00,25.470979220847955,26.01339383849204,25.38810956255925,25.84012222290039,17416300,0.0,0.0
2015-12-01 00:00:00-05:00,26.06613434371213,26.631151731571443,26.06613434371213,26.570884704589844,18594200,0.0,0.0
2015-12-02 00:00:00-05:00,26.63868346316536,26.66881840967488,26.156535814319646,26.28460502624512,10996500,0.0,0.0
2015-12-03 00:00:00-05:00,26.40513762855779,26.53320969340576,25.832588107462843,25.953125,15021200,0.0,0.0
2015-12-04 00:00:00-05:00,26.1113358564112,26.804425322343487,25.9229967337095,26.608551025390625,13205400,0.0,0.0
2015-12-07 00:00:00-05:00,26.57840686007011,26.60100950115925,25.93052004281643,26.126394271850582,8389200,0.0,0.0
2015-12-08 00:00:00-05:00,25.78738621018152,25.87778816293362,25.49357770836749,25.65931701660156,10613400,0.0,0.0
2015-12-09 00:00:00-05:00,25.46344890850144,25.84766232957429,24.928566487772585,25.13950538635254,13211200,0.0,0.0
2015-12-10 00:00:00-05:00,25.23743969193864,25.53878340495513,25.071700362396907,25.177169799804688,10674500,0.0,0.0
2015-12-11 00:00:00-05:00,24.717619000635104,24.898422886929687,24.054664711961067,24.16766929626465,16133000,0.0,0.0
2015-12-14 00:00:00-05:00,24.205344570468263,24.49915313862548,23.647859509324302,24.017004013061523,14990100,0.0,0.0
2015-12-15 00:00:00-05:00,24.589552980158352,24.92103164274036,24.52928596121496,24.74022483825684,13708800,0.0,0.0
2015-12-16 00:00:00-05:00,24.98883003500893,25.44084559254778,24.61968701387009,25.32030868530273,13682900,0.0,0.0
2015-12-17 00:00:00-05:00,25.4860439209673,25.50110851735744,24.37860928759627,24.3936767578125,15959800,0.0,0.0
2015-12-18 00:00:00-05:00,24.205340667488606,24.295742626077026,23.54238626557851,23.5725212097168,19331700,0.0,0.0
2015-12-21 00:00:00-05:00,23.82113011857505,23.956733064241497,23.49718663505971,23.866331100463867,10920100,0.0,0.0
2015-12-22 00:00:00-05:00,24.077265713952936,24.393676841932685,23.813592168824904,24.27313995361328,11468400,0.0,0.0
2015-12-23 00:00:00-05:00,24.46147966134526,24.657351032305144,24.31834012696478,24.55941390991211,6807100,0.0,0.0
2015-12-24 00:00:00-05:00,24.53681922392269,24.64228866658312,24.438882081240823,24.4690170288086,2798200,0.0,0.0
2015-12-28 00:00:00-05:00,24.37861126722845,24.37861126722845,24.069735287279133,24.235471725463867,5420300,0.0,0.0
2015-12-29 00:00:00-05:00,24.438876033372395,24.634750270263297,24.35600925880816,24.52174568176269,6388200,0.0,0.0
2015-12-30 00:00:00-05:00,24.48408245640469,24.5970870634264,24.2580761161878,24.280675888061523,5057200,0.0,0.0
2015-12-31 00:00:00-05:00,24.03959983470397,24.333408336984107,23.93413041068817,23.964263916015625,8154300,0.0,0.0
2016-01-04 00:00:00-05:00,23.12804299885281,23.745795042163337,23.02257212144644,23.715660095214844,15749200,0.0,0.0
2016-01-05 00:00:00-05:00,23.71565759070793,23.88139690759493,23.301312172316862,23.564987182617188,9850500,0.0,0.0
2016-01-06 00:00:00-05:00,23.07530308895163,23.188307684717163,22.78902832406466,22.977367401123047,13057400,0.0,0.0
2016-01-07 00:00:00-05:00,22.51028822248414,22.653426338420857,21.681597345903697,21.83226776123047,18138200,0.0,0.0
2016-01-08 00:00:00-05:00,22.156212381836934,22.21648083846252,21.319986288857816,21.3802547454834,15295600,0.0,0.0
2016-01-11 00:00:00-05:00,21.432992754501708,21.545995940825883,20.9508436229179,21.44052505493164,19414800,0.0,0.0
2016-01-12 00:00:00-05:00,21.65146538980665,21.756934838787416,21.09398175861571,21.44052505493164,16041800,0.0,0.0
2016-01-13 00:00:00-05:00,21.64393131715717,21.69666604083059,19.963946712267127,20.257755279541016,29721900,0.0,0.0
2016-01-14 00:00:00-05:00,20.333085927537,20.581693443716976,19.760534979413663,20.453622817993164,23814500,0.0,0.0
2016-01-15 00:00:00-05:00,19.60986152320097,19.89613623411132,19.21811597192335,19.564659118652344,29462200,0.0,0.0
2016-01-19 00:00:00-05:00,20.21254727487564,20.43855356554861,19.406456351385632,19.78313446044922,28788200,0.0,0.0
2016-01-20 00:00:00-05:00,19.36125794070921,19.413992653044986,18.58530041614724,19.01471328735352,25940900,0.0,0.0
2016-01-21 00:00:00-05:00,19.05238089448807,19.278387202341705,18.600366841867743,18.668169021606445,22130300,0.0,0.0
2016-01-22 00:00:00-05:00,19.029783896527352,19.572200017455096,18.96951543864649,19.29345893859864,22498400,0.0,0.0
2016-01-25 00:00:00-05:00,19.180446817954383,19.218115487462,18.78870271346493,18.818836212158203,20144600,0.0,0.0
2016-01-26 00:00:00-05:00,18.86404303719833,19.331123153271275,18.85650930153093,19.20305252075196,13362900,0.0,0.0
2016-01-27 00:00:00-05:00,19.134849581469684,19.824461866594085,18.98328583830036,19.22578811645508,19796300,0.15,0.0
2016-01-28 00:00:00-05:00,19.45313044127415,19.581959177127047,18.89992528837242,19.074222564697266,16015600,0.0,0.0
2016-01-29 00:00:00-05:00,19.21063455032856,19.619854410192705,19.03633722937567,19.612276077270508,18766500,0.0,0.0
2016-02-01 00:00:00-05:00,19.536498273522408,19.650170391846427,19.26368403320923,19.48344993591309,11177900,0.0,0.0
2016-02-02 00:00:00-05:00,19.21821430605499,19.21821430605499,18.48313185779202,18.56649208068848,18326800,0.0,0.0
2016-02-03 00:00:00-05:00,18.51343678416093,18.581640309117407,17.64952739527046,18.430076599121094,25132900,0.0,0.0
2016-02-04 00:00:00-05:00,18.30125039318802,19.09695781184245,18.27851684535886,18.95297241210937,17497500,0.0,0.0
2016-02-05 00:00:00-05:00,19.013599558170743,19.26367872777676,18.323987258789963,18.452816009521484,16106100,0.0,0.0
2016-02-08 00:00:00-05:00,18.005706994194618,18.066332211868573,16.91445163064425,17.1796875,24258700,0.0,0.0
2016-02-09 00:00:00-05:00,16.588587483954374,17.64953076569308,16.490072065436948,17.37671661376953,25642000,0.0,0.0
2016-02-10 00:00:00-05:00,17.717734776622148,18.02086228732195,17.156951194498067,17.202421188354492,21564200,0.0,0.0
2016-02-11 00:00:00-05:00,16.42187412409314,16.770468818869897,16.035387758958407,16.437030792236328,29160400,0.0,0.0
2016-02-12 00:00:00-05:00,16.603742089968602,17.58132504964029,16.56585188263724,17.49796485900879,22802200,0.0,0.0
2016-02-16 00:00:00-05:00,18.240623352745725,18.29367021956269,17.588901399465957,17.975387573242188,20565500,0.0,0.0
2016-02-17 00:00:00-05:00,18.354301016123543,18.695318757437924,18.27852058064849,18.361879348754883,19226500,0.0,0.0
2016-02-18 00:00:00-05:00,18.46039604474516,18.59680313992018,18.02086287441404,18.15726852416992,17521200,0.0,0.0
2016-02-19 00:00:00-05:00,18.020859254799536,18.3315636001048,17.914764065740503,18.187578201293945,12986200,0.0,0.0
2016-02-22 00:00:00-05:00,18.490706555328472,18.74836406141692,18.43765967679597,18.5968017578125,12182000,0.0,0.0
2016-02-23 00:00:00-05:00,18.52860047159428,18.55891235783874,17.945081845841372,17.967815399169922,14728800,0.0,0.0
2016-02-24 00:00:00-05:00,17.55101720672883,17.967815399169922,17.18726589927996,17.967815399169922,20271400,0.0,0.0
2016-02-25 00:00:00-05:00,18.036015756419324,18.702894480746227,18.013282207116127,18.665002822875977,17568600,0.0,0.0
2016-02-26 00:00:00-05:00,18.945398051381066,19.45313477697484,18.778679068879807,19.066648483276367,19258000,0.0,0.0
2016-02-29 00:00:00-05:00,18.95297441714024,19.059068172683588,18.69531691474724,18.71805191040039,13301500,0.0,0.0
2016-03-01 00:00:00-05:00,19.013599857830755,19.794150706378623,18.99086486190135,19.77141571044922,17197000,0.0,0.0
2016-03-02 00:00:00-05:00,19.70320940072291,19.92297666091662,19.57438066605528,19.78656959533692,16119300,0.0,0.0
2016-03-03 00:00:00-05:00,19.778995214106192,19.847198760515663,19.55922791002699,19.809307098388672,11515400,0.0,0.0
2016-03-04 00:00:00-05:00,19.900246080552268,20.08212172651189,19.63501022149564,19.801729202270508,13629400,0.0,0.0
2016-03-07 00:00:00-05:00,19.581961747294603,19.953291341627367,19.475867990462103,19.77141571044922,9835300,0.0,0.0
2016-03-08 00:00:00-05:00,19.475865693463,19.597116099948053,18.89992553994952,18.95297241210937,21715100,0.0,0.0
2016-03-09 00:00:00-05:00,19.096956508727303,19.14242504670186,18.52101639451413,18.649845123291016,23542300,0.0,0.0
2016-03-10 00:00:00-05:00,18.8771870356612,19.059062611561057,18.528592543207782,18.68015480041504,20117300,0.0,0.0
2016-03-11 00:00:00-05:00,19.059070800587367,19.77141819633023,19.028758914289376,19.703214645385746,24457300,0.0,0.0
2016-03-14 00:00:00-04:00,19.574378847334213,19.75625443606888,19.445550124636487,19.6350040435791,17603300,0.0,0.0
2016-03-15 00:00:00-04:00,19.42281970407721,19.46828969602369,19.03633489046533,19.27125740051269,15900500,0.0,0.0
2016-03-16 00:00:00-04:00,19.17274224982997,19.544073323605904,18.72563074018385,19.066648483276367,17841100,0.0,0.0
2016-03-17 00:00:00-04:00,18.952975036661663,19.72594756910705,18.627113982076708,19.589540481567383,20718900,0.0,0.0
2016-03-18 00:00:00-04:00,19.741104601873182,20.12001257077992,19.68805771749331,19.915403366088867,24032000,0.0,0.0
2016-03-21 00:00:00-04:00,19.83203497891361,20.165474258880444,19.597112539704952,19.6577377319336,10054000,0.0,0.0
2016-03-22 00:00:00-04:00,19.40766716915869,19.718371596661274,19.28641673137325,19.58196449279785,13623900,0.0,0.0
2016-03-23 00:00:00-04:00,19.5743856770574,19.60469900846585,19.096962270727843,19.15000915527344,10430600,0.0,0.0
2016-03-24 00:00:00-04:00,18.899925666949027,18.899925666949027,18.407345706616177,18.89234733581543,15777900,0.0,0.0
2016-03-28 00:00:00-04:00,18.93024000140969,18.998443545039528,18.7028958195896,18.73320770263672,9540200,0.0,0.0
2016-03-29 00:00:00-04:00,18.61195279643022,18.80140671745168,18.27851493613393,18.77867317199707,13927200,0.0,0.0
2016-03-30 00:00:00-04:00,18.915085294375807,19.27125971361249,18.7635229726195,18.99844551086425,11502400,0.0,0.0
2016-03-31 00:00:00-04:00,18.87719054670149,19.35461528697793,18.86203388453615,18.95297241210937,15492000,0.0,0.0
2016-04-01 00:00:00-04:00,18.862038883833247,19.46071418927089,18.65742967204576,19.347042083740234,15484800,0.0,0.0
2016-04-04 00:00:00-04:00,19.316730069724432,19.331886736941417,18.87719683836736,18.9757137298584,11408300,0.0,0.0
2016-04-05 00:00:00-04:00,18.665005586369084,18.71805391524164,18.36945783831784,18.47555160522461,12860000,0.0,0.0
2016-04-06 00:00:00-04:00,18.44523607816856,18.740783767869058,18.392189205188355,18.50586128234864,14982000,0.0,0.0
2016-04-07 00:00:00-04:00,18.36187374701842,18.422498944154768,17.816246972791294,17.975387573242188,17145400,0.0,0.0
2016-04-08 00:00:00-04:00,18.19516506875899,18.323993865942803,17.92992913980178,17.998132705688477,10000600,0.0,0.0
2016-04-11 00:00:00-04:00,18.11179680826552,18.521018022257746,18.089063259989658,18.270938873291016,12107600,0.0,0.0
2016-04-12 00:00:00-04:00,18.354297297162816,18.831722038266808,18.32398541819844,18.627111434936523,14947800,0.0,0.0
2016-04-13 00:00:00-04:00,18.968133678495107,19.612276077270508,18.93024201388413,19.612276077270508,18251000,0.0,0.0
2016-04-14 00:00:00-04:00,19.50618161706248,19.900246242559287,19.445556401249053,19.8320426940918,18678400,0.0,0.0
2016-04-15 00:00:00-04:00,19.93813177454181,19.98360175977987,19.48344204009296,19.521333694458008,14899900,0.0,0.0
2016-04-18 00:00:00-04:00,19.839617691105587,19.85477435386544,19.34703771476176,19.49860000610352,29605100,0.0,0.0
2016-04-19 00:00:00-04:00,19.59712089798056,20.0745443097274,19.55165090035193,20.05180931091309,23006500,0.0,0.0
2016-04-20 00:00:00-04:00,20.06696151600779,20.824777296329103,20.0214929739058,20.77173042297364,24836300,0.0,0.0
2016-04-21 00:00:00-04:00,20.726263615422827,21.127905087537822,20.57469986850685,20.65806007385254,16579300,0.0,0.0
2016-04-22 00:00:00-04:00,20.703528123982903,21.0824360367803,20.680794574283205,20.991498947143555,19084100,0.0,0.0
2016-04-25 00:00:00-04:00,20.862667083740234,20.999072697827124,20.635321502757886,20.862667083740234,11748800,0.0,0.0
2016-04-26 00:00:00-04:00,20.84751099825983,20.968761399964368,20.711103934987523,20.87782287597656,13779800,0.0,0.0
2016-04-27 00:00:00-04:00,20.8244837747492,21.205465915855715,20.717809240305456,20.97687721252441,12481700,0.15,0.0
2016-04-28 00:00:00-04:00,20.748294830322266,21.19785404154593,20.63400043583009,20.748294830322266,11096600,0.0,0.0
2016-04-29 00:00:00-04:00,20.580663415075467,20.755914919121203,20.46636901910356,20.61876106262207,15477400,0.0,0.0
2016-05-02 00:00:00-04:00,20.6492382922996,20.9692634412331,20.451127347404395,20.77115249633789,14987500,0.0,0.0
2016-05-03 00:00:00-04:00,20.48160747464624,20.50446693547316,20.070147353086497,20.489227294921875,16716600,0.0,0.0
2016-05-04 00:00:00-04:00,20.192061002639733,20.283497390042328,19.84917636654509,20.024429321289062,15144500,0.0,0.0
2016-05-05 00:00:00-04:00,20.009189720321874,20.192061042152844,19.81107875833864,19.94061279296875,11909100,0.0,0.0
2016-05-06 00:00:00-04:00,19.80345312207993,20.07776075092953,19.734876214867523,20.001564025878903,12002200,0.0,0.0
2016-05-09 00:00:00-04:00,19.99394835364225,20.192059298518107,19.84155632527524,19.88727378845215,10734400,0.0,0.0
2016-05-10 00:00:00-04:00,20.12348880839772,20.41303622549645,20.024434030968624,20.291120529174805,11200000,0.0,0.0
2016-05-11 00:00:00-04:00,20.260633928347268,20.565419403940115,20.07776264299156,20.08538246154785,9589900,0.0,0.0
2016-05-12 00:00:00-04:00,20.237774415977448,20.367308424407963,19.788215295738123,19.986326217651367,9838300,0.0,0.0
2016-05-13 00:00:00-04:00,19.95585081333304,20.30635378839288,19.72726058959961,19.72726058959961,13378800,0.0,0.0
2016-05-16 00:00:00-04:00,19.704402002937965,20.13110170664726,19.69678218370524,19.971088409423828,9883900,0.0,0.0
2016-05-17 00:00:00-04:00,19.872032024987465,20.237774597963064,19.772977289806,19.9329891204834,14474100,0.0,0.0
2016-05-18 00:00:00-04:00,19.95584697039685,20.79400805601585,19.94822715240657,20.755908966064453,20329900,0.0,0.0
2016-05-19 00:00:00-04:00,20.62637999185307,20.839730587561952,20.146342968173123,20.275876998901367,11487100,0.0,0.0
2016-05-20 00:00:00-04:00,20.458742274209115,20.702570623975262,20.32158846413276,20.39778518676757,14313000,0.0,0.0
2016-05-23 00:00:00-04:00,20.35968778631741,20.52732088067477,20.26825287424223,20.443504333496094,8913100,0.0,0.0
2016-05-24 00:00:00-04:00,20.603518619509163,21.075935746160525,20.54256007069552,20.88544464111328,18026100,0.0,0.0
2016-05-25 00:00:00-04:00,21.037843429583084,21.555979598946053,21.030223609053376,21.167377471923828,15856700,0.0,0.0
2016-05-26 00:00:00-04:00,21.26642883252768,21.26642883252768,20.83972912440061,20.89306640625,10080100,0.0,0.0
2016-05-27 00:00:00-04:00,20.915920128080632,21.06069229530241,20.809244140305363,20.97687721252441,10156100,0.0,0.0
2016-05-31 00:00:00-04:00,21.06069640916094,21.235949332834664,20.75591092740723,20.85496711730957,12723400,0.0,0.0
2016-06-01 00:00:00-04:00,20.65685387682301,21.007356778242936,20.32158915778492,20.946399688720703,11175000,0.0,0.0
2016-06-02 00:00:00-04:00,20.92354268203084,20.99211959742946,20.740671392078468,20.78639030456543,8077400,0.0,0.0
2016-06-03 00:00:00-04:00,20.26825163292516,20.306349268401256,19.818692558315288,20.2225341796875,14562600,0.0,0.0
2016-06-06 00:00:00-04:00,20.28349637116088,20.580662071960944,20.23015763341164,20.45874786376953,10174200,0.0,0.0
2016-06-07 00:00:00-04:00,20.504462024374096,20.52732147972586,20.192056734558783,20.20729637145996,9949100,0.0,0.0
2016-06-08 00:00:00-04:00,20.16157563759512,20.435883263684296,20.11585818435747,20.2225341796875,10311500,0.0,0.0
2016-06-09 00:00:00-04:00,20.01680581335348,20.04728363465109,19.772977429645337,19.872032165527344,9893000,0.0,0.0
2016-06-10 00:00:00-04:00,19.53676848049117,19.69678177438939,19.38437645899921,19.460573196411133,13449800,0.0,0.0
2016-06-13 00:00:00-04:00,19.28532245410505,19.605347624906685,19.23198516786012,19.24722480773925,12824300,0.0,0.0
2016-06-14 00:00:00-04:00,19.117691932151605,19.369140192043112,18.60717559196798,18.74432945251465,15812900,0.0,0.0
2016-06-15 00:00:00-04:00,18.927198403911863,19.178646632208658,18.72146763894214,18.83576202392578,17393000,0.0,0.0
2016-06-16 00:00:00-04:00,18.63003225001557,19.132928694130648,18.462399133089274,19.10244941711425,16309400,0.0,0.0
2016-06-17 00:00:00-04:00,19.125306549746696,19.422472197869435,19.08720745810805,19.28531837463379,19295900,0.0,0.0
2016-06-20 00:00:00-04:00,19.71964271431855,20.03966789643134,19.69678470702399,19.734882354736328,17426400,0.0,0.0
2016-06-21 00:00:00-04:00,19.85679064652487,20.039661916976563,19.658679740202626,19.96346664428711,12357100,0.0,0.0
2016-06-22 00:00:00-04:00,19.98632973093457,20.32921435862196,19.917752805397093,20.108243942260746,14542900,0.0,0.0
2016-06-23 00:00:00-04:00,20.51969497149394,20.794002532958984,20.4206388172621,20.794002532958984,18027200,0.0,0.0
2016-06-24 00:00:00-04:00,19.10245244974194,19.452956924415485,18.67575267709481,18.6833724975586,49311900,0.0,0.0
2016-06-27 00:00:00-04:00,18.325242058289128,18.37096096574312,17.60899661482329,17.989978790283203,25434000,0.0,0.0
2016-06-28 00:00:00-04:00,18.48525576841062,18.76718177110645,18.19570849429244,18.75194358825684,19792300,0.0,0.0
2016-06-29 00:00:00-04:00,19.003390614485347,19.23959914758222,18.774800445683425,19.2243595123291,13760800,0.0,0.0
2016-06-30 00:00:00-04:00,19.308180586396432,19.811077041175093,19.18626638240961,19.79583740234375,19736300,0.0,0.0
2016-07-01 00:00:00-04:00,19.63582577709768,20.115862779068465,19.628205957595668,19.750120162963867,8863400,0.0,0.0
2016-07-05 00:00:00-04:00,19.43009262084961,19.4834298974718,18.91957640365872,19.049110412597656,13317300,0.0,0.0
2016-07-06 00:00:00-04:00,18.843377481499164,19.22435964547609,18.72146330529308,19.163402557373047,14165000,0.0,0.0
2016-07-07 00:00:00-04:00,19.25483836709037,19.75011487546993,19.247218549628343,19.57486343383789,13428700,0.0,0.0
2016-07-08 00:00:00-04:00,19.9406107474586,20.138721689119592,19.833936183999576,20.09300422668457,14141600,0.0,0.0
2016-07-11 00:00:00-04:00,20.33683591216416,20.51208742421881,20.108245656441767,20.161582946777344,13213000,0.0,0.0
2016-07-12 00:00:00-04:00,20.43588580823288,20.90830439495,20.41302780543373,20.85496711730957,15516900,0.0,0.0
2016-07-13 00:00:00-04:00,20.915924301994075,20.93878230488976,20.52732226611749,20.69495391845703,12911900,0.0,0.0
2016-07-14 00:00:00-04:00,21.182611333710675,21.395961904975334,21.07593677474428,21.335004806518555,15436600,0.0,0.0
2016-07-15 00:00:00-04:00,21.52549596000955,21.548355416971862,21.09879627003609,21.34262466430664,18519800,0.0,0.0
2016-07-18 00:00:00-04:00,21.38071982578395,21.51025382688093,21.228327823708007,21.495014190673828,14083900,0.0,0.0
2016-07-19 00:00:00-04:00,21.29690888698679,21.639792048531227,21.159755041036227,21.479780197143555,21511200,0.0,0.0
2016-07-20 00:00:00-04:00,22.20364468220621,22.20364468220621,21.47977929168276,21.929338455200195,28606100,0.0,0.0
2016-07-21 00:00:00-04:00,21.88362322768365,22.157930954251267,21.815046296041743,21.9979190826416,20312700,0.0,0.0
2016-07-22 00:00:00-04:00,21.921716371629504,22.15030511274549,21.89123709770376,22.0360107421875,12996700,0.0,0.0
2016-07-25 00:00:00-04:00,21.959813479804563,22.203641851988625,21.93695547824464,22.196022033691406,10622900,0.0,0.0
2016-07-26 00:00:00-04:00,22.11220309311082,22.31031397438589,21.99790874519522,22.272214889526367,15019500,0.0,0.0
2016-07-27 00:00:00-04:00,22.272217754486533,22.533070570741536,22.195496079703727,22.264545440673828,13672200,0.2,0.0
2016-07-28 00:00:00-04:00,22.17248200058008,22.272220629676568,21.98835083533782,22.14179420471192,11528400,0.0,0.0
2016-07-29 00:00:00-04:00,22.072746298601288,22.256877476054363,21.934647549675347,22.04205703735352,10498500,0.0,0.0
2016-08-01 00:00:00-04:00,22.12645348192503,22.187830547843,21.765863402575057,21.8656005859375,10396000,0.0,0.0
2016-08-02 00:00:00-04:00,21.78119798767667,21.91162438427,21.32087090637703,21.48198509216309,16915500,0.0,0.0
2016-08-03 00:00:00-04:00,21.45897521892933,21.87327148453445,21.443632050952708,21.8042221069336,10562000,0.0,0.0
2016-08-04 00:00:00-04:00,21.689143174044933,21.788880364165784,21.474322697103005,21.696815490722656,12162900,0.0,0.0
2016-08-05 00:00:00-04:00,21.94232216251492,22.38730625378919,21.93464984639962,22.256879806518555,11881900,0.0,0.0
2016-08-08 00:00:00-04:00,22.26454876055452,22.57143404210137,22.249204130641065,22.341270446777344,9018600,0.0,0.0
2016-08-09 00:00:00-04:00,22.364282598856065,22.625135415172952,22.364282598856065,22.510053634643555,11012600,0.0,0.0
2016-08-10 00:00:00-04:00,22.548416139513925,22.609793193216376,22.287563295442407,22.33359718322754,8186700,0.0,0.0
2016-08-11 00:00:00-04:00,22.39497518735472,22.594450986189376,22.272221074740223,22.54074478149414,8741100,0.0,0.0
2016-08-12 00:00:00-04:00,22.36428450619412,22.40264607853841,22.14179323997469,22.37962913513184,9749000,0.0,0.0
2016-08-15 00:00:00-04:00,22.53307624741628,22.86297704440785,22.48704235294291,22.75556755065918,9411000,0.0,0.0
2016-08-16 00:00:00-04:00,23.008743746734723,23.30028583631384,22.91667890196345,23.20821952819824,22161900,0.0,0.0
2016-08-17 00:00:00-04:00,23.22356366145288,23.377005553913765,23.108481876271146,23.30028533935547,12327000,0.0,0.0
2016-08-18 00:00:00-04:00,23.223567935465365,23.584157985622124,23.169863190053142,23.43838691711425,13369400,0.0,0.0
2016-08-19 00:00:00-04:00,23.32330511075313,23.568813354548755,23.21589561992868,23.43838691711425,8831900,0.0,0.0
2016-08-22 00:00:00-04:00,23.35398580655179,23.55346154730327,23.315624242939567,23.47673988342285,6613900,0.0,0.0
2016-08-23 00:00:00-04:00,23.63018847252821,23.76061489923853,23.530451305441243,23.568811416625977,7907700,0.0,0.0
2016-08-24 00:00:00-04:00,23.645531170721288,23.90638400283268,23.56880949127482,23.714580535888672,12453500,0.0,0.0
2016-08-25 00:00:00-04:00,23.71458387368109,23.829665677376216,23.607174385344905,23.760616302490234,7838700,0.0,0.0
2016-08-26 00:00:00-04:00,23.875695721259284,24.228613390820552,23.729924679623664,23.906383514404297,10693400,0.0,0.0
2016-08-29 00:00:00-04:00,23.944750721062,24.24396520716981,23.898718286024152,24.098194122314453,9167800,0.0,0.0
2016-08-30 00:00:00-04:00,24.09819487689752,24.69662094116211,24.09819487689752,24.69662094116211,13745600,0.0,0.0
2016-08-31 00:00:00-04:00,24.65059043528692,24.78868921068716,24.336031300572618,24.596885681152344,15561200,0.0,0.0
2016-09-01 00:00:00-04:00,24.65825319535146,24.83471203340312,24.12120436693194,24.481794357299805,11986500,0.0,0.0
2016-09-02 00:00:00-04:00,24.520156385610942,24.71195986721308,24.297665107891586,24.46645164489746,12288200,0.0,0.0
2016-09-06 00:00:00-04:00,24.52016118974205,24.71963848863677,24.205603535352168,24.35904693603516,14191400,0.0,0.0
2016-09-07 00:00:00-04:00,24.305336947369607,24.504812739935613,24.228615263560464,24.31300926208496,10845000,0.0,0.0
2016-09-08 00:00:00-04:00,24.320680595586463,24.71195838687268,24.251631229278463,24.58153343200684,12696100,0.0,0.0
2016-09-09 00:00:00-04:00,24.535501033934555,24.757993775166955,24.23628807067871,24.23628807067871,16493900,0.0,0.0
2016-09-12 00:00:00-04:00,24.029139403773947,24.796353313030306,23.891040665972696,24.73497772216797,13888100,0.0,0.0
2016-09-13 00:00:00-04:00,24.31300546548357,24.55084133114265,23.99077561447856,24.13654518127441,13954100,0.0,0.0
2016-09-14 00:00:00-04:00,24.159563545587588,24.40507173923213,24.021464820826463,24.213268280029297,11687600,0.0,0.0
2016-09-15 00:00:00-04:00,24.20560064675564,24.65825701507313,24.16724053283499,24.512487411499023,9947900,0.0,0.0
2016-09-16 00:00:00-04:00,24.297665126304125,24.397402292941266,24.075172385071724,24.23628807067871,14756200,0.0,0.0
2016-09-19 00:00:00-04:00,24.3360242750053,24.62756491186163,24.18258237368148,24.243959426879883,7806500,0.0,0.0
2016-09-20 00:00:00-04:00,24.42809200915134,24.55084612269727,24.28232095056137,24.32068252563477,8849000,0.0,0.0
2016-09-21 00:00:00-04:00,24.42809247026669,24.596880477086813,24.167239608221507,24.48946952819824,10073600,0.0,0.0
2016-09-22 00:00:00-04:00,24.650583723879564,24.8884181626682,24.535500466815588,24.73497772216797,8185300,0.0,0.0
2016-09-23 00:00:00-04:00,24.642908566822364,24.74264718891717,24.2976632049836,24.481794357299805,9400600,0.0,0.0
2016-09-26 00:00:00-04:00,24.190255211010555,24.220943006600745,23.752942051258984,23.80664825439453,10217700,0.0,0.0
2016-09-27 00:00:00-04:00,23.64553067285207,24.15956401197252,23.492088780534264,24.052154541015625,9753500,0.0,0.0
2016-09-28 00:00:00-04:00,24.121209081598685,24.39740513238537,24.029142755773385,24.3743896484375,7425100,0.0,0.0
2016-09-29 00:00:00-04:00,24.37438734571536,24.635240203674773,23.584156456797785,23.814321517944336,12529700,0.0,0.0
2016-09-30 00:00:00-04:00,23.99078582541684,24.796360064125125,23.78363766231649,24.596885681152344,16269700,0.0,0.0
2016-10-03 00:00:00-04:00,24.56619215632575,24.665930793870714,24.144223586475874,24.512487411499023,10324300,0.0,0.0
2016-10-04 00:00:00-04:00,24.60454891187993,24.85773089723884,24.40507312736175,24.58153343200684,9525400,0.0,0.0
2016-10-05 00:00:00-04:00,24.68126814888047,25.11090895847428,24.627563413517315,24.980484008789062,11157700,0.0,0.0
2016-10-06 00:00:00-04:00,24.919106969577243,25.049534853663907,24.704288015421263,24.85005760192871,11347200,0.0,0.0
2016-10-07 00:00:00-04:00,24.81169841880124,24.949797159253976,24.5124854567166,24.78868293762207,11406100,0.0,0.0
2016-10-10 00:00:00-04:00,25.026514966706863,25.095564330272147,24.865400760617405,24.980484008789062,6609200,0.0,0.0
2016-10-11 00:00:00-04:00,24.92678315439378,25.13392835065245,24.51248690849837,24.688945770263672,6827700,0.0,0.0
2016-10-12 00:00:00-04:00,24.68894245240965,24.842385811011983,24.45877741450616,24.481794357299805,6743300,0.0,0.0
2016-10-13 00:00:00-04:00,24.15956922045139,25.3180625617574,23.75294526462517,24.343700408935547,13893500,0.0,0.0
2016-10-14 00:00:00-04:00,24.734981127062063,25.156948249901188,24.46645446584502,24.60455322265625,13734100,0.0,0.0
2016-10-17 00:00:00-04:00,24.58920477868564,24.68126962672239,24.251631718091705,24.38973045349121,10114300,0.0,0.0
2016-10-18 00:00:00-04:00,24.7426514554038,24.942125807301046,24.58153721809959,24.796356201171875,13091600,0.0,0.0
2016-10-19 00:00:00-04:00,25.195309139979155,25.318063269064623,24.68894799166544,25.26435852050781,18522700,0.0,0.0
2016-10-20 00:00:00-04:00,25.19531055340632,25.46383431125424,24.99583617996064,25.241344451904297,10650700,0.0,0.0
2016-10-21 00:00:00-04:00,25.01117036009169,25.717008624555813,24.96513940213416,25.655630111694336,13910300,0.0,0.0
2016-10-24 00:00:00-04:00,25.75536581394041,25.83975979621972,25.57890699948744,25.609596252441406,9221300,0.0,0.0
2016-10-25 00:00:00-04:00,25.61727526126345,25.770718648215745,25.47150565333781,25.58658599853516,7912200,0.0,0.0
2016-10-26 00:00:00-04:00,25.43314640672757,25.816753423862583,25.36409702657569,25.77071952819824,9113000,0.0,0.0
2016-10-27 00:00:00-04:00,26.10259056091309,26.24923326951368,25.91735797575642,26.10259056091309,12608400,0.2,0.0
2016-10-28 00:00:00-04:00,26.002256057842967,26.264671355785044,25.6009148407422,25.871049880981445,10183500,0.0,0.0
2016-10-31 00:00:00-04:00,26.017692195255066,26.148901314303448,25.84789614219461,25.909639358520508,8687200,0.0,0.0
2016-11-01 00:00:00-04:00,25.99453733301034,26.11030990513435,25.40024382159677,25.74755859375,8988700,0.0,0.0
2016-11-02 00:00:00-04:00,25.562327179345232,25.600917061521493,25.26132197646339,25.4079647064209,8900400,0.0,0.0
2016-11-03 00:00:00-04:00,25.52374162131652,25.64723103173329,25.29219934481254,25.32307243347168,8172500,0.0,0.0
2016-11-04 00:00:00-04:00,25.330778852984903,25.63178398351029,25.130109747374178,25.29990577697754,7897800,0.0,0.0
2016-11-07 00:00:00-05:00,25.90963976306675,26.241518020629883,25.90963976306675,26.241518020629883,11328000,0.0,0.0
2016-11-08 00:00:00-05:00,26.09487450761104,26.45762289064761,25.88648563520164,26.318696975708008,7370500,0.0,0.0
2016-11-09 00:00:00-05:00,26.78178669964826,28.48748476262867,26.60427089141321,28.186479568481445,28311000,0.0,0.0
2016-11-10 00:00:00-05:00,28.34084828452946,30.054263523747583,28.34084828452946,29.344200134277344,38586800,0.0,0.0
2016-11-11 00:00:00-05:00,28.84252046591973,29.90761841046756,28.819367122849,29.70694923400879,22845500,0.0,0.0
2016-11-14 00:00:00-05:00,30.007950510315943,30.77975991581837,29.93076780323416,30.370698928833008,25619000,0.0,0.0
2016-11-15 00:00:00-05:00,29.953915975003472,30.895521192630984,29.64519111872724,30.87236785888672,18608000,0.0,0.0
2016-11-16 00:00:00-05:00,30.108283620389017,30.471034983212007,30.06969373894852,30.247209548950195,18234900,0.0,0.0
2016-11-17 00:00:00-05:00,30.11601198579445,30.849231719970703,29.88446968663882,30.849231719970703,12676900,0.0,0.0
2016-11-18 00:00:00-05:00,30.87237210008,31.389482919531293,30.78747260572976,31.20425033569336,16413300,0.0,0.0
2016-11-21 00:00:00-05:00,31.21197478108484,31.4898266691422,30.95727917984529,31.304594039916992,10122300,0.0,0.0
2016-11-22 00:00:00-05:00,31.30459822733245,31.4666775356397,30.849230448597822,31.289161682128903,12341100,0.0,0.0
2016-11-23 00:00:00-05:00,31.258284348308624,31.78311503710174,31.04217863323601,31.67506217956543,9841000,0.0,0.0
2016-11-25 00:00:00-05:00,31.721364974975582,31.798547681051293,31.48210594668887,31.721364974975582,4027500,0.0,0.0
2016-11-28 00:00:00-05:00,31.35861887054135,31.64418754350373,31.14251022183359,31.211973190307617,10123600,0.0,0.0
2016-11-29 00:00:00-05:00,31.21197507548429,31.582443281648604,31.09620541718146,31.335464477539062,8602900,0.0,0.0
2016-11-30 00:00:00-05:00,31.65962181193732,32.13814281360058,31.651902069206105,31.92203712463379,14726600,0.0,0.0
2016-12-01 00:00:00-05:00,32.230753420142086,32.83276664534696,32.09183046194569,32.53947830200195,14053900,0.0,0.0
2016-12-02 00:00:00-05:00,32.48545151964029,32.48545151964029,31.7522321417308,32.28478240966797,11288400,0.0,0.0
2016-12-05 00:00:00-05:00,32.64754147818545,33.07203611716342,32.26935646943438,32.4854621887207,12264200,0.0,0.0
2016-12-06 00:00:00-05:00,32.79417867897588,32.98713100530867,32.392837486897434,32.80961227416992,11769500,0.0,0.0
2016-12-07 00:00:00-05:00,32.80190122045265,33.02572666480486,32.63982194456423,32.90995407104492,16213400,0.0,0.0
2016-12-08 00:00:00-05:00,33.11063295210161,33.74351658731038,32.95627044356338,33.63546371459961,14972900,0.0,0.0
2016-12-09 00:00:00-05:00,33.565980530347936,33.99047496516929,33.3653085067623,33.75121307373047,12115100,0.0,0.0
2016-12-12 00:00:00-05:00,33.57370833044509,33.890150061308105,32.925388327674625,33.172367095947266,12052000,0.0,0.0
2016-12-13 00:00:00-05:00,33.28042462907765,33.41935057383652,32.53948821984339,32.84821319580078,16674900,0.0,0.0
2016-12-14 00:00:00-05:00,32.62438617726491,33.6894840548061,32.50861358075542,33.07975387573242,15136500,0.0,0.0
2016-12-15 00:00:00-05:00,33.47337417438797,33.581427023576374,33.1029060010766,33.19552230834961,15725700,0.0,0.0
2016-12-16 00:00:00-05:00,33.2804195407971,33.6122978087332,32.88679805364124,32.9639778137207,19076900,0.0,0.0
2016-12-19 00:00:00-05:00,32.92539333131948,33.07975582100301,32.52405203583015,33.056602478027344,12663500,0.0,0.0
2016-12-20 00:00:00-05:00,33.28814650267154,33.63546138679095,33.28814650267154,33.57371520996094,8647400,0.0,0.0
2016-12-21 00:00:00-05:00,33.681766146320925,33.69720268964441,33.4039142549373,33.4733772277832,6859300,0.0,0.0
2016-12-22 00:00:00-05:00,33.41935169358237,33.48881466828923,33.00257384534124,33.02573013305664,8200300,0.0,0.0
2016-12-23 00:00:00-05:00,33.079749326510864,33.241828583959,32.994849826642124,33.23411178588867,6733000,0.0,0.0
2016-12-27 00:00:00-05:00,33.39618332041709,33.39618332041709,33.14920462021443,33.28041076660156,5927000,0.0,0.0
2016-12-28 00:00:00-05:00,33.38075674036527,33.411629823153945,32.855926109834705,32.89451599121094,4854500,0.0,0.0
2016-12-29 00:00:00-05:00,32.91767737551635,33.01029369401267,32.207611082458754,32.53177261352539,7180200,0.0,0.0
2016-12-30 00:00:00-05:00,32.547201587537515,32.84048998935049,32.323379094999,32.60894775390625,6943500,0.0,0.0
2017-01-03 00:00:00-05:00,33.25726773646456,33.674045526254154,32.7633101830336,33.22639465332031,8316900,0.0,0.0
2017-01-04 00:00:00-05:00,33.419349634043044,33.820690913813614,33.21868046626751,33.66632843017578,7747400,0.0,0.0
2017-01-05 00:00:00-05:00,33.59686018080778,33.67404288260903,32.56263553042327,33.357601165771484,9883200,0.0,0.0
2017-01-06 00:00:00-05:00,33.62003042917452,34.05996170742192,33.326741928936165,33.84385299682617,9152800,0.0,0.0
2017-01-09 00:00:00-05:00,33.56599113037318,33.60458101041291,32.94082447454069,32.9639778137207,11104000,0.0,0.0
2017-01-10 00:00:00-05:00,33.17236562444994,33.5891433815043,32.994849826642124,33.23411178588867,9074300,0.0,0.0
2017-01-11 00:00:00-05:00,33.288139266887654,33.70491409301758,33.018004218304775,33.70491409301758,8777100,0.0,0.0
2017-01-12 00:00:00-05:00,33.65088546617718,33.735784963188564,33.06431167334596,33.674041748046875,8595600,0.0,0.0
2017-01-13 00:00:00-05:00,33.975063799095125,34.422711900053216,33.573722396451785,33.812984466552734,12904500,0.0,0.0
2017-01-17 00:00:00-05:00,33.789820017777735,33.836129649135735,32.23848417003075,32.53177261352539,21840400,0.0,0.0
2017-01-18 00:00:00-05:00,32.639822719747464,33.30357932540039,32.40056072759693,33.07975387573242,15906900,0.0,0.0
2017-01-19 00:00:00-05:00,32.85592578198239,33.18780405810094,32.377404780409755,32.763309478759766,15040100,0.0,0.0
2017-01-20 00:00:00-05:00,32.78645747324066,33.08746261780487,32.68612144364635,32.87135696411133,10779600,0.0,0.0
2017-01-23 00:00:00-05:00,32.57035209920389,32.86364044903388,32.24619067166154,32.38511657714844,12344700,0.0,0.0
2017-01-24 00:00:00-05:00,32.477749054527614,33.288148537531704,32.439156219539846,32.97942352294922,12164200,0.0,0.0
2017-01-25 00:00:00-05:00,33.34216838751136,33.882435584204,33.15693282650668,33.8515625,13961000,0.0,0.0
2017-01-26 00:00:00-05:00,33.91329809596902,34.2837661904285,33.76665539531381,33.97504425048828,10628900,0.0,0.0
2017-01-27 00:00:00-05:00,33.92078995517272,34.07585701507086,33.77347787498148,33.843257904052734,7635600,0.2,0.0
2017-01-30 00:00:00-05:00,33.52536162350942,33.56412763734584,32.92835554592524,33.43231964111328,7216200,0.0,0.0
2017-01-31 00:00:00-05:00,33.4013051141857,33.62614915400356,32.81205111788324,32.9438591003418,10811000,0.0,0.0
2017-02-01 00:00:00-05:00,33.571872171968444,33.6494071400116,32.99037322109951,33.10667419433594,9731300,0.0,0.0
2017-02-02 00:00:00-05:00,32.71124426771791,32.95935018200356,32.43212733238839,32.66472625732422,11481000,0.0,0.0
2017-02-03 00:00:00-05:00,33.41680515549942,34.579803055913416,33.27724517083721,34.447998046875,16692200,0.0,0.0
2017-02-06 00:00:00-05:00,34.31620567420131,34.91321188929174,34.2231666280331,34.60308074951172,12577100,0.0,0.0
2017-02-07 00:00:00-05:00,34.796905215267024,34.91320325480078,34.5953172144903,34.78915023803711,10055700,0.0,0.0
2017-02-08 00:00:00-05:00,34.564300462751774,34.57205248104254,33.819979527598576,34.04482650756836,10586500,0.0,0.0
2017-02-09 00:00:00-05:00,34.38596989940474,34.91319584821745,34.0293179215775,34.77363586425781,13166700,0.0,0.0
2017-02-10 00:00:00-05:00,34.990730148751375,35.00623714196868,34.37821722612232,34.6573371887207,8909400,0.0,0.0
2017-02-13 00:00:00-05:00,34.88994859261181,35.35514672411693,34.84342759639826,35.09153366088867,13256300,0.0,0.0
2017-02-14 00:00:00-05:00,35.037243798369566,35.86684860719953,34.96746381642797,35.6962776184082,12958700,0.0,0.0
2017-02-15 00:00:00-05:00,35.95989809799741,36.2467701027523,35.66527111714665,36.04518508911133,10115100,0.0,0.0
2017-02-16 00:00:00-05:00,35.99091179947903,36.05293978222058,35.510206763860054,35.75056076049805,10752500,0.0,0.0
2017-02-17 00:00:00-05:00,35.316365728007604,35.79707065437786,35.200067723283496,35.78156661987305,8310100,0.0,0.0
2017-02-21 00:00:00-05:00,35.874606020022604,36.207998961108736,35.874606020022604,36.09945297241211,7628400,0.0,0.0
2017-02-22 00:00:00-05:00,35.82809311416586,36.30104613516511,35.77382010759123,36.06844711303711,7612800,0.0,0.0
2017-02-23 00:00:00-05:00,36.11496353149414,36.122715549599626,35.82033656332256,36.11496353149414,11877100,0.0,0.0
2017-02-24 00:00:00-05:00,35.57998901268803,35.62651000268225,35.07602493054137,35.30086898803711,11837200,0.0,0.0
2017-02-27 00:00:00-05:00,35.29311180890515,35.688529814248234,35.246590825712005,35.54121780395508,7887000,0.0,0.0
2017-02-28 00:00:00-05:00,35.35513937855556,35.533468348161506,34.990735335728075,35.4094123840332,13789400,0.0,0.0
2017-03-01 00:00:00-05:00,36.40183900907668,36.57241004263801,36.1382260034016,36.29329299926758,14373700,0.0,0.0
2017-03-02 00:00:00-05:00,36.502634184002254,36.51038620310137,35.69628814547085,35.88236618041992,8477000,0.0,0.0
2017-03-03 00:00:00-05:00,35.874616518840554,36.48712958591836,35.835850505483386,36.30880355834961,11404300,0.0,0.0
2017-03-06 00:00:00-05:00,36.07619807589946,36.16148507163605,35.64976605487353,36.10721206665039,9332600,0.0,0.0
2017-03-07 00:00:00-05:00,36.16923712467287,36.27778312587064,35.8280891693008,35.9211311340332,9411000,0.0,0.0
2017-03-08 00:00:00-05:00,36.41734535136894,36.69646534739095,35.92888535833042,35.9676513671875,11464700,0.0,0.0
2017-03-09 00:00:00-05:00,36.13047308317589,36.53364611231029,36.083955052128495,36.192501068115234,11135400,0.0,0.0
2017-03-10 00:00:00-05:00,36.471617087024114,36.51038309453313,35.8280901232786,36.04518508911133,8579400,0.0,0.0
2017-03-13 00:00:00-04:00,36.19248888797018,36.246761877698624,35.843588984247205,35.86684799194336,7160400,0.0,0.0
2017-03-14 00:00:00-04:00,35.86685310610968,35.86685310610968,35.45592813738546,35.81258010864258,6916200,0.0,0.0
2017-03-15 00:00:00-04:00,35.866855254860354,36.15373021026607,35.4171642549557,35.54896926879883,10796100,0.0,0.0
2017-03-16 00:00:00-04:00,35.79707518105666,36.122716142306665,35.68077716162622,35.9211311340332,9284100,0.0,0.0
2017-03-17 00:00:00-04:00,35.86685507036592,35.94439004074839,34.835665104361084,34.90544509887695,13474500,0.0,0.0
2017-03-20 00:00:00-04:00,34.6883529783001,34.85892399724386,34.37046699496261,34.572052001953125,9734200,0.0,0.0
2017-03-21 00:00:00-04:00,34.711611585223054,34.835664578304964,32.88957973711521,33.075660705566406,20018400,0.0,0.0
2017-03-22 00:00:00-04:00,32.68800247868833,33.14544855364137,32.28482941621638,32.726768493652344,19046600,0.0,0.0
2017-03-23 00:00:00-04:00,32.54843226847244,33.32376415564232,32.39336529950718,33.021385192871094,14888800,0.0,0.0
2017-03-24 00:00:00-04:00,33.16870693128601,33.339280943026246,32.68024982837818,32.92060089111328,10815300,0.0,0.0
2017-03-27 00:00:00-04:00,31.525000931240008,32.34685396629952,31.05980288582944,32.23830795288086,21631100,0.0,0.0
2017-03-28 00:00:00-04:00,32.238307074683256,33.16095112126536,32.23055209813201,32.9438591003418,12944900,0.0,0.0
2017-03-29 00:00:00-04:00,33.40905873924151,33.53311175111275,32.98262669578768,33.18421173095703,14543900,0.0,0.0
2017-03-30 00:00:00-04:00,33.2229707208095,33.889756627811195,33.18420471735378,33.672664642333984,11264300,0.0,0.0
2017-03-31 00:00:00-04:00,33.53311509388617,33.53311509388617,33.083421032489134,33.21522903442383,11203300,0.0,0.0
2017-04-03 00:00:00-04:00,33.19196827318592,33.331528287829734,32.6259761949781,33.11443328857422,12531800,0.0,0.0
2017-04-04 00:00:00-04:00,32.982624001244005,33.21522300979307,32.83530902829267,32.9593620300293,7837100,0.0,0.0
2017-04-05 00:00:00-04:00,33.3470271035018,33.416807099893134,32.26156410788385,32.36235809326172,12455100,0.0,0.0
2017-04-06 00:00:00-04:00,32.27706465412828,32.85080854747398,32.121997697831326,32.63371658325195,9520900,0.0,0.0
2017-04-07 00:00:00-04:00,32.26932359943991,32.757783687299955,32.11425657625256,32.525184631347656,9319600,0.0,0.0
2017-04-10 00:00:00-04:00,32.48641912224357,32.68025216484011,32.090998059058414,32.494171142578125,8677200,0.0,0.0
2017-04-11 00:00:00-04:00,32.2228009570129,32.39337199624635,31.78086192657575,32.23830795288086,10318400,0.0,0.0
2017-04-12 00:00:00-04:00,32.17629054172417,32.19179754268734,31.79637641227164,31.842897415161133,10440600,0.0,0.0
2017-04-13 00:00:00-04:00,31.65680870545677,32.315839758321324,31.40094771183313,31.548259735107425,10516500,0.0,0.0
2017-04-17 00:00:00-04:00,31.61804523170394,32.21505136291463,31.462981162429507,32.16853332519531,7959700,0.0,0.0
2017-04-18 00:00:00-04:00,31.780867832875444,32.21505196724083,31.594786805534856,31.9514389038086,13872400,0.0,0.0
2017-04-19 00:00:00-04:00,32.80430694049745,33.292764104335774,32.53293889181849,32.594966888427734,19850300,0.0,0.0
2017-04-20 00:00:00-04:00,33.03688226159087,33.15318023513776,32.641461461627,32.951595306396484,13816200,0.0,0.0
2017-04-21 00:00:00-04:00,32.72676819315111,33.03690222533026,32.33910213175584,32.40888214111328,12951300,0.0,0.0
2017-04-24 00:00:00-04:00,33.64165622014531,33.905269227959444,33.486589223021056,33.77346420288086,16188100,0.0,0.0
2017-04-25 00:00:00-04:00,34.099097127527536,34.463504072539465,34.05257614806116,34.323944091796875,13857600,0.0,0.0
2017-04-26 00:00:00-04:00,34.246407034595315,34.781387913989526,34.22314802511082,34.40147399902344,12938400,0.0,0.0
2017-04-27 00:00:00-04:00,34.39369015823613,34.43263169522777,33.79398098120868,33.91080856323242,9041300,0.2,0.0
2017-04-28 00:00:00-04:00,33.957533850371846,34.121093043188594,33.75503609547527,33.77840042114258,9049100,0.0,0.0
2017-05-01 00:00:00-04:00,34.082152149439295,34.315807315058315,33.871867254060334,34.06657791137695,7552200,0.0,0.0
2017-05-02 00:00:00-04:00,34.012054402763056,34.097727562838315,33.4902312947391,33.76282501220703,8126400,0.0,0.0
2017-05-03 00:00:00-04:00,33.607061988711145,34.08994360632337,33.583694688583044,33.86407852172852,5578300,0.0,0.0
2017-05-04 00:00:00-04:00,34.152256979333764,34.24572025828722,33.66158813455141,33.70831680297852,7367800,0.0,0.0
2017-05-05 00:00:00-04:00,33.77061479744794,33.92638390790343,33.38898062538442,33.55253982543945,6893400,0.0,0.0
2017-05-08 00:00:00-04:00,33.60705250372278,33.73166717538951,33.43570621603797,33.505802154541016,7171700,0.0,0.0
2017-05-09 00:00:00-04:00,33.52918490249514,33.75505004746449,33.233223780502534,33.35784149169922,6068700,0.0,0.0
2017-05-10 00:00:00-04:00,33.33446683420441,33.64600510139429,33.23321645171034,33.568119049072266,7367800,0.0,0.0
2017-05-11 00:00:00-04:00,33.47465402539753,33.64600034523556,33.05407831545802,33.38898086547852,6340000,0.0,0.0
2017-05-12 00:00:00-04:00,33.18648128542271,33.303305884429555,32.99177064936278,33.27994155883789,5836300,0.0,0.0
2017-05-15 00:00:00-04:00,33.35003605595875,33.973109470037585,33.33445884922573,33.825130462646484,9941100,0.0,0.0
2017-05-16 00:00:00-04:00,33.91081237737217,33.98869546011539,33.71610169946495,33.78619766235352,6888900,0.0,0.0
2017-05-17 00:00:00-04:00,33.78619816076779,33.78619816076779,31.488611533358814,31.90918731689453,22899900,0.0,0.0
2017-05-18 00:00:00-04:00,31.932553642851083,32.61793611390855,31.870244795005227,32.17399597167969,14498400,0.0,0.0
2017-05-19 00:00:00-04:00,32.392073448823616,32.88274526407621,32.212939954282106,32.55562973022461,10486700,0.0,0.0
2017-05-22 00:00:00-04:00,32.75033093466616,32.84379121534005,32.32196809627468,32.44658279418945,6752600,0.0,0.0
2017-05-23 00:00:00-04:00,32.32977375508409,33.21765732932766,32.18958473920401,33.03852081298828,10761300,0.0,0.0
2017-05-24 00:00:00-04:00,32.99177663255306,33.287737684931464,32.94504500184624,33.20206451416016,6583400,0.0,0.0
2017-05-25 00:00:00-04:00,33.35783364546716,33.46687114606735,33.093027013559976,33.20206451416016,5062800,0.0,0.0
2017-05-26 00:00:00-04:00,33.06187905745683,33.46687768962209,33.05408896529135,33.36562728881836,5346500,0.0,0.0
2017-05-30 00:00:00-04:00,33.163125260852546,33.27216276897139,32.750336588767865,32.92947006225586,6377900,0.0,0.0
2017-05-31 00:00:00-04:00,32.85936885925832,32.85936885925832,31.987065962299265,32.50889205932617,13637900,0.0,0.0
2017-06-01 00:00:00-04:00,32.69582111313785,33.27995322610231,32.516687621688035,33.186492919921875,9654300,0.0,0.0
2017-06-02 00:00:00-04:00,32.828219276238904,33.443502719057285,32.63350861142384,33.116390228271484,10016400,0.0,0.0
2017-06-05 00:00:00-04:00,33.139749690313884,33.80176763608859,33.061866624245575,33.40455627441406,6892800,0.0,0.0
2017-06-06 00:00:00-04:00,33.06186930465637,33.54475088973508,32.874945771470124,33.44350051879883,7863200,0.0,0.0
2017-06-07 00:00:00-04:00,33.59927928191577,33.84072162930443,33.42793290821739,33.70831680297852,6378500,0.0,0.0
2017-06-08 00:00:00-04:00,33.708314940809124,34.82985045789595,33.60706751744392,34.34696578979492,11032500,0.0,0.0
2017-06-09 00:00:00-04:00,34.54946604655703,35.32051873163044,34.54946604655703,34.97782897949219,13489900,0.0,0.0
2017-06-12 00:00:00-04:00,34.97782293669579,35.43734021436133,34.56503728713228,34.93109130859375,10384200,0.0,0.0
2017-06-13 00:00:00-04:00,35.10243268743603,35.81117927287319,35.08685548026671,35.16474151611328,9857800,0.0,0.0
2017-06-14 00:00:00-04:00,34.71302231659691,35.14138524953207,34.44042853319711,34.97782897949219,11796300,0.0,0.0
2017-06-15 00:00:00-04:00,34.64292035128872,35.11022771900548,34.59618872320237,34.80647659301758,6904900,0.0,0.0
2017-06-16 00:00:00-04:00,34.868786534079966,34.923305283048464,34.45600087159019,34.642921447753906,9483200,0.0,0.0
2017-06-19 00:00:00-04:00,34.95446038308777,35.756667394422706,34.91551884321648,35.60868835449219,9153900,0.0,0.0
2017-06-20 00:00:00-04:00,35.42176638655767,35.608689945761704,35.26599724906251,35.43734359741211,6680500,0.0,0.0
2017-06-21 00:00:00-04:00,35.398404791922815,35.46071066910731,34.89994589024922,34.97782897949219,7257600,0.0,0.0
2017-06-22 00:00:00-04:00,34.814267100022384,34.94666892461215,34.565037689342546,34.744171142578125,7750500,0.0,0.0
2017-06-23 00:00:00-04:00,34.81426248955638,34.83762681526068,33.88743795597206,34.02762985229492,15915100,0.0,0.0
2017-06-26 00:00:00-04:00,34.237919070107054,34.52609296357894,33.86407498860022,34.269073486328125,5780400,0.0,0.0
2017-06-27 00:00:00-04:00,34.53387851678646,34.860990959134604,34.39368662119482,34.4404182434082,8318800,0.0,0.0
2017-06-28 00:00:00-04:00,34.6273404033429,34.89214699945822,34.4248426397482,34.51830291748047,15848600,0.0,0.0
2017-06-29 00:00:00-04:00,35.390614710362854,35.52301952737259,34.47937008755525,34.853214263916016,15728200,0.0,0.0
2017-06-30 00:00:00-04:00,35.304936049333975,35.38281911995537,34.61176364818924,34.70522689819336,8379400,0.0,0.0
2017-07-03 00:00:00-04:00,35.04791204500891,35.84233174122158,35.03233483868533,35.523006439208984,7486400,0.0,0.0
2017-07-05 00:00:00-04:00,35.741089989236,36.02147382845779,35.4684962405754,35.951377868652344,9843200,0.0,0.0
2017-07-06 00:00:00-04:00,35.90465698436407,36.32523286907122,35.64764036885409,35.92802429199219,10417300,0.0,0.0
2017-07-07 00:00:00-04:00,36.07599145563662,36.13830029399109,35.795607625139354,35.86570358276367,6442000,0.0,0.0
2017-07-10 00:00:00-04:00,35.78782293466545,36.013688032455704,35.67099534034659,35.81897735595703,5321500,0.0,0.0
2017-07-11 00:00:00-04:00,35.694361091668306,35.77224417046573,35.34388129498187,35.4217643737793,8454700,0.0,0.0
2017-07-12 00:00:00-04:00,35.30494721260262,35.30494721260262,34.83763972796756,35.01677322387695,10234400,0.0,0.0
2017-07-13 00:00:00-04:00,35.18032228682374,35.61647525543259,35.04013333835739,35.452919006347656,6204200,0.0,0.0
2017-07-14 00:00:00-04:00,34.954463944067264,35.35946253629573,34.5183109283483,35.20369338989258,8220600,0.0,0.0
2017-07-17 00:00:00-04:00,35.16474355372354,35.46070159394427,34.99339723598096,35.304935455322266,5141600,0.0,0.0
2017-07-18 00:00:00-04:00,34.99340707422325,35.242636531346605,34.80648349585599,35.15696334838867,9594100,0.0,0.0
2017-07-19 00:00:00-04:00,36.566654603859966,36.60559613319627,35.81117645633303,36.30963516235352,17586300,0.0,0.0
2017-07-20 00:00:00-04:00,36.09935760859983,36.75358558913536,36.09935760859983,36.22397232055664,10652400,0.0,0.0
2017-07-21 00:00:00-04:00,35.92022834142712,36.44205455129315,35.90465112923192,36.28628540039063,9021300,0.0,0.0
2017-07-24 00:00:00-04:00,36.21618541536101,36.58224243373585,36.18503099442504,36.37974166870117,7443600,0.0,0.0
2017-07-25 00:00:00-04:00,36.78475401174697,37.41561790237737,36.78475401174697,37.08071517944336,11885000,0.0,0.0
2017-07-26 00:00:00-04:00,37.1663765002146,37.26762391725008,36.6990690736268,36.7691650390625,9034500,0.0,0.0
2017-07-27 00:00:00-04:00,36.910097640586514,37.27027183113168,36.51077460095875,36.87094879150391,9439300,0.25,0.0
2017-07-28 00:00:00-04:00,36.78482367210869,36.95708221170143,36.37766902471336,36.53426742553711,7959600,0.0,0.0
2017-07-31 00:00:00-04:00,36.75350051575796,36.91793046651984,36.48728415126947,36.72218322753906,6764600,0.0,0.0
2017-08-01 00:00:00-04:00,36.99622887553776,37.21546483159572,36.84746204633642,36.96490859985352,6330000,0.0,0.0
2017-08-02 00:00:00-04:00,36.910106194992345,37.16066247142965,36.66738148230607,37.058876037597656,6020000,0.0,0.0
2017-08-03 00:00:00-04:00,36.98840168632758,37.23112636481279,36.88661227997178,37.00405883789063,6479300,0.0,0.0
2017-08-04 00:00:00-04:00,37.41904301999816,37.93581561280809,37.2076356429124,37.64611053466797,8906800,0.0,0.0
2017-08-07 00:00:00-04:00,37.74005789442436,37.89665623991791,37.54431070927368,37.82618713378906,7761600,0.0,0.0
2017-08-08 00:00:00-04:00,37.77138746520653,38.288160041827474,37.43470198486167,37.52865982055664,7771800,0.0,0.0
2017-08-09 00:00:00-04:00,36.97274364058503,37.34074646046585,36.753504677035295,37.30942916870117,8282900,0.0,0.0
2017-08-10 00:00:00-04:00,37.02755617228944,37.16849445272701,36.197586630475584,36.25239562988281,10099800,0.0,0.0
2017-08-11 00:00:00-04:00,36.31502791858299,36.43247446760926,35.60250810177352,35.743446350097656,13505800,0.0,0.0
2017-08-14 00:00:00-04:00,36.1819244012408,36.75350606697189,36.15843568481246,36.41682052612305,7136300,0.0,0.0
2017-08-15 00:00:00-04:00,36.80831530992212,37.0353828598056,36.35418319702149,36.35418319702149,7663000,0.0,0.0
2017-08-16 00:00:00-04:00,36.49511328010093,36.65954023303353,35.95484902494289,36.02531814575195,8350800,0.0,0.0
2017-08-17 00:00:00-04:00,35.88438289056129,36.00182943399788,35.257989378103645,35.304969787597656,9426800,0.0,0.0
2017-08-18 00:00:00-04:00,35.18751800493844,35.87654903241752,35.13270902413657,35.53986358642578,7284000,0.0,0.0
2017-08-21 00:00:00-04:00,35.547704649677144,35.547704649677144,34.86650201442443,34.98395156860352,8501900,0.0,0.0
2017-08-22 00:00:00-04:00,35.23450175633452,35.790423178308906,35.179692770329474,35.68080520629883,7130700,0.0,0.0
2017-08-23 00:00:00-04:00,35.391108604531254,35.97835044093321,35.32063946468836,35.86090087890625,5464800,0.0,0.0
2017-08-24 00:00:00-04:00,35.994009299535286,36.15843629102291,35.80609060435919,36.01749801635742,6640700,0.0,0.0
2017-08-25 00:00:00-04:00,36.15059949573205,36.34634673923123,35.80608542244523,35.97051239013672,5659400,0.0,0.0
2017-08-28 00:00:00-04:00,36.14278063213981,36.14278063213981,35.32847116352232,35.610347747802734,6526700,0.0,0.0
2017-08-29 00:00:00-04:00,35.015271595749475,35.6808110996604,34.717734917674214,35.50855255126953,8776100,0.0,0.0
2017-08-30 00:00:00-04:00,35.57902318264376,35.98617786796288,35.57119460596312,35.75128173828125,5672900,0.0,0.0
2017-08-31 00:00:00-04:00,36.01749009352464,36.04881036697547,35.53986637742939,35.62599563598633,7890800,0.0,0.0
2017-09-01 00:00:00-04:00,35.69647133940397,36.42465140363368,35.469403795318094,36.166263580322266,7024700,0.0,0.0
2017-09-05 00:00:00-04:00,35.75127060557451,35.79825101162799,35.01526216526248,35.14836883544922,8735700,0.0,0.0
2017-09-06 00:00:00-04:00,35.26582555563097,35.50072166011467,35.03875802698812,35.28931427001953,6313200,0.0,0.0
2017-09-07 00:00:00-04:00,35.3362941779748,35.3362941779748,34.32623765765408,34.506324768066406,11538300,0.0,0.0
2017-09-08 00:00:00-04:00,34.6002812088696,35.08573651660169,34.412365530344665,34.45934295654297,8739800,0.0,0.0
2017-09-11 00:00:00-04:00,35.00743374802987,35.492889026916345,34.78036624534416,35.35977935791016,8017000,0.0,0.0
2017-09-12 00:00:00-04:00,35.51637402906393,36.08012694599046,35.50071389394204,35.821739196777344,8010200,0.0,0.0
2017-09-13 00:00:00-04:00,35.80608476693124,36.22106795975517,35.67297807748426,36.18975067138672,6637900,0.0,0.0
2017-09-14 00:00:00-04:00,36.33069065733919,36.61256418730567,36.26022152813107,36.34634780883789,7414100,0.0,0.0
2017-09-15 00:00:00-04:00,36.221069238852806,36.534266028524165,36.12711139669778,36.48728561401367,9113100,0.0,0.0
2017-09-18 00:00:00-04:00,36.65954236014298,37.32508177217215,36.60473337265191,37.0510368347168,7938000,0.0,0.0
2017-09-19 00:00:00-04:00,37.05103972742825,37.55998377885567,36.92576160525833,37.3250846862793,7999600,0.0,0.0
2017-09-20 00:00:00-04:00,37.35640670333979,37.794881644788624,37.05104145300796,37.497344970703125,8673600,0.0,0.0
2017-09-21 00:00:00-04:00,37.42687411179168,37.96713844073582,37.16065772869537,37.78704833984375,9503600,0.0,0.0
2017-09-22 00:00:00-04:00,37.60695985708939,37.802707102628055,37.37206375981619,37.75572967529297,6050000,0.0,0.0
2017-09-25 00:00:00-04:00,37.661771616627,37.82620158499015,37.21546810292592,37.37989807128906,7205200,0.0,0.0
2017-09-26 00:00:00-04:00,37.34858997920438,37.37991026786115,36.89445475428254,37.16067123413086,7146100,0.0,0.0
2017-09-27 00:00:00-04:00,37.79486968897183,37.88099893476669,37.41120386321253,37.63827133178711,10314600,0.0,0.0
2017-09-28 00:00:00-04:00,37.87317947945992,37.87317947945992,37.49734509420853,37.70092391967773,5960700,0.0,0.0
2017-09-29 00:00:00-04:00,37.66176282682076,37.8183611955933,37.51299601926284,37.71657180786133,5200500,0.0,0.0
2017-10-02 00:00:00-04:00,37.66960236681321,38.33514184148223,37.66960236681321,38.3038215637207,6096900,0.0,0.0
2017-10-03 00:00:00-04:00,38.31948079314967,38.64050616542109,38.17854253343381,38.585697174072266,6432400,0.0,0.0
2017-10-04 00:00:00-04:00,38.54654900610321,38.62484970003989,38.178543211766,38.374290466308594,5372900,0.0,0.0
2017-10-05 00:00:00-04:00,38.45259038596075,39.118129843257776,38.194202581471735,38.859745025634766,11491100,0.0,0.0
2017-10-06 00:00:00-04:00,39.11813099523908,39.25906925877155,38.66399891364142,38.96153259277344,5159400,0.0,0.0
2017-10-09 00:00:00-04:00,39.08680558364774,39.14944613115312,38.60918484981486,38.66399383544922,6333800,0.0,0.0
2017-10-10 00:00:00-04:00,38.66398520076584,38.78926328093301,38.46823801382556,38.75011444091797,5903500,0.0,0.0
2017-10-11 00:00:00-04:00,38.70314393497979,38.70314393497979,38.46824784797486,38.50739669799805,5364600,0.0,0.0
2017-10-12 00:00:00-04:00,38.60134673893747,38.6953045573892,37.88099848603225,38.04542541503906,6915100,0.0,0.0
2017-10-13 00:00:00-04:00,37.70092044992474,38.00628567315847,37.34857481278353,37.81836700439453,7224500,0.0,0.0
2017-10-16 00:00:00-04:00,37.77138722090176,38.3586289172121,37.77138722090176,38.31947708129883,8178900,0.0,0.0
2017-10-17 00:00:00-04:00,38.90672219056893,39.40783765767961,38.34297214372665,38.46041870117188,15535000,0.0,0.0
2017-10-18 00:00:00-04:00,38.69531451678919,39.50179520890619,38.65616566459693,39.26689910888672,12094900,0.0,0.0
2017-10-19 00:00:00-04:00,38.98502349853516,39.11030162057628,38.515228300731415,38.98502349853516,10053100,0.0,0.0
2017-10-20 00:00:00-04:00,39.50179384755694,39.86196805429852,39.32170674418615,39.68188095092773,8454500,0.0,0.0
2017-10-23 00:00:00-04:00,39.83848259135157,40.01073814648753,39.45481665331042,39.6270751953125,6265800,0.0,0.0
2017-10-24 00:00:00-04:00,39.78367543920637,40.23780754340813,39.768015299493726,39.98725128173828,7849700,0.0,0.0
2017-10-25 00:00:00-04:00,40.33175904064783,40.33959060270343,39.086806504861,39.564430236816406,9645800,0.0,0.0
2017-10-26 00:00:00-04:00,39.73669352908784,40.08903919223623,39.60358682682408,39.75235366821289,9715700,0.0,0.0
2017-10-27 00:00:00-04:00,39.65838952466568,40.20647937270412,39.54876856819234,40.05771255493164,9261100,0.0,0.0
2017-10-30 00:00:00-04:00,39.790184551950674,39.955418927614765,39.31808547818677,39.70363235473633,9020900,0.25,0.0
2017-10-31 00:00:00-04:00,39.71150291056372,39.908211360881104,39.30234897371964,39.34169006347656,9283000,0.0,0.0
2017-11-01 00:00:00-04:00,39.5148074720244,39.77446115114732,38.94828598807075,39.050575256347656,7842900,0.0,0.0
2017-11-02 00:00:00-04:00,38.97188695383369,39.6879057718308,38.956149913692336,39.67216873168945,7902300,0.0,0.0
2017-11-03 00:00:00-04:00,39.45972256985013,39.67216508841503,39.07417262562763,39.3574333190918,5916800,0.0,0.0
2017-11-06 00:00:00-05:00,39.24728298956325,39.57775184759686,39.14499372332413,39.45185852050781,4844200,0.0,0.0
2017-11-07 00:00:00-05:00,39.54626948869625,39.80592610983586,38.759435608684896,38.861724853515625,8823800,0.0,0.0
2017-11-08 00:00:00-05:00,38.72010985917794,38.85387323258544,38.34242980728763,38.58634948730469,8435700,0.0,0.0
2017-11-09 00:00:00-05:00,38.3817530079433,38.77516992028888,37.97259905891997,38.41322708129883,6189500,0.0,0.0
2017-11-10 00:00:00-05:00,38.562740183271806,38.71224059202651,38.33456056204748,38.36603164672852,5436500,0.0,0.0
2017-11-13 00:00:00-05:00,37.96472762175712,38.36601150496047,37.95686060510049,38.26372528076172,5730400,0.0,0.0
2017-11-14 00:00:00-05:00,38.05915421124144,38.20078455079143,37.73655243816269,38.06702423095703,5968500,0.0,0.0
2017-11-15 00:00:00-05:00,37.642138501421,38.1850528782924,37.31166666219191,37.84671401977539,9749600,0.0,0.0
2017-11-16 00:00:00-05:00,38.07488936134118,38.428965192660655,38.05915232422332,38.2401237487793,7789000,0.0,0.0
2017-11-17 00:00:00-05:00,37.996211529935245,38.47618071164745,37.89392227771791,38.31881332397461,4992600,0.0,0.0
2017-11-20 00:00:00-05:00,38.48405105576024,38.77517879711482,38.28734255455485,38.64141845703125,4574600,0.0,0.0
2017-11-21 00:00:00-05:00,39.034838050083984,39.15286135772,38.783051391953336,38.85386657714844,6037000,0.0,0.0
2017-11-22 00:00:00-05:00,38.8223913392173,39.04270390814209,38.60994578995397,38.62568283081055,3785900,0.0,0.0
2017-11-24 00:00:00-05:00,38.79091213169221,38.861727305422505,38.5863366306565,38.6020736694336,2692900,0.0,0.0
2017-11-27 00:00:00-05:00,38.53912593712448,38.80664959620347,38.326680413602936,38.55486297607422,5025600,0.0,0.0
2017-11-28 00:00:00-05:00,38.67289064751103,39.75871935999232,38.499786214419785,39.65643310546875,9001200,0.0,0.0
2017-11-29 00:00:00-05:00,40.05772346007516,40.77374236295476,39.97117122980392,40.38032531738281,9441100,0.0,0.0
2017-11-30 00:00:00-05:00,40.77373967691041,41.3717352276447,40.39605969822576,40.60850524902344,12158200,0.0,0.0
2017-12-01 00:00:00-05:00,40.82094420513615,41.104204893771865,39.9082169870506,40.87602233886719,10014000,0.0,0.0
2017-12-04 00:00:00-05:00,41.78874774322898,41.99332323084621,41.44253891590792,41.45040893554688,10640100,0.0,0.0
2017-12-05 00:00:00-05:00,41.599914597389066,41.65499273972613,40.75800241991263,40.92323684692383,7959700,0.0,0.0
2017-12-06 00:00:00-05:00,40.64783606979327,41.19862035830926,40.47473166443693,40.67144012451172,7701600,0.0,0.0
2017-12-07 00:00:00-05:00,40.39605300932842,41.4897516626258,40.33310485587062,41.19075393676758,8765600,0.0,0.0
2017-12-08 00:00:00-05:00,41.69433155676322,41.69433155676322,41.03339093097789,41.61564636230469,6488900,0.0,0.0
2017-12-11 00:00:00-05:00,41.36386899708748,41.61565567261832,41.33239491226264,41.52123641967773,6316900,0.0,0.0
2017-12-12 00:00:00-05:00,41.90678141810642,42.567722159658125,41.48976031979974,42.37101364135742,8152000,0.0,0.0
2017-12-13 00:00:00-05:00,42.4575518938331,42.68573442031881,41.79661136984427,41.84382247924805,10568400,0.0,0.0
2017-12-14 00:00:00-05:00,42.01693702180962,42.331668822546405,41.41107447843606,41.418941497802734,8190100,0.0,0.0
2017-12-15 00:00:00-05:00,41.74154268975556,42.04054044724853,41.46615199307354,41.7808837890625,12708000,0.0,0.0
2017-12-18 00:00:00-05:00,42.38674788903784,42.40248492964863,41.686466090292576,41.89104461669922,8443000,0.0,0.0
2017-12-19 00:00:00-05:00,42.127090621675954,42.16643171907316,41.623517371311706,41.64712142944336,7630600,0.0,0.0
2017-12-20 00:00:00-05:00,42.00119810474429,42.08775032157777,41.2930463320462,41.316650390625,6435100,0.0,0.0
2017-12-21 00:00:00-05:00,41.55270231971541,41.93824927750832,41.35599383060746,41.60778045654297,11350600,0.0,0.0
2017-12-22 00:00:00-05:00,41.72580442685737,41.78875258513041,41.11207489136217,41.48188781738281,6153800,0.0,0.0
2017-12-26 00:00:00-05:00,41.340264915229305,41.51336637861846,40.986188964947495,41.285186767578125,3313800,0.0,0.0
2017-12-27 00:00:00-05:00,41.17501881694688,41.37959430723764,41.00191440102411,41.36385726928711,5786800,0.0,0.0
2017-12-28 00:00:00-05:00,41.5133527914676,41.52122281086133,41.253699180600464,41.42680358886719,3736700,0.0,0.0
2017-12-29 00:00:00-05:00,41.51336637861846,41.56057750583401,41.20650155555221,41.285186767578125,5804600,0.0,0.0
2018-01-02 00:00:00-05:00,41.5133563929044,41.53696345160065,41.04912425898766,41.06486129760742,6644600,0.0,0.0
2018-01-03 00:00:00-05:00,41.15141887816521,41.34812738427645,40.85242110844671,41.175025939941406,6955500,0.0,0.0
2018-01-04 00:00:00-05:00,41.54482869719963,42.11921707540921,41.31664614925069,41.80448532104492,8678800,0.0,0.0
2018-01-05 00:00:00-05:00,41.85956868837843,41.89104276821118,41.49762577490223,41.78875350952149,6476000,0.0,0.0
2018-01-08 00:00:00-05:00,41.647120440088095,41.83595890372204,41.458278974920894,41.61564636230469,6681400,0.0,0.0
2018-01-09 00:00:00-05:00,41.74941301668988,42.111355935421415,41.71793893640014,41.93825149536133,6622700,0.0,0.0
2018-01-10 00:00:00-05:00,42.44183079605673,42.86672193565677,42.18217710065709,42.433963775634766,11028800,0.0,0.0
2018-01-11 00:00:00-05:00,42.59919314484661,42.75656054834908,42.34740649985608,42.64640426635742,8310000,0.0,0.0
2018-01-12 00:00:00-05:00,42.937523199815296,43.38601825675633,42.898182107397,43.37028121948242,8998000,0.0,0.0
2018-01-16 00:00:00-05:00,43.78730620215655,44.04695981926611,42.64639648680525,42.96112823486328,11168500,0.0,0.0
2018-01-17 00:00:00-05:00,43.102766749595006,43.59847302371105,42.37888089034429,43.55126190185547,11905200,0.0,0.0
2018-01-18 00:00:00-05:00,43.98402065912175,44.05483583734526,43.34668405511011,43.93680953979492,13953900,0.0,0.0
2018-01-19 00:00:00-05:00,43.8187753058211,45.24294563146784,43.8187753058211,45.21147155761719,15124200,0.0,0.0
2018-01-22 00:00:00-05:00,44.43251172889673,45.22721265500964,44.16498808021387,45.13279342651367,16858300,0.0,0.0
2018-01-23 00:00:00-05:00,44.95969230759053,45.0934556425204,44.57414534536137,44.77872085571289,9372200,0.0,0.0
2018-01-24 00:00:00-05:00,45.014772608047856,45.423926649944455,44.77085598800836,45.03837966918945,8403600,0.0,0.0
2018-01-25 00:00:00-05:00,45.13279314141525,45.14066015976807,44.5426677143602,44.70003509521485,9463800,0.0,0.0
2018-01-26 00:00:00-05:00,44.920355970396464,45.33737705581,44.65283227371725,45.32164001464844,8382200,0.0,0.0
2018-01-29 00:00:00-05:00,45.235079726480336,45.67570476509658,45.17213157723061,45.20360565185547,7493500,0.0,0.0
2018-01-30 00:00:00-05:00,44.78477291361746,45.274744381919206,44.68994099041333,44.729454040527344,7321200,0.25,0.0
2018-01-31 00:00:00-05:00,44.8163811510925,45.10878433193317,44.51607958134321,44.689937591552734,7193100,0.0,0.0
2018-02-01 00:00:00-05:00,44.6504203836171,45.40908167015855,44.54768405898588,45.401180267333984,7474400,0.0,0.0
2018-02-02 00:00:00-05:00,45.0692715447584,45.27474422809715,43.77322421164613,43.8443489074707,9783700,0.0,0.0
2018-02-05 00:00:00-05:00,43.18050557954009,43.96287698287668,41.03096258541667,41.52883529663086,13439000,0.0,0.0
2018-02-06 00:00:00-05:00,40.461979987697696,42.95924265726521,40.22489868017056,42.9355354309082,17628700,0.0,0.0
2018-02-07 00:00:00-05:00,42.61150989828264,44.02609899917505,42.58780267787547,43.10938262939453,11541700,0.0,0.0
2018-02-08 00:00:00-05:00,43.10148456927923,43.18841507038103,40.9282341003418,40.9282341003418,14073100,0.0,0.0
2018-02-09 00:00:00-05:00,41.53675021398156,41.8133445597768,39.52945605844608,41.204833984375,15736400,0.0,0.0
2018-02-12 00:00:00-05:00,41.72640853966305,42.78537434682252,41.58415917641388,42.22428131103516,11712900,0.0,0.0
2018-02-13 00:00:00-05:00,41.90817398237428,42.57990780521425,41.77382902659754,42.19267272949219,8659500,0.0,0.0
2018-02-14 00:00:00-05:00,42.09784676174078,43.54404491088453,42.08994234284268,43.50453186035156,10536300,0.0,0.0
2018-02-15 00:00:00-05:00,43.84434056530132,43.9391724701398,43.1330967570349,43.78112030029297,7769900,0.0,0.0
2018-02-16 00:00:00-05:00,43.70209663656806,43.91547070998392,43.42550229028024,43.57565307617188,7448200,0.0,0.0
2018-02-20 00:00:00-05:00,43.40968815377137,43.978685573895405,43.2595373966394,43.51242446899414,7709400,0.0,0.0
2018-02-21 00:00:00-05:00,43.55194509806172,44.51607911357922,43.43340294332843,43.54404067993164,8363000,0.0,0.0
2018-02-22 00:00:00-05:00,43.78901959262324,44.1841560275015,43.156801899748366,43.3543701171875,6111600,0.0,0.0
2018-02-23 00:00:00-05:00,43.49662017647238,44.35801773898654,43.49662017647238,44.31060028076172,6687100,0.0,0.0
2018-02-26 00:00:00-05:00,44.5002742867949,45.05346298217773,44.41334377333408,45.05346298217773,7795800,0.0,0.0
2018-02-27 00:00:00-05:00,45.04556289919138,45.69358654534089,44.78477135116292,44.82428741455078,11757700,0.0,0.0
2018-02-28 00:00:00-05:00,45.11669494759927,45.54344317867572,44.26319848544635,44.27110290527344,9599100,0.0,0.0
2018-03-01 00:00:00-05:00,44.16835387242755,44.48446425241448,42.99875028991916,43.061973571777344,12093900,0.0,0.0
2018-03-02 00:00:00-05:00,42.78537500155741,43.36227386593971,42.28750222256648,43.25954055786133,12154100,0.0,0.0
2018-03-05 00:00:00-05:00,42.92762445367442,44.25528319056348,42.89601281359327,43.85224533081055,7598500,0.0,0.0
2018-03-06 00:00:00-05:00,44.16834586194365,44.816369310202845,43.78901528354691,44.69783020019531,9762300,0.0,0.0
2018-03-07 00:00:00-05:00,44.12094331776784,45.069268512080086,44.01820698301152,44.95072937011719,8181000,0.0,0.0
2018-03-08 00:00:00-05:00,45.006045130145694,45.17990312927776,44.23157800047864,45.013946533203125,7553500,0.0,0.0
2018-03-09 00:00:00-05:00,45.31425671168357,46.460153234688896,45.243132016748,46.36531829833984,10536000,0.0,0.0
2018-03-12 00:00:00-04:00,46.31789234956639,46.9264028075157,46.27047489316,46.55497360229492,8123200,0.0,0.0
2018-03-13 00:00:00-04:00,46.79995800053391,46.855276857512905,45.73308787025711,45.85953140258789,6031100,0.0,0.0
2018-03-14 00:00:00-04:00,46.16773455396922,46.16773455396922,44.887493489108536,45.03764724731445,8384300,0.0,0.0
2018-03-15 00:00:00-04:00,45.35376634779029,45.47230850197876,44.99814289987709,45.21942138671875,5648700,0.0,0.0
2018-03-16 00:00:00-04:00,45.3537650425155,45.88324949742605,45.27473895176568,45.4485969543457,9144800,0.0,0.0
2018-03-19 00:00:00-04:00,45.361662045317765,45.5750330583939,44.40542962150408,45.00603866577149,8117800,0.0,0.0
2018-03-20 00:00:00-04:00,45.19571368821696,45.73309959202204,44.958632381162346,45.4169921875,8426700,0.0,0.0
2018-03-21 00:00:00-04:00,45.30634926285664,45.970175640817416,44.9586272386082,45.13248825073242,8676000,0.0,0.0
2018-03-22 00:00:00-04:00,44.50026094407485,44.784756610119096,43.07776754059667,43.18050384521485,14900500,0.0,0.0
2018-03-23 00:00:00-04:00,43.393888596628,43.40178999986913,41.08629297474342,41.149513244628906,16707800,0.0,0.0
2018-03-26 00:00:00-04:00,42.14526051310385,43.01455960674937,41.59997021403601,42.91182327270508,11913700,0.0,0.0
2018-03-27 00:00:00-04:00,43.093592157774616,43.38599538197048,41.59207504243859,42.00301742553711,12389400,0.0,0.0
2018-03-28 00:00:00-04:00,42.10573168105251,42.22427380089317,41.070476295002926,41.81333160400391,11262300,0.0,0.0
2018-03-29 00:00:00-04:00,42.07413673406327,43.02246194234779,41.90027570570669,42.64313125610352,7349200,0.0,0.0
2018-04-02 00:00:00-04:00,42.5403923500221,42.690543118204,41.046774012277936,41.66318893432617,9311000,0.0,0.0
2018-04-03 00:00:00-04:00,41.89236672390914,42.311213427083,41.29966202596975,42.0188102722168,10335800,0.0,0.0
2018-04-04 00:00:00-04:00,41.2285423343491,42.50878680748341,41.18902928596523,42.4139518737793,6692100,0.0,0.0
2018-04-05 00:00:00-04:00,42.84069154598505,43.7732137734699,42.793277103176784,43.3543701171875,9968200,0.0,0.0
2018-04-06 00:00:00-04:00,42.76166066532024,43.08567238496741,41.48141960411084,41.91606903076172,9578500,0.0,0.0
2018-04-09 00:00:00-04:00,42.35072716615409,43.17261175097661,42.09784006538593,42.16106033325195,8111600,0.0,0.0
2018-04-10 00:00:00-04:00,42.76956405493279,43.10148020602527,42.32701320634491,42.78536987304688,8836300,0.0,0.0
2018-04-11 00:00:00-04:00,41.84494980720725,42.2637934710034,41.5762569060838,41.678993225097656,12121200,0.0,0.0
2018-04-12 00:00:00-04:00,42.14526260752006,42.91182540521576,42.1215523663917,42.55620193481445,9315200,0.0,0.0
2018-04-13 00:00:00-04:00,43.25953021061013,43.37016790955536,41.68688616440683,41.868648529052734,12364000,0.0,0.0
2018-04-16 00:00:00-04:00,42.23218159157121,42.63522244828653,42.153155509488734,42.2005729675293,7282200,0.0,0.0
2018-04-17 00:00:00-04:00,42.68264623888552,42.7537709341963,41.70270934199531,42.07413864135742,14505300,0.0,0.0
2018-04-18 00:00:00-04:00,42.60360619519482,43.465003661063776,41.82913921899223,42.08992767333984,17524000,0.0,0.0
2018-04-19 00:00:00-04:00,42.16896979927717,43.33067213008084,42.15316397675541,43.227935791015625,13873700,0.0,0.0
2018-04-20 00:00:00-04:00,43.37807900177077,43.72580100717294,42.75376268720949,43.03826141357422,10183600,0.0,0.0
2018-04-23 00:00:00-04:00,43.10938408582477,43.14099572387006,42.14525324265722,42.390235900878906,8523600,0.0,0.0
2018-04-24 00:00:00-04:00,42.64313132193894,43.1647113931616,41.44191597298473,41.939788818359375,10742700,0.0,0.0
2018-04-25 00:00:00-04:00,41.76591243684255,41.78171825314855,40.95193249231647,41.12579345703125,12623000,0.0,0.0
2018-04-26 00:00:00-04:00,41.10208547150752,41.568346526736775,40.83339260892369,41.25223922729492,14668900,0.0,0.0
2018-04-27 00:00:00-04:00,41.1649004344335,41.69692990655359,41.11725478338828,41.180782318115234,7784500,0.25,0.0
2018-04-30 00:00:00-04:00,41.434883669039465,41.68898773288812,40.958439306613066,40.99020004272461,8209700,0.0,0.0
2018-05-01 00:00:00-04:00,40.807565451392016,41.18872157065815,40.52169760465252,41.14107894897461,8498300,0.0,0.0
2018-05-02 00:00:00-04:00,41.133140221795,41.72869728011006,40.89491800430094,41.0537338256836,8931000,0.0,0.0
2018-05-03 00:00:00-04:00,40.7916810927246,40.84726616742245,39.61644903900519,40.5614013671875,11438000,0.0,0.0
2018-05-04 00:00:00-04:00,40.27554537337095,41.10932476801684,40.12466895843141,40.81551742553711,10368700,0.0,0.0
2018-05-07 00:00:00-04:00,41.00608558783744,41.79222218813047,40.91873674012047,41.60164260864258,6576100,0.0,0.0
2018-05-08 00:00:00-04:00,41.73663713501237,42.689525945577685,41.601642635047845,42.38777923583984,11578100,0.0,0.0
2018-05-09 00:00:00-04:00,42.57835211012116,43.07862081288705,42.21307789566452,42.99127197265625,7114800,0.0,0.0
2018-05-10 00:00:00-04:00,43.06274516500896,43.83299992675487,42.76893786555158,43.70594787597656,8208600,0.0,0.0
2018-05-11 00:00:00-04:00,43.75359075767972,44.102986171233326,43.57889608006276,43.83300018310547,6063100,0.0,0.0
2018-05-14 00:00:00-04:00,43.95210082671927,44.18238356981741,43.7615243028278,43.84887313842773,5816000,0.0,0.0
2018-05-15 00:00:00-04:00,43.70594152595515,44.00768820948807,43.27713978094388,43.5550651550293,7523400,0.0,0.0
2018-05-16 00:00:00-04:00,43.30889960428222,43.809165232101165,43.277135841803805,43.650352478027344,4517700,0.0,0.0
2018-05-17 00:00:00-04:00,43.58683525413326,43.79329672987774,43.1500940188951,43.57095336914063,4576800,0.0,0.0
2018-05-18 00:00:00-04:00,43.32478911302683,43.61859639478031,42.77687471586859,42.81657791137695,6702400,0.0,0.0
2018-05-21 00:00:00-04:00,43.22156256294869,43.62654004296994,43.07068919375645,43.165977478027344,5901700,0.0,0.0
2018-05-22 00:00:00-04:00,43.24537447328554,43.99180778705337,43.237435046805984,43.578887939453125,5930400,0.0,0.0
2018-05-23 00:00:00-04:00,43.26125454910819,43.36448526398785,42.58629124763462,43.15802383422852,6529700,0.0,0.0
2018-05-24 00:00:00-04:00,42.983338617143296,43.10244821042418,42.22896574305842,42.88010787963867,6637300,0.0,0.0
2018-05-25 00:00:00-04:00,42.61011032659248,42.74510479732204,41.86368011219047,42.09395980834961,10152800,0.0,0.0
2018-05-29 00:00:00-04:00,41.43488486148227,41.54605501397047,39.31470042060203,39.67203521728516,26605100,0.0,0.0
2018-05-30 00:00:00-04:00,40.259647763182656,40.656685703590455,39.77526099121968,40.47404861450195,11542600,0.0,0.0
2018-05-31 00:00:00-04:00,40.25964787947206,40.32317237495808,39.62438777881646,39.8149642944336,15150400,0.0,0.0
2018-06-01 00:00:00-04:00,40.44228678725983,40.87108851041474,40.39464114163398,40.66462707519531,10003900,0.0,0.0
2018-06-04 00:00:00-04:00,40.9504865234056,41.077538523288666,40.83931640215275,40.93460464477539,5523800,0.0,0.0
2018-06-05 00:00:00-04:00,40.71227204958032,40.89490914439599,40.235824688654944,40.32317352294922,9136000,0.0,0.0
2018-06-06 00:00:00-04:00,40.434345360114015,41.35547635735221,40.40258462471491,41.220481872558594,7945800,0.0,0.0
2018-06-07 00:00:00-04:00,41.4984140430776,41.86369133706679,41.18078543289719,41.40312576293945,8477600,0.0,0.0
2018-06-08 00:00:00-04:00,41.37929766619136,41.434882739588936,40.950495932130686,41.220481872558594,6412900,0.0,0.0
2018-06-11 00:00:00-04:00,41.4507696747511,41.64134622701441,41.109316737023015,41.11725616455078,6810400,0.0,0.0
2018-06-12 00:00:00-04:00,41.19666347565264,41.38724001815517,40.4581725578464,40.75197982788086,8953300,0.0,0.0
2018-06-13 00:00:00-04:00,40.87903118833602,41.57781890063461,40.71227595912051,40.97431945800781,7981400,0.0,0.0
2018-06-14 00:00:00-04:00,41.061673875988006,41.06961633321543,40.57728697655117,40.74404525756836,8620700,0.0,0.0
2018-06-15 00:00:00-04:00,40.42640472722738,40.83138211120503,40.16436125033812,40.62492370605469,11505700,0.0,0.0
2018-06-18 00:00:00-04:00,40.26760092243548,40.45023807381242,40.06114245584072,40.31524658203125,7493900,0.0,0.0
2018-06-19 00:00:00-04:00,39.83879305577348,39.85467493990639,39.29882414105276,39.64027404785156,12490100,0.0,0.0
2018-06-20 00:00:00-04:00,39.807027003729615,40.0134854115827,39.56880483185013,39.61644744873047,6570800,0.0,0.0
2018-06-21 00:00:00-04:00,39.43381760235042,39.79909186836088,38.89384563122199,39.53704833984375,11018400,0.0,0.0
2018-06-22 00:00:00-04:00,39.687919236819816,40.13260289986988,38.75090928803694,38.8223762512207,12896400,0.0,0.0
2018-06-25 00:00:00-04:00,38.631798090058766,38.74296824389222,37.68684572415537,38.06006240844727,14684200,0.0,0.0
2018-06-26 00:00:00-04:00,38.068004088678336,38.15535293733448,37.40892255373048,37.94889450073242,12097800,0.0,0.0
2018-06-27 00:00:00-04:00,38.06799958368311,38.512683201872186,37.472442626953125,37.472442626953125,11635900,0.0,0.0
2018-06-28 00:00:00-04:00,37.52008474805224,38.55238277020917,37.49626344135263,38.345924377441406,14183300,0.0,0.0
2018-06-29 00:00:00-04:00,38.89384057296556,39.12412333082488,37.62332023505106,37.63920211791992,13592200,0.0,0.0
2018-07-02 00:00:00-04:00,37.28979602926231,37.93299846926047,37.13892272913567,37.89329528808594,8655100,0.0,0.0
2018-07-03 00:00:00-04:00,38.01241528792352,38.02829717059377,37.273924404133446,37.33745193481445,5037800,0.0,0.0
2018-07-05 00:00:00-04:00,37.55184838743293,37.71066416628413,36.845121352162096,37.083343505859375,10577300,0.0,0.0
2018-07-06 00:00:00-04:00,36.94835981337763,37.5518593432524,36.74984078918513,37.393043518066406,7269300,0.0,0.0
2018-07-09 00:00:00-04:00,37.55185132482456,38.512682469752114,37.55185132482456,38.44121551513672,9412500,0.0,0.0
2018-07-10 00:00:00-04:00,38.4570996257476,38.6317973091887,38.10770728802483,38.19505310058594,9238800,0.0,0.0
2018-07-11 00:00:00-04:00,37.829780670745954,38.17123359773084,37.79007747603693,37.91712951660156,6089500,0.0,0.0
2018-07-12 00:00:00-04:00,38.11564887785382,38.330049766290905,37.956833068364176,38.13153076171875,7774700,0.0,0.0
2018-07-13 00:00:00-04:00,38.17917251586914,38.43327657344903,37.70272513603738,38.17917251586914,9747600,0.0,0.0
2018-07-16 00:00:00-04:00,38.29034651692422,38.98119180369122,38.274464633081806,38.83031845092773,8724000,0.0,0.0
2018-07-17 00:00:00-04:00,38.90971655667028,39.26705129414496,38.504739206971614,39.05265045166016,11138300,0.0,0.0
2018-07-18 00:00:00-04:00,40.29936428252873,40.89492139015231,39.74351037624803,40.14849090576172,18407300,0.0,0.0
2018-07-19 00:00:00-04:00,40.10084074093744,40.47405745577827,39.5291050125276,39.58469009399414,11363600,0.0,0.0
2018-07-20 00:00:00-04:00,39.425875167753766,40.1723055277845,39.3782295165843,39.9182014465332,8910000,0.0,0.0
2018-07-23 00:00:00-04:00,39.91820327125469,40.49787842242952,39.90232138680555,40.29141998291016,7728900,0.0,0.0
2018-07-24 00:00:00-04:00,40.48198699951172,40.91872811689796,40.37081686372166,40.48198699951172,7254900,0.0,0.0
2018-07-25 00:00:00-04:00,40.48199835696289,40.58522909594091,40.02937523188368,40.52964401245117,7483100,0.0,0.0
2018-07-26 00:00:00-04:00,40.67257777817203,40.78374794468251,40.43435253089545,40.48994064331055,5524900,0.0,0.0
2018-07-27 00:00:00-04:00,40.56934234928289,40.73609757976953,40.28347450892894,40.53757858276367,7252100,0.0,0.0
2018-07-30 00:00:00-04:00,40.64141483025867,40.98488614340568,40.28196775288791,40.65739059448242,10123700,0.3,0.0
2018-07-31 00:00:00-04:00,40.70531316750363,40.75324045820555,40.11422515083998,40.38580703735352,9714900,0.0,0.0
2018-08-01 00:00:00-04:00,40.68933919761674,40.88104532180993,39.97044808778959,40.082275390625,9194600,0.0,0.0
2018-08-02 00:00:00-04:00,39.786739349365234,39.96246669746736,39.33942700123984,39.786739349365234,7882500,0.0,0.0
2018-08-03 00:00:00-04:00,39.914546417308166,40.0663116528443,39.72284023557156,39.86661911010742,5426100,0.0,0.0
2018-08-06 00:00:00-04:00,39.85064026483544,40.03435702432368,39.595034073628646,39.93051910400391,5086900,0.0,0.0
2018-08-07 00:00:00-04:00,40.05832653860711,40.60947687677082,40.01838559116352,40.04235076904297,5632300,0.0,0.0
2018-08-08 00:00:00-04:00,40.04234838611134,40.24204092317963,39.90655587643043,40.03435897827149,5884100,0.0,0.0
2018-08-09 00:00:00-04:00,40.01837226643457,40.13818897473759,39.46722211178473,39.49118423461914,7583400,0.0,0.0
2018-08-10 00:00:00-04:00,39.04387587931127,39.05186223807587,38.45278477756851,38.6524772644043,14321600,0.0,0.0
2018-08-13 00:00:00-04:00,38.61254191074448,38.72436922318171,37.76584461404506,37.82175827026367,11445900,0.0,0.0
2018-08-14 00:00:00-04:00,37.94157591151816,38.37291245317647,37.86170012842549,38.22913360595703,8695500,0.0,0.0
2018-08-15 00:00:00-04:00,37.74986977719348,38.01346534619447,37.55816667888896,37.90163803100586,9496100,0.0,0.0
2018-08-16 00:00:00-04:00,38.20518458741365,38.81224866955316,38.18121940661152,38.580604553222656,8264500,0.0,0.0
2018-08-17 00:00:00-04:00,38.47676190984649,38.82822277389639,38.47676190984649,38.63651657104492,5854500,0.0,0.0
2018-08-20 00:00:00-04:00,38.60455666526506,38.81223553048813,38.460777817393,38.57260513305664,7898200,0.0,0.0
2018-08-21 00:00:00-04:00,38.436811917805365,39.09180308036194,38.34894672942679,38.77229690551758,9632000,0.0,0.0
2018-08-22 00:00:00-04:00,38.62852164866166,38.86815206382122,38.53267009201104,38.82022476196289,4952000,0.0,0.0
2018-08-23 00:00:00-04:00,38.67644231707032,38.916075757075234,38.324984610563945,38.444801330566406,7699300,0.0,0.0
2018-08-24 00:00:00-04:00,38.61254392433869,38.82821220117118,38.42083777368784,38.45278930664063,5620600,0.0,0.0
2018-08-27 00:00:00-04:00,38.72436993020868,40.0183765002829,38.67644263240379,39.85063552856445,13317400,0.0,0.0
2018-08-28 00:00:00-04:00,39.978448796256856,40.281982332235785,39.84265932180657,39.93851089477539,7419100,0.0,0.0
2018-08-29 00:00:00-04:00,39.9385050953892,40.09027031780787,39.60302311517967,39.89856719970703,7856700,0.0,0.0
2018-08-30 00:00:00-04:00,39.75478692327357,39.85063847891395,39.299488225149226,39.37936401367188,11399900,0.0,0.0
2018-08-31 00:00:00-04:00,39.21161944167128,39.21161944167128,38.79625867581377,39.00394058227539,7698400,0.0,0.0
2018-09-04 00:00:00-04:00,39.02790923771483,39.0678471350046,38.48474530278855,38.9080924987793,8548700,0.0,0.0
2018-09-05 00:00:00-04:00,38.86016681129152,39.17967302492205,38.748336437101386,38.91608047485352,5527500,0.0,0.0
2018-09-06 00:00:00-04:00,38.78028602532982,38.99595430841091,38.08535692233473,38.28504943847656,7990500,0.0,0.0
2018-09-07 00:00:00-04:00,38.35694229333104,38.66047579816556,38.245114961830495,38.51669692993164,7285200,0.0,0.0
2018-09-10 00:00:00-04:00,38.63650110274925,38.71637992490199,38.26906766204318,38.29302978515625,4925000,0.0,0.0
2018-09-11 00:00:00-04:00,38.10931688425223,38.37291245317647,37.853710721876745,38.22913360595703,5011700,0.0,0.0
2018-09-12 00:00:00-04:00,38.173233292774505,38.42085013516181,37.74988296260658,37.92561340332031,6231800,0.0,0.0
2018-09-13 00:00:00-04:00,38.125292114986046,38.42083616475828,37.94157537879975,38.117305755615234,8380100,0.0,0.0
2018-09-14 00:00:00-04:00,38.25309118972445,38.748327689644846,38.22113966145462,38.49272155761719,6955500,0.0,0.0
2018-09-17 00:00:00-04:00,38.74035276828771,38.77230430599047,37.98950991467096,38.08536148071289,6726500,0.0,0.0
2018-09-18 00:00:00-04:00,38.22914266771989,38.3729215490204,37.981522806132006,38.221153259277344,7082500,0.0,0.0
2018-09-19 00:00:00-04:00,38.24511091613262,39.42729022661612,38.24511091613262,39.219608306884766,12489100,0.0,0.0
2018-09-20 00:00:00-04:00,39.73881421116949,40.23405084162763,39.70686267447768,39.842655181884766,11810000,0.0,0.0
2018-09-21 00:00:00-04:00,39.88260029078317,39.91455183325245,39.25956044796603,39.46723937988281,21450400,0.0,0.0
2018-09-24 00:00:00-04:00,39.43527461689699,39.49917768041232,38.72436979415068,38.788272857666016,7917600,0.0,0.0
2018-09-25 00:00:00-04:00,38.90010601136605,39.29150166942285,38.54065884279718,38.56462097167969,9007500,0.0,0.0
2018-09-26 00:00:00-04:00,38.62852948670687,38.73237047160375,37.973538130403455,38.101341247558594,8443100,0.0,0.0
2018-09-27 00:00:00-04:00,38.20518439437336,38.46877700533009,37.98152664139575,38.157257080078125,12204900,0.0,0.0
2018-09-28 00:00:00-04:00,37.87766842823304,37.98150937179111,37.0629257851327,37.19871520996094,14187300,0.0,0.0
2018-10-01 00:00:00-04:00,37.47828787110443,37.78981073840061,37.158781691384014,37.24664688110352,9710100,0.0,0.0
2018-10-02 00:00:00-04:00,37.30256053873124,37.51023940319621,36.86323763719954,37.24664688110352,9589100,0.0,0.0
2018-10-03 00:00:00-04:00,37.67798254240152,38.12529487620761,37.52621732683842,37.63005828857422,8985300,0.0,0.0
2018-10-04 00:00:00-04:00,37.845723463922646,38.28504635463423,37.51822788571231,37.75785827636719,7722200,0.0,0.0
2018-10-05 00:00:00-04:00,37.84571701750709,37.96553066889332,37.142798683860086,37.34249114990234,7938900,0.0,0.0
2018-10-08 00:00:00-04:00,37.15078831622075,37.717917285536416,36.9830473612564,37.55816268920898,7054500,0.0,0.0
2018-10-09 00:00:00-04:00,37.30256770399653,37.39043291059362,36.695500665907375,36.87123107910156,9999500,0.0,0.0
2018-10-10 00:00:00-04:00,37.01500249217587,37.07091614927208,35.56124131354291,35.641117095947266,14143800,0.0,0.0
2018-10-11 00:00:00-04:00,35.289664233770075,35.7689250881442,34.482904704191974,34.7385139465332,21746900,0.0,0.0
2018-10-12 00:00:00-04:00,35.38552301421699,35.60119135680362,34.251270672169,34.69059371948242,16049300,0.0,0.0
2018-10-15 00:00:00-04:00,34.68259324053421,34.96216457927796,34.40302494885631,34.7225341796875,11986800,0.0,0.0
2018-10-16 00:00:00-04:00,36.535732636215215,36.90316601939125,35.52928096413212,36.69548416137695,24174900,0.0,0.0
2018-10-17 00:00:00-04:00,36.71146403731854,38.213152309230416,36.36799273501319,37.69395065307617,22121900,0.0,0.0
2018-10-18 00:00:00-04:00,37.47030594397512,37.93359407291089,36.54373273316975,36.76738739013672,14873900,0.0,0.0
2018-10-19 00:00:00-04:00,36.79933490756202,37.326523003605935,36.455863552117336,37.07890319824219,14931200,0.0,0.0
2018-10-22 00:00:00-04:00,37.08689267353205,37.318536713133525,36.01654071327148,36.03251647949219,11166700,0.0,0.0
2018-10-23 00:00:00-04:00,35.16185991744157,35.792889023247135,34.59473388177302,35.56124496459961,15095300,0.0,0.0
2018-10-24 00:00:00-04:00,35.776914495721286,35.78490085623216,34.61071084889569,34.7385139465332,15067400,0.0,0.0
2018-10-25 00:00:00-04:00,35.11392309891733,35.91269297676568,35.10593674084757,35.58519744873047,13838500,0.0,0.0
2018-10-26 00:00:00-04:00,34.962163115880564,35.5612406133143,34.54680235201196,35.121917724609375,12997100,0.0,0.0
2018-10-29 00:00:00-04:00,35.61715020977689,36.008548804198774,34.57874994199188,35.10593795776367,12869800,0.0,0.0
2018-10-30 00:00:00-04:00,35.38742476902651,35.86193808751328,35.0335516258188,35.789554595947266,14780300,0.3,0.0
2018-10-31 00:00:00-04:00,36.304288182951694,37.26940059116113,36.28016136984898,36.722503662109375,16928300,0.0,0.0
2018-11-01 00:00:00-04:00,36.85118801490111,37.15680763297717,36.55361271383146,36.90748596191406,8679900,0.0,0.0
2018-11-02 00:00:00-04:00,37.39807647940724,37.75999396216425,36.62598789486381,36.95573425292969,10478800,0.0,0.0
2018-11-05 00:00:00-05:00,37.01204125452279,37.285489745373546,36.69838038196033,36.85118865966797,12318900,0.0,0.0
2018-11-06 00:00:00-05:00,36.8190132077095,37.05224928948672,36.42492761795543,36.77075958251953,10737300,0.0,0.0
2018-11-07 00:00:00-05:00,37.14875866960468,37.64740194936329,36.69837514983255,37.486549377441406,9951200,0.0,0.0
2018-11-08 00:00:00-05:00,37.26135686587623,37.67956924922579,37.156802236035055,37.34178161621094,9484100,0.0,0.0
2018-11-09 00:00:00-05:00,37.28548937399581,37.34982857049205,36.71446558255649,36.778804779052734,10017900,0.0,0.0
2018-11-12 00:00:00-05:00,36.609902001184935,36.87530610746653,35.32308463725142,35.491981506347656,14302000,0.0,0.0
2018-11-13 00:00:00-05:00,35.07377964774447,36.29625523531462,34.92901260000534,35.9343376159668,12346100,0.0,0.0
2018-11-14 00:00:00-05:00,36.26408760360554,37.599159231124034,34.62339628265257,35.26680374145508,13265200,0.0,0.0
2018-11-15 00:00:00-05:00,34.86467914034024,35.76545279132879,34.66361408631749,35.62872695922852,14057400,0.0,0.0
2018-11-16 00:00:00-05:00,35.37938563895502,35.660875307436605,34.96117022577718,35.491981506347656,9775000,0.0,0.0
2018-11-19 00:00:00-05:00,35.52415843283479,36.02280178151978,35.41960685444011,35.71718215942383,9856700,0.0,0.0
2018-11-20 00:00:00-05:00,35.29896698736298,35.395477317598214,34.21321733519438,34.66360092163086,16035600,0.0,0.0
2018-11-21 00:00:00-05:00,34.8164148039626,35.572418070548736,34.703818899152786,35.1702880859375,7961900,0.0,0.0
2018-11-23 00:00:00-05:00,34.80837151685683,35.073778787202905,34.62339208661945,34.64752197265625,4822400,0.0,0.0
2018-11-26 00:00:00-05:00,35.16224157028037,35.95041585392061,35.16224157028037,35.61262512207031,8862900,0.0,0.0
2018-11-27 00:00:00-05:00,35.40352363474044,35.709143277092615,35.25071534756848,35.42765045166016,8035900,0.0,0.0
2018-11-28 00:00:00-05:00,35.62066422758211,36.61794457608553,35.122020985323005,36.441009521484375,12380800,0.0,0.0
2018-11-29 00:00:00-05:00,36.1112636692144,36.26407191582263,35.64479154587223,35.79759979248047,9202900,0.0,0.0
2018-11-30 00:00:00-05:00,35.693058146016526,35.87803757001426,35.31505498027736,35.70109939575195,11282500,0.0,0.0
2018-12-03 00:00:00-05:00,36.247990134902594,37.10854790381669,36.19169219248823,36.52143859863281,15437000,0.0,0.0
2018-12-04 00:00:00-05:00,36.23190941828276,36.32841975133428,34.03628016630957,34.6796875,18401400,0.0,0.0
2018-12-06 00:00:00-05:00,33.497423468615715,34.36602249799897,32.95856778197323,34.26951217651367,17552400,0.0,0.0
2018-12-07 00:00:00-05:00,34.12474254472817,34.63142706270385,32.93443844428324,33.23201370239258,15499400,0.0,0.0
2018-12-10 00:00:00-05:00,33.047032675179175,33.31243679269708,31.8165162608534,32.74141311645508,16323200,0.0,0.0
2018-12-11 00:00:00-05:00,33.392864216991434,33.682398209452074,32.31515606061428,32.669029235839844,13619400,0.0,0.0
2018-12-12 00:00:00-05:00,33.06312335282577,33.585890421295275,32.81380169161214,32.82184600830078,14207600,0.0,0.0
2018-12-13 00:00:00-05:00,32.87816050619629,33.07118125179292,32.43581797386044,32.6529655456543,15964600,0.0,0.0
2018-12-14 00:00:00-05:00,32.226689421522074,32.9263945772106,31.79238840019501,31.880857467651367,17332200,0.0,0.0
2018-12-17 00:00:00-05:00,31.59937143358887,32.701206610567404,31.382220897745,31.848690032958984,15786300,0.0,0.0
2018-12-18 00:00:00-05:00,32.13017731279142,32.82988242942631,31.880855688239933,32.0819206237793,14538300,0.0,0.0
2018-12-19 00:00:00-05:00,32.08997397492787,33.03900098333383,31.23745730371336,31.6074161529541,19412300,0.0,0.0
2018-12-20 00:00:00-05:00,31.27765757224284,31.896937876341088,31.01225348077622,31.29374313354492,27520300,0.0,0.0
2018-12-21 00:00:00-05:00,30.89162719138252,31.945208920220555,30.151709446922336,30.30451774597168,21528400,0.0,0.0
2018-12-24 00:00:00-05:00,30.24821520371888,30.561876072529344,29.54850995267953,29.76565742492676,11444400,0.0,0.0
2018-12-26 00:00:00-05:00,29.98281064819151,31.68784399062055,29.580680663884188,31.6074161529541,16814200,0.0,0.0
2018-12-27 00:00:00-05:00,30.94790796868407,31.9854035530964,30.827270873663647,31.896934509277344,13897900,0.0,0.0
2018-12-28 00:00:00-05:00,32.12213751253095,32.17039420832627,31.3178776573228,31.66370964050293,12854200,0.0,0.0
2018-12-31 00:00:00-05:00,31.904992793765164,32.23474233973961,31.422438019964112,31.8889102935791,9518100,0.0,0.0
2019-01-02 00:00:00-05:00,31.38221292081832,32.74945498340791,31.17310368700669,32.49209213256836,10648000,0.0,0.0
2019-01-03 00:00:00-05:00,32.34733167332827,32.34733167332827,31.56719864853199,31.91303062438965,13034500,0.0,0.0
2019-01-04 00:00:00-05:00,32.572531158826536,33.44113346237268,32.395592970768945,33.215938568115234,14371600,0.0,0.0
2019-01-07 00:00:00-05:00,33.3848246034811,33.907594726606,32.95856787010738,33.545677185058594,11812400,0.0,0.0
2019-01-08 00:00:00-05:00,34.02018647865961,34.10865554117552,33.03899167950139,33.33656692504883,11398200,0.0,0.0
2019-01-09 00:00:00-05:00,33.70653166780839,33.947809019779655,33.17572026626842,33.56980895996094,9223000,0.0,0.0
2019-01-10 00:00:00-05:00,33.28027846571627,33.746747653625775,33.16768256063495,33.505470275878906,7560800,0.0,0.0
2019-01-11 00:00:00-05:00,33.19984708106315,33.67436053607676,32.94248416322607,33.56980895996094,8191900,0.0,0.0
2019-01-14 00:00:00-05:00,33.22398379664107,34.4142883034351,33.071172423492946,34.16496658325195,12336300,0.0,0.0
2019-01-15 00:00:00-05:00,33.947804359163484,34.575129069774384,33.80303735425386,34.48666000366211,11737000,0.0,0.0
2019-01-16 00:00:00-05:00,35.3874359533446,36.28016494213981,35.12202871105064,35.781524658203125,30530400,0.0,0.0
2019-01-17 00:00:00-05:00,34.14083810157369,34.727947541804184,33.46525956919737,34.205177307128906,47037200,0.0,0.0
2019-01-18 00:00:00-05:00,34.59925849726884,35.20245337399666,34.22929970919765,35.13811111450195,20614400,0.0,0.0
2019-01-22 00:00:00-05:00,34.11669908495335,34.37406504232546,33.722613502867375,34.10865783691406,20202400,0.0,0.0
2019-01-23 00:00:00-05:00,34.19712280681575,34.277547549600264,33.50545897404269,33.8995475769043,15583900,0.0,0.0
2019-01-24 00:00:00-05:00,33.73870898248521,34.24539366208533,33.6502398880144,33.81913375854492,13421600,0.0,0.0
2019-01-25 00:00:00-05:00,34.31777120210586,34.784243454017584,34.22126086543761,34.56709289550781,13422700,0.0,0.0
2019-01-28 00:00:00-05:00,34.13278462974851,34.366020706855615,33.82716811630572,34.30168151855469,10396600,0.0,0.0
2019-01-29 00:00:00-05:00,34.20516839608639,34.34189415778554,33.86738075190203,34.17300033569336,9916400,0.0,0.0
2019-01-30 00:00:00-05:00,34.302600126342604,34.80478919504431,34.07580705649269,34.658992767333984,12347900,0.3,0.0
2019-01-31 00:00:00-05:00,34.26210403442383,34.56179533762732,34.164907439567784,34.26210403442383,11163400,0.0,0.0
2019-02-01 00:00:00-05:00,34.26210336546581,34.61039450420906,33.849015528025014,33.873313903808594,13322100,0.0,0.0
2019-02-04 00:00:00-05:00,33.93811457251045,34.391700744628906,33.75991823927874,34.391700744628906,8715300,0.0,0.0
2019-02-05 00:00:00-05:00,34.32689244588458,34.472688834753576,34.197295999092475,34.38359069824219,9971500,0.0,0.0
2019-02-06 00:00:00-05:00,34.26209689120369,34.70758453872465,34.092002113212246,34.32689666748047,9744000,0.0,0.0
2019-02-07 00:00:00-05:00,34.10820308864182,34.164901349686744,33.241526138585506,33.59791564941406,12745400,0.0,0.0
2019-02-08 00:00:00-05:00,33.23342238552582,33.48451687456275,32.496341951707464,33.05522918701172,13993900,0.0,0.0
2019-02-11 00:00:00-05:00,33.20911277216837,33.273912524106784,32.55302918799196,32.56922912597656,17058300,0.0,0.0
2019-02-12 00:00:00-05:00,32.925626753555214,33.614107232016835,32.925626753555214,33.33061599731445,12400800,0.0,0.0
2019-02-13 00:00:00-05:00,33.61410867544056,34.04339630351613,33.33871585426573,33.363014221191406,9528300,0.0,0.0
2019-02-14 00:00:00-05:00,33.05522087524031,33.63840324437152,32.6259302058116,32.982322692871094,10414200,0.0,0.0
2019-02-15 00:00:00-05:00,33.33872536784115,34.0839074277108,33.31442699398166,34.011009216308594,13289700,0.0,0.0
2019-02-19 00:00:00-05:00,33.67891092848107,34.24589346412036,33.5574129052309,34.14869689941406,9401700,0.0,0.0
2019-02-20 00:00:00-05:00,34.09199974266274,34.4078909054884,34.035301487274715,34.35929107666016,10031600,0.0,0.0
2019-02-21 00:00:00-05:00,34.33499301718811,34.44029110235519,33.76800736836496,33.98670196533203,9603600,0.0,0.0
2019-02-22 00:00:00-05:00,34.05960740752277,34.21350535468526,33.69511633506408,33.84901428222656,10132100,0.0,0.0
2019-02-25 00:00:00-05:00,34.124399781772816,34.71568379763382,34.10819983875733,34.172996520996094,10804700,0.0,0.0
2019-02-26 00:00:00-05:00,34.00290142743588,34.56988706823877,33.719410151946015,34.351192474365234,10404400,0.0,0.0
2019-02-27 00:00:00-05:00,34.39979619077593,34.594189347418194,34.22159988900092,34.472694396972656,6916600,0.0,0.0
2019-02-28 00:00:00-05:00,34.41599768294658,34.52129269343583,33.88951027120574,34.002906799316406,12299900,0.0,0.0
2019-03-01 00:00:00-05:00,34.30259711145396,34.7237864111735,34.30259711145396,34.424095153808594,12336100,0.0,0.0
2019-03-04 00:00:00-05:00,34.464591652659394,34.91007930141253,33.85710765258964,34.01910400390625,12115100,0.0,0.0
2019-03-05 00:00:00-05:00,34.002903221901136,34.05150305304556,33.363019349371235,33.938106536865234,10449100,0.0,0.0
2019-03-06 00:00:00-05:00,33.88140920909642,34.09200230352475,33.68701296900429,33.71131134033203,7062700,0.0,0.0
2019-03-07 00:00:00-05:00,33.46832652663447,33.49262490389303,32.90944222091851,33.34682846069336,12502100,0.0,0.0
2019-03-08 00:00:00-05:00,32.86892732488461,33.61410602349544,32.72313095518725,33.500709533691406,11748400,0.0,0.0
2019-03-11 00:00:00-04:00,33.776110950134125,34.18919870978225,33.743711061974906,33.897605895996094,7191600,0.0,0.0
2019-03-12 00:00:00-04:00,33.97860312903933,34.172996264117565,33.87330504514177,34.043399810791016,7204400,0.0,0.0
2019-03-13 00:00:00-04:00,34.34309404784688,34.54558869886055,34.18109770907132,34.351192474365234,9269000,0.0,0.0
2019-03-14 00:00:00-04:00,34.262085150265456,34.76427088502779,34.262085150265456,34.57797622680664,8351200,0.0,0.0
2019-03-15 00:00:00-04:00,34.56989093890236,35.20977484930855,34.456494416009825,35.096378326416016,18992600,0.0,0.0
2019-03-18 00:00:00-04:00,35.20977827470297,35.80916083682422,35.20977827470297,35.66336441040039,10305900,0.0,0.0
2019-03-19 00:00:00-04:00,36.141252261577385,36.35994690273313,35.54186969529024,35.598567962646484,12548500,0.0,0.0
2019-03-20 00:00:00-04:00,35.42846157461317,35.47705830798403,34.772377865701195,34.85337448120117,15078500,0.0,0.0
2019-03-21 00:00:00-04:00,34.4969866039276,35.33936503836014,34.181095463471124,34.93437576293945,14576200,0.0,0.0
2019-03-22 00:00:00-04:00,34.47268707607942,34.60228351625997,33.435912464812105,33.79230499267578,25416800,0.0,0.0
2019-03-25 00:00:00-04:00,33.78421440829283,33.96241072988152,33.13623199773014,33.411624908447266,14504100,0.0,0.0
2019-03-26 00:00:00-04:00,33.78421514370476,34.205404492194894,33.48452385163784,33.921913146972656,9615400,0.0,0.0
2019-03-27 00:00:00-04:00,33.87330677454057,34.059601492594794,33.444019080320984,33.50881576538086,11251600,0.0,0.0
2019-03-28 00:00:00-04:00,33.60602042773194,33.99480986540671,33.516922268922855,33.96240997314453,8397000,0.0,0.0
2019-03-29 00:00:00-04:00,34.407888126526146,34.52938614387236,33.99480042923031,34.181095123291016,11811400,0.0,0.0
2019-04-01 00:00:00-04:00,34.65087796380202,35.598554380572395,34.6265795984411,35.25836181640625,25813300,0.0,0.0
2019-04-02 00:00:00-04:00,35.177373960849465,35.54996340829219,34.99917766432319,35.39606857299805,13101200,0.0,0.0
2019-04-03 00:00:00-04:00,35.84155935073132,36.1574505658914,35.67146455638723,35.94685745239258,11712100,0.0,0.0
2019-04-04 00:00:00-04:00,35.90635565139152,36.6434361118981,35.90635565139152,36.39234161376953,9119900,0.0,0.0
2019-04-05 00:00:00-04:00,36.55434054192597,36.75683522216514,36.23034781761385,36.368045806884766,8633900,0.0,0.0
2019-04-08 00:00:00-04:00,36.16555467192615,36.44094758764091,35.93066007826451,36.43284606933594,10898900,0.0,0.0
2019-04-09 00:00:00-04:00,36.16554943320044,36.18174628781638,35.59856373711504,35.84965515136719,7436200,0.0,0.0
2019-04-10 00:00:00-04:00,35.89825719741668,36.1412501993387,35.720060887422825,36.00355529785156,6703400,0.0,0.0
2019-04-11 00:00:00-04:00,36.23845540063671,36.51384833544959,36.01976073859495,36.287052154541016,7872700,0.0,0.0
2019-04-12 00:00:00-04:00,37.16992306624992,38.1256982056026,37.15372312102759,37.81790542602539,21641900,0.0,0.0
2019-04-15 00:00:00-04:00,37.63970554343213,37.8988984414475,37.19421485325909,37.32381439208984,11669000,0.0,0.0
2019-04-16 00:00:00-04:00,37.56680783132956,38.14189188808997,37.41290992189852,38.0851936340332,13358600,0.0,0.0
2019-04-17 00:00:00-04:00,38.757481744362536,39.32446748429602,38.17429914856052,39.08957290649414,19610000,0.0,0.0
2019-04-18 00:00:00-04:00,38.70888447608138,38.99237579732043,38.30389510869779,38.51448822021485,19906500,0.0,0.0
2019-04-22 00:00:00-04:00,38.36869073323898,38.43349051333279,38.052799529840605,38.30389404296875,7042100,0.0,0.0
2019-04-23 00:00:00-04:00,38.14189257925744,38.433485371017966,37.947496354809374,38.35248565673828,8163700,0.0,0.0
2019-04-24 00:00:00-04:00,38.17429443162106,38.56308381072357,38.109494656858985,38.37678909301758,9042500,0.0,0.0
2019-04-25 00:00:00-04:00,38.23909426287494,38.668385081437485,38.077097902464,38.30389404296875,5585900,0.0,0.0
2019-04-26 00:00:00-04:00,38.39298346735742,38.81416958291967,38.25528551087435,38.78987121582031,7661100,0.0,0.0
2019-04-29 00:00:00-04:00,39.00179842594534,39.67016757592906,38.9202912064063,39.499000549316406,9702200,0.3,0.0
2019-04-30 00:00:00-04:00,39.53161008370355,39.62941938237839,39.00995634503571,39.32783889770508,8104600,0.0,0.0
2019-05-01 00:00:00-04:00,39.28707514117381,39.629409152819655,38.64315761340101,38.7735710144043,9056300,0.0,0.0
2019-05-02 00:00:00-04:00,38.85508186237854,39.14851281943758,38.635011753885294,38.96919631958008,7680500,0.0,0.0
2019-05-03 00:00:00-04:00,39.14851897634423,39.523460318943,38.97735192757394,39.1729736328125,5829700,0.0,0.0
2019-05-06 00:00:00-04:00,38.28451927569984,39.0099439702459,38.17855742198957,38.88768005371094,6310000,0.0,0.0
2019-05-07 00:00:00-04:00,38.42308794877279,38.47199414463316,37.69766314466629,38.072601318359375,10365100,0.0,0.0
2019-05-08 00:00:00-04:00,37.90958980833933,38.46384767909967,37.876988781878126,37.9258918762207,7340300,0.0,0.0
2019-05-09 00:00:00-04:00,37.42053697431791,37.8932875741064,37.07820290630658,37.86068344116211,8102300,0.0,0.0
2019-05-10 00:00:00-04:00,37.697665053775786,37.83622795177915,37.25751859664537,37.77102279663086,9749200,0.0,0.0
2019-05-13 00:00:00-04:00,36.84181975409507,36.89887541993634,35.81481155035098,36.010433197021484,16506200,0.0,0.0
2019-05-14 00:00:00-04:00,36.0104379473504,36.3446225096336,35.84742040517057,35.87187194824219,17302200,0.0,0.0
2019-05-15 00:00:00-04:00,35.27686795027796,36.09195272258052,34.934533838375685,35.782222747802734,10703100,0.0,0.0
2019-05-16 00:00:00-04:00,35.912632943504384,36.45058872026585,35.79851847387503,36.09194946289063,9305000,0.0,0.0
2019-05-17 00:00:00-04:00,35.472487732150384,36.12455489262527,35.456185664475825,35.76591873168945,8411700,0.0,0.0
2019-05-20 00:00:00-04:00,35.44803297903827,35.99413820488442,35.317619558739096,35.75776290893555,8951600,0.0,0.0
2019-05-21 00:00:00-04:00,36.05935306720141,36.29572529709639,35.97784272128783,36.18161392211914,5936200,0.0,0.0
2019-05-22 00:00:00-04:00,35.95338398559495,36.1082489479228,35.39912618137789,35.44803237915039,10109600,0.0,0.0
2019-05-23 00:00:00-04:00,34.84485998336932,34.90191564570916,34.355810560656224,34.812255859375,13128900,0.0,0.0
2019-05-24 00:00:00-04:00,35.07308884505326,35.21165484192241,34.79595996061592,35.01603317260742,6172300,0.0,0.0
2019-05-28 00:00:00-04:00,34.926377741810576,35.10569736868471,34.3639704247526,34.37211990356445,10539500,0.0,0.0
2019-05-29 00:00:00-04:00,34.021630727609285,34.42917300551437,33.88306473628512,34.3884162902832,9808700,0.0,0.0
2019-05-30 00:00:00-04:00,34.608490827874306,34.74705682454118,33.8504619129993,34.09498977661133,7797200,0.0,0.0
2019-05-31 00:00:00-04:00,33.50813155357813,33.64669445613992,33.09243662729021,33.165794372558594,11328600,0.0,0.0
2019-06-03 00:00:00-04:00,33.18209652339786,33.49182957190592,32.95387380833997,33.19839859008789,10133200,0.0,0.0
2019-06-04 00:00:00-04:00,33.7689557840827,34.698151745930424,33.72820217527028,34.624794006347656,11860900,0.0,0.0
2019-06-05 00:00:00-04:00,34.64110491361414,34.77966784080372,34.19280888365127,34.58404922485352,6421300,0.0,0.0
2019-06-06 00:00:00-04:00,34.43733493370616,35.04049909117044,34.35582769237675,34.89378356933594,5741500,0.0,0.0
2019-06-07 00:00:00-04:00,34.779660641502055,35.10569574633307,34.70630600768133,34.80411529541016,7546200,0.0,0.0
2019-06-10 00:00:00-04:00,35.2442538751387,35.733303313754945,35.21164975008416,35.28500747680664,8693100,0.0,0.0
2019-06-11 00:00:00-04:00,35.67625979105993,36.01044441334898,35.38282878430826,35.594749450683594,10654600,0.0,0.0
2019-06-12 00:00:00-04:00,35.40727991169737,35.40727991169737,34.67370551282292,34.73891067504883,8073800,0.0,0.0
2019-06-13 00:00:00-04:00,34.787815549898696,35.22796203799194,34.67370418838594,35.00788879394531,7530900,0.0,0.0
2019-06-14 00:00:00-04:00,35.20349688501815,35.2279515332654,34.64923920068789,34.90191650390625,7102600,0.0,0.0
2019-06-17 00:00:00-04:00,34.82856582920318,35.11384731497602,34.59219054052596,34.64924621582031,5658700,0.0,0.0
2019-06-18 00:00:00-04:00,34.698151987250306,35.7088582830532,34.59219011616023,35.325767517089844,10094500,0.0,0.0
2019-06-19 00:00:00-04:00,35.61920261795327,35.790369661633505,35.13830251239827,35.16275405883789,8034300,0.0,0.0
2019-06-20 00:00:00-04:00,35.53768387574751,35.82296532370898,35.04048492969598,35.4235725402832,9922800,0.0,0.0
2019-06-21 00:00:00-04:00,35.52138900756836,36.00228594540005,35.407274549676664,35.52138900756836,18450800,0.0,0.0
2019-06-24 00:00:00-04:00,35.45619585844506,35.78223108707125,35.04050389578392,35.105709075927734,8141400,0.0,0.0
2019-06-25 00:00:00-04:00,35.02417691171729,35.04862844821673,34.42916568559614,34.77149963378906,10232900,0.0,0.0
2019-06-26 00:00:00-04:00,34.86931906343582,35.285013961021,34.844867519801774,35.040489196777344,7826400,0.0,0.0
2019-06-27 00:00:00-04:00,35.29316430752138,35.57844579724257,35.11384780095785,35.44803237915039,7459800,0.0,0.0
2019-06-28 00:00:00-04:00,36.0267371471456,36.328317555146725,35.65179900646305,35.70885467529297,15445600,0.0,0.0
2019-07-01 00:00:00-04:00,36.34462889791697,36.72771972298017,35.47248846965519,35.822975158691406,12197700,0.0,0.0
2019-07-02 00:00:00-04:00,35.61919682523132,35.80666590581716,35.374672072697656,35.72515869140625,8234800,0.0,0.0
2019-07-03 00:00:00-04:00,35.822971428891115,35.9859889827515,35.71700955248669,35.85557556152344,4470800,0.0,0.0
2019-07-05 00:00:00-04:00,36.26312269997346,36.53209905660302,35.920785480543,36.03489685058594,6276000,0.0,0.0
2019-07-08 00:00:00-04:00,35.52953959947007,35.831120045814274,35.28501482920987,35.44803237915039,7060200,0.0,0.0
2019-07-09 00:00:00-04:00,35.11384573849276,35.75776020351971,35.064939543592835,35.68440246582031,5941900,0.0,0.0
2019-07-10 00:00:00-04:00,35.66810089186239,35.84742049966298,35.244259634098995,35.30131530761719,5311000,0.0,0.0
2019-07-11 00:00:00-04:00,35.44802601545726,36.13269711485312,35.358366223620806,36.010433197021484,8799200,0.0,0.0
2019-07-12 00:00:00-04:00,36.31201484590022,36.597296294280106,36.17345196957625,36.57284164428711,9565700,0.0,0.0
2019-07-15 00:00:00-04:00,36.6869618452785,36.6869618452785,36.10010296174463,36.21421432495117,7870700,0.0,0.0
2019-07-16 00:00:00-04:00,36.51579480046868,36.72771856868208,36.08380089424349,36.21421432495117,10170900,0.0,0.0
2019-07-17 00:00:00-04:00,36.07564785337186,36.124554055261896,35.58659827167718,35.6762580871582,9131800,0.0,0.0
2019-07-18 00:00:00-04:00,35.59474819711357,36.28757207405559,35.46433476640588,36.21421432495117,11185800,0.0,0.0
2019-07-19 00:00:00-04:00,36.149009783753705,36.442440810439074,36.13271082387276,36.18161392211914,10083600,0.0,0.0
2019-07-22 00:00:00-04:00,36.043036648765565,36.35276651202395,35.814810880369265,36.27125930786133,7091800,0.0,0.0
2019-07-23 00:00:00-04:00,36.49134242172201,36.91518683918205,36.49134242172201,36.76031875610352,9859600,0.0,0.0
2019-07-24 00:00:00-04:00,36.58915490841565,37.257524172543896,36.56470336023831,37.08635711669922,8092200,0.0,0.0
2019-07-25 00:00:00-04:00,37.08634576393034,37.14340143174618,36.35276845015429,36.57284164428711,8733800,0.0,0.0
2019-07-26 00:00:00-04:00,36.67066127983747,37.30642633800977,36.60545301269092,37.28197479248047,8321000,0.0,0.0
2019-07-29 00:00:00-04:00,37.20046419556108,37.27382194093169,36.73586617798094,36.86627960205078,8667000,0.0,0.0
2019-07-30 00:00:00-04:00,36.64448690321407,36.84163100667461,36.283050824288026,36.69377136230469,7339100,0.35,0.0
2019-07-31 00:00:00-04:00,36.71842917523231,36.95664792010472,36.37342217687397,36.60342788696289,8317100,0.0,0.0
2019-08-01 00:00:00-04:00,36.48841866387079,36.75128274560529,35.06732568351233,35.26447296142578,12963900,0.0,0.0
2019-08-02 00:00:00-04:00,35.10018164716746,35.11661084698146,33.876236029744575,34.59910202026367,16089900,0.0,0.0
2019-08-05 00:00:00-04:00,33.621587714886424,33.6790883467457,32.80835956872765,33.260154724121094,15311100,0.0,0.0
2019-08-06 00:00:00-04:00,33.63801656866429,33.95016509094072,33.24372518273324,33.859806060791016,10481200,0.0,0.0
2019-08-07 00:00:00-04:00,33.07943876156637,33.399800340415986,32.422286403214656,33.317657470703125,14108500,0.0,0.0
2019-08-08 00:00:00-04:00,33.68730622882763,34.05695543938094,33.38337382617263,33.900882720947266,9884400,0.0,0.0
2019-08-09 00:00:00-04:00,33.67087202136621,34.35266650398122,33.39158192240908,34.089805603027344,11011400,0.0,0.0
2019-08-12 00:00:00-04:00,33.49015298943373,33.596941206531724,32.989073432530475,33.15336227416992,8775000,0.0,0.0
2019-08-13 00:00:00-04:00,33.177999190943936,33.95015568294069,32.92335450405013,33.42443084716797,10896700,0.0,0.0
2019-08-14 00:00:00-04:00,32.50442561267134,32.50442561267134,31.90477395735408,32.307281494140625,17133400,0.0,0.0
2019-08-15 00:00:00-04:00,32.38942809387747,32.520858565921,31.839060837879806,32.118350982666016,10818600,0.0,0.0
2019-08-16 00:00:00-04:00,32.47157028009988,33.013721357557586,32.381211244932004,32.8083610534668,9742800,0.0,0.0
2019-08-19 00:00:00-04:00,33.46551077126085,33.539440593346185,33.046574068260966,33.16157531738281,7803000,0.0,0.0
2019-08-20 00:00:00-04:00,32.890502504231094,33.09586277990654,32.71800062471551,32.7755012512207,11350000,0.0,0.0
2019-08-21 00:00:00-04:00,33.2519400623548,33.293011496463045,32.71800515184848,32.8083610534668,9876100,0.0,0.0
2019-08-22 00:00:00-04:00,33.153374735101266,33.20265921263271,32.791938520936306,33.079444885253906,8126000,0.0,0.0
2019-08-23 00:00:00-04:00,32.89871698328204,33.18622326200079,32.12656344086308,32.307281494140625,12310800,0.0,0.0
2019-08-26 00:00:00-04:00,32.72622137227497,33.07944138039323,32.61122009215272,32.98908233642578,10408600,0.0,0.0
2019-08-27 00:00:00-04:00,33.062996958021074,33.13692676600206,32.405844850161394,32.68513488769531,8742900,0.0,0.0
2019-08-28 00:00:00-04:00,32.36477283685404,33.43264538421708,32.3236982848587,33.16978454589844,9881900,0.0,0.0
2019-08-29 00:00:00-04:00,33.58873106516347,34.08981071193576,33.572301864698034,33.91730880737305,12191900,0.0,0.0
2019-08-30 00:00:00-04:00,34.23766907263764,34.393741770763555,33.92552054283634,34.08159637451172,7427000,0.0,0.0
2019-09-03 00:00:00-04:00,33.71195080120375,33.75302223839383,33.14515431391135,33.67087936401367,8675300,0.0,0.0
2019-09-04 00:00:00-04:00,34.04051110871486,34.245871341803614,33.92550987955291,34.11444091796875,6829900,0.0,0.0
2019-09-05 00:00:00-04:00,34.74696149290723,35.412329980722376,34.74696149290723,34.8866081237793,8101600,0.0,0.0
2019-09-06 00:00:00-04:00,34.8866027532277,34.9523164084547,34.50873748486385,34.64838409423828,7012700,0.0,0.0
2019-09-09 00:00:00-04:00,34.94411315846313,35.72448300910565,34.94411315846313,35.41233444213867,11888800,0.0,0.0
2019-09-10 00:00:00-04:00,35.551977433283774,35.98734344050915,35.37126248332304,35.79841232299805,12292700,0.0,0.0
2019-09-11 00:00:00-04:00,35.92984191069425,36.0941276550293,35.494475914267184,36.0941276550293,9877900,0.0,0.0
2019-09-12 00:00:00-04:00,35.74090065857251,36.504841127475714,35.634115572396134,36.40626907348633,13254300,0.0,0.0
2019-09-13 00:00:00-04:00,36.92377347213012,37.33449397096683,36.74305544990638,37.09627532958984,11364500,0.0,0.0
2019-09-16 00:00:00-04:00,36.54591385690481,37.00591884149328,36.43090947720875,36.75948715209961,6289800,0.0,0.0
2019-09-17 00:00:00-04:00,36.55413669024399,36.55413669024399,35.77376685329286,36.31591796875,9768500,0.0,0.0
2019-09-18 00:00:00-04:00,36.06948729406866,36.545924751332656,35.85591393520713,36.43913650512695,8283800,0.0,0.0
2019-09-19 00:00:00-04:00,36.31590848865798,36.529484918916665,36.06947679751632,36.15983581542969,6403500,0.0,0.0
2019-09-20 00:00:00-04:00,36.32413639156259,36.63628183888363,35.83948588450626,35.87234115600586,22404600,0.0,0.0
2019-09-23 00:00:00-04:00,35.54375612576669,35.96268970037622,35.27267906359949,35.78197479248047,7114600,0.0,0.0
2019-09-24 00:00:00-04:00,35.954475362857366,35.954475362857366,34.80445663213452,34.9441032409668,11246400,0.0,0.0
2019-09-25 00:00:00-04:00,34.788031481361855,35.45339994155704,34.788031481361855,35.354827880859375,6909400,0.0,0.0
2019-09-26 00:00:00-04:00,35.2891168221657,35.33018825967154,34.97697139028147,35.00982666015625,5343800,0.0,0.0
2019-09-27 00:00:00-04:00,35.289120028796205,35.46983813050306,34.91125775572741,35.190547943115234,8005200,0.0,0.0
2019-09-30 00:00:00-04:00,35.379465734587974,35.48625394836629,34.97696137531029,35.05088806152344,6213700,0.0,0.0
2019-10-01 00:00:00-04:00,34.91946785655354,35.03447226932689,33.884453209992074,33.991241455078125,13437200,0.0,0.0
2019-10-02 00:00:00-04:00,33.71194981204622,33.7530212480312,32.93157999413271,33.04658126831055,12052500,0.0,0.0
2019-10-03 00:00:00-04:00,32.898722288465585,33.10408260628815,32.28264133499788,33.063011169433594,12293600,0.0,0.0
2019-10-04 00:00:00-04:00,33.13693435090414,33.53122570587155,33.00550389924834,33.49836730957031,5631400,0.0,0.0
2019-10-07 00:00:00-04:00,33.350512446013155,33.76944922510415,33.309441011516874,33.416229248046875,6323600,0.0,0.0
2019-10-08 00:00:00-04:00,32.898708871350095,33.02192626521166,32.60298963292112,32.70977783203125,8309000,0.0,0.0
2019-10-09 00:00:00-04:00,33.01372157322974,33.39158691672298,32.88229110309501,33.21908187866211,8955700,0.0,0.0
2019-10-10 00:00:00-04:00,33.56408873434158,34.01588077841325,33.47372969881733,33.72016143798828,8207100,0.0,0.0
2019-10-11 00:00:00-04:00,34.50052812586372,34.98517852725949,34.418385264698045,34.44302749633789,14914600,0.0,0.0
2019-10-14 00:00:00-04:00,34.311595484690145,34.75517443541752,34.23766565956892,34.70588684082031,6644500,0.0,0.0
2019-10-15 00:00:00-04:00,34.820888941114056,35.256251736550404,34.42659757539919,34.935890197753906,10112800,0.0,0.0
2019-10-16 00:00:00-04:00,34.98517481511588,35.445182936062096,34.87017356826656,35.14946365356445,10088900,0.0,0.0
2019-10-17 00:00:00-04:00,36.44735134062332,36.55413959210663,35.68341064453125,35.68341064453125,17965100,0.0,0.0
2019-10-18 00:00:00-04:00,35.7573322565054,36.02840934010711,35.51090053821705,35.86412048339844,10493900,0.0,0.0
2019-10-21 00:00:00-04:00,36.209133821603785,37.03878815156859,36.209133821603785,36.948429107666016,14244800,0.0,0.0
2019-10-22 00:00:00-04:00,36.84162694474135,37.4741368795762,36.61162447154639,37.27699279785156,12366600,0.0,0.0
2019-10-23 00:00:00-04:00,37.07164108338915,37.72879339629363,37.04699571734002,37.712364196777344,8328000,0.0,0.0
2019-10-24 00:00:00-04:00,37.78628524583249,37.89307345109478,37.3837777851046,37.58913803100586,7469800,0.0,0.0
2019-10-25 00:00:00-04:00,37.53985739416142,38.16415122641219,37.465927572778526,38.0902214050293,9576400,0.0,0.0
2019-10-28 00:00:00-04:00,38.18880374136573,38.73916785530764,38.17237454092051,38.4763069152832,10276000,0.0,0.0
2019-10-29 00:00:00-04:00,38.221651418485095,38.55022909504004,38.221651418485095,38.46808624267578,7773600,0.0,0.0
2019-10-30 00:00:00-04:00,38.286014556884766,38.3108455078593,37.930137935803984,38.286014556884766,7101400,0.35,0.0
2019-10-31 00:00:00-04:00,38.02944791202205,38.28601017125281,37.51632023641518,38.11220932006836,9414100,0.0,0.0
2019-11-01 00:00:00-04:00,38.50119861769733,39.229511076293534,38.45153987376612,39.17157745361328,9765900,0.0,0.0
2019-11-04 00:00:00-05:00,39.71780315176356,40.55370465447734,39.62676371780418,40.41300964355469,15965900,0.0,0.0
2019-11-05 00:00:00-05:00,40.52887681078596,41.290291789872576,40.28886433197365,40.346797943115234,13894100,0.0,0.0
2019-11-06 00:00:00-05:00,40.33852918941729,40.38818477385066,39.92471581436319,40.18955612182617,7872400,0.0,0.0
2019-11-07 00:00:00-05:00,40.65302736239792,41.03373808824036,40.197833255726096,40.27231979370117,14501500,0.0,0.0
2019-11-08 00:00:00-05:00,40.25576503045339,40.6778564453125,39.96609692782109,40.6778564453125,7966500,0.0,0.0
2019-11-11 00:00:00-05:00,40.43784294532484,40.876484106411525,40.313697671700645,40.628196716308594,7107500,0.0,0.0
2019-11-12 00:00:00-05:00,40.6116399373242,40.72750716453446,40.36335257085291,40.56198120117188,6400700,0.0,0.0
2019-11-13 00:00:00-05:00,40.15645100600032,40.206109748459546,39.88333265819294,40.048858642578125,7022000,0.0,0.0
2019-11-14 00:00:00-05:00,39.99093301965533,40.32198505463489,39.89989355217864,40.2309455871582,5836600,0.0,0.0
2019-11-15 00:00:00-05:00,40.44611556821419,40.68612806669317,40.32197345865784,40.5454330444336,6439000,0.0,0.0
2019-11-18 00:00:00-05:00,40.42128904740257,40.62819572697422,40.189554576568845,40.57853698730469,6446900,0.0,0.0
2019-11-19 00:00:00-05:00,40.73578855771699,41.050284441175776,40.72751052243652,40.82682800292969,6980100,0.0,0.0
2019-11-20 00:00:00-05:00,40.520599754899706,40.64474501442629,40.048852820130826,40.63646697998047,9138700,0.0,0.0
2019-11-21 00:00:00-05:00,40.76061050542942,40.83509702654748,40.33024428976344,40.42128372192383,8353600,0.0,0.0
2019-11-22 00:00:00-05:00,40.50405088056211,40.7688911806158,40.404736557328334,40.76061630249024,6609800,0.0,0.0
2019-11-25 00:00:00-05:00,40.84337567123392,41.36478136715917,40.81854788095256,41.34822845458984,8461000,0.0,0.0
2019-11-26 00:00:00-05:00,41.31513183259796,41.32340986929921,40.61165025599673,40.893043518066406,10360600,0.0,0.0
2019-11-27 00:00:00-05:00,41.07510337429743,41.27373196288872,40.96751104714286,41.19924545288086,8614000,0.0,0.0
2019-11-29 00:00:00-05:00,41.13303708961968,41.14958999823887,40.85991883311984,40.950958251953125,4138400,0.0,0.0
2019-12-02 00:00:00-05:00,41.03373216174884,41.34822802586933,40.603365910844495,40.61991882324219,8117100,0.0,0.0
2019-12-03 00:00:00-05:00,40.0654146449259,40.09024243949643,39.262615610923575,39.8171272277832,12217700,0.0,0.0
2019-12-04 00:00:00-05:00,40.02402332834252,40.62819037423565,39.86677225201276,40.42128372192383,8608400,0.0,0.0
2019-12-05 00:00:00-05:00,40.66957454519724,40.76888886278471,40.51232661258831,40.61164093017578,6680700,0.0,0.0
2019-12-06 00:00:00-05:00,41.24891469399443,41.5799666355661,41.15787525220495,41.2158088684082,9487300,0.0,0.0
2019-12-09 00:00:00-05:00,40.99235171970624,41.29857588887557,40.90959030796319,41.05028533935547,6382300,0.0,0.0
2019-12-10 00:00:00-05:00,40.99234810295575,41.32340003501021,40.77716655712199,41.10821533203125,10009600,0.0,0.0
2019-12-11 00:00:00-05:00,41.09993684519639,41.2075291872375,40.9013050719778,40.9261360168457,6296300,0.0,0.0
2019-12-12 00:00:00-05:00,41.09166328563798,42.10136562352843,40.94269024023455,41.952392578125,11553400,0.0,0.0
2019-12-13 00:00:00-05:00,41.99378085576213,42.33310768220225,41.49720293309552,41.5799674987793,10191200,0.0,0.0
2019-12-16 00:00:00-05:00,42.01860695993208,42.30827503533233,41.87790878249108,41.97722625732422,11007500,0.0,0.0
2019-12-17 00:00:00-05:00,42.05998997610784,42.391041929471164,42.01860927122378,42.12620162963867,10446000,0.0,0.0
2019-12-18 00:00:00-05:00,42.20895587910286,42.30827018540607,41.911009803048366,41.92756271362305,9513000,0.0,0.0
2019-12-19 00:00:00-05:00,41.91928542734918,42.20895345289352,41.83652087923316,42.09308624267578,9222000,0.0,0.0
2019-12-20 00:00:00-05:00,42.573112548257626,42.573112548257626,41.9275647896061,41.952392578125,18742900,0.0,0.0
2019-12-23 00:00:00-05:00,42.13447419009218,42.291722122860136,41.96894822251551,41.97722625732422,6547600,0.0,0.0
2019-12-24 00:00:00-05:00,42.06826295788492,42.15102435771125,41.85307826690439,41.952392578125,2087800,0.0,0.0
2019-12-26 00:00:00-05:00,42.18413581367029,42.44897611705476,42.093096367417104,42.30000305175781,5517400,0.0,0.0
2019-12-27 00:00:00-05:00,42.48207522562473,42.48207522562473,42.15102332017805,42.28344345092773,4116900,0.0,0.0
2019-12-30 00:00:00-05:00,42.50690949990914,42.52346241342188,42.14275171691985,42.17585754394531,4532800,0.0,0.0
2019-12-31 00:00:00-05:00,42.17584937542281,42.31654753445823,41.9937736763376,42.30826950073242,5131600,0.0,0.0
2020-01-02 00:00:00-05:00,42.37448796002242,43.08624743201314,42.349657011994495,43.06969451904297,7808000,0.0,0.0
2020-01-03 00:00:00-05:00,42.39104174387664,42.58139551122626,42.06826782719054,42.374488830566406,6706000,0.0,0.0
2020-01-06 00:00:00-05:00,41.93583086130129,42.24205492207875,41.76203006387259,42.22550201416016,7476700,0.0,0.0
2020-01-07 00:00:00-05:00,42.242059615529,42.36620170299516,41.968941340242985,42.14274215698242,4538100,0.0,0.0
2020-01-08 00:00:00-05:00,42.17584949370612,42.86278106621333,42.12619391979127,42.680702209472656,6185200,0.0,0.0
2020-01-09 00:00:00-05:00,43.17728277410711,43.24349442454091,42.88761469632235,43.08624649047852,7308000,0.0,0.0
2020-01-10 00:00:00-05:00,43.16074022401854,43.42558055567643,42.97038327581526,43.21039581298828,7686800,0.0,0.0
2020-01-13 00:00:00-05:00,43.21038579226075,43.68213272094727,43.0945185686739,43.68213272094727,8334200,0.0,0.0
2020-01-14 00:00:00-05:00,43.91387420890897,44.071122146662766,43.59937517625603,43.748348236083984,9602000,0.0,0.0
2020-01-15 00:00:00-05:00,43.43384481807185,43.814552307128906,43.12762385140813,43.814552307128906,11342500,0.0,0.0
2020-01-16 00:00:00-05:00,46.38848018224501,47.47267239581856,46.05743136599768,46.71125411987305,34590700,0.0,0.0
2020-01-17 00:00:00-05:00,46.5622760283053,47.646468125006606,46.496067535051125,47.59680938720703,15403900,0.0,0.0
2020-01-21 00:00:00-05:00,46.24778112032092,46.74435588004318,45.6684417958814,46.2808837890625,20833900,0.0,0.0
2020-01-22 00:00:00-05:00,46.49606816565498,46.76918333439363,46.22294983977103,46.23122787475586,10276800,0.0,0.0
2020-01-23 00:00:00-05:00,45.70154475297374,46.05742446605522,45.35393991727187,45.958106994628906,10064500,0.0,0.0
2020-01-24 00:00:00-05:00,45.95810355647626,46.02431519914048,44.77459727958501,45.14702987670898,9752000,0.0,0.0
2020-01-27 00:00:00-05:00,43.86422938806539,44.435290860507145,43.74836211746675,43.95526885986328,10649100,0.0,0.0
2020-01-28 00:00:00-05:00,44.52631421921837,45.05599478293041,44.17871253321177,44.70839309692383,9232900,0.0,0.0
2020-01-29 00:00:00-05:00,45.08909881677303,45.14703242880668,44.42699813842773,44.42699813842773,9027800,0.0,0.0
2020-01-30 00:00:00-05:00,43.82720139742045,44.86852436094834,43.65225990223548,44.83520126342773,8685900,0.35,0.0
2020-01-31 00:00:00-05:00,44.318694528735854,44.38533752871715,43.22738720049323,43.53561782836914,11286900,0.0,0.0
2020-02-03 00:00:00-05:00,43.85218600790628,44.64359198524499,43.8022045464705,43.81886291503906,8375100,0.0,0.0
2020-02-04 00:00:00-05:00,44.77688584769217,45.484984166695575,44.76022429952128,45.00181198120117,9375100,0.0,0.0
2020-02-05 00:00:00-05:00,45.70158463515612,45.943172335443975,45.30171698185152,45.80988311767578,8237500,0.0,0.0
2020-02-06 00:00:00-05:00,46.17642039893807,46.2264050394278,45.49331286823743,45.82653427124024,6976900,0.0,0.0
2020-02-07 00:00:00-05:00,45.49331769662655,45.90984687798681,45.33503457387575,45.84320068359375,7588000,0.0,0.0
2020-02-10 00:00:00-05:00,45.55163177720667,46.118111721187645,45.501647131138185,46.10977935791016,5115100,0.0,0.0
2020-02-11 00:00:00-05:00,46.43466333455652,46.859521598791765,46.39300788417695,46.46798324584961,7120800,0.0,0.0
2020-02-12 00:00:00-05:00,46.83453158576018,47.20107603849677,46.74289467810985,46.80120849609375,7130000,0.0,0.0
2020-02-13 00:00:00-05:00,46.48465425538989,46.64293737218576,46.23473739154917,46.59295272827149,5718400,0.0,0.0
2020-02-14 00:00:00-05:00,46.5679556759497,46.75122632303478,46.2680542088915,46.51797103881836,4579300,0.0,0.0
2020-02-18 00:00:00-05:00,46.484647647212064,46.61793683416997,45.76821707561399,46.25139236450195,6897800,0.0,0.0
2020-02-19 00:00:00-05:00,46.534634715175166,47.00947766713695,46.22640405008148,46.90951156616211,6075300,0.0,0.0
2020-02-20 00:00:00-05:00,44.98513907499091,46.24305545456821,44.64358536838797,44.77687454223633,58533500,0.0,0.0
2020-02-21 00:00:00-05:00,44.56861539583343,44.64359076380084,43.39400341625411,43.66891098022461,29536400,0.0,0.0
2020-02-24 00:00:00-05:00,41.91116104465269,42.0611117815317,40.99479507729599,41.38633346557617,28670400,0.0,0.0
2020-02-25 00:00:00-05:00,41.63625563496523,41.777877205878056,39.62025596867459,40.01179122924805,25568400,0.0,0.0
2020-02-26 00:00:00-05:00,40.17007260224412,40.4449801912133,39.062103527957866,39.35367584228516,22286100,0.0,0.0
2020-02-27 00:00:00-05:00,38.10409246745893,39.32868614979239,37.62091707194495,37.82918167114258,26815200,0.0,0.0
2020-02-28 00:00:00-05:00,36.54626767793854,37.94580591242317,36.396316925824806,37.51261520385742,36978800,0.0,0.0
2020-03-02 00:00:00-05:00,37.57926152247361,38.720550537109375,36.98779087483207,38.720550537109375,23234100,0.0,0.0
2020-03-03 00:00:00-05:00,38.62890783188424,39.08708920616522,36.537933148811305,36.98778533935547,30206600,0.0,0.0
2020-03-04 00:00:00-05:00,37.62091864993934,37.75420787190196,36.82951250422002,37.68756484985352,21938100,0.0,0.0
2020-03-05 00:00:00-05:00,36.24637368455571,36.60458909129271,35.10508443729867,35.47996139526367,23950200,0.0,0.0
2020-03-06 00:00:00-05:00,33.74719068368964,35.18838435411316,33.60557229660059,34.855159759521484,30898400,0.0,0.0
2020-03-09 00:00:00-04:00,30.698199661674444,32.505937976965605,30.698199661674444,31.239688873291016,28177500,0.0,0.0
2020-03-10 00:00:00-04:00,33.164052903968646,33.31400365598206,30.864810158339804,32.90580368041992,27111000,0.0,0.0
2020-03-11 00:00:00-04:00,31.84781881917548,32.37264644442967,30.356643681156147,30.714859008789062,27376200,0.0,0.0
2020-03-12 00:00:00-04:00,28.249005375443137,29.082063632669847,25.99974744535801,26.083053588867188,27964600,0.0,0.0
2020-03-13 00:00:00-04:00,28.54891071968208,31.25635042203396,27.549240040163664,31.239688873291016,33305100,0.0,0.0
2020-03-16 00:00:00-04:00,25.88311923830156,29.381964478593872,25.291648651143745,26.36629295349121,26789900,0.0,0.0
2020-03-17 00:00:00-04:00,26.96610311336036,29.25701401878816,25.08339227661529,28.1490478515625,27047400,0.0,0.0
2020-03-18 00:00:00-04:00,26.108047342025845,27.357634796472777,22.65918647621075,25.61654281616211,27603000,0.0,0.0
2020-03-19 00:00:00-04:00,25.283318589316583,27.407618112442226,23.942094277986232,25.758161544799805,23929600,0.0,0.0
2020-03-20 00:00:00-04:00,26.033072843424808,26.1996851451958,24.31697312648739,24.716840744018555,27472500,0.0,0.0
2020-03-23 00:00:00-04:00,24.28364701365028,24.816805359720227,23.125696585892648,23.167348861694336,26401000,0.0,0.0
2020-03-24 00:00:00-04:00,25.066728198692218,27.80749118655414,24.49191743908884,27.67420196533203,25905500,0.0,0.0
2020-03-25 00:00:00-04:00,28.240683180515017,29.556913900201845,26.86613544475339,28.315658569335938,27198500,0.0,0.0
2020-03-26 00:00:00-04:00,28.15736556533245,30.698192353213987,27.76583038561699,29.748506546020508,26422500,0.0,0.0
2020-03-27 00:00:00-04:00,28.024080946380355,28.932114628363404,27.59089024528277,28.332311630249023,33375400,0.0,0.0
2020-03-30 00:00:00-04:00,27.93244466114827,29.44028137563305,27.465934032300403,29.02375221252441,18046400,0.0,0.0
2020-03-31 00:00:00-04:00,28.765502121457008,29.398628209928148,28.09072693136713,28.32398223876953,17122600,0.0,0.0
2020-04-01 00:00:00-04:00,26.39128783335448,26.99942002564579,25.95809712558561,26.34130477905273,23755100,0.0,0.0
2020-04-02 00:00:00-04:00,26.108048308651885,28.32398334946609,26.03307293149457,28.240678787231445,21656000,0.0,0.0
2020-04-03 00:00:00-04:00,27.9574359093244,28.573897232411195,27.37429450093539,28.199020385742188,16926500,0.0,0.0
2020-04-06 00:00:00-04:00,29.931786304124977,31.23968763905067,29.7818355492283,30.83148765563965,18788700,0.0,0.0
2020-04-07 00:00:00-04:00,33.03908991781601,33.03908991781601,30.706527463983928,30.773170471191406,19536700,0.0,0.0
2020-04-08 00:00:00-04:00,31.41463142616855,33.13906205581447,31.198037640947508,32.797508239746094,15376700,0.0,0.0
2020-04-09 00:00:00-04:00,33.538927503882775,34.863490396879364,33.472284488907015,34.22203826904297,21902200,0.0,0.0
2020-04-13 00:00:00-04:00,34.05542151075546,34.155387609077394,32.69753569893385,32.97244644165039,13369900,0.0,0.0
2020-04-14 00:00:00-04:00,33.7471897136671,33.963786647285445,31.964445492934573,33.20570373535156,14471900,0.0,0.0
2020-04-15 00:00:00-04:00,31.831163496282443,32.83083429963275,31.314668132733367,31.98944664001465,15590100,0.0,0.0
2020-04-16 00:00:00-04:00,31.53958658795607,32.33932176389279,30.88146979244216,31.95611572265625,27913000,0.0,0.0
2020-04-17 00:00:00-04:00,32.94744544462322,33.40562673936915,31.814485981194856,32.564239501953125,25074500,0.0,0.0
2020-04-20 00:00:00-04:00,31.814494164368337,32.939124734777884,31.50626349449244,31.95611572265625,16573800,0.0,0.0
2020-04-21 00:00:00-04:00,31.073067024147026,31.77283596719096,30.45660579924196,30.781497955322266,14134900,0.0,0.0
2020-04-22 00:00:00-04:00,31.54791771418605,31.80616693762702,31.18970238206628,31.497936248779297,10449000,0.0,0.0
2020-04-23 00:00:00-04:00,31.739515529810586,31.981103165786248,31.05640807336301,31.21469116210937,8694800,0.0,0.0
2020-04-24 00:00:00-04:00,31.631223678588867,31.81449433790837,31.039749888910794,31.631223678588867,8567500,0.0,0.0
2020-04-27 00:00:00-04:00,32.189381024428606,32.94746415805225,31.93113491449492,32.74753189086914,11619400,0.0,0.0
2020-04-28 00:00:00-04:00,33.79717037357225,34.47194864869845,33.1890382787441,33.430625915527344,12778400,0.0,0.0
2020-04-29 00:00:00-04:00,34.53994479754697,34.75844746825387,34.0777320483488,34.27942657470703,15880400,0.35,0.0
2020-04-30 00:00:00-04:00,33.531473144027984,33.70795380548105,32.77512287233641,33.13648986816406,13431700,0.0,0.0
2020-05-01 00:00:00-04:00,32.228874951610095,32.53982078539915,31.859105426621632,32.270896911621094,12806200,0.0,0.0
2020-05-04 00:00:00-04:00,31.93473712990351,32.11962347599331,31.237213701164823,32.010372161865234,13985100,0.0,0.0
2020-05-05 00:00:00-04:00,32.75832433744218,33.03565392032034,31.85070695111317,31.91793632507324,8951200,0.0,0.0
2020-05-06 00:00:00-04:00,32.329723480042,32.46418541556434,31.136370997184017,31.34646797180176,7817800,0.0,0.0
2020-05-07 00:00:00-04:00,31.733042054278904,32.89277812091103,31.733042054278904,32.61545181274414,9348900,0.0,0.0
2020-05-08 00:00:00-04:00,33.203722858791046,33.758378716834265,32.943204674540986,33.68274688720703,12096400,0.0,0.0
2020-05-11 00:00:00-04:00,33.09447345805419,33.665937435726086,33.0272408932339,33.47264862060547,10106400,0.0,0.0
2020-05-12 00:00:00-04:00,33.59029648818097,33.67433397358273,32.22886614273549,32.28769302368164,13605600,0.0,0.0
2020-05-13 00:00:00-04:00,32.06080071919058,32.17004884158052,30.75819686679402,31.08595085144043,11565900,0.0,0.0
2020-05-14 00:00:00-04:00,30.472460789279264,31.909526390674085,29.85897806846573,31.77506446838379,14986600,0.0,0.0
2020-05-15 00:00:00-04:00,31.31285228367792,31.77506820131288,31.11116097946037,31.33806610107422,9175800,0.0,0.0
2020-05-18 00:00:00-04:00,32.707887058403216,34.161760570000446,32.50619580990014,33.85081481933594,14722400,0.0,0.0
2020-05-19 00:00:00-04:00,33.69955950859705,34.07773477210432,33.01884724010994,33.05246353149414,8895500,0.0,0.0
2020-05-20 00:00:00-04:00,33.67433569961874,34.66599346614661,33.649125093870914,34.50632095336914,12031600,0.0,0.0
2020-05-21 00:00:00-04:00,34.262617182827654,34.39707912689536,33.48105613111364,33.86763381958008,9654200,0.0,0.0
2020-05-22 00:00:00-04:00,33.808810929808644,34.06933237989152,33.4474438111691,33.72477340698242,6468900,0.0,0.0
2020-05-26 00:00:00-04:00,35.1870357731449,36.80058199254767,34.91811193754861,36.7165412902832,19709900,0.0,0.0
2020-05-27 00:00:00-04:00,38.47295662627521,39.430998309136925,38.07797649744431,39.38057708740234,25892400,0.0,0.0
2020-05-28 00:00:00-04:00,39.70832907330181,39.76715597101845,37.21237593425869,37.31322479248047,17615900,0.0,0.0
2020-05-29 00:00:00-04:00,36.98546586697302,37.64097053447049,36.57367763801346,37.1451416015625,13102100,0.0,0.0
2020-06-01 00:00:00-04:00,37.41407186222517,37.87628459286237,36.93505098791427,37.56534194946289,8649500,0.0,0.0
2020-06-02 00:00:00-04:00,37.96872560697795,38.87634287263028,37.71660987795371,38.30488204956055,11179200,0.0,0.0
2020-06-03 00:00:00-04:00,39.48141523311568,39.91001477135512,39.02760508880033,39.42258834838867,11253500,0.0,0.0
2020-06-04 00:00:00-04:00,39.25451249707589,40.96890434041109,39.23770435675007,40.9184799194336,15279600,0.0,0.0
2020-06-05 00:00:00-04:00,43.11190348662543,43.57411624254185,41.38070626928476,41.62441635131836,17976100,0.0,0.0
2020-06-08 00:00:00-04:00,42.45640087450164,42.59086282224581,41.498359096096166,42.14545822143555,12150300,0.0,0.0
2020-06-09 00:00:00-04:00,40.943697016299474,42.59925889834895,40.81763755665893,42.35554885864258,15090400,0.0,0.0
2020-06-10 00:00:00-04:00,42.04459967466456,42.43958295775918,40.85125056395524,40.9184799194336,14770900,0.0,0.0
2020-06-11 00:00:00-04:00,38.76709926615272,39.66631416802869,37.34684149704287,37.456092834472656,17961900,0.0,0.0
2020-06-12 00:00:00-04:00,39.29653998434327,39.45621575003732,37.91830422936163,38.89315414428711,14093100,0.0,0.0
2020-06-15 00:00:00-04:00,37.53172441908556,40.21256073265399,37.48129998973448,39.83438873291016,14758800,0.0,0.0
2020-06-16 00:00:00-04:00,41.54878137697784,41.68324332813341,39.42260077250997,40.80924224853516,13551500,0.0,0.0
2020-06-17 00:00:00-04:00,40.926883642814246,40.9941129950899,40.05287962245705,40.13691711425781,8674400,0.0,0.0
2020-06-18 00:00:00-04:00,39.59907587831967,40.65796639891501,39.47301962022759,39.98565673828125,9825200,0.0,0.0
2020-06-19 00:00:00-04:00,40.72519596672322,40.91008232651112,39.25451717414765,39.43940353393555,20962700,0.0,0.0
2020-06-22 00:00:00-04:00,39.33015463665522,40.0108700167147,39.12005765333354,39.81758117675781,11657400,0.0,0.0
2020-06-23 00:00:00-04:00,40.565522141138935,40.74200282127168,40.010866285132245,40.24617385864258,9672600,0.0,0.0
2020-06-24 00:00:00-04:00,39.99405881330729,40.0444832395436,39.010803339563765,39.45621109008789,12806200,0.0,0.0
2020-06-25 00:00:00-04:00,39.25452065694051,41.06135604474343,39.111656243211065,41.00252914428711,15014300,0.0,0.0
2020-06-26 00:00:00-04:00,40.5907297983765,40.649556687475055,39.17047558098645,39.54024505615234,20082500,0.0,0.0
2020-06-29 00:00:00-04:00,39.97725464096632,40.17054348532778,39.2040992635205,39.699928283691406,9380800,0.0,0.0
2020-06-30 00:00:00-04:00,39.54865343416853,40.78402139555257,39.54865343416853,40.59073257446289,11894300,0.0,0.0
2020-07-01 00:00:00-04:00,40.68317386650895,41.24623536779698,39.708324132442826,40.0108642578125,11363800,0.0,0.0
2020-07-02 00:00:00-04:00,41.06135472005857,41.204219129179045,40.06969670746462,40.162139892578125,7488800,0.0,0.0
2020-07-06 00:00:00-04:00,41.06975541728691,41.489949363623296,40.92689101432874,41.02773666381836,10649600,0.0,0.0
2020-07-07 00:00:00-04:00,40.77562514316787,40.80083575668439,39.8259858288617,39.91002655029297,8750700,0.0,0.0
2020-07-08 00:00:00-04:00,40.02767150199183,41.170599414082574,39.73353385077215,41.10336685180664,12322200,0.0,0.0
2020-07-09 00:00:00-04:00,41.01093544029189,41.22103244890592,39.51504576482436,39.92683410644531,9119900,0.0,0.0
2020-07-10 00:00:00-04:00,39.99405815422213,41.91854711188485,39.93523126082853,41.85131454467773,13386000,0.0,0.0
2020-07-13 00:00:00-04:00,42.88498523985896,42.88498523985896,41.91854126475339,42.20427322387695,14904000,0.0,0.0
2020-07-14 00:00:00-04:00,42.24630161495026,42.50682302728056,41.10337351751168,42.43959045410156,16075600,0.0,0.0
2020-07-15 00:00:00-04:00,44.11196805903934,44.11196805903934,42.40597821863947,43.15392303466797,17424200,0.0,0.0
2020-07-16 00:00:00-04:00,43.34720892382988,44.96915460287523,43.14551441957907,44.23801803588867,25026800,0.0,0.0
2020-07-17 00:00:00-04:00,44.35566993396864,44.54895875580166,43.68336029154395,44.04472732543945,16263800,0.0,0.0
2020-07-20 00:00:00-04:00,43.49848262022841,43.75900406121803,43.15392365934582,43.58252334594727,10423600,0.0,0.0
2020-07-21 00:00:00-04:00,43.78421280447685,44.07835052318118,43.29678943944582,44.01952362060547,11951200,0.0,0.0
2020-07-22 00:00:00-04:00,43.70017107795267,43.99430556249333,42.85138070411716,42.85978317260742,13604000,0.0,0.0
2020-07-23 00:00:00-04:00,42.8513917152723,43.06989121624482,42.27992753632724,42.49002456665039,13527000,0.0,0.0
2020-07-24 00:00:00-04:00,42.49001404561487,42.6917053495212,42.07822255758244,42.1706657409668,6860800,0.0,0.0
2020-07-27 00:00:00-04:00,41.943753624583245,43.33879719960961,41.79248356896864,43.128700256347656,12087100,0.0,0.0
2020-07-28 00:00:00-04:00,42.71692003519829,43.044670815077474,42.19587721022701,42.23789596557617,7287900,0.0,0.0
2020-07-29 00:00:00-04:00,42.246300582295696,42.57405135396802,41.91854981062338,42.51522445678711,8074300,0.0,0.0
2020-07-30 00:00:00-04:00,41.77053569553403,41.77053569553403,41.08507802012654,41.42357635498047,9410100,0.35,0.0
2020-07-31 00:00:00-04:00,41.482807539374384,41.49126854394407,40.84812566740384,41.36433410644531,9669900,0.0,0.0
2020-08-03 00:00:00-04:00,41.65205194726551,42.235958040935735,41.22893074740514,41.85514831542969,9912400,0.0,0.0
2020-08-04 00:00:00-04:00,41.88899741683189,42.11748324466635,41.53357717008393,41.68589782714844,6445200,0.0,0.0
2020-08-05 00:00:00-04:00,41.96516495554844,42.278273771078666,41.83822729154918,42.117488861083984,6636100,0.0,0.0
2020-08-06 00:00:00-04:00,42.16826033271179,42.29519475579015,41.66897718768969,41.84668731689453,5701100,0.0,0.0
2020-08-07 00:00:00-04:00,41.6435947180651,42.709862128779896,41.53358551187701,42.60831069946289,6225900,0.0,0.0
2020-08-10 00:00:00-04:00,42.73524323860395,43.01450479344171,42.532143632525695,42.80294418334961,6518300,0.0,0.0
2020-08-11 00:00:00-04:00,43.69996984407694,44.74084791416325,43.64073311694548,43.81844329833984,11792600,0.0,0.0
2020-08-12 00:00:00-04:00,44.53774777826169,45.20627696139416,43.92845208916957,44.32618713378906,8949400,0.0,0.0
2020-08-13 00:00:00-04:00,43.94537221097269,44.39387969201811,43.75919783250453,44.15693283081055,5728700,0.0,0.0
2020-08-14 00:00:00-04:00,43.73381064999878,44.47004068730664,43.70842440917538,44.25848007202149,5782300,0.0,0.0
2020-08-17 00:00:00-04:00,44.17386190491044,44.258484868932754,43.23453215473066,43.39531707763672,7333000,0.0,0.0
2020-08-18 00:00:00-04:00,43.30222068852166,43.4714698087988,42.862177495222944,43.09066009521485,6450000,0.0,0.0
2020-08-19 00:00:00-04:00,43.31916119879261,44.03000517209132,43.276849710842846,43.47148513793945,5957600,0.0,0.0
2020-08-20 00:00:00-04:00,42.92988376371746,43.21760635709324,42.73524836645724,42.98912048339844,5186300,0.0,0.0
2020-08-21 00:00:00-04:00,42.811402573877054,43.51378207786247,42.73524062976697,43.24298477172852,6408500,0.0,0.0
2020-08-24 00:00:00-04:00,43.42071100323346,44.40235233611588,43.29377331602025,44.31772613525391,7728500,0.0,0.0
2020-08-25 00:00:00-04:00,44.69006687387141,44.75776459414828,43.877671633436655,44.04692077636719,8425500,0.0,0.0
2020-08-26 00:00:00-04:00,43.99615115659236,44.097699357696165,43.674578086911374,43.75920104980469,5920800,0.0,0.0
2020-08-27 00:00:00-04:00,43.80150876755628,44.74083842449099,43.733811048690455,44.52081680297852,8910100,0.0,0.0
2020-08-28 00:00:00-04:00,44.85085391808145,44.85085391808145,44.38542117399732,44.75776672363281,8743800,0.0,0.0
2020-08-31 00:00:00-04:00,44.757758228338034,44.757758228338034,44.21616363051744,44.22462463378906,8026600,0.0,0.0
2020-09-01 00:00:00-04:00,43.93690687134427,44.69852637483379,43.74227149337668,44.49542999267578,5568800,0.0,0.0
2020-09-02 00:00:00-04:00,44.52081758884097,45.24858664140814,44.40234415761541,45.06241226196289,7547100,0.0,0.0
2020-09-03 00:00:00-04:00,45.35859465715917,46.01866597245211,44.173857147640426,44.63928985595703,11029600,0.0,0.0
2020-09-04 00:00:00-04:00,45.223198693698905,45.49399603937334,43.80151101482858,44.60544204711914,9413000,0.0,0.0
2020-09-08 00:00:00-04:00,44.2500185282701,44.2500185282701,42.3882844908287,42.45598220825195,10946600,0.0,0.0
2020-09-09 00:00:00-04:00,42.811405791986765,43.69149871715749,42.67600712874194,43.20914077758789,8808100,0.0,0.0
2020-09-10 00:00:00-04:00,43.43762618027792,43.657647795228,42.45598184665206,42.55753326416016,8609100,0.0,0.0
2020-09-11 00:00:00-04:00,42.6167749326522,43.116058161570585,42.3629028156779,42.60831069946289,8969700,0.0,0.0
2020-09-14 00:00:00-04:00,43.12452068323023,43.640729168522455,42.56600071498077,43.28530883789063,8812200,0.0,0.0
2020-09-15 00:00:00-04:00,43.293765612272445,43.44608951855979,42.54061031349552,42.64215850830078,7660100,0.0,0.0
2020-09-16 00:00:00-04:00,42.718324636154186,43.92845177205456,42.57446494846775,43.28530883789063,8699700,0.0,0.0
2020-09-17 00:00:00-04:00,42.642166538994566,43.09913834391697,42.2952071822556,42.5236930847168,7533700,0.0,0.0
2020-09-18 00:00:00-04:00,42.62524113514407,43.10759918465877,42.3544437469309,42.37983322143555,10743900,0.0,0.0
2020-09-21 00:00:00-04:00,41.34741482701555,41.542050241753024,40.20498535595723,40.924293518066406,12909900,0.0,0.0
2020-09-22 00:00:00-04:00,40.82273842517104,41.11892200023572,39.71415962049108,40.3065299987793,11164400,0.0,0.0
2020-09-23 00:00:00-04:00,40.50116884935613,40.82274192136613,39.25719127122841,39.28257751464844,8248100,0.0,0.0
2020-09-24 00:00:00-04:00,39.38413028229644,40.128821425289374,38.8086850720642,39.44336700439453,9832700,0.0,0.0
2020-09-25 00:00:00-04:00,39.16408980803449,40.05264674196745,38.859442085332674,39.80723571777344,9816000,0.0,0.0
2020-09-28 00:00:00-04:00,40.52654391663486,41.58434680954414,40.45884621013095,40.94120407104492,9466200,0.0,0.0
2020-09-29 00:00:00-04:00,40.678881137532336,40.83966606786845,39.93418675271803,39.97650146484375,11355600,0.0,0.0
2020-09-30 00:00:00-04:00,40.34037971351063,41.4574228190829,40.23037050927259,40.91582489013672,15047300,0.0,0.0
2020-10-01 00:00:00-04:00,41.2543145389935,41.525111832586525,39.68876748364889,39.993412017822266,25275400,0.0,0.0
2020-10-02 00:00:00-04:00,39.3418039431314,40.90735082711173,39.28256401524382,40.59424209594727,12681800,0.0,0.0
2020-10-05 00:00:00-04:00,40.983524510387575,41.372795285412245,40.43346559443088,41.127384185791016,19140100,0.0,0.0
2020-10-06 00:00:00-04:00,41.6351294515892,41.81283959246628,40.1711303911165,40.39961624145508,22980200,0.0,0.0
2020-10-07 00:00:00-04:00,40.94121587754663,41.60974504525341,40.82274243588111,41.22047424316406,12019100,0.0,0.0
2020-10-08 00:00:00-04:00,40.60271363426475,41.88054158152272,39.99341801818631,41.46588134765625,23836600,0.0,0.0
2020-10-09 00:00:00-04:00,41.83823054333153,42.08364165778604,41.23739910710909,41.322025299072266,11381800,0.0,0.0
2020-10-12 00:00:00-04:00,41.69436932603095,43.16682950229384,41.49126970094692,42.93834686279297,17615000,0.0,0.0
2020-10-13 00:00:00-04:00,43.25991629661164,43.36146772229573,42.30366458261224,42.68447113037109,17448000,0.0,0.0
2020-10-14 00:00:00-04:00,43.0822119086871,43.48840798129913,42.63370435045786,42.86219024658203,20330100,0.0,0.0
2020-10-15 00:00:00-04:00,42.252874048778864,43.89458278357015,42.24440981886134,43.43761444091797,21059700,0.0,0.0
2020-10-16 00:00:00-04:00,43.60688054127231,44.23310149135328,43.52225757176702,43.87767791748047,16923300,0.0,0.0
2020-10-19 00:00:00-04:00,44.16539339098433,44.16539339098433,42.98065586870412,43.11605453491211,12677000,0.0,0.0
2020-10-20 00:00:00-04:00,43.63225706450449,44.233088362878384,43.47146895074359,43.556095123291016,11177600,0.0,0.0
2020-10-21 00:00:00-04:00,43.57302718928272,43.84382452757392,42.53214608678724,42.633697509765625,18583200,0.0,0.0
2020-10-22 00:00:00-04:00,42.66754535700152,43.9876848208874,42.41367325229702,43.80997467041016,13264400,0.0,0.0
2020-10-23 00:00:00-04:00,44.21617298560336,44.52082081837326,43.61534155328445,43.89459991455078,11538500,0.0,0.0
2020-10-26 00:00:00-04:00,43.28530286158153,43.39531205644976,42.14287361051364,42.58292007446289,15561400,0.0,0.0
2020-10-27 00:00:00-04:00,42.52367771751252,42.54906395478096,41.11045455482463,41.11891555786133,11593300,0.0,0.0
2020-10-28 00:00:00-04:00,40.24729537337221,40.71272811327823,39.93418331700862,40.25575637817383,13622800,0.0,0.0
2020-10-29 00:00:00-04:00,40.11083462005868,41.28730636323085,39.68457707201961,41.02302551269531,10887800,0.35,0.0
2020-10-30 00:00:00-04:00,40.886615509452376,41.14236933958109,40.07672567063945,41.0485954284668,14907400,0.0,0.0
2020-11-02 00:00:00-05:00,41.670933364564725,42.48934696941217,41.29582468994471,42.0971908569336,16337800,0.0,0.0
2020-11-03 00:00:00-05:00,42.97528074582111,43.8704208396946,42.97528074582111,43.631717681884766,13142200,0.0,0.0
2020-11-04 00:00:00-05:00,43.07758005039062,44.6035826150393,43.06052936087602,43.844844818115234,17378000,0.0,0.0
2020-11-05 00:00:00-05:00,44.33077809519014,44.99573872595032,43.97272337157666,44.50128173828125,9444300,0.0,0.0
2020-11-06 00:00:00-05:00,44.82524159879444,44.85933972822624,43.91304752965063,44.07502746582031,6453900,0.0,0.0
2020-11-09 00:00:00-05:00,47.23786169057849,48.516634344088565,46.93948270559429,47.75789642333984,24243300,0.0,0.0
2020-11-10 00:00:00-05:00,48.243818799423984,48.43989683811776,46.80306977488992,47.52770614624024,15502900,0.0,0.0
2020-11-11 00:00:00-05:00,47.689689556426615,48.31202513741038,47.22080694084561,48.03069686889648,9731600,0.0,0.0
2020-11-12 00:00:00-05:00,47.31457934051952,47.681161026207576,46.87979815047061,47.35720443725586,9889500,0.0,0.0
2020-11-13 00:00:00-05:00,47.70673209743197,48.635973450477294,47.66410700367664,48.260868072509766,9919100,0.0,0.0
2020-11-16 00:00:00-05:00,49.2412601618622,49.56521674081993,48.61892466286863,49.539642333984375,12201400,0.0,0.0
2020-11-17 00:00:00-05:00,49.02813016530223,50.20460163062092,48.76385262926952,50.13640213012695,9599100,0.0,0.0
2020-11-18 00:00:00-05:00,50.29837878937559,51.26172153101049,50.10230075383685,50.13640213012695,11536700,0.0,0.0
2020-11-19 00:00:00-05:00,49.92328395224397,50.03410857046806,49.32652274945218,49.98295974731445,7220200,0.0,0.0
2020-11-20 00:00:00-05:00,49.75276848532382,50.076725047496296,49.02812889236135,49.28388595581055,7739900,0.0,0.0
2020-11-23 00:00:00-05:00,50.0170509312452,51.80733429094634,49.96590211519628,51.38107681274414,12647400,0.0,0.0
2020-11-24 00:00:00-05:00,52.12275821721252,54.271096062788615,51.69650078560027,54.21994400024414,22357700,0.0,0.0
2020-11-25 00:00:00-05:00,53.70844228927268,54.36487919639194,53.06905607154324,54.11764907836914,11509700,0.0,0.0
2020-11-27 00:00:00-05:00,54.117650817471166,54.52685761971773,53.768119803963486,54.42455673217773,5581500,0.0,0.0
2020-11-30 00:00:00-05:00,54.20289570750493,54.41602441994007,52.50638972560338,52.71099472045898,15610700,0.0,0.0
2020-12-01 00:00:00-05:00,53.81074510146557,54.3904555531438,53.51236615666938,53.947147369384766,15857200,0.0,0.0
2020-12-02 00:00:00-05:00,53.76811634825839,54.78261119579037,53.61466340076761,54.5780029296875,10790700,0.0,0.0
2020-12-03 00:00:00-05:00,54.61210632324219,55.08951912426532,54.40750455375969,54.61210632324219,11757900,0.0,0.0
2020-12-04 00:00:00-05:00,54.99574450751355,55.57545496806359,54.79966319554772,55.41347503662109,10169700,0.0,0.0
2020-12-07 00:00:00-05:00,55.02132265201287,55.566931769078536,54.458662843528046,54.78261947631836,10402100,0.0,0.0
2020-12-08 00:00:00-05:00,54.10912842463716,54.884913697255314,54.057976353570254,54.48423385620117,6386200,0.0,0.0
2020-12-09 00:00:00-05:00,55.15771736862858,55.78005617448825,54.646209674375456,54.87639236450195,10145500,0.0,0.0
2020-12-10 00:00:00-05:00,54.2199534958332,55.02984666023714,53.98977730428741,54.93606948852539,8888000,0.0,0.0
2020-12-11 00:00:00-05:00,54.04945352548638,54.32225807150065,53.45269236154764,53.98125076293945,9034200,0.0,0.0
2020-12-14 00:00:00-05:00,54.774087365443,54.81671571603477,52.73657708728021,52.75362777709961,10236600,0.0,0.0
2020-12-15 00:00:00-05:00,53.2736586214075,54.58652912267121,52.99232713765264,54.51832962036133,9718800,0.0,0.0
2020-12-16 00:00:00-05:00,54.356351797083015,54.87638968915638,54.21142581654185,54.75703811645508,8806400,0.0,0.0
2020-12-17 00:00:00-05:00,54.91048050775436,55.20033241309486,54.62062209824221,55.13212966918945,7197500,0.0,0.0
2020-12-18 00:00:00-05:00,55.26854873729943,55.3537989360426,54.00682368171154,54.71441268920898,15499800,0.0,0.0
2020-12-21 00:00:00-05:00,56.2745184990943,58.22677868260148,56.09549112473427,57.82609558105469,14787800,0.0,0.0
2020-12-22 00:00:00-05:00,58.18416113810326,58.18416113810326,56.76898281479171,56.81161117553711,9807000,0.0,0.0
2020-12-23 00:00:00-05:00,57.118493692858536,58.797948951062345,57.09291928858895,58.1500358581543,8772500,0.0,0.0
2020-12-24 00:00:00-05:00,58.27792744935283,58.46548179494136,57.766419736767226,58.04774475097656,3126700,0.0,0.0
2020-12-28 00:00:00-05:00,58.44843848843019,58.687141697463744,57.945457655705866,58.0136604309082,7417100,0.0,0.0
2020-12-29 00:00:00-05:00,58.2352969084543,58.38874986688155,57.382781918119214,57.72378921508789,4701300,0.0,0.0
2020-12-30 00:00:00-05:00,57.826097147288735,58.13300308426811,57.604441414098375,57.834617614746094,5283200,0.0,0.0
2020-12-31 00:00:00-05:00,57.800519258531565,58.6018789309364,57.46803893083923,58.4228515625,5297400,0.0,0.0
2021-01-04 00:00:00-05:00,59.06223647880216,59.616372513869685,57.73231519797859,58.252349853515625,14014600,0.0,0.0
2021-01-05 00:00:00-05:00,58.10743184249725,59.74425925953757,58.03922907407708,59.24127197265625,11120400,0.0,0.0
2021-01-06 00:00:00-05:00,60.878095033012,63.836316413523086,60.153452130130844,62.81330108642578,18334300,0.0,0.0
2021-01-07 00:00:00-05:00,63.76813009949698,65.22593009468174,63.76813009949698,63.887481689453125,13530400,0.0,0.0
2021-01-08 00:00:00-05:00,63.48679560099564,64.22847951765164,62.95823393859344,64.1517562866211,12896700,0.0,0.0
2021-01-11 00:00:00-05:00,63.29072309772245,65.21740916345884,62.80478972098522,64.84230041503906,9077500,0.0,0.0
2021-01-12 00:00:00-05:00,65.2685349611856,65.78856954102744,64.38191873496626,64.6206283569336,11831100,0.0,0.0
2021-01-13 00:00:00-05:00,64.62915197771285,65.15771355304437,63.9471439655977,64.41602325439453,9852200,0.0,0.0
2021-01-14 00:00:00-05:00,64.66326420268936,65.50725226745998,64.55243958947256,65.19182586669922,9854300,0.0,0.0
2021-01-15 00:00:00-05:00,63.99831585920079,64.42457345956956,63.2140034355242,64.14324188232422,12882600,0.0,0.0
2021-01-19 00:00:00-05:00,65.23444642639376,65.30264918895129,63.67434888397408,63.93009948730469,14897700,0.0,0.0
2021-01-20 00:00:00-05:00,65.22591268263739,66.2915562400395,63.34185565365108,63.802207946777344,16133000,0.0,0.0
2021-01-21 00:00:00-05:00,63.9386069133552,64.6973445283933,62.86443649604284,63.6828498840332,13591300,0.0,0.0
2021-01-22 00:00:00-05:00,61.84996500788551,63.68286702954165,61.730613429847615,63.19693374633789,15460000,0.0,0.0
2021-01-25 00:00:00-05:00,62.67689503761388,63.103152504285866,61.31287244509805,61.70502853393555,15933100,0.0,0.0
2021-01-26 00:00:00-05:00,62.01193891211692,62.50639917019446,60.64791622101788,60.70759201049805,10899700,0.0,0.0
2021-01-27 00:00:00-05:00,59.44587393476644,59.89770584503307,57.84314156878119,58.32907485961914,17002600,0.0,0.0
2021-01-28 00:00:00-05:00,59.50301095047683,60.64268054671903,58.82606061241808,59.40018081665039,14986200,0.35,0.0
2021-01-29 00:00:00-05:00,59.1345639732852,60.03430342486247,57.28366017984106,57.45504379272461,17566100,0.0,0.0
2021-02-01 00:00:00-05:00,58.16625691825315,58.3719172267687,57.64354840826992,57.98630905151367,11961600,0.0,0.0
2021-02-02 00:00:00-05:00,59.228824437344194,61.1568459895513,59.14312936048625,60.79694366455078,13893900,0.0,0.0
2021-02-03 00:00:00-05:00,60.72837927276358,61.12255166989005,60.24851182344974,60.497013092041016,8014300,0.0,0.0
2021-02-04 00:00:00-05:00,60.77979302988562,61.970881072336034,60.642686172065375,61.94517517089844,8889400,0.0,0.0
2021-02-05 00:00:00-05:00,62.63928102925113,63.17056046964412,62.16799076187292,62.74211120605469,8832200,0.0,0.0
2021-02-08 00:00:00-05:00,63.1020085494226,63.65899391312583,62.89635472844285,63.60758209228516,9018100,0.0,0.0
2021-02-09 00:00:00-05:00,63.324799923462336,63.99317970180676,62.87064476831121,63.61614227294922,7429900,0.0,0.0
2021-02-10 00:00:00-05:00,63.92462371487838,64.14741914468476,63.02488425576563,63.69326400756836,7465900,0.0,0.0
2021-02-11 00:00:00-05:00,63.693259848762914,64.07029070041374,62.36506470938463,63.17055130004883,6972900,0.0,0.0
2021-02-12 00:00:00-05:00,63.30765069092515,64.28451433238112,63.30765069092515,63.93318939208984,7281200,0.0,0.0
2021-02-16 00:00:00-05:00,65.33850659097398,65.48417775795217,64.50731405127347,65.16712951660156,8550600,0.0,0.0
2021-02-17 00:00:00-05:00,64.26739052045922,65.03860051422814,64.01888915926607,64.65299224853516,7807200,0.0,0.0
2021-02-18 00:00:00-05:00,64.39591130779021,64.73867194997874,63.55614806130911,64.1217041015625,7155800,0.0,0.0
2021-02-19 00:00:00-05:00,64.65298606975826,65.43276680494034,64.63585097714187,65.12428283691406,7685300,0.0,0.0
2021-02-22 00:00:00-05:00,64.86720528190912,66.82950337268495,64.7643816595416,66.32393646240234,11193700,0.0,0.0
2021-02-23 00:00:00-05:00,66.20396841870651,66.71810612170506,65.34707006783705,66.40962219238281,12174600,0.0,0.0
2021-02-24 00:00:00-05:00,66.56386936943757,68.63756197189782,66.53816346291703,68.44904327392578,12681500,0.0,0.0
2021-02-25 00:00:00-05:00,68.98033025754825,69.75154022633612,66.93234333564405,67.20655059814453,11674600,0.0,0.0
2021-02-26 00:00:00-05:00,66.87233554887541,67.56642099091279,65.40704042812186,65.86976623535156,30392200,0.0,0.0
2021-03-01 00:00:00-05:00,66.88091932781441,68.15769604823686,66.87234851371858,67.83207702636719,11450000,0.0,0.0
2021-03-02 00:00:00-05:00,68.38906504993905,69.88007310030122,68.20911715509186,69.22882843017578,11955500,0.0,0.0
2021-03-03 00:00:00-05:00,69.54587433944255,71.07115238088669,69.54587433944255,70.31707763671875,13053000,0.0,0.0
2021-03-04 00:00:00-05:00,70.38564089074728,71.53388825785642,68.3890658557581,69.50303649902344,15809900,0.0,0.0
2021-03-05 00:00:00-05:00,70.61701068433557,70.74554023317592,67.16370413204682,69.2973861694336,16362500,0.0,0.0
2021-03-08 00:00:00-05:00,70.20567290741535,71.0882770466196,69.2288094390131,69.49444580078125,10151900,0.0,0.0
2021-03-09 00:00:00-05:00,68.72325001530182,70.548447816616,68.06344111472859,69.28023529052734,11588700,0.0,0.0
2021-03-10 00:00:00-05:00,70.04287262317938,71.48246218101671,69.76866539966825,71.1996841430664,10775800,0.0,0.0
2021-03-11 00:00:00-05:00,70.73697329086164,71.81666068615833,70.68555493564513,71.33679962158203,8951500,0.0,0.0
2021-03-12 00:00:00-05:00,72.45075212122498,72.90490716318143,71.79950759850239,72.27079772949219,8691300,0.0,0.0
2021-03-15 00:00:00-04:00,72.75067987420151,72.90492185704893,71.09686560052148,71.85950469970703,9018400,0.0,0.0
2021-03-16 00:00:00-04:00,71.5595860350054,71.72239228274297,70.12856076200505,70.7283935546875,9472000,0.0,0.0
2021-03-17 00:00:00-04:00,71.63670927167932,72.09943522022162,70.65127474446606,71.85950469970703,8049300,0.0,0.0
2021-03-18 00:00:00-04:00,72.6049899373013,74.2416621577822,71.74809170691358,71.92803955078125,10227400,0.0,0.0
2021-03-19 00:00:00-04:00,70.7883737069117,71.64527206284805,69.75152748074258,71.07115173339844,11557600,0.0,0.0
2021-03-22 00:00:00-04:00,70.66843279841967,70.75412135600146,69.82866924383515,70.19713592529297,7169900,0.0,0.0
2021-03-23 00:00:00-04:00,69.52871425673408,70.19709375703331,67.5664167400832,67.79778289794922,10235500,0.0,0.0
2021-03-24 00:00:00-04:00,68.63754618023957,69.7857931956993,67.94346071341121,67.97773742675781,8459000,0.0,0.0
2021-03-25 00:00:00-04:00,67.94348504713774,68.87750130429235,67.10372161342433,68.66327667236328,11363800,0.0,0.0
2021-03-26 00:00:00-04:00,69.94862154431912,70.04288090144294,67.73782840367734,68.53474426269531,11107400,0.0,0.0
2021-03-29 00:00:00-04:00,65.98116142939278,67.5664217925761,65.12426322901106,66.7352294921875,21931700,0.0,0.0
2021-03-30 00:00:00-04:00,67.41219136060974,68.58614444903888,67.26652021070983,67.77208709716797,12063000,0.0,0.0
2021-03-31 00:00:00-04:00,67.41220041009545,67.6949784714726,66.5381668557492,66.54673767089844,12085500,0.0,0.0
2021-04-01 00:00:00-04:00,66.73523201185735,67.07799261247426,66.40961303695936,67.02658081054688,13195600,0.0,0.0
2021-04-05 00:00:00-04:00,67.86634917281424,67.9606085177511,66.69240257469937,66.83807373046875,10458800,0.0,0.0
2021-04-06 00:00:00-04:00,66.66669398311278,67.78922872516534,66.41819267807527,67.77208709716797,9445000,0.0,0.0
2021-04-07 00:00:00-04:00,67.729248046875,68.31193920081897,67.22367460828656,67.729248046875,8329300,0.0,0.0
2021-04-08 00:00:00-04:00,67.26651916186246,68.97174501454168,66.97517686660535,68.7232437133789,9352700,0.0,0.0
2021-04-09 00:00:00-04:00,68.96319232636155,69.17741694567631,68.01203449359465,69.1688461303711,10693500,0.0,0.0
2021-04-12 00:00:00-04:00,69.36592463090294,69.46875479506258,68.1405596262024,68.70611572265625,8939700,0.0,0.0
2021-04-13 00:00:00-04:00,68.46617888583256,68.5775733168364,67.66069235169783,68.14912414550781,7085200,0.0,0.0
2021-04-14 00:00:00-04:00,68.21768797035597,70.30852233687543,67.95205153571725,69.22882843017578,10585500,0.0,0.0
2021-04-15 00:00:00-04:00,69.70867162999878,69.76008997079816,68.42332424946673,69.2545166015625,9930800,0.0,0.0
2021-04-16 00:00:00-04:00,69.40876364000673,69.99145475676079,66.63241492493876,67.34363555908203,29086400,0.0,0.0
2021-04-19 00:00:00-04:00,67.09513023175745,68.86890920609697,66.9323174852231,68.57756042480469,15151000,0.0,0.0
2021-04-20 00:00:00-04:00,67.960607110519,68.23481432530764,65.6384133301744,66.22967529296875,13052800,0.0,0.0
2021-04-21 00:00:00-04:00,65.74980657150725,67.98630502248001,65.33849252887329,67.90918731689453,11075900,0.0,0.0
2021-04-22 00:00:00-04:00,67.62643740405079,68.12344017181681,66.96662834434721,67.08659362792969,9871700,0.0,0.0
2021-04-23 00:00:00-04:00,67.08655997928693,69.6658253578617,67.08655997928693,69.36590576171875,12002000,0.0,0.0
2021-04-26 00:00:00-04:00,70.10284086643527,70.62554930051482,69.7343743725368,69.85433959960938,8033500,0.0,0.0
2021-04-27 00:00:00-04:00,69.76010171046708,70.30851616210887,69.58014729380767,70.23139190673828,7057400,0.0,0.0
2021-04-28 00:00:00-04:00,70.60844200154838,71.07973228263968,70.32566391032333,70.89122009277344,7228200,0.0,0.0
2021-04-29 00:00:00-04:00,71.59682469867946,72.10454599875978,70.67604845603576,71.9754638671875,9974800,0.35,0.0
2021-04-30 00:00:00-04:00,71.33008624930841,71.66569597672596,70.76213385113732,71.03750610351562,9298600,0.0,0.0
2021-05-03 00:00:00-04:00,71.51938114255341,71.84638352735351,70.82234680622604,70.96002960205078,6759000,0.0,0.0
2021-05-04 00:00:00-04:00,70.64163778976793,71.27844132664913,69.48851877205891,71.11493682861328,8802700,0.0,0.0
2021-05-05 00:00:00-04:00,71.34727557565414,73.00810916889746,70.77070958578571,72.72413635253906,9424400,0.0,0.0
2021-05-06 00:00:00-04:00,73.08557104552348,74.78944100305986,72.6294864664683,74.72059631347656,11887900,0.0,0.0
2021-05-07 00:00:00-04:00,73.55887770527971,75.76185547719318,73.43839620332353,75.46926879882812,9947600,0.0,0.0
2021-05-10 00:00:00-04:00,75.78767353881855,76.48470806533905,74.37639002823347,74.41081237792969,9344500,0.0,0.0
2021-05-11 00:00:00-04:00,73.19744025860261,73.95471872892675,72.14758169957405,73.07696533203125,10397800,0.0,0.0
2021-05-12 00:00:00-04:00,73.49003885374749,74.1698655157998,71.73453834010459,72.0099105834961,12602200,0.0,0.0
2021-05-13 00:00:00-04:00,72.01852325258122,73.70517919143077,71.77757334208738,73.02535247802734,8639700,0.0,0.0
2021-05-14 00:00:00-04:00,73.67073963495822,75.3660024077215,73.67073963495822,75.16807556152344,7755900,0.0,0.0
2021-05-17 00:00:00-04:00,74.68618146116685,75.83069992009065,74.26451918460236,75.80487823486328,7157900,0.0,0.0
2021-05-18 00:00:00-04:00,75.92536845668486,76.2179486022827,74.75503474350879,74.8410873413086,6631700,0.0,0.0
2021-05-19 00:00:00-04:00,73.41258147086536,74.09240808243425,72.56064968197923,74.04938507080078,10165600,0.0,0.0
2021-05-20 00:00:00-04:00,74.1612552666761,74.89271214289282,73.42119116168735,74.41081237792969,7722100,0.0,0.0
2021-05-21 00:00:00-04:00,74.8152700659308,76.39865882914584,74.63455764613293,76.02001953125,9326800,0.0,0.0
2021-05-24 00:00:00-04:00,76.33839366315327,77.62059459490376,76.00278406736214,77.18172454833984,7788800,0.0,0.0
2021-05-25 00:00:00-04:00,77.68945487566056,78.61023128385742,76.3642241129994,76.46749114990234,10599600,0.0,0.0
2021-05-26 00:00:00-04:00,76.29540026714413,77.31943733851931,75.68441172451668,76.88916778564453,8665200,0.0,0.0
2021-05-27 00:00:00-04:00,77.53456854538999,78.24021031700232,76.23515271722131,77.70668029785156,21840900,0.0,0.0
2021-05-28 00:00:00-04:00,77.921811370693,78.55000118257183,77.36245969114367,78.26602172851562,9484800,0.0,0.0
2021-06-01 00:00:00-04:00,79.50520159035808,80.29689593355506,79.05772417714861,79.26425170898438,9576400,0.0,0.0
2021-06-02 00:00:00-04:00,79.60845840673194,80.15920279776691,78.79094248241462,79.82359313964844,6878400,0.0,0.0
2021-06-03 00:00:00-04:00,79.45356719841807,80.82182105277184,79.30727714456732,80.33131408691406,7926800,0.0,0.0
2021-06-04 00:00:00-04:00,80.77018673653775,81.03695171131581,79.72032816233988,80.85623931884766,6406800,0.0,0.0
2021-06-07 00:00:00-04:00,81.08859947550856,81.12301526077229,79.80639153379995,80.21084594726562,6773800,0.0,0.0
2021-06-08 00:00:00-04:00,79.4707869532598,80.19364323292415,78.90283454424514,79.84942626953125,7036300,0.0,0.0
2021-06-09 00:00:00-04:00,79.49659005916193,80.21944622955294,78.98887520308726,79.74614715576172,7811700,0.0,0.0
2021-06-10 00:00:00-04:00,80.46040699590844,80.87346865856384,78.76514389430191,78.89422607421875,6584900,0.0,0.0
2021-06-11 00:00:00-04:00,78.92862892482957,79.65147844913398,78.9028138083031,79.21260833740234,6509400,0.0,0.0
2021-06-14 00:00:00-04:00,78.98886873355846,79.07492131300201,77.35384346256707,78.0680923461914,10163100,0.0,0.0
2021-06-15 00:00:00-04:00,78.38649776085875,78.48115758019863,77.36246077087822,78.05088806152344,7459000,0.0,0.0
2021-06-16 00:00:00-04:00,77.87877377622124,78.8597876388893,76.9752052664733,78.39509582519531,11370300,0.0,0.0
2021-06-17 00:00:00-04:00,78.94583766929912,78.95444489669812,74.91851531277017,75.64997863769531,11131600,0.0,0.0
2021-06-18 00:00:00-04:00,74.3419667109226,74.78084345709709,72.20783358067013,72.36272430419922,22453900,0.0,0.0
2021-06-21 00:00:00-04:00,72.77578632491978,74.39359735601707,72.4745989741027,73.95472717285156,10672700,0.0,0.0
2021-06-22 00:00:00-04:00,73.88587358527738,74.19566812753192,73.12860168498354,73.74818420410156,9664100,0.0,0.0
2021-06-23 00:00:00-04:00,74.04078317081422,74.28173306255546,73.6363287530805,73.89449310302734,7139000,0.0,0.0
2021-06-24 00:00:00-04:00,74.40220106693343,75.20250259863244,73.86866452400359,74.93573760986328,7953500,0.0,0.0
2021-06-25 00:00:00-04:00,75.32297636299143,76.26096727134737,74.62594188554473,76.07164764404297,11139000,0.0,0.0
2021-06-28 00:00:00-04:00,75.77906336867741,75.89953830524195,74.37638714130934,75.46926879882812,6174600,0.0,0.0
2021-06-29 00:00:00-04:00,78.38649223267691,78.8511840679209,77.25918827417604,77.99925231933594,15413700,0.0,0.0
2021-06-30 00:00:00-04:00,77.59479391926072,79.09213638795501,77.56037157413535,78.90281677246094,9780300,0.0,0.0
2021-07-01 00:00:00-04:00,79.10075312748945,79.36752471508493,78.35208830636657,79.18680572509766,6792200,0.0,0.0
2021-07-02 00:00:00-04:00,79.08353634495714,79.23843362939803,78.59302937179292,79.19540405273438,4818000,0.0,0.0
2021-07-06 00:00:00-04:00,78.95445760552367,79.07493254693836,77.15593414769604,77.62922668457031,6701200,0.0,0.0
2021-07-07 00:00:00-04:00,77.13870979776422,77.84435146358294,76.21793339766673,77.47431945800781,6771600,0.0,0.0
2021-07-08 00:00:00-04:00,75.81348018581402,76.2781720066848,74.82385908018497,75.41763305664062,8778800,0.0,0.0
2021-07-09 00:00:00-04:00,76.89776664734185,77.98204764090956,76.25236238825967,77.73249053955078,7306500,0.0,0.0
2021-07-12 00:00:00-04:00,77.65501774558571,80.477583896311,77.24196280739609,79.81497192382812,11951100,0.0,0.0
2021-07-13 00:00:00-04:00,79.57404887361335,80.48621818712002,78.94585246358096,80.21084594726562,12280100,0.0,0.0
2021-07-14 00:00:00-04:00,80.13338085602467,80.74436265762867,78.68767531132815,79.56542205810547,12572000,0.0,0.0
2021-07-15 00:00:00-04:00,78.61883418737617,80.9422865840722,78.56720395446004,79.71171569824219,12465900,0.0,0.0
2021-07-16 00:00:00-04:00,80.15920283527828,80.39154545816479,78.39509539838103,78.52417755126953,12595400,0.0,0.0
2021-07-19 00:00:00-04:00,77.0268571939528,77.1817544956034,75.36601645724045,76.88916778564453,14043000,0.0,0.0
2021-07-20 00:00:00-04:00,76.70845458600432,80.54645817101019,76.58797963764839,79.4449691772461,11522300,0.0,0.0
2021-07-21 00:00:00-04:00,80.23666996910777,82.65478948911803,80.18503972009303,82.33638763427734,14116900,0.0,0.0
2021-07-22 00:00:00-04:00,82.11263231052095,82.80967338626206,81.61351809959318,82.24171447753906,9235300,0.0,0.0
2021-07-23 00:00:00-04:00,82.85269674047464,83.61857595178188,81.05417331954176,81.36396789550781,13222800,0.0,0.0
2021-07-26 00:00:00-04:00,81.20906332290832,83.17969831227006,81.19184886723673,83.07643127441406,11420600,0.0,0.0
2021-07-27 00:00:00-04:00,82.50847452452662,83.51531011454777,82.19867996842648,83.0248031616211,8972900,0.0,0.0
2021-07-28 00:00:00-04:00,83.05060574535028,83.37760814281562,82.22448924223495,82.67196655273438,10054000,0.0,0.0
2021-07-29 00:00:00-04:00,83.3567970410811,83.95492261630841,82.81067404657684,83.4608154296875,9016200,0.7,0.0
2021-07-30 00:00:00-04:00,83.16610014062854,84.26700346883128,82.81068629079216,83.20077514648438,8320800,0.0,0.0
2021-08-02 00:00:00-04:00,83.84224534165726,85.2985625044248,83.20077427400402,83.41748809814453,9409600,0.0,0.0
2021-08-03 00:00:00-04:00,83.8682421906314,84.11096059306192,82.2038817623247,83.73821258544922,7044800,0.0,0.0
2021-08-04 00:00:00-04:00,83.01871404440291,84.55305134944076,82.83667525820145,83.469482421875,7137500,0.0,0.0
2021-08-05 00:00:00-04:00,83.94625197432842,84.89112755416087,83.94625197432842,84.804443359375,5675000,0.0,0.0
2021-08-06 00:00:00-04:00,85.49792343903006,86.66818321490776,85.20319585435992,86.45146942138672,9317900,0.0,0.0
2021-08-09 00:00:00-04:00,86.3127843372874,87.54371730998169,85.79267246565698,87.3270034790039,8297700,0.0,0.0
2021-08-10 00:00:00-04:00,87.32699635307655,89.22541147387628,87.1969667423841,88.45391082763672,8490500,0.0,0.0
2021-08-11 00:00:00-04:00,88.66194510876507,90.09225745196844,88.28919712373123,90.04891204833984,8793200,0.0,0.0
2021-08-12 00:00:00-04:00,89.7455272571806,90.77708717025472,89.72819306132888,90.7337417602539,6302100,0.0,0.0
2021-08-13 00:00:00-04:00,90.58636604327894,90.82041403121454,89.01736028844435,90.1009292602539,8312200,0.0,0.0
2021-08-16 00:00:00-04:00,89.46814967403466,89.99693202450749,88.58396003021741,89.91024780273438,6540300,0.0,0.0
2021-08-17 00:00:00-04:00,89.12139269223944,90.02292301218888,88.07249855620876,89.17340850830078,6492900,0.0,0.0
2021-08-18 00:00:00-04:00,88.74864471561989,89.33810659400986,87.65641178115298,87.77777099609375,7839800,0.0,0.0
2021-08-19 00:00:00-04:00,86.29543522550837,87.33565878897728,85.56727344021603,86.45146942138672,10644700,0.0,0.0
2021-08-20 00:00:00-04:00,86.50347827395584,87.56970643026482,86.26075988434339,87.25764465332031,6496900,0.0,0.0
2021-08-23 00:00:00-04:00,88.41055958304342,89.18206017835166,88.1765115901125,88.55792999267578,5430700,0.0,0.0
2021-08-24 00:00:00-04:00,89.0173684128486,89.66750985527119,88.87866839727968,89.36410522460938,5339700,0.0,0.0
2021-08-25 00:00:00-04:00,89.52014358188069,90.99380155444643,89.32077056724141,90.23096466064452,5612100,0.0,0.0
2021-08-26 00:00:00-04:00,90.70773091033875,91.58325654610368,89.86688027746938,90.01424407958984,6882800,0.0,0.0
2021-08-27 00:00:00-04:00,90.05759706241234,91.42723003088818,89.87555824208295,91.4098892211914,5900600,0.0,0.0
2021-08-30 00:00:00-04:00,91.56592261121682,91.72195682916892,90.04892584196391,90.23096466064452,6459700,0.0,0.0
2021-08-31 00:00:00-04:00,90.3869957835372,90.76841421737753,89.60683133407233,90.52569580078124,7215100,0.0,0.0
2021-09-01 00:00:00-04:00,90.62104862381256,91.08915125241737,89.78019797318436,90.42166900634766,5762400,0.0,0.0
2021-09-02 00:00:00-04:00,91.02847837389348,91.46190603088849,90.46502109708372,90.87244415283205,5708400,0.0,0.0
2021-09-03 00:00:00-04:00,90.79440897744432,91.30585696862796,89.95355840137606,90.3696517944336,7195400,0.0,0.0
2021-09-07 00:00:00-04:00,90.22227577808953,91.3405195934924,90.21360537573096,90.3089599609375,6792100,0.0,0.0
2021-09-08 00:00:00-04:00,90.02290025308518,90.64703697938094,89.34675433745797,89.78018188476562,5601000,0.0,0.0
2021-09-09 00:00:00-04:00,89.58948686788591,91.21917893607174,89.54614807445196,90.01424407958984,6145700,0.0,0.0
2021-09-10 00:00:00-04:00,90.5257057195602,90.83777417897142,89.46814111973131,89.82355499267578,5958600,0.0,0.0
2021-09-13 00:00:00-04:00,90.01425135801003,90.60371322773548,89.47680530362405,90.49969482421876,6112200,0.0,0.0
2021-09-14 00:00:00-04:00,90.45632361805922,91.36652407075312,88.1244880185927,88.34120178222656,8400600,0.0,0.0
2021-09-15 00:00:00-04:00,88.55791729333302,89.58079992883289,88.2545127273953,89.32074737548828,6691900,0.0,0.0
2021-09-16 00:00:00-04:00,89.72819042642894,90.3003114628693,88.20252330661991,88.82666015625,5881600,0.0,0.0
2021-09-17 00:00:00-04:00,88.53190957837285,90.05757641645047,87.90777945757617,88.20250701904297,17485600,0.0,0.0
2021-09-20 00:00:00-04:00,85.60195744680522,86.03538507944727,83.9722719289602,85.49793243408203,15443800,0.0,0.0
2021-09-21 00:00:00-04:00,86.19140455817691,86.45146373873995,84.90845607488819,85.21186065673828,8985600,0.0,0.0
2021-09-22 00:00:00-04:00,86.19141144590496,88.26319481225708,86.19141144590496,87.3790054321289,9497700,0.0,0.0
2021-09-23 00:00:00-04:00,88.2111914788324,90.1442749692944,88.07249146527748,89.76286315917969,6087900,0.0,0.0
2021-09-24 00:00:00-04:00,89.62417095621,90.26564204085294,89.12139328362821,89.20808410644531,5529300,0.0,0.0
2021-09-27 00:00:00-04:00,90.02292195932885,91.67861876378235,90.00558776323193,91.1064910888672,8195200,0.0,0.0
2021-09-28 00:00:00-04:00,90.38699433861242,91.84331142849014,88.17651741116386,88.45391082763672,14183500,0.0,0.0
2021-09-29 00:00:00-04:00,87.62171262243642,88.0811447542978,85.91400706545782,86.29542541503906,11543000,0.0,0.0
2021-09-30 00:00:00-04:00,86.88489800599386,87.01492099273524,83.43481146355171,84.35367584228516,12258400,0.0,0.0
2021-10-01 00:00:00-04:00,84.891126970874,86.6075031155938,84.13696059290044,85.86200714111328,7912700,0.0,0.0
2021-10-04 00:00:00-04:00,85.86199944603366,87.12760708581027,84.05893926871651,84.21497344970703,9482100,0.0,0.0
2021-10-05 00:00:00-04:00,85.14253561079443,86.45148907300717,84.49239408244516,85.99205017089844,8850300,0.0,0.0
2021-10-06 00:00:00-04:00,85.14251952981495,86.21741813519873,84.27566432240667,85.90534973144531,6912700,0.0,0.0
2021-10-07 00:00:00-04:00,87.17096230550284,87.4830307263143,85.54994721173412,85.64530181884766,7959600,0.0,0.0
2021-10-08 00:00:00-04:00,85.83599597901897,87.28364913849093,85.28987960309033,86.7201919555664,5301100,0.0,0.0
2021-10-11 00:00:00-04:00,86.75486862100573,87.2749804100028,84.26699185575582,84.33634185791016,7003900,0.0,0.0
2021-10-12 00:00:00-04:00,84.3363435709852,85.57594677695734,83.81623177142342,84.76110076904297,7913300,0.0,0.0
2021-10-13 00:00:00-04:00,85.05584822392966,85.97471276671145,83.80757441971184,85.44593048095703,10170900,0.0,0.0
2021-10-14 00:00:00-04:00,87.74308922341196,88.05515764164568,84.78710965447053,87.56105041503906,14766800,0.0,0.0
2021-10-15 00:00:00-04:00,88.81799708113493,89.47680898939703,88.28921479620608,88.54060363769531,11678100,0.0,0.0
2021-10-18 00:00:00-04:00,88.21118148660861,90.1009259689572,87.16228755384162,87.90778350830078,8924300,0.0,0.0
2021-10-19 00:00:00-04:00,88.02913864330715,88.8093029476979,87.81242486684759,88.20250701904297,6189500,0.0,0.0
2021-10-20 00:00:00-04:00,87.62172223773898,88.34987740657633,86.62483746876207,87.25764465332031,7426900,0.0,0.0
2021-10-21 00:00:00-04:00,86.99758028243204,88.20250836890116,86.31276394470977,86.92823028564453,5931400,0.0,0.0
2021-10-22 00:00:00-04:00,87.32697872921587,88.62726134656278,87.17961495317562,88.245849609375,6761500,0.0,0.0
2021-10-25 00:00:00-04:00,88.67927472440905,89.0606864511708,88.1244880185927,88.34120178222656,3836000,0.0,0.0
2021-10-26 00:00:00-04:00,88.52323613220274,90.13558698225891,88.15048821281171,89.69348907470703,7649500,0.0,0.0
2021-10-27 00:00:00-04:00,89.26008083840556,90.01424062833048,88.27186644130508,88.3065414428711,7542400,0.0,0.0
2021-10-28 00:00:00-04:00,88.93500443417464,89.58091388249986,87.9835977237592,89.46744537353516,6663000,0.7,0.0
2021-10-29 00:00:00-04:00,89.12702780794436,90.17444883170435,88.96991398844631,89.71183776855469,8056900,0.0,0.0
2021-11-01 00:00:00-04:00,90.68071139173227,91.06476890097504,89.63329029659508,90.77672576904295,5432400,0.0,0.0
2021-11-02 00:00:00-04:00,90.71561283981364,91.94633211080225,90.22681728927516,91.35279846191406,7191700,0.0,0.0
2021-11-03 00:00:00-04:00,91.11711554349714,91.41388899836356,88.92625285551426,89.56343841552734,9009000,0.0,0.0
2021-11-04 00:00:00-04:00,89.23177635337925,89.30159954107086,85.68798819890533,87.10201263427734,14823800,0.0,0.0
2021-11-05 00:00:00-04:00,88.44620925298341,89.01356511929926,87.04964557698041,87.17184448242188,8449600,0.0,0.0
2021-11-08 00:00:00-05:00,87.68681718831853,88.85644374597112,87.25912105558318,87.34640502929688,7332000,0.0,0.0
2021-11-09 00:00:00-05:00,86.81396751367956,87.55589130815248,85.7840006013266,87.03218078613281,8756900,0.0,0.0
2021-11-10 00:00:00-05:00,86.18551286826333,86.95362785502293,85.29520564010366,85.3388442993164,9191500,0.0,0.0
2021-11-11 00:00:00-05:00,85.57450779693775,86.68302816229158,85.07698185983566,86.30770111083984,6249600,0.0,0.0
2021-11-12 00:00:00-05:00,86.59573260499755,87.18927282414603,85.58322673664951,87.15435791015625,7270300,0.0,0.0
2021-11-15 00:00:00-05:00,87.31149122307647,87.98359181387063,87.25039177476249,87.4686050415039,5652200,0.0,0.0
2021-11-16 00:00:00-05:00,87.28530252378455,88.64695111216676,86.85760640603324,87.8875732421875,6448500,0.0,0.0
2021-11-17 00:00:00-05:00,87.73048365369313,87.83522178366225,84.97226413591277,85.26030731201172,9670700,0.0,0.0
2021-11-18 00:00:00-05:00,85.47852062856997,85.7665638046689,84.22160979420504,85.26030731201172,6850200,0.0,0.0
2021-11-19 00:00:00-05:00,83.9859174650942,85.4348499949971,82.87739041610192,84.58818817138672,9923400,0.0,0.0
2021-11-22 00:00:00-05:00,85.79272725375455,87.74791622501657,85.38248525394657,86.69176483154297,10430400,0.0,0.0
2021-11-23 00:00:00-05:00,87.55589607928647,89.14448852293877,87.44242756879022,88.90882110595703,8559200,0.0,0.0
2021-11-24 00:00:00-05:00,88.89134989757488,89.23176870785483,87.38131787609132,88.26290130615234,7146400,0.0,0.0
2021-11-26 00:00:00-05:00,85.58324513069263,85.67925949996577,83.68042519498741,85.47850036621094,11738200,0.0,0.0
2021-11-29 00:00:00-05:00,86.44736987905263,86.93616547307136,83.7589807932686,84.86750793457031,13793400,0.0,0.0
2021-11-30 00:00:00-05:00,84.16920979045207,84.23030923025588,81.94343211596859,82.763916015625,20586200,0.0,0.0
2021-12-01 00:00:00-05:00,84.64930351583394,86.07205178824559,83.14799499511719,83.14799499511719,11708200,0.0,0.0
2021-12-02 00:00:00-05:00,83.79388503183185,87.06708366588778,83.1828906172106,86.29024505615234,10685800,0.0,0.0
2021-12-03 00:00:00-05:00,87.32022312904833,88.0446927854052,84.53581966626739,85.722900390625,9811800,0.0,0.0
2021-12-06 00:00:00-05:00,87.2853180762858,87.90504303550648,86.23789692310689,86.64813232421875,9624500,0.0,0.0
2021-12-07 00:00:00-05:00,87.60827061337952,89.99988631289565,87.58207942576533,89.46744537353516,10674400,0.0,0.0
2021-12-08 00:00:00-05:00,89.6070915799105,90.04351807700493,88.35891153184686,88.3763656616211,9089700,0.0,0.0
2021-12-09 00:00:00-05:00,87.95739485550003,88.87389317940163,87.50351422057521,87.79155731201172,7749600,0.0,0.0
2021-12-10 00:00:00-05:00,88.10578760711137,88.3851003123284,85.87127930603492,85.91492462158203,10429000,0.0,0.0
2021-12-13 00:00:00-05:00,85.67053108917688,85.7141697475498,84.49218076365969,84.81513214111328,10057100,0.0,0.0
2021-12-14 00:00:00-05:00,84.4485424474823,86.7965195571146,84.2914286137645,86.2553482055664,11105900,0.0,0.0
2021-12-15 00:00:00-05:00,86.51719844180195,87.13692332056198,84.78021604287554,86.78778076171875,7055000,0.0,0.0
2021-12-16 00:00:00-05:00,88.41128758508599,88.52475608595797,86.9885394892002,87.54716491699219,7889900,0.0,0.0
2021-12-17 00:00:00-05:00,86.82269195529959,86.86633061119335,84.50089969913117,84.78021240234375,20851400,0.0,0.0
2021-12-20 00:00:00-05:00,83.45348617717428,83.69788398188622,82.23149049427384,83.24400329589844,11931400,0.0,0.0
2021-12-21 00:00:00-05:00,83.95101107261502,85.98476038533528,83.85499669927007,85.3388442993164,8235100,0.0,0.0
2021-12-22 00:00:00-05:00,85.26901177351867,86.13313437963852,85.06825265323835,85.80145263671875,4798400,0.0,0.0
2021-12-23 00:00:00-05:00,86.421169225766,87.25910722744021,86.21167973084299,86.7092056274414,4482200,0.0,0.0
2021-12-27 00:00:00-05:00,87.04090486604989,87.7479136865096,86.50846398715007,87.63444519042969,4196000,0.0,0.0
2021-12-28 00:00:00-05:00,87.8090198069806,88.15816237598132,86.91871258240235,87.25912475585938,4269700,0.0,0.0
2021-12-29 00:00:00-05:00,87.32894640875705,87.73045799467083,86.141865781125,86.1767807006836,6923100,0.0,0.0
2021-12-30 00:00:00-05:00,86.29023830575474,87.25910555838897,86.16803943238997,86.23786926269531,3564900,0.0,0.0
2021-12-31 00:00:00-05:00,86.17679390942395,86.59575968966396,85.08572747850991,85.67926788330078,5124800,0.0,0.0
2022-01-03 00:00:00-05:00,86.70050239689525,88.50730809702934,86.67431786867228,87.45115661621094,8481900,0.0,0.0
2022-01-04 00:00:00-05:00,89.0309973965954,91.37024347691872,89.01354326839162,91.00364685058594,8967000,0.0,0.0
2022-01-05 00:00:00-05:00,90.51486164476626,91.67575783828578,88.65568698352604,88.75170135498047,10288800,0.0,0.0
2022-01-06 00:00:00-05:00,90.8814631748821,90.96001675394594,87.8264774591568,90.2704620361328,10059200,0.0,0.0
2022-01-07 00:00:00-05:00,90.3490320318492,91.23933932075737,89.84277560318519,90.82037353515624,6128400,0.0,0.0
2022-01-10 00:00:00-05:00,91.405176911943,91.7368586897298,89.75548509986797,90.89019012451172,8904900,0.0,0.0
2022-01-11 00:00:00-05:00,90.91637441090396,92.60097435860403,90.41011805743612,92.4525909423828,7320200,0.0,0.0
2022-01-12 00:00:00-05:00,92.56606892434084,92.93266560831938,89.33650863298712,89.947509765625,10855200,0.0,0.0
2022-01-13 00:00:00-05:00,90.27920151380007,91.08222481305056,89.15322015189098,89.51109313964844,6267700,0.0,0.0
2022-01-14 00:00:00-05:00,87.06708560824401,87.69554082549713,85.0071520225098,86.30770111083984,16724900,0.0,0.0
2022-01-18 00:00:00-05:00,83.73278371874392,84.17794058764032,81.12295526414094,82.0569076538086,21803100,0.0,0.0
2022-01-19 00:00:00-05:00,85.54833147835662,85.75781435108746,82.88612694417955,83.5582275390625,19716100,0.0,0.0
2022-01-20 00:00:00-05:00,84.31760635967417,88.99609941029581,84.31760635967417,87.13692474365234,22637600,0.0,0.0
2022-01-21 00:00:00-05:00,85.66178985291926,86.90123947077358,84.09938223914247,86.29024505615234,22568300,0.0,0.0
2022-01-24 00:00:00-05:00,83.81133913232557,85.81890362425973,81.76886638185904,85.60942077636719,19527300,0.0,0.0
2022-01-25 00:00:00-05:00,84.30015459440835,87.13692718953718,82.92977548405823,86.44737243652344,16060700,0.0,0.0
2022-01-26 00:00:00-05:00,87.41621591672344,88.81277917133364,86.32514983353754,87.43367004394531,13344400,0.0,0.0
2022-01-27 00:00:00-05:00,88.42873841024031,89.23176825959202,86.98853623704095,88.2890853881836,17843100,0.0,0.0
2022-01-28 00:00:00-05:00,87.10250939658627,89.58110731483892,86.26752332811925,89.47563934326172,14044800,0.7,0.0
2022-01-31 00:00:00-05:00,88.74612429961903,90.301837285619,88.13965661920145,90.12605285644533,8467000,0.0,0.0
2022-02-01 00:00:00-05:00,90.49521204551576,91.49719813152332,89.86237731630114,91.3653564453125,7885700,0.0,0.0
2022-02-02 00:00:00-05:00,91.2335060324923,91.67297377502696,89.91510280488833,91.33897399902344,9596300,0.0,0.0
2022-02-03 00:00:00-05:00,91.11925504788093,91.49719763657596,89.7656933745487,89.90632629394531,5986500,0.0,0.0
2022-02-04 00:00:00-05:00,89.7832835284956,92.30582470796452,89.71296706277766,91.50599670410156,7881800,0.0,0.0
2022-02-07 00:00:00-05:00,91.45326198531112,93.32539260646956,91.0928951306636,92.44645690917967,9129000,0.0,0.0
2022-02-08 00:00:00-05:00,93.14081459666896,94.32737641733009,92.56950506649969,93.4748077392578,9249000,0.0,0.0
2022-02-09 00:00:00-05:00,93.98458647445618,95.87429940583638,93.91427001520792,95.5666732788086,11054300,0.0,0.0
2022-02-10 00:00:00-05:00,95.09204637746129,96.44560802988818,94.17795253274132,94.54710388183594,8116200,0.0,0.0
2022-02-11 00:00:00-05:00,94.04611511915157,95.26783514358549,91.25109946700672,91.9103012084961,9755900,0.0,0.0
2022-02-14 00:00:00-05:00,91.43568063174467,91.84878148743068,89.29986659304153,90.15243530273438,11110300,0.0,0.0
2022-02-15 00:00:00-05:00,90.98741855828568,91.71693678138516,89.75691397202995,90.90831756591795,6714100,0.0,0.0
2022-02-16 00:00:00-05:00,90.09088897945102,90.56551495534931,88.4824354009755,88.90432739257812,10190700,0.0,0.0
2022-02-17 00:00:00-05:00,87.91113527497521,88.07813518388991,84.2811336811322,84.50965881347656,15620300,0.0,0.0
2022-02-18 00:00:00-05:00,83.72741576867246,84.41298453445782,81.8377026926313,83.8680419921875,16321800,0.0,0.0
2022-02-22 00:00:00-05:00,83.2176266899142,85.05459895934037,82.5320579634155,83.2791519165039,9143700,0.0,0.0
2022-02-23 00:00:00-05:00,84.11413240373217,84.13171487056684,81.8113254736188,82.22442626953125,8722200,0.0,0.0
2022-02-24 00:00:00-05:00,78.97236300254491,81.02028457765371,77.81216826873052,80.69507598876953,18518000,0.0,0.0
2022-02-25 00:00:00-05:00,80.92359981497937,83.23519801152041,80.53686600804991,83.10336303710938,9717400,0.0,0.0
2022-02-28 00:00:00-05:00,80.50171741574398,81.05545119753833,79.03389640846626,79.75462341308594,17955100,0.0,0.0
2022-03-01 00:00:00-05:00,79.10420562224492,79.10420562224492,76.01913972536832,77.02112579345703,18341800,0.0,0.0
2022-03-02 00:00:00-05:00,77.39907683825143,78.47137948237916,76.4849828908925,77.68033599853516,18007500,0.0,0.0
2022-03-03 00:00:00-05:00,78.82295621103985,79.32394930685324,76.52893342869766,77.1529769897461,12197100,0.0,0.0
2022-03-04 00:00:00-05:00,75.76424379838268,76.37950272364571,74.49858113169871,75.90487670898438,11950700,0.0,0.0
2022-03-07 00:00:00-05:00,74.73590327595431,75.6587884652075,73.32081622883138,73.34718322753906,12680900,0.0,0.0
2022-03-08 00:00:00-05:00,73.5053878700878,75.36873390967881,72.04635814086555,73.22412872314453,11641200,0.0,0.0
2022-03-09 00:00:00-05:00,75.79939372421124,78.21646628804478,75.67634329378481,76.81896209716797,12994600,0.0,0.0
2022-03-10 00:00:00-05:00,75.38629301577396,77.17053766937195,74.7183068804691,75.46540069580078,11351600,0.0,0.0
2022-03-11 00:00:00-05:00,76.57288187814483,77.13540019908872,74.77985221548093,74.86774444580078,8568100,0.0,0.0
2022-03-14 00:00:00-04:00,75.45662722207135,76.21251244769093,74.24369839074433,74.46343231201172,8280700,0.0,0.0
2022-03-15 00:00:00-04:00,75.10504192663693,76.20371139136682,74.34037227086253,75.87850952148438,8672400,0.0,0.0
2022-03-16 00:00:00-04:00,77.35512956977472,81.16970712801879,77.34633833553654,80.65113830566406,17635900,0.0,0.0
2022-03-17 00:00:00-04:00,79.27998736518643,82.78694518988107,79.03388647343516,82.49689483642578,15156800,0.0,0.0
2022-03-18 00:00:00-04:00,82.16289731849501,83.41098417726438,81.23122108518118,83.34066772460938,16325400,0.0,0.0
2022-03-21 00:00:00-04:00,83.25277066751266,83.41977055641475,81.04664071048636,81.3982162475586,8568700,0.0,0.0
2022-03-22 00:00:00-04:00,81.88164672084966,83.1473094714079,81.62675458280232,82.81331634521484,7565100,0.0,0.0
2022-03-23 00:00:00-04:00,82.10137710526762,82.61994588729127,80.76539124634023,81.1960678100586,7465400,0.0,0.0
2022-03-24 00:00:00-04:00,81.34550699125502,81.82891763414814,80.73024793791697,80.97634887695312,6488300,0.0,0.0
2022-03-25 00:00:00-04:00,81.2839667341103,82.59357889237432,80.8532834646455,81.1960678100586,6592800,0.0,0.0
2022-03-28 00:00:00-04:00,81.10818592557854,81.12576839492759,79.22726405006622,80.220458984375,8680800,0.0,0.0
2022-03-29 00:00:00-04:00,82.08380381176362,82.08380381176362,80.02709750942961,80.72145080566406,7431600,0.0,0.0
2022-03-30 00:00:00-04:00,80.73902569469973,80.80934215289949,78.89326225430861,79.34151458740234,7289800,0.0,0.0
2022-03-31 00:00:00-04:00,78.8580921373359,79.27119288480128,76.81896209716797,76.81896209716797,8422700,0.0,0.0
2022-04-01 00:00:00-04:00,77.46938787620955,77.81217224423065,75.50936512631942,76.45861053466797,8192300,0.0,0.0
2022-04-04 00:00:00-04:00,76.06307535632266,76.96837780533755,75.42144952131707,76.71348571777344,8098900,0.0,0.0
2022-04-05 00:00:00-04:00,76.07188715977303,76.31798808169683,74.65680015296392,74.95563507080078,11587400,0.0,0.0
2022-04-06 00:00:00-04:00,74.46342136006106,74.54252234132467,72.73191724222113,73.06591033935547,10493200,0.0,0.0
2022-04-07 00:00:00-04:00,72.84617645040616,73.48780235666644,71.54535558304408,73.06591033935547,11902900,0.0,0.0
2022-04-08 00:00:00-04:00,73.41749646018837,74.50737482849148,72.91650338957147,73.88333129882812,6937500,0.0,0.0
2022-04-11 00:00:00-04:00,73.46144789819454,75.43026200152507,72.96923934305144,73.84817504882812,8290400,0.0,0.0
2022-04-12 00:00:00-04:00,73.619648412934,75.57088653585848,73.42628150623027,73.7690658569336,8057300,0.0,0.0
2022-04-13 00:00:00-04:00,72.89011958441912,74.05031414914927,72.75827792134275,73.94483947753906,8760300,0.0,0.0
2022-04-14 00:00:00-04:00,75.59725813911771,77.2584460032422,74.34916440315764,74.49858856201172,16348400,0.0,0.0
2022-04-18 00:00:00-04:00,74.17337421068648,76.62560532162723,74.11184898736164,76.0103530883789,7897500,0.0,0.0
2022-04-19 00:00:00-04:00,76.47619996623624,78.3219636634285,76.39709226331863,78.14617919921875,12637700,0.0,0.0
2022-04-20 00:00:00-04:00,78.76141479599247,80.49291889414651,78.76141479599247,79.64035034179688,11828400,0.0,0.0
2022-04-21 00:00:00-04:00,80.44898652680486,81.67949789351552,77.97038802926153,78.14617919921875,9563900,0.0,0.0
2022-04-22 00:00:00-04:00,77.45180157101773,77.53090255021841,74.38431173314672,74.48099517822266,11455400,0.0,0.0
2022-04-25 00:00:00-04:00,73.85695335631851,74.98198978987806,72.8549673635704,74.75347137451172,11577600,0.0,0.0
2022-04-26 00:00:00-04:00,74.08548103926032,74.9028913990568,72.31881864116865,72.3979263305664,10062000,0.0,0.0
2022-04-27 00:00:00-04:00,72.40671878654405,73.54054661658925,71.90572571798891,72.2573013305664,9522900,0.0,0.0
2022-04-28 00:00:00-04:00,73.31221176297998,74.33166954416647,72.34594761191451,73.93275451660156,6974600,0.7,0.0
2022-04-29 00:00:00-04:00,73.63134276769031,74.23415202634953,71.19351230100499,71.44172668457031,8097300,0.0,0.0
2022-05-02 00:00:00-04:00,71.44172660526273,72.81577920847573,70.94529783868319,72.65621185302734,8737100,0.0,0.0
2022-05-03 00:00:00-04:00,73.1260626386455,75.18270523046046,72.91330837420563,74.24303436279297,9430500,0.0,0.0
2022-05-04 00:00:00-04:00,74.52668948637918,77.59392248658966,74.41144903229649,77.3191146850586,10495000,0.0,0.0
2022-05-05 00:00:00-04:00,76.01598519337021,76.37944679463125,73.94161636568934,75.29793548583984,8556500,0.0,0.0
2022-05-06 00:00:00-04:00,74.58873864515236,74.96992691010068,72.9664718364188,74.66852569580078,7333600,0.0,0.0
2022-05-09 00:00:00-04:00,73.17037573310861,73.79091170532563,71.55697544200953,71.93816375732422,11161000,0.0,0.0
2022-05-10 00:00:00-04:00,72.70055507615452,73.27677103153574,69.78402189081727,71.14920806884766,9261000,0.0,0.0
2022-05-11 00:00:00-04:00,70.98075881409399,72.74485971264711,69.81946718042354,69.93470764160156,8060000,0.0,0.0
2022-05-12 00:00:00-04:00,69.19006688195154,70.49319245430078,68.03763517687887,69.66876220703125,10315600,0.0,0.0
2022-05-13 00:00:00-04:00,70.56411811868615,72.24843890597099,70.44887764480256,71.39741516113281,7948000,0.0,0.0
2022-05-16 00:00:00-04:00,71.2644380706202,71.74314017405165,69.89925209342726,70.83006286621094,5703600,0.0,0.0
2022-05-17 00:00:00-04:00,72.37254818912608,73.8086546041194,72.09774033249249,73.51611328125,6507100,0.0,0.0
2022-05-18 00:00:00-04:00,72.60302483936348,72.88669938587213,71.20237880701809,71.53038024902344,5949400,0.0,0.0
2022-05-19 00:00:00-04:00,70.67935987877591,71.96475874761998,70.47546561872853,70.88324737548828,7852800,0.0,0.0
2022-05-20 00:00:00-04:00,71.46832661628913,71.99134881353868,68.76454831242462,70.36022186279297,8705000,0.0,0.0
2022-05-23 00:00:00-04:00,71.61903158370868,73.87956135995539,71.0073555584097,72.96648406982422,7787700,0.0,0.0
2022-05-24 00:00:00-04:00,72.51437796114806,72.88669953608272,70.96303130225228,72.65621185302734,6225700,0.0,0.0
2022-05-25 00:00:00-04:00,72.05342022752598,73.41860643303475,71.80520578349461,72.89558410644531,6747800,0.0,0.0
2022-05-26 00:00:00-04:00,73.88843539336916,75.83870412853054,73.7909216184443,75.35113525390625,8573400,0.0,0.0
2022-05-27 00:00:00-04:00,75.85642464271918,76.66312821249346,75.28020877335688,76.63652801513672,6300000,0.0,0.0
2022-05-31 00:00:00-04:00,75.75890037489741,76.96451881455573,75.28906507007976,76.36170959472656,10780700,0.0,0.0
2022-06-01 00:00:00-04:00,76.62767429776929,76.92907559238374,74.20757015433492,75.35113525390625,6543900,0.0,0.0
2022-06-02 00:00:00-04:00,75.5106927939235,75.68798685431716,74.17210031894625,75.5284194946289,7468700,0.0,0.0
2022-06-03 00:00:00-04:00,74.61534216708307,75.34225863538812,74.18096698516946,74.5710220336914,5276900,0.0,0.0
2022-06-06 00:00:00-04:00,75.5284354640747,76.48583982463413,75.12065362828154,75.23590087890625,4022400,0.0,0.0
2022-06-07 00:00:00-04:00,74.59760285901838,75.70570745655776,74.35824847848298,75.6436538696289,4514300,0.0,0.0
2022-06-08 00:00:00-04:00,74.90788674933678,75.46636915065544,73.34767324993628,73.75545501708984,6787200,0.0,0.0
2022-06-09 00:00:00-04:00,73.31221600070704,73.47178337362362,71.93817001040885,71.94703674316406,6951700,0.0,0.0
2022-06-10 00:00:00-04:00,70.51093625125107,70.66163690394609,68.21493923684721,68.61386108398438,9671600,0.0,0.0
2022-06-13 00:00:00-04:00,66.50401809660532,67.60326298393356,65.7239147123741,66.64585876464844,10446400,0.0,0.0
2022-06-14 00:00:00-04:00,66.85861031144857,68.0553621557025,65.83915253177486,66.4508285522461,7400300,0.0,0.0
2022-06-15 00:00:00-04:00,67.19548976070418,68.43656194736398,65.89235720137523,67.39051055908203,9273300,0.0,0.0
2022-06-16 00:00:00-04:00,65.6795881605585,65.91894259831484,64.26121528929338,65.55548095703125,11068400,0.0,0.0
2022-06-17 00:00:00-04:00,65.43136869661635,66.14942519105477,64.41191771262201,64.62467193603516,17285900,0.0,0.0
2022-06-21 00:00:00-04:00,66.54832675642655,66.7078940825727,65.74163015887302,66.15827178955078,8063800,0.0,0.0
2022-06-22 00:00:00-04:00,65.28066194467814,66.40650007974028,64.79309318329939,65.95439147949219,6322600,0.0,0.0
2022-06-23 00:00:00-04:00,65.96326672939833,66.06964046319368,64.03073165987374,65.57321166992188,7958000,0.0,0.0
2022-06-24 00:00:00-04:00,67.01818023378623,69.63331174787255,66.50401795820291,68.98617553710938,10795400,0.0,0.0
2022-06-27 00:00:00-04:00,69.50032315862637,69.50032315862637,68.17946434456802,68.64929962158203,5937600,0.0,0.0
2022-06-28 00:00:00-04:00,71.25557875011349,72.00022879846553,69.19007624953156,69.28759002685547,10259100,0.0,0.0
2022-06-29 00:00:00-04:00,69.39395113340586,70.28930166967528,68.71136157981522,69.31417083740234,8534900,0.0,0.0
2022-06-30 00:00:00-04:00,67.87806536493119,68.1085530502964,66.06963757283803,67.42595672607422,10182400,0.0,0.0
2022-07-01 00:00:00-04:00,67.16002621236697,68.30359132400736,66.20262191936537,68.03764343261719,6017500,0.0,0.0
2022-07-05 00:00:00-04:00,66.53947279987142,67.48801020868292,65.24520724526266,67.47028350830078,8706900,0.0,0.0
2022-07-06 00:00:00-04:00,67.16001507959307,67.52346992335335,66.2114776770949,66.88520050048828,6895900,0.0,0.0
2022-07-07 00:00:00-04:00,67.62985311507985,68.4454166264869,67.48801245396473,68.2503890991211,6258300,0.0,0.0
2022-07-08 00:00:00-04:00,68.60498088260623,68.72022134204373,67.7273638125276,68.01990509033203,5890500,0.0,0.0
2022-07-11 00:00:00-04:00,67.24866359482303,67.69190550791133,66.73450135244023,67.21320343017578,4918900,0.0,0.0
2022-07-12 00:00:00-04:00,66.66358476968,68.48974615330286,66.53947756810716,67.31958770751953,6558400,0.0,0.0
2022-07-13 00:00:00-04:00,66.69903253103327,66.92952018965832,65.60866135382109,66.46855163574219,7780100,0.0,0.0
2022-07-14 00:00:00-04:00,65.60866235432873,66.54833293818007,63.87115506563472,66.21147155761719,13296200,0.0,0.0
2022-07-15 00:00:00-04:00,67.31958211259641,69.82832613303319,67.0713677300798,69.1900634765625,11663900,0.0,0.0
2022-07-18 00:00:00-04:00,70.4754760341622,71.27331296457463,69.51807171766728,69.90812683105469,11596800,0.0,0.0
2022-07-19 00:00:00-04:00,70.79460922882132,72.68281761927607,70.76801579228948,72.38141632080078,9952000,0.0,0.0
2022-07-20 00:00:00-04:00,72.22183028571455,72.93101320896933,71.7519949927664,72.52323150634766,7653400,0.0,0.0
2022-07-21 00:00:00-04:00,72.2484337547145,73.66680656164924,72.00021935891779,73.59588623046875,9053400,0.0,0.0
2022-07-22 00:00:00-04:00,73.66681093859012,74.04799928716494,72.39027871817072,73.07286834716797,6564000,0.0,0.0
2022-07-25 00:00:00-04:00,73.48063093802655,73.73771201418127,72.79804148731716,73.17922973632812,6208200,0.0,0.0
2022-07-26 00:00:00-04:00,72.51436898067149,73.19695845018369,71.47717791703965,71.6190185546875,7121600,0.0,0.0
2022-07-27 00:00:00-04:00,72.15092675906239,73.45405922258435,71.76973839737457,73.14379119873047,7751300,0.0,0.0
2022-07-28 00:00:00-04:00,73.16615023080394,74.33845301541436,72.39654489553595,74.23106384277344,6324800,0.775,0.0
2022-07-29 00:00:00-04:00,74.24898144602541,75.7344944365057,74.24898144602541,75.4391860961914,8597700,0.0,0.0
2022-08-01 00:00:00-04:00,74.86644771787705,75.65394790292343,74.28476826385388,75.2512435913086,5439200,0.0,0.0
2022-08-02 00:00:00-04:00,74.57112406018827,75.6986796178482,74.24001257438849,74.7500991821289,7684700,0.0,0.0
2022-08-03 00:00:00-04:00,75.77922481088103,76.59357050870331,75.27808899683657,76.11033630371094,7043600,0.0,0.0
2022-08-04 00:00:00-04:00,76.24457077281382,76.64727508146017,75.88662049063572,76.38775634765625,5722600,0.0,0.0
2022-08-05 00:00:00-04:00,76.05665454790395,77.5958655368803,75.80608658736638,77.07682800292969,6219300,0.0,0.0
2022-08-08 00:00:00-04:00,77.64059978734286,78.05224805775215,76.91573479105666,76.9873275756836,5719700,0.0,0.0
2022-08-09 00:00:00-04:00,77.36317530759594,77.71218157961803,76.84414471552677,77.28263854980469,4920100,0.0,0.0
2022-08-10 00:00:00-04:00,78.32966470510452,80.23578341432128,78.30281911665875,79.54671478271484,7271700,0.0,0.0
2022-08-11 00:00:00-04:00,80.52214710592759,81.29174566937719,80.36106674905118,80.7190170288086,8808100,0.0,0.0
2022-08-12 00:00:00-04:00,81.09486521535587,82.10608759653273,80.59372259933974,82.02555084228516,6259000,0.0,0.0
2022-08-15 00:00:00-04:00,81.12170817934138,82.58932593622998,80.95167704480555,82.34770202636719,7348900,0.0,0.0
2022-08-16 00:00:00-04:00,81.86448021897453,82.57143679278887,81.73918942950833,82.16873931884766,5953800,0.0,0.0
2022-08-17 00:00:00-04:00,80.88903794629137,82.17768063809562,80.85324155735645,81.74813079833984,5499000,0.0,0.0
2022-08-18 00:00:00-04:00,81.58706074935999,82.32982055162358,81.42598039257346,82.08820343017578,4664800,0.0,0.0
2022-08-19 00:00:00-04:00,81.12171695191054,81.36333406043917,80.23577845068745,80.54898834228516,6264100,0.0,0.0
2022-08-22 00:00:00-04:00,79.1350730494677,79.51987577980749,78.49075156355325,79.16191864013672,6452800,0.0,0.0
2022-08-23 00:00:00-04:00,79.16190890535667,79.86887229171624,78.71446424265797,79.01873016357422,7487700,0.0,0.0
2022-08-24 00:00:00-04:00,78.74131026066489,79.68094678845654,78.58022990811385,79.28719329833984,5262400,0.0,0.0
2022-08-25 00:00:00-04:00,79.70779258413886,80.62952750435221,79.46617546841318,80.45950317382812,4943300,0.0,0.0
2022-08-26 00:00:00-04:00,80.84430707685753,80.97854185560155,77.60481173997445,77.68534851074219,7911500,0.0,0.0
2022-08-29 00:00:00-04:00,77.08575509595711,77.34527378309829,76.11927312194085,76.37879180908203,7505300,0.0,0.0
2022-08-30 00:00:00-04:00,77.08577929620697,77.1663228997255,75.35864232591962,75.5555191040039,8849400,0.0,0.0
2022-08-31 00:00:00-04:00,75.71659099203237,76.90679550608719,75.22439910202048,76.2624740600586,9223100,0.0,0.0
2022-09-01 00:00:00-04:00,75.77027590421419,77.14840625481867,74.62481868487114,77.11260986328125,7830800,0.0,0.0
2022-09-02 00:00:00-04:00,78.17752084996701,79.67198417139537,76.7099031120731,77.31842803955078,9974400,0.0,0.0
2022-09-06 00:00:00-04:00,77.63163824785074,77.712174998822,74.41898929091433,76.18191528320312,10689300,0.0,0.0
2022-09-07 00:00:00-04:00,75.50181477372875,78.08804437560305,75.50181477372875,77.73008728027344,7592700,0.0,0.0
2022-09-08 00:00:00-04:00,77.43477059858465,79.18875282001846,76.96048035853667,79.14401245117188,8446700,0.0,0.0
2022-09-09 00:00:00-04:00,79.84202930887358,80.37896155613451,79.46617741853731,80.05680084228516,5976200,0.0,0.0
2022-09-12 00:00:00-04:00,80.54003587127134,81.47072154952386,80.40580111265987,80.67427062988281,8030800,0.0,0.0
2022-09-13 00:00:00-04:00,78.75922429893595,79.35879860625343,77.67640885770943,77.90013122558594,7890700,0.0,0.0
2022-09-14 00:00:00-04:00,78.33861732775468,78.84870400244937,77.07682002182014,78.0164566040039,8341100,0.0,0.0
2022-09-15 00:00:00-04:00,78.1596296837719,80.05679749404288,78.07909292240986,78.9829330444336,8883100,0.0,0.0
2022-09-16 00:00:00-04:00,78.2133277527,78.48179045160123,76.58462946716334,78.24017333984375,20988900,0.0,0.0
2022-09-19 00:00:00-04:00,77.067873698613,79.66304736574199,77.03207730512284,79.39458465576172,6011500,0.0,0.0
2022-09-20 00:00:00-04:00,78.83975165528882,79.15296156740412,77.29159687792007,78.02540588378906,8092300,0.0,0.0
2022-09-21 00:00:00-04:00,78.66076885642725,79.77938045328354,77.2736877453401,77.28263854980469,9707800,0.0,0.0
2022-09-22 00:00:00-04:00,77.77484133321991,78.07910045321863,75.41232702677799,75.85977172851562,8376300,0.0,0.0
2022-09-23 00:00:00-04:00,74.52638743724987,74.89329536497489,71.78802808384545,72.94243621826172,9990500,0.0,0.0
2022-09-26 00:00:00-04:00,72.41444908088742,73.07667215697334,70.7052138660403,71.37638092041016,8496000,0.0,0.0
2022-09-27 00:00:00-04:00,72.21757573692081,72.35181051964034,70.11458689919714,71.12581634521484,6855400,0.0,0.0
2022-09-28 00:00:00-04:00,71.37637907403847,73.2824910012542,71.3137370903496,72.9066390991211,6693500,0.0,0.0
2022-09-29 00:00:00-04:00,72.30705656760777,72.51287727866422,70.72309871835178,71.46585845947266,5892700,0.0,0.0
2022-09-30 00:00:00-04:00,71.38531879924945,72.62922124833149,70.57097305980973,70.70520782470703,8090900,0.0,0.0
2022-10-03 00:00:00-04:00,71.6358822474838,72.46812946562096,70.0877209477907,71.93119049072266,8169200,0.0,0.0
2022-10-04 00:00:00-04:00,73.55990935789274,75.83292935852367,73.20195904327622,75.14386749267578,7875000,0.0,0.0
2022-10-05 00:00:00-04:00,73.40776267985174,74.80378769833925,72.82608331299427,74.3742446899414,5956500,0.0,0.0
2022-10-06 00:00:00-04:00,73.78362393198042,74.44584696455969,72.60237026699389,72.7634506225586,6434800,0.0,0.0
2022-10-07 00:00:00-04:00,72.21755686224141,72.29810044180823,70.14141415818644,70.63360595703125,7180900,0.0,0.0
2022-10-10 00:00:00-04:00,71.09000882073636,71.34057673461189,69.6402856837176,70.16827392578125,5418000,0.0,0.0
2022-10-11 00:00:00-04:00,69.72979087358365,70.16829166116266,68.49484577414567,68.906494140625,6271100,0.0,0.0
2022-10-12 00:00:00-04:00,68.89751391357747,69.62237876950644,68.3068906234283,68.54850769042969,6411600,0.0,0.0
2022-10-13 00:00:00-04:00,67.09881109874499,71.28689381893628,66.82139073841991,70.98262786865234,11811500,0.0,0.0
2022-10-14 00:00:00-04:00,69.11230668092524,70.74994898303575,66.9645709010285,67.38516998291016,13658500,0.0,0.0
2022-10-17 00:00:00-04:00,68.73644605707828,70.016138049821,68.3069030095284,69.0317611694336,11412400,0.0,0.0
2022-10-18 00:00:00-04:00,71.41217997034367,72.1191366190557,70.14143177796322,71.09001922607422,9767800,0.0,0.0
2022-10-19 00:00:00-04:00,70.83049475561096,71.22424143437131,69.23759277492358,69.47920989990234,7429600,0.0,0.0
2022-10-20 00:00:00-04:00,69.47024242476678,70.28459483041986,68.13685949972879,68.54850769042969,7638100,0.0,0.0
2022-10-21 00:00:00-04:00,68.55748070996431,71.1705562424758,68.20847437371964,70.89314270019531,8149000,0.0,0.0
2022-10-24 00:00:00-04:00,71.17053460962795,72.57551033366481,70.31144182557955,71.08104705810547,8143300,0.0,0.0
2022-10-25 00:00:00-04:00,70.34724773828904,72.19071749365732,70.34724773828904,72.04753875732422,8173600,0.0,0.0
2022-10-26 00:00:00-04:00,72.12807437135537,73.42566791967494,72.1101795898966,72.4054946899414,7733400,0.0,0.0
2022-10-27 00:00:00-04:00,73.38093644220041,73.81048639131245,72.1280898203772,72.20863342285156,6466400,0.0,0.0
2022-10-28 00:00:00-04:00,72.5293674916362,74.36361549193275,71.84266108596589,74.29132843017578,7816100,0.775,0.0
2022-10-31 00:00:00-04:00,73.88474151808383,75.3214180126224,73.81246132785212,74.24617004394531,9087400,0.0,0.0
2022-11-01 00:00:00-04:00,75.22200485211988,75.87257464572063,74.98707533916986,75.64668273925781,8195600,0.0,0.0
2022-11-02 00:00:00-04:00,75.4027212717764,78.35739149024049,75.37561534395691,76.2340087890625,10907500,0.0,0.0
2022-11-03 00:00:00-04:00,75.05033283683933,76.46893388564351,74.5895182617366,75.55633544921875,6447200,0.0,0.0
2022-11-04 00:00:00-04:00,76.93880535670243,77.48094469889247,75.89970092952733,76.66773223876953,6929700,0.0,0.0
2022-11-07 00:00:00-05:00,77.27311719122272,77.82429411475731,76.90265796849684,77.31829833984375,4599600,0.0,0.0
2022-11-08 00:00:00-05:00,77.35443051816009,77.91464496786946,76.3605074375639,77.0562515258789,4850300,0.0,0.0
2022-11-09 00:00:00-05:00,76.69481960481305,77.11045989632576,75.16779496491664,75.40271759033203,5200800,0.0,0.0
2022-11-10 00:00:00-05:00,78.33029541098668,80.39946651668514,78.17668364457174,80.23682403564453,10013900,0.0,0.0
2022-11-11 00:00:00-05:00,80.4175369006202,82.84813657022184,80.4175369006202,82.02588653564453,9119100,0.0,0.0
2022-11-14 00:00:00-05:00,81.56506205152603,82.54995453556548,81.13135336916065,81.14942169189453,4873400,0.0,0.0
2022-11-15 00:00:00-05:00,82.28792156822959,83.00174097740478,80.74282141432207,81.77288818359375,7336100,0.0,0.0
2022-11-16 00:00:00-05:00,81.7457753102831,81.7457753102831,80.47174147592638,81.15845489501953,4368600,0.0,0.0
2022-11-17 00:00:00-05:00,80.1374375439606,80.52597200840233,79.07122716900484,80.37236022949219,4967300,0.0,0.0
2022-11-18 00:00:00-05:00,81.56505324725484,81.65541553219605,80.04705923548048,80.59823608398438,5450700,0.0,0.0
2022-11-21 00:00:00-05:00,80.4717471709881,81.03196169643137,80.02900087311576,80.48982238769531,4667100,0.0,0.0
2022-11-22 00:00:00-05:00,80.95061638132427,81.49276244558976,80.68858784891582,81.02290344238281,3804100,0.0,0.0
2022-11-23 00:00:00-05:00,81.06810224061022,81.7277028588689,81.022921094187,81.25785064697266,4961400,0.0,0.0
2022-11-25 00:00:00-05:00,81.00485890519,82.2969612028314,80.84221641689683,82.14335632324219,2450100,0.0,0.0
2022-11-28 00:00:00-05:00,81.50181402129067,82.31502643218631,81.05003011453478,81.22171020507812,6147700,0.0,0.0
2022-11-29 00:00:00-05:00,80.99582656180544,82.64935748466496,80.95968301831563,82.29696655273438,5307100,0.0,0.0
2022-11-30 00:00:00-05:00,82.47765995925299,84.25768946159033,80.53498799239561,84.09504699707031,10520600,0.0,0.0
2022-12-01 00:00:00-05:00,84.08601117450544,84.47454557612399,83.1643751184456,84.03179931640625,7310400,0.0,0.0
2022-12-02 00:00:00-05:00,83.00173544933094,83.72459241884391,82.68548811029711,83.21858978271484,5197800,0.0,0.0
2022-12-05 00:00:00-05:00,82.65838515299443,82.87523949417712,80.49885177467127,81.14942169189453,8272500,0.0,0.0
2022-12-06 00:00:00-05:00,80.97775682777979,81.10425578095486,78.07730472653573,79.07122802734375,10424700,0.0,0.0
2022-12-07 00:00:00-05:00,78.4477477451384,79.54106383917448,78.34835474625562,78.86338806152344,7066700,0.0,0.0
2022-12-08 00:00:00-05:00,79.22482289942594,80.22778368258376,78.61039653581281,80.1374282836914,6141400,0.0,0.0
2022-12-09 00:00:00-05:00,80.12839706428957,81.10425199495154,79.84829323728823,80.84221649169922,6488300,0.0,0.0
2022-12-12 00:00:00-05:00,80.4265782328382,82.5228554205453,79.76697065293054,82.3331069946289,7496200,0.0,0.0
2022-12-13 00:00:00-05:00,84.62816128540928,85.98351295063101,83.1914849355632,83.76976776123047,10330500,0.0,0.0
2022-12-14 00:00:00-05:00,83.58906144254136,83.74266631834888,81.20364293542006,81.77288818359375,7704600,0.0,0.0
2022-12-15 00:00:00-05:00,80.55307926886478,80.58922281192874,78.53811982852466,79.32422637939453,8795200,0.0,0.0
2022-12-16 00:00:00-05:00,78.18571533984155,78.49293195576197,77.55322068011533,78.48389434814453,17262000,0.0,0.0
2022-12-19 00:00:00-05:00,78.37545751091251,78.64653056850143,76.76710816652626,77.30021667480469,5129600,0.0,0.0
2022-12-20 00:00:00-05:00,77.6345444001464,78.11343423534449,76.9297626129737,76.94783782958984,5206800,0.0,0.0
2022-12-21 00:00:00-05:00,78.07729483095662,79.35132181037022,78.02307607669908,78.49293518066406,5422400,0.0,0.0
2022-12-22 00:00:00-05:00,78.23090136385487,78.23090136385487,76.59543896682372,78.04115295410156,5635200,0.0,0.0
2022-12-23 00:00:00-05:00,78.00499937124533,78.23089129096259,77.11950001273698,77.80621337890625,3316100,0.0,0.0
2022-12-27 00:00:00-05:00,78.03211618463153,78.03211618463153,76.74905155612315,76.85747528076172,7064700,0.0,0.0
2022-12-28 00:00:00-05:00,76.76712205000365,76.99301400762266,75.95390962384012,76.31533813476562,3714900,0.0,0.0
2022-12-29 00:00:00-05:00,76.76712082786145,77.33636607027573,76.40569232268993,77.0201187133789,3461700,0.0,0.0
2022-12-30 00:00:00-05:00,76.53218580470141,76.98396968051117,76.06233360707621,76.82132720947266,4455600,0.0,0.0
2023-01-03 00:00:00-05:00,77.3815322091542,78.24895631710976,76.78518115091715,77.45381927490234,5108900,0.0,0.0
2023-01-04 00:00:00-05:00,77.30022057161707,78.92663831811795,76.96589803622697,78.29414367675781,7726800,0.0,0.0
2023-01-05 00:00:00-05:00,77.61649893248087,77.86045927923388,76.64968136908352,77.63456726074219,5339900,0.0,0.0
2023-01-06 00:00:00-05:00,78.10438745939075,79.47780721175026,77.44478006204892,79.11637878417969,5710900,0.0,0.0
2023-01-09 00:00:00-05:00,79.739867155909,80.3362252787307,78.9808734290552,79.18869018554688,5039700,0.0,0.0
2023-01-10 00:00:00-05:00,79.10735440255156,80.35427533910648,78.46581527309114,80.3452377319336,4536600,0.0,0.0
2023-01-11 00:00:00-05:00,80.75185655852668,81.14942170179758,80.28199744328577,80.80606842041016,6122600,0.0,0.0
2023-01-12 00:00:00-05:00,81.33915872107384,82.9565456796209,80.73377003590475,81.79998016357422,7895600,0.0,0.0
2023-01-13 00:00:00-05:00,80.4446344748267,83.11016343361442,79.7579210648815,82.8210220336914,8414600,0.0,0.0
2023-01-17 00:00:00-05:00,86.65215065489346,89.54356476586669,85.8389382819088,87.7183609008789,27914300,0.0,0.0
2023-01-18 00:00:00-05:00,87.46536469078924,88.50446213270158,87.04971744161413,87.2665786743164,14134800,0.0,0.0
2023-01-19 00:00:00-05:00,85.48653260965817,85.82085510894254,83.97757634703669,85.07089233398438,13457100,0.0,0.0
2023-01-20 00:00:00-05:00,85.05282971384705,86.99550175252546,84.82693777664433,86.95935821533203,10785000,0.0,0.0
2023-01-23 00:00:00-05:00,86.62504412527355,87.84485922947162,86.28168396257004,87.76353454589844,8735300,0.0,0.0
2023-01-24 00:00:00-05:00,86.99551074581842,87.47440059920619,83.9595222444699,86.29976654052734,4801600,0.0,0.0
2023-01-25 00:00:00-05:00,85.73050763312794,86.67925655017419,85.33294250157596,86.41722106933594,5891000,0.0,0.0
2023-01-26 00:00:00-05:00,86.94129228748747,87.23043369932144,86.11904230446511,87.19429016113281,6085100,0.0,0.0
2023-01-27 00:00:00-05:00,87.11297427677869,88.03461039289436,86.48047268514914,87.51957702636719,7990800,0.0,0.0
2023-01-30 00:00:00-05:00,86.55861982654221,87.99777356300736,86.45842513923908,87.40571594238281,5870100,0.775,0.0
2023-01-31 00:00:00-05:00,87.70631167094572,88.69003766844335,87.22355917660302,88.65360260009766,7182100,0.0,0.0
2023-02-01 00:00:00-05:00,88.30746166850781,90.22936784575734,88.28924761129616,89.43692779541016,9815200,0.0,0.0
2023-02-02 00:00:00-05:00,90.06541325181786,91.33150217703913,89.22742763714784,90.36599731445312,11118900,0.0,0.0
2023-02-03 00:00:00-05:00,89.48248545933215,91.2495482039276,89.32764161760227,90.56640625,6948600,0.0,0.0
2023-02-06 00:00:00-05:00,89.67375176793617,90.35689362584104,89.32762906167123,90.0836410522461,4737700,0.0,0.0
2023-02-07 00:00:00-05:00,89.96521756269014,90.9216188606901,89.3094072732568,90.37510681152344,5060700,0.0,0.0
2023-02-08 00:00:00-05:00,89.55534324099462,91.03093215954448,89.31851878385686,90.13829040527344,4705200,0.0,0.0
2023-02-09 00:00:00-05:00,90.37511738758856,90.90341544162692,89.01794413432587,89.30941772460938,4983800,0.0,0.0
2023-02-10 00:00:00-05:00,88.89040938636944,89.81037564049026,88.86308482572944,89.66464233398438,5224900,0.0,0.0
2023-02-13 00:00:00-05:00,89.68287487770228,90.86699037755518,89.40962226569881,90.56640625,4910300,0.0,0.0
2023-02-14 00:00:00-05:00,90.22027760407462,91.98733328400937,90.1474074659201,91.59566497802734,7679500,0.0,0.0
2023-02-15 00:00:00-05:00,90.63926151772552,91.95999963218868,90.63015101403678,91.84159088134766,6464200,0.0,0.0
2023-02-16 00:00:00-05:00,90.88518756908844,91.30418038914628,90.0016563607864,90.69390869140624,6051800,0.0,0.0
2023-02-17 00:00:00-05:00,90.0836443470798,91.10379844465872,89.53713223062275,90.63926696777344,8133000,0.0,0.0
2023-02-21 00:00:00-05:00,89.68285535434842,90.17471828801456,88.51696111867065,88.91773986816406,6556000,0.0,0.0
2023-02-22 00:00:00-05:00,88.69004439948719,89.32764077072981,88.00690245203613,88.59895324707031,5072400,0.0,0.0
2023-02-23 00:00:00-05:00,89.15456481173456,89.64642778652738,88.07975467036029,89.20922088623047,5916100,0.0,0.0
2023-02-24 00:00:00-05:00,88.48964169864232,89.24565367482002,87.99777873640423,88.99060821533203,5414200,0.0,0.0
2023-02-27 00:00:00-05:00,89.63732730531856,89.70108693668465,87.97045943624704,88.07975769042969,5645000,0.0,0.0
2023-02-28 00:00:00-05:00,88.46231609468055,88.61715990987274,87.67897956581892,87.8975830078125,6745300,0.0,0.0
2023-03-01 00:00:00-05:00,87.40570400822597,88.13439128015963,86.76810785724166,87.61520385742188,5429600,0.0,0.0
2023-03-02 00:00:00-05:00,86.94118628617852,87.77917893212069,86.05766196753356,87.51502990722656,4632400,0.0,0.0
2023-03-03 00:00:00-05:00,87.94313090124162,89.66464781966177,87.85203976116486,89.564453125,6504000,0.0,0.0
2023-03-06 00:00:00-05:00,89.66465668966008,90.3569021676306,89.35496207117515,89.61000061035156,5215200,0.0,0.0
2023-03-07 00:00:00-05:00,89.26385013918124,89.50067454453169,87.41481435532536,87.49678802490234,5461400,0.0,0.0
2023-03-08 00:00:00-05:00,87.11424976059008,87.8975863189604,86.85921124377712,87.35107421875,4121300,0.0,0.0
2023-03-09 00:00:00-05:00,86.85921134552837,87.39661294240258,83.5892353458443,83.98090362548828,9162400,0.0,0.0
2023-03-10 00:00:00-05:00,83.58923389105463,84.71870008900414,81.27566626936174,82.02256774902344,16206500,0.0,0.0
2023-03-13 00:00:00-04:00,80.64716789372635,82.14097074842445,78.92565110447943,80.14619445800781,15175400,0.0,0.0
2023-03-14 00:00:00-04:00,84.17217415827761,84.17217415827761,81.17545822852587,81.9496841430664,11089300,0.0,0.0
2023-03-15 00:00:00-04:00,79.18068800280325,79.2626616819347,76.22040691335538,77.77796936035156,14814000,0.0,0.0
2023-03-16 00:00:00-04:00,77.01286596838797,80.41035444454779,75.85607513120206,79.25357055664062,15342400,0.0,0.0
2023-03-17 00:00:00-04:00,78.77990130282184,78.7890118048974,76.23861326734024,76.67582702636719,19935800,0.0,0.0
2023-03-20 00:00:00-04:00,77.05840064574235,78.61596325722932,76.84890769965281,78.00569152832031,8649800,0.0,0.0
2023-03-21 00:00:00-04:00,80.36481222354541,81.23012247463502,80.15531232682689,80.84756469726562,8905600,0.0,0.0
2023-03-22 00:00:00-04:00,80.83846193328763,82.04990196022754,79.66345697662551,79.74543762207031,7299300,0.0,0.0
2023-03-23 00:00:00-04:00,80.10975705966639,80.88398997398863,77.6413389150156,78.18785095214844,9373000,0.0,0.0
2023-03-24 00:00:00-04:00,76.97642306803411,76.97642306803411,74.43513463583606,76.46633911132812,10978700,0.0,0.0
2023-03-27 00:00:00-04:00,78.38823916832891,78.62506359567372,76.83978726100102,77.0948257446289,6626900,0.0,0.0
2023-03-28 00:00:00-04:00,77.02195723455492,77.5775797780749,76.44812063437027,77.31343078613281,5209900,0.0,0.0
2023-03-29 00:00:00-04:00,78.26983725008517,78.65239500886483,77.74153923123055,78.55220031738281,4873500,0.0,0.0
2023-03-30 00:00:00-04:00,79.48126992440243,79.80006802792892,77.84172689301268,78.43378448486328,4113700,0.0,0.0
2023-03-31 00:00:00-04:00,79.06228116014539,80.03689652580405,78.48843759533025,79.97313690185547,6142400,0.0,0.0
2023-04-03 00:00:00-04:00,80.1097677467378,80.44678690674738,78.94387339217717,79.39019775390625,7728400,0.0,0.0
2023-04-04 00:00:00-04:00,79.24444716887128,79.42661553207718,76.74870445670686,77.25878143310547,6222800,0.0,0.0
2023-04-05 00:00:00-04:00,76.35704141176599,76.99463767560428,75.78319782503343,76.34793090820312,6045400,0.0,0.0
2023-04-06 00:00:00-04:00,76.42080276715207,76.87623066570569,75.79231004337905,76.68495178222656,3877800,0.0,0.0
2023-04-10 00:00:00-04:00,76.46633340247458,76.83978757594429,75.99269149512111,76.51187896728516,6185800,0.0,0.0
2023-04-11 00:00:00-04:00,76.77603451156324,78.11499361972422,76.63029425114496,77.50471496582031,5582100,0.0,0.0
2023-04-12 00:00:00-04:00,77.887280402359,78.35181185090592,77.23146312290666,77.85084533691406,4641800,0.0,0.0
2023-04-13 00:00:00-04:00,77.77797187976573,78.13320506606411,76.91266169760871,78.05123138427734,5086000,0.0,0.0
2023-04-14 00:00:00-04:00,78.72526240631969,79.60879359184175,78.33359415756077,78.98030090332031,7865900,0.0,0.0
2023-04-17 00:00:00-04:00,78.93476640104494,81.3485286944182,78.57952624824092,81.33031463623047,8876900,0.0,0.0
2023-04-18 00:00:00-04:00,81.18457577190058,82.46888579852056,80.8293425622564,81.84039306640625,10227600,0.0,0.0
2023-04-19 00:00:00-04:00,79.37197882200181,82.61462344911031,78.78903162947172,82.38690948486328,13886200,0.0,0.0
2023-04-20 00:00:00-04:00,81.84038487703188,83.63477175347688,81.7219761354252,82.36868286132812,6776000,0.0,0.0
2023-04-21 00:00:00-04:00,82.41424516083684,83.19757484407741,81.22101920240124,82.9971923828125,6531000,0.0,0.0
2023-04-24 00:00:00-04:00,83.0973823098226,83.32509627247782,81.56714420280844,82.15919494628906,5004400,0.0,0.0
2023-04-25 00:00:00-04:00,81.64910702840046,81.82217184075729,80.05510950193236,80.20995330810547,5806700,0.0,0.0
2023-04-26 00:00:00-04:00,80.29193468130946,81.7857375354408,80.0733312500233,80.55608367919922,6429100,0.0,0.0
2023-04-27 00:00:00-04:00,81.43961072191446,82.8514328743333,80.96596187068532,82.21383666992188,6375800,0.0,0.0
2023-04-28 00:00:00-04:00,82.18167287817955,82.99017232902183,81.91524320583842,82.659423828125,6374500,0.775,0.0
2023-05-01 00:00:00-04:00,82.86155867855227,83.1647389996994,80.69332135997463,80.78519439697266,7745400,0.0,0.0
2023-05-02 00:00:00-04:00,80.45444938953453,80.45444938953453,78.39646383065183,79.27845764160156,6319100,0.0,0.0
2023-05-03 00:00:00-04:00,79.37952383690387,80.09614340403903,77.69821976972428,77.86359405517578,6546500,0.0,0.0
2023-05-04 00:00:00-04:00,77.33071523145259,77.58796254448566,74.9787317871917,75.89747619628906,10359200,0.0,0.0
2023-05-05 00:00:00-04:00,76.98158900284601,78.11164061447121,76.82540414749343,77.98301696777344,8288000,0.0,0.0
2023-05-08 00:00:00-04:00,78.53427982741484,78.61696346459057,77.46853288516773,77.56959533691406,5825300,0.0,0.0
2023-05-09 00:00:00-04:00,77.17452739035741,78.01058813496199,76.89890127446367,77.51446533203125,4381400,0.0,0.0
2023-05-10 00:00:00-04:00,78.15757788719623,78.29539093508781,76.07203139524142,76.91727447509766,4884900,0.0,0.0
2023-05-11 00:00:00-04:00,76.05366084117465,76.0904114585667,74.98792097465913,75.91584777832031,6717800,0.0,0.0
2023-05-12 00:00:00-04:00,76.25579297829007,76.50385090742868,75.03386111937859,75.69535827636719,5208900,0.0,0.0
2023-05-15 00:00:00-04:00,75.95259157799786,76.60489920686099,75.5667206442134,76.2098388671875,5032100,0.0,0.0
2023-05-16 00:00:00-04:00,75.99854828200206,76.32010746408126,75.1624873991317,75.20842742919922,6862900,0.0,0.0
2023-05-17 00:00:00-04:00,75.83316785894905,77.10103267846164,75.79641723975774,77.09185028076172,8216700,0.0,0.0
2023-05-18 00:00:00-04:00,76.89890118747442,77.67983951180217,76.2741547336902,77.62471008300781,5367700,0.0,0.0
2023-05-19 00:00:00-04:00,76.98158980823668,77.56039622443222,75.54835086748784,75.55753326416016,11183600,0.0,0.0
2023-05-22 00:00:00-04:00,75.56672646287178,76.40278722657793,75.25435673322121,75.58509826660156,5520000,0.0,0.0
2023-05-23 00:00:00-04:00,75.3370377379916,76.7794661069868,75.23597529734211,75.92503356933594,5521200,0.0,0.0
2023-05-24 00:00:00-04:00,75.34622358725785,75.54834845901473,74.17941437646599,74.62041473388672,6827800,0.0,0.0
2023-05-25 00:00:00-04:00,74.61122234475992,76.37520968498514,74.39991508507246,76.25577545166016,6962700,0.0,0.0
2023-05-26 00:00:00-04:00,76.22821673983918,77.7625180596484,76.099593096829,77.08264923095703,7411600,0.0,0.0
2023-05-30 00:00:00-04:00,77.32153855752657,77.69822014821746,76.35685405278285,76.64166259765625,5876800,0.0,0.0
2023-05-31 00:00:00-04:00,76.31091018531656,76.5130350816229,74.53773315335233,75.11654663085938,9559200,0.0,0.0
2023-06-01 00:00:00-04:00,75.86991353101753,76.10878202598968,74.85010669571324,75.40135192871094,6857500,0.0,0.0
2023-06-02 00:00:00-04:00,76.2006602052807,77.79927344463628,76.2006602052807,77.49608612060547,6218500,0.0,0.0
2023-06-05 00:00:00-04:00,77.54202066233324,77.84520796493541,76.45790210319502,76.9356460571289,6631900,0.0,0.0
2023-06-06 00:00:00-04:00,76.80702809079082,79.22333027500231,76.50384076578536,78.88339233398438,6903900,0.0,0.0
2023-06-07 00:00:00-04:00,79.05795000890414,79.93994369788965,78.80988512200847,79.47138214111328,7410800,0.0,0.0
2023-06-08 00:00:00-04:00,79.37951222960459,79.84807380477892,78.25864301538438,79.29682159423828,6795900,0.0,0.0
2023-06-09 00:00:00-04:00,79.69188180222694,79.8940066778138,78.69964324578883,79.20494842529297,6282600,0.0,0.0
2023-06-12 00:00:00-04:00,79.19577373662946,80.5187680703564,79.02121704665362,80.33502197265625,7053500,0.0,0.0
2023-06-13 00:00:00-04:00,80.70249313793194,81.749868052175,80.47280707092808,81.10674285888672,6089200,0.0,0.0
2023-06-14 00:00:00-04:00,81.40075567543703,82.21843766319938,80.51876185749552,80.83113861083984,5772500,0.0,0.0
2023-06-15 00:00:00-04:00,80.50957131687802,82.07144104268045,80.29826402474912,81.81419372558594,8603200,0.0,0.0
2023-06-16 00:00:00-04:00,82.33787474589658,82.36543595607932,80.79438389049258,80.93218994140625,13153100,0.0,0.0
2023-06-20 00:00:00-04:00,80.02263203663479,80.12369447659091,79.24170073562561,79.68270111083984,7382000,0.0,0.0
2023-06-21 00:00:00-04:00,79.52651148228311,80.18800855899855,79.28764298971849,79.32438659667969,6343100,0.0,0.0
2023-06-22 00:00:00-04:00,78.57100428483854,78.67206671194947,77.5052646118445,77.6338882446289,6214600,0.0,0.0
2023-06-23 00:00:00-04:00,76.49466021635278,77.10102787154521,75.8882855516969,76.78865814208984,10026600,0.0,0.0
2023-06-26 00:00:00-04:00,76.77028272157828,77.39502921756159,76.4854741898457,76.79784393310547,6377400,0.0,0.0
2023-06-27 00:00:00-04:00,77.09185130003833,77.97384514389938,76.6049108464133,77.56959533691406,6639900,0.0,0.0
2023-06-28 00:00:00-04:00,77.67065648855463,77.68902829335372,76.84378508331814,77.16534423828125,4781600,0.0,0.0
2023-06-29 00:00:00-04:00,78.40563951265604,79.06713656657679,77.75333186489063,78.31376647949219,9066500,0.0,0.0
2023-06-30 00:00:00-04:00,79.0303866697918,79.46219763999643,78.46076965332031,78.46076965332031,6191700,0.0,0.0
2023-07-03 00:00:00-04:00,79.32439118241389,80.53714056614334,78.86501896474562,79.38871002197266,5839300,0.0,0.0
2023-07-05 00:00:00-04:00,78.96609118321753,79.26927856666079,78.4148458557073,78.93852996826172,6734300,0.0,0.0
2023-07-06 00:00:00-04:00,77.95546367254718,78.01977550242451,76.27415967930092,76.55897521972656,8546800,0.0,0.0
2023-07-07 00:00:00-04:00,76.26498105686436,77.21128674738529,76.1639186035598,76.58654022216797,8217700,0.0,0.0
2023-07-10 00:00:00-04:00,76.6416551898326,77.53283836799912,76.42115849929002,76.62328338623047,6141200,0.0,0.0
2023-07-11 00:00:00-04:00,77.08265932816116,78.48833718909262,76.82541200844346,78.05652618408203,11053100,0.0,0.0
2023-07-12 00:00:00-04:00,79.63675031295708,80.58305575043661,78.64450486009103,78.80068969726562,8602300,0.0,0.0
2023-07-13 00:00:00-04:00,79.22332723732615,79.6000087704501,78.7731374655325,79.20494842529297,6026500,0.0,0.0
2023-07-14 00:00:00-04:00,80.30744855261611,80.31663094948041,78.60776586464353,78.80989074707031,7732700,0.0,0.0
2023-07-17 00:00:00-04:00,78.71802332650233,79.83889265665648,78.71802332650233,79.35195922851562,7911800,0.0,0.0
2023-07-18 00:00:00-04:00,80.42688368669887,85.0389773798337,80.0226339173735,84.4693603515625,21630800,0.0,0.0
2023-07-19 00:00:00-04:00,84.00079444331867,86.23334344748527,83.90892141213357,85.59022521972656,12004300,0.0,0.0
2023-07-20 00:00:00-04:00,85.54428681302777,86.49059237006419,85.31460072600095,86.17822265625,9541800,0.0,0.0
2023-07-21 00:00:00-04:00,86.61002325960513,86.7294645062924,85.49834348255926,86.37115478515625,6298600,0.0,0.0
2023-07-24 00:00:00-04:00,86.37116376867668,87.64821793518668,86.08634823572866,86.97753143310547,7259800,0.0,0.0
2023-07-25 00:00:00-04:00,87.00508052888841,87.80439057604812,86.73865085596442,86.74783325195312,7760100,0.0,0.0
2023-07-26 00:00:00-04:00,86.72945930625589,87.418517499352,85.70965261971666,85.93933868408203,7201100,0.0,0.0
2023-07-27 00:00:00-04:00,86.04040274341563,87.01426943174921,85.02978544295175,85.21353149414062,8427800,0.0,0.0
2023-07-28 00:00:00-04:00,85.73279948882086,85.86261281047491,84.4624753277256,84.90755462646484,5798400,0.85,0.0
2023-07-31 00:00:00-04:00,85.21353559114759,85.4917039282127,84.4161069578307,84.89826965332031,5242900,0.0,0.0
2023-08-01 00:00:00-04:00,84.5644649650767,84.77773373119628,84.03593732433103,84.3233871459961,4468500,0.0,0.0
2023-08-02 00:00:00-04:00,83.00671176926727,83.5816044324885,82.32982898083024,82.8212661743164,6407400,0.0,0.0
2023-08-03 00:00:00-04:00,82.37617485452128,83.00669968961064,82.07019037481075,82.65435028076172,5137700,0.0,0.0
2023-08-04 00:00:00-04:00,82.84906430869238,83.49813789861304,82.07945181566811,82.3298110961914,6191700,0.0,0.0
2023-08-07 00:00:00-04:00,82.94179173864659,83.18287663267189,82.50599395330545,82.59871673583984,4663300,0.0,0.0
2023-08-08 00:00:00-04:00,81.45820375867594,82.07945416632353,79.98389245626201,82.03309631347656,6921200,0.0,0.0
2023-08-09 00:00:00-04:00,82.03310179162597,82.53381332615525,81.10585978122992,81.1893081665039,5200500,0.0,0.0
2023-08-10 00:00:00-04:00,81.51384807253972,82.45963180515093,80.96677161083997,81.26348876953125,4250100,0.0,0.0
2023-08-11 00:00:00-04:00,80.72568798766846,81.78274332439709,80.68859745795753,81.31912231445312,3922300,0.0,0.0
2023-08-14 00:00:00-04:00,80.63295402522196,81.04094272120196,80.22496532924197,80.97603607177734,3637500,0.0,0.0
2023-08-15 00:00:00-04:00,80.12298481698872,80.1786170733541,79.48318557160667,79.89117431640625,9308700,0.0,0.0
2023-08-16 00:00:00-04:00,79.50171766471603,80.47532447889597,79.36262996636258,79.73352813720703,5746300,0.0,0.0
2023-08-17 00:00:00-04:00,80.29915179261266,80.57732720849961,79.00101164229807,79.54808807373047,7611200,0.0,0.0
2023-08-18 00:00:00-04:00,78.77848393121077,80.02099196019009,78.54667341808658,78.71357727050781,6650000,0.0,0.0
2023-08-21 00:00:00-04:00,78.83412101651744,79.10302207711808,77.57307825627728,78.12014770507812,5385300,0.0,0.0
2023-08-22 00:00:00-04:00,78.54666770226743,78.60229995759434,76.81272264353079,76.94254302978516,6002300,0.0,0.0
2023-08-23 00:00:00-04:00,76.96109191741625,77.62870734063536,76.84982032211455,77.32271575927734,5878600,0.0,0.0
2023-08-24 00:00:00-04:00,77.11871266785059,78.58375667297695,77.05380601315738,77.36907196044922,5023000,0.0,0.0
2023-08-25 00:00:00-04:00,77.60088206349951,78.02741251710384,76.71999795502327,77.16507720947266,5461400,0.0,0.0
2023-08-28 00:00:00-04:00,77.70288947696636,78.69503822397729,77.67506627203511,78.24068450927734,6439700,0.0,0.0
2023-08-29 00:00:00-04:00,78.2685061348418,79.36264498067284,78.18505067032343,79.3255615234375,6212300,0.0,0.0
2023-08-30 00:00:00-04:00,79.39045591227443,79.7428052959057,78.84337949963452,79.05664825439453,5051800,0.0,0.0
2023-08-31 00:00:00-04:00,79.43682891644234,79.43682891644234,78.5930422850611,78.95466613769531,5581200,0.0,0.0
2023-09-01 00:00:00-04:00,79.74280443552979,80.16006046623052,79.08446352689597,79.51099395751953,4981800,0.0,0.0
2023-09-05 00:00:00-04:00,79.59443234746053,79.99314660258443,78.63937442977368,78.66719055175781,4919400,0.0,0.0
2023-09-06 00:00:00-04:00,78.14796191051494,78.58376682301365,77.28562648718437,78.03669738769531,5384000,0.0,0.0
2023-09-07 00:00:00-04:00,77.87904742062129,78.6950248434341,77.6843274649849,77.73995971679688,5504200,0.0,0.0
2023-09-08 00:00:00-04:00,78.02741320919162,78.76920254079377,77.5730666245845,78.74138641357422,6127600,0.0,0.0
2023-09-11 00:00:00-04:00,79.16790529353267,79.43680627448916,77.28560550113102,77.43396759033203,7780900,0.0,0.0
2023-09-12 00:00:00-04:00,77.27635033355573,80.23425478590967,77.17436021471524,79.3255615234375,8942600,0.0,0.0
2023-09-13 00:00:00-04:00,79.8819058638848,81.411856696514,79.8819058638848,80.90187072753906,10617400,0.0,0.0
2023-09-14 00:00:00-04:00,81.67147939600646,82.62653755146164,81.52311727609737,82.58944702148438,8109600,0.0,0.0
2023-09-15 00:00:00-04:00,81.77347602162693,82.2741875614284,81.5416655165871,81.97747039794922,17629500,0.0,0.0
2023-09-18 00:00:00-04:00,82.12581718933093,82.57089642696918,81.18003353650454,82.25563049316406,5501900,0.0,0.0
2023-09-19 00:00:00-04:00,82.32054265403532,82.96034189023916,81.54166277891323,82.0701904296875,5769000,0.0,0.0
2023-09-20 00:00:00-04:00,82.36689915820706,82.6636162813742,80.72567704389637,80.79985809326172,5268200,0.0,0.0
2023-09-21 00:00:00-04:00,80.05808018450159,80.2157167192781,78.65794969534409,78.70430755615234,6933900,0.0,0.0
2023-09-22 00:00:00-04:00,79.02884767392305,79.02884767392305,76.97036907018382,77.22999572753906,7420600,0.0,0.0
2023-09-25 00:00:00-04:00,76.61800103005523,77.22070972223382,76.31201655803392,76.98889923095703,4748800,0.0,0.0
2023-09-26 00:00:00-04:00,76.10802652859978,76.74781871044297,75.77421883620542,76.19147491455078,5557000,0.0,0.0
2023-09-27 00:00:00-04:00,76.41401835581551,76.5994639303206,75.19005209661925,75.70931243896484,5708200,0.0,0.0
2023-09-28 00:00:00-04:00,75.55168100391371,76.54382965741233,75.52385780160486,76.21002197265625,5665400,0.0,0.0
2023-09-29 00:00:00-04:00,76.97036757145732,77.04454156190323,75.13442512772883,75.72785949707031,6830500,0.0,0.0
2023-10-02 00:00:00-04:00,75.19933202600618,75.5424141457874,74.08664434858466,74.55953979492188,6722200,0.0,0.0
2023-10-03 00:00:00-04:00,73.78991656876518,74.03099438387368,72.1672431454913,72.34341430664062,7526800,0.0,0.0
2023-10-04 00:00:00-04:00,72.4175885606816,73.52100864866686,71.96324202563227,73.33555603027344,6848700,0.0,0.0
2023-10-05 00:00:00-04:00,72.76996196408406,73.7528363106876,72.34342437948314,73.3912124633789,5589300,0.0,0.0
2023-10-06 00:00:00-04:00,72.99249137646281,74.91188203361133,72.69577421941601,74.4853515625,6306400,0.0,0.0
2023-10-09 00:00:00-04:00,73.80845929781869,74.25353855550946,73.18720887658544,74.09590911865234,5125000,0.0,0.0
2023-10-10 00:00:00-04:00,74.41118310461812,75.20861192563935,74.19791429580238,74.29991149902344,6245400,0.0,0.0
2023-10-11 00:00:00-04:00,74.09591741403104,74.37408579122204,72.98322268238017,73.1594009399414,8928700,0.0,0.0
2023-10-12 00:00:00-04:00,73.13157821826236,73.13157821826236,71.66653417782987,72.14869689941406,11654600,0.0,0.0
2023-10-13 00:00:00-04:00,72.51032301966872,73.46538824116706,71.71289431778555,72.13015747070312,6442800,0.0,0.0
2023-10-16 00:00:00-04:00,73.05739464378456,73.41901844108504,72.20433374114215,73.00176239013672,7901500,0.0,0.0
2023-10-17 00:00:00-04:00,72.31560160373056,74.76351991794041,72.30633427722242,74.4853515625,12324800,0.0,0.0
2023-10-18 00:00:00-04:00,70.86910503951432,71.462539342656,68.05956296307593,69.43187713623047,34732300,0.0,0.0
2023-10-19 00:00:00-04:00,69.42262855260387,70.89694030786049,67.58668581801402,67.614501953125,17486100,0.0,0.0
2023-10-20 00:00:00-04:00,67.79993677516586,68.6159071786523,67.08595648210714,67.8092041015625,11270600,0.0,0.0
2023-10-23 00:00:00-04:00,67.438318751928,67.56813207556903,66.05672297642688,66.4832534790039,12847100,0.0,0.0
2023-10-24 00:00:00-04:00,66.52962523530009,66.85415857768619,65.90837468354721,66.35344696044922,9265500,0.0,0.0
2023-10-25 00:00:00-04:00,66.0659904145315,66.66869911036514,65.95471883129773,66.205078125,8461700,0.0,0.0
2023-10-26 00:00:00-04:00,66.26998829519535,67.40122469137859,66.20508163677312,66.82633209228516,10903200,0.0,0.0
2023-10-27 00:00:00-04:00,66.67797709245765,66.77069987965228,65.08311968524724,65.27783966064453,11099100,0.0,0.0
2023-10-30 00:00:00-04:00,65.74712066825434,66.53551950026268,65.15581438349575,66.25394439697266,9769600,0.85,0.0
2023-10-31 00:00:00-04:00,66.4228865454819,66.65753007273996,65.95359949096577,66.46981811523438,8949000,0.0,0.0
2023-11-01 00:00:00-04:00,66.79830718061689,67.49285706848363,66.3571762726005,66.5918197631836,9429000,0.0,0.0
2023-11-02 00:00:00-04:00,67.27700136312403,69.01336226344945,67.24884528183141,68.94766235351562,11638000,0.0,0.0
2023-11-03 00:00:00-04:00,70.00825148845476,71.96987543988591,69.96132707132215,71.57567596435547,14951100,0.0,0.0
2023-11-06 00:00:00-05:00,71.9698720679802,72.04495972477852,70.73095437382027,71.25655364990234,8140300,0.0,0.0
2023-11-07 00:00:00-05:00,71.2002494622737,71.49120521401356,70.32737504630025,70.87174987792969,7657700,0.0,0.0
2023-11-08 00:00:00-05:00,70.8154118917534,71.50996187081466,70.44936857124232,71.30347442626953,8075200,0.0,0.0
2023-11-09 00:00:00-05:00,71.03130142363048,71.397344818047,69.41695252479174,69.63282775878906,9497200,0.0,0.0
2023-11-10 00:00:00-05:00,70.07396149564754,70.75911673264788,69.50143059308355,70.70280456542969,8924000,0.0,0.0
2023-11-13 00:00:00-05:00,70.15843087228767,70.881129952615,69.97071887137906,70.43061828613281,4868400,0.0,0.0
2023-11-14 00:00:00-05:00,71.96987475945534,74.10982293296404,71.9604870118162,73.49974822998047,12287700,0.0,0.0
2023-11-15 00:00:00-05:00,73.74378073347859,75.1234860678114,73.67808082045099,74.78559875488281,9841600,0.0,0.0
2023-11-16 00:00:00-05:00,75.0671662669106,75.34873422520833,74.18490424392174,74.7668228149414,6757600,0.0,0.0
2023-11-17 00:00:00-05:00,75.39567120081212,75.49891494114462,75.02962781627079,75.34873962402344,6080700,0.0,0.0
2023-11-20 00:00:00-05:00,75.11409829563927,75.27365420426112,74.46647975261078,74.80436706542969,7644600,0.0,0.0
2023-11-21 00:00:00-05:00,74.21306837034142,74.46648027636122,73.41528166086755,73.6499252319336,7394800,0.0,0.0
2023-11-22 00:00:00-05:00,73.95026103341239,74.02534868693314,73.40588628651606,73.66868591308594,4265400,0.0,0.0
2023-11-24 00:00:00-05:00,73.45281954666184,74.0628942142082,73.25571982220895,73.81886291503906,2398000,0.0,0.0
2023-11-27 00:00:00-05:00,73.46220106903361,73.53728872523516,72.82397031282656,73.16185760498047,5237800,0.0,0.0
2023-11-28 00:00:00-05:00,72.60808857685743,72.69255680361027,71.64135845778817,72.1575698852539,9197900,0.0,0.0
2023-11-29 00:00:00-05:00,72.72073199827217,74.64480480736329,72.58932502268394,73.72500610351562,7420700,0.0,0.0
2023-11-30 00:00:00-05:00,73.93148183780465,74.59787577849313,73.40588261098237,74.46646881103516,8480500,0.0,0.0
2023-12-01 00:00:00-05:00,74.22244767852901,76.0057400480076,73.90332873457365,75.9212646484375,9617100,0.0,0.0
2023-12-04 00:00:00-05:00,75.22673217784069,76.47503772538936,75.14225676657426,76.22161865234375,6713800,0.0,0.0
2023-12-05 00:00:00-05:00,75.72416586932367,75.87433401600073,74.70111627952804,75.24549102783203,6103200,0.0,0.0
2023-12-06 00:00:00-05:00,75.81801509842334,76.73782087256679,74.45708550971594,74.53217315673828,7321800,0.0,0.0
2023-12-07 00:00:00-05:00,74.8606885669741,75.62093146253382,74.7292887371429,75.41444396972656,5430400,0.0,0.0
2023-12-08 00:00:00-05:00,75.34873509716802,77.58254626024508,75.22672302990232,77.22588348388672,10343400,0.0,0.0
2023-12-11 00:00:00-05:00,77.31035628349329,77.75148012449661,76.92553744000324,77.73271179199219,6378100,0.0,0.0
2023-12-12 00:00:00-05:00,77.84535032370972,78.52112492714947,77.49807527451063,78.46480560302734,7395300,0.0,0.0
2023-12-13 00:00:00-05:00,78.34278548724073,80.82062067167793,78.18322960023778,80.37010192871094,10144600,0.0,0.0
2023-12-14 00:00:00-05:00,81.87184142919033,86.34883780371656,81.85306593268912,85.44780731201172,19849500,0.0,0.0
2023-12-15 00:00:00-05:00,85.4102532295798,86.19865212992218,84.71571031821821,85.95462799072266,16905700,0.0,0.0
2023-12-18 00:00:00-05:00,86.0297157822629,86.03909636864876,85.0442099945234,85.18499755859375,9145500,0.0,0.0
2023-12-19 00:00:00-05:00,85.33516843302274,86.68671763403601,85.12868095389535,86.27374267578125,8114900,0.0,0.0
2023-12-20 00:00:00-05:00,85.84199996743664,86.63978664705854,85.34455676111074,85.54165649414062,10467000,0.0,0.0
2023-12-21 00:00:00-05:00,86.48022516431779,86.96828775240894,86.0109380700201,86.94012451171875,7748000,0.0,0.0
2023-12-22 00:00:00-05:00,87.19354958674707,87.90686802445435,86.56470655545078,86.73365020751953,5800800,0.0,0.0
2023-12-26 00:00:00-05:00,86.92136185198862,87.30617357083773,86.69610603703418,87.1372299194336,2726200,0.0,0.0
2023-12-27 00:00:00-05:00,86.99643470898602,87.93500879915264,86.72424736354745,87.90685272216797,4073200,0.0,0.0
2023-12-28 00:00:00-05:00,87.57836842299241,88.17905542120957,87.51266850633597,87.88809967041016,4089500,0.0,0.0
2023-12-29 00:00:00-05:00,87.74728946747813,88.01008906635398,87.34370232327534,87.52203369140625,4772100,0.0,0.0
2024-01-02 00:00:00-05:00,86.96829575850525,88.36676942324176,86.60224520336274,88.13212585449219,6132200,0.0,0.0
2024-01-03 00:00:00-05:00,87.47510520564083,87.47510520564083,85.66365686583104,86.26435089111328,7487900,0.0,0.0
2024-01-04 00:00:00-05:00,86.48961639404297,87.41880287315878,86.02971702812243,86.48961639404297,8735600,0.0,0.0
2024-01-05 00:00:00-05:00,86.54592687682424,88.16027566061126,86.40513931344691,87.51265716552734,6027800,0.0,0.0
2024-01-08 00:00:00-05:00,87.48450001097953,88.06641859077703,86.61162572165969,87.76607513427734,6738400,0.0,0.0
2024-01-09 00:00:00-05:00,87.05276226603797,87.13723051193777,86.02971976390056,86.40514373779297,7594100,0.0,0.0
2024-01-10 00:00:00-05:00,85.90770322642774,86.32067820358661,85.6824474028654,85.86077880859375,6929200,0.0,0.0
2024-01-11 00:00:00-05:00,85.36332332151494,85.36332332151494,84.03993738131325,84.95035552978516,9400700,0.0,0.0
2024-01-12 00:00:00-05:00,85.67305831984078,86.25497694579097,83.93669735046551,84.19010925292969,8303100,0.0,0.0
2024-01-16 00:00:00-05:00,81.41192321858186,82.74470401027556,79.59109415967414,80.68922424316406,20369000,0.0,0.0
2024-01-17 00:00:00-05:00,79.6380196597214,79.91020703777005,78.74637703153842,79.22505187988281,17198500,0.0,0.0
2024-01-18 00:00:00-05:00,79.61925032144214,79.76003788220791,78.1644574614504,78.74637603759766,15016400,0.0,0.0
2024-01-19 00:00:00-05:00,78.75576147037584,80.33255919021138,78.08936751304915,80.09791564941406,14787400,0.0,0.0
2024-01-22 00:00:00-05:00,80.21054733488911,81.44007720041499,80.1917790023078,80.4639663696289,11626500,0.0,0.0
2024-01-23 00:00:00-05:00,80.40765213523552,81.51517000713902,79.95714051726807,81.41192626953125,8555700,0.0,0.0
2024-01-24 00:00:00-05:00,81.95629731136044,82.8761031607384,81.84366583161435,82.1909408569336,12480900,0.0,0.0
2024-01-25 00:00:00-05:00,82.72594326831027,82.98874294259788,81.96570033044198,82.61331176757812,8792400,0.0,0.0
2024-01-26 00:00:00-05:00,82.48189826052747,83.06381684340313,82.26603020417639,82.34111785888672,6384400,0.0,0.0
2024-01-29 00:00:00-05:00,82.03138180482402,82.54759328874978,80.454576952878,82.23786926269531,7440300,0.0,0.0
2024-01-30 00:00:00-05:00,82.4368935007369,83.4699575218332,82.23785578589035,83.04346466064453,6569300,0.85,0.0
2024-01-31 00:00:00-05:00,83.12877142852909,84.1144515025771,82.67384661336821,82.68331909179688,8414700,0.0,0.0
2024-02-01 00:00:00-05:00,82.63594001894116,83.56474912425296,81.16689591264799,82.28526306152344,8365000,0.0,0.0
2024-02-02 00:00:00-05:00,81.95352826454987,83.09084736281298,81.5080759946123,82.71173858642578,7728600,0.0,0.0
2024-02-05 00:00:00-05:00,82.05778633475123,82.05778633475123,80.64560627226702,81.40382385253906,7788700,0.0,0.0
2024-02-06 00:00:00-05:00,81.1479347048784,82.02935962451183,81.1479347048784,81.60285949707031,7335500,0.0,0.0
2024-02-07 00:00:00-05:00,81.75450132877991,81.87770861331617,80.81620543958486,81.5080795288086,4952200,0.0,0.0
2024-02-08 00:00:00-05:00,81.20480060976853,81.72607614657615,80.71196420024991,81.1763687133789,6218200,0.0,0.0
2024-02-09 00:00:00-05:00,81.21427307292042,81.53651084445185,80.86359617663732,81.40382385253906,5664500,0.0,0.0
2024-02-12 00:00:00-05:00,81.37540105580312,83.0624277680608,81.16689083637361,82.33264923095703,7888000,0.0,0.0
2024-02-13 00:00:00-05:00,81.37539578055775,81.37539578055775,78.75007325105652,79.58411407470703,11339400,0.0,0.0
2024-02-14 00:00:00-05:00,80.12434465258515,80.52240566130993,79.31874292609947,79.612548828125,5973700,0.0,0.0
2024-02-15 00:00:00-05:00,80.03904148120436,81.72607537025682,80.00113710697785,81.19532012939453,7993500,0.0,0.0
2024-02-16 00:00:00-05:00,81.053147925928,82.25681780669245,80.62665505123438,81.98196411132812,9673900,0.0,0.0
2024-02-20 00:00:00-05:00,81.45121590609894,81.9724841702559,80.65508671645908,80.89202880859375,6626400,0.0,0.0
2024-02-21 00:00:00-05:00,80.5697991975621,81.01525153285291,80.11486715297376,80.99629211425781,6444000,0.0,0.0
2024-02-22 00:00:00-05:00,81.46069642053256,82.2094343732572,81.1289789049962,81.36592102050781,6782100,0.0,0.0
2024-02-23 00:00:00-05:00,81.57444107073722,82.69280827997753,81.47018594887497,82.02937316894531,5810100,0.0,0.0
2024-02-26 00:00:00-05:00,81.98196966623202,82.77809168117648,81.09106502302333,81.19532012939453,5608100,0.0,0.0
2024-02-27 00:00:00-05:00,81.47966660053372,81.93459147309665,80.67406474757398,81.02473449707031,8066700,0.0,0.0
2024-02-28 00:00:00-05:00,80.96786189370869,81.59338533320718,80.82569517490003,81.55548095703125,5624100,0.0,0.0
2024-02-29 00:00:00-05:00,81.97249819547784,82.11466492126264,80.89204264895334,81.54600524902344,7657100,0.0,0.0
2024-03-01 00:00:00-05:00,81.71659089182678,82.25681857926543,80.66456741140962,81.9630126953125,5523700,0.0,0.0
2024-03-04 00:00:00-05:00,83.28989835116877,86.47440128747448,82.97714022222287,85.33708190917969,19876000,0.0,0.0
2024-03-05 00:00:00-05:00,84.531472771233,86.37961840888573,83.99124502861915,84.47460174560547,13883600,0.0,0.0
2024-03-06 00:00:00-05:00,82.23786069045292,83.3562276890241,80.02008611056884,81.18584442138672,25614600,0.0,0.0
2024-03-07 00:00:00-05:00,81.58392904023476,82.56960932705316,81.16690851056899,81.64079284667969,9145700,0.0,0.0
2024-03-08 00:00:00-05:00,82.09571336352414,83.70691698574134,81.90615531738676,82.4937744140625,9689300,0.0,0.0
2024-03-11 00:00:00-04:00,82.28525962441338,82.69280036242695,81.35644332699884,82.39899444580078,4737200,0.0,0.0
2024-03-12 00:00:00-04:00,82.6833135724945,83.17615719206984,82.0767423721703,82.50324249267578,5110900,0.0,0.0
2024-03-13 00:00:00-04:00,82.88235152175511,85.52662647540225,82.6928007161982,84.68311309814453,10345800,0.0,0.0
2024-03-14 00:00:00-04:00,84.35139921471179,84.73050807309276,83.65005252679205,84.44617462158203,9235300,0.0,0.0
2024-03-15 00:00:00-04:00,83.85854604661354,84.68309987603288,83.56473294370561,83.76376342773438,20363000,0.0,0.0
2024-03-18 00:00:00-04:00,83.74482386682605,84.06706168071625,83.11929319623964,83.36571502685547,5960000,0.0,0.0
2024-03-19 00:00:00-04:00,83.40363570598132,84.43669999559818,83.27094868219385,83.80169677734375,8546400,0.0,0.0
2024-03-20 00:00:00-04:00,83.45100499476503,86.70185068106231,83.31831800600992,86.5786361694336,10811700,0.0,0.0
2024-03-21 00:00:00-04:00,87.15678702655062,89.43143278489038,87.15678702655062,88.52157592773438,13659900,0.0,0.0
2024-03-22 00:00:00-04:00,88.63530456553806,88.95754960697911,86.94827783764562,87.14730834960938,5909300,0.0,0.0
2024-03-25 00:00:00-04:00,86.97669962075466,87.71596501895321,86.23744145345489,86.37960815429688,3670400,0.0,0.0
2024-03-26 00:00:00-04:00,86.64500086399423,87.10941266916734,86.1900760000659,86.51231384277344,4211900,0.0,0.0
2024-03-27 00:00:00-04:00,87.2231425354805,88.65427513685287,87.10941493199431,88.61636352539062,6394500,0.0,0.0
2024-03-28 00:00:00-04:00,88.85329378191406,89.78211006117681,88.56896034945211,89.24188232421875,6707700,0.0,0.0
2024-04-01 00:00:00-04:00,89.24188177835747,89.50725579055232,88.30358579551199,88.64478302001953,3416000,0.0,0.0
2024-04-02 00:00:00-04:00,88.04768542580896,88.87223930247146,87.70648822481103,87.86760711669922,5245400,0.0,0.0
2024-04-03 00:00:00-04:00,88.09507999567926,89.37457326720768,87.9055291862898,88.14247131347656,4821100,0.0,0.0
2024-04-04 00:00:00-04:00,89.27978136145612,89.79157717074641,87.06200675209737,87.46006774902344,5466100,0.0,0.0
2024-04-05 00:00:00-04:00,87.43163414500123,88.41731414019746,86.82506295271108,87.64014434814453,4654800,0.0,0.0
2024-04-08 00:00:00-04:00,88.1424688151258,88.52157765405896,87.38425113725947,88.34149932861328,4601900,0.0,0.0
2024-04-09 00:00:00-04:00,88.72060146221011,89.22291756270009,87.981343259157,89.16605377197266,4951600,0.0,0.0
2024-04-10 00:00:00-04:00,87.450587859639,88.03820687595835,86.41752376533623,86.86297607421875,5994200,0.0,0.0
2024-04-11 00:00:00-04:00,86.92932946445886,87.00515268117228,80.56980358834407,82.30421447753906,24631800,0.0,0.0
2024-04-12 00:00:00-04:00,81.31853464600685,82.27577555947012,80.674051820728,81.68816375732422,12789800,0.0,0.0
2024-04-15 00:00:00-04:00,83.2140703244917,84.47459682997341,81.02472035317244,82.44637298583984,9553900,0.0,0.0
2024-04-16 00:00:00-04:00,85.97208913021898,86.34171830700204,83.4036370832056,84.48409271240234,18291600,0.0,0.0
2024-04-17 00:00:00-04:00,85.4223611921139,86.6639426826496,84.98638860652308,85.3749771118164,9544600,0.0,0.0
2024-04-18 00:00:00-04:00,85.92469447317588,86.35118739982167,85.05274196994715,85.54558563232422,6752000,0.0,0.0
2024-04-19 00:00:00-04:00,85.64036442635269,86.83455479151299,85.64036442635269,85.92469787597656,8143000,0.0,0.0
2024-04-22 00:00:00-04:00,86.35118968705314,87.8202337726773,85.97208083615982,87.27999877929688,7294400,0.0,0.0
2024-04-23 00:00:00-04:00,87.3463495369377,89.13763144614951,87.3463495369377,88.86277770996094,6393900,0.0,0.0
2024-04-24 00:00:00-04:00,88.24672765921359,89.15658457259798,88.1709044420399,88.94807434082031,5100900,0.0,0.0
2024-04-25 00:00:00-04:00,88.14246138978955,88.75851229729584,86.86297549321435,87.7254409790039,6770600,0.0,0.0
2024-04-26 00:00:00-04:00,87.66858841163784,88.43627860167878,87.57381300548093,87.98135375976562,4606100,0.0,0.0
2024-04-29 00:00:00-04:00,87.35960021636349,88.77525588796752,87.35960021636349,88.1056900024414,4416100,0.85,0.0
2024-04-30 00:00:00-04:00,87.61786983515154,87.83787425136502,86.61352088562484,86.89090728759766,5860000,0.0,0.0
2024-05-01 00:00:00-04:00,87.311779159145,88.45961588212647,86.78569371328481,87.56047821044922,4713600,0.0,0.0
2024-05-02 00:00:00-04:00,88.51699673230245,88.88047431287634,87.61785914627339,88.6222152709961,4449200,0.0,0.0
2024-05-03 00:00:00-04:00,89.28222234444615,90.31527320576797,89.2248330625021,89.56918334960938,5043500,0.0,0.0
2024-05-06 00:00:00-04:00,90.44917743520362,90.78396767396892,89.62656375279661,90.66918182373048,5105100,0.0,0.0
2024-05-07 00:00:00-04:00,90.79352853160398,91.75962271135316,90.59265876511134,91.6257095336914,7418000,0.0,0.0
2024-05-08 00:00:00-04:00,91.281368981684,91.87441832989134,90.96571333032904,91.48223876953124,4662600,0.0,0.0
2024-05-09 00:00:00-04:00,91.43441178188668,93.98834440013349,91.43441178188668,93.84486389160156,6766700,0.0,0.0
2024-05-10 00:00:00-04:00,94.44747070647112,94.68660244829266,93.38572518896578,94.0074691772461,6118400,0.0,0.0
2024-05-13 00:00:00-04:00,94.45703389398857,94.6674709852359,94.14137825711757,94.2752914428711,5379000,0.0,0.0
2024-05-14 00:00:00-04:00,94.6961613887986,95.82486340231128,94.47615699477689,95.05963897705078,6216600,0.0,0.0
2024-05-15 00:00:00-04:00,95.69096419459537,96.59010193090336,95.64313492438755,96.15009307861328,6938500,0.0,0.0
2024-05-16 00:00:00-04:00,95.79616606077845,96.04486508662973,95.12659288313584,95.25094604492188,4339300,0.0,0.0
2024-05-17 00:00:00-04:00,95.5570327359505,95.93964493133608,94.98311809173242,95.86312103271484,4690800,0.0,0.0
2024-05-20 00:00:00-04:00,95.70052688578974,96.50400604287364,95.0596482654814,95.96835327148438,5690200,0.0,0.0
2024-05-21 00:00:00-04:00,95.94920883131356,98.76140018891262,95.79616832559356,97.11617279052734,8337100,0.0,0.0
2024-05-22 00:00:00-04:00,96.8770448191962,98.06313615087052,95.815299359338,96.36051940917967,5194300,0.0,0.0
2024-05-23 00:00:00-04:00,96.01617263664446,96.18834777959424,94.19877726938962,94.61964416503906,5594500,0.0,0.0
2024-05-24 00:00:00-04:00,95.12660935226448,95.56661820407206,94.51443264243048,94.66748046875,3550500,0.0,0.0
2024-05-28 00:00:00-04:00,94.15095161873693,95.13617324767397,94.1222569767635,94.3805160522461,5541600,0.0,0.0
2024-05-29 00:00:00-04:00,93.13703274073907,93.4526810913329,92.27615701702506,93.04137420654295,4679600,0.0,0.0
2024-05-30 00:00:00-04:00,93.4431142869605,93.55789284330206,92.3909288690226,93.00311279296876,4548800,0.0,0.0
2024-05-31 00:00:00-04:00,93.09876254637608,93.70137185077778,92.20919226022826,93.58658599853516,7155500,0.0,0.0
2024-06-03 00:00:00-04:00,93.89268817560128,93.89268817560128,92.33354458883612,93.17529296875,5671200,0.0,0.0
2024-06-04 00:00:00-04:00,92.06571491327784,93.3092028130132,91.51092755507464,92.3813705444336,5409600,0.0,0.0
2024-06-05 00:00:00-04:00,92.63006120723848,93.36659100468935,92.3048455651482,92.45789337158205,4499700,0.0,0.0
2024-06-06 00:00:00-04:00,92.2857152792973,93.21354020959996,92.07527820105848,92.6396255493164,4741200,0.0,0.0
2024-06-07 00:00:00-04:00,91.94136092645114,93.43354043623742,91.75961849466724,92.9170150756836,4018400,0.0,0.0
2024-06-10 00:00:00-04:00,92.41963514348684,92.6205049242333,91.2622384271545,92.19963073730467,4566000,0.0,0.0
2024-06-11 00:00:00-04:00,92.2665860027542,92.2665860027542,90.61179851473447,91.28136444091795,5330000,0.0,0.0
2024-06-12 00:00:00-04:00,93.0892043168037,93.63442439714068,91.44397676274215,91.49180603027344,5435700,0.0,0.0
2024-06-13 00:00:00-04:00,91.34832417354568,91.39615344036912,90.49701576768324,91.07093048095705,3955900,0.0,0.0
2024-06-14 00:00:00-04:00,90.2865745522172,91.36744733454832,89.90396232824439,91.34832000732422,3406600,0.0,0.0
2024-06-17 00:00:00-04:00,90.87963197999272,92.96486112425244,90.56397631969736,92.82138061523438,4874100,0.0,0.0
2024-06-18 00:00:00-04:00,92.80224585663596,93.44312448964249,92.60137606338502,93.32833862304688,4558400,0.0,0.0
2024-06-20 00:00:00-04:00,93.39528958998592,93.76833451177842,92.88833148076638,93.20398712158205,3956800,0.0,0.0
2024-06-21 00:00:00-04:00,93.08920463888866,93.12746659350172,91.72137077678823,91.9796371459961,10785300,0.0,0.0
2024-06-24 00:00:00-04:00,92.52485100614548,93.41442132234346,91.99875828774624,92.8787612915039,8418200,0.0,0.0
2024-06-25 00:00:00-04:00,92.58224556834392,94.06485798146171,92.47702701866,93.54833984375,7439700,0.0,0.0
2024-06-26 00:00:00-04:00,93.14659074931836,93.43355175028152,91.90311010649457,92.67789459228516,6514200,0.0,0.0
2024-06-27 00:00:00-04:00,91.9031109580702,92.15180271030648,91.03266793207872,91.60658264160156,5437800,0.0,0.0
2024-06-28 00:00:00-04:00,92.5344250855991,93.0892125279228,91.97964494099767,92.9648666381836,9058800,0.0,0.0
2024-07-01 00:00:00-04:00,93.28049428459808,95.05963479193714,93.20397768361757,94.84920501708984,7420600,0.0,0.0
2024-07-02 00:00:00-04:00,94.66747821915976,95.46139737945168,94.33269522919385,95.3179168701172,5570900,0.0,0.0
2024-07-03 00:00:00-04:00,95.5857426929327,96.226614026726,95.17443579407455,95.84400177001952,3112000,0.0,0.0
2024-07-05 00:00:00-04:00,95.74834408255722,95.75791139520412,94.6100820001016,95.26051330566406,3633200,0.0,0.0
2024-07-08 00:00:00-04:00,95.49008579842577,96.8674796241916,95.49008579842577,96.217041015625,3884400,0.0,0.0
2024-07-09 00:00:00-04:00,96.22660974350885,98.42662464835313,95.63356770484688,98.14923095703124,7113600,0.0,0.0
2024-07-10 00:00:00-04:00,98.05359012271708,99.0101171745106,97.62314857077664,98.96228790283205,5619000,0.0,0.0
2024-07-11 00:00:00-04:00,99.71793559913132,100.71272451344876,99.42141457674532,100.09098052978516,7761000,0.0,0.0
2024-07-12 00:00:00-04:00,100.43532334297228,101.2196751000276,99.45010181495752,99.56488037109376,7060600,0.0,0.0
2024-07-15 00:00:00-04:00,99.42141334559012,101.89881463888092,98.7518401031202,100.68402862548828,10093900,0.0,0.0
2024-07-16 00:00:00-04:00,99.6031572586966,104.36666509114508,98.34054186781133,101.60230255126952,16716400,0.0,0.0
2024-07-17 00:00:00-04:00,100.5214116413707,103.02751482690996,99.98575889546544,102.31011962890624,11412000,0.0,0.0
2024-07-18 00:00:00-04:00,101.89881331279705,102.9509914827325,99.79445697292614,100.25358581542967,9130700,0.0,0.0
2024-07-19 00:00:00-04:00,100.15792798534214,100.16749529743296,97.3074819908321,97.65182495117188,12555900,0.0,0.0
2024-07-22 00:00:00-04:00,98.01531268137752,98.7422751692641,97.51791460629472,97.9866180419922,8931200,0.0,0.0
2024-07-23 00:00:00-04:00,97.9961854464606,99.64141300734885,97.73792637479636,99.00054168701172,7400600,0.0,0.0
2024-07-24 00:00:00-04:00,98.38835668986216,99.4787967628682,97.32661125597924,97.53704833984376,7967400,0.0,0.0
2024-07-25 00:00:00-04:00,97.64228169395436,99.66055432595668,97.42227726443414,99.05793762207033,5582300,0.0,0.0
2024-07-26 00:00:00-04:00,100.3014243332239,101.28664600043378,99.51707246535295,99.66055297851562,6599600,0.0,0.0
2024-07-29 00:00:00-04:00,99.92836593412773,100.0240171641274,97.88139896170637,98.0248794555664,5183400,0.0,0.0
2024-07-30 00:00:00-04:00,99.0579272944484,99.59358734180276,98.31183745096772,99.24923706054688,6225500,0.0,0.0
2024-07-31 00:00:00-04:00,99.48569591090606,100.68245617685304,98.68463548887446,99.61116027832033,5444600,0.925,0.0
2024-08-01 00:00:00-04:00,100.13232399554742,100.36395333389162,97.6615914175723,98.2117156982422,5678100,0.0,0.0
2024-08-02 00:00:00-04:00,95.5479689930576,95.56726837317554,91.72605111693912,92.50780487060548,11120700,0.0,0.0
2024-08-05 00:00:00-04:00,89.41938158498668,90.11427702843388,87.7690085884819,88.85960388183594,9659500,0.0,0.0
2024-08-06 00:00:00-04:00,88.98506318592028,90.56787722217952,88.3287739003959,89.72821807861328,6068300,0.0,0.0
2024-08-07 00:00:00-04:00,91.3110280542266,92.00592342721646,88.80168937882402,88.89820098876953,7215700,0.0,0.0
2024-08-08 00:00:00-04:00,90.2300888500387,91.726044741296,89.54484677132173,91.33033752441406,6592300,0.0,0.0
2024-08-09 00:00:00-04:00,91.00219920275282,91.80325966764724,90.74160971978,91.41720581054688,3542600,0.0,0.0
2024-08-12 00:00:00-04:00,91.5909252520904,91.89976685017344,90.27834661939627,91.53301239013672,4196300,0.0,0.0
2024-08-13 00:00:00-04:00,92.43058131642952,93.42467230997752,91.63917428783397,93.33780670166016,5941500,0.0,0.0
2024-08-14 00:00:00-04:00,94.35120541302884,97.08252045398424,94.1099226712344,95.97262573242188,10161700,0.0,0.0
2024-08-15 00:00:00-04:00,97.28519993367568,97.68089978295244,96.65786336137565,97.13077545166016,5885100,0.0,0.0
2024-08-16 00:00:00-04:00,97.1211167958412,97.96078330353978,96.95704631515105,97.9028778076172,4159700,0.0,0.0
2024-08-19 00:00:00-04:00,97.98009640188644,98.48196864804352,97.76777376598253,98.20207977294922,4070500,0.0,0.0
2024-08-20 00:00:00-04:00,97.71950473509996,98.08625183045504,97.0921681703005,97.2658920288086,3396900,0.0,0.0
2024-08-21 00:00:00-04:00,97.5747235463458,97.7001952643632,96.47447501057135,97.17902374267578,3576000,0.0,0.0
2024-08-22 00:00:00-04:00,97.2465965870293,97.45892657417484,96.41658338093208,97.0535659790039,2777300,0.0,0.0
2024-08-23 00:00:00-04:00,97.42031729325195,99.003131410906,97.30449893219269,98.33718872070312,3814800,0.0,0.0
2024-08-26 00:00:00-04:00,99.44709051679784,99.45674388770465,98.424054101615,98.76184844970705,2679000,0.0,0.0
2024-08-27 00:00:00-04:00,98.88730829894943,99.2637087501028,98.4819550997634,98.52056121826172,2537200,0.0,0.0
2024-08-28 00:00:00-04:00,98.33718720333188,99.1189408791668,97.88357450038812,98.6363754272461,2836800,0.0,0.0
2024-08-29 00:00:00-04:00,99.3312720182297,99.3312720182297,97.74845790648156,99.02243041992188,3325600,0.0,0.0
2024-08-30 00:00:00-04:00,99.32162657193165,100.1902385097675,98.53986551916898,99.9972152709961,4951400,0.0,0.0
2024-09-03 00:00:00-04:00,99.26370279793612,99.65940996629288,95.0267791113808,95.80853271484376,6634000,0.0,0.0
2024-09-04 00:00:00-04:00,96.26216020233603,97.78706889131266,96.20425470082412,96.65786743164062,4212500,0.0,0.0
2024-09-05 00:00:00-04:00,97.47823093678176,97.76777318194009,95.66378730876995,96.08843994140624,4462400,0.0,0.0
2024-09-06 00:00:00-04:00,96.22355025789416,97.28520016587336,92.78768652185856,93.22199249267578,9246800,0.0,0.0
2024-09-09 00:00:00-04:00,94.3511928355364,95.5672523904506,94.1967683669584,94.7565460205078,5281500,0.0,0.0
2024-09-10 00:00:00-04:00,94.96888556202197,94.99783831195964,91.5812739153854,93.2509536743164,7798600,0.0,0.0
2024-09-11 00:00:00-04:00,92.16034220928488,93.75280957416832,90.80915755534244,93.64664459228516,6764100,0.0,0.0
2024-09-12 00:00:00-04:00,93.97479720109924,94.28363879067776,92.34372364435036,93.27024841308594,4751200,0.0,0.0
2024-09-13 00:00:00-04:00,93.49224145528648,95.29703169023328,93.47293471204269,94.8241195678711,5354800,0.0,0.0
2024-09-16 00:00:00-04:00,95.69272705929548,96.69646404587536,95.31632660974854,96.59994506835938,4467200,0.0,0.0
2024-09-17 00:00:00-04:00,97.16938694437746,97.30450469192904,95.97262659605008,96.35867309570312,4748600,0.0,0.0
2024-09-18 00:00:00-04:00,96.62891626347944,97.48788224567744,95.77959628944812,95.83750915527344,5195900,0.0,0.0
2024-09-19 00:00:00-04:00,97.69054817457835,97.89322477436976,96.0498212719328,97.21763610839844,9091900,0.0,0.0
2024-09-20 00:00:00-04:00,97.35275705131964,98.95487052488669,96.69646774129636,98.89696502685548,14513400,0.0,0.0
2024-09-23 00:00:00-04:00,98.14416409899202,98.95487052488669,97.7774096424892,98.89696502685548,3962400,0.0,0.0
2024-09-24 00:00:00-04:00,99.18649791300764,99.29266289953534,98.39509088103284,99.0031280517578,4749700,0.0,0.0
2024-09-25 00:00:00-04:00,99.16720686469596,99.22511236644236,98.17312314676975,98.77149963378906,3825100,0.0,0.0
2024-09-26 00:00:00-04:00,99.47604103358984,101.13606735080232,99.37952941678168,100.95269012451172,5183000,0.0,0.0
2024-09-27 00:00:00-04:00,101.27118917565394,101.47386578814316,100.39291649150272,100.4797821044922,3113300,0.0,0.0
2024-09-30 00:00:00-04:00,100.1226820257661,100.75967198294728,99.52430555329684,100.6052474975586,3378600,0.0,0.0
2024-10-01 00:00:00-04:00,100.54733945217986,101.52212374226924,99.46639017191418,100.77896881103516,5437400,0.0,0.0
2024-10-02 00:00:00-04:00,101.1746685925156,101.72479288150129,100.28674997930436,100.87547302246094,3293600,0.0,0.0
2024-10-03 00:00:00-04:00,99.96825905575255,101.04920093678088,99.56290585036696,100.92373657226562,4587200,0.0,0.0
2024-10-04 00:00:00-04:00,103.85774216305406,104.31135488788672,102.90226458388692,104.11832427978516,5608900,0.0,0.0
2024-10-07 00:00:00-04:00,103.93495535512356,105.12206231148492,103.52959475609212,103.8866958618164,4439900,0.0,0.0
2024-10-08 00:00:00-04:00,103.89634495272026,104.43681591134212,103.64540885191816,103.7419204711914,3679400,0.0,0.0
2024-10-09 00:00:00-04:00,103.48133890401763,105.55637186438538,103.48133890401763,105.23787689208984,4445800,0.0,0.0
2024-10-10 00:00:00-04:00,104.65880332437968,105.22822705454573,103.89634898481133,104.31135559082033,4065500,0.0,0.0
2024-10-11 00:00:00-04:00,105.19927003422316,107.59279795011156,105.19927003422316,106.60836029052734,5826200,0.0,0.0
2024-10-14 00:00:00-04:00,107.17779177174816,108.51932316348672,106.69522631102596,108.36489868164062,7179300,0.0,0.0
2024-10-15 00:00:00-04:00,111.40506090545722,112.01309072614286,108.12361434851562,108.30699157714844,8925200,0.0,0.0
2024-10-16 00:00:00-04:00,112.80450479871676,117.21515302441097,112.43775768198174,115.34280395507812,21458500,0.0,0.0
2024-10-17 00:00:00-04:00,115.59372564067336,116.16315670548768,114.58999597585888,115.27523803710938,9357200,0.0,0.0
2024-10-18 00:00:00-04:00,115.36209600923296,116.89665797863192,114.95674279594436,116.8387451171875,6852900,0.0,0.0
2024-10-21 00:00:00-04:00,116.17281290103324,116.4816545046466,113.7696315794468,114.15568542480467,7469100,0.0,0.0
2024-10-22 00:00:00-04:00,113.54765421193312,114.47417901153966,113.16160037125591,114.1942901611328,4429600,0.0,0.0
2024-10-23 00:00:00-04:00,113.77928495050602,114.59964476978864,113.11334225134776,114.15568542480467,5661600,0.0,0.0
2024-10-24 00:00:00-04:00,114.27150087887718,115.17871892450752,113.8275415451933,115.0146484375,5611800,0.0,0.0
2024-10-25 00:00:00-04:00,115.81571565230249,115.81571565230249,112.27368678247711,112.80450439453124,7271700,0.0,0.0
2024-10-28 00:00:00-04:00,114.001259210134,115.50686098721802,113.41252879968673,114.97603607177734,5994000,0.0,0.0
2024-10-29 00:00:00-04:00,114.74441424917552,115.9025684054017,114.67685537945177,115.14012145996094,4622200,0.0,0.0
2024-10-30 00:00:00-04:00,114.47418552683774,115.15942763544216,113.68277842192062,113.80824279785156,5673000,0.0,0.0
2024-10-31 00:00:00-04:00,113.93956176363564,114.69832203396024,112.54851240041336,113.08353424072266,5374600,0.925,0.0
2024-11-01 00:00:00-04:00,113.49208555067588,114.80531212754072,113.1321685355717,113.66718292236328,4372100,0.0,0.0
2024-11-04 00:00:00-05:00,113.82282956228316,114.25083959203762,112.7819750141918,112.97652435302734,4366300,0.0,0.0
2024-11-05 00:00:00-05:00,112.92788501480304,114.68858847068404,112.92788501480304,114.60103607177734,4798400,0.0,0.0
2024-11-06 00:00:00-05:00,125.98235329334234,129.88313692727306,124.18275318466124,127.90843200683594,22798700,0.0,0.0
2024-11-07 00:00:00-05:00,127.1788523712114,127.96678686407652,124.59130304555394,124.94149780273438,7780000,0.0,0.0
2024-11-08 00:00:00-05:00,125.4667863208181,126.96484748873836,124.28002340948392,126.0018081665039,6979300,0.0,0.0
2024-11-11 00:00:00-05:00,126.9940297963076,130.34033207383507,126.9940297963076,129.8831329345703,6861300,0.0,0.0
2024-11-12 00:00:00-05:00,129.56212016477943,130.17496472394413,128.12243714968875,128.70608520507812,5683300,0.0,0.0
2024-11-13 00:00:00-05:00,129.82477436487528,130.98234824250582,128.86173500248736,129.14382934570312,6134800,0.0,0.0
2024-11-14 00:00:00-05:00,129.4745629564928,131.2352589152066,128.38505997162048,128.8227996826172,7344200,0.0,0.0
2024-11-15 00:00:00-05:00,129.7371936938963,130.73913682973205,128.9297998852123,130.4084014892578,7281900,0.0,0.0
2024-11-18 00:00:00-05:00,131.02127935580603,131.8189362533248,129.78586780670045,130.1360626220703,6434100,0.0,0.0
2024-11-19 00:00:00-05:00,129.63020664215614,130.4376005586212,128.33643192130228,128.63800048828125,7244800,0.0,0.0
2024-11-20 00:00:00-05:00,129.53294235247392,130.00958605206125,127.4804147172398,128.1029815673828,5125600,0.0,0.0
2024-11-21 00:00:00-05:00,129.57182844204527,131.87728328346864,129.51346512712664,131.31307983398438,5547400,0.0,0.0
2024-11-22 00:00:00-05:00,131.01151837804335,131.9745576557055,130.3111437180275,131.02125549316406,6334100,0.0,0.0
2024-11-25 00:00:00-05:00,131.75083206897014,132.5290443092749,129.94149491860625,130.01931762695312,8012300,0.0,0.0
2024-11-26 00:00:00-05:00,127.18856965820916,128.200235115321,125.02903788076588,127.70413208007812,8817300,0.0,0.0
2024-11-27 00:00:00-05:00,127.90841940525463,128.8228027786435,127.01348057546168,127.63604736328124,5507800,0.0,0.0
2024-11-29 00:00:00-05:00,128.67689493301637,129.11463465605453,127.84031941743012,128.025146484375,4068200,0.0,0.0
2024-12-02 00:00:00-05:00,128.69636416139667,129.37729432076787,127.26640340513504,127.46095275878906,5512100,0.0,0.0
2024-12-03 00:00:00-05:00,129.5621182930375,129.5621182930375,126.46872872445596,126.88702392578124,4791300,0.0,0.0
2024-12-04 00:00:00-05:00,126.64382912738074,127.62631295367063,126.10880730389086,126.44927978515624,6203700,0.0,0.0
2024-12-05 00:00:00-05:00,126.40064765233946,128.26834818709534,125.8948074523542,126.77030181884766,4991900,0.0,0.0
2024-12-06 00:00:00-05:00,126.96482611868991,127.0134671588678,125.6613145204654,126.42008209228516,5013200,0.0,0.0
2024-12-09 00:00:00-05:00,126.96484228630143,127.20803267499706,124.83449210642156,125.0776824951172,7753900,0.0,0.0
2024-12-10 00:00:00-05:00,124.15354952110546,125.10685907155792,123.08351333863364,123.33643341064452,6551300,0.0,0.0
2024-12-11 00:00:00-05:00,124.27029232738457,124.464841675507,122.84033161178073,124.1146469116211,8835400,0.0,0.0
2024-12-12 00:00:00-05:00,124.40647445074,125.32087268569616,123.89091201497337,124.42593383789062,3610500,0.0,0.0
2024-12-13 00:00:00-05:00,124.51348794894032,125.30142248996088,123.25862456261504,123.9298324584961,6091500,0.0,0.0
2024-12-16 00:00:00-05:00,124.26055574227884,125.78779104724669,123.92009069115508,125.51541900634766,5659700,0.0,0.0
2024-12-17 00:00:00-05:00,124.61076125749,125.19440928517616,123.71581498559216,124.26055908203124,7141400,0.0,0.0
2024-12-18 00:00:00-05:00,124.6691301397748,124.89286115154783,117.01349368083098,117.7430648803711,7858800,0.0,0.0
2024-12-19 00:00:00-05:00,121.3811840203096,121.53682942938492,117.02321646834292,117.21776580810548,8632400,0.0,0.0
2024-12-20 00:00:00-05:00,117.89870636330808,121.14773406055626,117.2469578536264,120.07769775390624,14884000,0.0,0.0
2024-12-23 00:00:00-05:00,119.74694641448887,121.27418176507584,119.44539270614052,121.06017303466795,5074100,0.0,0.0
2024-12-24 00:00:00-05:00,121.6632894968008,123.75472836063568,121.19636067680766,123.59908294677734,2902800,0.0,0.0
2024-12-26 00:00:00-05:00,123.08352120803498,124.67884960133604,123.04460985434692,124.54266357421876,3013500,0.0,0.0
2024-12-27 00:00:00-05:00,123.58936035165172,124.3772948479006,122.3928603558833,123.30725860595705,3088100,0.0,0.0
2024-12-30 00:00:00-05:00,121.15745714494209,122.72360387454866,120.64188727602053,122.32476806640624,2637900,0.0,0.0
2024-12-31 00:00:00-05:00,122.88896311668036,123.37534387079856,121.78973786256122,122.29557800292967,2970000,0.0,0.0
2025-01-02 00:00:00-05:00,123.0640682194769,123.81309136239844,120.82671364128524,121.38118743896484,5014300,0.0,0.0
2025-01-03 00:00:00-05:00,122.22749602488317,122.5679610991756,120.70026061598688,122.50959777832033,3988400,0.0,0.0
2025-01-06 00:00:00-05:00,124.1535636722333,126.41037034801036,124.1535636722333,125.13605499267578,6665200,0.0,0.0
2025-01-07 00:00:00-05:00,126.11852689549931,126.1282640104598,122.0426611163415,123.42398071289062,7268800,0.0,0.0
2025-01-08 00:00:00-05:00,123.45317591363892,124.51348247548492,122.33449861020686,124.3772964477539,5744500,0.0,0.0
2025-01-10 00:00:00-05:00,122.86951639661842,123.05434347714254,119.93177960439937,120.08741760253906,6873800,0.0,0.0
2025-01-13 00:00:00-05:00,119.11464775196951,120.91426254046478,119.11464775196951,120.61270141601562,5433000,0.0,0.0
2025-01-14 00:00:00-05:00,121.98430061681712,121.98430061681712,120.32087924650916,121.22554779052734,8999900,0.0,0.0
2025-01-15 00:00:00-05:00,126.176917606325,127.85979107077956,124.96096556836213,126.99403381347656,11349500,0.0,0.0
2025-01-16 00:00:00-05:00,128.74500152400253,132.4414836670733,128.30724693686074,132.11074829101562,16235700,0.0,0.0
2025-01-17 00:00:00-05:00,132.45121016107998,134.31891047059923,130.86560415718515,134.1146240234375,12481500,0.0,0.0
2025-01-21 00:00:00-05:00,132.7236050316027,133.8714566809592,131.60492020181616,133.5601806640625,11213300,0.0,0.0
2025-01-22 00:00:00-05:00,133.52125227912364,134.61075536779347,132.12048803911517,132.2955780029297,7177500,0.0,0.0
2025-01-23 00:00:00-05:00,132.26638395870816,134.4356379741303,132.26638395870816,134.04653930664062,6911000,0.0,0.0
2025-01-24 00:00:00-05:00,132.7527905464247,135.25278039999117,132.7527905464247,134.06602478027344,6475500,0.0,0.0
2025-01-27 00:00:00-05:00,131.57571851937723,133.03486080678204,130.46677097467608,132.9278564453125,6460700,0.0,0.0
2025-01-28 00:00:00-05:00,132.3636804002603,135.058219393297,131.94538518634573,134.76638793945312,5885100,0.0,0.0
2025-01-29 00:00:00-05:00,134.69827934468063,137.62628596946226,134.416170211642,134.93174743652344,5719800,0.0,0.0
2025-01-30 00:00:00-05:00,136.00180161867874,136.66328724797216,135.10686269694668,136.12826538085938,4545700,0.0,0.0
2025-01-31 00:00:00-05:00,136.2506522929062,136.85777274357295,134.90910615826692,135.55538940429688,5502700,0.925,0.0
2025-02-03 00:00:00-05:00,132.98981052893294,135.1343360791588,131.12927129881794,134.31178283691406,5307000,0.0,0.0
2025-02-04 00:00:00-05:00,134.86994247018688,135.01683658744042,133.45984261936292,133.9298858642578,5997300,0.0,0.0
2025-02-05 00:00:00-05:00,134.61535482299917,136.32901503139647,133.6752832199429,136.04502868652344,5871200,0.0,0.0
2025-02-06 00:00:00-05:00,137.10258750424,138.46372256907148,137.09280054043887,138.15037536621094,4576600,0.0,0.0
2025-02-07 00:00:00-05:00,139.0708579881201,139.0806449519212,136.91654553945747,137.07321166992188,3529000,0.0,0.0
2025-02-10 00:00:00-05:00,137.33761527159112,137.39636694089154,132.79396856188734,134.4586639404297,5517700,0.0,0.0
2025-02-11 00:00:00-05:00,133.96905019115388,135.3399872581659,132.62750390147193,134.92869567871094,5096800,0.0,0.0
2025-02-12 00:00:00-05:00,133.25420723480252,134.42928542315173,132.78417894784877,134.2628173828125,4688900,0.0,0.0
2025-02-13 00:00:00-05:00,135.1049525855612,135.23225782128543,133.51859785946138,133.9984130859375,4699800,0.0,0.0
2025-02-14 00:00:00-05:00,133.6165348982708,136.68154344359684,133.6165348982708,136.0646209716797,5044500,0.0,0.0
2025-02-18 00:00:00-05:00,136.51506304718978,137.8566093127683,136.00585700619527,137.78807067871094,3797000,0.0,0.0
2025-02-19 00:00:00-05:00,137.10259128846124,138.00348506670423,136.36816555100916,137.7684783935547,3623100,0.0,0.0
2025-02-20 00:00:00-05:00,137.33761732877818,138.1405966663921,129.67999755407732,131.5503387451172,8860800,0.0,0.0
2025-02-21 00:00:00-05:00,132.3728862042918,132.78417776137232,128.19156647929356,128.9553680419922,6704100,0.0,0.0
2025-02-24 00:00:00-05:00,130.00315265837827,130.20879845539395,126.22330730305828,127.2710952758789,7784500,0.0,0.0
2025-02-25 00:00:00-05:00,128.3090655378262,128.56366106959658,123.75562467624194,126.90876770019533,7458500,0.0,0.0
2025-02-26 00:00:00-05:00,127.7019496981459,129.4939502748989,127.44733921521927,128.3286590576172,5493600,0.0,0.0
2025-02-27 00:00:00-05:00,129.0630812659468,130.1108541771526,126.13516538571488,126.55624389648438,5538700,0.0,0.0
2025-02-28 00:00:00-05:00,127.2025373610658,130.63965952679442,126.31144544951628,130.34588623046875,7424200,0.0,0.0
2025-03-03 00:00:00-05:00,130.5613132464935,131.20761148161756,125.07760256683676,126.4485321044922,5969400,0.0,0.0
2025-03-04 00:00:00-05:00,123.84376091355566,123.94168284762095,116.77368819795608,119.19239807128906,12996500,0.0,0.0
2025-03-05 00:00:00-05:00,119.46658442333492,121.79715936434116,118.91821560685456,121.18024444580078,7291900,0.0,0.0
2025-03-06 00:00:00-05:00,118.2915102267875,120.57312054111792,116.13719021503228,116.89120483398438,8611500,0.0,0.0
2025-03-07 00:00:00-05:00,116.26448977346205,117.00870244986768,113.05259504779814,116.81285858154295,8513500,0.0,0.0
2025-03-10 00:00:00-04:00,113.59117922061456,113.86536363027548,106.95197183738476,109.37068176269533,16765700,0.0,0.0
2025-03-11 00:00:00-04:00,109.39026031899714,111.1528850081074,108.04870666834296,109.71340942382812,13490400,0.0,0.0
2025-03-12 00:00:00-04:00,112.61194764522084,113.19948674743767,110.21282653159996,111.6327133178711,7925500,0.0,0.0
2025-03-13 00:00:00-04:00,111.63271665810112,112.4650643670606,108.92024077740533,109.36089324951172,7435500,0.0,0.0
2025-03-14 00:00:00-04:00,111.62291284824968,113.36594866134708,110.20302613873945,112.94487762451172,6879400,0.0,0.0
2025-03-17 00:00:00-04:00,112.58256674356704,116.82265298318256,112.4552615053238,115.5104751586914,8374900,0.0,0.0
2025-03-18 00:00:00-04:00,115.82383192974406,116.7345201285348,114.84459762872024,115.65736389160156,7234900,0.0,0.0
2025-03-19 00:00:00-04:00,114.79563986742492,118.73215845218202,113.81640557091208,117.3612289428711,8430800,0.0,0.0
2025-03-20 00:00:00-04:00,116.35262276259098,119.28053131668672,116.35262276259098,117.9683609008789,7026000,0.0,0.0
2025-03-21 00:00:00-04:00,116.87161425903986,118.36984156894266,115.84342270859918,117.64521026611328,10989900,0.0,0.0
2025-03-24 00:00:00-04:00,119.77013961843817,122.22801969610626,119.46657938938688,121.68943786621094,6184400,0.0,0.0
2025-03-25 00:00:00-04:00,122.30636998518284,123.43249096508151,121.57194423363563,122.60013580322266,4326300,0.0,0.0
2025-03-26 00:00:00-04:00,123.1582960008193,123.7164592592216,119.0846851521736,119.66242980957033,5084600,0.0,0.0
2025-03-27 00:00:00-04:00,116.46033115875213,117.35143045288464,115.09919613131132,116.52887725830078,8239400,0.0,0.0
2025-03-28 00:00:00-04:00,116.24490607686845,116.94995598775512,112.24962822915394,112.93509674072266,7349400,0.0,0.0
2025-03-31 00:00:00-04:00,111.34872849048426,114.59978598396684,109.85050124540145,114.24726104736328,7616600,0.0,0.0
2025-04-01 00:00:00-04:00,113.5813793038372,114.45289719432436,111.1822583641302,113.3365707397461,6651000,0.0,0.0
2025-04-02 00:00:00-04:00,111.60333651828786,117.85084878320494,111.51520154468676,116.79327392578124,8415300,0.0,0.0
2025-04-03 00:00:00-04:00,107.82348993409092,109.0769086492861,104.66055984133904,105.68875885009766,15186100,0.0,0.0
2025-04-04 00:00:00-04:00,99.43144769656448,101.54658981410635,95.28928348788838,97.7569580078125,18876900,0.0,0.0
2025-04-07 00:00:00-04:00,94.27088448946004,102.1733051354417,92.37117499314232,98.82432556152344,20721400,0.0,0.0
2025-04-08 00:00:00-04:00,103.03503372086884,104.71931790371498,96.22935088766911,98.22698974609376,10710100,0.0,0.0
2025-04-09 00:00:00-04:00,96.16080698968754,111.53479025694833,95.85724674197267,109.3804702758789,16919500,0.0,0.0
2025-04-10 00:00:00-04:00,106.51130875242951,106.60923815665332,101.26261991428416,104.36679077148438,10956700,0.0,0.0
2025-04-11 00:00:00-04:00,100.75341087626298,106.9323765718656,100.75341087626298,105.87480926513672,10573200,0.0,0.0
2025-04-14 00:00:00-04:00,108.18580720136744,109.18462288583402,106.29588473060366,106.84425354003906,8224500,0.0,0.0
2025-04-15 00:00:00-04:00,107.80389898593538,109.82112669584272,107.77452315270256,108.14663696289062,6003800,0.0,0.0
2025-04-16 00:00:00-04:00,107.30450062754365,108.02913194630985,104.4353437163203,105.6202163696289,6520100,0.0,0.0
2025-04-17 00:00:00-04:00,106.26650541086516,108.45020123768371,105.9041934928882,106.91280364990234,5233100,0.0,0.0
2025-04-21 00:00:00-04:00,105.89440081784458,106.0804577329565,102.60417284124976,104.09261322021484,7784500,0.0,0.0
2025-04-22 00:00:00-04:00,105.77688937186412,108.40123768335184,105.72793213778924,108.08788299560548,6571300,0.0,0.0
2025-04-23 00:00:00-04:00,110.89828106633,114.18850881087576,109.60569212889878,109.97779846191406,9243800,0.0,0.0
2025-04-24 00:00:00-04:00,109.54694595278865,113.49325906288576,108.93002355041958,113.1994857788086,6640700,0.0,0.0
2025-04-25 00:00:00-04:00,113.30720936324066,114.66834455556484,112.58257801295196,113.60098266601562,5013200,0.0,0.0
2025-04-28 00:00:00-04:00,113.47366273552328,115.45172011359064,111.4662369961362,113.4247055053711,4171200,0.0,0.0
2025-04-29 00:00:00-04:00,112.9840477252506,114.05141696768496,111.85793428811158,113.79681396484376,4689800,0.0,0.0
2025-04-30 00:00:00-04:00,111.6498980947934,114.3249146272455,110.58383767813022,113.9300765991211,6502400,0.925,0.0
2025-05-01 00:00:00-04:00,114.0485245629668,116.2990914205375,113.18975245956382,115.25277709960938,7743600,0.0,0.0
2025-05-02 00:00:00-04:00,117.75999154732938,118.9543710805634,116.93083096428808,118.6681137084961,6894400,0.0,0.0
2025-05-05 00:00:00-04:00,117.20721510346397,119.30972432497884,116.86173466569892,118.05611419677734,6540300,0.0,0.0
2025-05-06 00:00:00-04:00,116.28922143897844,117.6119276719807,115.69696817638572,116.8025131225586,5739600,0.0,0.0
2025-05-07 00:00:00-04:00,116.80251170080837,118.45095231308063,116.67418501602091,117.56256866455078,4680600,0.0,0.0
2025-05-08 00:00:00-04:00,118.44107691298278,121.66886951599666,118.44107691298278,120.30667877197266,6449300,0.0,0.0
2025-05-09 00:00:00-04:00,120.90880844488602,121.6392614123246,119.90197865566437,120.1290054321289,4240100,0.0,0.0
2025-05-12 00:00:00-04:00,125.77516852515288,127.53218979071428,124.8078232924075,125.41981506347656,9162100,0.0,0.0
2025-05-13 00:00:00-04:00,126.11078823057714,128.4304513094495,125.58763103974442,127.68026733398438,6086700,0.0,0.0
2025-05-14 00:00:00-04:00,127.6901132676292,129.87159136197403,127.46308651776856,129.34841918945312,6273400,0.0,0.0
2025-05-15 00:00:00-04:00,128.5785134629589,131.31276071198965,128.34162117919678,130.79946899414062,7209300,0.0,0.0
2025-05-16 00:00:00-04:00,130.57242425232198,131.2633850880089,130.08874413643284,130.4737091064453,6303800,0.0,0.0
2025-05-19 00:00:00-04:00,128.61799358466135,130.42437238937262,127.40387555788786,129.15101623535156,7703500,0.0,0.0
2025-05-20 00:00:00-04:00,128.1935421696769,128.7068338624192,126.4661323965842,127.46310424804688,5220100,0.0,0.0
2025-05-21 00:00:00-04:00,126.43651114935116,126.97941433440796,123.4554989692523,123.68253326416016,6371600,0.0,0.0
2025-05-22 00:00:00-04:00,123.00144015789157,125.429683707327,123.00144015789157,124.63014221191406,5689200,0.0,0.0
2025-05-23 00:00:00-04:00,122.4980254235779,124.93614207184729,122.28086413866032,124.44259643554688,3361400,0.0,0.0
2025-05-27 00:00:00-04:00,125.8936203518206,127.85792985287092,125.18291343884134,127.54206848144533,5472400,0.0,0.0
2025-05-28 00:00:00-04:00,127.54207339909009,127.74935413730772,125.62710633780836,125.864013671875,4050900,0.0,0.0
2025-05-29 00:00:00-04:00,126.4463997964839,126.74251513291206,125.29149726805208,126.50562286376952,4337500,0.0,0.0
2025-05-30 00:00:00-04:00,125.96271230968128,126.67341919936284,124.7189752527385,126.37728881835938,6436100,0.0,0.0
2025-06-02 00:00:00-04:00,125.83440091583084,126.81161918391156,124.72885596031628,126.74251556396484,3607900,0.0,0.0
2025-06-03 00:00:00-04:00,126.46612930626252,127.51244364764872,125.48891105287528,127.0188980102539,4145600,0.0,0.0
2025-06-04 00:00:00-04:00,127.17683770876366,127.74935246222095,126.50562286376952,126.50562286376952,3123200,0.0,0.0
2025-06-05 00:00:00-04:00,126.71289785596214,129.3583102154186,125.69619508212728,128.93385314941406,6193300,0.0,0.0
2025-06-06 00:00:00-04:00,130.37501599200243,131.84578739801677,129.1312864212784,130.11837768554688,5004400,0.0,0.0
2025-06-09 00:00:00-04:00,130.5230731908363,131.18442252811653,129.41753579858485,130.24668884277344,4838600,0.0,0.0
2025-06-10 00:00:00-04:00,129.9012164024624,130.75011549220602,129.45701328408768,130.11837768554688,3816900,0.0,0.0
2025-06-11 00:00:00-04:00,130.32565126139642,131.72731897228644,129.72352502077737,130.10848999023438,5810200,0.0,0.0
2025-06-12 00:00:00-04:00,128.9733420220946,130.29604063797748,128.1244429730412,130.21707153320312,4258700,0.0,0.0
2025-06-13 00:00:00-04:00,128.5094117879004,129.378056904576,127.14722104798946,127.81845092773438,4367500,0.0,0.0
2025-06-16 00:00:00-04:00,128.60810934473187,131.08571796418218,128.60810934473187,129.21023559570312,6240500,0.0,0.0
2025-06-17 00:00:00-04:00,128.16391750816592,129.47675060866456,127.9862483222329,128.4106903076172,4767700,0.0,0.0
2025-06-18 00:00:00-04:00,128.34161321580302,131.24366400637044,128.25276355308654,130.80934143066406,6170400,0.0,0.0
2025-06-20 00:00:00-04:00,131.62862500837963,131.6483559889906,130.20721118989147,130.99688720703125,8904400,0.0,0.0
2025-06-23 00:00:00-04:00,130.3552736375453,132.36894830824363,129.21024412376138,132.27023315429688,5232400,0.0,0.0
2025-06-24 00:00:00-04:00,133.92852964438916,134.9156208654539,133.2671803336938,134.14569091796875,5599900,0.0,0.0
2025-06-25 00:00:00-04:00,134.36284778045072,136.1100034016853,133.66202147112008,135.94219970703125,5736400,0.0,0.0
2025-06-26 00:00:00-04:00,136.228454986129,138.39018718584913,136.06065128474748,137.9459991455078,6013200,0.0,0.0
2025-06-27 00:00:00-04:00,138.43956349929394,140.0682582216169,137.30441445789538,138.87388610839844,7249300,0.0,0.0
2025-06-30 00:00:00-04:00,139.6832750299763,140.0188974963463,137.74858464693867,139.0416717529297,8034400,0.0,0.0
2025-07-01 00:00:00-04:00,138.73568596509435,139.7820003387673,137.6696255480074,139.2489776611328,6166700,0.0,0.0
2025-07-02 00:00:00-04:00,139.7918553329795,141.03559992376728,139.16011754752842,141.01585388183594,5494500,0.0,0.0
2025-07-03 00:00:00-04:00,141.5093974483897,142.69390389623214,140.8283020988807,142.27932739257812,3974700,0.0,0.0
2025-07-07 00:00:00-04:00,142.24972517996065,143.28617403790298,140.6605076142671,141.88450622558594,5991600,0.0,0.0
2025-07-08 00:00:00-04:00,141.75617917603276,142.20036723920785,139.19961637832446,139.30819702148438,6620400,0.0,0.0
2025-07-09 00:00:00-04:00,141.05534255532146,141.09483464244627,139.08115992998836,139.7227783203125,4837000,0.0,0.0
2025-07-10 00:00:00-04:00,139.93005617808325,141.31199302443235,139.49574866138613,141.24288940429688,5622800,0.0,0.0
2025-07-11 00:00:00-04:00,140.02876759192475,140.61114782400648,139.29831463285817,140.44334411621094,3647500,0.0,0.0
2025-07-14 00:00:00-04:00,140.61114359283428,142.19049559557664,140.1669555488808,142.1115264892578,5376100,0.0,0.0
2025-07-15 00:00:00-04:00,141.4403049963142,142.14114644278055,139.72277578302737,139.7622528076172,7392200,0.0,0.0
2025-07-16 00:00:00-04:00,137.69923903621734,138.19278469584535,133.51396642031716,137.98548889160156,10610800,0.0,0.0
2025-07-17 00:00:00-04:00,137.46231724927526,139.86095673510235,137.33400563329465,139.08114624023438,7695800,0.0,0.0
2025-07-18 00:00:00-04:00,139.6240614888762,139.92019189148633,138.390197362849,139.01206970214844,5572300,0.0,0.0
2025-07-21 00:00:00-04:00,139.41677223619683,140.68024781914335,138.3704428692976,138.65670776367188,5853400,0.0,0.0
2025-07-22 00:00:00-04:00,138.98245302876745,139.07128762772015,137.13658212245124,138.2322540283203,5257200,0.0,0.0
2025-07-23 00:00:00-04:00,138.9627040094486,140.78882883405203,138.1236704280217,140.37425231933594,6612900,0.0,0.0
2025-07-24 00:00:00-04:00,140.6308956687355,141.86475976699995,140.01890389577795,140.66050720214844,3817900,0.0,0.0
2025-07-25 00:00:00-04:00,141.0750905663559,141.52915920371504,140.21632593214122,141.16392517089844,3463000,0.0,0.0
2025-07-28 00:00:00-04:00,141.193526146445,141.29224129643313,140.186703913289,140.7197265625,3729300,0.0,0.0
2025-07-29 00:00:00-04:00,141.6475945617658,142.19049776234505,140.26567283467057,141.70681762695312,5158700,0.0,0.0
2025-07-30 00:00:00-04:00,141.97332841498095,143.60202286235676,141.43042524525023,143.06900024414062,5236800,0.0,0.0
2025-07-31 00:00:00-04:00,142.33348921451352,143.82441266682991,141.14075348595193,141.5979766845703,5523700,1.0,0.0
2025-08-01 00:00:00-04:00,138.42727074346678,138.72545845363803,135.34602301579216,138.24835205078125,6678500,0.0,0.0
2025-08-04 00:00:00-04:00,139.33175577191875,140.92208014983643,138.86461372110486,140.50462341308594,3851500,0.0,0.0
2025-08-05 00:00:00-04:00,140.8028126171058,141.84646205323517,138.5664274681675,139.61007690429688,5331100,0.0,0.0
2025-08-06 00:00:00-04:00,140.29589062051036,140.9916670305519,139.65976388831115,140.4449920654297,3765800,0.0,0.0
2025-08-07 00:00:00-04:00,141.36934662249456,141.84645301036804,139.74922024218404,140.06727600097656,3728600,0.0,0.0
2025-08-08 00:00:00-04:00,140.76304074918,143.0590603204402,140.4251017574051,142.3135986328125,3943500,0.0,0.0
2025-08-11 00:00:00-04:00,142.70126239797827,143.3175059125686,141.7967651858514,143.00938415527344,4024700,0.0,0.0
2025-08-12 00:00:00-04:00,144.19217480294978,147.33304181351338,143.9436875769157,146.3987274169922,7111600,0.0,0.0
2025-08-13 00:00:00-04:00,147.25352998442457,148.17791038888606,144.51023635895748,146.8658905029297,5542000,0.0,0.0
2025-08-14 00:00:00-04:00,146.11050113169443,147.76046009054645,145.2855216522684,147.61135864257812,4188600,0.0,0.0
2025-08-15 00:00:00-04:00,147.73063271290434,147.90953623845974,143.58586753984486,143.7548370361328,4986000,0.0,0.0
2025-08-18 00:00:00-04:00,143.23798667413382,144.1822351623474,142.94974814607363,143.9039306640625,3548700,0.0,0.0
2025-08-19 00:00:00-04:00,143.61568365147576,144.0927748822846,142.5521510365017,143.19822692871094,4257700,0.0,0.0
2025-08-20 00:00:00-04:00,142.9497370112885,143.83435091902976,140.17661110776433,143.24790954589844,4619300,0.0,0.0
2025-08-21 00:00:00-04:00,142.5422184886674,143.5759186939053,142.03529483211165,143.16839599609375,3269400,0.0,0.0
2025-08-22 00:00:00-04:00,143.94369498954427,147.99899338077302,143.79459354637157,147.12432861328125,6759600,0.0,0.0
2025-08-25 00:00:00-04:00,147.08456626367507,147.7107589762569,146.67705870713658,146.75656127929688,2596500,0.0,0.0
2025-08-26 00:00:00-04:00,146.4285633336449,148.12820750708593,145.41473118060995,148.06857299804688,4453800,0.0,0.0
2025-08-27 00:00:00-04:00,147.47219139591985,149.21160194681335,147.13425241455292,148.47608947753906,3329200,0.0,0.0
2025-08-28 00:00:00-04:00,148.93330124444813,149.4799761790103,148.27729132297353,149.271240234375,3898100,0.0,0.0
2025-08-29 00:00:00-04:00,148.98300127422482,149.8377979421117,148.22760556376116,149.56942749023438,3629400,0.0,0.0
2025-09-02 00:00:00-04:00,147.66105660811743,148.16798028952732,144.7786106606942,147.94931030273438,5330200,0.0,0.0
2025-09-03 00:00:00-04:00,147.9095453459205,148.64507305133748,146.05086560584866,147.63124084472656,4338900,0.0,0.0
2025-09-04 00:00:00-04:00,148.12820202953858,149.83779533557274,147.78031385106576,149.61912536621094,3955000,0.0,0.0
2025-09-05 00:00:00-04:00,150.20555747779125,150.94108514606003,145.4047823249749,147.1938934326172,5697300,0.0,0.0
2025-09-08 00:00:00-04:00,147.4225064130739,148.29717112170923,146.35897382254578,147.8896484375,3820800,0.0,0.0
2025-09-09 00:00:00-04:00,147.52189552452276,151.89527983202242,147.4523269873226,151.2989044189453,6673200,0.0,0.0
2025-09-10 00:00:00-04:00,151.9747895060315,153.5949311597123,150.50374929582162,153.18740844726562,4945600,0.0,0.0
2025-09-11 00:00:00-04:00,153.45577717376315,156.80538026868012,153.14765542712132,155.5331268310547,7399500,0.0,0.0
2025-09-12 00:00:00-04:00,155.09579160125384,155.920771071625,154.67833485114875,155.4436798095703,4341600,0.0,0.0
2025-09-15 00:00:00-04:00,156.397864317653,157.52101625310388,154.93675823221017,155.69215393066406,4829900,0.0,0.0
2025-09-16 00:00:00-04:00,156.12950694593314,156.5469636958137,154.28076124420045,154.8671875,7539500,0.0,0.0
2025-09-17 00:00:00-04:00,155.6921593518994,157.01411324506677,154.70814445403454,156.45750427246094,4604200,0.0,0.0
2025-09-18 00:00:00-04:00,156.9445251707658,159.1709761656595,156.53701764846144,158.27642822265625,4323700,0.0,0.0
2025-09-19 00:00:00-04:00,158.5845605780378,160.11523531262415,157.16320566992556,158.9423828125,14902000,0.0,0.0
2025-09-22 00:00:00-04:00,158.36587924113604,160.05558932914,156.8749558988167,159.73753356933594,4421200,0.0,0.0
2025-09-23 00:00:00-04:00,159.60832791006575,162.98774835180444,158.6342621630988,159.7872314453125,5335900,0.0,0.0
2025-09-24 00:00:00-04:00,160.12518423719848,160.49294050077333,156.88490090660477,156.92466735839844,5195200,0.0,0.0
2025-09-25 00:00:00-04:00,156.43761658290794,158.28636214142205,155.6822208797084,157.98817443847656,5351100,0.0,0.0
2025-09-26 00:00:00-04:00,158.5944841290787,160.8308691550899,158.35594609950306,159.1411590576172,5326800,0.0,0.0
2025-09-29 00:00:00-04:00,159.71765723905023,160.34384992312008,158.75352555608373,160.184814453125,4186000,0.0,0.0
2025-09-30 00:00:00-04:00,160.41341170613578,161.24832513876038,155.89094119640097,157.9981231689453,5547100,0.0,0.0
2025-10-01 00:00:00-04:00,156.9246581877575,157.48126714868027,154.60875541598787,155.94064331054688,5467400,0.0,0.0
2025-10-02 00:00:00-04:00,155.74186370508386,156.0599194831447,152.77990007493028,154.3602752685547,5087400,0.0,0.0
2025-10-03 00:00:00-04:00,155.98040361812355,156.84514952987,155.21507383580337,156.63641357421875,5182100,0.0,0.0
2025-10-06 00:00:00-04:00,157.0439253146492,157.76950376095084,154.07201266047926,157.1333770751953,4696300,0.0,0.0
2025-10-07 00:00:00-04:00,157.81920864419178,158.32611713455904,154.45965643408982,155.02621459960938,4589700,0.0,0.0
2025-10-08 00:00:00-04:00,155.53312457482917,155.60270827994268,153.08801869623576,154.70814514160156,4038600,0.0,0.0
2025-10-09 00:00:00-04:00,154.63857467456347,155.48342215603913,152.89916406590214,155.32440185546875,6092600,0.0,0.0
2025-10-10 00:00:00-04:00,155.9008964590219,156.99423118721063,150.92120259012964,150.9410858154297,5531700,0.0,0.0
2025-10-13 00:00:00-04:00,153.34643679742453,154.67832469840303,152.4220715899632,154.19129943847656,4735800,0.0,0.0
2025-10-14 00:00:00-04:00,153.56511094595652,156.16925231067344,150.96096958123962,154.4000244140625,8023800,0.0,0.0
2025-10-15 00:00:00-04:00,161.94409122912035,165.76086663136962,160.66190378785438,161.66578674316406,13673700,0.0,0.0
2025-10-16 00:00:00-04:00,162.10312736488473,163.75308622874775,158.00806262626972,159.0517120361328,10477500,0.0,0.0
2025-10-17 00:00:00-04:00,159.72758442874803,160.00588890609345,156.89483917724166,157.70986938476562,7965000,0.0,0.0
2025-10-20 00:00:00-04:00,159.2306200381632,162.15283240131373,158.53485880085535,160.9899139404297,5741000,0.0,0.0
2025-10-21 00:00:00-04:00,160.47304726896647,161.07935670612568,158.22672820933,158.2664794921875,4220600,0.0,0.0
2025-10-22 00:00:00-04:00,158.6044461632945,158.77341567007383,156.26865999157897,157.1632080078125,4360200,0.0,0.0
2025-10-23 00:00:00-04:00,157.9384855823163,159.1212872856153,156.94453661032827,158.34600830078125,3735600,0.0,0.0
2025-10-24 00:00:00-04:00,159.54868351395882,163.90216943295732,159.54868351395882,162.86846923828125,5547500,0.0,0.0
2025-10-27 00:00:00-04:00,163.96182790093505,165.68135536337098,163.90217822322475,165.01541137695312,5056000,0.0,0.0
2025-10-28 00:00:00-04:00,165.11479390316225,166.11869204422413,163.38533244525846,164.21031188964844,3601000,0.0,0.0
2025-10-29 00:00:00-04:00,163.31574956106527,165.0154089389439,162.13294788383652,163.03744506835938,4963500,0.0,0.0
2025-10-30 00:00:00-04:00,162.8287207892465,165.98947110280164,162.4112488926854,164.25999450683594,4960500,0.0,0.0
2025-10-31 00:00:00-04:00,163.35000610351562,164.89999389648438,162.91000366210938,164.0,5323500,1.0,0.0
2025-11-03 00:00:00-05:00,164.3000030517578,164.66000366210938,161.57000732421875,163.64999389648438,4719200,0.0,0.0
2025-11-04 00:00:00-05:00,162.3300018310547,166.92999267578125,160.86000061035156,164.00999450683594,5739200,0.0,0.0
2025-11-05 00:00:00-05:00,163.8699951171875,165.9600067138672,161.6300048828125,165.17999267578125,4133000,0.0,0.0
2025-11-06 00:00:00-05:00,164.57000732421875,165.6699981689453,162.64999389648438,163.4199981689453,4292900,0.0,0.0
2025-11-07 00:00:00-05:00,162.2100067138672,162.60000610351562,158.05999755859375,162.36000061035156,6323300,0.0,0.0
2025-11-10 00:00:00-05:00,163.80999755859375,166.05999755859375,163.80999755859375,165.0500030517578,5015400,0.0,0.0
2025-11-11 00:00:00-05:00,165.3000030517578,166.72000122070312,164.77999877929688,166.5,3237600,0.0,0.0
2025-11-12 00:00:00-05:00,167.52000427246094,171.77000427246094,167.52000427246094,169.9199981689453,6892900,0.0,0.0
2025-11-13 00:00:00-05:00,169.30999755859375,170.35000610351562,165.1699981689453,165.61000061035156,6090900,0.0,0.0
2025-11-14 00:00:00-05:00,164.1999969482422,164.8000030517578,159.94000244140625,163.86000061035156,6691200,0.0,0.0
2025-11-17 00:00:00-05:00,163.25,164.08999633789062,158.75999450683594,159.4499969482422,5727200,0.0,0.0
2025-11-18 00:00:00-05:00,158.63999938964844,161.6699981689453,157.7899932861328,159.8300018310547,4864900,0.0,0.0
2025-11-19 00:00:00-05:00,160.35000610351562,162.91000366210938,160.0500030517578,162.2899932861328,6413600,0.0,0.0
2025-11-20 00:00:00-05:00,164.1999969482422,166.94000244140625,158.50999450683594,158.6999969482422,5258600,0.0,0.0
2025-11-21 00:00:00-05:00,159.77999877929688,160.11000061035156,155.22999572753906,158.1699981689453,9021300,0.0,0.0
2025-11-24 00:00:00-05:00,161.3300018310547,164.4600067138672,159.0,162.8300018310547,10125700,0.0,0.0
2025-11-25 00:00:00-05:00,163.50999450683594,165.8699951171875,160.6199951171875,165.42999267578125,5561000,0.0,0.0
2025-11-26 00:00:00-05:00,166.97999572753906,168.9600067138672,165.8699951171875,167.94000244140625,4844200,0.0,0.0
2025-11-28 00:00:00-05:00,168.0,170.27000427246094,167.75999450683594,169.66000366210938,2133700,0.0,0.0
2025-12-01 00:00:00-05:00,169.00999450683594,169.77000427246094,167.72999572753906,168.47000122070312,4393500,0.0,0.0
2025-12-02 00:00:00-05:00,168.88999938964844,170.1199951171875,168.69000244140625,169.08999633789062,4338700,0.0,0.0
2025-12-03 00:00:00-05:00,168.5500030517578,174.0,168.10000610351562,173.72000122070312,6223300,0.0,0.0
2025-12-04 00:00:00-05:00,174.32000732421875,176.0,173.72000122070312,174.88999938964844,4813200,0.0,0.0
2025-12-05 00:00:00-05:00,174.47000122070312,177.32000732421875,174.3000030517578,176.50999450683594,4641600,0.0,0.0
