Date,Open,High,Low,Close,Volume,Dividends,Stock Splits
1995-04-03 00:00:00+02:00,29.68026054406839,30.022432358032944,29.61181637656133,29.83994483947754,0,0.0,0.0
1995-04-04 00:00:00+02:00,30.113723325193583,30.569994776528446,29.77150430334609,29.83994483947754,0,0.0,0.0
1995-04-05 00:00:00+02:00,30.20497383945116,30.20497383945116,29.97684532551673,30.090883255004883,0,0.0,0.0
1995-04-06 00:00:00+02:00,29.97684197782161,30.15932951680868,29.931191949910712,30.13652992248535,0,0.0,0.0
1995-04-07 00:00:00+02:00,30.1593379296198,30.34187272741235,30.1593379296198,30.29622268676757,0,0.0,0.0
1995-04-10 00:00:00+02:00,30.50155963127576,30.57000381902837,30.410266821423225,30.54715156555176,0,0.0,0.0
1995-04-11 00:00:00+02:00,30.410266821423225,30.66124215823064,30.410266821423225,30.54715156555176,0,0.0,0.0
1995-04-12 00:00:00+02:00,30.524352574230804,30.843724840255,30.38746240474223,30.478702545166016,0,0.0,0.0
1995-04-13 00:00:00+02:00,30.52436155543708,30.547155709979293,30.43311775679046,30.45591735839844,0,0.0,0.0
1995-04-14 00:00:00+02:00,30.45591735839844,30.45591735839844,30.45591735839844,30.45591735839844,0,0.0,0.0
1995-04-17 00:00:00+02:00,30.45591735839844,30.45591735839844,30.45591735839844,30.45591735839844,0,0.0,0.0
1995-04-18 00:00:00+02:00,30.3190163773126,30.34186317870718,30.250572204589844,30.250572204589844,0,0.0,0.0
1995-04-19 00:00:00+02:00,30.15932614011048,30.15932614011048,29.83994483947754,29.83994483947754,0,0.0,0.0
1995-04-20 00:00:00+02:00,29.885600560249177,30.27342247095547,29.885600560249177,29.93119430541992,0,0.0,0.0
1995-04-21 00:00:00+02:00,30.661243438720703,30.70684626903124,30.41026809143193,30.661243438720703,0,0.0,0.0
1995-04-24 00:00:00+02:00,30.661243438720703,30.70684626903124,30.41026809143193,30.661243438720703,0,0.0,0.0
1995-04-25 00:00:00+02:00,30.980627813519355,31.414141596340915,30.980627813519355,31.00342559814453,0,0.0,0.0
1995-04-26 00:00:00+02:00,31.003425756789067,31.30000394692133,31.003425756789067,31.23155975341797,0,0.0,0.0
1995-04-27 00:00:00+02:00,31.27720720890354,31.36844919020224,31.049073204639896,31.25440216064453,0,0.0,0.0
1995-04-28 00:00:00+02:00,31.25438867836056,31.43687619361497,31.20874228776202,31.41412925720215,0,0.0,0.0
1995-05-01 00:00:00+02:00,31.41412925720215,31.41412925720215,31.41412925720215,31.41412925720215,0,0.0,0.0
1995-05-02 00:00:00+02:00,31.505330411979745,31.619421005249023,31.505330411979745,31.619421005249023,0,0.0,0.0
1995-05-03 00:00:00+02:00,31.59658165890856,31.642228066979325,31.52813746644095,31.57378387451172,0,0.0,0.0
1995-05-04 00:00:00+02:00,31.71067038466747,32.075645533301284,31.71067038466747,31.89315795898437,0,0.0,0.0
1995-05-05 00:00:00+02:00,31.91595211065665,32.16693108129202,31.84755513013293,31.89315795898437,0,0.0,0.0
1995-05-08 00:00:00+02:00,31.89315573974165,32.166928842999155,31.847552914063417,31.984394073486328,0,0.0,0.0
1995-05-09 00:00:00+02:00,31.984396152206887,31.984396152206887,31.528135457677468,31.619421005249023,0,0.0,0.0
1995-05-10 00:00:00+02:00,31.61941842684265,31.71066765320625,31.391237258911133,31.391237258911133,0,0.0,0.0
1995-05-11 00:00:00+02:00,31.39123489732179,32.0072433878378,30.54714693457228,31.91594696044922,0,0.0,0.0
1995-05-12 00:00:00+02:00,32.14408979272365,32.258180386768835,32.05284782105202,32.16693115234375,0,0.0,0.0
1995-05-15 00:00:00+02:00,32.34941890189758,32.62319928904306,32.12129218322521,32.39506530761719,0,0.0,0.0
1995-05-16 00:00:00+02:00,32.39506530761719,32.39506530761719,32.39506530761719,32.39506530761719,0,0.0,0.0
1995-05-17 00:00:00+02:00,32.463507557109416,32.463507557109416,32.280972784410515,32.44066619873047,0,0.0,0.0
1995-05-18 00:00:00+02:00,32.48631044882664,32.48631044882664,32.25817649614869,32.34941482543945,0,0.0,0.0
1995-05-19 00:00:00+02:00,32.03003807257769,32.16692278272903,32.00724029541016,32.00724029541016,0,0.0,0.0
1995-05-22 00:00:00+02:00,31.847554600701447,32.440667350541105,31.847554600701447,32.417869567871094,0,0.0,0.0
1995-05-23 00:00:00+02:00,32.53196334838867,32.53196334838867,32.53196334838867,32.53196334838867,0,0.0,0.0
1995-05-24 00:00:00+02:00,32.668797589955744,32.7600831259882,32.6231947670782,32.6916389465332,0,0.0,0.0
1995-05-25 00:00:00+02:00,32.6916389465332,32.6916389465332,32.6916389465332,32.6916389465332,0,0.0,0.0
1995-05-26 00:00:00+02:00,32.39506237733116,32.714445564785564,32.07564287611257,32.32661819458008,0,0.0,0.0
1995-05-29 00:00:00+02:00,32.349418117834496,32.48631375515437,32.32662033516448,32.417869567871094,0,0.0,0.0
1995-05-30 00:00:00+02:00,32.48631851434461,32.76009167220837,32.30383091632724,32.62320327758789,0,0.0,0.0
1995-05-31 00:00:00+02:00,32.80568828735577,32.80568828735577,32.62320070373601,32.782894134521484,0,0.0,0.0
1995-06-01 00:00:00+02:00,32.96538082146882,32.98822218158158,32.80568739502707,32.85133743286133,0,0.0,0.0
1995-06-02 00:00:00+02:00,33.39114257759692,33.39114257759692,32.72427527499282,32.81625747680664,0,0.55,0.0
1995-06-05 00:00:00+02:00,32.81625747680664,32.81625747680664,32.81625747680664,32.81625747680664,0,0.0,0.0
1995-06-06 00:00:00+02:00,33.023241876824486,33.023241876824486,32.90823481879421,32.88525390625,0,0.0,0.0
1995-06-07 00:00:00+02:00,32.74727229334031,32.93122576470068,32.908237529169604,32.79328536987305,0,0.0,0.0
1995-06-08 00:00:00+02:00,33.0232486433014,33.0232486433014,32.47129298736077,32.747276306152344,0,0.0,0.0
1995-06-09 00:00:00+02:00,32.24131734095938,32.6552848815918,32.24131734095938,32.6552848815918,0,0.0,0.0
1995-06-12 00:00:00+02:00,32.70126344521141,32.885260866928085,32.56332303254754,32.86223602294922,0,0.0,0.0
1995-06-13 00:00:00+02:00,32.8622245049606,32.8622245049606,32.70125198364258,32.70125198364258,0,0.0,0.0
1995-06-14 00:00:00+02:00,32.81626763263505,32.83924488746902,32.56332015991211,32.56332015991211,0,0.0,0.0
1995-06-15 00:00:00+02:00,32.56332015991211,32.56332015991211,32.56332015991211,32.56332015991211,0,0.0,0.0
1995-06-16 00:00:00+02:00,32.65529140855054,32.70126056040731,32.47129034251833,32.56332015991211,0,0.0,0.0
1995-06-19 00:00:00+02:00,32.60927430455427,32.90823481879421,32.540280319267026,32.88525390625,0,0.0,0.0
1995-06-20 00:00:00+02:00,33.02324295043945,33.02324295043945,33.02324295043945,33.02324295043945,0,0.0,0.0
1995-06-21 00:00:00+02:00,33.161180774942046,33.34518176939537,33.11521530151367,33.11521530151367,0,0.0,0.0
1995-06-22 00:00:00+02:00,33.138195128964085,33.62110900878906,32.97722993659921,33.62110900878906,0,0.0,0.0
1995-06-23 00:00:00+02:00,33.874106495538385,33.98906595339068,33.759106771676336,33.8970947265625,0,0.0,0.0
1995-06-26 00:00:00+02:00,34.01210914255072,34.2880338644721,33.8971020726719,34.26505661010742,0,0.0,0.0
1995-06-27 00:00:00+02:00,34.33404267201861,34.65598409193254,34.33404267201861,34.47203063964844,0,0.0,0.0
1995-06-28 00:00:00+02:00,34.42602380953691,34.42602380953691,34.21903454348906,34.334041595458984,0,0.0,0.0
1995-06-29 00:00:00+02:00,34.2880338644721,34.334046941955606,34.219039872076785,34.26505661010742,0,0.0,0.0
1995-06-30 00:00:00+02:00,34.21903880982292,34.288032800076465,34.08110207697411,34.12706756591797,0,0.0,0.0
1995-07-03 00:00:00+02:00,34.12706977047761,34.26505775989854,34.08110427856445,34.08110427856445,0,0.0,0.0
1995-07-04 00:00:00+02:00,34.21903232330964,34.426021575927734,33.94310766225764,34.426021575927734,0,0.0,0.0
1995-07-05 00:00:00+02:00,34.49501642062835,34.49501642062835,34.40303421020508,34.40303421020508,0,0.0,0.0
1995-07-06 00:00:00+02:00,34.472027511588664,34.472027511588664,34.3570204664486,34.380008697509766,0,0.0,0.0
1995-07-07 00:00:00+02:00,34.54103194455671,34.609978341264785,34.426024888980685,34.47203063964844,0,0.0,0.0
1995-07-10 00:00:00+02:00,34.51800152660525,34.5410373504645,34.35702896118164,34.35702896118164,0,0.0,0.0
1995-07-11 00:00:00+02:00,34.26505771146548,34.403042040144115,34.1270697222396,34.35702896118164,0,0.0,0.0
1995-07-12 00:00:00+02:00,34.42602763374088,34.63300594114116,34.42602763374088,34.54103469848633,0,0.0,0.0
1995-07-13 00:00:00+02:00,34.724979400634766,34.90893282115434,34.65597810764143,34.724979400634766,0,0.0,0.0
1995-07-14 00:00:00+02:00,34.81695062007548,34.86296734443724,34.724979400634766,34.724979400634766,0,0.0,0.0
1995-07-17 00:00:00+02:00,34.81695776035142,35.25390625,34.81695776035142,35.25390625,0,0.0,0.0
1995-07-18 00:00:00+02:00,35.2078969300272,35.322896656582685,35.09293746948242,35.09293746948242,0,0.0,0.0
1995-07-19 00:00:00+02:00,34.88595599486192,35.13890346996158,34.88595599486192,35.046932220458984,0,0.0,0.0
1995-07-20 00:00:00+02:00,34.86297274084829,34.977932207261105,34.541031326693194,34.60997772216797,0,0.0,0.0
1995-07-21 00:00:00+02:00,34.81696177056574,34.97793799510013,34.724990521670286,34.93197250366211,0,0.0,0.0
1995-07-24 00:00:00+02:00,34.95493569820592,35.345878323471084,34.95493569820592,35.230918884277344,0,0.0,0.0
1995-07-25 00:00:00+02:00,35.34587841932393,35.46088544592427,35.299909285704764,35.39189147949219,0,0.0,0.0
1995-07-26 00:00:00+02:00,35.55282172625427,35.75985492556973,35.55282172625427,35.64484786987305,0,0.0,0.0
1995-07-27 00:00:00+02:00,35.62185963670177,35.69086094168244,35.55282172625427,35.64484786987305,0,0.0,0.0
1995-07-28 00:00:00+02:00,35.828805115691615,36.2197844877854,35.828805115691615,36.12776565551758,0,0.0,0.0
1995-07-31 00:00:00+02:00,36.0817834763255,36.0817834763255,35.9667764499814,36.035770416259766,0,0.0,0.0
1995-08-01 00:00:00+02:00,36.035770416259766,36.035770416259766,36.035770416259766,36.035770416259766,0,0.0,0.0
1995-08-02 00:00:00+02:00,36.28873062133789,36.28873062133789,36.28873062133789,36.28873062133789,0,0.0,0.0
1995-08-03 00:00:00+02:00,36.1277627088278,36.24276976732043,36.05876872326319,36.104774475097656,238000000,0.0,0.0
1995-08-04 00:00:00+02:00,36.104774475097656,36.104774475097656,36.104774475097656,36.104774475097656,0,0.0,0.0
1995-08-07 00:00:00+02:00,36.104774475097656,36.104774475097656,36.104774475097656,36.104774475097656,0,0.0,0.0
1995-08-08 00:00:00+02:00,36.104774475097656,36.104774475097656,36.104774475097656,36.104774475097656,0,0.0,0.0
1995-08-09 00:00:00+02:00,36.104774475097656,36.104774475097656,36.104774475097656,36.104774475097656,0,0.0,0.0
1995-08-10 00:00:00+02:00,36.104774475097656,36.104774475097656,36.104774475097656,36.104774475097656,0,0.0,0.0
1995-08-11 00:00:00+02:00,35.598831852720025,35.87481142598216,35.52983787454109,35.621856689453125,309000000,0.0,0.0
1995-08-14 00:00:00+02:00,35.621856689453125,35.621856689453125,35.621856689453125,35.621856689453125,0,0.0,0.0
1995-08-15 00:00:00+02:00,35.621856689453125,35.621856689453125,35.621856689453125,35.621856689453125,0,0.0,0.0
1995-08-16 00:00:00+02:00,36.28873042366854,36.33474349975586,36.12776518939744,36.33474349975586,16672358400,0.0,0.0
1995-08-17 00:00:00+02:00,36.33474349975586,36.33474349975586,36.33474349975586,36.33474349975586,0,0.0,0.0
1995-08-18 00:00:00+02:00,36.33474349975586,36.33474349975586,36.33474349975586,36.33474349975586,0,0.0,0.0
1995-08-21 00:00:00+02:00,36.33474349975586,36.33474349975586,36.33474349975586,36.33474349975586,0,0.0,0.0
1995-08-22 00:00:00+02:00,36.33474349975586,36.33474349975586,36.33474349975586,36.33474349975586,0,0.0,0.0
1995-08-23 00:00:00+02:00,36.33474349975586,36.33474349975586,36.33474349975586,36.33474349975586,0,0.0,0.0
1995-08-24 00:00:00+02:00,36.33474349975586,36.33474349975586,36.33474349975586,36.33474349975586,0,0.0,0.0
1995-08-25 00:00:00+02:00,36.33474349975586,36.33474349975586,36.33474349975586,36.33474349975586,0,0.0,0.0
1995-08-28 00:00:00+02:00,36.33474349975586,36.33474349975586,36.33474349975586,36.33474349975586,0,0.0,0.0
1995-08-29 00:00:00+02:00,36.77170083346417,36.79468174861364,36.72568775550483,36.7486686706543,52953088000,0.0,0.0
1995-08-30 00:00:00+02:00,36.7486686706543,36.7486686706543,36.7486686706543,36.7486686706543,0,0.0,0.0
1995-08-31 00:00:00+02:00,36.7486686706543,36.7486686706543,36.7486686706543,36.7486686706543,0,0.0,0.0
1995-09-01 00:00:00+02:00,36.7486686706543,36.7486686706543,36.7486686706543,36.7486686706543,0,0.0,0.0
1995-09-04 00:00:00+02:00,36.7486686706543,36.7486686706543,36.7486686706543,36.7486686706543,0,0.0,0.0
1995-09-05 00:00:00+02:00,37.66856815676295,37.71453363906722,37.66856815676295,37.62256240844727,94791270400,0.0,0.0
1995-09-06 00:00:00+02:00,37.62256240844727,37.62256240844727,37.62256240844727,37.62256240844727,0,0.0,0.0
1995-09-07 00:00:00+02:00,37.43861025020187,37.48456841299012,37.16263065903543,37.18560791015625,369000000,0.0,0.0
1995-09-08 00:00:00+02:00,37.27762870981117,37.392588148583926,37.16262168394388,37.25459289550781,426000000,0.0,0.0
1995-09-11 00:00:00+02:00,37.25459289550781,37.25459289550781,37.25459289550781,37.25459289550781,0,0.0,0.0
1995-09-12 00:00:00+02:00,37.43860382009364,37.76054517930128,37.43860382009364,37.691551208496094,187000000,0.0,0.0
1995-09-13 00:00:00+02:00,37.691551208496094,37.691551208496094,37.691551208496094,37.691551208496094,0,0.0,0.0
1995-09-14 00:00:00+02:00,37.85252430629284,37.94450652512947,37.73757215657432,37.8065185546875,58510540800,0.0,0.0
1995-09-15 00:00:00+02:00,37.8065185546875,37.8065185546875,37.8065185546875,37.8065185546875,0,0.0,0.0
1995-09-18 00:00:00+02:00,37.8065185546875,37.8065185546875,37.8065185546875,37.8065185546875,0,0.0,0.0
1995-09-19 00:00:00+02:00,37.8065185546875,37.8065185546875,37.8065185546875,37.8065185546875,0,0.0,0.0
1995-09-20 00:00:00+02:00,37.875512539908485,37.96753136421266,37.66857085025983,37.8065185546875,58510540800,0.0,0.0
1995-09-21 00:00:00+02:00,37.484574452658485,37.85252899743366,37.484574452658485,37.78353500366211,94791270400,0.0,0.0
1995-09-22 00:00:00+02:00,37.59956525933833,37.85251262251612,37.02463264251036,37.11660385131836,58510540800,0.0,0.0
1995-09-25 00:00:00+01:00,37.11660385131836,37.11660385131836,37.11660385131836,37.11660385131836,0,0.0,0.0
1995-09-26 00:00:00+01:00,37.11660385131836,37.11660385131836,37.11660385131836,37.11660385131836,0,0.0,0.0
1995-09-27 00:00:00+01:00,37.11660385131836,37.11660385131836,37.11660385131836,37.11660385131836,0,0.0,0.0
1995-09-28 00:00:00+01:00,37.11660385131836,37.11660385131836,37.11660385131836,37.11660385131836,0,0.0,0.0
1995-09-29 00:00:00+01:00,37.11660385131836,37.11660385131836,37.11660385131836,37.11660385131836,0,0.0,0.0
1995-10-02 00:00:00+01:00,37.11660385131836,37.11660385131836,37.11660385131836,37.11660385131836,0,0.0,0.0
1995-10-03 00:00:00+01:00,37.71453475952149,37.852522724196064,37.6455444377308,37.71453475952149,86980000,0.0,0.0
1995-10-04 00:00:00+01:00,37.71453475952149,37.71453475952149,37.71453475952149,37.71453475952149,0,0.0,0.0
1995-10-05 00:00:00+01:00,37.71453475952149,37.71453475952149,37.71453475952149,37.71453475952149,0,0.0,0.0
1995-10-06 00:00:00+01:00,37.71453475952149,37.71453475952149,37.71453475952149,37.71453475952149,0,0.0,0.0
1995-10-09 00:00:00+01:00,37.71453475952149,37.71453475952149,37.71453475952149,37.71453475952149,0,0.0,0.0
1995-10-10 00:00:00+01:00,37.71453475952149,37.71453475952149,37.71453475952149,37.71453475952149,0,0.0,0.0
1995-10-11 00:00:00+01:00,37.71453475952149,37.71453475952149,37.71453475952149,37.71453475952149,0,0.0,0.0
1995-10-12 00:00:00+01:00,37.71453475952149,37.71453475952149,37.71453475952149,37.71453475952149,0,0.0,0.0
1995-10-13 00:00:00+01:00,37.71453475952149,37.71453475952149,37.71453475952149,37.71453475952149,0,0.0,0.0
1995-10-16 00:00:00+01:00,38.381452220443215,38.51944019401825,38.22048699437108,38.26644515991211,100730000,0.0,0.0
1995-10-17 00:00:00+01:00,38.26644515991211,38.26644515991211,38.26644515991211,38.26644515991211,0,0.0,0.0
1995-10-18 00:00:00+01:00,38.26644515991211,38.26644515991211,38.26644515991211,38.26644515991211,0,0.0,0.0
1995-10-19 00:00:00+01:00,38.26644515991211,38.26644515991211,38.26644515991211,38.26644515991211,0,0.0,0.0
1995-10-20 00:00:00+01:00,38.26644515991211,38.26644515991211,38.26644515991211,38.26644515991211,0,0.0,0.0
1995-10-23 00:00:00+01:00,38.26644515991211,38.26644515991211,38.26644515991211,38.26644515991211,0,0.0,0.0
1995-10-24 00:00:00+01:00,38.26644515991211,38.26644515991211,38.26644515991211,38.26644515991211,0,0.0,0.0
1995-10-25 00:00:00+01:00,38.26644515991211,38.26644515991211,38.26644515991211,38.26644515991211,0,0.0,0.0
1995-10-26 00:00:00+01:00,38.26644515991211,38.26644515991211,38.26644515991211,38.26644515991211,0,0.0,0.0
1995-10-27 00:00:00+01:00,38.26644515991211,38.26644515991211,38.26644515991211,38.26644515991211,0,0.0,0.0
1995-10-30 00:00:00+01:00,38.26644515991211,38.26644515991211,38.26644515991211,38.26644515991211,0,0.0,0.0
1995-10-31 00:00:00+01:00,38.26644515991211,38.26644515991211,38.26644515991211,38.26644515991211,0,0.0,0.0
1995-11-01 00:00:00+01:00,38.26644515991211,38.26644515991211,38.26644515991211,38.26644515991211,0,0.0,0.0
1995-11-02 00:00:00+01:00,38.26644515991211,38.26644515991211,38.26644515991211,38.26644515991211,0,0.0,0.0
1995-11-03 00:00:00+01:00,38.26644515991211,38.26644515991211,38.26644515991211,38.26644515991211,0,0.0,0.0
1995-11-06 00:00:00+01:00,38.26644515991211,38.26644515991211,38.26644515991211,38.26644515991211,0,0.0,0.0
1995-11-07 00:00:00+01:00,38.26644515991211,38.26644515991211,38.26644515991211,38.26644515991211,0,0.0,0.0
1995-11-08 00:00:00+01:00,38.26644515991211,38.26644515991211,38.26644515991211,38.26644515991211,0,0.0,0.0
1995-11-09 00:00:00+01:00,38.26644515991211,38.26644515991211,38.26644515991211,38.26644515991211,0,0.0,0.0
1995-11-10 00:00:00+01:00,38.26644515991211,38.26644515991211,38.26644515991211,38.26644515991211,0,0.0,0.0
1995-11-13 00:00:00+01:00,38.26644515991211,38.26644515991211,38.26644515991211,38.26644515991211,0,0.0,0.0
1995-11-14 00:00:00+01:00,38.26644515991211,38.26644515991211,38.26644515991211,38.26644515991211,0,0.0,0.0
1995-11-15 00:00:00+01:00,38.26644515991211,38.26644515991211,38.26644515991211,38.26644515991211,0,0.0,0.0
1995-11-16 00:00:00+01:00,38.77239315680539,39.025340592025024,38.6804109401631,38.95639419555664,76610000,0.0,0.0
1995-11-17 00:00:00+01:00,39.09432577334788,40.70408741307668,38.933349609375,38.933349609375,319280000,0.0,0.0
1995-11-20 00:00:00+01:00,39.27833039050884,39.5083005651483,38.86436650553448,39.34732437133789,318160000,0.0,0.0
1995-11-21 00:00:00+01:00,39.34732437133789,39.34732437133789,39.34732437133789,39.34732437133789,0,0.0,0.0
1995-11-22 00:00:00+01:00,39.78422301138661,39.8072588293528,39.62325780823592,39.71522903442383,212750000,0.0,0.0
1995-11-23 00:00:00+01:00,39.71522903442383,39.71522903442383,39.71522903442383,39.71522903442383,0,0.0,0.0
1995-11-24 00:00:00+01:00,39.71522903442383,39.71522903442383,39.71522903442383,39.71522903442383,0,0.0,0.0
1995-11-27 00:00:00+01:00,39.71522903442383,39.71522903442383,39.71522903442383,39.71522903442383,0,0.0,0.0
1995-11-28 00:00:00+01:00,39.71522903442383,39.71522903442383,39.71522903442383,39.71522903442383,0,0.0,0.0
1995-11-29 00:00:00+01:00,40.42816207158416,40.704097747802734,40.42816207158416,40.704097747802734,613370000,0.0,0.0
1995-11-30 00:00:00+01:00,40.704097747802734,40.704097747802734,40.704097747802734,40.704097747802734,0,0.0,0.0
1995-12-01 00:00:00+01:00,40.704097747802734,40.704097747802734,40.704097747802734,40.704097747802734,0,0.0,0.0
1995-12-04 00:00:00+01:00,40.704097747802734,40.704097747802734,40.704097747802734,40.704097747802734,0,0.0,0.0
1995-12-05 00:00:00+01:00,40.704097747802734,40.704097747802734,40.704097747802734,40.704097747802734,0,0.0,0.0
1995-12-06 00:00:00+01:00,40.704097747802734,40.704097747802734,40.704097747802734,40.704097747802734,0,0.0,0.0
1995-12-07 00:00:00+01:00,40.704097747802734,40.704097747802734,40.704097747802734,40.704097747802734,0,0.0,0.0
1995-12-08 00:00:00+01:00,40.704097747802734,40.704097747802734,40.704097747802734,40.704097747802734,0,0.0,0.0
1995-12-11 00:00:00+01:00,40.704097747802734,40.704097747802734,40.704097747802734,40.704097747802734,0,0.0,0.0
1995-12-12 00:00:00+01:00,40.704097747802734,40.704097747802734,40.704097747802734,40.704097747802734,0,0.0,0.0
1995-12-13 00:00:00+01:00,40.704097747802734,40.704097747802734,40.704097747802734,40.704097747802734,0,0.0,0.0
1995-12-14 00:00:00+01:00,40.704097747802734,40.704097747802734,40.704097747802734,40.704097747802734,0,0.0,0.0
1995-12-15 00:00:00+01:00,40.704097747802734,40.704097747802734,40.704097747802734,40.704097747802734,0,0.0,0.0
1995-12-18 00:00:00+01:00,40.704097747802734,40.704097747802734,40.704097747802734,40.704097747802734,0,0.0,0.0
1995-12-19 00:00:00+01:00,40.704097747802734,40.704097747802734,40.704097747802734,40.704097747802734,0,0.0,0.0
1995-12-20 00:00:00+01:00,40.704097747802734,40.704097747802734,40.704097747802734,40.704097747802734,0,0.0,0.0
1995-12-21 00:00:00+01:00,40.704097747802734,40.704097747802734,40.704097747802734,40.704097747802734,0,0.0,0.0
1995-12-22 00:00:00+01:00,40.704097747802734,40.704097747802734,40.704097747802734,40.704097747802734,0,0.0,0.0
1995-12-25 00:00:00+01:00,40.704097747802734,40.704097747802734,40.704097747802734,40.704097747802734,0,0.0,0.0
1995-12-26 00:00:00+01:00,40.704097747802734,40.704097747802734,40.704097747802734,40.704097747802734,0,0.0,0.0
1995-12-27 00:00:00+01:00,40.704097747802734,40.704097747802734,40.704097747802734,40.704097747802734,0,0.0,0.0
1995-12-28 00:00:00+01:00,40.704097747802734,40.704097747802734,40.704097747802734,40.704097747802734,0,0.0,0.0
1995-12-29 00:00:00+01:00,40.704097747802734,40.704097747802734,40.704097747802734,40.704097747802734,0,0.0,0.0
1996-01-01 00:00:00+01:00,40.704097747802734,40.704097747802734,40.704097747802734,40.704097747802734,0,0.0,0.0
1996-01-02 00:00:00+01:00,40.704097747802734,40.704097747802734,40.704097747802734,40.704097747802734,0,0.0,0.0
1996-01-03 00:00:00+01:00,40.704097747802734,40.704097747802734,40.704097747802734,40.704097747802734,0,0.0,0.0
1996-01-04 00:00:00+01:00,42.86581802368164,42.95779292762992,42.75081095800278,42.86581802368164,200110000,0.0,0.0
1996-01-05 00:00:00+01:00,42.86581802368164,42.86581802368164,42.86581802368164,42.86581802368164,0,0.0,0.0
1996-01-08 00:00:00+01:00,42.86581802368164,42.86581802368164,42.86581802368164,42.86581802368164,0,0.0,0.0
1996-01-09 00:00:00+01:00,42.86581802368164,42.86581802368164,42.86581802368164,42.86581802368164,0,0.0,0.0
1996-01-10 00:00:00+01:00,42.86581802368164,42.86581802368164,42.86581802368164,42.86581802368164,0,0.0,0.0
1996-01-11 00:00:00+01:00,42.86581802368164,42.86581802368164,42.86581802368164,42.86581802368164,0,0.0,0.0
1996-01-12 00:00:00+01:00,42.86581802368164,42.86581802368164,42.86581802368164,42.86581802368164,0,0.0,0.0
1996-01-15 00:00:00+01:00,41.73897476761045,41.89994001974769,40.98007739552784,41.072059631347656,161740000,0.0,0.0
1996-01-16 00:00:00+01:00,41.072059631347656,41.072059631347656,41.072059631347656,41.072059631347656,0,0.0,0.0
1996-01-17 00:00:00+01:00,41.072059631347656,41.072059631347656,41.072059631347656,41.072059631347656,0,0.0,0.0
1996-01-18 00:00:00+01:00,41.072059631347656,41.072059631347656,41.072059631347656,41.072059631347656,0,0.0,0.0
1996-01-19 00:00:00+01:00,41.072059631347656,41.072059631347656,41.072059631347656,41.072059631347656,0,0.0,0.0
1996-01-22 00:00:00+01:00,41.072059631347656,41.072059631347656,41.072059631347656,41.072059631347656,0,0.0,0.0
1996-01-23 00:00:00+01:00,41.072059631347656,41.072059631347656,41.072059631347656,41.072059631347656,0,0.0,0.0
1996-01-24 00:00:00+01:00,41.072059631347656,41.072059631347656,41.072059631347656,41.072059631347656,0,0.0,0.0
1996-01-25 00:00:00+01:00,41.072059631347656,41.072059631347656,41.072059631347656,41.072059631347656,0,0.0,0.0
1996-01-26 00:00:00+01:00,41.072059631347656,41.072059631347656,41.072059631347656,41.072059631347656,0,0.0,0.0
1996-01-29 00:00:00+01:00,41.072059631347656,41.072059631347656,41.072059631347656,41.072059631347656,0,0.0,0.0
1996-01-30 00:00:00+01:00,41.072059631347656,41.072059631347656,41.072059631347656,41.072059631347656,0,0.0,0.0
1996-01-31 00:00:00+01:00,41.072059631347656,41.072059631347656,41.072059631347656,41.072059631347656,0,0.0,0.0
1996-02-01 00:00:00+01:00,41.072059631347656,41.072059631347656,41.072059631347656,41.072059631347656,0,0.0,0.0
1996-02-02 00:00:00+01:00,41.072059631347656,41.072059631347656,41.072059631347656,41.072059631347656,0,0.0,0.0
1996-02-05 00:00:00+01:00,41.072059631347656,41.072059631347656,41.072059631347656,41.072059631347656,0,0.0,0.0
1996-02-06 00:00:00+01:00,41.072059631347656,41.072059631347656,41.072059631347656,41.072059631347656,0,0.0,0.0
1996-02-07 00:00:00+01:00,41.072059631347656,41.072059631347656,41.072059631347656,41.072059631347656,0,0.0,0.0
1996-02-08 00:00:00+01:00,41.072059631347656,41.072059631347656,41.072059631347656,41.072059631347656,0,0.0,0.0
1996-02-09 00:00:00+01:00,41.072059631347656,41.072059631347656,41.072059631347656,41.072059631347656,0,0.0,0.0
1996-02-12 00:00:00+01:00,41.072059631347656,41.072059631347656,41.072059631347656,41.072059631347656,0,0.0,0.0
1996-02-13 00:00:00+01:00,41.072059631347656,41.072059631347656,41.072059631347656,41.072059631347656,0,0.0,0.0
1996-02-14 00:00:00+01:00,41.072059631347656,41.072059631347656,41.072059631347656,41.072059631347656,0,0.0,0.0
1996-02-15 00:00:00+01:00,41.072059631347656,41.072059631347656,41.072059631347656,41.072059631347656,0,0.0,0.0
1996-02-16 00:00:00+01:00,41.072059631347656,41.072059631347656,41.072059631347656,41.072059631347656,0,0.0,0.0
1996-02-19 00:00:00+01:00,41.07204799751274,41.37100848198243,41.00305401909587,41.11806106567383,66160000,0.0,0.0
1996-02-20 00:00:00+01:00,41.11806106567383,41.11806106567383,41.11806106567383,41.11806106567383,0,0.0,0.0
1996-02-21 00:00:00+01:00,41.11806106567383,41.11806106567383,41.11806106567383,41.11806106567383,0,0.0,0.0
1996-02-22 00:00:00+01:00,41.11806106567383,41.11806106567383,41.11806106567383,41.11806106567383,0,0.0,0.0
1996-02-23 00:00:00+01:00,41.11806106567383,41.11806106567383,41.11806106567383,41.11806106567383,0,0.0,0.0
1996-02-26 00:00:00+01:00,41.11806106567383,41.11806106567383,41.11806106567383,41.11806106567383,0,0.0,0.0
1996-02-27 00:00:00+01:00,41.11806106567383,41.11806106567383,41.11806106567383,41.11806106567383,0,0.0,0.0
1996-02-28 00:00:00+01:00,41.11806106567383,41.11806106567383,41.11806106567383,41.11806106567383,0,0.0,0.0
1996-02-29 00:00:00+01:00,41.11806106567383,41.11806106567383,41.11806106567383,41.11806106567383,0,0.0,0.0
1996-03-01 00:00:00+01:00,41.11806106567383,41.11806106567383,41.11806106567383,41.11806106567383,0,0.0,0.0
1996-03-04 00:00:00+01:00,41.11806106567383,41.11806106567383,41.11806106567383,41.11806106567383,0,0.0,0.0
1996-03-05 00:00:00+01:00,41.11806106567383,41.11806106567383,41.11806106567383,41.11806106567383,0,0.0,0.0
1996-03-06 00:00:00+01:00,41.11806106567383,41.11806106567383,41.11806106567383,41.11806106567383,0,0.0,0.0
1996-03-07 00:00:00+01:00,41.11806106567383,41.11806106567383,41.11806106567383,41.11806106567383,0,0.0,0.0
1996-03-08 00:00:00+01:00,41.11806106567383,41.11806106567383,41.11806106567383,41.11806106567383,0,0.0,0.0
1996-03-11 00:00:00+01:00,41.11806106567383,41.11806106567383,41.11806106567383,41.11806106567383,0,0.0,0.0
1996-03-12 00:00:00+01:00,41.11806106567383,41.11806106567383,41.11806106567383,41.11806106567383,0,0.0,0.0
1996-03-13 00:00:00+01:00,41.11806106567383,41.11806106567383,41.11806106567383,41.11806106567383,0,0.0,0.0
1996-03-14 00:00:00+01:00,41.11806106567383,41.11806106567383,41.11806106567383,41.11806106567383,0,0.0,0.0
1996-03-15 00:00:00+01:00,41.11806106567383,41.11806106567383,41.11806106567383,41.11806106567383,0,0.0,0.0
1996-03-18 00:00:00+01:00,41.11806106567383,41.11806106567383,41.11806106567383,41.11806106567383,0,0.0,0.0
1996-03-19 00:00:00+01:00,41.11806106567383,41.11806106567383,41.11806106567383,41.11806106567383,0,0.0,0.0
1996-03-20 00:00:00+01:00,41.11806106567383,41.11806106567383,41.11806106567383,41.11806106567383,0,0.0,0.0
1996-03-21 00:00:00+01:00,41.11806106567383,41.11806106567383,41.11806106567383,41.11806106567383,0,0.0,0.0
1996-03-22 00:00:00+01:00,41.11806106567383,41.11806106567383,41.11806106567383,41.11806106567383,0,0.0,0.0
1996-03-25 00:00:00+01:00,41.11806106567383,41.11806106567383,41.11806106567383,41.11806106567383,0,0.0,0.0
1996-03-26 00:00:00+01:00,41.11806106567383,41.11806106567383,41.11806106567383,41.11806106567383,0,0.0,0.0
1996-03-27 00:00:00+01:00,41.11806106567383,41.11806106567383,41.11806106567383,41.11806106567383,0,0.0,0.0
1996-03-28 00:00:00+01:00,41.11806106567383,41.11806106567383,41.11806106567383,41.11806106567383,0,0.0,0.0
1996-03-29 00:00:00+01:00,41.11806106567383,41.11806106567383,41.11806106567383,41.11806106567383,0,0.0,0.0
1996-04-01 00:00:00+02:00,41.11806106567383,41.11806106567383,41.11806106567383,41.11806106567383,0,0.0,0.0
1996-04-02 00:00:00+02:00,41.11806106567383,41.11806106567383,41.11806106567383,41.11806106567383,0,0.0,0.0
1996-04-03 00:00:00+02:00,41.11806106567383,41.11806106567383,41.11806106567383,41.11806106567383,0,0.0,0.0
1996-04-04 00:00:00+02:00,41.11806106567383,41.11806106567383,41.11806106567383,41.11806106567383,0,0.0,0.0
1996-04-05 00:00:00+02:00,41.11806106567383,41.11806106567383,41.11806106567383,41.11806106567383,0,0.0,0.0
1996-04-08 00:00:00+02:00,41.11806106567383,41.11806106567383,41.11806106567383,41.11806106567383,0,0.0,0.0
1996-04-09 00:00:00+02:00,41.11806106567383,41.11806106567383,41.11806106567383,41.11806106567383,0,0.0,0.0
1996-04-10 00:00:00+02:00,41.11806106567383,41.11806106567383,41.11806106567383,41.11806106567383,0,0.0,0.0
1996-04-11 00:00:00+02:00,41.11806106567383,41.11806106567383,41.11806106567383,41.11806106567383,0,0.0,0.0
1996-04-12 00:00:00+02:00,41.11806106567383,41.11806106567383,41.11806106567383,41.11806106567383,0,0.0,0.0
1996-04-15 00:00:00+02:00,41.11806106567383,41.11806106567383,41.11806106567383,41.11806106567383,0,0.0,0.0
1996-04-16 00:00:00+02:00,41.11806106567383,41.11806106567383,41.11806106567383,41.11806106567383,0,0.0,0.0
1996-04-17 00:00:00+02:00,41.11806106567383,41.11806106567383,41.11806106567383,41.11806106567383,0,0.0,0.0
1996-04-18 00:00:00+02:00,41.11806106567383,41.11806106567383,41.11806106567383,41.11806106567383,0,0.0,0.0
1996-04-19 00:00:00+02:00,41.11806106567383,41.11806106567383,41.11806106567383,41.11806106567383,0,0.0,0.0
1996-04-22 00:00:00+02:00,41.11806106567383,41.11806106567383,41.11806106567383,41.11806106567383,0,0.0,0.0
1996-04-23 00:00:00+02:00,41.11806106567383,41.11806106567383,41.11806106567383,41.11806106567383,0,0.0,0.0
1996-04-24 00:00:00+02:00,41.11806106567383,41.11806106567383,41.11806106567383,41.11806106567383,0,0.0,0.0
1996-04-25 00:00:00+02:00,41.11806106567383,41.11806106567383,41.11806106567383,41.11806106567383,0,0.0,0.0
1996-04-26 00:00:00+02:00,41.11806106567383,41.11806106567383,41.11806106567383,41.11806106567383,0,0.0,0.0
1996-04-29 00:00:00+02:00,41.11806106567383,41.11806106567383,41.11806106567383,41.11806106567383,0,0.0,0.0
1996-04-30 00:00:00+02:00,41.11806106567383,41.11806106567383,41.11806106567383,41.11806106567383,0,0.0,0.0
1996-05-01 00:00:00+02:00,41.11806106567383,41.11806106567383,41.11806106567383,41.11806106567383,0,0.0,0.0
1996-05-02 00:00:00+02:00,41.11806106567383,41.11806106567383,41.11806106567383,41.11806106567383,0,0.0,0.0
1996-05-03 00:00:00+02:00,41.11806106567383,41.11806106567383,41.11806106567383,41.11806106567383,0,0.0,0.0
1996-05-06 00:00:00+02:00,41.11806106567383,41.11806106567383,41.11806106567383,41.11806106567383,0,0.0,0.0
1996-05-07 00:00:00+02:00,41.11806106567383,41.11806106567383,41.11806106567383,41.11806106567383,0,0.0,0.0
1996-05-08 00:00:00+02:00,41.11806106567383,41.11806106567383,41.11806106567383,41.11806106567383,0,0.0,0.0
1996-05-09 00:00:00+02:00,41.11806106567383,41.11806106567383,41.11806106567383,41.11806106567383,0,0.0,0.0
1996-05-10 00:00:00+02:00,41.11806106567383,41.11806106567383,41.11806106567383,41.11806106567383,0,0.0,0.0
1996-05-13 00:00:00+02:00,41.11806106567383,41.11806106567383,41.11806106567383,41.11806106567383,0,0.0,0.0
1996-05-14 00:00:00+02:00,41.11806106567383,41.11806106567383,41.11806106567383,41.11806106567383,0,0.0,0.0
1996-05-15 00:00:00+02:00,41.11806106567383,41.11806106567383,41.11806106567383,41.11806106567383,0,0.0,0.0
1996-05-16 00:00:00+02:00,41.11806106567383,41.11806106567383,41.11806106567383,41.11806106567383,0,0.0,0.0
1996-05-17 00:00:00+02:00,41.11806106567383,41.11806106567383,41.11806106567383,41.11806106567383,0,0.0,0.0
1996-05-20 00:00:00+02:00,41.11806106567383,41.11806106567383,41.11806106567383,41.11806106567383,0,0.0,0.0
1996-05-21 00:00:00+02:00,41.11806106567383,41.11806106567383,41.11806106567383,41.11806106567383,0,0.0,0.0
1996-05-22 00:00:00+02:00,41.11806106567383,41.11806106567383,41.11806106567383,41.11806106567383,0,0.0,0.0
1996-05-23 00:00:00+02:00,41.11806106567383,41.11806106567383,41.11806106567383,41.11806106567383,0,0.0,0.0
1996-05-24 00:00:00+02:00,41.11806106567383,41.11806106567383,41.11806106567383,41.11806106567383,0,0.0,0.0
1996-05-27 00:00:00+02:00,41.11806106567383,41.11806106567383,41.11806106567383,41.11806106567383,0,0.0,0.0
1996-05-28 00:00:00+02:00,41.11806106567383,41.11806106567383,41.11806106567383,41.11806106567383,0,0.0,0.0
1996-05-29 00:00:00+02:00,41.11806106567383,41.11806106567383,41.11806106567383,41.11806106567383,0,0.0,0.0
1996-05-30 00:00:00+02:00,43.53272138566754,43.831681839466896,43.41771435088815,43.7166748046875,150190000,0.0,0.0
1996-05-31 00:00:00+02:00,43.87763847668497,44.1765989201412,43.87763847668497,44.153621673583984,174000000,0.0,0.0
1996-06-03 00:00:00+02:00,44.153621673583984,44.153621673583984,44.153621673583984,44.153621673583984,0,0.0,0.0
1996-06-04 00:00:00+02:00,44.33757777197968,44.38359083661561,44.0616421454625,44.13058853149414,192690000,0.0,0.0
1996-06-05 00:00:00+02:00,44.61565780639648,44.61565780639648,44.61565780639648,44.61565780639648,0,1.0,0.0
1996-06-06 00:00:00+02:00,44.61565780639648,44.61565780639648,44.61565780639648,44.61565780639648,0,0.0,0.0
1996-06-07 00:00:00+02:00,44.61565780639648,44.61565780639648,44.61565780639648,44.61565780639648,0,0.0,0.0
1996-06-10 00:00:00+02:00,44.61565780639648,44.61565780639648,44.61565780639648,44.61565780639648,0,0.0,0.0
1996-06-11 00:00:00+02:00,44.61565780639648,44.61565780639648,44.61565780639648,44.61565780639648,0,0.0,0.0
1996-06-12 00:00:00+02:00,44.61565780639648,44.61565780639648,44.61565780639648,44.61565780639648,0,0.0,0.0
1996-06-13 00:00:00+02:00,44.61565780639648,44.61565780639648,44.61565780639648,44.61565780639648,0,0.0,0.0
1996-06-14 00:00:00+02:00,44.61565780639648,44.61565780639648,44.61565780639648,44.61565780639648,0,0.0,0.0
1996-06-17 00:00:00+02:00,44.61565780639648,44.61565780639648,44.61565780639648,44.61565780639648,0,0.0,0.0
1996-06-18 00:00:00+02:00,44.61565780639648,44.61565780639648,44.61565780639648,44.61565780639648,0,0.0,0.0
1996-06-19 00:00:00+02:00,44.61565780639648,44.61565780639648,44.61565780639648,44.61565780639648,0,0.0,0.0
1996-06-20 00:00:00+02:00,44.61565780639648,44.61565780639648,44.61565780639648,44.61565780639648,0,0.0,0.0
1996-06-21 00:00:00+02:00,44.61565780639648,44.61565780639648,44.61565780639648,44.61565780639648,0,0.0,0.0
1996-06-24 00:00:00+02:00,44.61565780639648,44.61565780639648,44.61565780639648,44.61565780639648,0,0.0,0.0
1996-06-25 00:00:00+02:00,44.61565780639648,44.61565780639648,44.61565780639648,44.61565780639648,0,0.0,0.0
1996-06-26 00:00:00+02:00,44.61565780639648,44.61565780639648,44.61565780639648,44.61565780639648,0,0.0,0.0
1996-06-27 00:00:00+02:00,44.61565780639648,44.61565780639648,44.61565780639648,44.61565780639648,0,0.0,0.0
1996-06-28 00:00:00+02:00,44.61565780639648,44.61565780639648,44.61565780639648,44.61565780639648,0,0.0,0.0
1996-07-01 00:00:00+02:00,44.61565780639648,44.61565780639648,44.61565780639648,44.61565780639648,0,0.0,0.0
1996-07-02 00:00:00+02:00,44.61565780639648,44.61565780639648,44.61565780639648,44.61565780639648,0,0.0,0.0
1996-07-03 00:00:00+02:00,44.61565780639648,44.61565780639648,44.61565780639648,44.61565780639648,0,0.0,0.0
1996-07-04 00:00:00+02:00,44.68517560349892,45.10806024507327,44.614690512324366,44.87313461303711,298230000,0.0,0.0
1996-07-05 00:00:00+02:00,44.87313461303711,44.87313461303711,44.87313461303711,44.87313461303711,0,0.0,0.0
1996-07-08 00:00:00+02:00,44.87313461303711,44.87313461303711,44.87313461303711,44.87313461303711,0,0.0,0.0
1996-07-09 00:00:00+02:00,44.87313461303711,44.87313461303711,44.87313461303711,44.87313461303711,0,0.0,0.0
1996-07-10 00:00:00+02:00,44.87313461303711,44.87313461303711,44.87313461303711,44.87313461303711,0,0.0,0.0
1996-07-11 00:00:00+02:00,44.87313461303711,44.87313461303711,44.87313461303711,44.87313461303711,0,0.0,0.0
1996-07-12 00:00:00+02:00,44.87313461303711,44.87313461303711,44.87313461303711,44.87313461303711,0,0.0,0.0
1996-07-15 00:00:00+02:00,44.87313461303711,44.87313461303711,44.87313461303711,44.87313461303711,0,0.0,0.0
1996-07-16 00:00:00+02:00,44.87313461303711,44.87313461303711,44.87313461303711,44.87313461303711,0,0.0,0.0
1996-07-17 00:00:00+02:00,44.87313461303711,44.87313461303711,44.87313461303711,44.87313461303711,0,0.0,0.0
1996-07-18 00:00:00+02:00,44.87313461303711,44.87313461303711,44.87313461303711,44.87313461303711,0,0.0,0.0
1996-07-19 00:00:00+02:00,44.14481006117023,44.16833593163391,43.745399475097656,43.745399475097656,167550000,0.0,0.0
1996-07-22 00:00:00+02:00,43.745399475097656,43.745399475097656,43.745399475097656,43.745399475097656,0,0.0,0.0
1996-07-23 00:00:00+02:00,42.42975274160462,42.9466409446696,42.42975274160462,42.87615585327149,313320000,0.0,0.0
1996-07-24 00:00:00+02:00,42.87615585327149,42.87615585327149,42.87615585327149,42.87615585327149,0,0.0,0.0
1996-07-25 00:00:00+02:00,42.87615585327149,42.87615585327149,42.87615585327149,42.87615585327149,0,0.0,0.0
1996-07-26 00:00:00+02:00,42.87615585327149,42.87615585327149,42.87615585327149,42.87615585327149,0,0.0,0.0
1996-07-29 00:00:00+02:00,42.87615585327149,42.87615585327149,42.87615585327149,42.87615585327149,0,0.0,0.0
1996-07-30 00:00:00+02:00,42.87615585327149,42.87615585327149,42.87615585327149,42.87615585327149,0,0.0,0.0
1996-07-31 00:00:00+02:00,42.87615585327149,42.87615585327149,42.87615585327149,42.87615585327149,0,0.0,0.0
1996-08-01 00:00:00+02:00,42.87615585327149,42.87615585327149,42.87615585327149,42.87615585327149,0,0.0,0.0
1996-08-02 00:00:00+02:00,42.87615585327149,42.87615585327149,42.87615585327149,42.87615585327149,0,0.0,0.0
1996-08-05 00:00:00+02:00,43.48700514080653,43.90989350330833,43.44000150825087,43.5104866027832,221080000,0.0,0.0
1996-08-06 00:00:00+02:00,43.46347699958648,43.651439709044446,43.27556610107422,43.27556610107422,123960000,0.0,0.0
1996-08-07 00:00:00+02:00,43.46347926944552,43.86288987075267,43.275568361119696,43.5104866027832,171740000,0.0,0.0
1996-08-08 00:00:00+02:00,43.53397018087371,43.53397018087371,43.29905190782104,43.36952590942383,111630000,0.0,0.0
1996-08-09 00:00:00+02:00,43.22856521606445,43.322524372069,42.923117467039646,43.22856521606445,141670000,0.0,0.0
1996-08-12 00:00:00+02:00,43.08760857332493,43.13461221715276,42.92312727658233,42.97013092041016,77300000,0.0,0.0
1996-08-13 00:00:00+02:00,43.11107542277126,43.29904554108631,43.08759766189177,43.18156051635742,98040000,0.0,0.0
1996-08-14 00:00:00+02:00,43.06407179084655,43.228564148282125,43.01712367065154,43.18156051635742,88770000,0.0,0.0
1996-08-15 00:00:00+02:00,43.275557647515285,43.322513158279925,42.82914352416992,42.82914352416992,156690000,0.0,0.0
1996-08-16 00:00:00+02:00,42.82914352416992,42.92310635663478,42.4532699896238,42.82914352416992,219800000,0.0,0.0
1996-08-19 00:00:00+02:00,42.82916219181399,42.85263995742939,42.59424390591632,42.61772537231445,202300000,0.0,0.0
1996-08-20 00:00:00+02:00,42.75868758193058,43.34606480726719,42.73521721414966,43.13461685180664,323780000,0.0,0.0
1996-08-21 00:00:00+02:00,43.36951512953652,43.62796661441827,43.27556338695461,43.46347427368164,286540000,0.0,0.0
1996-08-22 00:00:00+02:00,43.86288723372079,44.37977172791278,43.76892438364286,44.1683349609375,311190000,0.0,0.0
1996-08-23 00:00:00+02:00,44.49721633674909,44.59121620309288,44.23876481447148,44.544219970703125,213240000,0.0,0.0
1996-08-26 00:00:00+02:00,44.52074589392724,44.567694020035226,44.23876847624858,44.30924987792969,153980000,0.0,0.0
1996-08-27 00:00:00+02:00,44.02732037096627,44.35624585796614,43.69844299412989,44.1683349609375,249790000,0.0,0.0
1996-08-28 00:00:00+02:00,43.933376188479706,44.00385018856455,43.15808447111509,43.5574951171875,351090000,0.0,0.0
1996-08-29 00:00:00+02:00,43.22857050465319,43.60445158404156,43.22857050465319,43.36952590942383,194630000,0.0,0.0
1996-08-30 00:00:00+02:00,43.228575095413404,43.346060149894015,42.7586829876689,42.97013092041016,149670000,0.0,0.0
1996-09-02 00:00:00+02:00,42.94664108373768,43.06407059347181,42.80567460126682,42.99364471435547,128760000,0.0,0.0
1996-09-03 00:00:00+02:00,42.89963286871141,42.89963286871141,42.45327421268102,42.54722595214844,173370000,0.0,0.0
1996-09-04 00:00:00+02:00,42.24183498006162,42.68820112872175,42.10087958624194,42.47675323486328,309610000,0.0,0.0
1996-09-05 00:00:00+02:00,42.6177303179391,42.6177303179391,42.17137145996094,42.17137145996094,128430000,0.0,0.0
1996-09-06 00:00:00+02:00,42.03040862955942,42.21831959507445,41.7249607910186,42.17137145996094,238070000,0.0,0.0
1996-09-09 00:00:00+02:00,42.50022852918947,42.89963912963867,42.42975453715461,42.89963912963867,129800000,0.0,0.0
1996-09-10 00:00:00+02:00,43.20508638740264,43.416523164251245,43.04060143153103,43.18156051635742,253840000,0.0,0.0
1996-09-11 00:00:00+02:00,43.34604796779603,43.34604796779603,42.94664108373768,42.99364471435547,103030000,0.0,0.0
1996-09-12 00:00:00+02:00,42.993645279861816,43.27556714616608,42.80567516430075,43.20508575439453,140660000,0.0,0.0
1996-09-13 00:00:00+02:00,43.18156918186953,43.86289808419443,43.18156918186953,43.83942031860352,157830000,0.0,0.0
1996-09-16 00:00:00+02:00,44.09780636544292,44.144809996136495,43.83941037282136,43.98036575317383,171480000,0.0,0.0
1996-09-17 00:00:00+02:00,44.00384525668921,44.00384525668921,43.41652374705623,43.5104866027832,151980000,0.0,0.0
1996-09-18 00:00:00+02:00,43.580981155292775,43.62798480204063,43.34606284269848,43.53397750854492,105640000,0.0,0.0
1996-09-19 00:00:00+02:00,43.604458923576246,43.67493293704128,43.46349239273045,43.53397750854492,87480000,0.0,0.0
1996-09-20 00:00:00+02:00,43.58096741152108,43.60444517240056,43.13460129381647,43.18156051635742,167960000,0.0,0.0
1996-09-23 00:00:00+02:00,43.04059997393532,43.04059997393532,42.26530838012695,42.26530838012695,157320000,0.0,0.0
1996-09-24 00:00:00+02:00,42.42975608274267,42.80567783339529,42.40627832074324,42.66472244262695,153720000,0.0,0.0
1996-09-25 00:00:00+02:00,42.82915025747368,43.18155719438381,42.80567249840035,43.017120361328125,174050000,0.0,0.0
1996-09-26 00:00:00+02:00,43.18156591190613,43.22856954970396,42.85263666766488,42.94664764404297,124860000,0.0,0.0
1996-09-27 00:00:00+02:00,42.99364639454806,42.99364639454806,42.75867264165885,42.89963912963867,98350000,0.0,0.0
1996-09-30 00:00:00+02:00,42.92311685043883,43.46347913523188,42.82915399500202,43.39299774169922,174740000,0.0,0.0
1996-10-01 00:00:00+02:00,43.43999651518558,43.76892198415316,43.39299288803259,43.46347427368164,202910000,0.0,0.0
1996-10-02 00:00:00+02:00,43.74540595010737,44.1918202330191,43.74540595010737,44.05085372924805,299120000,0.0,0.0
1996-10-03 00:00:00+02:00,44.309255493371104,44.4737478923706,44.16834818388799,44.45022201538086,183430000,0.0,0.0
1996-10-04 00:00:00+02:00,44.3797718752919,44.92008972167969,44.30924237538122,44.92008972167969,242640000,0.0,0.0
1996-10-07 00:00:00+02:00,45.08457883223653,45.225534200038,44.87313097740812,45.13152694702149,190250000,0.0,0.0
1996-10-08 00:00:00+02:00,44.873146797189285,45.0845947265625,44.826150555675866,45.0845947265625,176610000,0.0,0.0
1996-10-09 00:00:00+02:00,45.014102935791016,45.31950256914775,44.96709560276995,45.014102935791016,161880000,0.0,0.0
1996-10-10 00:00:00+02:00,45.03759227955683,45.08459592388425,44.66170745547279,44.77914810180664,222940000,0.0,0.0
1996-10-11 00:00:00+02:00,44.802664148509166,45.08458603147487,44.802664148509166,45.03758239746094,163120000,0.0,0.0
1996-10-14 00:00:00+02:00,45.10806815256571,45.43699370133215,45.03758674981754,45.366512298583984,174550000,0.0,0.0
1996-10-15 00:00:00+02:00,45.76590642971912,45.9538284421312,45.53094007571341,45.60142517089844,280270000,0.0,0.0
1996-10-16 00:00:00+02:00,45.64844611549513,45.88336444842388,45.4370055528821,45.46047592163086,221910000,0.0,0.0
1996-10-17 00:00:00+02:00,45.67190771444975,45.74238170906178,45.17853794121534,45.4134635925293,167760000,0.0,0.0
1996-10-18 00:00:00+02:00,45.530932903121816,45.76589922011274,45.22553331299026,45.31949615478516,212940000,0.0,0.0
1996-10-21 00:00:00+02:00,45.50747259601725,45.55443183023312,45.17854701188083,45.29603576660156,144370000,0.0,0.0
1996-10-22 00:00:00+02:00,45.34298324584961,45.55442373849044,45.29602772075725,45.34298324584961,196530000,0.0,0.0
1996-10-23 00:00:00+02:00,45.22552931778858,45.27248852984879,44.77912629189602,44.82612991333008,124950000,0.0,0.0
1996-10-24 00:00:00+02:00,44.84961016576492,45.34297991416723,44.63816968866018,45.0610580444336,259100000,0.0,0.0
1996-10-25 00:00:00+02:00,44.9671038603156,45.20202214353606,44.92010021944502,45.10807037353516,160140000,0.0,0.0
1996-10-28 00:00:00+01:00,45.17853546142578,45.319501946823166,45.01410231766016,45.17853546142578,145500000,0.0,0.0
1996-10-29 00:00:00+01:00,44.94362982781513,45.01411494067048,44.68518934838953,44.73219299316406,168700000,0.0,0.0
1996-10-30 00:00:00+01:00,44.82615004886998,44.96710546477085,44.75566864013672,44.75566864013672,144930000,0.0,0.0
1996-10-31 00:00:00+01:00,44.77913434374928,44.96709335156559,44.68517519414112,44.92008972167969,173140000,0.0,0.0
1996-11-01 00:00:00+01:00,45.13154114563414,45.38999270828098,45.06106714034348,45.20202255249024,193990000,0.0,0.0
1996-11-04 00:00:00+01:00,45.20200744511747,45.31949615478516,45.10805570566701,45.31949615478516,136340000,0.0,0.0
1996-11-05 00:00:00+01:00,45.41346667115298,45.8128662109375,45.34298527019863,45.8128662109375,228970000,0.0,0.0
1996-11-06 00:00:00+01:00,46.04783376786664,46.118315170628776,45.74238598323157,45.8598747253418,280430000,0.0,0.0
1996-11-07 00:00:00+01:00,45.83638000488281,45.85986146307122,45.6014173917415,45.83638000488281,203150000,0.0,0.0
1996-11-08 00:00:00+01:00,45.95383933060671,46.00084297473485,45.48394721985999,45.624961853027344,205270000,0.0,0.0
1996-11-11 00:00:00+01:00,45.67191122828008,45.812866629913046,45.67191122828008,45.76591110229492,170690000,0.0,0.0
1996-11-12 00:00:00+01:00,45.83638784316372,45.83638784316372,45.648428822852914,45.71891021728516,184230000,0.0,0.0
1996-11-13 00:00:00+01:00,45.76590410524727,45.78938186546687,45.64842648538425,45.74237823486328,124300000,0.0,0.0
1996-11-14 00:00:00+01:00,45.789370228833725,46.282739839214045,45.76589247458062,46.25926208496094,304540000,0.0,0.0
1996-11-15 00:00:00+01:00,46.51766736908305,46.79958921666043,46.47070815034942,46.65862274169922,367690000,0.0,0.0
1996-11-18 00:00:00+01:00,46.611703061344535,46.84662142412292,46.541221631256725,46.799617767333984,197870000,0.0,0.0
1996-11-19 00:00:00+01:00,46.77611852772899,47.29300308227539,46.72911489251077,47.29300308227539,411130000,0.0,0.0
1996-11-20 00:00:00+01:00,47.4809193257186,47.4809193257186,46.87007198445561,47.08151245117188,283850000,0.0,0.0
1996-11-21 00:00:00+01:00,47.08152858862744,47.17553587984582,46.70564375429316,46.75264739990234,175430000,0.0,0.0
1996-11-22 00:00:00+01:00,47.08151245117188,47.22252333966716,46.91707561395404,47.08151245117188,153430000,0.0,0.0
1996-11-25 00:00:00+01:00,47.17552766009578,47.33996082424177,46.8466021192852,47.03456115722656,163830000,0.0,0.0
1996-11-26 00:00:00+01:00,47.22252489139226,47.22252489139226,46.635147888932174,46.84659576416016,214920000,0.0,0.0
1996-11-27 00:00:00+01:00,46.752633215550894,46.79959243751637,46.0478266977102,46.18879318237305,160560000,0.0,0.0
1996-11-28 00:00:00+01:00,46.04782938065242,46.70563230547083,45.97735538616972,46.63515090942383,294820000,0.0,0.0
1996-11-29 00:00:00+01:00,46.7995905952896,47.15204195050114,46.68214998600662,47.08151245117188,177490000,0.0,0.0
1996-12-02 00:00:00+01:00,47.12854344369024,47.410465463257566,46.70565486316335,46.799617767333984,157240000,0.0,0.0
1996-12-03 00:00:00+01:00,47.08151258136428,47.692359924316406,46.987549731489054,47.692359924316406,208810000,0.0,0.0
1996-12-04 00:00:00+01:00,47.480922491034285,47.80984799834281,47.29300048005747,47.5984001159668,231850000,0.0,0.0
1996-12-05 00:00:00+01:00,47.809842194635,48.06828627670595,47.57491657954422,47.73936080932617,312540000,0.0,0.0
1996-12-06 00:00:00+01:00,46.94054799680677,47.08151448200108,46.306230270078906,46.564674377441406,428350000,0.0,0.0
1996-12-09 00:00:00+01:00,47.08152156018106,47.339962005615234,47.03456233097874,47.339962005615234,195190000,0.0,0.0
1996-12-10 00:00:00+01:00,47.59839784509477,47.66888293637869,47.31647598386839,47.36347961425781,212830000,0.0,0.0
1996-12-11 00:00:00+01:00,46.96407338512132,47.03455477660334,46.32975566491074,46.84659576416016,270200000,0.0,0.0
1996-12-12 00:00:00+01:00,46.964083794827616,47.10505030981915,46.823128382184265,46.91708755493164,170550000,0.0,0.0
1996-12-13 00:00:00+01:00,46.329758665622585,46.91708019439399,46.30623279349495,46.63515090942383,209560000,0.0,0.0
1996-12-16 00:00:00+01:00,46.9875631380374,47.33996648460833,46.94055949499786,47.058048248291016,173640000,0.0,0.0
1996-12-17 00:00:00+01:00,46.98755645751953,47.05804155775183,46.63515316105201,46.98755645751953,152210000,0.0,0.0
1996-12-18 00:00:00+01:00,47.17552334162918,47.55139697371535,47.10504194703767,47.31647872924805,205320000,0.0,0.0
1996-12-19 00:00:00+01:00,47.45744424615333,47.88032150268555,47.41044061400043,47.88032150268555,353120000,0.0,0.0
1996-12-20 00:00:00+01:00,48.20925691742073,48.397178965115096,47.99782009607879,48.11524963378906,336360000,0.0,0.0
1996-12-23 00:00:00+01:00,48.16224337448902,48.16224337448902,47.80984751110317,47.88032150268555,130200000,0.0,0.0
1996-12-24 00:00:00+01:00,47.78638725491577,47.833335392536455,47.55141341746111,47.62189483642578,68910000,0.0,0.0
1996-12-25 00:00:00+01:00,47.62189483642578,47.62189483642578,47.62189483642578,47.62189483642578,0,0.0,0.0
1996-12-26 00:00:00+01:00,47.62189483642578,47.62189483642578,47.62189483642578,47.62189483642578,0,0.0,0.0
1996-12-27 00:00:00+01:00,47.73935845916208,49.05500845297073,47.73935845916208,49.0317268371582,131490000,0.0,0.0
1996-12-30 00:00:00+01:00,49.3839014881692,49.52505673733942,49.05502404262335,49.313568115234375,185260000,0.0,0.0
1996-12-31 00:00:00+01:00,49.31355113614608,49.33683275134143,48.89057033678942,48.9376220703125,47050000,0.0,0.0
1997-01-01 00:00:00+01:00,48.9376220703125,48.9376220703125,48.9376220703125,48.9376220703125,0,0.0,0.0
1997-01-02 00:00:00+01:00,48.9376220703125,48.9376220703125,48.9376220703125,48.9376220703125,0,0.0,0.0
1997-01-03 00:00:00+01:00,48.6790998065998,49.383902764853055,48.49117776310664,49.26651763916016,184590000,0.0,0.0
1997-01-06 00:00:00+01:00,49.595400951877615,49.68950446487359,49.266523458979485,49.336856842041016,191500000,0.0,0.0
1997-01-07 00:00:00+01:00,49.1724060009081,49.52504982294936,49.10206893701074,49.28979110717773,192740000,0.0,0.0
1997-01-08 00:00:00+01:00,49.52505800774946,49.64244683420151,49.33685100402797,49.40767288208008,153040000,0.0,0.0
1997-01-09 00:00:00+01:00,49.33684483196296,49.97131433596353,49.17240797593435,49.947547912597656,223470000,0.0,0.0
1997-01-10 00:00:00+01:00,50.04166000579723,50.04166000579723,49.47800857330433,49.75983428955078,188410000,0.0,0.0
1997-01-13 00:00:00+01:00,50.08870517903454,50.441349029541016,49.99460168512991,50.441349029541016,255830000,0.0,0.0
1997-01-14 00:00:00+01:00,50.511697142981895,50.58203052715214,50.22987140213912,50.46464538574219,180750000,0.0,0.0
1997-01-15 00:00:00+01:00,50.69941325539944,51.216497757828826,50.65285000375464,50.98172378540039,377070000,0.0,0.0
1997-01-16 00:00:00+01:00,51.12239303590399,51.61570739746094,50.74646380738698,51.61570739746094,406530000,0.0,0.0
1997-01-17 00:00:00+01:00,51.68652883058852,51.92130279541016,51.63947707711287,51.92130279541016,389970000,0.0,0.0
1997-01-20 00:00:00+01:00,52.32050652677153,52.60281700921309,52.273454779697936,52.48494338989258,369310000,0.0,0.0
1997-01-21 00:00:00+01:00,52.53199513696617,52.555765262139495,51.85095866101698,52.48494338989258,328930000,0.0,0.0
1997-01-22 00:00:00+01:00,52.67314788148203,58.73457022197554,52.60281451584197,56.07978820800781,1074510000,0.0,0.0
1997-01-23 00:00:00+01:00,55.68009463734686,57.13675586939233,55.60975756838692,56.29127883911133,574240000,0.0,0.0
1997-01-24 00:00:00+01:00,55.49237059744996,55.539422342417005,54.55279010551605,55.35121536254883,421630000,0.0,0.0
1997-01-27 00:00:00+01:00,55.56270269061569,56.05602064815786,55.39826583862305,55.39826583862305,209650000,0.0,0.0
1997-01-28 00:00:00+01:00,55.53941953322766,56.667203247204114,55.37497898500381,56.47899627685547,500760000,0.0,0.0
1997-01-29 00:00:00+01:00,56.338339315150456,56.384906266421616,55.58648455975023,55.9624137878418,280090000,0.0,0.0
1997-01-30 00:00:00+01:00,56.384891510009766,57.32495673549567,56.2679912102568,56.384891510009766,486280000,0.0,0.0
1997-01-31 00:00:00+01:00,56.478988155802526,59.20410671367828,56.38488468415924,58.71079254150391,387730000,0.0,0.0
1997-02-03 00:00:00+01:00,58.12338711045872,58.96934898211398,57.08970674727784,57.51268768310547,337050000,0.0,0.0
1997-02-04 00:00:00+01:00,57.95893694256145,58.49930287451315,57.70088143805509,57.72416305541992,227240000,0.0,0.0
1997-02-05 00:00:00+01:00,57.72417048075128,58.1704329942927,56.52604966876639,56.9960823059082,393830000,0.0,0.0
1997-02-06 00:00:00+01:00,56.455722814074,56.66721143465952,55.63304625399351,56.31456756591797,291230000,0.0,0.0
1997-02-07 00:00:00+01:00,56.807883251902176,57.536456330803055,56.19718010017656,57.27791595458984,184390000,0.0,0.0
1997-02-10 00:00:00+01:00,57.48940123286538,58.42898178100586,57.324964367269565,58.42898178100586,262750000,0.0,0.0
1997-02-11 00:00:00+01:00,58.42898144428697,58.45274786889865,57.55973797197064,58.14715576171875,218600000,0.0,0.0
1997-02-12 00:00:00+01:00,58.64047368645836,58.78162893772798,58.40569973686753,58.59342193603516,254410000,0.0,0.0
1997-02-13 00:00:00+01:00,58.96934014453326,59.65086134444956,58.57012939453125,58.57012939453125,311040000,0.0,0.0
1997-02-14 00:00:00+01:00,58.71080221970598,59.48642693466834,58.66375047612808,59.06344604492188,291450000,0.0,0.0
1997-02-17 00:00:00+01:00,59.157555292131946,60.050080398869405,59.11050354397271,59.72120666503906,213110000,0.0,0.0
1997-02-18 00:00:00+01:00,60.1204116164423,60.378951954502384,59.06344604492188,59.06344604492188,196570000,0.0,0.0
1997-02-19 00:00:00+01:00,59.439375422964254,60.261567082257216,59.439375422964254,60.07384490966797,232800000,0.0,0.0
1997-02-20 00:00:00+01:00,59.90892537090241,60.378958051691626,59.48643294172858,60.14418411254883,222790000,0.0,0.0
1997-02-21 00:00:00+01:00,59.7915484039469,59.95598529387634,59.48644105235364,59.838600158691406,133050000,0.0,0.0
1997-02-24 00:00:00+01:00,59.43937482678467,59.486426570074194,57.32495889424847,58.781620025634766,181090000,0.0,0.0
1997-02-25 00:00:00+01:00,59.32197908717917,59.41559776036648,58.85195021244412,59.20410919189453,139880000,0.0,0.0
1997-02-26 00:00:00+01:00,59.11049976088443,60.05007655564795,58.89901115934535,59.58004760742188,180720000,0.0,0.0
1997-02-27 00:00:00+01:00,59.67414176741124,59.90891195319042,59.01638704312488,59.20410919189453,109950000,0.0,0.0
1997-02-28 00:00:00+01:00,58.80491352467019,58.99311682322036,58.02977350911167,58.33488082885742,146930000,0.0,0.0
1997-03-03 00:00:00+01:00,58.35864810822049,58.476036933652175,57.04314200450912,57.27791595458984,159220000,0.0,0.0
1997-03-04 00:00:00+01:00,57.935662222667446,58.0059955863133,57.46562959002888,57.60678482055664,186800000,0.0,0.0
1997-03-05 00:00:00+01:00,57.53644432312931,58.00599212529762,57.23085226017081,57.88860702514648,206980000,0.0,0.0
1997-03-06 00:00:00+01:00,58.68751653905572,59.03967555965855,58.49930956589763,58.781620025634766,189350000,0.0,0.0
1997-03-07 00:00:00+01:00,58.61718352288174,58.92229080200195,57.74794012339803,58.92229080200195,186080000,0.0,0.0
1997-03-10 00:00:00+01:00,59.298223615207085,60.05007825310271,59.251171868729145,59.6508674621582,232810000,0.0,0.0
1997-03-11 00:00:00+01:00,60.14419773444561,60.378971726761726,59.20413586073758,59.34529113769531,260850000,0.0,0.0
1997-03-12 00:00:00+01:00,59.11049356777978,59.67414484555837,58.59340922779935,58.64046096801758,135690000,0.0,0.0
1997-03-13 00:00:00+01:00,58.17044441069216,58.38193674918112,57.23086745525002,57.58351135253906,165630000,0.0,0.0
1997-03-14 00:00:00+01:00,56.87821701498341,58.4527482057545,56.150128781002905,58.42898178100586,251720000,0.0,0.0
1997-03-17 00:00:00+01:00,57.98272260735824,58.07682240761837,57.13676070302568,57.27791595458984,121930000,0.0,0.0
1997-03-18 00:00:00+01:00,57.34824447719272,57.53645146335641,55.9624051165924,56.29127883911133,178680000,0.0,0.0
1997-03-19 00:00:00+01:00,56.43194325152741,56.76082063971744,56.22045466630572,56.384891510009766,184910000,0.0,0.0
1997-03-20 00:00:00+01:00,56.24423709276006,56.99609556612437,55.91536331176758,55.91536331176758,273470000,0.0,0.0
1997-03-21 00:00:00+01:00,56.47900342530583,58.00600179126703,56.47900342530583,57.95895004272461,323720000,0.0,0.0
1997-03-24 00:00:00+01:00,58.17044142820112,58.42898550662842,57.512690223095056,57.55974197387695,203000000,0.0,0.0
1997-03-25 00:00:00+01:00,57.32497408441103,57.67713319833016,57.06643367942665,57.18381881713867,165720000,0.0,0.0
1997-03-26 00:00:00+01:00,57.46563919739671,58.40570091905555,57.37202049718056,57.81828308105469,206350000,0.0,0.0
1997-03-27 00:00:00+01:00,57.88862580585241,58.49932532747256,57.58351474555044,58.47604370117188,130630000,0.0,0.0
1997-03-28 00:00:00+01:00,58.47604370117188,58.47604370117188,58.47604370117188,58.47604370117188,0,0.0,0.0
1997-03-31 00:00:00+02:00,58.47604370117188,58.47604370117188,58.47604370117188,58.47604370117188,0,0.0,0.0
1997-04-01 00:00:00+02:00,56.384900610812245,56.6434446800638,55.96240817460994,56.03274154663086,214950000,0.0,0.0
1997-04-02 00:00:00+02:00,56.4557085700853,56.667197137311454,55.0931510925293,55.0931510925293,233600000,0.0,0.0
1997-04-03 00:00:00+02:00,55.37498526783469,56.15012895275029,54.99905978771148,55.06939315795898,240300000,0.0,0.0
1997-04-04 00:00:00+02:00,55.42205496292116,55.821269596207614,54.97530746459961,54.97530746459961,149180000,0.0,0.0
1997-04-07 00:00:00+02:00,55.96239743464661,57.55972888456432,55.86829395448233,57.324954986572266,166390000,0.0,0.0
1997-04-08 00:00:00+02:00,57.11347666226233,57.4656394456896,56.83165465610891,57.0897102355957,171770000,0.0,0.0
1997-04-09 00:00:00+02:00,57.70088486476416,57.958940384595785,57.27790400087265,57.88860702514648,149370000,0.0,0.0
1997-04-10 00:00:00+02:00,57.55973849246194,58.2174896577849,57.489401421416446,57.98271942138672,141480000,0.0,0.0
1997-04-11 00:00:00+02:00,58.14715980446596,58.40570018211059,57.55974197387695,57.55974197387695,154750000,0.0,0.0
1997-04-14 00:00:00+02:00,56.38490019681548,56.97232170302647,55.82125251741559,56.05602645874024,332050000,0.0,0.0
1997-04-15 00:00:00+02:00,56.07977590567985,56.78458231877983,55.39825480905064,55.68008041381836,429580000,0.0,0.0
1997-04-16 00:00:00+02:00,55.91534586513119,56.19716780328324,55.35120978484328,55.56269836425781,272080000,0.0,0.0
1997-04-17 00:00:00+02:00,55.9624076356336,55.9624076356336,54.85790539880902,55.18678283691406,278610000,0.0,0.0
1997-04-18 00:00:00+02:00,54.03570504484297,54.34129711079321,53.89454982135555,54.05898666381836,378710000,0.0,0.0
1997-04-21 00:00:00+02:00,54.15310596472931,56.05603377391626,54.10605420982262,55.91536331176758,270610000,0.0,0.0
1997-04-22 00:00:00+02:00,56.29128044467952,56.80788006639398,56.22046227199679,56.66720962524414,181880000,0.0,0.0
1997-04-23 00:00:00+02:00,57.34823660501309,57.44234008517738,56.85492238816951,57.324954986572266,295240000,0.0,0.0
1997-04-24 00:00:00+02:00,57.747949705650186,58.02977541136864,57.48940562396065,57.81828308105469,133270000,0.0,0.0
1997-04-25 00:00:00+02:00,57.51268830317706,57.677125173768594,56.6672112249138,56.90198516845703,112930000,0.0,0.0
1997-04-28 00:00:00+02:00,57.20758056640625,57.39530277150045,57.0193772595543,57.20758056640625,63550000,0.0,0.0
1997-04-29 00:00:00+02:00,57.39529237764971,58.14715066695171,57.39529237764971,58.05304718017578,142520000,0.0,0.0
1997-04-30 00:00:00+02:00,58.49931335449219,58.593416847165656,57.70089177499926,58.49931335449219,212780000,0.0,0.0
1997-05-01 00:00:00+02:00,58.49931335449219,58.49931335449219,58.49931335449219,58.49931335449219,0,0.0,0.0
1997-05-02 00:00:00+02:00,58.38192445929072,58.96934219634115,58.19420228858433,58.781620025634766,191460000,0.0,0.0
1997-05-05 00:00:00+02:00,59.43938351474581,59.62710571289063,59.157557816267314,59.62710571289063,157050000,0.0,0.0
1997-05-06 00:00:00+02:00,60.00303704862085,60.00303704862085,59.53349280709816,59.838600158691406,204510000,0.0,0.0
1997-05-07 00:00:00+02:00,59.97975041962428,61.01343082928541,59.95598029255849,60.61373519897461,179750000,0.0,0.0
1997-05-08 00:00:00+02:00,60.61373519897461,60.61373519897461,60.61373519897461,60.61373519897461,0,0.0,0.0
1997-05-09 00:00:00+02:00,60.69619081952098,60.88553420811715,59.91637052748792,59.93979644775391,157840000,0.75,0.0
1997-05-12 00:00:00+02:00,59.98714354488852,60.34191673860412,59.49084678980153,60.17648696899414,137940000,0.0,0.0
1997-05-13 00:00:00+02:00,60.62544391892365,61.07440109318206,60.41267457095191,61.00364303588867,210210000,0.0,0.0
1997-05-14 00:00:00+02:00,61.38183534511551,61.594604682394994,60.7908706330049,61.35792541503906,196740000,0.0,0.0
1997-05-15 00:00:00+02:00,61.38183860042111,62.49252602312688,60.74353800098787,62.39833831787109,256950000,0.0,0.0
1997-05-16 00:00:00+02:00,63.319674609941934,63.98188509905853,63.17815850386469,63.79254913330078,311190000,0.0,0.0
1997-05-19 00:00:00+02:00,63.79254913330078,63.79254913330078,63.79254913330078,63.79254913330078,0,0.0,0.0
1997-05-20 00:00:00+02:00,62.72919010101043,63.10738540424541,62.11430812897003,62.42174911499024,151440000,0.0,0.0
1997-05-21 00:00:00+02:00,62.8707165353205,63.8164581218317,62.72920043133065,63.438255310058594,189790000,0.0,0.0
1997-05-22 00:00:00+02:00,63.697878438180055,63.79255014568965,62.3983353825172,62.77604675292969,128920000,0.0,0.0
1997-05-23 00:00:00+02:00,62.61063081039749,63.10741541066985,62.02015738224836,62.351016998291016,136140000,0.0,0.0
1997-05-26 00:00:00+02:00,63.910642070595785,64.97448134607609,61.45259916336757,61.47650909423828,336760000,0.0,0.0
1997-05-27 00:00:00+02:00,60.79087699871037,62.8707246672449,60.60202129485967,62.37443161010742,342260000,0.0,0.0
1997-05-28 00:00:00+02:00,62.63453107110114,62.87071888854211,60.27066474614274,60.55467987060547,387010000,0.0,0.0
1997-05-29 00:00:00+02:00,60.03447856024486,61.1217363209896,59.84562286862016,60.41267395019531,166230000,0.0,0.0
1997-05-30 00:00:00+02:00,60.460012392537486,60.50734824992647,58.85254788384255,59.46742630004883,205600000,0.0,0.0
1997-06-02 00:00:00+02:00,60.27066791975717,60.93288218189016,59.79828853687325,60.814300537109375,171160000,0.0,0.0
1997-06-03 00:00:00+02:00,61.2637337039742,61.68878087193686,60.814288879205016,61.61801910400391,161120000,0.0,0.0
1997-06-04 00:00:00+02:00,62.161656150611655,62.58719482797263,61.78346077329025,62.20899200439453,195080000,0.0,0.0
1997-06-05 00:00:00+02:00,62.39833537859617,62.681866494422536,61.9962263481763,62.1855697631836,124480000,0.0,0.0
1997-06-06 00:00:00+02:00,62.18555829523468,63.154230479471664,61.99621491514513,62.75260925292969,131030000,0.0,0.0
1997-06-09 00:00:00+02:00,63.248916978875,63.34358869108658,62.13823699951172,62.13823699951172,168120000,0.0,0.0
1997-06-10 00:00:00+02:00,61.9254813540504,62.25634094714991,61.76004783437151,62.043575286865234,147750000,0.0,0.0
1997-06-11 00:00:00+02:00,61.854710553830095,62.11432431012589,61.35792978348298,61.66536712646485,126250000,0.0,0.0
1997-06-12 00:00:00+02:00,62.1382324709683,62.1382324709683,61.4999319163785,61.80736923217773,109180000,0.0,0.0
1997-06-13 00:00:00+02:00,61.97279664756954,62.06697689073384,61.35791835302383,61.64193344116211,122790000,0.0,0.0
1997-06-16 00:00:00+02:00,61.80737250914505,61.80737250914505,60.93288037471202,61.216407775878906,114670000,0.0,0.0
1997-06-17 00:00:00+02:00,61.40526828208681,61.40526828208681,60.365342576372754,60.7435417175293,182610000,0.0,0.0
1997-06-18 00:00:00+02:00,60.69619369506836,61.38183005503098,60.05838091426536,60.69619369506836,176830000,0.0,0.0
1997-06-19 00:00:00+02:00,61.38183830696954,61.972806770724446,61.09831462539993,61.28716659545898,222120000,0.0,0.0
1997-06-20 00:00:00+02:00,62.25632552808651,63.06005955268724,61.972801868942405,62.61061096191406,322960000,0.0,0.0
1997-06-23 00:00:00+02:00,62.72919818942144,64.09997949183739,62.6579449639186,63.81645584106445,298310000,0.0,0.0
1997-06-24 00:00:00+02:00,63.39093163704718,64.19418181430089,63.2489240528472,63.769134521484375,325740000,0.0,0.0
1997-06-25 00:00:00+02:00,64.28883755478522,64.33617340441744,63.01272053379709,63.745208740234375,196070000,0.0,0.0
1997-06-26 00:00:00+02:00,63.83988571166992,64.17074523352078,63.17815922171154,63.83988571166992,139130000,0.0,0.0
1997-06-27 00:00:00+02:00,63.62711880261672,63.769126368661176,63.22549748846572,63.485111236572266,108940000,0.0,0.0
1997-06-30 00:00:00+02:00,63.91062784863533,63.981873618695424,61.9962142441176,62.42174911499024,222390000,0.0,0.0
1997-07-01 00:00:00+02:00,62.72919618586131,62.8946222081428,62.2089858523796,62.87071228027344,97040000,0.0,0.0
1997-07-02 00:00:00+02:00,63.01271982757854,63.201571771092375,62.39832924878641,62.87071228027344,85770000,0.0,0.0
1997-07-03 00:00:00+02:00,63.22549342427581,63.62711471261025,62.918052387625856,63.438255310058594,198660000,0.0,0.0
1997-07-04 00:00:00+02:00,63.55636033201382,64.90372336361972,63.55636033201382,64.52552795410156,249000000,0.0,0.0
1997-07-07 00:00:00+02:00,64.47818039522528,66.2032470703125,64.43084454600276,66.2032470703125,347310000,0.0,0.0
1997-07-08 00:00:00+02:00,67.31442597569601,69.39426963748846,66.7468797586852,68.9453125,583170000,0.0,0.0
1997-07-09 00:00:00+02:00,69.74855126314797,70.85972626092948,68.8740629585666,69.25225830078125,293800000,0.0,0.0
1997-07-10 00:00:00+02:00,68.77987082933734,69.18149951327275,66.9596411139411,68.07081604003906,219920000,0.0,0.0
1997-07-11 00:00:00+02:00,68.59053147272812,68.75596494131355,66.67612140508116,67.0069808959961,160410000,0.0,0.0
1997-07-14 00:00:00+02:00,67.1250784483488,68.30700776262952,67.1250784483488,67.52719116210938,148910000,0.0,0.0
1997-07-15 00:00:00+02:00,68.18890380859375,68.75595848520287,67.3144155911765,68.18890380859375,231880000,0.0,0.0
1997-07-16 00:00:00+02:00,69.15809602401211,70.05601048326997,69.01608843894829,70.00867462158203,237930000,0.0,0.0
1997-07-17 00:00:00+02:00,70.38685736806578,70.50495499760433,69.08683776855469,69.08683776855469,212180000,0.0,0.0
1997-07-18 00:00:00+02:00,68.59055217401865,69.01609093785213,67.36177809147796,67.64530181884766,171550000,0.0,0.0
1997-07-21 00:00:00+02:00,66.888886358709,67.33785093603781,66.22716734638769,66.95964813232422,172560000,0.0,0.0
1997-07-22 00:00:00+02:00,67.8341397775866,68.02348317121499,67.40909260143845,67.73995208740234,142170000,0.0,0.0
1997-07-23 00:00:00+02:00,69.13419048738398,69.91449879846361,68.18893266005277,68.61447143554688,175350000,0.0,0.0
1997-07-24 00:00:00+02:00,69.11075275630243,70.43419837590551,68.49587062701669,69.72514343261719,180380000,0.0,0.0
1997-07-25 00:00:00+02:00,70.33953410893193,70.67039365226842,69.58313586277112,69.72514343261719,153430000,0.0,0.0
1997-07-28 00:00:00+02:00,69.86714104269437,70.33952408182346,69.39426655066436,70.12675476074219,103200000,0.0,0.0
1997-07-29 00:00:00+02:00,70.19800688014396,70.38685884377276,68.28358916288835,69.18151092529297,147840000,0.0,0.0
1997-07-30 00:00:00+02:00,69.91448685907861,70.4107798972119,69.27618625109925,69.72514343261719,120070000,0.0,0.0
1997-07-31 00:00:00+02:00,69.48893229686446,69.89055353010542,68.77987006914756,69.13416290283203,105920000,0.0,0.0
1997-08-01 00:00:00+02:00,69.13416290283203,69.13416290283203,69.13416290283203,69.13416290283203,0,0.0,0.0
1997-08-04 00:00:00+02:00,69.13416993672463,69.13416993672463,67.17241651102009,67.40909576416016,171010000,0.0,0.0
1997-08-05 00:00:00+02:00,68.35436744446574,68.35436744446574,66.69956306916845,67.59796905517578,189620000,0.0,0.0
1997-08-06 00:00:00+02:00,67.83414901390802,68.66179301752378,67.66871552527267,68.16500854492188,143080000,0.0,0.0
1997-08-07 00:00:00+02:00,68.54319601948478,69.44160169833656,68.40167992421426,69.25225830078125,92520000,0.0,0.0
1997-08-08 00:00:00+02:00,68.92141721277059,69.58314382138609,67.66872578519913,68.63788604736328,117190000,0.0,0.0
1997-08-11 00:00:00+02:00,67.69261418196373,68.54319251504276,67.50327079408908,67.62136840820312,101440000,0.0,0.0
1997-08-12 00:00:00+02:00,68.09424254036556,68.18891424419537,66.4633560180664,66.4633560180664,146180000,0.0,0.0
1997-08-13 00:00:00+02:00,66.1324889718281,66.65269183069313,64.99788812141108,65.09255981445312,227630000,0.0,0.0
1997-08-14 00:00:00+02:00,64.95055014779466,65.32875290096624,63.10738601852355,63.29623794555664,251640000,0.0,0.0
1997-08-15 00:00:00+02:00,63.34358859294688,64.47818967134509,61.54727215915268,62.98881912231445,361770000,0.0,0.0
1997-08-18 00:00:00+02:00,60.979710437770784,63.76910723440449,60.50732748568901,62.94146347045898,334170000,0.0,0.0
1997-08-19 00:00:00+02:00,64.28884887695312,64.997903840514,63.721794041041086,64.28884887695312,248980000,0.0,0.0
1997-08-20 00:00:00+02:00,65.70695971600328,65.70695971600328,64.36008826688281,64.9505615234375,273660000,0.0,0.0
1997-08-21 00:00:00+02:00,65.37610998143147,66.6053754376677,65.32877412108502,65.63621520996094,175290000,0.0,0.0
1997-08-22 00:00:00+02:00,64.90373314294835,65.11601107874387,63.46169817843936,63.57979583740234,159150000,0.0,0.0
1997-08-25 00:00:00+02:00,64.28883888763932,64.71437009025306,63.43825304280812,63.81645584106445,125710000,0.0,0.0
1997-08-26 00:00:00+02:00,63.81645629274368,63.95797239267743,62.30365998152348,62.49251937866211,137770000,0.0,0.0
1997-08-27 00:00:00+02:00,61.92546520638728,63.62711348441505,61.830793503604006,63.0834846496582,112660000,0.0,0.0
1997-08-28 00:00:00+02:00,62.3510212213733,62.3510212213733,59.56162643432617,59.56162643432617,416250000,0.0,0.0
1997-08-29 00:00:00+02:00,59.08923261547793,59.56161577319394,58.56902586611592,59.32542419433594,284130000,0.0,0.0
1997-09-01 00:00:00+02:00,59.939805220547534,60.93287897340616,59.56160611774684,60.55467987060547,132110000,0.0,0.0
1997-09-02 00:00:00+02:00,61.33448643836933,62.09088447331075,60.83819353882271,62.06697082519531,179240000,0.0,0.0
1997-09-03 00:00:00+02:00,62.53985893709699,63.012726021703685,62.09089805958165,62.77604675292969,150960000,0.0,0.0
1997-09-04 00:00:00+02:00,62.39833168342075,62.75261710929541,61.688785372103375,62.49251937866211,120530000,0.0,0.0
1997-09-05 00:00:00+02:00,62.51643059760154,64.36008645059714,62.44518109325215,63.6978759765625,173360000,0.0,0.0
1997-09-08 00:00:00+02:00,63.22548362765315,63.67444069872823,62.87070679366956,63.29623794555664,131680000,0.0,0.0
1997-09-09 00:00:00+02:00,63.01271989189385,63.343579383050496,61.712692956011615,62.02013397216797,125650000,0.0,0.0
1997-09-10 00:00:00+02:00,62.492524946043616,62.70528684468297,61.0036421541111,61.216407775878906,146560000,0.0,0.0
1997-09-11 00:00:00+02:00,60.95630834755077,60.95630834755077,59.5616094892495,59.98714447021485,212640000,0.0,0.0
1997-09-12 00:00:00+02:00,60.1291527632351,60.55468402618674,59.4674262203768,60.034481048583984,142940000,0.0,0.0
1997-09-15 00:00:00+02:00,60.88554811175811,60.97973209781888,59.467427015556346,59.82171249389648,98830000,0.0,0.0
1997-09-16 00:00:00+02:00,59.56163003748143,61.07442333308813,59.23076665588432,60.97975158691406,149140000,0.0,0.0
1997-09-17 00:00:00+02:00,61.45259151213326,62.63452455158719,61.216399996148674,62.02013397216797,152450000,0.0,0.0
1997-09-18 00:00:00+02:00,62.02013690917055,63.34358238272567,61.61802417567186,63.0834846496582,132880000,0.0,0.0
1997-09-19 00:00:00+02:00,62.91804336711186,63.46167213442273,62.30365283482291,63.34357452392578,201890000,0.0,0.0
1997-09-22 00:00:00+02:00,63.485106646230726,63.6978759765625,62.75261840430671,63.6978759765625,173800000,0.0,0.0
1997-09-23 00:00:00+02:00,63.4382478371621,63.57977137073721,62.398326121467086,63.201568603515625,186940000,0.0,0.0
1997-09-24 00:00:00+02:00,62.87072330336301,64.02874289364817,62.63453546933679,63.65103149414063,174750000,0.0,0.0
1997-09-25 00:00:00+02:00,63.69787847595965,63.91064036838345,62.20899200439453,62.20899200439453,134450000,0.0,0.0
1997-09-26 00:00:00+02:00,61.83077477700779,62.847270364899714,61.61800551351676,62.823360443115234,120690000,0.0,0.0
1997-09-29 00:00:00+02:00,62.988829451598775,63.20159138902381,61.760047912597656,61.760047912597656,105450000,0.0,0.0
1997-09-30 00:00:00+02:00,62.30368912018477,62.56379441872232,60.97975158691406,60.97975158691406,165190000,0.0,0.0
1997-10-01 00:00:00+02:00,60.62543527610702,63.29624346929578,60.50733765667128,62.87071228027344,220270000,0.0,0.0
1997-10-02 00:00:00+02:00,63.651017856719086,63.863295713202646,63.29624100558398,63.509010314941406,168160000,0.0,0.0
1997-10-03 00:00:00+02:00,63.72179546703352,64.52552961077551,62.70529196103465,64.3835220336914,152710000,0.0,0.0
1997-10-06 00:00:00+02:00,64.00531257896537,64.00531257896537,62.87071899182773,63.06006240844727,147480000,0.0,0.0
1997-10-07 00:00:00+02:00,63.39092847775122,63.67445962525771,61.73613177704838,62.16166305541992,187510000,0.0,0.0
1997-10-08 00:00:00+02:00,62.870702417448086,62.9653741007999,61.71268321186183,61.90153884887695,142230000,0.0,0.0
1997-10-09 00:00:00+02:00,61.64193579371791,62.75261562581797,61.07439332553507,61.26373672485352,199280000,0.0,0.0
1997-10-10 00:00:00+02:00,61.192496662419366,62.13823834534443,60.55468377733415,60.86163711547852,223720000,0.0,0.0
1997-10-13 00:00:00+02:00,61.31108093261719,61.68879232319873,60.8855459559142,61.31108093261719,172200000,0.0,0.0
1997-10-14 00:00:00+02:00,60.50734401652834,60.67277750245432,59.96371515093005,60.55467987060547,269710000,0.0,0.0
1997-10-15 00:00:00+02:00,60.034471824624895,60.05838175297461,59.2780736833318,59.63284683227539,231580000,0.0,0.0
1997-10-16 00:00:00+02:00,59.44349978574238,59.96370637463696,59.18339835285901,59.93979644775391,199440000,0.0,0.0
1997-10-17 00:00:00+02:00,59.230751037597656,59.75095777437196,58.616360309496365,59.230751037597656,258850000,0.0,0.0
1997-10-20 00:00:00+02:00,58.99454707471463,60.60201135503876,58.75835555117563,60.27066040039063,190110000,0.0,0.0
1997-10-21 00:00:00+02:00,60.5546746076226,61.3818307959768,60.507338757659575,61.02705764770508,231630000,0.0,0.0
1997-10-22 00:00:00+02:00,61.45260043923315,61.547272151285966,60.034479400914925,60.17648696899414,187960000,0.0,0.0
1997-10-23 00:00:00+02:00,59.32543078611394,59.44352472710013,57.93121935564885,58.38018035888672,240390000,0.0,0.0
1997-10-24 00:00:00+02:00,59.06531749177524,59.18341140926409,58.40359094519546,58.6402702331543,130130000,0.0,0.0
1997-10-27 00:00:00+01:00,57.76528076602209,58.545588830830944,56.96203450942718,57.38756942749024,240070000,0.0,0.0
1997-10-28 00:00:00+01:00,52.23479502023652,59.08921066757439,51.52573281713892,58.28548049926758,731130000,0.0,0.0
1997-10-29 00:00:00+01:00,59.04187713936572,59.04187713936572,56.5364951312921,58.47433471679688,359270000,0.0,0.0
1997-10-30 00:00:00+01:00,57.29290333046769,58.14348551999783,56.32373950162136,56.98546600341797,144670000,0.0,0.0
1997-10-31 00:00:00+01:00,56.77269773063689,59.0892245372196,56.77269773063689,58.16739654541016,117180000,0.0,0.0
1997-11-03 00:00:00+01:00,58.805698295260704,59.987143781230166,58.805698295260704,59.656280517578125,101600000,0.0,0.0
1997-11-04 00:00:00+01:00,59.37275695800781,60.62544831283675,59.08922953219364,59.37275695800781,211010000,0.0,0.0
1997-11-05 00:00:00+01:00,59.98714447021485,60.22382375399775,59.58551942098544,59.98714447021485,96800000,0.0,0.0
1997-11-06 00:00:00+01:00,59.65627275397835,59.82170250271126,59.34931946173418,59.63284683227539,67970000,0.0,0.0
1997-11-07 00:00:00+01:00,58.80568720493905,58.85253532247846,57.71842962973446,58.0253791809082,165270000,0.0,0.0
1997-11-10 00:00:00+01:00,58.40357364698139,58.59291702126796,58.14347223375516,58.23814392089844,80110000,0.0,0.0
1997-11-11 00:00:00+01:00,57.90728447174456,58.521671295166016,57.90728447174456,58.521671295166016,84370000,0.0,0.0
1997-11-12 00:00:00+01:00,58.14349348621202,58.33283692970691,57.93121184554529,58.09664535522461,118890000,0.0,0.0
1997-11-13 00:00:00+01:00,58.14347597509287,59.06530379822254,58.02537836185482,58.521671295166016,156300000,0.0,0.0
1997-11-14 00:00:00+01:00,59.230741799464376,59.46742106557615,58.66368702041106,58.805694580078125,166230000,0.0,0.0
1997-11-17 00:00:00+01:00,59.93980933393287,60.1291527632351,59.56161020517816,60.034481048583984,168310000,0.0,0.0
1997-11-18 00:00:00+01:00,60.17648468371694,60.60201591882964,59.91637948880344,60.31800079345703,123570000,0.0,0.0
1997-11-19 00:00:00+01:00,60.1999023508492,60.50733965371072,60.08180845064375,60.27066040039063,90020000,0.0,0.0
1997-11-20 00:00:00+01:00,60.743544059527736,60.88555164163626,60.41268076449237,60.625450134277344,188290000,0.0,0.0
1997-11-21 00:00:00+01:00,61.14564754746698,61.45259713883466,60.74353479619248,61.07439804077149,220690000,0.0,0.0
1997-11-24 00:00:00+01:00,60.62544325581615,60.90897065798013,59.91638088549162,60.389251708984375,106720000,0.0,0.0
1997-11-25 00:00:00+01:00,60.24724526391773,60.67278023999558,59.656280517578125,59.656280517578125,121280000,0.0,0.0
1997-11-26 00:00:00+01:00,59.1599869581669,59.75095169925718,58.640268004118006,59.06531524658203,247370000,0.0,0.0
1997-11-27 00:00:00+01:00,59.9398146110228,60.460017634424126,59.46743145587819,60.15258026123047,127400000,0.0,0.0
1997-11-28 00:00:00+01:00,60.24724273858698,60.7435357516981,59.98714126680187,60.31800079345703,81380000,0.0,0.0
1997-12-01 00:00:00+01:00,60.979711883907534,61.5472542614212,60.81428216238281,61.40524673461914,113090000,0.0,0.0
1997-12-02 00:00:00+01:00,61.47649323769193,61.90154036380032,61.14563379067932,61.45258331298828,188670000,0.0,0.0
1997-12-03 00:00:00+01:00,61.40525420104687,62.374417899570645,60.90896125299968,61.64193344116211,125510000,0.0,0.0
1997-12-04 00:00:00+01:00,62.16165349835202,63.67444983560434,62.02013739598307,63.39091873168945,218260000,0.0,0.0
1997-12-05 00:00:00+01:00,63.69788389872581,64.61970821674353,63.10740313913966,64.52552795410156,285640000,0.0,0.0
1997-12-08 00:00:00+01:00,64.73779817150233,64.95056005677759,63.98188400268555,63.98188400268555,127500000,0.0,0.0
1997-12-09 00:00:00+01:00,63.88721557311153,64.28883683426452,62.42175517001875,62.87071228027344,134800000,0.0,0.0
1997-12-10 00:00:00+01:00,62.25633180403014,62.87072248252156,61.6419448486673,61.92547225952149,124920000,0.0,0.0
1997-12-11 00:00:00+01:00,61.12172616148767,61.83078841442339,60.932870501254094,61.61801910400391,142390000,0.0,0.0
1997-12-12 00:00:00+01:00,61.90155860464358,62.68187050836207,61.618031193789406,61.92547225952149,115280000,0.0,0.0
1997-12-15 00:00:00+01:00,62.18557595276656,62.94148649859583,62.09090423583984,62.09090423583984,99420000,0.0,0.0
1997-12-16 00:00:00+01:00,62.68185792031053,63.76911549531184,62.4925145312031,63.248905181884766,131600000,0.0,0.0
1997-12-17 00:00:00+01:00,63.62711243861004,63.957971939996575,63.2015737897401,63.81645584106445,167180000,0.0,0.0
1997-12-18 00:00:00+01:00,64.19417988329269,64.90372632992829,64.09999217008871,64.76171875,213840000,0.0,0.0
1997-12-19 00:00:00+01:00,63.67444982262389,64.52551969460293,63.390918718766805,63.95797348022461,262160000,0.0,0.0
1997-12-22 00:00:00+01:00,64.05266635529462,64.52554102246687,63.81647847137939,64.40695190429688,114630000,0.0,0.0
1997-12-23 00:00:00+01:00,64.52551716093001,65.61277479606373,64.19416621166613,65.42343139648438,205640000,0.0,0.0
1997-12-24 00:00:00+01:00,65.58888062786808,66.17984543733021,65.44687304406116,66.01441192626953,98190000,0.0,0.0
1997-12-25 00:00:00+01:00,66.01441192626953,66.01441192626953,66.01441192626953,66.01441192626953,0,0.0,0.0
1997-12-26 00:00:00+01:00,66.01441192626953,66.01441192626953,66.01441192626953,66.01441192626953,0,0.0,0.0
1997-12-29 00:00:00+01:00,66.2979304959194,67.59795766374886,66.25059463832386,67.57453918457031,174800000,0.0,0.0
1997-12-30 00:00:00+01:00,67.78680096202834,68.3070038188504,67.26708211181501,68.07081604003906,148910000,0.0,0.0
1997-12-31 00:00:00+01:00,68.28360747765474,68.73256475614627,67.73997846548366,68.567138671875,133630000,0.0,0.0
1998-01-01 00:00:00+01:00,68.567138671875,68.567138671875,68.567138671875,68.567138671875,0,0.0,0.0
1998-01-02 00:00:00+01:00,68.567138671875,68.567138671875,68.567138671875,68.567138671875,0,0.0,0.0
1998-01-05 00:00:00+01:00,68.94532018159732,69.46503915161713,68.82722254183983,69.22885131835938,180430000,0.0,0.0
1998-01-06 00:00:00+01:00,68.8272059149595,69.63045582769688,68.6144440583629,69.13416290283203,185430000,0.0,0.0
1998-01-07 00:00:00+01:00,68.59052126339742,70.31608657689058,68.59052126339742,69.2995834350586,290350000,0.0,0.0
1998-01-08 00:00:00+01:00,70.19799840105624,70.3634318672319,67.69261626591661,68.3070068359375,289960000,0.0,0.0
1998-01-09 00:00:00+01:00,67.9761492155074,68.02348506523249,66.36868124393986,67.07774353027344,218510000,0.0,0.0
1998-01-12 00:00:00+01:00,64.99790753852301,66.08517286722257,64.8563914095504,65.94364929199219,278580000,0.0,0.0
1998-01-13 00:00:00+01:00,66.93623063605266,67.36176934463042,66.67613287076566,66.74688720703125,145950000,0.0,0.0
1998-01-14 00:00:00+01:00,67.55063151413931,67.5979673785377,66.34527588827422,66.6288070678711,130020000,0.0,0.0
1998-01-15 00:00:00+01:00,66.4872747170318,67.5745399882313,66.4872747170318,67.36177062988281,174320000,0.0,0.0
1998-01-16 00:00:00+01:00,67.9288153394121,68.11815874381374,66.93622193253216,68.04690551757812,183680000,0.0,0.0
1998-01-19 00:00:00+01:00,68.68519064605438,68.96872168240729,68.07080762537412,68.85062408447266,177230000,0.0,0.0
1998-01-20 00:00:00+01:00,68.61444763367956,69.58312360767674,68.33043254400864,69.3942642211914,211580000,0.0,0.0
1998-01-21 00:00:00+01:00,69.48894536794029,69.48894536794029,68.35435176735436,68.40168762207031,187070000,0.0,0.0
1998-01-22 00:00:00+01:00,67.38517987785288,68.44901151378362,67.14898465224796,67.83413696289062,263220000,0.0,0.0
1998-01-23 00:00:00+01:00,67.64530367246792,69.39428829357158,67.64530367246792,68.61447143554688,173370000,0.0,0.0
1998-01-26 00:00:00+01:00,68.33043414681104,69.3469299995589,68.33043414681104,69.25225830078125,119560000,0.0,0.0
1998-01-27 00:00:00+01:00,69.77246710685715,70.17408836163607,69.11074068946544,69.67779541015625,171280000,0.0,0.0
1998-01-28 00:00:00+01:00,70.19799262917996,71.59219967450595,70.19799262917996,71.45068359375,275160000,0.0,0.0
1998-01-29 00:00:00+01:00,71.68690222206423,72.77416764834275,71.66348373926695,72.32520294189453,272280000,0.0,0.0
1998-01-30 00:00:00+01:00,72.3251634773585,72.60869450531068,71.87620646214405,72.51402282714844,169030000,0.0,0.0
1998-02-02 00:00:00+01:00,73.67205259430543,74.3576889038086,73.38852152546215,74.3576889038086,306330000,0.0,0.0
1998-02-03 00:00:00+01:00,74.07418842933623,75.87050876339829,73.83799313259009,75.51573181152344,284180000,0.0,0.0
1998-02-04 00:00:00+01:00,75.58696874271962,76.76841420215565,74.80666058905291,76.53221893310547,317460000,0.0,0.0
1998-02-05 00:00:00+01:00,76.95776439684315,79.4158112490795,76.91042853752667,78.99027252197266,388350000,0.0,0.0
1998-02-06 00:00:00+01:00,78.94292295566686,79.43921593594794,77.57214163923855,79.36846160888672,216410000,0.0,0.0
1998-02-09 00:00:00+01:00,79.48654534970832,81.16477500528384,78.47053354920936,80.83390808105469,284720000,0.0,0.0
1998-02-10 00:00:00+01:00,80.8573439712218,81.11744915993559,79.98284815181387,80.43229675292969,317730000,0.0,0.0
1998-02-11 00:00:00+01:00,80.83391801901139,81.28287516703163,80.5738128303909,80.99935150146484,200260000,0.0,0.0
1998-02-12 00:00:00+01:00,81.16478614584011,81.18820462312166,78.4232084661969,79.13227081298828,307570000,0.0,0.0
1998-02-13 00:00:00+01:00,79.01418965451164,79.01418965451164,77.2886310013423,78.3993148803711,182360000,0.0,0.0
1998-02-16 00:00:00+01:00,78.04501948238716,78.32854317523864,76.1066916915879,78.23387145996094,152950000,0.0,0.0
1998-02-17 00:00:00+01:00,78.56471535496426,80.21951152006639,78.56471535496426,79.84131622314453,183450000,0.0,0.0
1998-02-18 00:00:00+01:00,79.60463558155287,79.6285455062764,78.06842105650242,78.94290924072266,145880000,0.0,0.0
1998-02-19 00:00:00+01:00,78.89559437007152,80.03018798841096,78.73016087932427,79.888671875,379220000,0.0,0.0
1998-02-20 00:00:00+01:00,79.86476692249505,80.12486469411247,78.8487548828125,78.8487548828125,216630000,0.0,0.0
1998-02-23 00:00:00+01:00,79.41580822091382,79.46314407842536,78.04501927248583,78.47055053710938,134780000,0.0,0.0
1998-02-24 00:00:00+01:00,77.90300363964367,79.39237408111289,77.85566778702977,78.1631088256836,223140000,0.0,0.0
1998-02-25 00:00:00+01:00,78.63598835102862,79.8647697943645,78.58865249091902,79.6520004272461,226360000,0.0,0.0
1998-02-26 00:00:00+01:00,80.242948127981,80.73924109702384,80.14827642792982,80.64456939697266,273630000,0.0,0.0
1998-02-27 00:00:00+01:00,81.30678412312075,81.99192901267136,80.88124549611516,81.21211242675781,257030000,0.0,0.0
1998-03-02 00:00:00+01:00,82.0158630403337,82.58291792562862,81.85043697265795,82.44091033935547,235550000,0.0,0.0
1998-03-03 00:00:00+01:00,82.44091047706243,82.58291806357279,81.54299600865814,81.87385559082031,160230000,0.0,0.0
1998-03-04 00:00:00+01:00,82.0158546404735,82.58290946769209,80.26687029485447,80.40839385986328,205760000,0.0,0.0
1998-03-05 00:00:00+01:00,79.41579709690171,81.07010950569406,79.2503636221456,80.17218780517578,158420000,0.0,0.0
1998-03-06 00:00:00+01:00,80.38496688373591,81.87384599841442,80.36105695206683,81.1882095336914,233200000,0.0,0.0
1998-03-09 00:00:00+01:00,81.23553544482616,81.75574579729032,80.3849570423809,81.25945281982422,169710000,0.0,0.0
1998-03-10 00:00:00+01:00,80.99935734228875,82.4882364529624,80.95202148579186,82.27547454833984,161550000,0.0,0.0
1998-03-11 00:00:00+01:00,82.27547454833984,82.27547454833984,82.27547454833984,82.27547454833984,0,0.0,0.0
1998-03-12 00:00:00+01:00,80.99936973642872,82.91378784179688,80.95203387268872,82.91378784179688,144620000,0.0,0.0
1998-03-13 00:00:00+01:00,80.99936575850288,82.48824502387806,83.19730748532386,83.45741271972656,172100000,0.0,0.0
1998-03-16 00:00:00+01:00,80.78658181418061,80.97592522569029,79.48655477592942,79.60465240478516,691090000,0.0,0.0
1998-03-17 00:00:00+01:00,80.59773424718864,80.83392207151289,79.62856667333948,79.888671875,282030000,0.0,0.0
1998-03-18 00:00:00+01:00,79.48656143575809,79.55781467063858,77.14661235068968,77.85567474365234,370120000,0.0,0.0
1998-03-19 00:00:00+01:00,78.44664108521233,78.73016477903688,77.0285162705916,77.66682434082031,229520000,0.0,0.0
1998-03-20 00:00:00+01:00,77.9976792172522,78.56473401716927,77.40671448650464,77.90300750732422,245830000,0.0,0.0
1998-03-23 00:00:00+01:00,77.9029981672068,79.01416571638188,77.07583826750793,78.32852935791016,275610000,0.0,0.0
1998-03-24 00:00:00+01:00,78.49396308188868,78.65939655161664,77.14660028853558,77.8083267211914,221330000,0.0,0.0
1998-03-25 00:00:00+01:00,78.06846388412114,78.37589758191379,75.2087951086231,75.63384246826172,658920000,0.0,0.0
1998-03-26 00:00:00+01:00,75.79971323035525,76.53219383571218,75.49227227605078,75.8465576171875,384860000,0.0,0.0
1998-03-27 00:00:00+01:00,76.55564273388961,76.57955266415077,75.98858794747504,76.36679077148438,280210000,0.0,0.0
1998-03-30 00:00:00+02:00,76.72107359205509,77.66681517678238,75.89391364120243,77.28861236572266,256240000,0.0,0.0
1998-03-31 00:00:00+02:00,78.28119609315836,78.56472719161269,77.8083290375541,77.97376251220703,238620000,0.0,0.0
1998-04-01 00:00:00+02:00,77.7614957895357,78.89559800719887,77.43014478606376,78.23387145996094,269180000,0.0,0.0
1998-04-02 00:00:00+02:00,78.35197331337272,78.35197331337272,77.1466177948246,77.40672302246094,192270000,0.0,0.0
1998-04-03 00:00:00+02:00,77.76148601587721,77.97376389222754,77.05242370012081,77.21784973144531,177140000,0.0,0.0
1998-04-06 00:00:00+02:00,77.09926502791488,78.18652266095891,77.09926502791488,77.83223724365234,141310000,0.0,0.0
1998-04-07 00:00:00+02:00,77.2886231330934,78.51740454270913,77.0758537718138,77.52481842041016,198370000,0.0,0.0
1998-04-08 00:00:00+02:00,77.71413586953615,77.71413586953615,74.47578191239869,74.5938720703125,386100000,0.0,0.0
1998-04-09 00:00:00+02:00,73.93216473171488,74.09759075847144,72.84489963913026,73.19967651367188,525440000,0.0,0.0
1998-04-10 00:00:00+02:00,73.19967651367188,73.19967651367188,73.19967651367188,73.19967651367188,0,0.0,0.0
1998-04-13 00:00:00+02:00,73.19967651367188,73.19967651367188,73.19967651367188,73.19967651367188,0,0.0,0.0
1998-04-14 00:00:00+02:00,74.21567607551738,74.40501944565155,72.44326635540861,72.86880493164062,275460000,0.0,0.0
1998-04-15 00:00:00+02:00,73.3651232044852,73.76674454886073,72.56138906273934,72.79757690429688,239920000,0.0,0.0
1998-04-16 00:00:00+02:00,73.24702152129045,73.24702152129045,71.1666862164112,71.37945556640625,280140000,0.0,0.0
1998-04-17 00:00:00+02:00,70.95441746640626,71.30870297800622,70.57621457396054,70.9070816040039,353480000,0.0,0.0
1998-04-20 00:00:00+02:00,71.85230031157069,72.4666907925572,71.37943334872294,72.25392150878906,217140000,0.0,0.0
1998-04-21 00:00:00+02:00,71.75764445448993,72.89223799012352,71.68688267981415,72.5613784790039,184250000,0.0,0.0
1998-04-22 00:00:00+02:00,72.79756100019468,72.96299446687037,71.26134629031205,71.63954162597656,226250000,0.0,0.0
1998-04-23 00:00:00+02:00,71.61611787436439,72.08850086572866,70.4341812133789,70.4341812133789,203400000,0.0,0.0
1998-04-24 00:00:00+02:00,70.19801379791807,71.02517386396546,70.10334208030142,70.78897857666016,194060000,0.0,0.0
1998-04-27 00:00:00+02:00,70.69430739746745,70.9544126195261,69.48895190476699,69.74856567382812,206700000,0.0,0.0
1998-04-28 00:00:00+02:00,70.07989455271988,70.97781612683475,70.03255870850244,70.33951568603516,207360000,0.0,0.0
1998-04-29 00:00:00+02:00,70.24534815366134,71.19059839687807,69.01608276367188,69.01608276367188,246050000,0.0,0.0
1998-04-30 00:00:00+02:00,69.53628679451806,72.04166946332869,69.27618902234303,71.87623596191406,253400000,0.0,0.0
1998-05-01 00:00:00+02:00,71.87623596191406,71.87623596191406,71.87623596191406,71.87623596191406,0,0.0,0.0
1998-05-04 00:00:00+02:00,74.02684144152587,75.09067323797275,73.57787684249062,74.68856048583984,334430000,0.0,0.0
1998-05-05 00:00:00+02:00,74.66514687721208,74.66514687721208,73.27044802140973,74.2156982421875,189230000,0.0,0.0
1998-05-06 00:00:00+02:00,73.62521136786967,74.73589499118205,73.55396558543568,74.31036376953125,149180000,0.0,0.0
1998-05-07 00:00:00+02:00,74.1688457311374,74.1688457311374,73.15234973105515,73.29435729980469,132410000,0.0,0.0
1998-05-08 00:00:00+02:00,73.91508967018548,74.72328987769144,73.6775894165039,73.6775894165039,143710000,0.83,0.0
1998-05-11 00:00:00+02:00,74.60453742498039,75.08003961283966,74.29539548607565,74.81848907470703,117190000,0.0,0.0
1998-05-12 00:00:00+02:00,74.39060990612353,74.88966081410318,74.36705380475063,74.65215301513672,70930000,0.0,0.0
1998-05-13 00:00:00+02:00,75.982952287408,76.03055118136345,73.51124662606408,73.55884552001953,241220000,0.0,0.0
1998-05-14 00:00:00+02:00,73.24969070799159,73.36844458607898,72.25158907185993,72.60833740234375,184530000,0.0,0.0
1998-05-15 00:00:00+02:00,72.72708741633052,73.32134353259715,71.49099126621552,72.06169128417969,205450000,0.0,0.0
1998-05-18 00:00:00+02:00,71.32464389942356,71.46744057381665,70.13613918914406,70.30298614501953,168980000,0.0,0.0
1998-05-19 00:00:00+02:00,71.06309868253591,71.7525451285764,71.06309868253591,71.25349426269531,203590000,0.0,0.0
1998-05-20 00:00:00+02:00,71.75255842230447,71.96651014148887,70.35010917100337,70.89675903320312,108590000,0.0,0.0
1998-05-21 00:00:00+02:00,70.89675903320312,70.89675903320312,70.89675903320312,70.89675903320312,0,0.0,0.0
1998-05-22 00:00:00+02:00,71.01597717523161,71.30108381183162,70.58808135986328,70.58808135986328,95770000,0.0,0.0
1998-05-25 00:00:00+02:00,71.01599497650385,72.03765292983097,70.5880990538767,71.30110168457031,115250000,0.0,0.0
1998-05-26 00:00:00+02:00,72.29919619540655,72.41795008701703,71.53859474120202,71.6573486328125,120150000,0.0,0.0
1998-05-27 00:00:00+02:00,70.70683981884133,71.15829175978278,70.3976903696915,70.92078399658203,141710000,0.0,0.0
1998-05-28 00:00:00+02:00,71.68138447581032,71.77609556214549,70.58808504027064,70.87318420410156,115770000,0.0,0.0
1998-05-29 00:00:00+02:00,71.30109028557804,73.53528813430347,71.30109028557804,72.4179458618164,229720000,0.0,0.0
1998-06-01 00:00:00+02:00,72.4179458618164,72.4179458618164,72.4179458618164,72.4179458618164,0,0.0,0.0
1998-06-02 00:00:00+02:00,72.48909417285923,72.48909417285923,71.15828704833984,71.15828704833984,138530000,0.0,0.0
1998-06-03 00:00:00+02:00,71.49098395193212,71.53858283991309,70.82558040022455,71.01597595214844,113250000,0.0,0.0
1998-06-04 00:00:00+02:00,70.65923824021489,70.82558351974313,69.11447942094442,69.37602996826172,204660000,0.0,0.0
1998-06-05 00:00:00+02:00,70.65924659299183,70.82559189218411,68.54379502657147,69.1620864868164,222390000,0.0,0.0
1998-06-08 00:00:00+02:00,68.68660485340538,68.68660485340538,67.11780275542482,67.7120590209961,381710000,0.0,0.0
1998-06-09 00:00:00+02:00,66.54760245936825,67.26059764415395,66.50000355585037,66.69039916992188,290660000,0.0,0.0
1998-06-10 00:00:00+02:00,66.4523962214182,67.61685079735516,66.14374091988027,66.73749542236328,330970000,0.0,0.0
1998-06-11 00:00:00+02:00,66.73748611117773,67.21298083569772,66.07208251953125,66.07208251953125,235830000,0.0,0.0
1998-06-12 00:00:00+02:00,66.42884588662233,67.02309462461261,66.0720974727124,66.54759979248047,212300000,0.0,0.0
1998-06-15 00:00:00+02:00,66.38125105239922,66.40480715648002,65.73940337347057,66.35720825195312,170650000,0.0,0.0
1998-06-16 00:00:00+02:00,66.88030201774721,67.45050799170288,66.35720825195312,66.35720825195312,132040000,0.0,0.0
1998-06-17 00:00:00+02:00,67.26058361355192,68.66303256226257,67.11778693278578,67.92598724365234,283110000,0.0,0.0
1998-06-18 00:00:00+02:00,68.49668036282625,68.54378506777651,66.90383600039321,67.14183044433594,171350000,0.0,0.0
1998-06-19 00:00:00+02:00,67.0230774377394,67.26057770091705,66.16727830851434,66.45238494873047,138430000,0.0,0.0
1998-06-22 00:00:00+02:00,66.07208241223009,68.16349096544897,65.95333602107495,67.37933349609375,188370000,0.0,0.0
1998-06-23 00:00:00+02:00,68.49669344078521,70.06500112631784,67.97359226044077,68.9240951538086,230850000,0.0,0.0
1998-06-24 00:00:00+02:00,69.63711019956746,70.35011291503906,69.58951129317565,70.35011291503906,199760000,0.0,0.0
1998-06-25 00:00:00+02:00,71.11072737695095,71.94247667275731,70.82562058350445,71.46747589111328,210140000,0.0,0.0
1998-06-26 00:00:00+02:00,71.27705222076446,71.53859531453482,70.65924744930747,71.44339752197266,153560000,0.0,0.0
1998-06-29 00:00:00+02:00,71.44339183385749,71.87129517003781,70.49288904802528,70.9683837890625,124310000,0.0,0.0
1998-06-30 00:00:00+02:00,70.82560397498366,71.0631117977484,70.3977080245569,70.80205535888672,95680000,0.0,0.0
1998-07-01 00:00:00+02:00,71.11070251464844,71.44340061912276,70.7779969225387,71.11070251464844,128260000,0.0,0.0
1998-07-02 00:00:00+02:00,71.20589230993463,72.06169150373074,71.20589230993463,71.58618927001953,128360000,0.0,0.0
1998-07-03 00:00:00+02:00,72.18042664436217,72.8217873715369,72.01408138057546,72.13282775878906,134230000,0.0,0.0
1998-07-06 00:00:00+02:00,71.89533657965458,72.89343823875411,71.77609600260162,72.53669738769531,113480000,0.0,0.0
1998-07-07 00:00:00+02:00,72.25158463206577,73.62999061110827,72.25158463206577,73.10738372802734,180460000,0.0,0.0
1998-07-08 00:00:00+02:00,73.91509641708396,74.5569439250182,73.89154031927873,74.3670425415039,233180000,0.0,0.0
1998-07-09 00:00:00+02:00,74.27183943304642,74.86608800653117,73.20208867142665,73.51123809814453,172260000,0.0,0.0
1998-07-10 00:00:00+02:00,72.96458894965767,73.62999251258563,72.72708120194396,73.29728698730469,110030000,0.0,0.0
1998-07-13 00:00:00+02:00,73.558836710938,73.558836710938,72.32274068016683,72.67948150634766,94640000,0.0,0.0
1998-07-14 00:00:00+02:00,72.7746918804472,72.94104467003731,71.06310085467341,71.70494842529297,120530000,0.0,0.0
1998-07-15 00:00:00+02:00,71.77610981160312,71.77610981160312,70.70685295754384,71.30110168457031,129700000,0.0,0.0
1998-07-16 00:00:00+02:00,71.51505242578115,71.6573549420973,70.3977025020877,70.42174530029297,133080000,0.0,0.0
1998-07-17 00:00:00+02:00,71.18232511110833,72.48908935633008,71.0159723596882,72.13282775878906,203380000,0.0,0.0
1998-07-20 00:00:00+02:00,71.18233317536003,74.62809753417969,73.17854395565199,74.62809753417969,169850000,0.0,0.0
1998-07-21 00:00:00+02:00,76.52959117208142,76.8863394779763,75.46033462204035,76.60074615478516,320430000,0.0,0.0
1998-07-22 00:00:00+02:00,75.93536178140161,76.26805989194821,75.46035366952609,75.74545288085938,164020000,0.0,0.0
1998-07-23 00:00:00+02:00,75.57909447340386,75.72139696243971,74.15308950461137,74.62809753417969,114220000,0.0,0.0
1998-07-24 00:00:00+02:00,74.29542178580492,75.1036148071289,73.98675894620368,75.1036148071289,92510000,0.0,0.0
1998-07-27 00:00:00+02:00,74.6281037088232,75.46034683760557,73.2020986220447,73.39249420166016,110800000,0.0,0.0
1998-07-28 00:00:00+02:00,73.91511099733945,74.48581111583124,73.55885677020814,73.84395599365234,121190000,0.0,0.0
1998-07-29 00:00:00+02:00,73.53529178511185,74.29540653642809,73.05979701416356,73.44009399414062,127170000,0.0,0.0
1998-07-30 00:00:00+02:00,73.46366517240308,75.26996762733657,73.44010906796174,75.1036148071289,118830000,0.0,0.0
1998-07-31 00:00:00+02:00,73.46365242967391,76.86230502456029,73.44009632931852,76.29210662841797,241420000,0.0,0.0
1998-08-03 00:00:00+02:00,74.91370348059189,76.24451089129738,74.65215288440122,76.05411529541016,145380000,0.0,0.0
1998-08-04 00:00:00+02:00,76.76761093450122,77.38541579189234,76.17336218038669,76.48201751708984,208380000,0.0,0.0
1998-08-05 00:00:00+02:00,74.77088571278237,75.38869034506219,73.29728202043202,74.01028442382812,268430000,0.0,0.0
1998-08-06 00:00:00+02:00,74.3670473188872,74.4858012080134,72.56074525677957,73.39249420166016,189120000,0.0,0.0
1998-08-07 00:00:00+02:00,73.58239184745521,75.26993976271316,73.39248299310968,75.24638366699219,132080000,0.0,0.0
1998-08-10 00:00:00+02:00,75.22233759369435,75.57908588729477,73.91508665271184,74.01028442382812,132980000,0.0,0.0
1998-08-11 00:00:00+02:00,73.08332872006103,73.39247060176092,71.30107002663745,71.72896575927734,228390000,0.0,0.0
1998-08-12 00:00:00+02:00,72.32273399238738,73.82038042197341,72.32273399238738,72.7270736694336,170920000,0.0,0.0
1998-08-13 00:00:00+02:00,72.6554581717122,72.91700877906132,71.2770592908642,72.4891128540039,149240000,0.0,0.0
1998-08-14 00:00:00+02:00,72.86940701040697,74.53340671942193,72.82180811127765,73.91510772705078,253180000,0.0,0.0
1998-08-17 00:00:00+02:00,72.48911311211957,76.17335941198914,72.06170388186952,75.41275787353516,269780000,0.0,0.0
1998-08-18 00:00:00+02:00,76.79115242678503,78.1460024892101,76.62479964645456,77.83685302734375,483440000,0.0,0.0
1998-08-19 00:00:00+02:00,78.35995425847236,78.66860956631581,76.76760375662336,77.0051040649414,265370000,0.0,0.0
1998-08-20 00:00:00+02:00,77.3613278423112,77.86038603529832,76.29207894769678,76.52957916259766,239540000,0.0,0.0
1998-08-21 00:00:00+02:00,76.05410468784228,76.24450025717428,74.27184551758168,74.98484802246094,315630000,0.0,0.0
1998-08-24 00:00:00+02:00,75.05597963246144,75.57908064111967,72.9645789406352,73.32132720947266,258950000,0.0,0.0
1998-08-25 00:00:00+02:00,74.41465054392268,75.31755453556488,73.82040185508075,74.20069885253906,169080000,0.0,0.0
1998-08-26 00:00:00+02:00,73.58240161886864,74.15309416244209,71.39579513736548,73.55884552001953,381520000,0.0,0.0
1998-08-27 00:00:00+02:00,73.6300197892162,74.15311357578054,71.30111020002843,71.34870910644531,265230000,0.0,0.0
1998-08-28 00:00:00+02:00,68.71012456378926,72.6794682876429,65.59705900132583,71.72896575927734,421290000,0.0,0.0
1998-08-31 00:00:00+02:00,71.77608821649471,73.08333918090517,70.4452811569687,71.13472747802734,174990000,0.0,0.0
1998-09-01 00:00:00+02:00,68.94812823457383,70.8255774520582,68.68657770966378,70.61163330078125,390600000,0.0,0.0
1998-09-02 00:00:00+02:00,72.67949928260057,73.6540525020616,72.2756461655874,72.56075286865234,249050000,0.0,0.0
1998-09-03 00:00:00+02:00,72.53671633805413,74.58100577813528,71.80015755443675,72.98865509033203,259430000,0.0,0.0
1998-09-04 00:00:00+02:00,73.29730171886752,75.36515450453366,73.29730171886752,75.17475891113281,269070000,0.0,0.0
1998-09-07 00:00:00+02:00,76.29210662841797,77.19501060726576,75.36515236529125,76.29210662841797,244680000,0.0,0.0
1998-09-08 00:00:00+02:00,77.48060144388316,78.43110428850433,76.29210412208495,76.41085052490234,355140000,0.0,0.0
1998-09-09 00:00:00+02:00,76.05412647086246,77.71811893124341,75.81661863741235,76.24452209472656,247970000,0.0,0.0
1998-09-10 00:00:00+02:00,75.57910641320743,76.29210901024209,73.96270562519754,74.60455322265625,205760000,0.0,0.0
1998-09-11 00:00:00+02:00,72.75065010394604,76.05411240377812,72.25159921581464,75.81660461425781,253890000,0.0,0.0
1998-09-14 00:00:00+02:00,77.36134185956789,77.83684404690355,76.55363582142485,77.43299102783203,170250000,0.0,0.0
1998-09-15 00:00:00+02:00,77.71811392822079,77.78926893439929,76.1493193807614,76.48201751708984,140920000,0.0,0.0
1998-09-16 00:00:00+02:00,77.0051040649414,77.57530996611558,76.57720816281802,77.0051040649414,140620000,0.0,0.0
1998-09-17 00:00:00+02:00,76.71999407280981,76.71999407280981,75.19879129670277,75.6742935180664,176490000,0.0,0.0
1998-09-18 00:00:00+02:00,76.76761517933848,76.76761517933848,73.9151176724823,74.53341674804688,296990000,0.0,0.0
1998-09-21 00:00:00+02:00,72.96459413362564,73.58239885166361,71.06309439110744,72.58429718017578,323170000,0.0,0.0
1998-09-22 00:00:00+02:00,73.91509084091989,74.3429941390179,72.25158569588348,72.67948150634766,226260000,0.0,0.0
1998-09-23 00:00:00+02:00,73.10738364650445,74.05788633268938,72.91698809649924,73.6775894165039,127920000,0.0,0.0
1998-09-24 00:00:00+02:00,75.00841029465248,75.31755980300412,72.4891128540039,72.4891128540039,190730000,0.0,0.0
1998-09-25 00:00:00+02:00,72.25160730500953,73.20211029052734,71.32466042256505,73.20211029052734,160200000,0.0,0.0
1998-09-28 00:00:00+02:00,73.44008167518862,74.05788633268938,72.84583311334289,73.6775894165039,107650000,0.0,0.0
1998-09-29 00:00:00+02:00,73.67760108531002,73.91510137660607,70.58809061230889,71.25349426269531,224180000,0.0,0.0
1998-09-30 00:00:00+02:00,70.35010484505801,71.25350308246648,69.92269561696607,70.82559967041016,192360000,0.0,0.0
1998-10-01 00:00:00+02:00,69.30439929140181,69.39959708667529,66.11969085457035,67.73609161376953,369940000,0.0,0.0
1998-10-02 00:00:00+02:00,68.06880016247761,68.61545003713829,63.22009881212571,65.216796875,367080000,0.0,0.0
1998-10-05 00:00:00+02:00,64.52732804567478,66.99903342571751,63.88548058234449,64.17107391357422,213770000,0.0,0.0
1998-10-06 00:00:00+02:00,65.35909323111647,66.78509848395367,64.55090029144009,66.71394348144531,209100000,0.0,0.0
1998-10-07 00:00:00+02:00,66.57113857851705,68.21109533315965,64.64609012791232,66.09613800048828,184710000,0.0,0.0
1998-10-08 00:00:00+02:00,65.12158197083157,66.02448586336808,62.98258193861559,64.28983306884766,214680000,0.0,0.0
1998-10-09 00:00:00+02:00,64.64610290527344,65.24035167297907,63.33885145806574,64.64610290527344,132900000,0.0,0.0
1998-10-12 00:00:00+02:00,66.35720584025675,67.97359928705416,65.16919503099577,67.47454833984375,268540000,0.0,0.0
1998-10-13 00:00:00+02:00,66.9038456351865,67.68848988125325,66.28604087200831,66.76153564453125,190230000,0.0,0.0
1998-10-14 00:00:00+02:00,66.33364564653212,67.52214307885139,66.14374423103844,67.49810028076172,178300000,0.0,0.0
1998-10-15 00:00:00+02:00,67.23703799084798,69.82749014649049,67.11778991581484,69.1620864868164,242100000,0.0,0.0
1998-10-16 00:00:00+02:00,69.87507659762758,71.06308701828151,69.39958190917969,69.39958190917969,243640000,0.0,0.0
1998-10-19 00:00:00+02:00,69.54237675413637,70.1125825059538,68.63897880043429,69.30438232421875,175560000,0.0,0.0
1998-10-20 00:00:00+02:00,70.01739279623335,70.3265347550015,68.44908532197111,70.30298614501953,210160000,0.0,0.0
1998-10-21 00:00:00+02:00,69.8750798725963,70.6356812238663,69.01928074241047,69.32843017578125,162570000,0.0,0.0
1998-10-22 00:00:00+02:00,69.58948744164987,71.77609374500571,69.20967720109935,69.37602996826172,228570000,0.0,0.0
1998-10-23 00:00:00+02:00,69.73228587727935,71.75253946461916,69.51834170225727,70.87318420410156,223530000,0.0,0.0
1998-10-26 00:00:00+01:00,70.6356958460003,72.65545559015807,70.6356958460003,72.51315307617188,202350000,0.0,0.0
1998-10-27 00:00:00+01:00,72.86939964986183,73.67759997316826,72.5607443687992,73.34489440917969,168840000,0.0,0.0
1998-10-28 00:00:00+01:00,72.9645961809566,75.95939546332521,72.9645961809566,75.91179656982422,354900000,0.0,0.0
1998-10-29 00:00:00+01:00,76.10169546009517,76.19689323460352,74.7232894897461,74.7232894897461,186640000,0.0,0.0
1998-10-30 00:00:00+01:00,75.57911716331057,75.67431497382145,74.67571884383919,75.1036148071289,190340000,0.0,0.0
1998-11-02 00:00:00+01:00,75.81659600947678,76.52959850577047,75.48389795102705,75.6742935180664,152120000,0.0,0.0
1998-11-03 00:00:00+01:00,75.22234380406672,76.17334071376807,75.00839214947685,75.48389434814453,143560000,0.0,0.0
1998-11-04 00:00:00+01:00,76.2921048352177,76.69595791815014,75.74544757700922,76.19690704345703,187160000,0.0,0.0
1998-11-05 00:00:00+01:00,75.62668929757379,76.24449396681666,74.72329129789509,74.81848907470703,155020000,0.0,0.0
1998-11-06 00:00:00+01:00,75.48392751196263,76.10173246668076,75.36517358417413,75.62672424316406,155300000,0.0,0.0
1998-11-09 00:00:00+01:00,76.48201068773203,76.48201068773203,75.15120328597864,75.6978530883789,115160000,0.0,0.0
1998-11-10 00:00:00+01:00,75.7213982259571,75.81659600947678,74.88964933601558,75.6742935180664,112280000,0.0,0.0
1998-11-11 00:00:00+01:00,75.93533727666977,76.86228379615015,75.93533727666977,76.38728332519531,195980000,0.0,0.0
1998-11-12 00:00:00+01:00,75.81658307919209,78.31233099487805,75.62668172840897,78.00318908691406,306060000,0.0,0.0
1998-11-13 00:00:00+01:00,78.24071457200586,78.47870906702393,76.83875964769554,77.05270385742188,229940000,0.0,0.0
1998-11-16 00:00:00+01:00,77.86041455158073,77.95561234590485,75.67430210669686,75.81660461425781,264830000,0.0,0.0
1998-11-17 00:00:00+01:00,75.79303629407623,75.93534626632847,75.19878770742854,75.48389434814453,190260000,0.0,0.0
1998-11-18 00:00:00+01:00,75.29398458511531,75.86419037208778,75.10358902944272,75.43629455566406,141080000,0.0,0.0
1998-11-19 00:00:00+01:00,75.62671642104829,77.36136969036063,75.5550672270083,77.29022216796875,197190000,0.0,0.0
1998-11-20 00:00:00+01:00,78.43108979472285,78.43108979472285,77.48058712575114,77.86039733886719,186840000,0.0,0.0
1998-11-23 00:00:00+01:00,77.95559661683872,78.54984517939299,77.45653834176686,78.43109130859375,235720000,0.0,0.0
1998-11-24 00:00:00+01:00,78.9066031419003,78.9066031419003,76.95750427246094,76.95750427246094,186030000,0.0,0.0
1998-11-25 00:00:00+01:00,77.19500789421133,77.62290376824123,76.64835813000147,76.9810562133789,126110000,0.0,0.0
1998-11-26 00:00:00+01:00,77.5517444089169,79.07294721339095,77.48059690570216,79.04890441894531,205570000,0.0,0.0
1998-11-27 00:00:00+01:00,79.23929022604278,79.80949598743193,78.66859028083616,79.42919158935547,191540000,0.0,0.0
1998-11-30 00:00:00+01:00,79.1441172907497,80.3326147694877,77.95561981201172,77.95561981201172,236870000,0.0,0.0
1998-12-01 00:00:00+01:00,77.02866321362318,77.76570863668952,75.1988048434231,75.84065246582031,223420000,0.0,0.0
1998-12-02 00:00:00+01:00,76.62481209205893,77.00510912069932,74.96130648146733,76.03056335449219,197710000,0.0,0.0
1998-12-03 00:00:00+01:00,75.57911116983207,77.40896209646189,74.65215681942752,76.76760864257812,252310000,0.0,0.0
1998-12-04 00:00:00+01:00,76.29211092392886,77.36136026669664,75.8877636248144,77.19501495361328,156500000,0.0,0.0
1998-12-07 00:00:00+01:00,77.4565610536953,77.69406886493617,76.50605808766915,76.86231231689453,123860000,0.0,0.0
1998-12-08 00:00:00+01:00,77.10029968702415,77.17145468454243,76.07815511518164,76.55364990234375,87920000,0.0,0.0
1998-12-09 00:00:00+01:00,77.00510896601213,77.43301238300529,76.1733599062051,76.76760864257812,158920000,0.0,0.0
1998-12-10 00:00:00+01:00,76.43440939714937,76.74355888055777,75.6267032095348,75.81660461425781,137330000,0.0,0.0
1998-12-11 00:00:00+01:00,75.15119240494293,75.81659600947678,74.65214157345115,75.6742935180664,159650000,0.0,0.0
1998-12-14 00:00:00+01:00,75.00841090919461,76.38731147294085,74.9848622943009,75.76901245117188,123810000,0.0,0.0
1998-12-15 00:00:00+01:00,76.05411240377812,76.48200829431143,75.34110982656243,75.81660461425781,170010000,0.0,0.0
1998-12-16 00:00:00+01:00,76.24451335522352,78.02725952798282,75.91180774797763,77.76570892333984,274690000,0.0,0.0
1998-12-17 00:00:00+01:00,77.8368427460395,78.52628908370986,77.33779195860134,78.43109130859375,214140000,0.0,0.0
1998-12-18 00:00:00+01:00,77.76569655675702,79.6431535356521,77.76569655675702,78.74024963378906,282080000,0.0,0.0
1998-12-21 00:00:00+01:00,79.02535225384534,80.80761152458338,78.78735777876307,80.33260345458984,239710000,0.0,0.0
1998-12-22 00:00:00+01:00,80.11865177514983,80.92636541399048,79.23930393328536,80.33260345458984,174620000,0.0,0.0
1998-12-23 00:00:00+01:00,80.4037584489805,80.76001262956692,80.09460897950757,80.33260345458984,102860000,0.0,0.0
1998-12-24 00:00:00+01:00,80.33260345458984,80.33260345458984,80.33260345458984,80.33260345458984,0,0.0,0.0
1998-12-25 00:00:00+01:00,80.33260345458984,80.33260345458984,80.33260345458984,80.33260345458984,0,0.0,0.0
1998-12-28 00:00:00+01:00,80.78402751882435,81.09268269777114,80.61767479186639,81.04557800292969,123650000,0.0,0.0
1998-12-29 00:00:00+01:00,80.76001611794942,81.25955370143052,80.35616302490234,80.35616302490234,82920000,0.0,0.0
1998-12-30 00:00:00+01:00,80.66529828722655,80.90280605647578,79.61959770305127,79.66670989990234,65790000,0.0,0.0
1998-12-31 00:00:00+01:00,79.66670989990234,79.66670989990234,79.66670989990234,79.66670989990234,0,0.0,0.0
1999-01-01 00:00:00+01:00,79.66670989990234,79.66670989990234,79.66670989990234,79.66670989990234,0,0.0,0.0
1999-01-04 00:00:00+01:00,79.76190947576448,81.49705651680827,79.61959948952124,81.33070373535156,206620000,0.0,0.0
1999-01-05 00:00:00+01:00,81.06916147382164,83.61202239990234,81.04561286008897,83.61202239990234,264820000,0.0,0.0
1999-01-06 00:00:00+01:00,84.18270654903155,85.56111272239752,83.87356457207581,85.13321685791016,362040000,0.0,0.0
1999-01-07 00:00:00+01:00,85.13323084841281,85.7986271096776,81.66342288528396,83.89762115478516,347540000,0.0,0.0
1999-01-08 00:00:00+01:00,84.58656818442971,85.51351491849057,84.44425819608135,85.4423599243164,340990000,0.0,0.0
1999-01-11 00:00:00+01:00,85.6798675204415,85.94141060591193,83.232204612289,83.77885437011719,326730000,0.0,0.0
1999-01-12 00:00:00+01:00,84.13510566599757,85.3947579220565,83.68365371317935,84.94330596923828,292550000,0.0,0.0
1999-01-13 00:00:00+01:00,84.61060540206246,85.22841011449717,80.85520484325157,82.09130096435547,444820000,0.0,0.0
1999-01-14 00:00:00+01:00,82.7091106035473,83.89760790371307,81.14030884309277,82.68555450439453,389510000,0.0,0.0
1999-01-15 00:00:00+01:00,82.18600524917417,85.1096569428761,81.28310136267827,84.84810638427734,100757491200,0.0,0.0
1999-01-18 00:00:00+01:00,84.84810892698155,85.8462106276494,84.4442558637616,85.56111145019531,300340000,0.0,0.0
1999-01-19 00:00:00+01:00,85.56112492613111,86.51162788294684,84.99091899378047,85.46592712402344,290490000,0.0,0.0
1999-01-20 00:00:00+01:00,86.39285982975281,87.08230619023695,85.56110349807726,86.0365982055664,303700000,0.0,0.0
1999-01-21 00:00:00+01:00,85.89382349866408,87.41502657975016,85.65632317611868,85.98902130126953,435780000,0.0,0.0
1999-01-22 00:00:00+01:00,85.67985737280607,86.4645015115564,85.08560879058813,86.0365982055664,247490000,0.0,0.0
1999-01-25 00:00:00+01:00,85.4423656649793,86.46451774509423,84.99091366540148,86.08421325683594,162810000,0.0,0.0
1999-01-26 00:00:00+01:00,86.5356564971521,86.91595342637504,85.8938015381671,86.0365982055664,352340000,0.0,0.0
1999-01-27 00:00:00+01:00,86.55924136512668,86.93954594129089,86.20298707934147,86.51164245605469,170480000,0.0,0.0
1999-01-28 00:00:00+01:00,86.1789242540674,87.58137333313542,86.1789242540674,87.48617553710938,276120000,0.0,0.0
1999-01-29 00:00:00+01:00,87.4625919073955,87.89048767089844,87.12989390995511,87.89048767089844,143210000,0.0,0.0
1999-02-01 00:00:00+01:00,87.93762096122121,88.24677042704201,87.03471703064899,87.7953109741211,202850000,0.0,0.0
1999-02-02 00:00:00+01:00,87.70009059286348,88.00923997904454,86.03658565971851,86.74958801269531,147170000,0.0,0.0
1999-02-03 00:00:00+01:00,86.13133417664675,87.0111763479077,85.63228322848629,86.22653198242188,218510000,0.0,0.0
1999-02-04 00:00:00+01:00,86.86835443586584,87.77125826444941,86.60680389404297,86.60680389404297,178120000,0.0,0.0
1999-02-05 00:00:00+01:00,86.58324276072382,87.34383650825998,85.9649439883617,86.74958801269531,130800000,0.0,0.0
1999-02-08 00:00:00+01:00,87.22460117202303,87.34384173270443,85.79859638077342,86.13130187988281,148480000,0.0,0.0
1999-02-09 00:00:00+01:00,86.15537112661906,86.91597264084469,84.63417558580343,84.65821838378906,205210000,0.0,0.0
1999-02-10 00:00:00+01:00,84.37260842853749,84.75290536720287,82.78025819887945,83.51730346679688,235820000,0.0,0.0
1999-02-11 00:00:00+01:00,83.39855379619797,84.34905658651702,83.32691210900157,84.32550048828125,127540000,0.0,0.0
1999-02-12 00:00:00+01:00,85.08561414869155,85.67986276833115,84.37261164684485,84.84810638427734,150620000,0.0,0.0
1999-02-15 00:00:00+01:00,84.8245613819298,84.96687138069797,84.34906658229951,84.87167358398438,75090000,0.0,0.0
1999-02-16 00:00:00+01:00,85.1807987261698,86.22649912692765,85.08560095666854,86.34525299072266,232540000,0.0,0.0
1999-02-17 00:00:00+01:00,86.08422003404554,86.89193378828661,85.77507800803949,86.86837768554688,212700000,0.0,0.0
1999-02-18 00:00:00+01:00,86.93949710066853,86.96353988990373,86.13129698093358,86.27409362792969,159710000,0.0,0.0
1999-02-19 00:00:00+01:00,86.39289364980229,86.70203571444873,85.63229200597127,85.70393371582031,194570000,0.0,0.0
1999-02-22 00:00:00+01:00,86.15536046340745,86.65441131591797,85.87026128470991,86.65441131591797,93140000,0.0,0.0
1999-02-23 00:00:00+01:00,86.93953386903513,87.55782541706745,86.7496249555293,87.17752838134766,155220000,0.0,0.0
1999-02-24 00:00:00+01:00,87.17749495508572,87.91404594470792,87.10584579305606,87.60489654541016,109060000,0.0,0.0
1999-02-25 00:00:00+01:00,87.2486597993613,88.08041621047578,87.01115951485463,87.22461700439453,201970000,0.0,0.0
1999-02-26 00:00:00+01:00,87.53376646518181,87.8429084383344,87.034715613567,87.22461700439453,130650000,0.0,0.0
1999-03-01 00:00:00+01:00,87.46263975703398,87.55783757517798,86.17894427659958,86.51164245605469,124360000,0.0,0.0
1999-03-02 00:00:00+01:00,86.70199631312956,87.153448199517,85.56109810967737,87.0582504272461,181270000,0.0,0.0
1999-03-03 00:00:00+01:00,86.98711813619485,88.17561543349194,86.98711813619485,87.7953109741211,183270000,0.0,0.0
1999-03-04 00:00:00+01:00,88.22321267470402,89.26891326904297,88.19916987979634,89.26891326904297,226560000,0.0,0.0
1999-03-05 00:00:00+01:00,89.45881683809536,89.76796630565197,88.50831400773208,88.88861846923828,190080000,0.0,0.0
1999-03-08 00:00:00+01:00,89.07850887263969,89.36410220572816,87.58135646974947,87.65250396728516,164320000,0.0,0.0
1999-03-09 00:00:00+01:00,87.96167182069576,88.4131238273699,86.53567410429298,87.31982421875,158870000,0.0,0.0
1999-03-10 00:00:00+01:00,87.41499671218043,87.70009583861714,86.03659080597016,86.13130187988281,171730000,0.0,0.0
1999-03-11 00:00:00+01:00,86.41692565042727,87.39098472522325,86.22653004315909,86.86837768554688,198950000,0.0,0.0
1999-03-12 00:00:00+01:00,87.36741570175718,87.46261349131251,85.5611136444384,86.01256561279297,151430000,0.0,0.0
1999-03-15 00:00:00+01:00,85.56110660211877,85.7986068725586,84.75290633758542,85.7986068725586,139170000,0.0,0.0
1999-03-16 00:00:00+01:00,86.25055746177644,86.25055746177644,85.08561629111051,85.2048568725586,107990000,0.0,0.0
1999-03-17 00:00:00+01:00,85.39476321005296,86.51161885585343,85.39476321005296,85.89381408691406,131440000,0.0,0.0
1999-03-18 00:00:00+01:00,85.56111218971276,86.27411471908911,85.06206133506547,86.17891693115234,137620000,0.0,0.0
1999-03-19 00:00:00+01:00,85.89379415085212,87.39095392157773,85.89379415085212,86.13130187988281,255700000,0.0,0.0
1999-03-22 00:00:00+01:00,86.01257287342271,86.8207732727001,85.58516366451065,85.65631866455078,93580000,0.0,0.0
1999-03-23 00:00:00+01:00,86.01257882089875,86.01257882089875,83.89762115478516,83.89762115478516,169650000,0.0,0.0
1999-03-24 00:00:00+01:00,83.68364759291431,84.32549507134891,83.42210453553373,84.03990173339844,217280000,0.0,0.0
1999-03-25 00:00:00+01:00,84.23030166669174,85.1096569428761,84.03990609816954,84.84810638427734,187230000,0.0,0.0
1999-03-26 00:00:00+01:00,85.18081706123239,85.48995904293902,83.46971278561226,84.1351089477539,173320000,0.0,0.0
1999-03-29 00:00:00+02:00,84.03991075242249,85.56111362462343,83.94520714678956,85.18081665039062,127200000,0.0,0.0
1999-03-30 00:00:00+02:00,85.34716987255038,86.08421527785015,84.25387025544835,84.705322265625,138860000,0.0,0.0
1999-03-31 00:00:00+02:00,85.06205578006215,86.08420021771815,85.06205578006215,85.7986068725586,133110000,0.0,0.0
1999-04-01 00:00:00+02:00,85.7986090185801,86.27411124284718,85.32360846581959,86.15535736083984,79830000,0.0,0.0
1999-04-02 00:00:00+02:00,86.15535736083984,86.15535736083984,86.15535736083984,86.15535736083984,0,0.0,0.0
1999-04-05 00:00:00+02:00,86.15535736083984,86.15535736083984,86.15535736083984,86.15535736083984,0,0.0,0.0
1999-04-06 00:00:00+02:00,86.7496249555293,87.27223200229241,86.6308785351812,87.17752838134766,123370000,0.0,0.0
1999-04-07 00:00:00+02:00,87.31981479175283,87.72416203989842,87.1299134009253,87.22461700439453,147130000,0.0,0.0
1999-04-08 00:00:00+02:00,87.53376883696791,87.62896662690565,86.77316739763597,87.10586547851562,111860000,0.0,0.0
1999-04-09 00:00:00+02:00,87.65252259990437,87.93762929739403,85.75151676964309,85.9178695678711,271530000,0.0,0.0
1999-04-12 00:00:00+02:00,85.4423571553185,85.84621021660476,84.63416433649519,85.2048568725586,178140000,0.0,0.0
1999-04-13 00:00:00+02:00,86.03659503605543,86.03659503605543,84.42020211280997,85.53754425048828,208610000,0.0,0.0
1999-04-14 00:00:00+02:00,85.56112492613111,86.10777475611974,85.15727179930401,85.46592712402344,138110000,0.0,0.0
1999-04-15 00:00:00+02:00,85.5611025193991,85.70389918516504,83.8499984741211,83.8499984741211,212360000,0.0,0.0
1999-04-16 00:00:00+02:00,83.42210725681215,83.99230558361866,81.40185367250297,82.043701171875,430170000,0.0,0.0
1999-04-19 00:00:00+02:00,82.8754742677465,83.54087051128118,82.54276865834333,83.27932739257812,190620000,0.0,0.0
1999-04-20 00:00:00+02:00,82.59036535039746,82.70911925110448,81.16436012455569,81.9961166381836,237240000,0.0,0.0
1999-04-21 00:00:00+02:00,82.47160214205861,83.08940688616354,82.09130517256293,82.732666015625,154610000,0.0,0.0
1999-04-22 00:00:00+02:00,83.49326945634805,83.89761675471075,82.3052662147491,82.82787322998047,186140000,0.0,0.0
1999-04-23 00:00:00+02:00,83.37636755961178,83.47205858028923,81.3219760281461,81.79993438720703,171390000,0.87,0.0
1999-04-26 00:00:00+02:00,82.61181098529879,86.00440103595464,82.42092572147652,85.28770446777344,336550000,0.0,0.0
1999-04-27 00:00:00+02:00,86.1000715489754,86.95980767435417,85.2640060336371,86.72107696533203,266280000,0.0,0.0
1999-04-28 00:00:00+02:00,86.33881625926631,87.2468947666555,86.31514564538722,86.8883056640625,138660000,0.0,0.0
1999-04-29 00:00:00+02:00,86.55387919518014,86.81678483593623,85.64629740261154,85.78933715820312,143540000,0.0,0.0
1999-04-30 00:00:00+02:00,86.53021461041436,86.53021461041436,85.71783447265625,85.71783447265625,133960000,0.0,0.0
1999-05-03 00:00:00+02:00,85.59845340635523,86.7689408602415,84.66669671212752,86.62540435791016,169940000,0.0,0.0
1999-05-04 00:00:00+02:00,86.95981512477361,87.19904259841363,84.57099501824304,84.59467315673828,210110000,0.0,0.0
1999-05-05 00:00:00+02:00,84.66670815133605,84.90544646967791,82.06233802851663,82.99409484863281,334550000,0.0,0.0
1999-05-06 00:00:00+02:00,83.04191884284222,83.40050791889483,81.36979519118866,81.41764068603516,215340000,0.0,0.0
1999-05-07 00:00:00+02:00,81.77573199995062,82.588119365554,81.32194119935839,81.70420837402344,165140000,0.0,0.0
1999-05-10 00:00:00+02:00,82.39725968174866,82.39725968174866,81.4891809721282,81.89513397216797,119720000,0.0,0.0
1999-05-11 00:00:00+02:00,81.99082306722421,82.58815056299721,81.70423923757161,81.8236083984375,213530000,0.0,0.0
1999-05-12 00:00:00+02:00,82.1343468467086,82.77902300607082,81.58485741768851,81.84776306152344,177090000,0.0,0.0
1999-05-13 00:00:00+02:00,81.84776306152344,81.84776306152344,81.84776306152344,81.84776306152344,0,0.0,0.0
1999-05-14 00:00:00+02:00,82.63598282383872,82.65965343863957,80.98752959811107,81.36980438232422,176420000,0.0,0.0
1999-05-17 00:00:00+02:00,81.25043364747513,81.32195728755208,80.1751480102539,80.1751480102539,160920000,0.0,0.0
1999-05-18 00:00:00+02:00,80.65310145671424,81.60852867987087,80.65310145671424,81.20258331298828,171030000,0.0,0.0
1999-05-19 00:00:00+02:00,80.74880898980554,81.01121792104713,79.07618819483599,79.79288482666016,366000000,0.0,0.0
1999-05-20 00:00:00+02:00,79.60199414871578,81.22627258300781,79.0761828333156,81.22627258300781,308190000,0.0,0.0
1999-05-21 00:00:00+02:00,80.62893137928177,81.10688958361196,79.55413506010555,79.64982604980469,295380000,0.0,0.0
1999-05-24 00:00:00+02:00,79.64982604980469,79.64982604980469,79.64982604980469,79.64982604980469,0,0.0,0.0
1999-05-25 00:00:00+02:00,78.83744053945827,78.88528603548532,76.400774872042,77.06962585449219,370060000,0.0,0.0
1999-05-26 00:00:00+02:00,77.11749138692241,78.64607898890566,76.71104917396747,77.92938232421875,243840000,0.0,0.0
1999-05-27 00:00:00+02:00,78.40734260431127,78.71808625178029,76.44814556580005,76.4723129272461,165850000,0.0,0.0
1999-05-28 00:00:00+02:00,76.44811977940918,77.59492880737552,76.44811977940918,77.21265411376953,146530000,0.0,0.0
1999-05-31 00:00:00+02:00,77.26052540823245,78.81328778405445,76.63952733318594,78.59872436523438,117790000,0.0,0.0
1999-06-01 00:00:00+02:00,78.7180938870063,78.86114119818527,77.54711699719026,78.35950469970703,140650000,0.0,0.0
1999-06-02 00:00:00+02:00,78.3595069899322,80.27085876464844,77.69065579693626,80.27085876464844,145830000,0.0,0.0
1999-06-03 00:00:00+02:00,80.79614801261134,82.18219234720554,80.74879925633853,81.84776306152344,214160000,0.0,0.0
1999-06-04 00:00:00+02:00,81.9429779020954,82.63599641660916,81.27412675057934,82.30156707763672,122170000,0.0,0.0
1999-06-07 00:00:00+02:00,82.03866867625591,82.39725785073911,81.63271568523712,82.18220520019531,120920000,0.0,0.0
1999-06-08 00:00:00+02:00,82.06233988099942,83.04194223047068,81.99082375388424,82.42093658447266,163050000,0.0,0.0
1999-06-09 00:00:00+02:00,82.18220578717036,82.8988949233826,82.03866926220577,82.42093658447266,104320000,0.0,0.0
1999-06-10 00:00:00+02:00,81.70424108891228,82.13436145207349,80.17516425157424,80.24717712402344,217650000,0.0,0.0
1999-06-11 00:00:00+02:00,80.19931913875027,80.50957354576337,79.45845521768055,80.0321044921875,139220000,0.0,0.0
1999-06-14 00:00:00+02:00,79.69766887369197,80.05576872002763,79.10034156112584,79.62564849853516,110780000,0.0,0.0
1999-06-15 00:00:00+02:00,79.72136268273401,79.74504082738585,78.59872810608896,78.74176788330078,214700000,0.0,0.0
1999-06-16 00:00:00+02:00,78.71809008822974,79.60200140368022,78.59872845513969,79.2197265625,201120000,0.0,0.0
1999-06-17 00:00:00+02:00,79.69768777304434,80.12731135226805,79.41061474549186,80.00794219970703,119770000,0.0,0.0
1999-06-18 00:00:00+02:00,80.50956237658988,81.36979532331952,79.98424789432957,80.29450225830078,304050000,0.0,0.0
1999-06-21 00:00:00+02:00,80.65311250883775,81.51284885687882,80.65311250883775,81.22627258300781,117260000,0.0,0.0
1999-06-22 00:00:00+02:00,81.36981327804898,81.58486591736396,79.31541442871094,79.31541442871094,158250000,0.0,0.0
1999-06-23 00:00:00+02:00,79.12402767163614,79.88856975146439,78.5987206313273,79.10035705566406,122460000,0.0,0.0
1999-06-24 00:00:00+02:00,79.33908864672046,79.6019943049365,78.40733943340932,78.45518493652344,125430000,0.0,0.0
1999-06-25 00:00:00+02:00,78.28798612596768,78.74177714421269,77.69065856933594,77.69065856933594,117800000,0.0,0.0
1999-06-28 00:00:00+02:00,77.81001988109874,78.1686166165613,77.40407437739617,77.5712890625,106600000,0.0,0.0
1999-06-29 00:00:00+02:00,77.66698510835165,78.69393637983609,77.5234485613039,77.90571594238281,152450000,0.0,0.0
1999-06-30 00:00:00+02:00,78.24013540166511,78.40735007635048,76.25726003058743,76.35295104980469,192850000,0.0,0.0
1999-07-01 00:00:00+02:00,77.40407494012356,78.21646269778441,76.92611655510164,77.81002044677734,178660000,0.0,0.0
1999-07-02 00:00:00+02:00,77.8578528661824,78.71808599211342,77.49975293268862,78.59872436523438,129100000,0.0,0.0
1999-07-05 00:00:00+02:00,78.933133505453,80.2708355038063,78.933133505453,80.1514663696289,134510000,0.0,0.0
1999-07-06 00:00:00+02:00,79.93640419255921,79.93640419255921,78.74174949872771,78.83744049072266,144120000,0.0,0.0
1999-07-07 00:00:00+02:00,78.7895986804443,78.7895986804443,77.6427894289634,78.33580780029297,147080000,0.0,0.0
1999-07-08 00:00:00+02:00,78.64605539231697,79.55413381838076,78.59870664237194,78.9331283569336,153980000,0.0,0.0
1999-07-09 00:00:00+02:00,79.21972621069148,79.31541722502828,78.50303709175213,78.74176788330078,141120000,0.0,0.0
1999-07-12 00:00:00+02:00,80.03210968663333,80.62894792394763,79.91225131604568,80.36653900146484,219570000,0.0,0.0
1999-07-13 00:00:00+02:00,80.98753007246583,81.20259021595749,79.41060800540889,79.72135162353516,210550000,0.0,0.0
1999-07-14 00:00:00+02:00,79.88857583918865,80.41438719023985,79.79288482666016,79.79288482666016,130080000,0.0,0.0
1999-07-15 00:00:00+02:00,79.88856193381496,80.53373480287193,79.33908006063051,79.9842529296875,128450000,0.0,0.0
1999-07-16 00:00:00+02:00,79.43476502999715,80.43803770437783,79.41059767397738,79.9364013671875,174950000,0.0,0.0
1999-07-19 00:00:00+02:00,80.15148959588032,80.89185692012688,79.96010755152751,80.27085876464844,112080000,0.0,0.0
1999-07-20 00:00:00+02:00,80.12730133595723,80.74879607369769,79.1003504308923,79.45845031738281,153790000,0.0,0.0
1999-07-21 00:00:00+02:00,79.07618213382983,80.98753356933594,78.98098787288178,80.98753356933594,192660000,0.0,0.0
1999-07-22 00:00:00+02:00,80.96384892401463,81.20257965138657,79.9364013671875,79.9364013671875,145020000,0.0,0.0
1999-07-23 00:00:00+02:00,80.15145616479388,80.41436175716896,78.67021786336029,78.71806335449219,144680000,0.0,0.0
1999-07-26 00:00:00+02:00,78.83742569445256,79.52994715921287,78.16857483794631,78.43148040771484,137780000,0.0,0.0
1999-07-27 00:00:00+02:00,78.7896133904692,79.4106190215004,78.67024423148052,78.74176788330078,121280000,0.0,0.0
1999-07-28 00:00:00+02:00,78.88530065031202,79.6976882713518,78.45518785056068,78.59872436523438,128780000,0.0,0.0
1999-07-29 00:00:00+02:00,78.8611078426895,79.05248980050088,76.92607879638672,76.92607879638672,163790000,0.0,0.0
1999-07-30 00:00:00+02:00,77.16532580162831,78.78960418701172,76.6873675300682,78.78960418701172,135010000,0.0,0.0
1999-08-02 00:00:00+02:00,78.12074808602046,79.98425385905462,77.40405157061664,79.69767761230469,148740000,0.0,0.0
1999-08-03 00:00:00+02:00,79.19555735156887,80.46173595222008,79.12403370110023,79.79288482666016,123670000,0.0,0.0
1999-08-04 00:00:00+02:00,79.9364013671875,80.50956133697079,79.55413415689647,79.9364013671875,128410000,0.0,0.0
1999-08-05 00:00:00+02:00,79.38694301676057,79.43478852521868,77.5949605093188,77.92938232421875,129440000,0.0,0.0
1999-08-06 00:00:00+02:00,78.31163156962825,78.40732255525782,76.5679843586166,76.73519897460938,185240000,0.0,0.0
1999-08-09 00:00:00+02:00,76.97394502512174,77.54710509119076,76.90242138051346,77.37989044189453,85790000,0.0,0.0
1999-08-10 00:00:00+02:00,77.49975832703,77.54711461737601,76.3529488361981,76.44815063476562,124190000,0.0,0.0
1999-08-11 00:00:00+02:00,76.87823819894972,77.21265990229051,76.32875638822794,77.14114379882812,108570000,0.0,0.0
1999-08-12 00:00:00+02:00,77.97720461075981,78.83743754464031,77.57125926300377,78.69390106201172,132060000,0.0,0.0
1999-08-13 00:00:00+02:00,78.47886343697489,81.87145390635833,78.40734731045865,81.8236083984375,230800000,0.0,0.0
1999-08-16 00:00:00+02:00,82.18219213530666,83.04192843579013,81.89511913306521,82.37307739257812,156030000,0.0,0.0
1999-08-17 00:00:00+02:00,82.5402971461247,82.73167915946993,81.89512420425088,82.70750427246094,114710000,0.0,0.0
1999-08-18 00:00:00+02:00,82.80320221911437,82.99409503063337,81.70423825660455,82.11018371582031,119540000,0.0,0.0
1999-08-19 00:00:00+02:00,82.89889183805205,83.59142111181959,82.5166245300124,83.5198974609375,225920000,0.0,0.0
1999-08-20 00:00:00+02:00,83.61558917729094,84.49950048465612,83.08978534520642,84.11722564697266,241800000,0.0,0.0
1999-08-23 00:00:00+02:00,84.45163771979638,84.95327408696735,84.09304109993349,84.92959594726562,109260000,0.0,0.0
1999-08-24 00:00:00+02:00,84.83393254886253,85.14418702829376,84.3081286531868,84.78608703613281,105600000,0.0,0.0
1999-08-25 00:00:00+02:00,84.54735083404498,85.23987262687271,84.04521759131256,84.33229064941406,164700000,0.0,0.0
1999-08-26 00:00:00+02:00,84.57100789959225,85.52644276003913,84.40380077787174,85.28770446777344,164810000,0.0,0.0
1999-08-27 00:00:00+02:00,85.07266147554901,85.88504161330712,84.80975579360465,85.71783447265625,124990000,0.0,0.0
1999-08-30 00:00:00+02:00,85.64627765900535,85.95653198395839,84.9532594227959,85.6936264038086,73680000,0.0,0.0
1999-08-31 00:00:00+02:00,84.95329303885975,85.04898405453885,83.7107925415039,83.7107925415039,127680000,0.0,0.0
1999-09-01 00:00:00+02:00,84.06937258096025,86.00440216064453,83.87799057039535,86.00440216064453,205360000,0.0,0.0
1999-09-02 00:00:00+02:00,86.0044035865073,86.48236187659717,84.80974870698181,84.95328521728516,191030000,0.0,0.0
1999-09-03 00:00:00+02:00,84.59469775170493,85.98073479572582,84.59469775170493,85.90872192382812,112900000,0.0,0.0
1999-09-06 00:00:00+02:00,86.00439824196921,86.81678578778984,85.5264399815809,86.7452621459961,141060000,0.0,0.0
1999-09-07 00:00:00+02:00,86.29095727901772,87.19903564453125,86.29095727901772,87.19903564453125,127330000,0.0,0.0
1999-09-08 00:00:00+02:00,86.79261879293992,87.31842255599629,86.12376774569567,86.86463165283203,159820000,0.0,0.0
1999-09-09 00:00:00+02:00,86.86463278842737,87.89158375093733,86.4103451350983,87.58132934570312,149750000,0.0,0.0
1999-09-10 00:00:00+02:00,87.58132934570312,88.15448187268859,87.1512090519201,87.58132934570312,135900000,0.0,0.0
1999-09-13 00:00:00+02:00,87.70070840848763,87.77223206574365,86.3630135568527,86.76895904541016,142080000,0.0,0.0
1999-09-14 00:00:00+02:00,86.67324490359822,86.72109040164003,85.57428115480545,85.76566314697266,174950000,0.0,0.0
1999-09-15 00:00:00+02:00,85.71782588904358,86.48236044281036,85.09682031677251,86.00440216064453,179380000,0.0,0.0
1999-09-16 00:00:00+02:00,85.62210650709063,86.05221914406836,85.12047024876446,85.55058288574219,125110000,0.0,0.0
1999-09-17 00:00:00+02:00,85.33554196341635,86.1479294594086,85.33554196341635,86.05223846435547,239270000,0.0,0.0
1999-09-20 00:00:00+02:00,85.9328775378716,86.147937688401,85.3113827548533,85.64630126953125,108230000,0.0,0.0
1999-09-21 00:00:00+02:00,85.74150889871888,86.21947477640128,84.8097595599353,85.21620178222656,184340000,0.0,0.0
1999-09-22 00:00:00+02:00,84.45164878439132,85.14417048676833,84.2129104850456,84.95328521728516,87790000,0.0,0.0
1999-09-23 00:00:00+02:00,84.80973014649832,85.38337931791483,84.64251552998567,84.69036102294922,104240000,0.0,0.0
1999-09-24 00:00:00+02:00,83.66343398055996,84.23659409690458,83.42420644785587,83.5198974609375,118960000,0.0,0.0
1999-09-27 00:00:00+02:00,83.63926153923204,85.0726547241211,83.51989238905801,85.0726547241211,107030000,0.0,0.0
1999-09-28 00:00:00+02:00,85.26402495105323,85.26402495105323,83.13762094932095,83.20914459228516,110610000,0.0,0.0
1999-09-29 00:00:00+02:00,83.6155760695545,83.87798496338432,81.99080853892174,83.3048324584961,125140000,0.0,0.0
1999-09-30 00:00:00+02:00,83.08976708140733,83.47203430863674,82.2295341076687,82.97039794921875,113470000,0.0,0.0
1999-10-01 00:00:00+02:00,83.4241739425267,83.51986491832338,81.75205053370017,82.56443786621094,143270000,0.0,0.0
1999-10-04 00:00:00+02:00,82.82686562879384,84.47531127929688,82.42092024179657,84.47531127929688,101680000,0.0,0.0
1999-10-05 00:00:00+02:00,84.57101731098788,85.50277413302257,84.38013202592315,84.71455383300781,123640000,0.0,0.0
1999-10-06 00:00:00+02:00,84.71454440563886,85.66997926608575,83.85431885783892,85.28770446777344,130930000,0.0,0.0
1999-10-07 00:00:00+02:00,85.8608691673028,86.60173313541226,85.7178293977704,86.38667297363281,195820000,0.0,0.0
1999-10-08 00:00:00+02:00,86.959842763999,86.959842763999,85.38340960489083,86.81680297851562,193110000,0.0,0.0
1999-10-11 00:00:00+02:00,87.19902956961043,87.3183986797262,86.62538046275019,87.15118408203125,126800000,0.0,0.0
1999-10-12 00:00:00+02:00,86.98400079558799,87.55715331508054,86.553880507428,86.86463165283203,128540000,0.0,0.0
1999-10-13 00:00:00+02:00,86.38666113311879,86.57755390751461,85.76566314697266,85.76566314697266,112290000,0.0,0.0
1999-10-14 00:00:00+02:00,85.90870289689941,86.07591753116003,85.19200638824242,85.76566314697266,174010000,0.0,0.0
1999-10-15 00:00:00+02:00,85.2398667451183,85.57429607193654,83.63926634095765,84.04521179199219,194830000,0.0,0.0
1999-10-18 00:00:00+02:00,83.71077377471633,84.06936286775766,82.7553390121641,82.80318450927734,125170000,0.0,0.0
1999-10-19 00:00:00+02:00,83.20913921295521,85.52643585205078,82.9467227997832,85.52643585205078,166320000,0.0,0.0
1999-10-20 00:00:00+02:00,85.16833596900393,86.36299071660812,84.95327583621045,85.52643585205078,150280000,0.0,0.0
1999-10-21 00:00:00+02:00,85.69365609931306,85.93288362674805,84.3559613963524,84.09305572509766,152770000,0.0,0.0
1999-10-22 00:00:00+02:00,84.76238286783624,85.93287025480602,84.45163926587746,85.76566314697266,130850000,0.0,0.0
1999-10-25 00:00:00+02:00,86.24313065486537,86.26730554088553,84.52316127352309,84.57100677490234,114070000,0.0,0.0
1999-10-26 00:00:00+02:00,84.76240218846517,85.4549314970698,84.6667111705699,85.14418029785156,127520000,0.0,0.0
1999-10-27 00:00:00+02:00,84.45164703112346,86.4345145787293,84.42747214456675,85.8850326538086,177290000,0.0,0.0
1999-10-28 00:00:00+02:00,86.60175410794288,87.12706882365104,85.74152077892884,86.95985412597656,212500000,0.0,0.0
1999-10-29 00:00:00+02:00,87.24688952329404,87.89157314191922,86.81677680785586,87.43778228759766,218230000,0.0,0.0
1999-11-01 00:00:00+01:00,87.43782006988519,87.5335111022583,86.86465983799047,86.95985412597656,109540000,0.0,0.0
1999-11-02 00:00:00+01:00,87.07970233060898,87.67653306372976,86.88832030481016,87.6528549194336,119040000,0.0,0.0
1999-11-03 00:00:00+01:00,87.41413365006626,88.60829951705601,87.05553692157424,87.7243881225586,271900000,0.0,0.0
1999-11-04 00:00:00+01:00,87.93943122934427,88.72814066518593,87.58133131477149,88.01144409179688,170740000,0.0,0.0
1999-11-05 00:00:00+01:00,88.34585508597588,88.87116958582418,88.0351114938612,88.3932113647461,186610000,0.0,0.0
1999-11-08 00:00:00+01:00,87.8437468671081,88.77549613625206,87.74854507299837,88.29802703857422,100910000,0.0,0.0
1999-11-09 00:00:00+01:00,88.63243652388311,88.96685824661606,88.03510918602662,88.20231628417969,116690000,0.0,0.0
1999-11-10 00:00:00+01:00,88.36952622100442,88.4410498512465,87.62915918077671,88.3458480834961,114470000,0.0,0.0
1999-11-11 00:00:00+01:00,88.3458480834961,88.3458480834961,88.29800259076234,88.3458480834961,0,0.0,0.0
1999-11-12 00:00:00+01:00,88.3458480834961,88.3458480834961,88.3458480834961,88.3458480834961,0,0.0,0.0
1999-11-15 00:00:00+01:00,89.03841050721695,89.39700722817588,88.7039886769647,89.01473236083984,236410000,0.0,0.0
1999-11-16 00:00:00+01:00,88.91902971825621,89.4685116656892,88.87118421385483,89.3969955444336,104430000,0.0,0.0
1999-11-17 00:00:00+01:00,89.7314067296086,89.75508487009361,88.82332821536893,89.25344848632812,117190000,0.0,0.0
1999-11-18 00:00:00+01:00,88.895352497165,89.80293430699916,88.82333211056704,89.75508880615234,98980000,0.0,0.0
1999-11-19 00:00:00+01:00,90.06582401840082,90.06582401840082,89.51634216308594,89.51634216308594,125210000,0.0,0.0
1999-11-22 00:00:00+01:00,89.56419660181223,90.23304765598068,89.10991647614694,89.3491439819336,146540000,0.0,0.0
1999-11-23 00:00:00+01:00,89.06256514224309,89.54003421831645,88.91902863079437,89.3249740600586,119900000,0.0,0.0
1999-11-24 00:00:00+01:00,89.34915299017327,89.51636012575251,88.27385967665735,88.29802703857422,153830000,0.0,0.0
1999-11-25 00:00:00+01:00,88.53674785432439,88.99053871826148,88.3932113647461,88.3932113647461,285100000,0.0,0.0
1999-11-26 00:00:00+01:00,89.01469437898113,91.45135975163808,88.89533278865481,90.78250885009766,467720000,0.0,0.0
1999-11-29 00:00:00+01:00,90.92557695595058,92.69388105030067,90.63899316648164,92.47882843017578,306020000,0.0,0.0
1999-11-30 00:00:00+01:00,92.2159189605434,92.2874426004954,91.57074607405224,91.73795318603516,168340000,0.0,0.0
1999-12-01 00:00:00+01:00,91.35569366952502,92.191759405921,91.35569366952502,92.0965576171875,158730000,0.0,0.0
1999-12-02 00:00:00+01:00,92.16807346131422,92.64603170939505,91.6664370725106,91.73795318603516,181640000,0.0,0.0
1999-12-03 00:00:00+01:00,91.73795371735244,92.4788251330203,91.26049221071727,92.2159194946289,238870000,0.0,0.0
1999-12-06 00:00:00+01:00,92.5740098295662,92.76539180783118,90.68682607102686,91.26048278808594,266380000,0.0,0.0
1999-12-07 00:00:00+01:00,91.737935948956,91.737935948956,90.5674562792928,90.78250885009766,212290000,0.0,0.0
1999-12-08 00:00:00+01:00,90.30457606092322,90.37609970752932,88.51308295025197,89.20561218261719,234680000,0.0,0.0
1999-12-09 00:00:00+01:00,89.32495988249806,89.58786550284407,88.51306915283203,88.51306915283203,201850000,0.0,0.0
1999-12-10 00:00:00+01:00,88.39321878634618,88.82333154701095,88.01144074402164,88.6324462890625,150310000,0.0,0.0
1999-12-13 00:00:00+01:00,88.84752520892835,89.30131620686679,88.4889284879694,89.01473236083984,232070000,0.0,0.0
1999-12-14 00:00:00+01:00,88.99055859162925,89.27763163489499,88.29802930816194,88.48892211914062,173400000,0.0,0.0
1999-12-15 00:00:00+01:00,88.32169040250069,88.41738139844965,87.50930289890329,87.53347778320312,156750000,0.0,0.0
1999-12-16 00:00:00+01:00,87.67652360404581,88.15448187268859,87.19905455320762,87.58132934570312,193400000,0.0,0.0
1999-12-17 00:00:00+01:00,87.34210437607972,88.15448443309796,87.29425887340255,87.89158630371094,350970000,0.0,0.0
1999-12-20 00:00:00+01:00,87.9635823043766,89.80292052756651,87.9635823043766,88.82331848144531,172700000,0.0,0.0
1999-12-21 00:00:00+01:00,88.3932361376238,89.22979120822062,86.81680297851562,86.81680297851562,134900000,0.0,0.0
1999-12-22 00:00:00+01:00,87.19905985150388,88.36954738899627,85.95655944880234,87.03185272216797,220090000,0.0,0.0
1999-12-23 00:00:00+01:00,87.50931831779819,89.5400390625,87.43780219354814,89.5400390625,116300000,0.0,0.0
1999-12-24 00:00:00+01:00,89.5400390625,89.5400390625,89.5400390625,89.5400390625,0,0.0,0.0
1999-12-27 00:00:00+01:00,90.01802539444687,91.26053376761918,89.44487262780513,89.8744888305664,88010000,0.0,0.0
1999-12-28 00:00:00+01:00,90.20889188269317,90.6631795931337,89.7072554092449,89.85079193115234,92390000,0.0,0.0
1999-12-29 00:00:00+01:00,90.04165412653039,91.02125620393636,89.8270907519179,90.37608337402344,79020000,0.0,0.0
1999-12-30 00:00:00+01:00,90.59114167377518,90.6389871718229,90.1851962934539,90.3045654296875,70480000,0.0,0.0
1999-12-31 00:00:00+01:00,90.3045654296875,90.3045654296875,90.3045654296875,90.3045654296875,0,0.0,0.0
2000-01-03 00:00:00+01:00,90.3045654296875,90.3045654296875,90.3045654296875,90.3045654296875,0,0.0,0.0
2000-01-04 00:00:00+01:00,89.37282403801599,89.44484443268918,86.53021240234375,86.53021240234375,203280000,0.0,0.0
2000-01-05 00:00:00+01:00,85.04896267377276,86.45818074106245,84.23657520690146,84.38011169433594,243880000,0.0,0.0
2000-01-06 00:00:00+01:00,84.80972498015956,86.91245787458665,84.09302859123078,85.23983764648438,298320000,0.0,0.0
2000-01-07 00:00:00+01:00,86.24312393993446,90.08950455595892,86.1957751864751,90.06582641601562,249390000,0.0,0.0
2000-01-10 00:00:00+01:00,91.2605088264936,92.6938946222304,90.20889360788824,91.1648178100586,215720000,0.0,0.0
2000-01-11 00:00:00+01:00,90.83036916401385,91.40352917861644,90.20887443359204,90.3045654296875,120640000,0.0,0.0
2000-01-12 00:00:00+01:00,89.77925091313261,91.14062354823965,89.77925091313261,90.3045654296875,176840000,0.0,0.0
2000-01-13 00:00:00+01:00,91.16479843257648,91.83364191684733,89.34913817490174,90.3045654296875,223410000,0.0,0.0
2000-01-14 00:00:00+01:00,90.87819983057618,91.45135975163808,89.97012147783947,90.78250885009766,204800000,0.0,0.0
2000-01-17 00:00:00+01:00,91.2363218062214,91.49922745752396,90.78253089173324,91.0691146850586,143160000,0.0,0.0
2000-01-18 00:00:00+01:00,87.86791229248047,87.86791229248047,87.86791229248047,87.86791229248047,228920000,0.0,0.0
2000-01-19 00:00:00+01:00,87.91573400592104,88.89533602078805,87.8200430219633,88.15446472167969,125840000,0.0,0.0
2000-01-20 00:00:00+01:00,88.680293383803,88.75181702700519,87.34210205078125,87.34210205078125,126380000,0.0,0.0
2000-01-21 00:00:00+01:00,86.95983044975306,90.06583678041265,86.95983044975306,88.8475112915039,273360000,0.0,0.0
2000-01-24 00:00:00+01:00,89.10991437817376,89.87444889022917,87.67652130126953,87.67652130126953,120740000,0.0,0.0
2000-01-25 00:00:00+01:00,86.95982591580749,88.10663522552359,85.43123856279345,85.62213134765625,202400000,0.0,0.0
2000-01-26 00:00:00+01:00,86.8883185266678,87.27058582615653,85.669985452491,86.33882904052734,170980000,0.0,0.0
2000-01-27 00:00:00+01:00,86.48235572451969,88.29801605745162,86.10008846849198,87.67652130126953,161940000,0.0,0.0
2000-01-28 00:00:00+01:00,87.67651785650392,88.2980125882678,85.52643585205078,85.52643585205078,140990000,0.0,0.0
2000-01-31 00:00:00+01:00,85.07266648846287,87.89160021799606,84.57102245766463,85.04898834228516,271450000,0.0,0.0
2000-02-01 00:00:00+01:00,86.67324260465809,88.87117004394531,86.53019533209829,88.87117004394531,222570000,0.0,0.0
2000-02-02 00:00:00+01:00,90.01801149479306,90.1137025226044,86.76896466918804,89.06258392333984,253260000,0.0,0.0
2000-02-03 00:00:00+01:00,88.72812046319272,89.97012379130551,88.34584574914055,89.56417846679688,139420000,0.0,0.0
2000-02-04 00:00:00+01:00,91.09328330923503,91.49922872750165,88.51308080358517,89.6594009399414,225600000,0.0,0.0
2000-02-07 00:00:00+01:00,89.4206630402359,91.49922913176262,89.25345591601356,90.13735961914062,180280000,0.0,0.0
2000-02-08 00:00:00+01:00,90.30457814972377,91.54707856781084,90.30457814972377,90.63899993896484,150680000,0.0,0.0
2000-02-09 00:00:00+01:00,90.35241018417209,91.45137392405702,89.34913743959513,90.06582641601562,180550000,0.0,0.0
2000-02-10 00:00:00+01:00,89.44483383627642,89.63571909422487,87.96359524347838,88.6324462890625,171680000,0.0,0.0
2000-02-11 00:00:00+01:00,88.68028378073353,88.68028378073353,86.43450334408521,88.51306915283203,194880000,0.0,0.0
2000-02-14 00:00:00+01:00,87.79637966024258,88.48890883978339,87.5334815453962,87.67652130126953,105830000,0.0,0.0
2000-02-15 00:00:00+01:00,87.7963945482371,88.13082388737205,86.00441205255092,86.55389404296875,153790000,0.0,0.0
2000-02-16 00:00:00+01:00,87.43782006988519,87.86793297117715,86.55390859175633,86.95985412597656,194610000,0.0,0.0
2000-02-17 00:00:00+01:00,86.67327777324425,87.15123619072278,85.7656956724307,86.95985412597656,256180000,0.0,0.0
2000-02-18 00:00:00+01:00,87.00769964216312,87.00769964216312,86.10011754134955,86.95985412597656,228630000,0.0,0.0
2000-02-21 00:00:00+01:00,86.24312483591697,86.67324510150392,85.52643585205078,85.52643585205078,101980000,0.0,0.0
2000-02-22 00:00:00+01:00,85.4312385570195,86.93615529492598,85.4312385570195,86.86463165283203,187070000,0.0,0.0
2000-02-23 00:00:00+01:00,87.03184999893686,88.5130811320013,87.03184999893686,88.25017547607422,180920000,0.0,0.0
2000-02-24 00:00:00+01:00,88.70397918844873,88.70397918844873,86.69742584228516,86.69742584228516,163520000,0.0,0.0
2000-02-25 00:00:00+01:00,87.00767009146445,87.82005762837811,85.52643904387459,85.78933715820312,142130000,0.0,0.0
2000-02-28 00:00:00+01:00,85.57428902327726,86.17161645063912,84.61885415433134,85.8850326538086,164950000,0.0,0.0
2000-02-29 00:00:00+01:00,86.43452577454352,86.62541859121797,85.04898547483128,85.90872192382812,156410000,0.0,0.0
2000-03-01 00:00:00+01:00,86.26730080021902,86.72109168524862,85.55060428095378,86.24312591552734,128600000,0.0,0.0
2000-03-02 00:00:00+01:00,86.00439116844043,88.51306971493929,85.86085467886213,88.3932113647461,211290000,0.0,0.0
2000-03-03 00:00:00+01:00,88.75182053944984,89.70724789905658,88.63245139012011,88.96687316894531,355170000,0.0,0.0
2000-03-06 00:00:00+01:00,89.44481457344287,91.737935948956,89.13406349573349,90.78250885009766,295340000,0.0,0.0
2000-03-07 00:00:00+01:00,90.3045654296875,91.59491117080736,89.39698367294947,90.3045654296875,192740000,0.0,0.0
2000-03-08 00:00:00+01:00,89.82711133067541,91.9771936875954,89.49219278871426,91.18848419189452,287700000,0.0,0.0
2000-03-09 00:00:00+01:00,91.49922826984157,92.02454283287214,89.82710435837367,90.42394256591795,143030000,0.0,0.0
2000-03-10 00:00:00+01:00,91.23633279177038,91.23633279177038,90.08952331542967,90.08952331542967,209740000,0.0,0.0
2000-03-13 00:00:00+01:00,89.46849693933957,89.70723520421417,88.3932113647461,88.3932113647461,146400000,0.0,0.0
2000-03-14 00:00:00+01:00,88.77547859277198,89.10990785069879,88.0114333544761,88.3932113647461,163070000,0.0,0.0
2000-03-15 00:00:00+01:00,88.345876684686,88.39323297503383,87.34211450060498,87.91576385498047,177580000,0.0,0.0
2000-03-16 00:00:00+01:00,89.34913948382541,89.58787023336266,88.68028846332898,89.25344848632812,350450000,0.0,0.0
2000-03-17 00:00:00+01:00,90.78252077880764,90.78252077880764,88.1544730998715,88.3932113647461,686380000,0.0,0.0
2000-03-20 00:00:00+01:00,88.51306739457506,88.72812751442677,87.86789456144673,88.20231628417969,93570000,0.0,0.0
2000-03-21 00:00:00+01:00,88.68031243855246,89.30131812819265,88.22602468651039,89.08625793457031,124290000,0.0,0.0
2000-03-22 00:00:00+01:00,89.58785607472782,91.97716522216795,89.46848695561084,91.97716522216795,222750000,0.0,0.0
2000-03-23 00:00:00+01:00,91.97717425259152,92.62185787623308,91.18846492354687,92.45464324951172,199320000,0.0,0.0
2000-03-24 00:00:00+01:00,92.93262748914368,93.1476801281296,91.23632858031328,92.35897064208984,152080000,0.0,0.0
2000-03-27 00:00:00+02:00,91.95300833433888,92.45464469592392,90.87821197509766,90.87821197509766,101340000,0.0,0.0
2000-03-28 00:00:00+02:00,90.66316066387851,91.59490976421762,90.06582577411213,89.82709503173828,171720000,0.0,0.0
2000-03-29 00:00:00+02:00,90.30457741820892,91.06911952650042,89.75509547079714,90.04167175292969,232850000,0.0,0.0
2000-03-30 00:00:00+02:00,89.63570304933442,89.70722667844802,86.69740127529539,88.15446472167969,345670000,0.0,0.0
2000-03-31 00:00:00+02:00,87.48564758598422,87.67653286706896,86.00440881365238,86.29098510742188,425500000,0.0,0.0
2000-04-03 00:00:00+02:00,86.4344956782663,88.15446472167969,85.76565227883354,88.15446472167969,279030000,0.0,0.0
2000-04-04 00:00:00+02:00,88.63245864077349,88.96688044695635,88.03513115386296,88.48892211914062,261210000,0.0,0.0
2000-04-05 00:00:00+02:00,88.36952233311592,88.36952233311592,86.00438056771786,86.72107696533203,218510000,0.0,0.0
2000-04-06 00:00:00+02:00,86.72109148587167,87.07968811678285,85.14416195471668,86.48235321044922,167610000,0.0,0.0
2000-04-07 00:00:00+02:00,86.72108216399793,86.7689276574949,85.86084924292912,86.17160034179688,106670000,0.0,0.0
2000-04-10 00:00:00+02:00,86.4823521292024,86.64956676346301,85.38338838040963,85.76566314697266,102100000,0.0,0.0
2000-04-11 00:00:00+02:00,85.55061123870851,86.6017295905042,85.47908759365589,86.00440216064453,133510000,0.0,0.0
2000-04-12 00:00:00+02:00,86.19576253023291,87.38992787231744,86.19576253023291,86.72107696533203,207270000,0.0,0.0
2000-04-13 00:00:00+02:00,86.00440386488039,86.81679146381438,85.62213658042212,86.31515502929688,236120000,0.0,0.0
2000-04-14 00:00:00+02:00,85.98071594917224,86.72109059965497,85.40706671555941,85.52643585205078,184940000,0.0,0.0
2000-04-17 00:00:00+02:00,83.47203731747247,85.74148845841698,82.85103180348109,85.52643585205078,189810000,0.0,0.0
2000-04-18 00:00:00+02:00,85.98071594917224,86.10008508566361,83.71077559045521,85.52643585205078,186890000,0.0,0.0
2000-04-19 00:00:00+02:00,86.00440103595464,86.00440103595464,83.75862785380784,85.28770446777344,230910000,0.0,0.0
2000-04-20 00:00:00+02:00,85.09682211517467,85.52644568596035,84.71454730378447,85.43124389648438,172460000,0.0,0.0
2000-04-21 00:00:00+02:00,85.43124389648438,85.43124389648438,85.43124389648438,85.43124389648438,0,0.0,0.0
2000-04-24 00:00:00+02:00,85.43124389648438,85.43124389648438,85.43124389648438,85.43124389648438,0,0.0,0.0
2000-04-25 00:00:00+02:00,85.38339149981222,85.98071889407322,84.76238596455097,85.66997528076172,151210000,0.0,0.0
2000-04-26 00:00:00+02:00,86.00438520935444,87.19903983360979,86.00438520935444,86.57754516601562,190930000,0.0,0.0
2000-04-27 00:00:00+02:00,86.17161568410302,86.62540660010475,85.04897370193564,85.28770446777344,116680000,0.0,0.0
2000-04-28 00:00:00+02:00,85.62212573080964,86.69741132788779,85.5264347357565,86.05223846435547,123300000,0.0,0.0
2000-05-01 00:00:00+02:00,86.05223846435547,86.05223846435547,86.05223846435547,86.05223846435547,0,0.0,0.0
2000-05-02 00:00:00+02:00,86.0285623264629,86.95982223486676,85.28769845063665,86.48235321044922,131190000,0.0,0.0
2000-05-03 00:00:00+02:00,86.0043940893615,86.48235232667223,84.66669206507666,85.52643585205078,154600000,0.0,0.0
2000-05-04 00:00:00+02:00,84.88176016379622,86.3629988215445,84.88176016379622,86.00440216064453,125980000,0.0,0.0
2000-05-05 00:00:00+02:00,84.80976079102678,85.04898834228516,82.44461805561099,85.04898834228516,394060000,0.0,0.0
2000-05-08 00:00:00+02:00,85.04898834228516,85.04898834228516,82.99410007023175,85.04898834228516,312680000,0.0,0.0
2000-05-09 00:00:00+02:00,85.26401832600955,86.24312371026845,84.57099996495066,86.05223846435547,255570000,0.0,0.0
2000-05-10 00:00:00+02:00,85.76566222338934,86.1479294594086,85.28769646588978,86.05223846435547,174190000,0.0,0.0
2000-05-11 00:00:00+02:00,85.5264367260591,86.81678248315164,85.14416195471668,86.48235321044922,195200000,0.0,0.0
2000-05-12 00:00:00+02:00,86.66591321601442,86.97843933105469,86.1613993116999,86.97843933105469,130960000,1.0,0.0
2000-05-15 00:00:00+02:00,86.59398923400161,86.95414331963816,85.96942138671875,85.96942138671875,88400000,0.0,0.0
2000-05-16 00:00:00+02:00,86.40148496005652,86.40148496005652,85.41676330566406,85.41676330566406,135220000,0.0,0.0
2000-05-17 00:00:00+02:00,85.41677859781872,85.41677859781872,84.64785095379791,84.81602478027344,126210000,0.0,0.0
2000-05-18 00:00:00+02:00,84.67166633794928,85.77693408384644,84.67166633794928,85.29623413085938,135970000,0.0,0.0
2000-05-19 00:00:00+02:00,85.53683481648224,85.53683481648224,83.87892561035292,84.3353271484375,202230000,0.0,0.0
2000-05-22 00:00:00+02:00,84.74360517356263,85.0323249183089,83.85462359045876,84.26339721679688,184860000,0.0,0.0
2000-05-23 00:00:00+02:00,84.6235396392772,85.94510106381448,84.31150556452822,85.53682708740234,179900000,0.0,0.0
2000-05-24 00:00:00+02:00,85.53683608137955,86.20952384607818,85.41678220369582,85.48871612548828,173650000,0.0,0.0
2000-05-25 00:00:00+02:00,85.87317161575716,86.97843933105469,85.15236393346989,86.97843933105469,203570000,0.0,0.0
2000-05-26 00:00:00+02:00,86.49777221679688,87.81933421159255,86.13761803580859,86.49777221679688,252520000,0.0,0.0
2000-05-29 00:00:00+02:00,86.93033654405106,87.2666842597474,86.40151654661076,86.71405029296875,91000000,0.0,0.0
2000-05-30 00:00:00+02:00,86.73783735772429,86.73783735772429,85.87316943109562,86.25763702392578,155940000,0.0,0.0
2000-05-31 00:00:00+02:00,86.30575468303275,86.49773489272135,85.00799965229211,85.53682708740234,182400000,0.0,0.0
2000-06-01 00:00:00+02:00,86.30575468303275,86.49773489272135,85.00799965229211,85.53682708740234,248480000,0.0,0.0
2000-06-02 00:00:00+02:00,85.39246723490761,85.77692724792253,84.8641393934351,85.53682708740234,255690000,0.0,0.0
2000-06-05 00:00:00+02:00,85.8250540385129,86.16140169710178,84.83984016724371,85.29623413085938,127710000,0.0,0.0
2000-06-06 00:00:00+02:00,84.4796737432776,84.83982774482588,82.4129988244118,82.72552490234375,406320000,0.0,0.0
2000-06-07 00:00:00+02:00,83.32628190949762,83.68644349476911,82.46112200560903,83.61450958251953,523110000,0.0,0.0
2000-06-08 00:00:00+02:00,84.73071076385187,85.17718102831165,83.51531275984293,84.82992553710938,320970000,0.0,0.0
2000-06-09 00:00:00+02:00,85.00355706751151,85.07796625505414,83.98658861001758,84.82992553710938,195540000,0.0,0.0
2000-06-12 00:00:00+02:00,84.82992553710938,84.82992553710938,84.82992553710938,84.82992553710938,0,0.0,0.0
2000-06-13 00:00:00+02:00,85.07796664797586,85.07796664797586,83.66413152132029,83.7385482788086,116650000,0.0,0.0
2000-06-14 00:00:00+02:00,84.1601809023034,84.33381236736999,83.63930164630189,83.98655700683594,152760000,0.0,0.0
2000-06-15 00:00:00+02:00,83.98655700683594,84.48263825605576,83.73851638222602,83.98655700683594,168070000,0.0,0.0
2000-06-16 00:00:00+02:00,84.30902878577739,84.48266029614147,83.76334381103516,83.76334381103516,274620000,0.0,0.0
2000-06-19 00:00:00+02:00,83.34167073066067,83.46569107400987,82.37431356645713,82.99441528320312,160370000,0.0,0.0
2000-06-20 00:00:00+02:00,83.24244762755217,83.34166237836826,82.67194956355912,82.8455810546875,122910000,0.0,0.0
2000-06-21 00:00:00+02:00,83.09362594792705,83.09362594792705,82.2006780059098,82.64715576171875,140220000,0.0,0.0
2000-06-22 00:00:00+02:00,82.9944104450251,82.9944104450251,77.16545464741311,78.52967834472656,1109860000,0.0,0.0
2000-06-23 00:00:00+02:00,78.62891671670201,79.52186491888796,78.30646677378066,79.29862976074219,335320000,0.0,0.0
2000-06-26 00:00:00+02:00,79.47224992736164,79.52186110216974,78.40567779541016,78.40567779541016,165340000,0.0,0.0
2000-06-27 00:00:00+02:00,78.43046409229338,78.62889360351562,77.33907907176912,77.51271057128906,217930000,0.0,0.0
2000-06-28 00:00:00+02:00,77.38868850225928,78.08319934559323,77.23986258737331,77.68634033203125,249390000,0.0,0.0
2000-06-29 00:00:00+02:00,77.71115052192836,77.81037286046927,77.28948586153612,77.56233215332031,167650000,0.0,0.0
2000-06-30 00:00:00+02:00,77.38870332677148,79.02577356491203,77.363897741272,78.7777328491211,197920000,0.0,0.0
2000-07-03 00:00:00+02:00,78.50487817540073,79.59625569456665,78.30644865177096,79.17459106445312,165640000,0.0,0.0
2000-07-04 00:00:00+02:00,79.27381134033203,79.57145564647998,78.92655586502528,79.27381134033203,121160000,0.0,0.0
2000-07-05 00:00:00+02:00,79.44743059825383,82.89520227180151,79.44743059825383,82.82078552246094,400850000,0.0,0.0
2000-07-06 00:00:00+02:00,82.94481456680877,85.02835508362439,82.498344302349,84.82992553710938,436540000,0.0,0.0
2000-07-07 00:00:00+02:00,84.58186485175304,84.63147601147098,83.49048746436014,83.78813171386719,252560000,0.0,0.0
2000-07-10 00:00:00+02:00,83.93697882555428,83.93697882555428,82.59756044044053,82.79598999023438,113980000,0.0,0.0
2000-07-11 00:00:00+02:00,82.54795501526888,82.671975384925,81.95265875484006,82.34952545166016,125510000,0.0,0.0
2000-07-12 00:00:00+02:00,82.47355280427227,82.5231639841763,81.35736938286108,81.58060455322266,163790000,0.0,0.0
2000-07-13 00:00:00+02:00,82.27509915355945,82.27509915355945,80.66283468320319,81.35734558105469,163720000,0.0,0.0
2000-07-14 00:00:00+02:00,81.15893729373146,81.2085409024989,79.96833713926708,80.36520385742188,138400000,0.0,0.0
2000-07-17 00:00:00+02:00,80.61323498922681,80.9108868847202,78.13282775878906,78.13282775878906,333260000,0.0,0.0
2000-07-18 00:00:00+02:00,78.8521382841642,79.22419934014762,78.5048828125,78.5048828125,207740000,0.0,0.0
2000-07-19 00:00:00+02:00,78.77772377810224,79.37301991353353,78.52968309087244,79.02576446533203,169300000,0.0,0.0
2000-07-20 00:00:00+02:00,79.37303149606299,79.57146104696228,78.72812410123704,78.7529296875,180920000,0.0,0.0
2000-07-21 00:00:00+02:00,78.82733875547078,79.07537947851455,78.05841856971679,78.13282775878906,153450000,0.0,0.0
2000-07-24 00:00:00+02:00,78.82733477759908,79.67067924907184,78.20723300128189,79.57145690917969,117720000,0.0,0.0
2000-07-25 00:00:00+02:00,79.64586686027465,79.94351114571928,79.05057071978425,79.17459106445312,136170000,0.0,0.0
2000-07-26 00:00:00+02:00,79.34821598211872,79.69547143754657,78.82732901417634,79.3978271484375,102530000,0.0,0.0
2000-07-27 00:00:00+02:00,79.27381659871085,79.76989804479841,77.9343982081949,78.13282775878906,187820000,0.0,0.0
2000-07-28 00:00:00+02:00,79.27379897956774,79.76988031539783,77.76074939136589,78.23202514648438,180280000,0.0,0.0
2000-07-31 00:00:00+02:00,78.38087211568265,78.38087211568265,77.33909800275978,77.78557586669922,123570000,0.0,0.0
2000-08-01 00:00:00+02:00,77.78557586669922,77.78557586669922,77.78557586669922,77.78557586669922,0,0.0,0.0
2000-08-02 00:00:00+02:00,77.90957878997662,81.90303523590731,77.90957878997662,81.85342407226562,419620000,0.0,0.0
2000-08-03 00:00:00+02:00,81.85342737146327,82.99441605480388,81.25813123177284,82.59754943847656,232860000,0.0,0.0
2000-08-04 00:00:00+02:00,82.9200003603573,82.9200003603573,81.10930633544922,81.10930633544922,162300000,0.0,0.0
2000-08-07 00:00:00+02:00,81.70460752558496,82.1014741714519,81.50617798745233,81.67980194091797,96050000,0.0,0.0
2000-08-08 00:00:00+02:00,81.35734149103875,81.55577100342053,80.5636083023103,81.01008605957031,117570000,0.0,0.0
2000-08-09 00:00:00+02:00,81.35734558105469,81.60538626880181,80.98528454943401,81.35734558105469,132450000,0.0,0.0
2000-08-10 00:00:00+02:00,80.73724047934607,81.1589126586914,79.62105743124451,81.1589126586914,172940000,0.0,0.0
2000-08-11 00:00:00+02:00,80.86125994448936,82.2998928297719,80.56360810703747,82.1014633178711,144140000,0.0,0.0
2000-08-14 00:00:00+02:00,82.34951847648472,82.49834442138672,82.02706857053207,82.49834442138672,112650000,0.0,0.0
2000-08-15 00:00:00+02:00,82.67195528514796,82.67195528514796,80.98528169574159,81.85342407226562,131400000,0.0,0.0
2000-08-16 00:00:00+02:00,81.7046212290307,81.72942681785808,79.27382491600692,81.30775451660156,385010000,0.0,0.0
2000-08-17 00:00:00+02:00,79.7698995579964,79.84430874848017,77.8847885131836,77.8847885131836,520600000,0.0,0.0
2000-08-18 00:00:00+02:00,78.3808521778484,79.32340370151394,77.90957641601562,77.90957641601562,315400000,0.0,0.0
2000-08-21 00:00:00+02:00,78.30643495026963,78.7777106636307,77.98397756879118,78.38084411621094,177890000,0.0,0.0
2000-08-22 00:00:00+02:00,78.52967957254441,80.06752722270903,78.48006840948074,79.37301635742188,229520000,0.0,0.0
2000-08-23 00:00:00+02:00,79.84430386458924,79.99312980605575,79.27381325350306,79.72028350830078,154930000,0.0,0.0
2000-08-24 00:00:00+02:00,79.8442858728875,80.24115243750306,79.12496948242188,79.12496948242188,175310000,0.0,0.0
2000-08-25 00:00:00+02:00,79.57146074793,79.57146074793,78.67852020263672,78.67852020263672,119720000,0.0,0.0
2000-08-28 00:00:00+02:00,78.7032966494155,79.29860027592886,78.40565240575887,78.97614288330078,109170000,0.0,0.0
2000-08-29 00:00:00+02:00,78.87693889324481,78.95134807190745,77.28948000176639,77.3886947631836,192460000,0.0,0.0
2000-08-30 00:00:00+02:00,77.73596890705225,78.15764120648134,77.51273374777924,77.58714294433594,106740000,0.0,0.0
2000-08-31 00:00:00+02:00,77.7607557956989,77.9343873053798,77.36388918042903,77.3886947631836,125750000,0.0,0.0
2000-09-01 00:00:00+02:00,77.85996675525806,78.08320184994658,76.99182438844657,77.1158447265625,155550000,0.0,0.0
2000-09-04 00:00:00+02:00,77.33909159123371,77.33909159123371,75.90045847798841,76.29732513427734,119040000,0.0,0.0
2000-09-05 00:00:00+02:00,76.39652255277056,77.46309435277762,75.850830078125,75.850830078125,215410000,0.0,0.0
2000-09-06 00:00:00+02:00,76.1484923518561,76.7189829149253,75.6772165515466,75.90045166015625,138980000,0.0,0.0
2000-09-07 00:00:00+02:00,76.27251269770603,76.59496256907538,75.30515551399682,75.90045166015625,146580000,0.0,0.0
2000-09-08 00:00:00+02:00,76.14849641358884,76.64457782344935,75.92526129307193,76.24771118164062,99240000,0.0,0.0
2000-09-11 00:00:00+02:00,76.39653566108704,76.64457636128539,76.12368937694859,76.4957504272461,65330000,0.0,0.0
2000-09-12 00:00:00+02:00,76.5949524295572,76.5949524295572,75.92524719238281,75.92524719238281,102870000,0.0,0.0
2000-09-13 00:00:00+02:00,76.14847498391356,76.44612677390545,75.45396423339844,75.45396423339844,121390000,0.0,0.0
2000-09-14 00:00:00+02:00,75.47877568838142,75.55319243393707,73.51925583569576,73.91612243652344,303960000,0.0,0.0
2000-09-15 00:00:00+02:00,73.66809256924347,75.15633686357162,73.66809256924347,74.6602554321289,404730000,0.0,0.0
2000-09-18 00:00:00+02:00,74.58583236722858,75.50357830287345,74.16416020112113,74.95789337158203,105500000,0.0,0.0
2000-09-19 00:00:00+02:00,75.03233913533332,76.39656348324847,74.83390953075099,75.8260726928711,146430000,0.0,0.0
2000-09-20 00:00:00+02:00,76.29729983062309,76.39651456939075,75.25552614956439,76.32210540771484,96940000,0.0,0.0
2000-09-21 00:00:00+02:00,76.5205442695742,77.01662559385021,75.80122786329405,76.14848327636719,143920000,0.0,0.0
2000-09-22 00:00:00+02:00,76.3965275390625,77.95918075633944,76.14848686523437,77.51271057128906,205310000,0.0,0.0
2000-09-25 00:00:00+02:00,77.38868681995099,77.63672748283545,76.74377958253135,77.31427764892578,94600000,0.0,0.0
2000-09-26 00:00:00+02:00,76.99184089406363,77.1406668456284,75.553207691343,75.62761688232422,164100000,0.0,0.0
2000-09-27 00:00:00+02:00,75.62763551868454,76.24773749500962,75.50361512341954,75.8260726928711,98390000,0.0,0.0
2000-09-28 00:00:00+02:00,75.99968241046417,77.01665097428675,75.40438613907624,76.66939544677734,175910000,0.0,0.0
2000-09-29 00:00:00+02:00,76.44613940708223,77.68634278766694,75.40436553955078,75.40436553955078,212770000,0.0,0.0
2000-10-02 00:00:00+02:00,75.90046848204078,76.34693879821164,75.55321295061867,76.27252960205078,100650000,0.0,0.0
2000-10-03 00:00:00+02:00,76.37172796365003,76.81820575341216,76.17329843682323,76.59496307373047,76180000,0.0,0.0
2000-10-04 00:00:00+02:00,76.66937355076173,77.09103815317033,76.59495680708919,76.89260864257812,62900000,0.0,0.0
2000-10-05 00:00:00+02:00,77.140650910634,78.00879328422634,77.140650910634,77.81036376953125,160710000,0.0,0.0
2000-10-06 00:00:00+02:00,77.9839906464186,78.8273274701102,77.61192961511928,78.48007202148438,132130000,0.0,0.0
2000-10-09 00:00:00+02:00,78.52969807032912,78.55450365770395,77.63674991205275,77.78557586669922,79560000,0.0,0.0
2000-10-10 00:00:00+02:00,78.08321394820473,79.22420274957685,77.98399917625974,78.70331573486328,146380000,0.0,0.0
2000-10-11 00:00:00+02:00,78.85212942365615,80.1915475607675,78.85212942365615,79.37301635742188,274770000,0.0,0.0
2000-10-12 00:00:00+02:00,79.37301493136682,80.11713694634838,78.87693358804579,79.62105560302734,158630000,0.0,0.0
2000-10-13 00:00:00+02:00,79.02575473366801,79.54664162662593,78.75290849739481,79.12496948242188,114280000,0.0,0.0
2000-10-16 00:00:00+02:00,79.62106148245249,79.72027624452286,77.88477665261708,78.08320617675781,136140000,0.0,0.0
2000-10-17 00:00:00+02:00,78.20722074672214,79.62105560302734,77.8847709014037,79.62105560302734,186360000,0.0,0.0
2000-10-18 00:00:00+02:00,79.8691177368164,80.26598443203788,78.97616956496874,79.8691177368164,188700000,0.0,0.0
2000-10-19 00:00:00+02:00,79.86910362254201,80.34037942813366,79.37302223358213,79.5466537475586,135490000,0.0,0.0
2000-10-20 00:00:00+02:00,79.81947223718245,80.29075549299725,79.42261328222168,79.59623718261719,116220000,0.0,0.0
2000-10-23 00:00:00+02:00,79.57145741648426,80.26597595214844,79.57145741648426,80.26597595214844,84930000,0.0,0.0
2000-10-24 00:00:00+02:00,80.36519072307138,80.73725179123375,79.72028335766957,80.26597595214844,197060000,0.0,0.0
2000-10-25 00:00:00+02:00,79.89392794131439,80.36520385742188,79.17461127256054,80.36520385742188,155660000,0.0,0.0
2000-10-26 00:00:00+02:00,80.36520385742188,81.10932611536096,79.79471315417645,80.36520385742188,166580000,0.0,0.0
2000-10-27 00:00:00+02:00,80.56361235242349,81.60538626880181,80.36518283006622,81.35734558105469,170360000,0.0,0.0
2000-10-30 00:00:00+01:00,81.40695387789359,81.95263882994821,81.13410761706587,81.85342407226562,121740000,0.0,0.0
2000-10-31 00:00:00+01:00,82.07665224333383,82.59753913921286,81.20850994006882,81.45655059814453,120740000,0.0,0.0
2000-11-01 00:00:00+01:00,81.35733753505843,81.87822444173345,80.91086736910862,81.82861328125,107820000,0.0,0.0
2000-11-02 00:00:00+01:00,81.9774438930089,82.87039184570312,81.72940321557165,82.87039184570312,181020000,0.0,0.0
2000-11-03 00:00:00+01:00,82.87040739999841,83.242468485988,82.69677586536241,82.94481658935547,128170000,0.0,0.0
2000-11-06 00:00:00+01:00,82.89522124674421,83.26728236980931,82.89522124674421,83.0936508178711,88900000,0.0,0.0
2000-11-07 00:00:00+01:00,82.84558626403924,83.01921776608562,82.4487196662195,82.87039184570312,126070000,0.0,0.0
2000-11-08 00:00:00+01:00,83.34167027012909,83.81294605833163,82.96960924213744,83.46569061279297,156340000,0.0,0.0
2000-11-09 00:00:00+01:00,83.51531265502499,83.71374220129096,83.04402923583984,83.04402923583984,148660000,0.0,0.0
2000-11-10 00:00:00+01:00,82.92000755543563,84.08580193757311,82.92000755543563,83.91217041015625,166770000,0.0,0.0
2000-11-13 00:00:00+01:00,83.78811996538852,84.28420121460834,83.61449606992107,83.98655700683594,106710000,0.0,0.0
2000-11-14 00:00:00+01:00,83.8625621463519,84.58187866210938,83.66412504467993,84.58187866210938,176830000,0.0,0.0
2000-11-15 00:00:00+01:00,84.65628796889706,84.85472507086125,83.54010481775344,84.03618621826172,148960000,0.0,0.0
2000-11-16 00:00:00+01:00,84.03617375157773,84.23461082410397,83.68891833665722,84.08578491210938,101830000,0.0,0.0
2000-11-17 00:00:00+01:00,84.16020028206027,84.33383178710938,83.7633412469781,84.33383178710938,113010000,0.0,0.0
2000-11-20 00:00:00+01:00,84.43306582900757,85.12758443821978,84.23463626614844,84.68110656738281,148720000,0.0,0.0
2000-11-21 00:00:00+01:00,84.50746012103791,84.9539303035521,84.38343978482834,84.75550079345703,122940000,0.0,0.0
2000-11-22 00:00:00+01:00,84.58189010994379,84.73071606394042,83.5897271761028,83.6889419555664,146440000,0.0,0.0
2000-11-23 00:00:00+01:00,83.86256906342429,84.43305969238281,83.54011158521125,84.43305969238281,179970000,0.0,0.0
2000-11-24 00:00:00+01:00,84.2594256997929,84.55706998701761,84.06098860537527,84.45785522460938,114270000,0.0,0.0
2000-11-27 00:00:00+01:00,84.38346745073254,85.32601928710938,84.38346745073254,85.32601928710938,164030000,0.0,0.0
2000-11-28 00:00:00+01:00,85.3260043279476,85.69806539333109,85.0283524478001,85.4004135131836,174520000,0.0,0.0
2000-11-29 00:00:00+01:00,85.3260012437822,85.97090858105666,85.12757171059074,85.2763900756836,268190000,0.0,0.0
2000-11-30 00:00:00+01:00,85.30121369781459,85.87171197318212,85.20199891023857,85.32601928710938,239520000,0.0,0.0
2000-12-01 00:00:00+01:00,85.32598594709627,85.82206726074219,85.30118036749396,85.82206726074219,220030000,0.0,0.0
2000-12-04 00:00:00+01:00,85.64842540238871,86.51656759615008,85.40038477559975,86.3181381225586,166810000,0.0,0.0
2000-12-05 00:00:00+01:00,86.56621066688946,86.7150366117558,86.31816994864623,86.6158218383789,149590000,0.0,0.0
2000-12-06 00:00:00+01:00,86.41737416671567,86.71502602009217,83.73853776473157,84.234619140625,293760000,0.0,0.0
2000-12-07 00:00:00+01:00,83.96176931250685,84.01138047583459,82.47352524788339,82.87039184570312,235000000,0.0,0.0
2000-12-08 00:00:00+01:00,82.7215684324983,83.24245538482403,82.02705754246465,82.29989624023438,170040000,0.0,0.0
2000-12-11 00:00:00+01:00,82.69676223156691,82.845588155347,82.02705692895789,82.15107727050781,132270000,0.0,0.0
2000-12-12 00:00:00+01:00,82.29988700284588,82.42390733140327,81.38214111328125,81.38214111328125,125640000,0.0,0.0
2000-12-13 00:00:00+01:00,81.7542361132835,81.95266569369306,81.20854341275226,81.58060455322266,111380000,0.0,0.0
2000-12-14 00:00:00+01:00,81.75422278600966,82.29990782798204,81.3077449484664,82.02706909179688,309860000,0.0,0.0
2000-12-15 00:00:00+01:00,81.40698056276511,82.32472683416346,81.40698056276511,81.58060455322266,251710000,0.0,0.0
2000-12-18 00:00:00+01:00,81.75421286996962,82.20068308375808,81.13411114548502,81.50617218017578,106020000,0.0,0.0
2000-12-19 00:00:00+01:00,81.55577801246812,81.72940952792489,80.53881721211128,80.86126708984375,193020000,0.0,0.0
2000-12-20 00:00:00+01:00,80.76203569097792,80.81163927831943,80.06751734179863,80.5635986328125,121930000,0.0,0.0
2000-12-21 00:00:00+01:00,80.36515775145513,80.93564812740684,79.9186876806754,80.2907485961914,150770000,0.0,0.0
2000-12-22 00:00:00+01:00,80.36518241008369,80.41479357521428,79.5466511726362,80.11714172363281,74140000,0.0,0.0
2000-12-25 00:00:00+01:00,80.11714172363281,80.11714172363281,80.11714172363281,80.11714172363281,0,0.0,0.0
2000-12-26 00:00:00+01:00,80.11714172363281,80.11714172363281,80.11714172363281,80.11714172363281,0,0.0,0.0
2000-12-27 00:00:00+01:00,80.43959487779237,81.05969661927891,79.86910430346529,80.86126708984375,92720000,0.0,0.0
2000-12-28 00:00:00+01:00,81.08449228080805,82.12626610686742,80.91086835619843,82.05184936523438,125890000,0.0,0.0
2000-12-29 00:00:00+01:00,82.20069762232671,82.52315511785139,81.9030532836914,81.9030532836914,59000000,0.0,0.0
2001-01-01 00:00:00+01:00,81.9030532836914,81.9030532836914,81.9030532836914,81.9030532836914,0,0.0,0.0
2001-01-02 00:00:00+01:00,81.9030532836914,81.9030532836914,81.9030532836914,81.9030532836914,0,0.0,0.0
2001-01-03 00:00:00+01:00,81.48137648022245,82.2503042257675,81.25814134625185,82.02706909179688,172010000,0.0,0.0
2001-01-04 00:00:00+01:00,81.38216095064283,81.63020166821894,79.7698962863981,80.09234619140625,255170000,0.0,0.0
2001-01-05 00:00:00+01:00,80.09231844591751,80.76203117921268,79.12496149640175,79.59623718261719,203960000,0.0,0.0
2001-01-08 00:00:00+01:00,79.96829465071264,80.16673168915848,79.32338752256193,79.94348907470703,112480000,0.0,0.0
2001-01-09 00:00:00+01:00,80.21632927943512,80.21632927943512,79.17456329141037,79.22416687011719,144530000,0.0,0.0
2001-01-10 00:00:00+01:00,79.14977939593008,79.348208904303,77.5871186314914,77.83515930175781,126880000,0.0,0.0
2001-01-11 00:00:00+01:00,77.7111408355988,78.75291470361286,76.37172269786694,77.1158447265625,244360000,0.0,0.0
2001-01-12 00:00:00+01:00,77.48791738634256,77.63674332836842,75.2307453794888,75.6772232055664,284330000,0.0,0.0
2001-01-15 00:00:00+01:00,75.97485782437387,75.97485782437387,75.05711184327056,75.2307357788086,154220000,0.0,0.0
2001-01-16 00:00:00+01:00,75.62760063413589,75.90044689178467,74.1889677404979,75.40436553955078,209370000,0.0,0.0
2001-01-17 00:00:00+01:00,75.8508559596463,76.0492930952274,75.05713012613012,75.35477447509766,181360000,0.0,0.0
2001-01-18 00:00:00+01:00,75.3299521597011,75.70201315310837,74.98268917684074,75.60279083251953,236110000,0.0,0.0
2001-01-19 00:00:00+01:00,76.19811458466212,76.19811458466212,74.31300354003906,74.31300354003906,224770000,0.0,0.0
2001-01-22 00:00:00+01:00,74.28818084464585,75.47877303568477,74.28818084464585,75.03230285644531,162840000,0.0,0.0
2001-01-23 00:00:00+01:00,75.18113044496567,75.9996616483113,74.95789535038057,75.40436553955078,203070000,0.0,0.0
2001-01-24 00:00:00+01:00,75.40438784719981,76.09889891795126,75.08193790069441,75.87566375732422,161260000,0.0,0.0
2001-01-25 00:00:00+01:00,75.4043869886941,76.4709591715483,75.70203891254326,76.27252960205078,128340000,0.0,0.0
2001-01-26 00:00:00+01:00,76.69418375348154,76.99182803730552,75.99966528535674,76.222900390625,142490000,0.0,0.0
2001-01-29 00:00:00+01:00,76.1485092287141,76.39654997538744,75.52840736203078,76.27252960205078,110500000,0.0,0.0
2001-01-30 00:00:00+01:00,76.02447639440152,76.14849674741033,75.03231357033103,75.15633392333984,128670000,0.0,0.0
2001-01-31 00:00:00+01:00,75.20593609827887,75.47877478658735,74.43700848766228,74.85867309570312,161340000,0.0,0.0
2001-02-01 00:00:00+01:00,75.255533439564,75.35474818794258,74.58582821080854,74.61062622070312,131220000,0.0,0.0
2001-02-02 00:00:00+01:00,74.90830993652344,75.20596187801982,74.78428955583384,74.90830993652344,204340000,0.0,0.0
2001-02-05 00:00:00+01:00,74.95789436391912,75.60279405765559,74.85867203909756,75.1811294555664,210510000,0.0,0.0
2001-02-06 00:00:00+01:00,75.50356848986814,77.01661789151179,75.32994458549562,76.69416809082031,337690000,0.0,0.0
2001-02-07 00:00:00+01:00,76.84301949434656,77.73596768702721,76.84301949434656,77.28949737548828,306380000,0.0,0.0
2001-02-08 00:00:00+01:00,77.09105839956084,77.63675105140537,77.09105839956084,77.46311950683594,145670000,0.0,0.0
2001-02-09 00:00:00+01:00,77.61192775045477,77.88477401410589,77.41349823303625,77.48790740966797,135090000,0.0,0.0
2001-02-12 00:00:00+01:00,77.33907601800972,77.58711668204388,76.27250419050299,76.8429946899414,163620000,0.0,0.0
2001-02-13 00:00:00+01:00,76.89260585058838,77.14064651462253,76.57015601518411,76.8429946899414,135160000,0.0,0.0
2001-02-14 00:00:00+01:00,76.89261265682423,76.89261265682423,75.92525549538438,76.07408142089844,121960000,0.0,0.0
2001-02-15 00:00:00+01:00,75.95004825676104,76.24769248794276,75.90043710009755,76.04926300048828,112070000,0.0,0.0
2001-02-16 00:00:00+01:00,75.90046319859258,76.32213546642569,75.62761688232422,75.62761688232422,138900000,0.0,0.0
2001-02-19 00:00:00+01:00,75.75164245800727,75.77644804657483,75.47879612296973,75.65242767333984,55980000,0.0,0.0
2001-02-20 00:00:00+01:00,75.65239511143042,75.8012210091761,75.18111940990208,75.20592498779297,84990000,0.0,0.0
2001-02-21 00:00:00+01:00,75.25556548853368,75.40439145928187,74.833900735951,74.90830993652344,127970000,0.0,0.0
2001-02-22 00:00:00+01:00,74.73466461900455,75.05712209120347,74.5114294887757,74.6602554321289,135370000,0.0,0.0
2001-02-23 00:00:00+01:00,74.61063808544073,74.90828994750976,73.51926054052309,74.4122085571289,274220000,0.0,0.0
2001-02-26 00:00:00+01:00,74.75946401647525,74.75946401647525,73.76730123571353,74.4122085571289,144000000,0.0,0.0
2001-02-27 00:00:00+01:00,74.41220613611776,74.58583764494244,74.31299137518981,74.43701171875,167860000,0.0,0.0
2001-02-28 00:00:00+01:00,73.1968128535106,73.3704368035752,71.18768164846632,71.43572235107422,657470000,0.0,0.0
2001-03-01 00:00:00+01:00,70.9396414278476,71.16287654779114,68.63286590576172,68.63286590576172,622650000,0.0,0.0
2001-03-02 00:00:00+01:00,68.65765726722529,68.93050352942787,66.7477485710089,67.14461517333984,589680000,0.0,0.0
2001-03-05 00:00:00+01:00,67.46705564106976,68.21117757828745,66.27646356936138,66.77254486083984,261840000,0.0,0.0
2001-03-06 00:00:00+01:00,67.34305051817476,67.36785610226751,65.97882665869056,67.31824493408203,283200000,0.0,0.0
2001-03-07 00:00:00+01:00,67.21902824483755,68.60805764868802,66.82216161950866,68.03755950927734,290880000,0.0,0.0
2001-03-08 00:00:00+01:00,68.23599075859335,68.75687768659495,67.34304282053355,67.86392974853516,188220000,0.0,0.0
2001-03-09 00:00:00+01:00,68.1863789101602,68.85609174936826,67.69029756840625,67.71510314941406,139780000,0.0,0.0
2001-03-12 00:00:00+01:00,67.46706891912649,68.13678182226715,66.72294683545967,66.87177276611328,163410000,0.0,0.0
2001-03-13 00:00:00+01:00,66.4252957540526,66.5741216864536,66.17725505658474,66.47490692138672,132160000,0.0,0.0
2001-03-14 00:00:00+01:00,66.69813871319968,66.87177022061978,62.53105823112704,65.73078155517578,388630000,0.0,0.0
2001-03-15 00:00:00+01:00,65.25949991137188,65.70597007667281,63.99449101688547,65.55714416503906,194860000,0.0,0.0
2001-03-16 00:00:00+01:00,64.9866710480739,65.20990619042544,63.845682179874274,64.29216003417969,351240000,0.0,0.0
2001-03-19 00:00:00+01:00,64.24252707416143,64.41615855355312,61.96055389644077,63.15114974975586,231270000,0.0,0.0
2001-03-20 00:00:00+01:00,63.15116410555608,63.59763434034293,62.63027711857045,62.65508270263672,122210000,0.0,0.0
2001-03-21 00:00:00+01:00,62.10939125435437,62.35743196029795,60.125065606805656,61.166839599609375,226140000,0.0,0.0
2001-03-22 00:00:00+01:00,60.57152846934308,61.01800241470337,59.10809008795113,59.52975845336914,251630000,0.0,0.0
2001-03-23 00:00:00+01:00,60.2242861646932,60.39791390767293,57.09897165185422,58.11594009399414,317680000,0.0,0.0
2001-03-26 00:00:00+02:00,58.78564928850395,60.62114906038496,58.63682334600508,60.17467880249024,248000000,0.0,0.0
2001-03-27 00:00:00+02:00,60.00105041287934,60.39791709043303,58.884867140160864,59.13290786743164,441750000,0.0,0.0
2001-03-28 00:00:00+02:00,59.62898427104127,59.90183056184786,57.743877174343936,58.56241226196289,202570000,0.0,0.0
2001-03-29 00:00:00+02:00,58.04151577647304,60.27388176787585,57.17337344648306,60.10025405883789,214390000,0.0,0.0
2001-03-30 00:00:00+02:00,60.17465935998922,63.47359676641459,60.17465935998922,62.01015853881836,340690000,0.0,0.0
2001-04-02 00:00:00+02:00,62.75429602949441,62.75429602949441,61.01801115911314,61.46448516845703,132650000,0.0,0.0
2001-04-03 00:00:00+02:00,61.464486266632406,62.33262871733399,59.52976804810872,59.97624206542969,211800000,0.0,0.0
2001-04-04 00:00:00+02:00,59.08330047893771,59.62898932197318,57.79348945408992,59.13290786743164,295190000,0.0,0.0
2001-04-05 00:00:00+02:00,59.529770959725006,59.80261725721078,59.08329692056689,59.48016357421875,159070000,0.0,0.0
2001-04-06 00:00:00+02:00,60.10626973187091,60.23149112714564,58.70378857621243,59.530250549316406,127680000,1.15,0.0
2001-04-09 00:00:00+02:00,59.35493387997367,59.58033083448088,58.80396057449241,59.40502166748047,144380000,0.0,0.0
2001-04-10 00:00:00+02:00,59.37997968445369,59.5052010639473,58.90413614950601,59.40502166748047,211220000,0.0,0.0
2001-04-11 00:00:00+02:00,60.10627165606165,61.984592645313576,59.90591665291734,61.15813064575195,272140000,0.0,0.0
2001-04-12 00:00:00+02:00,60.48193504332086,61.28335122370351,60.05618305575387,61.20821762084961,97120000,0.0,0.0
2001-04-13 00:00:00+02:00,61.20821762084962,61.20821762084962,61.20821762084962,61.20821762084961,0,0.0,0.0
2001-04-16 00:00:00+02:00,61.20821762084962,61.20821762084962,61.20821762084962,61.20821762084961,0,0.0,0.0
2001-04-17 00:00:00+02:00,61.58386586966387,61.58386586966387,60.13130109067392,61.007850646972656,127900000,0.0,0.0
2001-04-18 00:00:00+02:00,62.10981041384129,62.56060818920021,61.90945542240914,62.31016540527344,153600000,0.0,0.0
2001-04-19 00:00:00+02:00,62.56061148932443,63.06149708360012,61.8092830979109,62.10981369018555,211990000,0.0,0.0
2001-04-20 00:00:00+02:00,62.36024070739746,63.1115689086914,62.209973538557534,62.61068344116211,117550000,0.0,0.0
2001-04-23 00:00:00+02:00,62.71087487473485,64.48902026299507,61.03290889820205,62.10981369018555,299390000,0.0,0.0
2001-04-24 00:00:00+02:00,62.610698411189226,63.21175958735514,62.10981282389972,62.861141204833984,178130000,0.0,0.0
2001-04-25 00:00:00+02:00,62.76095130375635,63.13661540855588,62.610684133255376,62.68581771850586,101080000,0.0,0.0
2001-04-26 00:00:00+02:00,63.18673558615703,63.362044827317135,60.85761617801607,61.55885696411133,258160000,0.0,0.0
2001-04-27 00:00:00+02:00,60.65723855468256,60.88263934213379,58.85405136233986,60.85759353637695,304800000,0.0,0.0
2001-04-30 00:00:00+02:00,61.33342715075404,62.58564088450935,61.057942422199694,62.41033172607422,148820000,0.0,0.0
2001-05-01 00:00:00+02:00,62.41033172607422,62.41033172607422,62.41033172607422,62.41033172607422,0,0.0,0.0
2001-05-02 00:00:00+02:00,63.11158662683823,63.86291503906249,62.83609801377443,63.8629150390625,227370000,0.0,0.0
2001-05-03 00:00:00+02:00,64.48900640010834,64.96484608379978,64.11334228515625,64.11334228515625,190610000,0.0,0.0
2001-05-04 00:00:00+02:00,64.36379034654149,66.74299660448757,64.23856896454433,66.3673324584961,3607074,0.0,100.0
2001-05-07 00:00:00+02:00,68.24565845684414,69.87353654847529,67.49433010686053,68.62132263183594,6329923,0.0,0.0
2001-05-08 00:00:00+02:00,69.1222086215238,69.49787279881468,67.99521608965112,68.24565887451172,3263392,0.0,0.0
2001-05-09 00:00:00+02:00,67.87001003938562,68.62133856380686,67.494345777175,68.12045288085938,2623396,0.0,0.0
2001-05-10 00:00:00+02:00,68.62132073127502,70.7500843306029,68.37087795488351,70.37442016601562,3716679,0.0,0.0
2001-05-11 00:00:00+02:00,71.00053420589164,71.37619840803922,70.37442720231235,70.87531280517578,2866924,0.0,0.0
2001-05-14 00:00:00+02:00,71.00051193237304,71.12573329380581,69.3726342337472,70.12396240234375,2130813,0.0,0.0
2001-05-15 00:00:00+02:00,69.87352740402085,70.624855655677,69.62308465346881,69.99874877929688,1383569,0.0,0.0
2001-05-16 00:00:00+02:00,69.24744398757439,69.62310824067153,68.62133689907914,69.37266540527344,2503036,0.0,0.0
2001-05-17 00:00:00+02:00,69.99877249376868,69.99877249376868,68.99700115217628,69.37266540527344,1135980,0.0,0.0
2001-05-18 00:00:00+02:00,69.62309278883376,70.24919973837363,69.3726500090178,69.49787139892578,1679774,0.0,0.0
2001-05-21 00:00:00+02:00,69.49788682297248,69.49788682297248,68.74655831677818,69.37266540527344,1028885,0.0,0.0
2001-05-22 00:00:00+02:00,69.74830677108352,70.12397090090982,69.24742126464845,69.24742126464844,2516182,0.0,0.0
2001-05-23 00:00:00+02:00,69.1221923828125,69.24741374582484,68.74652829377548,69.1221923828125,1026384,0.0,0.0
2001-05-24 00:00:00+02:00,69.1221923828125,69.1221923828125,69.1221923828125,69.1221923828125,0,0.0,0.0
2001-05-25 00:00:00+02:00,69.12221557617188,69.12221557617188,68.3708871459961,68.87177276611328,1306768,0.0,0.0
2001-05-28 00:00:00+02:00,68.99699417114257,69.37265838623047,68.6213299560547,68.87177276611328,549371,0.0,0.0
2001-05-29 00:00:00+02:00,68.74655136108399,68.99699417114257,67.9952229309082,68.87177276611328,1837856,0.0,0.0
2001-05-30 00:00:00+02:00,68.87177447883451,68.99699588697784,67.36911758111448,67.49433898925781,2385894,0.0,0.0
2001-05-31 00:00:00+02:00,67.49433852473747,68.62133119027112,67.36911711745596,67.87000274658203,2031337,0.0,0.0
2001-06-01 00:00:00+02:00,67.86999428185234,68.74654402349988,67.7447728901884,68.62132263183594,1484638,0.0,0.0
2001-06-04 00:00:00+02:00,68.62132263183594,68.62132263183594,68.62132263183594,68.62132263183594,0,0.0,0.0
2001-06-05 00:00:00+02:00,68.87175788391224,68.996979261883,68.2456509940585,68.49609375,1474177,0.0,0.0
2001-06-06 00:00:00+02:00,68.24565887451172,68.6213230518026,67.86999469722083,68.24565887451172,1698985,0.0,0.0
2001-06-07 00:00:00+02:00,68.49609375,68.49609375,67.86998686014624,68.49609375,1233089,0.0,0.0
2001-06-08 00:00:00+02:00,68.62130816278086,68.62130816278086,67.74475860595702,67.74475860595703,1399570,0.0,0.0
2001-06-11 00:00:00+02:00,67.61955289592531,67.86999568442873,67.24388871317016,67.36911010742188,881104,0.0,0.0
2001-06-12 00:00:00+02:00,67.36911039210077,67.36911039210077,66.86822481297735,67.11866760253906,1276791,0.0,0.0
2001-06-13 00:00:00+02:00,67.24388148227584,67.3691028630622,66.86821733991675,66.99343872070312,706102,0.0,0.0
2001-06-14 00:00:00+02:00,66.74298847212773,67.1186525723461,66.61776710538828,66.86820983886719,1033538,0.0,0.0
2001-06-15 00:00:00+02:00,66.61778259277344,66.99344678032666,65.86645421766697,66.61778259277344,2785536,0.0,0.0
2001-06-18 00:00:00+02:00,66.74299660448757,66.74299660448757,65.86644693050744,66.3673324584961,1200641,0.0,0.0
2001-06-19 00:00:00+02:00,66.11689715196857,66.86822552869549,66.11689715196857,66.49256134033203,1592364,0.0,0.0
2001-06-20 00:00:00+02:00,66.36734052220152,66.61778331662492,65.49079074171961,65.9916763305664,1569691,0.0,0.0
2001-06-21 00:00:00+02:00,66.11688326322115,66.24210463303785,64.61422682542067,65.1151123046875,1460679,0.0,0.0
2001-06-22 00:00:00+02:00,65.24033499607168,65.36555636842499,63.61245715547872,63.73767852783203,1877790,0.0,0.0
2001-06-25 00:00:00+02:00,63.86289907056232,64.86467003637506,63.36201358765595,64.61422729492188,1208387,0.0,0.0
2001-06-26 00:00:00+02:00,64.61422729492188,64.86467003637506,63.612456329109136,64.61422729492188,1158266,0.0,0.0
2001-06-27 00:00:00+02:00,64.86467137100672,64.86467137100672,63.1115721447633,63.236793518066406,1733521,0.0,0.0
2001-06-28 00:00:00+02:00,63.36201405525208,64.36378502845764,62.23502171039581,64.11334228515625,1699080,0.0,0.0
2001-06-29 00:00:00+02:00,63.73768496421313,64.86467742919922,63.36202080921777,64.86467742919922,1411403,0.0,0.0
2001-07-02 00:00:00+02:00,64.4890053395804,65.2403335571289,63.98811986121473,65.2403335571289,1230019,0.0,0.0
2001-07-03 00:00:00+02:00,65.61602166925819,65.61602166925819,64.36380751526471,64.48902893066406,1371000,0.0,0.0
2001-07-04 00:00:00+02:00,64.61422813430516,64.61422813430516,63.73767852783203,63.73767852783203,1405163,0.0,0.0
2001-07-05 00:00:00+02:00,63.988120913505554,64.61422777175903,63.23679268360138,64.11334228515625,1235370,0.0,0.0
2001-07-06 00:00:00+02:00,64.11334264489194,64.61422813430516,63.73767852783203,63.73767852783203,1178334,0.0,0.0
2001-07-09 00:00:00+02:00,64.11334228515625,64.36378502845764,63.61245679855347,64.11334228515625,974918,0.0,0.0
2001-07-10 00:00:00+02:00,64.48900676195186,65.11511362371839,63.36201441077212,63.73767852783203,1679355,0.0,0.0
2001-07-11 00:00:00+02:00,63.487249089383525,65.61601286555614,63.23680629218675,65.36557006835938,3139350,0.0,0.0
2001-07-12 00:00:00+02:00,65.1151180089077,67.24388148227584,64.61423248576226,66.99343872070312,5199510,0.0,0.0
2001-07-13 00:00:00+02:00,66.49255384049324,66.61777522249041,65.3655614025188,66.3673324584961,4211490,0.0,0.0
2001-07-16 00:00:00+02:00,66.61778259277344,67.11866817617775,65.99167561351804,66.61778259277344,1518472,0.0,0.0
2001-07-17 00:00:00+02:00,66.11689644429221,67.74477457644333,66.11689644429221,67.11866760253906,1960675,0.0,0.0
2001-07-18 00:00:00+02:00,67.36910184575709,68.12043011912984,67.24388046686163,67.99520874023438,3894773,0.0,0.0
2001-07-19 00:00:00+02:00,67.99521608965112,68.24565887451172,67.61955191236024,68.24565887451172,1506484,0.0,0.0
2001-07-20 00:00:00+02:00,68.24564406699922,68.24564406699922,67.36909451017537,67.74475860595703,824020,0.0,0.0
2001-07-23 00:00:00+02:00,67.36911039210077,67.74477457644333,66.9934462077582,67.11866760253906,963305,0.0,0.0
2001-07-24 00:00:00+02:00,66.74300384521484,67.49433221870694,66.61778244963283,66.74300384521484,1302841,0.0,0.0
2001-07-25 00:00:00+02:00,66.61778259277344,67.11866817617775,66.2421184052202,66.61778259277344,1572499,0.0,0.0
2001-07-26 00:00:00+02:00,66.49255462821203,66.86821877865391,65.24034079340579,65.61600494384766,1426486,0.0,0.0
2001-07-27 00:00:00+02:00,65.866440405086,65.866440405086,64.73944807876323,65.2403335571289,1884641,0.0,0.0
2001-07-30 00:00:00+02:00,64.98989802644454,65.86644771080891,64.98989802644454,65.61600494384766,774968,0.0,0.0
2001-07-31 00:00:00+02:00,65.36557705955362,66.36734835548546,65.11513423557065,65.86646270751953,857438,0.0,0.0
2001-08-01 00:00:00+02:00,65.86645407614073,66.74300384521484,65.74123268055871,66.74300384521484,881581,0.0,0.0
2001-08-02 00:00:00+02:00,66.74300398862451,67.3691109678799,66.49256119692235,66.61778259277344,1375092,0.0,0.0
2001-08-03 00:00:00+02:00,66.74299660448757,66.9934393684819,66.11688969450177,66.3673324584961,1204777,0.0,0.0
2001-08-06 00:00:00+02:00,66.49256119692235,66.8682253844756,66.11689700936913,66.61778259277344,762610,0.0,0.0
2001-08-07 00:00:00+02:00,66.8682182485407,66.99343963102861,65.74122580614956,66.11688995361328,1053650,0.0,0.0
2001-08-08 00:00:00+02:00,65.86646270751955,66.1169055315025,65.61601988353658,65.86646270751953,769540,0.0,0.0
2001-08-09 00:00:00+02:00,65.11512033252237,65.36556310303207,64.48901340624812,64.73945617675781,1339745,0.0,0.0
2001-08-10 00:00:00+02:00,65.11512114343812,65.11512114343812,63.988128662109375,63.988128662109375,1400951,0.0,0.0
2001-08-13 00:00:00+02:00,64.36378408578726,65.49077641413761,64.23856271597055,65.1151123046875,2152963,0.0,0.0
2001-08-14 00:00:00+02:00,65.11511940992516,66.24211186125079,64.86467664296391,65.61600494384766,2116626,0.0,0.0
2001-08-15 00:00:00+02:00,66.99344825013844,66.99344825013844,64.98990587256421,65.36557006835938,2404842,0.0,0.0
2001-08-16 00:00:00+02:00,65.11512905943627,65.36557186351102,63.36202943091298,63.8629150390625,1942028,0.0,0.0
2001-08-17 00:00:00+02:00,63.23680892823234,63.61247313968719,61.60893067859468,63.11158752441406,4911666,0.0,0.0
2001-08-20 00:00:00+02:00,62.73591655133718,63.36202350294734,62.23503099004906,62.36025238037109,989350,0.0,0.0
2001-08-21 00:00:00+02:00,62.48547788589232,62.61069928446124,61.108042501634166,62.10981369018555,1813646,0.0,0.0
2001-08-22 00:00:00+02:00,61.48370403539938,61.9845896079892,60.73237567651467,61.10803985595703,1903178,0.0,0.0
2001-08-23 00:00:00+02:00,61.108039855957024,61.48370403539938,60.73237567651467,61.10803985595703,1240861,0.0,0.0
2001-08-24 00:00:00+02:00,60.7323783059274,62.10981369018555,60.481935508789554,62.10981369018555,976618,0.0,0.0
2001-08-27 00:00:00+02:00,62.36025224276679,62.861137802949656,61.859366682583925,62.4854736328125,680910,0.0,0.0
2001-08-28 00:00:00+02:00,61.48369598388672,62.10980286763302,60.857589100140416,61.48369598388672,1848482,0.0,0.0
2001-08-29 00:00:00+02:00,60.85760146527251,61.233265671848265,60.106273052121,60.60715866088867,1215367,0.0,0.0
2001-08-30 00:00:00+02:00,60.607151983169146,60.98281614835408,59.60538087600932,59.7306022644043,1402690,0.0,0.0
2001-08-31 00:00:00+02:00,59.48015556175839,60.231483842538495,58.8540486611083,59.85581970214844,1511536,0.0,0.0
2001-09-03 00:00:00+02:00,59.6053810119629,59.85582378932408,59.10449545724052,59.60538101196289,783966,0.0,0.0
2001-09-04 00:00:00+02:00,60.10625045492042,60.48191452026367,59.35492232423391,60.48191452026367,1119252,0.0,0.0
2001-09-05 00:00:00+02:00,59.98104504119426,60.35670920637919,59.48015948761434,59.7306022644043,1126632,0.0,0.0
2001-09-06 00:00:00+02:00,59.98104108227846,60.73236936305857,58.97927004123832,59.85581970214844,1895872,0.0,0.0
2001-09-07 00:00:00+02:00,59.85582835203523,59.98104975026125,58.85405716622712,58.979278564453125,1192065,0.0,0.0
2001-09-10 00:00:00+02:00,58.72883308525992,59.10449726277757,56.85051219767165,57.97750473022461,2195538,0.0,0.0
2001-09-11 00:00:00+02:00,58.35316842672222,58.60361120966952,54.34608389956533,54.9721908569336,2198972,0.0,0.0
2001-09-12 00:00:00+02:00,53.71996055300541,56.850494384765625,53.594739199735,56.850494384765625,2850093,0.0,0.0
2001-09-13 00:00:00+02:00,56.60006713867188,57.47661685099644,56.099181588772126,56.60006713867188,1290807,0.0,0.0
2001-09-14 00:00:00+02:00,56.22440990439147,56.72529551601188,52.96865342885878,53.97042465209961,4421779,0.0,0.0
2001-09-17 00:00:00+02:00,53.2190963833831,54.34608901267828,51.591218141067856,53.8452033996582,2742238,0.0,0.0
2001-09-18 00:00:00+02:00,53.59475809491445,53.59475809491445,51.84165853106212,52.71820831298828,2294322,0.0,0.0
2001-09-19 00:00:00+02:00,52.46776466458967,54.721749781445546,52.2173218738279,53.46953582763672,2366471,0.0,0.0
2001-09-20 00:00:00+02:00,53.59474793972771,53.97041206080057,51.21554183959961,51.21554183959961,2963653,0.0,0.0
2001-09-21 00:00:00+02:00,50.21377772404488,50.83988467821002,47.58412851655125,47.63421630859375,5945885,0.0,0.0
2001-09-24 00:00:00+02:00,48.18518306769734,51.21554183959961,48.18518306769734,51.21554183959961,3018960,0.0,0.0
2001-09-25 00:00:00+02:00,50.714653730392456,54.72173748192964,50.714653730392456,54.09563064575195,3256371,0.0,0.0
2001-09-26 00:00:00+02:00,54.22085913386914,55.59829435436004,53.3443094481022,54.59652328491211,2608179,0.0,0.0
2001-09-27 00:00:00+02:00,54.09564344920136,56.22440719604493,53.84520065545505,56.22440719604492,2569191,0.0,0.0
2001-09-28 00:00:00+02:00,56.34962279221108,58.10272216796876,55.973958640263,58.10272216796875,3195328,0.0,0.0
2001-10-01 00:00:00+02:00,57.35139046625564,57.72705459594727,56.09917670061687,57.72705459594727,1867507,0.0,0.0
2001-10-02 00:00:00+02:00,57.97750824959048,58.22795104980469,56.6000728484123,58.22795104980469,1578675,0.0,0.0
2001-10-03 00:00:00+02:00,57.85227226589037,58.22793637151304,56.4748372119406,57.601829528808594,1530461,0.0,0.0
2001-10-04 00:00:00+02:00,58.47838946344502,58.97927502630108,57.97750390058896,58.72883224487305,1360322,0.0,0.0
2001-10-05 00:00:00+02:00,58.102736936646814,58.85406543151724,57.60185127339986,58.47840118408203,1345346,0.0,0.0
2001-10-08 00:00:00+02:00,58.22793923891509,59.35493161128118,57.226168241256325,58.60360336303711,1265967,0.0,0.0
2001-10-09 00:00:00+02:00,58.22793923891509,59.35493161128118,57.9774964895004,58.60360336303711,914431,0.0,0.0
2001-10-10 00:00:00+02:00,58.85404853581884,60.35670509418017,57.852277496911285,59.98104095458984,1569394,0.0,0.0
2001-10-11 00:00:00+02:00,60.857589100140416,61.60891736063598,60.48192496989264,61.48369598388672,2821861,0.0,0.0
2001-10-12 00:00:00+02:00,61.60892185164087,61.98458600927283,60.231486606990366,60.85759353637695,1332548,0.0,0.0
2001-10-15 00:00:00+02:00,60.231475830078125,60.732361283966505,59.73059037618974,60.231475830078125,1033891,0.0,0.0
2001-10-16 00:00:00+02:00,59.3549279798254,59.85581344800958,57.60182884118076,58.35315704345703,3035433,0.0,0.0
2001-10-17 00:00:00+02:00,58.85405805034023,58.85405805034023,57.22617984894784,58.22795104980469,2056056,0.0,0.0
2001-10-18 00:00:00+02:00,57.35138961596368,58.72882473774446,57.10094686654898,58.60360336303711,1325331,0.0,0.0
2001-10-19 00:00:00+02:00,59.10448973814992,59.10448973814992,57.35139046625564,57.72705459594727,1187878,0.0,0.0
2001-10-22 00:00:00+02:00,57.60183485980812,60.10626246240847,57.10094933928805,59.85581970214844,1336255,0.0,0.0
2001-10-23 00:00:00+02:00,60.10626656668527,60.85759489876884,58.85405267987933,59.60538101196289,1421185,0.0,0.0
2001-10-24 00:00:00+02:00,58.85406081959353,60.10627487958488,58.72883941359439,59.1045036315918,1178458,0.0,0.0
2001-10-25 00:00:00+02:00,59.60538925558834,59.85583206758661,58.227953789597855,59.1045036315918,996931,0.0,0.0
2001-10-26 00:00:00+02:00,58.97927871054792,59.22972150762031,58.10272892079456,58.85405731201172,1089573,0.0,0.0
2001-10-29 00:00:00+01:00,58.85403603709217,58.85403603709217,56.850494384765625,56.850494384765625,1211465,0.0,0.0
2001-10-30 00:00:00+01:00,56.09917882970862,56.47484297365756,55.347850541810736,55.59829330444336,1725859,0.0,0.0
2001-10-31 00:00:00+01:00,55.723517293698485,56.85050977829014,54.72174619628368,56.72528839111328,2302286,0.0,0.0
2001-11-01 00:00:00+01:00,56.34962873799461,56.34962873799461,55.4730789576258,56.09918594360352,923692,0.0,0.0
2001-11-02 00:00:00+01:00,55.72351442858778,56.47484271301818,55.22262890563418,55.84873580932617,953857,0.0,0.0
2001-11-05 00:00:00+01:00,56.34962917713637,56.85051476982202,54.97219379725081,55.7235221862793,1299528,0.0,0.0
2001-11-06 00:00:00+01:00,55.848724989457565,56.22438905889338,54.596511424671526,55.09739685058594,1379961,0.0,0.0
2001-11-07 00:00:00+01:00,54.59653379690594,55.59830505923448,54.09564816574167,55.34786224365234,1282679,0.0,0.0
2001-11-08 00:00:00+01:00,55.59830021167917,56.60007138666438,54.72175043356711,56.22440719604492,1748048,0.0,0.0
2001-11-09 00:00:00+01:00,55.97396033513308,57.22617421287655,55.72351755958439,56.47484588623047,1350036,0.0,0.0
2001-11-12 00:00:00+01:00,56.47484643240636,57.35139615530402,55.47307532052332,55.97396087646485,1592634,0.0,0.0
2001-11-13 00:00:00+01:00,56.47484815688361,58.10272626340132,56.47484815688361,57.8522834777832,1701845,0.0,0.0
2001-11-14 00:00:00+01:00,58.10271500297215,58.97926458275837,57.35138679172682,57.601829528808594,1744325,0.0,0.0
2001-11-15 00:00:00+01:00,57.97749949909967,59.98104159842061,57.47661397426943,59.35493469238281,2184556,0.0,0.0
2001-11-16 00:00:00+01:00,59.605369012717645,60.35669719355022,58.72881946841297,60.231475830078125,2327726,0.0,0.0
2001-11-19 00:00:00+01:00,60.7323783059274,62.986363480168,60.35671411022064,62.10981369018555,3164705,0.0,0.0
2001-11-20 00:00:00+01:00,62.10980739515015,63.111578482168696,60.85759353637696,60.85759353637695,2038581,0.0,0.0
2001-11-21 00:00:00+01:00,60.73237567651467,62.48547518057901,60.48193289021976,61.10803985595703,2618360,0.0,0.0
2001-11-22 00:00:00+01:00,61.98458026269239,63.23679400537304,61.60891613988819,62.73590850830078,1678134,0.0,0.0
2001-11-23 00:00:00+01:00,63.11158072230327,63.86290906423546,62.36025238037109,62.36025238037109,2002281,0.0,0.0
2001-11-26 00:00:00+01:00,62.98635250487784,63.1115738816271,60.48192496989264,61.48369598388672,1675762,0.0,0.0
2001-11-27 00:00:00+01:00,61.85936218261718,61.85936218261718,59.35493456388775,59.48015594482422,2652748,0.0,0.0
2001-11-28 00:00:00+01:00,58.72882114459517,59.22970661277935,58.22793567641099,58.35315704345703,1965308,0.0,0.0
2001-11-29 00:00:00+01:00,58.10272088030723,60.23148436083573,57.85227811789211,59.35493469238281,2274210,0.0,0.0
2001-11-30 00:00:00+01:00,59.85582835203523,60.73237813961734,58.979278564453125,58.979278564453125,2120844,0.0,0.0
2001-12-03 00:00:00+01:00,58.97927447554929,59.35493864418336,58.60361030691522,59.22971725463867,943306,0.0,0.0
2001-12-04 00:00:00+01:00,59.10447961400508,60.60713587537809,59.10447961400508,60.48191452026367,1285291,0.0,0.0
2001-12-05 00:00:00+01:00,60.35670496622721,61.1080332438151,59.229712549845374,60.10626220703125,1787336,0.0,0.0
2001-12-06 00:00:00+01:00,60.35671409444606,60.35671409444606,58.35317171786694,58.85405731201172,2221752,0.0,0.0
2001-12-07 00:00:00+01:00,59.10450085055444,59.229722250661546,57.97750824959048,58.22795104980469,1665015,0.0,0.0
2001-12-10 00:00:00+01:00,58.8540504718649,59.60537877576105,57.476615248055296,58.10272216796875,2171543,0.0,0.0
2001-12-11 00:00:00+01:00,57.85228612372216,59.104500109084114,57.60184332664977,58.85405731201172,1996871,0.0,0.0
2001-12-12 00:00:00+01:00,58.97927945044733,59.10450085055444,57.72706544937626,58.22795104980469,1341709,0.0,0.0
2001-12-13 00:00:00+01:00,57.97749734907502,58.22794010220278,56.97572633656401,57.72705459594727,1202389,0.0,0.0
2001-12-14 00:00:00+01:00,57.35139962090386,57.35139962090386,56.224407051934136,56.34962844848633,1844840,0.0,0.0
2001-12-17 00:00:00+01:00,56.22440592170282,58.10272683222741,56.22440592170282,57.35139846801758,1685949,0.0,0.0
2001-12-18 00:00:00+01:00,57.85228684948337,58.60361525012601,57.601844049269154,58.22795104980469,1665501,0.0,0.0
2001-12-19 00:00:00+01:00,58.10271500297215,59.22970731984015,57.47660816026771,57.601829528808594,1817653,0.0,0.0
2001-12-20 00:00:00+01:00,57.97750737864501,59.73060695380922,57.72706458219298,58.979278564453125,3443474,0.0,0.0
2001-12-21 00:00:00+01:00,59.35494644359007,59.98105347358575,58.72883941359439,59.1045036315918,2697713,0.0,0.0
2001-12-24 00:00:00+01:00,59.10450363159181,59.10450363159181,59.10450363159181,59.1045036315918,0,0.0,0.0
2001-12-25 00:00:00+01:00,59.10450363159181,59.10450363159181,59.10450363159181,59.1045036315918,0,0.0,0.0
2001-12-26 00:00:00+01:00,59.10450363159181,59.10450363159181,59.10450363159181,59.1045036315918,0,0.0,0.0
2001-12-27 00:00:00+01:00,59.10450363159181,59.73061066158748,58.35317519559699,59.1045036315918,995454,0.0,0.0
2001-12-28 00:00:00+01:00,59.35493469238282,59.73059883600549,58.85404916755258,59.35493469238281,648389,0.0,0.0
2001-12-31 00:00:00+01:00,59.35493469238282,59.35493469238282,59.35493469238282,59.35493469238281,0,0.0,0.0
2002-01-01 00:00:00+01:00,59.35493469238282,59.35493469238282,59.35493469238282,59.35493469238281,0,0.0,0.0
2002-01-02 00:00:00+01:00,58.97926387868726,59.10448524573331,58.10271430936494,58.35315704345703,756104,0.0,0.0
2002-01-03 00:00:00+01:00,58.35316587485683,58.60360864685192,56.97573062888381,57.226173400878906,1362065,0.0,0.0
2002-01-04 00:00:00+01:00,57.22616933685502,57.47661209106446,56.2243983200173,57.47661209106445,1631507,0.0,0.0
2002-01-07 00:00:00+01:00,56.60007124159071,56.97573543124729,56.224407051934136,56.34962844848633,1561560,0.0,0.0
2002-01-08 00:00:00+01:00,56.09919069039876,56.60007632156304,55.34786224365235,55.34786224365234,2263869,0.0,0.0
2002-01-09 00:00:00+01:00,55.347857560430256,56.97573572397232,55.347857560430256,56.09918594360352,3195298,0.0,0.0
2002-01-10 00:00:00+01:00,55.84872355860236,56.850494384765625,55.72350220533195,56.850494384765625,1823510,0.0,0.0
2002-01-11 00:00:00+01:00,57.351394786876455,57.72705894486909,56.85050924288627,57.226173400878906,2281324,0.0,0.0
2002-01-14 00:00:00+01:00,57.10095682779948,57.47662101745605,56.34962844848633,56.34962844848633,1380717,0.0,0.0
2002-01-15 00:00:00+01:00,56.349625043420986,56.8505105993625,55.5982967095087,55.97396087646485,1669828,0.0,0.0
2002-01-16 00:00:00+01:00,55.72352247905516,56.09918667554317,55.34785828256715,55.47307968139648,1800107,0.0,0.0
2002-01-17 00:00:00+01:00,55.47307532052332,56.349625043420986,55.22263254255256,55.97396087646485,1483644,0.0,0.0
2002-01-18 00:00:00+01:00,56.60007124159071,56.850514034695095,56.099185655381945,56.34962844848633,2305134,0.0,0.0
2002-01-21 00:00:00+01:00,56.47485057530778,56.72529337165061,55.7235221862793,55.7235221862793,1729662,0.0,0.0
2002-01-22 00:00:00+01:00,55.84874358445071,56.47485057530778,55.59830078810788,55.7235221862793,1376026,0.0,0.0
2002-01-23 00:00:00+01:00,55.723521608552325,56.60007138666438,55.723521608552325,56.22440719604492,2004950,0.0,0.0
2002-01-24 00:00:00+01:00,56.349619697122016,57.601833468169175,56.2243983200173,57.47661209106445,2332679,0.0,0.0
2002-01-25 00:00:00+01:00,57.60184125608752,57.60184125608752,57.10095567994763,57.35139846801758,1055221,0.0,0.0
2002-01-28 00:00:00+01:00,57.351397906546985,58.47839044182848,57.10095512092888,57.8522834777832,1948157,0.0,0.0
2002-01-29 00:00:00+01:00,57.852276222378606,58.35316173079747,57.35139071395974,57.47661209106445,1610262,0.0,0.0
2002-01-30 00:00:00+01:00,57.100952825102205,57.351395600650896,56.47484588623047,56.47484588623047,1806568,0.0,0.0
2002-01-31 00:00:00+01:00,56.8505133157248,57.35139889559903,56.600070525787686,56.97573471069336,1408261,0.0,0.0
2002-02-01 00:00:00+01:00,56.97573062888381,58.10272310286173,56.85050924288627,57.226173400878906,1671931,0.0,0.0
2002-02-04 00:00:00+01:00,57.22617651373793,58.10272626340132,56.72529094250172,57.8522834777832,1719437,0.0,0.0
2002-02-05 00:00:00+01:00,57.47660747413472,58.72882114459517,57.35138610708867,58.35315704345703,2584402,0.0,0.0
2002-02-06 00:00:00+01:00,58.22793567641099,58.60359977754913,57.60182884118076,58.35315704345703,1908607,0.0,0.0
2002-02-07 00:00:00+01:00,58.10271786420774,59.480152985988525,57.35138961596368,58.60360336303711,2717931,0.0,0.0
2002-02-08 00:00:00+01:00,58.35317976827029,58.60362259989377,57.85229410502333,58.47840118408203,1167129,0.0,0.0
2002-02-11 00:00:00+01:00,58.60360627826891,59.605377325760685,58.22794213545949,59.48015594482422,1712784,0.0,0.0
2002-02-12 00:00:00+01:00,59.60537745479793,59.85582021721305,58.97927054876014,59.35493469238281,1550096,0.0,0.0
2002-02-13 00:00:00+01:00,59.10449586509398,59.480160033728055,58.47838891737053,59.22971725463867,1292385,0.0,0.0
2002-02-14 00:00:00+01:00,59.22971318295127,59.48015594482422,58.60360627826891,59.48015594482422,936575,0.0,0.0
2002-02-15 00:00:00+01:00,59.104495322429415,60.10626642958923,58.97927393403443,59.7306022644043,1404377,0.0,0.0
2002-02-18 00:00:00+01:00,59.35493823460171,60.10626656668527,59.35493823460171,59.60538101196289,885554,0.0,0.0
2002-02-19 00:00:00+01:00,59.60538645098286,59.60538645098286,58.10272964969759,58.22795104980469,1405330,0.0,0.0
2002-02-20 00:00:00+01:00,58.22794448885928,58.478387260854376,56.97573062888381,57.226173400878906,2666489,0.0,0.0
2002-02-21 00:00:00+01:00,57.6018406921651,57.97750487059226,57.10095512092888,57.8522834777832,1515469,0.0,0.0
2002-02-22 00:00:00+01:00,57.601829528808594,57.85227226589037,56.97572268610416,57.601829528808594,961336,0.0,0.0
2002-02-25 00:00:00+01:00,57.85227157527285,58.60359977754913,57.35138610708867,58.35315704345703,1033088,0.0,0.0
2002-02-26 00:00:00+01:00,58.60361183463753,58.854054620255646,57.72706208497415,57.8522834777832,1239040,0.0,0.0
2002-02-27 00:00:00+01:00,58.22795017509704,59.22972136090516,57.97750737864501,58.979278564453125,1656051,0.0,0.0
2002-02-28 00:00:00+01:00,59.10449129554573,60.10626233445328,58.85404853581884,59.98104095458984,2365430,0.0,0.0
2002-03-01 00:00:00+01:00,59.730604257389,61.60892514598613,59.730604257389,61.35848236083984,3264845,0.0,0.0
2002-03-04 00:00:00+01:00,61.85936793113242,61.98458932370556,61.23326096826671,61.35848236083984,1683319,0.0,0.0
2002-03-05 00:00:00+01:00,61.358467431039045,61.358467431039045,60.73236062051824,60.98280334472656,1497752,0.0,0.0
2002-03-06 00:00:00+01:00,60.8575819826224,60.98280334472656,60.2314751721016,60.98280334472656,3381648,0.0,0.0
2002-03-07 00:00:00+01:00,61.23326110839844,61.35848250125815,60.35671135838047,61.23326110839844,1564621,0.0,0.0
2002-03-08 00:00:00+01:00,61.10803957569356,61.73414653855927,60.98281818312042,61.35848236083984,1492933,0.0,0.0
2002-03-11 00:00:00+01:00,61.73414556553186,62.4854739091286,61.608924174932405,62.23503112792969,2046147,0.0,0.0
2002-03-12 00:00:00+01:00,62.23501934051514,62.61068344116211,61.98457660675049,62.61068344116211,1494515,0.0,0.0
2002-03-13 00:00:00+01:00,62.61069301501322,64.98989934958372,62.4854716289832,64.3637924194336,5086949,0.0,0.0
2002-03-14 00:00:00+01:00,64.61423336375843,66.24211133610117,64.48901198127052,66.11688995361328,4859064,0.0,0.0
2002-03-15 00:00:00+01:00,66.11688374364098,66.11688374364098,64.1133418120155,64.61422729492188,5241701,0.0,0.0
2002-03-18 00:00:00+01:00,64.23857103340356,64.61423519149365,63.61246410325343,64.3637924194336,1602509,0.0,0.0
2002-03-19 00:00:00+01:00,64.48902071326225,65.11512771047839,63.988135115489335,64.98990631103516,1444150,0.0,0.0
2002-03-20 00:00:00+01:00,64.7394635121487,64.98990631103516,64.36379931381902,64.98990631103516,1655972,0.0,0.0
2002-03-21 00:00:00+01:00,64.8646779635537,65.49078489370383,64.3637924194336,64.3637924194336,1855724,0.0,0.0
2002-03-22 00:00:00+01:00,64.48900592419528,64.73944866564847,63.86289907056232,64.61422729492188,1471041,0.0,0.0
2002-03-25 00:00:00+01:00,64.61424211270547,65.24034910992161,64.48902071326225,64.98990631103516,1322919,0.0,0.0
2002-03-26 00:00:00+01:00,64.73946264357794,66.36734081449963,64.61424124581472,65.7412338256836,2588507,0.0,0.0
2002-03-27 00:00:00+01:00,65.866440169442,65.99166153858542,65.3655546928683,65.49077606201172,1469823,0.0,0.0
2002-03-28 00:00:00+01:00,65.3655546928683,65.61599743115515,64.98989058543802,65.49077606201172,1305102,0.0,0.0
2002-03-29 00:00:00+01:00,65.49077606201172,65.49077606201172,65.49077606201172,65.49077606201172,0,0.0,0.0
2002-04-01 00:00:00+02:00,65.49077606201172,65.49077606201172,65.49077606201172,65.49077606201172,0,0.0,0.0
2002-04-02 00:00:00+02:00,65.36557006835938,65.61601286555614,64.86468447396581,65.36557006835938,1269384,0.0,0.0
2002-04-03 00:00:00+02:00,65.61601156748397,66.74300413257434,64.9899045868782,66.49256134033203,2625908,0.0,0.0
2002-04-04 00:00:00+02:00,66.24211120605469,67.24388226399124,66.11688982381261,66.24211120605469,2735223,0.0,0.0
2002-04-05 00:00:00+02:00,66.24211186125079,66.49255462821203,65.61600494384766,65.61600494384766,1577678,0.0,0.0
2002-04-08 00:00:00+02:00,65.49079280801219,65.61601420917474,64.23857879638672,64.23857879638672,1590252,0.0,0.0
2002-04-09 00:00:00+02:00,64.48900545560396,65.1151123046875,64.36378408578726,65.1151123046875,1552796,0.0,0.0
2002-04-10 00:00:00+02:00,65.11511889371005,66.49255410107699,65.11511889371005,66.11688995361328,2394696,0.0,0.0
2002-04-11 00:00:00+02:00,66.11689127918376,66.24211266418222,64.48901327420386,64.86467742919922,3237646,0.0,0.0
2002-04-12 00:00:00+02:00,64.23856450449122,64.36378587779431,62.8611293981571,63.236793518066406,4317776,0.0,0.0
2002-04-15 00:00:00+02:00,63.236800876594856,63.61246504021819,62.36025116147374,63.48724365234375,3026033,0.0,0.0
2002-04-16 00:00:00+02:00,62.23502301122852,62.98635125683691,62.109801636960455,62.73590850830078,3677850,0.0,0.0
2002-04-17 00:00:00+02:00,62.7359224207261,64.23857924517463,62.7359224207261,63.8629150390625,2725523,0.0,0.0
2002-04-18 00:00:00+02:00,63.86291503906249,63.98813644109988,62.7359224207261,63.8629150390625,2676227,0.0,0.0
2002-04-19 00:00:00+02:00,63.88821620865172,64.01472752787677,63.25565961252645,63.50868225097656,1807273,1.3,0.0
2002-04-22 00:00:00+02:00,63.50868263552265,63.635193955513735,62.62310339558508,62.74961471557617,1310361,0.0,0.0
2002-04-23 00:00:00+02:00,62.62308635286095,63.5086653517903,62.11704121061561,62.37006378173828,2435748,0.0,0.0
2002-04-24 00:00:00+02:00,62.37008075560292,62.749614715576165,61.73752415564752,62.74961471557617,2191710,0.0,0.0
2002-04-25 00:00:00+02:00,62.87612115658396,63.002632466758165,61.86403067519025,62.24356460571289,2445904,0.0,0.0
2002-04-26 00:00:00+02:00,62.24355249617695,63.635176637351634,62.24355249617695,62.37006378173828,3584283,0.0,0.0
2002-04-29 00:00:00+02:00,62.3700759158871,62.74960984640974,62.11705329553868,62.24356460571289,2477284,0.0,0.0
2002-04-30 00:00:00+02:00,62.24355765224232,62.496580244324605,61.86402376411888,62.11704635620117,2516542,0.0,0.0
2002-05-01 00:00:00+02:00,62.11704635620117,62.11704635620117,62.11704635620117,62.11704635620117,0,0.0,0.0
2002-05-02 00:00:00+02:00,62.37007237658089,62.496583679575984,61.23147064962505,61.484493255615234,2171686,0.0,0.0
2002-05-03 00:00:00+02:00,61.48449880213825,62.62310063180748,61.10496485891517,61.86403274536133,2601349,0.0,0.0
2002-05-06 00:00:00+02:00,61.86403344107456,62.74961265188749,61.73752212524415,61.73752212524414,1793088,0.0,0.0
2002-05-07 00:00:00+02:00,61.48449105298669,61.61100235144962,60.4724006652832,60.4724006652832,2933126,0.0,0.0
2002-05-08 00:00:00+02:00,60.72542543764468,61.61100455861033,60.47240283165449,61.484493255615234,1610136,0.0,0.0
2002-05-09 00:00:00+02:00,61.73752212524415,61.99054475690498,61.48449949358331,61.73752212524414,651912,0.0,0.0
2002-05-10 00:00:00+02:00,61.737507532264665,62.11704139004498,61.35797367448435,61.61099624633789,1244259,0.0,0.0
2002-05-13 00:00:00+02:00,61.48448987599546,62.37006894828346,61.35797857995431,62.11704635620117,1236970,0.0,0.0
2002-05-14 00:00:00+02:00,62.11705329553868,62.74960984640974,62.11705329553868,62.24356460571289,1630221,0.0,0.0
2002-05-15 00:00:00+02:00,62.37007627736634,62.876121520996094,62.24356496645891,62.876121520996094,1376555,0.0,0.0
2002-05-16 00:00:00+02:00,63.2556488889896,63.76169408010152,63.12913759121162,63.38216018676758,2236204,0.0,0.0
2002-05-17 00:00:00+02:00,63.63518799378543,63.888210610062906,63.12914276123048,63.12914276123047,1667082,0.0,0.0
2002-05-20 00:00:00+02:00,63.255654069369214,63.50867668564669,63.00263145309174,63.12914276123047,706457,0.0,0.0
2002-05-21 00:00:00+02:00,63.25565133369704,64.26774175503618,62.87611742569486,63.63518524169922,2231435,0.0,0.0
2002-05-22 00:00:00+02:00,64.01472752787677,64.39426148555192,63.3821709317515,63.50868225097656,2059818,0.0,0.0
2002-05-23 00:00:00+02:00,63.50866450500488,63.888198356628415,62.876108085632325,63.25564193725586,1915012,0.0,0.0
2002-05-24 00:00:00+02:00,63.3821660696742,63.63518868871481,62.87612083159297,63.00263214111328,1212401,0.0,0.0
2002-05-27 00:00:00+02:00,63.00261936950683,63.50866450500488,62.876108085632325,63.25564193725586,914005,0.0,0.0
2002-05-28 00:00:00+02:00,63.38216018676758,63.63518278232354,63.12913759121162,63.38216018676758,1585493,0.0,0.0
2002-05-29 00:00:00+02:00,63.38217333384923,63.88821862992787,63.38217333384923,63.7617073059082,2264342,0.0,0.0
2002-05-30 00:00:00+02:00,63.63517528495402,63.88819785069937,62.62308502197265,62.623085021972656,1667187,0.0,0.0
2002-05-31 00:00:00+02:00,62.74960612302746,63.63518524169922,62.49658351769267,63.63518524169922,1895777,0.0,0.0
2002-06-03 00:00:00+02:00,63.50867148454556,63.76169408010152,63.12913759121162,63.38216018676758,742950,0.0,0.0
2002-06-04 00:00:00+02:00,63.12914377693238,63.12914377693238,62.11705329553868,62.24356460571289,2220245,0.0,0.0
2002-06-05 00:00:00+02:00,62.37008075560292,63.12914867554941,61.73752415564752,62.74961471557617,2591340,0.0,0.0
2002-06-06 00:00:00+02:00,63.0026338694047,63.25565649538624,61.864032052487744,61.99054336547852,2076348,0.0,0.0
2002-06-07 00:00:00+02:00,61.35797975452376,61.35797975452376,59.58682157604265,60.4724006652832,3834288,0.0,0.0
2002-06-10 00:00:00+02:00,60.85192871093749,61.10495128354015,60.21937227943087,60.8519287109375,1744612,0.0,0.0
2002-06-11 00:00:00+02:00,60.72543435845493,61.3579909663555,60.09287775055436,61.23147964477539,1966359,0.0,0.0
2002-06-12 00:00:00+02:00,60.59891817351096,60.59891817351096,57.94218063354493,57.94218063354492,3895974,0.0,0.0
2002-06-13 00:00:00+02:00,58.32171596560563,58.44822728006464,57.1831141354745,57.68915939331055,4142880,0.0,0.0
2002-06-14 00:00:00+02:00,57.30962441030857,57.436135722472606,54.90590947919188,57.18311309814453,4469654,0.0,0.0
2002-06-17 00:00:00+02:00,57.18311278906458,59.33380508422852,56.67706754314365,59.33380508422852,3237143,0.0,0.0
2002-06-18 00:00:00+02:00,59.33380787346952,59.33380787346952,57.43613811205792,58.827762603759766,2917481,0.0,0.0
2002-06-19 00:00:00+02:00,57.81567070776956,59.33380648127774,57.56264807885154,57.68915939331055,4035516,0.0,0.0
2002-06-20 00:00:00+02:00,57.05659578512381,57.68915227941565,55.41194889996503,56.171016693115234,4385268,0.0,0.0
2002-06-21 00:00:00+02:00,55.66497700326395,58.19520323068504,54.77939782366656,56.55055618286133,5294749,0.0,0.0
2002-06-24 00:00:00+02:00,56.42403955328954,56.93008475107689,55.032415259374325,55.41194915771485,2949128,0.0,0.0
2002-06-25 00:00:00+02:00,56.17102642448581,56.93009434914102,54.52637925439951,55.7914924621582,4513764,0.0,0.0
2002-06-26 00:00:00+02:00,53.51428876477618,55.158935937216114,53.13475480190543,54.39986801147461,6069415,0.0,0.0
2002-06-27 00:00:00+02:00,55.53847406321558,55.91800805453596,53.893826767493934,55.03242874145508,4350179,0.0,0.0
2002-06-28 00:00:00+02:00,55.66497870551216,57.18311448838976,55.032422129313154,56.93009185791016,4238350,0.0,0.0
2002-07-01 00:00:00+02:00,56.42404522516031,58.06869228329279,56.04451128866821,57.18311309814453,2846186,0.0,0.0
2002-07-02 00:00:00+02:00,56.55055792945392,56.67706924473234,55.1589334613913,55.53846740722656,2568493,0.0,0.0
2002-07-03 00:00:00+02:00,55.7915016336644,56.29754699995614,53.51429748535156,53.51429748535156,2692966,0.0,0.0
2002-07-04 00:00:00+02:00,54.14684292263456,57.05660317314996,54.14684292263456,56.93009185791016,3410735,0.0,0.0
2002-07-05 00:00:00+02:00,57.68915470944176,59.96635818481446,57.43613210106701,59.96635818481445,4828999,0.0,0.0
2002-07-08 00:00:00+02:00,59.71333732045172,61.10496170715716,58.827758165275526,60.34589385986328,2617469,0.0,0.0
2002-07-09 00:00:00+02:00,60.219383239746094,61.10496240503648,59.460315383782905,60.219383239746094,2816372,0.0,0.0
2002-07-10 00:00:00+02:00,59.46031216917368,59.96635737912409,58.57473305176045,58.70124435424805,2595716,0.0,0.0
2002-07-11 00:00:00+02:00,57.05658525307273,58.448209283635485,56.55054015104992,57.43611907958984,3962484,0.0,0.0
2002-07-12 00:00:00+02:00,58.7012425751593,59.58682166573282,58.068686081892494,58.32170867919922,3719108,0.0,0.0
2002-07-15 00:00:00+02:00,58.195205010308165,60.59891999986437,56.93009185791016,56.93009185791016,4531719,0.0,0.0
2002-07-16 00:00:00+02:00,58.321723332898365,58.70125732421874,53.64080410661368,55.03242874145508,4923668,0.0,0.0
2002-07-17 00:00:00+02:00,54.90590395992749,56.93008475107689,54.526370061586974,55.41194915771485,3923136,0.0,0.0
2002-07-18 00:00:00+02:00,55.41196273277546,56.04451938497608,54.90591741101495,55.03242874145508,2295067,0.0,0.0
2002-07-19 00:00:00+02:00,54.3998711017762,54.3998711017762,50.579227447509766,50.579227447509766,4273343,0.0,0.0
2002-07-22 00:00:00+02:00,50.60452547940341,51.49010467529297,47.31523132324219,47.31523132324219,5025176,0.0,0.0
2002-07-23 00:00:00+02:00,48.47912527256936,49.54181927941734,45.9488996082561,47.74535751342773,4228429,0.0,0.0
2002-07-24 00:00:00+02:00,46.80918258169423,47.61885415688955,44.78500171329664,46.55615997314453,3659072,0.0,0.0
2002-07-25 00:00:00+02:00,47.56825372895085,48.60564804077148,46.05011797164391,48.60564804077149,3323954,0.0,0.0
2002-07-26 00:00:00+02:00,48.22612123199176,51.49011204847649,47.82128342585777,50.8575553894043,3513172,0.0,0.0
2002-07-29 00:00:00+02:00,51.36359069245687,54.27335075631526,51.36359069245687,53.38777160644531,3187734,0.0,0.0
2002-07-30 00:00:00+02:00,53.51427393139534,54.02031907495464,51.99613850071746,53.64078521728516,2295657,0.0,0.0
2002-07-31 00:00:00+02:00,54.0203281420667,55.15892990618521,52.12265853520253,53.38777160644531,3339699,0.0,0.0
2002-08-01 00:00:00+02:00,53.51427411348626,54.652875690368944,52.881717681884766,52.881717681884766,1722824,0.0,0.0
2002-08-02 00:00:00+02:00,52.62870476044804,53.00823868900896,50.47801249860281,52.50219345092773,2960781,0.0,0.0
2002-08-05 00:00:00+02:00,52.12265121727658,52.12265121727658,49.97195929811711,50.478004455566406,2103421,0.0,0.0
2002-08-06 00:00:00+02:00,49.035785012886414,54.399863837747006,48.50443596130648,53.76730728149414,3649192,0.0,0.0
2002-08-07 00:00:00+02:00,53.26125154084566,55.53845469461103,52.881717681884766,52.881717681884766,3044759,0.0,0.0
2002-08-08 00:00:00+02:00,53.64078521728516,54.65287550440375,52.88171750194622,53.64078521728516,3174827,0.0,0.0
2002-08-09 00:00:00+02:00,54.27334812958671,55.41194983859902,53.1347464205744,55.285438537597656,3536496,0.0,0.0
2002-08-12 00:00:00+02:00,55.03242214611288,55.53846740722656,54.5263768849992,55.53846740722656,2030964,0.0,0.0
2002-08-13 00:00:00+02:00,55.41194915771484,56.42403955328954,54.77939266048065,55.41194915771485,2020426,0.0,0.0
2002-08-14 00:00:00+02:00,53.89381356435279,57.43612994886424,53.89381356435279,55.41194915771485,5230666,0.0,0.0
2002-08-15 00:00:00+02:00,56.42404624872041,58.44822728006464,55.791489676425336,57.68915939331055,3397947,0.0,0.0
2002-08-16 00:00:00+02:00,57.43613257905068,58.06868910525168,55.791485610928085,57.05659866333008,2647741,0.0,0.0
2002-08-19 00:00:00+02:00,56.8035744228654,58.32171004218473,56.67706312125545,58.06868743896485,2338368,0.0,0.0
2002-08-20 00:00:00+02:00,57.81566357827401,57.81566357827401,55.9179940953985,56.171016693115234,2716239,0.0,0.0
2002-08-21 00:00:00+02:00,56.17102396647136,58.06869369506836,55.79149002075196,56.93009185791016,1872851,0.0,0.0
2002-08-22 00:00:00+02:00,57.3096265049448,57.56264913852071,56.17102465385317,56.80358123779297,1598579,0.0,0.0
2002-08-23 00:00:00+02:00,57.0566017859805,57.81566965896472,56.55055653732435,57.18311309814453,1750533,0.0,0.0
2002-08-26 00:00:00+02:00,57.05660317314996,57.56264843410917,56.42404659695096,56.93009185791016,1119741,0.0,0.0
2002-08-27 00:00:00+02:00,56.67706312125545,58.19519874057479,56.17101791481567,58.06868743896485,1945447,0.0,0.0
2002-08-28 00:00:00+02:00,57.562641248311074,57.81566384720475,55.41194915771484,55.41194915771485,2220187,0.0,0.0
2002-08-29 00:00:00+02:00,55.66497089706849,55.66497089706849,53.38776754218841,54.14683532714844,2870138,0.0,0.0
2002-08-30 00:00:00+02:00,54.14684467359928,54.65288995092263,53.38777675761423,54.5263786315918,1396651,0.0,0.0
2002-09-02 00:00:00+02:00,54.273344592771664,54.39985588552871,52.375675201416016,52.375675201416016,1348922,0.0,0.0
2002-09-03 00:00:00+02:00,52.62869685711247,53.5142758907658,50.9840500803277,51.11056137084961,3333369,0.0,0.0
2002-09-04 00:00:00+02:00,50.98405737527987,52.62870438738568,50.35150083216225,51.86963653564453,2239487,0.0,0.0
2002-09-05 00:00:00+02:00,51.996149930087,52.249172557484016,50.22499153830788,51.49010467529297,1732606,0.0,0.0
2002-09-06 00:00:00+02:00,51.49010635158512,53.2612648010254,50.60452712686499,53.26126480102539,2303816,0.0,0.0
2002-09-09 00:00:00+02:00,52.88173051980826,53.26126447090736,51.74312866651096,52.62870788574219,1435368,0.0,0.0
2002-09-10 00:00:00+02:00,52.24916946630684,53.00823730358975,51.49010162902393,52.75521469116211,2528750,0.0,0.0
2002-09-11 00:00:00+02:00,52.88173048390158,54.27335497032004,51.49010599748312,54.02033233642578,2420057,0.0,0.0
2002-09-12 00:00:00+02:00,53.51427636927672,53.51427636927672,51.23707311952027,51.74311828613281,2521852,0.0,0.0
2002-09-13 00:00:00+02:00,51.11056407928466,52.12265445709228,49.84545110702514,50.60451889038086,2863492,0.0,0.0
2002-09-16 00:00:00+02:00,50.60452202014495,51.61661246054785,50.22498810499386,50.73103332519531,1400335,0.0,0.0
2002-09-17 00:00:00+02:00,51.86964402949145,52.50220066399744,49.74425528187903,49.845462799072266,2706573,0.0,0.0
2002-09-18 00:00:00+02:00,49.21289783433114,49.44061663987976,48.47913380683567,49.01047897338867,2470210,0.0,0.0
2002-09-19 00:00:00+02:00,48.833369664757946,49.23820743428565,46.682677218382594,47.13811874389648,2689037,0.0,0.0
2002-09-20 00:00:00+02:00,46.55615202251233,49.03577393500538,46.35373319807695,48.07428741455078,4792982,0.0,0.0
2002-09-23 00:00:00+02:00,47.64417063907448,48.75746886858839,46.96101018638095,47.06221771240234,2076216,0.0,0.0
2002-09-24 00:00:00+02:00,47.56824832720898,47.56824832720898,45.39225244450928,46.935691833496094,2829430,0.0,0.0
2002-09-25 00:00:00+02:00,46.40435387397173,48.9851880709514,46.37905392469546,48.75746536254883,2401168,0.0,0.0
2002-09-26 00:00:00+02:00,49.16229661480197,51.86963791940727,49.08638905543907,51.61661529541016,3011952,0.0,0.0
2002-09-27 00:00:00+02:00,51.11057805303317,51.49011204847649,50.17439496977022,50.8575553894043,2398006,0.0,0.0
2002-09-30 00:00:00+02:00,49.89605351788732,50.42740249633789,48.65624438259369,50.42740249633789,2098751,0.0,0.0
2002-10-01 00:00:00+02:00,50.35149792262487,50.9840544291905,48.93456980359042,49.592430114746094,2772568,0.0,0.0
2002-10-02 00:00:00+02:00,50.47800580079969,50.8575396790012,49.21289287346136,50.22498321533203,2357855,0.0,0.0
2002-10-03 00:00:00+02:00,49.59243251595012,51.3635908200912,49.314106095257614,50.27559280395508,2898422,0.0,0.0
2002-10-04 00:00:00+02:00,49.845443470379394,50.2249773039102,49.21288708116138,49.74423599243164,1774337,0.0,0.0
2002-10-07 00:00:00+02:00,48.78276551476949,48.98518439789847,47.56825607681466,47.89718627929688,2356630,0.0,0.0
2002-10-08 00:00:00+02:00,47.8465873005954,49.26351190232212,47.64416839725745,48.40323638916016,1967280,0.0,0.0
2002-10-09 00:00:00+02:00,48.5803481522392,48.83337079886545,47.06221227248173,47.21402740478516,1827117,0.0,0.0
2002-10-10 00:00:00+02:00,46.17662593446968,47.84657669067383,45.08862794850749,47.84657669067383,3074298,0.0,0.0
2002-10-11 00:00:00+02:00,48.02369075062701,50.17438287295019,47.56824929373605,49.592430114746094,3319809,0.0,0.0
2002-10-14 00:00:00+02:00,49.59242454686639,50.731026130850566,49.59242454686639,50.07316589355469,2610260,0.0,0.0
2002-10-15 00:00:00+02:00,50.32619411803483,53.38776915413993,50.32619411803483,53.13474655151367,3349595,0.0,0.0
2002-10-16 00:00:00+02:00,52.6287078857422,54.02033237310557,51.74312866651096,52.62870788574219,2794053,0.0,0.0
2002-10-17 00:00:00+02:00,53.64078521728516,54.27334164673428,52.75520621605639,53.64078521728516,3652136,0.0,0.0
2002-10-18 00:00:00+02:00,53.76731140669002,54.90591329530228,52.75522083903468,54.39986801147461,3237250,0.0,0.0
2002-10-21 00:00:00+02:00,54.14683765784653,54.14683765784653,52.50219071964091,53.00823593139648,2481729,0.0,0.0
2002-10-22 00:00:00+02:00,53.00822896820507,53.64078539980655,52.37567253660357,52.881717681884766,1418375,0.0,0.0
2002-10-23 00:00:00+02:00,53.38776554347236,54.39985588552871,51.99614132314488,52.375675201416016,2326445,0.0,0.0
2002-10-24 00:00:00+02:00,53.008228787836046,53.64078521728516,52.2491610724971,53.64078521728516,2083028,0.0,0.0
2002-10-25 00:00:00+02:00,53.13474494720174,54.14683532714844,52.50218845973505,54.14683532714844,1573967,0.0,0.0
2002-10-28 00:00:00+01:00,54.52637514899758,55.4119543277516,53.26126203649184,53.76730728149414,2129359,0.0,0.0
2002-10-29 00:00:00+01:00,53.13474999852927,53.51428392709019,52.24917083188711,52.50219345092773,1746898,0.0,0.0
2002-10-30 00:00:00+01:00,52.75521920277522,52.88173051980826,51.237083398378815,52.62870788574219,2399138,0.0,0.0
2002-10-31 00:00:00+01:00,52.62869510924417,53.38776282716596,51.61660481868178,52.881717681884766,2200385,0.0,0.0
2002-11-01 00:00:00+01:00,52.50219307876215,52.62870438738568,50.98405737527987,51.86963653564453,1747828,0.0,0.0
2002-11-04 00:00:00+01:00,52.50219866958138,53.5142892463444,52.24917602539063,52.24917602539063,1995694,0.0,0.0
2002-11-05 00:00:00+01:00,51.99613867764268,52.881717681884766,51.36358224604118,52.881717681884766,1323465,0.0,0.0
2002-11-06 00:00:00+01:00,53.26125991601738,54.02032775330029,52.75521469116211,52.75521469116211,1920607,0.0,0.0
2002-11-07 00:00:00+01:00,53.00824395796289,53.5142892463444,51.743130737009125,52.24917602539063,1834454,0.0,0.0
2002-11-08 00:00:00+01:00,52.249172557484016,52.37568387118253,51.237082047895946,51.49010467529297,1762313,0.0,0.0
2002-11-11 00:00:00+01:00,50.7310319621273,51.363588470383256,50.37680186183139,50.98405456542969,1474053,0.0,0.0
2002-11-12 00:00:00+01:00,50.984058735417385,51.99614923140582,50.73103611142028,51.61661529541016,1218966,0.0,0.0
2002-11-13 00:00:00+01:00,51.11056831265673,51.61661354347512,50.30089671551106,51.23707962036133,2285188,0.0,0.0
2002-11-14 00:00:00+01:00,51.23708544862762,52.88173263586752,50.98406280443686,52.24917602539063,2212049,0.0,0.0
2002-11-15 00:00:00+01:00,52.88172235221506,54.52636921962845,52.24916586474838,54.14683532714844,4027749,0.0,0.0
2002-11-18 00:00:00+01:00,55.15892318940499,55.15892318940499,53.8938102722168,53.8938102722168,2165216,0.0,0.0
2002-11-19 00:00:00+01:00,53.89382101947864,54.77940023810857,53.514287068637245,54.02033233642578,1819503,0.0,0.0
2002-11-20 00:00:00+01:00,54.39986731226095,54.77940127025347,53.2612654382834,54.5263786315918,1510304,0.0,0.0
2002-11-21 00:00:00+01:00,55.03241661491744,55.15892791748046,54.399860102102295,55.15892791748047,1403864,0.0,0.0
2002-11-22 00:00:00+01:00,55.158926558821165,55.66497175660852,54.90590395992749,55.41194915771485,1398112,0.0,0.0
2002-11-25 00:00:00+01:00,55.41195609194814,55.66497872250498,54.652888200277616,55.53846740722656,1195230,0.0,0.0
2002-11-26 00:00:00+01:00,55.285448986168,55.53847163599028,54.6528923616123,54.77940368652344,1954705,0.0,0.0
2002-11-27 00:00:00+01:00,54.905905312354406,55.53846182516955,54.273348799539264,55.15892791748047,1323180,0.0,0.0
2002-11-28 00:00:00+01:00,55.41195786690767,55.41195786690767,54.39986731226095,54.5263786315918,1185237,0.0,0.0
2002-11-29 00:00:00+01:00,54.779395984812375,55.032418599060925,53.00823768507248,53.38777160644531,2117663,0.0,0.0
2002-12-02 00:00:00+01:00,53.51428945581396,54.77940268171972,53.51428945581396,54.27335739135742,1464984,0.0,0.0
2002-12-03 00:00:00+01:00,53.89381505196874,54.14683765784653,52.755213325518696,53.00823593139648,1694787,0.0,0.0
2002-12-04 00:00:00+01:00,52.50218364427675,53.76729650317498,52.12264978660728,53.64078521728516,1888460,0.0,0.0
2002-12-05 00:00:00+01:00,53.76730514087265,53.89381644708647,52.628703384948295,52.75521469116211,1480029,0.0,0.0
2002-12-06 00:00:00+01:00,53.00823166520123,53.00823166520123,51.7431187376308,52.375675201416016,1587949,0.0,0.0
2002-12-09 00:00:00+01:00,52.62870438738568,52.7552156960092,51.74312522702101,51.86963653564453,1452337,0.0,0.0
2002-12-10 00:00:00+01:00,51.61660122176976,52.628691441804456,51.61660122176976,52.12264633178711,1379031,0.0,0.0
2002-12-11 00:00:00+01:00,52.2491704615151,52.88172700463272,51.61661391839748,51.86963653564453,1685099,0.0,0.0
2002-12-12 00:00:00+01:00,51.99613505428277,52.502180164300114,51.61660122176976,52.12264633178711,1721859,0.0,0.0
2002-12-13 00:00:00+01:00,52.1226463317871,52.88171399681313,51.74311249927409,52.12264633178711,1212461,0.0,0.0
2002-12-16 00:00:00+01:00,52.12265816009302,53.134748609803566,51.86963554766538,52.75521469116211,1466174,0.0,0.0
2002-12-17 00:00:00+01:00,52.75522131377214,52.88173263586752,51.99615338119988,52.24917602539063,2055822,0.0,0.0
2002-12-18 00:00:00+01:00,52.24918003936312,52.24918003936312,50.8575553894043,50.8575553894043,2239835,0.0,0.0
2002-12-19 00:00:00+01:00,51.11056586708088,51.363588470383256,50.55391691197934,50.98405456542969,2041743,0.0,0.0
2002-12-20 00:00:00+01:00,50.85753129355272,51.616598924799774,50.35148620605468,50.35148620605469,4070160,0.0,0.0
2002-12-23 00:00:00+01:00,50.45269908452872,50.857536742226905,50.19967651367188,50.19967651367188,916509,0.0,0.0
2002-12-24 00:00:00+01:00,50.19967651367188,50.19967651367188,50.19967651367188,50.19967651367188,0,0.0,0.0
2002-12-25 00:00:00+01:00,50.19967651367188,50.19967651367188,50.19967651367188,50.19967651367188,0,0.0,0.0
2002-12-26 00:00:00+01:00,50.19967651367188,50.19967651367188,50.19967651367188,50.19967651367188,0,0.0,0.0
2002-12-27 00:00:00+01:00,49.84545187425863,49.84545187425863,48.32731628417968,48.32731628417969,981246,0.0,0.0
2002-12-30 00:00:00+01:00,48.37793137603056,49.21290691853461,48.27672385728677,48.75746536254883,743424,0.0,0.0
2002-12-31 00:00:00+01:00,48.75746536254883,48.75746536254883,48.75746536254883,48.75746536254883,0,0.0,0.0
2003-01-01 00:00:00+01:00,48.75746536254883,48.75746536254883,48.75746536254883,48.75746536254883,0,0.0,0.0
2003-01-02 00:00:00+01:00,48.75746536254883,48.75746536254883,48.75746536254883,48.75746536254883,0,0.0,0.0
2003-01-03 00:00:00+01:00,50.09847545387135,50.98405456542969,50.09847545387135,50.98405456542969,1681733,0.0,0.0
2003-01-06 00:00:00+01:00,51.110571424362114,51.74312800139629,50.7310374781416,51.36359405517578,1456840,0.0,0.0
2003-01-07 00:00:00+01:00,51.36358667373657,51.49009797096252,50.09847370147705,50.60451889038086,1104018,0.0,0.0
2003-01-08 00:00:00+01:00,50.55391246471686,51.36358395189342,50.42740117419496,51.11056137084961,1277320,0.0,0.0
2003-01-09 00:00:00+01:00,50.8575401232264,51.11056271090414,50.12377616328826,50.42740249633789,1120750,0.0,0.0
2003-01-10 00:00:00+01:00,50.42740722954242,50.85754489680439,49.7189431453834,50.402103424072266,1300976,0.0,0.0
2003-01-13 00:00:00+01:00,50.60451889038086,51.11056407928466,50.478007593154906,50.60451889038086,1078681,0.0,0.0
2003-01-14 00:00:00+01:00,50.60452547940341,51.49010467529297,50.4780141657049,51.49010467529297,1318889,0.0,0.0
2003-01-15 00:00:00+01:00,51.49009570282654,52.24916345274536,51.363584411173406,51.74311828613281,826346,0.0,0.0
2003-01-16 00:00:00+01:00,51.86962957778595,52.24916345274536,51.49009570282654,51.74311828613281,2276411,0.0,0.0
2003-01-17 00:00:00+01:00,52.249170081998095,52.249170081998095,51.23707962036133,51.23707962036133,3092286,0.0,0.0
2003-01-20 00:00:00+01:00,51.36357638105076,51.49008765292527,50.35148620605468,50.35148620605469,1910741,0.0,0.0
2003-01-21 00:00:00+01:00,50.7310351639782,50.7310351639782,49.74424849314603,50.25029373168945,1738916,0.0,0.0
2003-01-22 00:00:00+01:00,50.09847694009574,50.35149955090431,49.31410530226174,49.440616607666016,2265509,0.0,0.0
2003-01-23 00:00:00+01:00,50.60452202014495,51.49010115549749,50.27559185485028,50.73103332519531,4222706,0.0,0.0
2003-01-24 00:00:00+01:00,50.731026808317296,51.11056067471368,49.84544778672572,49.9466552734375,1945491,0.0,0.0
2003-01-27 00:00:00+01:00,49.79484999903294,49.79484999903294,47.11280881138836,47.84657669067383,3462837,0.0,0.0
2003-01-28 00:00:00+01:00,47.82128246945246,48.302023976404925,46.80919183517834,47.365840911865234,2567633,0.0,0.0
2003-01-29 00:00:00+01:00,47.46705647953972,47.56826400756836,45.9489203941918,47.56826400756836,3872180,0.0,0.0
2003-01-30 00:00:00+01:00,47.82127582511782,48.529739942838894,47.36583433081008,47.87187957763672,2306556,0.0,0.0
2003-01-31 00:00:00+01:00,47.49234008789062,47.922477725221306,47.16340994376066,47.49234008789063,1904647,0.0,0.0
2003-02-03 00:00:00+01:00,47.94778708385429,48.68155114661476,47.89718333139129,48.30201721191406,1284171,0.0,0.0
2003-02-04 00:00:00+01:00,48.04898696885631,48.15019831855036,47.44173431396485,47.44173431396485,1900134,0.0,0.0
2003-02-05 00:00:00+01:00,47.56824536001525,47.74536039504317,46.96099270825724,47.34052658081055,1583696,0.0,0.0
2003-02-06 00:00:00+01:00,47.06220112611378,47.44173500616308,45.41755431256679,46.02480697631836,2507894,0.0,0.0
2003-02-07 00:00:00+01:00,45.923608491596525,46.50556132729021,45.59467829222018,45.77179336547852,1482969,0.0,0.0
2003-02-10 00:00:00+01:00,45.74649228780679,45.822399848989896,44.12714513890328,44.30426406860352,2770227,0.0,0.0
2003-02-11 00:00:00+01:00,44.02592804846516,44.10183559312613,43.14034903599603,43.823509216308594,3683686,0.0,0.0
2003-02-12 00:00:00+01:00,43.54519077206161,43.7223058189532,42.1535664794844,42.20417022705078,2772224,0.0,0.0
2003-02-13 00:00:00+01:00,42.02704542693377,42.63429797844211,41.925834094470666,42.48248291015625,2456271,0.0,0.0
2003-02-14 00:00:00+01:00,42.71021650011803,43.14035415649414,42.40659014625363,43.14035415649414,1683618,0.0,0.0
2003-02-17 00:00:00+01:00,43.44398159044525,43.87411925751527,42.81142506216032,43.64640045166016,2291741,0.0,0.0
2003-02-18 00:00:00+01:00,43.54519783826572,43.79822047797483,42.50780347113073,42.76082611083984,2815077,0.0,0.0
2003-02-19 00:00:00+01:00,43.01384228675168,43.11504978309899,41.24268407494426,41.54631042480469,3678440,0.0,0.0
2003-02-20 00:00:00+01:00,41.4957050861897,42.50779545414555,41.24268249420074,42.12826156616211,2451337,0.0,0.0
2003-02-21 00:00:00+01:00,41.622221191134585,42.6343116760254,41.16677970076996,42.63431167602539,3144627,0.0,0.0
2003-02-24 00:00:00+01:00,42.50780033041363,42.558404082452746,40.98966460432743,41.2426872253418,2461257,0.0,0.0
2003-02-25 00:00:00+01:00,40.93906669797517,41.19208935511863,39.37032699584961,39.37032699584961,3745970,0.0,0.0
2003-02-26 00:00:00+01:00,40.93907169434786,42.68492669738129,40.23060739571841,41.47041702270508,8240594,0.0,0.0
2003-02-27 00:00:00+01:00,41.34389722945055,41.82464255493939,40.25590298195372,41.065574645996094,2638882,0.0,0.0
2003-02-28 00:00:00+01:00,40.8631466415582,41.44509934731678,40.30649773810927,41.217376708984375,6188968,0.0,0.0
2003-03-03 00:00:00+01:00,41.49569549838692,42.91262323046371,41.217369167180514,42.83671569824219,3893499,0.0,0.0
2003-03-04 00:00:00+01:00,42.45720578264215,42.684924646594574,41.62223018011721,41.9511604309082,3003363,0.0,0.0
2003-03-05 00:00:00+01:00,41.41979527391221,41.900540488922005,40.66072753940869,40.686031341552734,2337130,0.0,0.0
2003-03-06 00:00:00+01:00,40.98966392027128,41.875243079042576,39.9016658959028,41.36919784545898,3360942,0.0,0.0
2003-03-07 00:00:00+01:00,41.343890665751424,42.00175096005557,40.58482287731669,41.14147567749024,2397724,0.0,0.0
2003-03-10 00:00:00+01:00,41.19207719098309,41.64751861151206,39.6992416381836,39.6992416381836,2194248,0.0,0.0
2003-03-11 00:00:00+01:00,39.47153811423194,39.57274564199184,38.0293096091451,38.206424713134766,3218282,0.0,0.0
2003-03-12 00:00:00+01:00,38.35822702130665,38.510038262112346,37.14371779076895,38.029296875,2468767,0.0,0.0
2003-03-13 00:00:00+01:00,38.257025367916064,38.965489587118455,37.57386495900708,38.07991027832031,2919602,0.0,0.0
2003-03-14 00:00:00+01:00,39.72455873225986,40.33181158893476,39.49683987621165,40.18000030517578,5440475,0.0,0.0
2003-03-17 00:00:00+01:00,39.47152097524723,42.73551058848855,39.01607957644616,41.7993278503418,5392988,0.0,0.0
2003-03-18 00:00:00+01:00,42.153572926568,43.26687098657326,41.79933891778884,42.558406829833984,3045601,0.0,0.0
2003-03-19 00:00:00+01:00,43.01384392337523,44.354864535503005,42.12826478377632,43.64640045166016,4210057,0.0,0.0
2003-03-20 00:00:00+01:00,43.54520083501203,44.531987653459815,43.08975928002868,44.27896499633789,2877296,0.0,0.0
2003-03-21 00:00:00+01:00,46.05012512207031,46.05012512207031,44.835615555478185,46.05012512207031,11135096,0.0,0.0
2003-03-24 00:00:00+01:00,45.39227155570433,45.51878290771111,43.19097480295039,43.51990509033203,2550287,0.0,0.0
2003-03-25 00:00:00+01:00,42.96323881267388,44.354863130829386,42.45719360607188,44.32955932617188,2373291,0.0,0.0
2003-03-26 00:00:00+01:00,44.17775427334091,44.48138066769952,43.49459006001018,43.62110137939453,1850031,0.0,0.0
2003-03-27 00:00:00+01:00,43.064444827153295,43.11504857390773,41.79933185420039,42.33068084716797,3243903,0.0,0.0
2003-03-28 00:00:00+01:00,42.533108287225005,42.7102233670542,41.82464410708906,42.30538558959961,1439717,0.0,0.0
2003-03-31 00:00:00+02:00,41.419801639253,41.49570919653235,40.5595262856036,40.93906021118164,7853155,0.0,0.0
2003-04-01 00:00:00+02:00,41.24268291826479,42.43188834067684,40.98966032367421,42.33068084716797,3619471,0.0,0.0
2003-04-02 00:00:00+02:00,42.4572105056391,44.278973202372704,42.43190669090971,43.51990509033203,4557660,0.0,0.0
2003-04-03 00:00:00+02:00,43.5957971189297,44.35486496013864,43.19095939262414,43.848819732666016,2281297,0.0,0.0
2003-04-04 00:00:00+02:00,43.90028117976598,44.98106101789866,43.15402553623951,44.49213409423828,4646715,1.45,0.0
2003-04-07 00:00:00+02:00,45.4957210818863,46.49930157664211,45.16119294145941,45.65011596679688,4125653,0.0,0.0
2003-04-08 00:00:00+02:00,45.28986154300414,45.80451906053828,44.54360971318975,45.18693161010742,1701372,0.0,0.0
2003-04-09 00:00:00+02:00,45.315586631642375,46.83382442423585,44.80092922038704,46.16476821899414,2494849,0.0,0.0
2003-04-10 00:00:00+02:00,44.77519835079497,44.90386271387197,43.488554720025,43.7716178894043,5778791,0.0,0.0
2003-04-11 00:00:00+02:00,43.74587749612742,45.36704903570052,43.69441254320153,44.77519226074219,2031499,0.0,0.0
2003-04-14 00:00:00+02:00,45.00679833775027,45.34132650945251,44.0032177491688,45.18693161010742,2108646,0.0,0.0
2003-04-15 00:00:00+02:00,45.46999526412581,45.80452346801759,44.82667330530534,45.80452346801758,2225138,0.0,0.0
2003-04-16 00:00:00+02:00,46.21625076884377,46.31918071092447,44.08042109520158,44.749473571777344,3233263,0.0,0.0
2003-04-17 00:00:00+02:00,44.31202051813956,44.46641937552157,43.61723351297264,44.02896118164063,9337659,0.0,0.0
2003-04-18 00:00:00+02:00,44.02896118164063,44.02896118164063,44.02896118164063,44.02896118164063,0,0.0,0.0
2003-04-21 00:00:00+02:00,44.02896118164063,44.02896118164063,44.02896118164063,44.02896118164063,0,0.0,0.0
2003-04-22 00:00:00+02:00,44.26054038612821,44.85239723473603,43.51428865953012,44.67226791381836,1650203,0.0,0.0
2003-04-23 00:00:00+02:00,45.16119594834471,45.495724111044886,44.595073479596415,44.82666778564453,2307983,0.0,0.0
2003-04-24 00:00:00+02:00,44.69800509008577,45.44426085439838,44.00321821929667,44.08041763305664,1931891,0.0,0.0
2003-04-25 00:00:00+02:00,44.209084393540266,44.36347930284581,43.282699231604994,43.51429748535156,1496967,0.0,0.0
2003-04-28 00:00:00+02:00,43.23122732979911,44.440671594792086,42.94816415167262,44.13187789916992,1748634,0.0,0.0
2003-04-29 00:00:00+02:00,44.595068135298646,44.595068135298646,43.33415504646423,43.385623931884766,3378251,0.0,0.0
2003-04-30 00:00:00+02:00,43.77161430299908,44.46640102138292,43.35988680427748,44.41493606567383,2335248,0.0,0.0
2003-05-01 00:00:00+02:00,44.41493606567383,44.41493606567383,44.41493606567383,44.41493606567383,0,0.0,0.0
2003-05-02 00:00:00+02:00,44.517879735921,44.62080967915102,42.92244205670179,44.28628540039063,2620641,0.0,0.0
2003-05-05 00:00:00+02:00,44.543610927422016,45.23839780972753,44.5178764802337,44.90386962890625,1181450,0.0,0.0
2003-05-06 00:00:00+02:00,44.82666926067027,45.65012050835672,44.69800488051534,45.39279174804688,2220924,0.0,0.0
2003-05-07 00:00:00+02:00,45.161196442818685,46.29344139271233,45.00679761941265,45.44425964355469,2531317,0.0,0.0
2003-05-08 00:00:00+02:00,45.31559698693043,45.778785621686175,44.054683685302734,44.054683685302734,2082584,0.0,0.0
2003-05-09 00:00:00+02:00,44.183345127606025,44.62080321272588,43.951750825638186,44.00321578979492,1765835,0.0,0.0
2003-05-12 00:00:00+02:00,44.15761380113848,44.36347365400019,42.71657127195645,43.17976379394531,2216227,0.0,0.0
2003-05-13 00:00:00+02:00,43.33415466578462,44.05467586357116,42.81949722829775,43.84881210327149,2032721,0.0,0.0
2003-05-14 00:00:00+02:00,43.79735586914517,44.92960481307206,43.77162534806016,44.64654159545898,2199413,0.0,0.0
2003-05-15 00:00:00+02:00,44.67227188499435,44.67227188499435,43.771621273817246,44.23480987548828,1907022,0.0,0.0
2003-05-16 00:00:00+02:00,44.67226947181572,44.80093383789063,44.2605419297661,44.80093383789063,1901300,0.0,0.0
2003-05-19 00:00:00+02:00,44.23481293570604,46.52504128991218,44.23481293570604,46.21624755859375,7655326,0.0,0.0
2003-05-20 00:00:00+02:00,46.1390516604888,48.37781129132477,45.3927958325264,48.17194747924805,7931780,0.0,0.0
2003-05-21 00:00:00+02:00,48.37781039789615,48.78953801444591,47.554359091322176,48.223411560058594,5037836,0.0,0.0
2003-05-22 00:00:00+02:00,48.71232626734071,49.99896983527615,48.32633319696008,49.79310607910156,6782600,0.0,0.0
2003-05-23 00:00:00+02:00,50.07617976937642,50.71950168868226,49.74165158603231,50.282039642333984,6082050,0.0,0.0
2003-05-26 00:00:00+02:00,50.33352036180925,50.33352036180925,49.20127116191967,49.407135009765625,1410423,0.0,0.0
2003-05-27 00:00:00+02:00,49.40712763485583,49.45859260750366,48.45501189803094,49.17553329467773,2528949,0.0,0.0
2003-05-28 00:00:00+02:00,49.664447868214815,51.05402152293309,49.664447868214815,50.7452278137207,3734932,0.0,0.0
2003-05-29 00:00:00+02:00,50.745227813720696,50.745227813720696,50.745227813720696,50.7452278137207,0,0.0,0.0
2003-05-30 00:00:00+02:00,50.28203649184648,51.1826871224432,50.230571526831696,51.1054916381836,4706511,0.0,0.0
2003-06-02 00:00:00+02:00,51.46575183403201,53.65304628697837,51.25988804139084,52.75239562988281,10988657,0.0,0.0
2003-06-03 00:00:00+02:00,52.23773405075073,52.62372715950012,51.07975472450256,51.46574783325195,6283831,0.0,0.0
2003-06-04 00:00:00+02:00,51.59441317763983,53.00972126979454,51.38854939711232,52.49506378173828,4789386,0.0,0.0
2003-06-05 00:00:00+02:00,52.88105589866638,53.00972026824951,51.0282897619743,51.46574783325195,4080553,0.0,0.0
2003-06-06 00:00:00+02:00,52.49507368856401,52.88106687745052,51.72308731079101,51.723087310791016,3496053,0.0,0.0
2003-06-09 00:00:00+02:00,51.72308731079101,51.72308731079101,51.72308731079101,51.723087310791016,0,0.0,0.0
2003-06-10 00:00:00+02:00,51.41428287072369,51.72307657241821,51.2341535386123,51.46574783325195,2543184,0.0,0.0
2003-06-11 00:00:00+02:00,51.72308090761326,51.72308090761326,51.259888352986295,51.44001770019531,2981932,0.0,0.0
2003-06-12 00:00:00+02:00,51.85175022765667,53.0097297612768,51.85175022765667,52.88106536865234,6462523,0.0,0.0
2003-06-13 00:00:00+02:00,52.88105058197928,53.65303672186219,51.98040008544922,51.98040008544922,5441721,0.0,0.0
2003-06-16 00:00:00+02:00,52.10906655447823,54.03903198242188,51.98040219261532,54.03903198242188,4673631,0.0,0.0
2003-06-17 00:00:00+02:00,54.03904724121094,54.68236923217773,53.91038284301757,54.68236923217773,5049634,0.0,0.0
2003-06-18 00:00:00+02:00,54.42504043579101,55.32569122314453,53.91038284301757,54.68236923217773,4298428,0.0,0.0
2003-06-19 00:00:00+02:00,54.81102130763339,55.06835004616688,54.03903509203292,54.296363830566406,4040006,0.0,0.0
2003-06-20 00:00:00+02:00,53.910367620558965,54.16769634428479,53.395710173107325,54.03903198242188,7400698,0.0,0.0
2003-06-23 00:00:00+02:00,53.78170199007601,53.91036634890394,52.10906532531288,52.36639404296875,3074741,0.0,0.0
2003-06-24 00:00:00+02:00,52.62372207641602,53.52437257650138,52.49505771926097,52.623722076416016,4128755,0.0,0.0
2003-06-25 00:00:00+02:00,52.88106309094476,53.267056252192525,52.2377411555318,53.009727478027344,3147137,0.0,0.0
2003-06-26 00:00:00+02:00,52.366399664627885,53.78170776367188,52.23773529198752,53.78170776367188,3274487,0.0,0.0
2003-06-27 00:00:00+02:00,53.91037676849727,54.81102745436716,53.78171238480157,54.16770553588867,2230088,0.0,0.0
2003-06-30 00:00:00+02:00,54.03904724121094,55.45435562133789,53.78171844482421,54.68236923217773,7863671,0.0,0.0
2003-07-01 00:00:00+02:00,54.29636052143143,54.8110179671322,53.1383812686047,53.39570999145508,4702245,0.0,0.0
2003-07-02 00:00:00+02:00,53.91038359874248,54.68236999872447,53.39572599875448,54.42504119873047,3238395,0.0,0.0
2003-07-03 00:00:00+02:00,54.42503437525789,55.06835629458718,53.91037683979447,54.81102752685547,2447048,0.0,0.0
2003-07-04 00:00:00+02:00,54.68236387900586,54.93969265020119,54.425035107810544,54.5536994934082,1530028,0.0,0.0
2003-07-07 00:00:00+02:00,54.939694284022536,56.22633817826194,54.8110298945986,55.96900939941406,3571946,0.0,0.0
2003-07-08 00:00:00+02:00,55.96900939941406,56.22633817826194,54.68236550517466,55.96900939941406,3434503,0.0,0.0
2003-07-09 00:00:00+02:00,55.84034500999012,56.612331346533765,55.32568745229436,55.96900939941406,3717317,0.0,0.0
2003-07-10 00:00:00+02:00,56.097666272250095,56.7409881331704,55.583008783513854,56.61232376098633,4530496,0.0,0.0
2003-07-11 00:00:00+02:00,56.226332999564505,57.77030553044499,56.226332999564505,57.126983642578125,5042945,0.0,0.0
2003-07-14 00:00:00+02:00,57.64163140190972,58.027624469333226,57.12697397867839,57.89896011352539,2902238,0.0,0.0
2003-07-15 00:00:00+02:00,57.641650390625,57.89897918701172,56.9983283996582,57.25565719604492,3268130,0.0,0.0
2003-07-16 00:00:00+02:00,57.384305053287086,57.64163377549914,55.197010914484665,55.583003997802734,3957453,0.0,0.0
2003-07-17 00:00:00+02:00,55.45433963669672,55.71166835890877,54.81101783116659,55.583003997802734,3021686,0.0,0.0
2003-07-18 00:00:00+02:00,55.84033272001479,55.96899708112081,55.32567527559069,55.583003997802734,2047459,0.0,0.0
2003-07-21 00:00:00+02:00,55.71166747655624,55.8403318356245,54.93968132214668,55.1970100402832,2020982,0.0,0.0
2003-07-22 00:00:00+02:00,55.45434486531766,55.84033798502985,54.55369425265589,55.06835174560547,2050752,0.0,0.0
2003-07-23 00:00:00+02:00,56.48366175471125,57.898969908018366,56.226332999564505,57.126983642578125,6200658,0.0,0.0
2003-07-24 00:00:00+02:00,57.38430046876624,58.28495092455405,57.25563611793941,58.02762222290039,3874915,0.0,0.0
2003-07-25 00:00:00+02:00,57.12699279785156,57.641650390625,56.9983283996582,57.25565719604492,2278316,0.0,0.0
2003-07-28 00:00:00+02:00,57.641629170419904,58.28495092455405,57.51296481959307,58.02762222290039,1731366,0.0,0.0
2003-07-29 00:00:00+02:00,57.77029575771756,58.156288825141054,57.38430269029405,57.89896011352539,1853608,0.0,0.0
2003-07-30 00:00:00+02:00,57.89897692830939,58.67096328735352,57.77031253513537,58.67096328735352,2050901,0.0,0.0
2003-07-31 00:00:00+02:00,58.79962692927064,59.05695571233091,57.89897618855972,58.92829132080078,3019613,0.0,0.0
2003-08-01 00:00:00+02:00,58.92828898492889,58.92828898492889,57.77030950705911,58.41363143920898,1786127,0.0,0.0
2003-08-04 00:00:00+02:00,58.28495318094889,58.79961060418023,57.64163140190972,57.89896011352539,2337403,0.0,0.0
2003-08-05 00:00:00+02:00,58.15630798339844,58.41363677978515,57.25565719604492,57.25565719604492,2453437,0.0,0.0
2003-08-06 00:00:00+02:00,56.61233444559088,57.51298522086165,56.48367004912363,56.86966323852539,2623382,0.0,0.0
2003-08-07 00:00:00+02:00,56.998316877538514,57.25564562190663,56.35499501661821,56.61232376098633,1446154,0.0,0.0
2003-08-08 00:00:00+02:00,56.86965334442345,57.770303963000295,56.226331474011424,56.99831771850586,1928046,0.0,0.0
2003-08-11 00:00:00+02:00,57.38432159423828,57.770314788818354,56.86966400146484,57.25565719604492,1540891,0.0,0.0
2003-08-12 00:00:00+02:00,57.38432159423828,57.641650390625,56.86966400146484,57.25565719604492,1585587,0.0,0.0
2003-08-13 00:00:00+02:00,57.64163958891788,57.8989683370827,56.99831771850586,56.99831771850586,1869772,0.0,0.0
2003-08-14 00:00:00+02:00,57.25565416472299,57.770311730248594,56.8696609905788,57.64164733886719,1594981,0.0,0.0
2003-08-15 00:00:00+02:00,58.0276222229004,58.15628657372722,57.38430046876624,58.02762222290039,1668671,0.0,0.0
2003-08-18 00:00:00+02:00,58.0276222229004,58.28495092455405,57.641629170419904,58.02762222290039,1026424,0.0,0.0
2003-08-19 00:00:00+02:00,58.15630490439279,58.4136336871556,57.5129829474858,57.64164733886719,1375185,0.0,0.0
2003-08-20 00:00:00+02:00,57.64163873845881,57.89896748282693,56.35499501661821,56.61232376098633,1832767,0.0,0.0
2003-08-21 00:00:00+02:00,56.74098979624932,57.89896917984625,56.612325420294106,57.38431167602539,1613140,0.0,0.0
2003-08-22 00:00:00+02:00,57.77030563354492,58.67095627816588,57.512976877938925,57.77030563354492,2262501,0.0,0.0
2003-08-25 00:00:00+02:00,57.64164115287162,57.898969908018366,56.998319265004746,57.126983642578125,1680564,0.0,0.0
2003-08-26 00:00:00+02:00,57.25565103716861,57.64164419022818,56.48366473104948,56.74099349975586,2095235,0.0,0.0
2003-08-27 00:00:00+02:00,56.86964393807767,56.998308290878754,55.71166476286795,56.226322174072266,2163056,0.0,0.0
2003-08-28 00:00:00+02:00,56.35499644498213,56.74098957131763,55.71167456775631,56.0976676940918,1795805,0.0,0.0
2003-08-29 00:00:00+02:00,55.96899619469276,56.35498927189754,55.1970100402832,55.1970100402832,2791252,0.0,0.0
2003-09-01 00:00:00+02:00,55.32567459317397,56.35498946932604,55.32567459317397,55.84033203125,1327286,0.0,0.0
2003-09-02 00:00:00+02:00,55.58300399780274,56.22632580333286,55.45433963669672,55.583003997802734,1587595,0.0,0.0
2003-09-03 00:00:00+02:00,56.097673788838,56.7409957359577,55.711680620566185,55.96900939941406,3051969,0.0,0.0
2003-09-04 00:00:00+02:00,55.71167162502002,56.869650942861085,55.58300725637102,56.48365783691406,2789041,0.0,0.0
2003-09-05 00:00:00+02:00,56.74099960327148,57.38432159423828,56.612335205078125,57.25565719604492,2077806,0.0,0.0
2003-09-08 00:00:00+02:00,57.12698977334159,57.89897612162999,56.8696609905788,57.64164733886719,2382895,0.0,0.0
2003-09-09 00:00:00+02:00,58.413625833412326,58.54229020749473,56.74098897034104,56.99831771850586,4123480,0.0,0.0
2003-09-10 00:00:00+02:00,57.12699279785156,57.770314788818354,56.86966400146484,57.25565719604492,2548414,0.0,0.0
2003-09-11 00:00:00+02:00,57.126971767112586,58.28495092455405,56.99830741628576,58.02762222290039,3563127,0.0,0.0
2003-09-12 00:00:00+02:00,58.15628657372722,58.28495092455405,57.51296481959307,58.02762222290039,2940922,0.0,0.0
2003-09-15 00:00:00+02:00,58.28496028140545,59.18561088178038,58.15629590992332,58.799617767333984,2794122,0.0,0.0
2003-09-16 00:00:00+02:00,59.05694889556818,59.31427764892578,58.670955765531794,59.31427764892578,2388735,0.0,0.0
2003-09-17 00:00:00+02:00,59.57160640228338,59.57160640228338,59.05694889556818,59.31427764892578,1617442,0.0,0.0
2003-09-18 00:00:00+02:00,59.31427919296991,59.70027233305432,58.928286052885504,59.44294357299805,2001379,0.0,0.0
2003-09-19 00:00:00+02:00,59.70027536296637,59.70027536296637,58.92828904361767,59.05695343017578,2709523,0.0,0.0
2003-09-22 00:00:00+02:00,58.79962065596888,58.92828503377188,57.64164125574192,57.77030563354492,2327086,0.0,0.0
2003-09-23 00:00:00+02:00,57.770311730248594,58.15630490439279,57.25565416472299,57.64164733886719,3419020,0.0,0.0
2003-09-24 00:00:00+02:00,58.28497314453125,58.67096634416391,58.02764434477615,58.28497314453125,3743722,0.0,0.0
2003-09-25 00:00:00+02:00,57.641629170419904,58.0276222229004,57.25563611793941,58.02762222290039,3000635,0.0,0.0
2003-09-26 00:00:00+02:00,57.64164042793582,57.77030480389103,56.612325420294106,57.38431167602539,2915098,0.0,0.0
2003-09-29 00:00:00+02:00,56.869657884109046,57.25565103716861,56.22633596234311,56.74099349975586,2670250,0.0,0.0
2003-09-30 00:00:00+02:00,56.740981167309904,57.12697423647528,55.840330672590696,56.35498809814453,3440245,0.0,0.0
2003-10-01 00:00:00+02:00,55.96900331864664,56.35499644498213,55.06835269053048,56.0976676940918,4304745,0.0,0.0
2003-10-02 00:00:00+02:00,56.483654525544914,56.483654525544914,55.197010914484665,55.583003997802734,2683931,0.0,0.0
2003-10-03 00:00:00+02:00,55.45434965622398,56.869657884109046,55.32568527187079,56.74099349975586,2893886,0.0,0.0
2003-10-06 00:00:00+02:00,56.61232220556308,56.869650942861085,56.22632909961605,56.48365783691406,1372662,0.0,0.0
2003-10-07 00:00:00+02:00,56.61231681092144,56.740981167309904,56.09765938536761,56.35498809814453,4198460,0.0,0.0
2003-10-08 00:00:00+02:00,56.22633596234311,57.25565103716861,55.969007193636735,56.74099349975586,2673350,0.0,0.0
2003-10-09 00:00:00+02:00,56.86965417220453,57.38431167602539,56.483661044338895,57.38431167602539,2775836,0.0,0.0
2003-10-10 00:00:00+02:00,57.25565642792714,57.25565642792714,56.35500565265637,56.86966323852539,2760332,0.0,0.0
2003-10-13 00:00:00+02:00,56.612325420294106,57.38431167602539,56.612325420294106,57.38431167602539,2028545,0.0,0.0
2003-10-14 00:00:00+02:00,57.51297521483548,57.51297521483548,56.35499584809383,56.99831771850586,2759073,0.0,0.0
2003-10-15 00:00:00+02:00,56.99831771850586,57.51297521483548,56.35499584809383,56.99831771850586,4557098,0.0,0.0
2003-10-16 00:00:00+02:00,57.51298522086165,57.641649617328895,56.74099884205813,56.86966323852539,2877704,0.0,0.0
2003-10-17 00:00:00+02:00,56.48365245453299,56.86964552369836,56.09765938536761,56.35498809814453,3355837,0.0,0.0
2003-10-20 00:00:00+02:00,56.48366022217623,57.12698209258826,56.35499584809383,56.99831771850586,1863223,0.0,0.0
2003-10-21 00:00:00+02:00,57.38431855610439,58.02764051301139,57.38431855610439,57.64164733886719,4196864,0.0,0.0
2003-10-22 00:00:00+02:00,57.64163873845881,57.77030311064287,56.612323760986335,56.61232376098633,2351857,0.0,0.0
2003-10-23 00:00:00+02:00,55.84034500999012,56.35500256768589,55.4543518417183,55.96900939941406,2297185,0.0,0.0
2003-10-24 00:00:00+02:00,56.22633817826194,56.612331346533765,55.84034500999012,55.96900939941406,1556353,0.0,0.0
2003-10-27 00:00:00+01:00,56.48365245453299,56.86964552369836,56.22632374175607,56.35498809814453,1335232,0.0,0.0
2003-10-28 00:00:00+01:00,56.61232519587246,56.99831832220795,55.96900331864664,56.0976676940918,3006660,0.0,0.0
2003-10-29 00:00:00+01:00,56.48365245453299,56.86964552369836,56.09765938536761,56.35498809814453,2944202,0.0,0.0
2003-10-30 00:00:00+01:00,56.09767685972187,57.12699203145989,56.09767685972187,56.86966323852539,2741233,0.0,0.0
2003-10-31 00:00:00+01:00,56.74099884205813,57.12699203145989,56.48367004912363,56.86966323852539,1983620,0.0,0.0
2003-11-03 00:00:00+01:00,56.99832538196019,57.6416473388672,56.99832538196019,57.64164733886719,1634401,0.0,0.0
2003-11-04 00:00:00+01:00,57.38432082439439,57.641649617328895,56.74099884205813,56.86966323852539,1528353,0.0,0.0
2003-11-05 00:00:00+01:00,56.74099884205813,57.38432082439439,56.61233444559088,56.86966323852539,2164398,0.0,0.0
2003-11-06 00:00:00+01:00,56.99831854815975,57.5129760519806,56.483661044338895,57.38431167602539,1659096,0.0,0.0
2003-11-07 00:00:00+01:00,57.64165114514349,58.28497314453125,57.512986745265934,58.28497314453125,2233402,0.0,0.0
2003-11-10 00:00:00+01:00,58.02763896660517,58.156303354557735,57.38431702684236,57.51298141479492,2666750,0.0,0.0
2003-11-11 00:00:00+01:00,57.38430046876624,58.15628657372722,57.126971767112586,58.02762222290039,1456338,0.0,0.0
2003-11-12 00:00:00+01:00,58.15630497161998,59.05695571233091,57.641647405499455,58.92829132080078,3476460,0.0,0.0
2003-11-13 00:00:00+01:00,59.18560688002703,60.986907958984375,58.79961379167903,60.986907958984375,6416314,0.0,0.0
2003-11-14 00:00:00+01:00,60.60090689550071,62.016214699854224,60.60090689550071,61.88755035400391,5062820,0.0,0.0
2003-11-17 00:00:00+01:00,60.98691934614038,61.372912506559,60.21493302530317,60.343597412109375,3713311,0.0,0.0
2003-11-18 00:00:00+01:00,60.60093078774921,61.11558837405706,60.472266391172255,60.72959518432617,2775171,0.0,0.0
2003-11-19 00:00:00+01:00,60.21492683656754,60.34359121014995,59.5716049686555,59.82893371582031,2727226,0.0,0.0
2003-11-20 00:00:00+01:00,60.21493148803712,60.47226025508001,58.92828765282265,60.21493148803711,2594217,0.0,0.0
2003-11-21 00:00:00+01:00,59.82893833747277,60.986917789165794,59.82893833747277,60.21493148803711,1799978,0.0,0.0
2003-11-24 00:00:00+01:00,60.60091487063637,61.11557232176705,60.086257419505706,60.986907958984375,1860362,0.0,0.0
2003-11-25 00:00:00+01:00,60.98692168544262,61.75890803589126,60.600928510218296,60.85825729370117,2516285,0.0,0.0
2003-11-26 00:00:00+01:00,60.08625322374804,60.34358193134439,59.70026016235352,59.70026016235352,3639710,0.0,0.0
2003-11-27 00:00:00+01:00,59.95760425169076,60.472261798915575,59.70027547807835,60.343597412109375,1371526,0.0,0.0
2003-11-28 00:00:00+01:00,60.3435889313661,60.729582037536886,59.314273981577344,59.95759582519531,2468439,0.0,0.0
2003-12-01 00:00:00+01:00,60.08626258525442,60.4722557067871,59.95759821141019,60.47225570678711,1531601,0.0,0.0
2003-12-02 00:00:00+01:00,60.472261798915575,60.72959057252798,59.82893986488455,60.343597412109375,1979552,0.0,0.0
2003-12-03 00:00:00+01:00,60.21492849945263,60.72958600799496,60.08626412231705,60.600921630859375,1847461,0.0,0.0
2003-12-04 00:00:00+01:00,60.4722596017938,61.501574658845605,60.34359521966232,61.11558151245117,3063581,0.0,0.0
2003-12-05 00:00:00+01:00,61.24423668454971,61.50156541011505,60.85824359620171,60.986907958984375,2603870,0.0,0.0
2003-12-08 00:00:00+01:00,60.85825729370118,60.98692168544262,60.21493533499397,60.85825729370117,1367128,0.0,0.0
2003-12-09 00:00:00+01:00,61.115586077184055,61.115586077184055,60.47226411847686,60.85825729370117,1456395,0.0,0.0
2003-12-10 00:00:00+01:00,60.600921630859375,60.85825038513054,60.4722572537238,60.600921630859375,1586811,0.0,0.0
2003-12-11 00:00:00+01:00,60.72958844502767,61.75890350341797,60.72958844502767,61.75890350341797,1650476,0.0,0.0
2003-12-12 00:00:00+01:00,61.75891037303877,62.53089675270176,61.75891037303877,62.016239166259766,2549040,0.0,0.0
2003-12-15 00:00:00+01:00,62.5308860542848,62.78821480347938,62.14489293049292,62.4022216796875,1672403,0.0,0.0
2003-12-16 00:00:00+01:00,62.14487904570454,62.27354339155487,61.88755035400391,61.88755035400391,1548361,0.0,0.0
2003-12-17 00:00:00+01:00,62.14489364624024,62.53088677447775,61.3729073897652,62.14489364624024,3413538,0.0,0.0
2003-12-18 00:00:00+01:00,62.27356575962052,64.20353164060049,62.14490136755519,64.07486724853516,3678040,0.0,0.0
2003-12-19 00:00:00+01:00,64.33218525302026,64.33218525302026,63.17420591846589,63.817527770996094,4016487,0.0,0.0
2003-12-22 00:00:00+01:00,63.56019902998401,64.33218525302026,63.431534659477975,63.817527770996094,1539272,0.0,0.0
2003-12-23 00:00:00+01:00,64.2035118560791,64.3321762084961,63.81751879882813,64.3321762084961,1380813,0.0,0.0
2003-12-24 00:00:00+01:00,64.3321762084961,64.3321762084961,64.3321762084961,64.3321762084961,0,0.0,0.0
2003-12-25 00:00:00+01:00,64.3321762084961,64.3321762084961,64.3321762084961,64.3321762084961,0,0.0,0.0
2003-12-26 00:00:00+01:00,64.3321762084961,64.3321762084961,64.3321762084961,64.3321762084961,0,0.0,0.0
2003-12-29 00:00:00+01:00,64.33218158409743,64.71817467360201,63.94618849459284,64.46084594726562,986877,0.0,0.0
2003-12-30 00:00:00+01:00,64.71817921732136,64.84684358952279,64.0748573563142,64.20352172851562,1236320,0.0,0.0
2003-12-31 00:00:00+01:00,64.20352172851562,64.20352172851562,64.20352172851562,64.20352172851562,0,0.0,0.0
2004-01-01 00:00:00+01:00,64.20352172851562,64.20352172851562,64.20352172851562,64.20352172851562,0,0.0,0.0
2004-01-02 00:00:00+01:00,64.20352172851562,64.20352172851562,64.20352172851562,64.20352172851562,0,0.0,0.0
2004-01-05 00:00:00+01:00,64.3321762084961,64.58950491333009,63.68885444641114,64.3321762084961,3236832,0.0,0.0
2004-01-06 00:00:00+01:00,64.07486724853516,64.07486724853516,63.17421650407784,64.07486724853516,2977545,0.0,0.0
2004-01-07 00:00:00+01:00,64.07486566683141,64.33219444460985,62.91688616682844,63.302879333496094,3348305,0.0,0.0
2004-01-08 00:00:00+01:00,63.30287157877271,63.94619344441064,62.53088534000719,62.659549713134766,3255160,0.0,0.0
2004-01-09 00:00:00+01:00,62.78820077495615,63.04552946665678,61.50155731645295,61.88755035400391,2972036,0.0,0.0
2004-01-12 00:00:00+01:00,61.24424135859908,62.27355633941587,60.98691261339488,61.37290573120117,3317142,0.0,0.0
2004-01-13 00:00:00+01:00,61.75890342310856,61.75890342310856,60.729588366056745,61.11558151245117,3389381,0.0,0.0
2004-01-14 00:00:00+01:00,60.85824988544852,62.14489364624024,60.60092113329017,62.14489364624024,3610434,0.0,0.0
2004-01-15 00:00:00+01:00,61.88755035400391,62.14487904570454,61.50155731645295,61.88755035400391,2580681,0.0,0.0
2004-01-16 00:00:00+01:00,61.75890666682547,63.3028793334961,61.75890666682547,63.302879333496094,2954325,0.0,0.0
2004-01-19 00:00:00+01:00,63.17420591846589,64.33218525302026,63.17420591846589,63.817527770996094,2206293,0.0,0.0
2004-01-20 00:00:00+01:00,64.07486410976185,64.20352849552442,62.788220252136114,63.17421340942383,1635631,0.0,0.0
2004-01-21 00:00:00+01:00,63.045532684326176,64.4608405609131,63.045532684326176,64.3321762084961,2919526,0.0,0.0
2004-01-22 00:00:00+01:00,64.84684216478473,65.4901640116576,64.460849056661,64.71817779541016,3321018,0.0,0.0
2004-01-23 00:00:00+01:00,64.8468520935788,65.23284526080249,64.203530148206,64.58952331542969,2056104,0.0,0.0
2004-01-26 00:00:00+01:00,64.84684384688882,65.74749445587338,64.58951510146466,65.49016571044922,2949015,0.0,0.0
2004-01-27 00:00:00+01:00,65.87616356382979,67.03414300147524,65.74749918186919,66.51948547363281,4075542,0.0,0.0
2004-01-28 00:00:00+01:00,66.39082109167221,67.03414300147524,66.133492327751,66.51948547363281,3593956,0.0,0.0
2004-01-29 00:00:00+01:00,65.87616885859073,67.03414838930814,65.87616885859073,66.64815521240234,2717031,0.0,0.0
2004-01-30 00:00:00+01:00,66.7767993702608,66.90546372357537,65.61882019042969,65.61882019042969,3087351,0.0,0.0
2004-02-02 00:00:00+01:00,66.00481457099403,67.54878684166056,65.87615021510516,67.29145812988281,3125416,0.0,0.0
2004-02-03 00:00:00+01:00,67.54880595851589,68.06346352772363,66.00483325089266,66.64815521240234,3705402,0.0,0.0
2004-02-04 00:00:00+01:00,65.87616885859073,66.90548399700621,65.49017568168493,66.64815521240234,3499322,0.0,0.0
2004-02-05 00:00:00+01:00,66.77681652335234,67.29147406881171,66.0048302051633,66.39082336425781,2574665,0.0,0.0
2004-02-06 00:00:00+01:00,66.64814591407776,66.77681028842926,65.10417342185974,65.87615966796875,2287191,0.0,0.0
2004-02-09 00:00:00+01:00,66.26216203549653,66.77681960470427,66.1334976431946,66.64815521240234,2273392,0.0,0.0
2004-02-10 00:00:00+01:00,66.26216203549653,66.77681960470427,65.87616885859073,66.64815521240234,1734725,0.0,0.0
2004-02-11 00:00:00+01:00,66.77681423755402,66.90547861951464,66.133492327751,66.51948547363281,1535714,0.0,0.0
2004-02-12 00:00:00+01:00,66.64813501694623,67.03412807688994,65.61882019042969,65.61882019042969,1878224,0.0,0.0
2004-02-13 00:00:00+01:00,65.87614889705883,66.13347760368796,65.36149148380055,65.61882019042969,2372625,0.0,0.0
2004-02-16 00:00:00+01:00,65.61882696208164,65.74749132867396,64.58951202934311,65.23283386230469,2084217,0.0,0.0
2004-02-17 00:00:00+01:00,65.36151200684549,66.0048339754168,65.23284761313123,65.74750518798828,1445829,0.0,0.0
2004-02-18 00:00:00+01:00,65.74749445587338,66.00482320129754,65.36150133773714,65.49016571044922,1580928,0.0,0.0
2004-02-19 00:00:00+01:00,65.74749445587338,66.2621519467217,65.49016571044922,65.49016571044922,1990076,0.0,0.0
2004-02-20 00:00:00+01:00,65.74749589674543,65.74749589674543,64.46085214142752,64.97550964355469,5228567,0.0,0.0
2004-02-23 00:00:00+01:00,65.10416277717142,66.26214195700253,65.10416277717142,65.61882019042969,1707534,0.0,0.0
2004-02-24 00:00:00+01:00,65.61882521577937,65.74748957894757,64.46084594726562,64.46084594726562,2110959,0.0,0.0
2004-02-25 00:00:00+01:00,64.71818920886182,64.71818920886182,63.4315452882085,64.07486724853516,3320763,0.0,0.0
2004-02-26 00:00:00+01:00,64.46085072875258,65.6188300831613,64.07485761061632,65.49016571044922,3271633,0.0,0.0
2004-02-27 00:00:00+01:00,67.93480070856693,68.83545147553656,67.4201431274414,67.4201431274414,8341998,0.0,0.0
2004-03-01 00:00:00+01:00,68.1921188813403,68.83544075757938,67.80612575559688,68.44944763183594,3025311,0.0,0.0
2004-03-02 00:00:00+01:00,68.57812575439908,69.09278335855967,68.44946135335893,68.96411895751953,3237600,0.0,0.0
2004-03-03 00:00:00+01:00,68.8354430405209,69.22143617906589,68.06345676343095,68.32078552246094,2231115,0.0,0.0
2004-03-04 00:00:00+01:00,68.70677638233155,69.092769508075,67.93479013084469,68.44944763183594,2518124,0.0,0.0
2004-03-05 00:00:00+01:00,68.70677783272482,68.70677783272482,67.8061271869775,67.9347915649414,5251023,0.0,0.0
2004-03-08 00:00:00+01:00,67.9347915649414,68.32078469883312,67.67746280901359,67.9347915649414,5484060,0.0,0.0
2004-03-09 00:00:00+01:00,67.93479691561318,68.57811885610194,67.80613252751543,68.06346130371094,2479243,0.0,0.0
2004-03-10 00:00:00+01:00,67.80612575559688,68.83544075757938,67.80612575559688,68.44944763183594,3263980,0.0,0.0
2004-03-11 00:00:00+01:00,67.80612929323887,68.06345805716008,66.51948547363281,66.51948547363281,4563487,0.0,0.0
2004-03-12 00:00:00+01:00,65.87615966796875,66.51948153972626,65.10417342185974,65.87615966796875,5525779,0.0,0.0
2004-03-15 00:00:00+01:00,65.49016571044922,66.13348757400962,65.10417259231298,65.49016571044922,5969424,0.0,0.0
2004-03-16 00:00:00+01:00,65.23284067426408,65.61883381434849,64.46085439409528,64.84684753417969,3947466,0.0,0.0
2004-03-17 00:00:00+01:00,64.84684076252775,65.49016259548932,64.20351892956616,65.23283386230469,3157130,0.0,0.0
2004-03-18 00:00:00+01:00,65.23284526080249,65.61883842802618,64.58952331542969,64.58952331542969,6806857,0.0,0.0
2004-03-19 00:00:00+01:00,64.58951484511992,64.84684358952279,63.688864239709886,64.20352172851562,6874745,0.0,0.0
2004-03-22 00:00:00+01:00,63.81753688905298,63.81753688905298,62.65955738905,63.302879333496094,11053096,0.0,0.0
2004-03-23 00:00:00+01:00,63.30287230186856,63.560201051063146,62.40222167968751,62.4022216796875,5530343,0.0,0.0
2004-03-24 00:00:00+01:00,62.40221969542965,64.07485651200818,62.40221969542965,63.817527770996094,4367728,0.0,0.0
2004-03-25 00:00:00+01:00,64.07485180404076,64.46084488719762,62.91687255457014,63.4315299987793,7954042,0.0,0.0
2004-03-26 00:00:00+01:00,63.8175353382367,63.8175353382367,62.91688463789868,63.17421340942383,1587276,0.0,0.0
2004-03-29 00:00:00+02:00,63.30286495324337,63.81752239188763,62.91687187426018,63.68885803222656,1316639,0.0,0.0
2004-03-30 00:00:00+02:00,63.688858720883886,63.688858720883886,63.04553691562244,63.4315299987793,1139871,0.0,0.0
2004-03-31 00:00:00+02:00,63.43152931290444,63.94618675154869,63.30286495324337,63.68885803222656,1654710,0.0,0.0
2004-04-01 00:00:00+02:00,63.94618359734031,65.61882019042969,63.81751924402574,65.61882019042969,3138520,0.0,0.0
2004-04-02 00:00:00+02:00,65.61883930095192,66.51949003645518,64.97551734702101,66.26216125488281,2943282,0.0,0.0
2004-04-05 00:00:00+02:00,66.26216203549653,66.64815521240234,66.00483325089266,66.64815521240234,1559303,0.0,0.0
2004-04-06 00:00:00+02:00,66.64814903763946,66.77681341802099,65.8761627553502,66.13349151611328,1360721,0.0,0.0
2004-04-07 00:00:00+02:00,66.26214195700253,66.90546372357537,65.61882019042969,65.61882019042969,2139054,0.0,0.0
2004-04-08 00:00:00+02:00,66.3908137804643,67.80612182617188,66.3908137804643,67.80612182617188,2578853,0.0,0.0
2004-04-09 00:00:00+02:00,67.80612182617188,67.80612182617188,67.80612182617188,67.80612182617188,0,0.0,0.0
2004-04-12 00:00:00+02:00,67.80612182617188,67.80612182617188,67.80612182617188,67.80612182617188,0,0.0,0.0
2004-04-13 00:00:00+02:00,68.40548901944547,68.53578518900632,67.49341583251953,67.49341583251953,1990887,1.65,0.0
2004-04-14 00:00:00+02:00,67.23282697974149,67.88430786132812,66.58134609815484,67.88430786132812,2544038,0.0,0.0
2004-04-15 00:00:00+02:00,67.88429917269308,69.70844540765987,67.6237068534121,69.4478530883789,3019156,0.0,0.0
2004-04-16 00:00:00+02:00,69.57814924801939,70.22963004622181,68.79637229017648,69.4478530883789,3491434,0.0,0.0
2004-04-19 00:00:00+02:00,69.31755774969506,70.22963087798051,69.18726158851142,70.09933471679688,1909619,0.0,0.0
2004-04-20 00:00:00+02:00,69.96905031293352,70.35993886216778,68.9266808483088,69.70845794677734,2523809,0.0,0.0
2004-04-21 00:00:00+02:00,70.0993325165595,70.0993325165595,68.66607478852576,69.5781478881836,3575383,0.0,0.0
2004-04-22 00:00:00+02:00,69.7084621199988,70.0993506926343,68.66609259297077,69.31757354736328,2175648,0.0,0.0
2004-04-23 00:00:00+02:00,69.57816659938024,70.22964756004859,69.57816659938024,69.96905517578125,1983061,0.0,0.0
2004-04-26 00:00:00+02:00,70.35993361855573,73.09615325927734,70.22963744518803,73.09615325927734,7672085,0.0,0.0
2004-04-27 00:00:00+02:00,73.48704100684296,73.61733717884091,72.18407928686348,72.44467163085938,4690268,0.0,0.0
2004-04-28 00:00:00+02:00,72.44467224121094,72.83556076049805,71.40230285644532,71.66289520263672,2417686,0.0,0.0
2004-04-29 00:00:00+02:00,71.92349170635998,72.1840840676149,71.1417146225952,71.27201080322266,2647459,0.0,0.0
2004-04-30 00:00:00+02:00,71.01141494863174,71.79319199393778,70.7508226001964,70.88111877441406,2913964,0.0,0.0
2004-05-03 00:00:00+02:00,70.62051936153142,70.75081552271507,69.8387423944296,70.09933471679688,2337744,0.0,0.0
2004-05-04 00:00:00+02:00,70.22964201132163,70.75082673867838,69.83875346580407,70.490234375,1910628,0.0,0.0
2004-05-05 00:00:00+02:00,70.62052098852004,71.7931864661892,70.62052098852004,71.40229797363281,2504784,0.0,0.0
2004-05-06 00:00:00+02:00,71.53260316447759,71.79319552573251,70.88112226134027,71.27201080322266,2524407,0.0,0.0
2004-05-07 00:00:00+02:00,71.272000450037,71.793185096838,71.14170428833675,71.5325927734375,1944561,0.0,0.0
2004-05-10 00:00:00+02:00,70.75083164702681,71.53260879229782,69.31757354736328,69.31757354736328,4560470,0.0,0.0
2004-05-11 00:00:00+02:00,69.83874020237155,70.35992483074746,69.05696325980769,69.5781478881836,2715458,0.0,0.0
2004-05-12 00:00:00+02:00,69.83874488467262,69.96904105050223,68.14489472888765,68.40548706054688,2990748,0.0,0.0
2004-05-13 00:00:00+02:00,68.66608848215263,69.70845794677734,68.27519993291837,69.70845794677734,2571272,0.0,0.0
2004-05-14 00:00:00+02:00,69.70844623324597,70.62051936153142,69.57815007206233,70.09933471679688,2563740,0.0,0.0
2004-05-17 00:00:00+02:00,69.70844046095222,69.70844046095222,68.79636740819208,69.187255859375,1942066,0.0,0.0
2004-05-18 00:00:00+02:00,69.31756939754308,69.96905031293352,69.187273214465,69.70845794677734,1886604,0.0,0.0
2004-05-19 00:00:00+02:00,69.96904964764326,70.6205305568392,69.5781611021257,70.490234375,2207251,0.0,0.0
2004-05-20 00:00:00+02:00,70.490234375,70.490234375,70.490234375,70.490234375,0,0.0,0.0
2004-05-21 00:00:00+02:00,70.35992978224114,70.35992978224114,69.70844895092408,69.8387451171875,1842938,0.0,0.0
2004-05-24 00:00:00+02:00,70.22963087798051,70.62051936153142,69.96903855561324,70.09933471679688,1360263,0.0,0.0
2004-05-25 00:00:00+02:00,69.8387583108773,69.96905450175579,69.05698116560627,69.31757354736328,2058844,0.0,0.0
2004-05-26 00:00:00+02:00,70.0993325165595,70.0993325165595,68.92666710271371,69.5781478881836,2242739,0.0,0.0
2004-05-27 00:00:00+02:00,69.83875412985543,70.0993464960116,69.44786558062117,69.70845794677734,2332803,0.0,0.0
2004-05-28 00:00:00+02:00,69.83874846949722,69.96904464201494,68.27519439928459,68.79637908935547,2933119,0.0,0.0
2004-05-31 00:00:00+02:00,68.79637908935547,68.79637908935547,68.79637908935547,68.79637908935547,0,0.0,0.0
2004-06-01 00:00:00+02:00,68.79638109554942,68.92667727186675,67.88430786132812,67.88430786132812,2501123,0.0,0.0
2004-06-02 00:00:00+02:00,68.01460890469086,68.79638601853789,67.88431271904969,68.14490509033203,3176556,0.0,0.0
2004-06-03 00:00:00+02:00,68.14488086263643,68.53576928058654,68.01458472331971,68.27517700195312,1717088,0.0,0.0
2004-06-04 00:00:00+02:00,68.27519439928459,69.0569714343909,68.14489822676687,68.79637908935547,2104554,0.0,0.0
2004-06-07 00:00:00+02:00,69.4478704648326,69.57816665707432,68.2752047346572,68.53579711914062,2063338,0.0,0.0
2004-06-08 00:00:00+02:00,68.66608491923209,68.66608491923209,66.97223462710683,67.88430786132812,4081864,0.0,0.0
2004-06-09 00:00:00+02:00,68.14490085342555,68.6660855635856,66.97223525556547,67.10253143310547,3235550,0.0,0.0
2004-06-10 00:00:00+02:00,66.84192844436103,66.97222460117264,65.53896687624483,65.92985534667969,4487404,0.0,0.0
2004-06-11 00:00:00+02:00,66.19044225356157,66.71162683823529,65.66925766888787,66.45103454589844,1896493,0.0,0.0
2004-06-14 00:00:00+02:00,66.19046577574716,66.45105816069103,65.4086886209155,65.66928100585938,2114670,0.0,0.0
2004-06-15 00:00:00+02:00,65.92984996122472,66.84192298440372,65.79955381505629,66.45103454589844,2646081,0.0,0.0
2004-06-16 00:00:00+02:00,66.5813399534959,68.01459776071401,66.45104378920335,67.7540054321289,2990303,0.0,0.0
2004-06-17 00:00:00+02:00,67.88430572155598,68.27519423818681,67.23282486050456,67.36312103271484,2114324,0.0,0.0
2004-06-18 00:00:00+02:00,67.36311966295868,67.62371200208038,66.97223115427614,67.49341583251953,6046989,0.0,0.0
2004-06-21 00:00:00+02:00,67.75401444334055,68.27519916982779,67.49342208009693,67.62371826171875,1670064,0.0,0.0
2004-06-22 00:00:00+02:00,67.23282270821912,67.75400738037585,66.5813418680232,66.84193420410156,2085122,0.0,0.0
2004-06-23 00:00:00+02:00,66.84192929202564,67.2328177674176,66.32074465816969,66.58133697509766,1663440,0.0,0.0
2004-06-24 00:00:00+02:00,67.10252024233341,67.23281639814377,66.45103946328163,66.71163177490234,1462746,0.0,0.0
2004-06-25 00:00:00+02:00,66.58133069206686,66.97221913057214,66.06014610739315,66.45103454589844,1437911,0.0,0.0
2004-06-28 00:00:00+02:00,66.32074518487005,66.97222598236387,65.66926438737624,65.799560546875,1862157,0.0,0.0
2004-06-29 00:00:00+02:00,65.66928100585938,65.79957719833132,65.01780004349966,65.66928100585938,3396086,0.0,0.0
2004-06-30 00:00:00+02:00,65.53896516369234,65.79955747050623,64.62689208984375,64.62689208984375,2809333,0.0,0.0
2004-07-01 00:00:00+02:00,65.01778140800918,66.06015064901935,65.01778140800918,65.27837371826172,3343087,0.0,0.0
2004-07-02 00:00:00+02:00,65.2783869345357,66.45105256809023,65.14809075302965,66.19046020507812,2171041,0.0,0.0
2004-07-05 00:00:00+02:00,65.92985534667969,66.84192844436103,65.79955918986806,65.92985534667969,1166166,0.0,0.0
2004-07-06 00:00:00+02:00,66.06016958327521,66.45105816069103,65.27839242844355,65.66928100585938,2208117,0.0,0.0
2004-07-07 00:00:00+02:00,65.66928100585938,66.19046577574716,65.53898481338743,65.66928100585938,2249240,0.0,0.0
2004-07-08 00:00:00+02:00,66.19045955197821,66.97223663330078,65.92986719153735,66.97223663330078,2967801,0.0,0.0
2004-07-09 00:00:00+02:00,66.58135783178567,66.7116540310651,65.79958063610913,66.06017303466797,1249260,0.0,0.0
2004-07-12 00:00:00+02:00,65.79955833876681,65.92985449389307,64.88748525288291,65.27837371826172,1693940,0.0,0.0
2004-07-13 00:00:00+02:00,65.4086726003276,65.66926492144445,64.62689563697708,65.01778411865234,1774171,0.0,0.0
2004-07-14 00:00:00+02:00,64.62691146608384,65.79957719833132,64.36631908113995,65.66928100585938,2333310,0.0,0.0
2004-07-15 00:00:00+02:00,65.53898695824851,65.53898695824851,64.62691358109595,64.75720977783203,1456033,0.0,0.0
2004-07-16 00:00:00+02:00,64.10570747621597,64.62689208984375,63.71481901599514,64.62689208984375,2240754,0.0,0.0
2004-07-19 00:00:00+02:00,64.7571937126842,64.88748987709604,64.105712890625,64.105712890625,1753695,0.0,0.0
2004-07-20 00:00:00+02:00,64.36631366399328,66.45105256809023,64.23601748248723,66.19046020507812,2434767,0.0,0.0
2004-07-21 00:00:00+02:00,67.23281639814377,67.49340870976448,65.79955868422985,66.71163177490234,3124542,0.0,0.0
2004-07-22 00:00:00+02:00,65.92985534667969,66.32074381711455,65.2783745626216,65.92985534667969,2454489,0.0,0.0
2004-07-23 00:00:00+02:00,66.19046577574716,66.45105816069103,65.01780004349966,65.66928100585938,1156740,0.0,0.0
2004-07-26 00:00:00+02:00,65.66927401990776,65.92986637712961,64.62690459102033,64.88749694824219,1207239,0.0,0.0
2004-07-27 00:00:00+02:00,64.88748525288291,65.40866987338799,64.75718909775664,65.27837371826172,1086498,0.0,0.0
2004-07-28 00:00:00+02:00,65.40868377685547,65.92986850814515,65.14809141121063,65.40868377685547,1301832,0.0,0.0
2004-07-29 00:00:00+02:00,65.66928100585938,66.06016958327521,65.14809623597161,65.66928100585938,1140432,0.0,0.0
2004-07-30 00:00:00+02:00,65.79955918986806,66.32074381711455,65.53896687624483,65.92985534667969,1200316,0.0,0.0
2004-08-02 00:00:00+02:00,65.66926218364054,65.92985449389307,64.88748525288291,65.27837371826172,1814949,0.0,0.0
2004-08-03 00:00:00+02:00,65.53897995967789,66.06016469096758,64.88749904556579,65.40868377685547,1949716,0.0,0.0
2004-08-04 00:00:00+02:00,65.14809623597161,65.92987339080327,65.14809623597161,65.66928100585938,1132445,0.0,0.0
2004-08-05 00:00:00+02:00,65.79956108200287,65.9298572425613,64.88748795809391,65.01778411865234,1210614,0.0,0.0
2004-08-06 00:00:00+02:00,64.6269069734167,64.6269069734167,63.06335277244693,63.58453750610352,2090564,0.0,0.0
2004-08-09 00:00:00+02:00,63.454227447509766,63.7148197573558,62.933042827817694,63.454227447509766,1217392,0.0,0.0
2004-08-10 00:00:00+02:00,63.58453231842728,63.97542083677827,63.323939972859954,63.71482849121094,1637694,0.0,0.0
2004-08-11 00:00:00+02:00,63.84512987293181,63.97542605634596,62.93305658903279,63.58453750610352,2236732,0.0,0.0
2004-08-12 00:00:00+02:00,63.84512678846626,64.88749620542082,63.84512678846626,64.23601531982422,2052441,0.0,0.0
2004-08-13 00:00:00+02:00,64.23601020177205,64.23601020177205,62.02097536722818,62.54216003417969,4990954,0.0,0.0
2004-08-16 00:00:00+02:00,62.28155899047852,62.28155899047852,61.10889365383771,62.28155899047852,3323797,0.0,0.0
2004-08-17 00:00:00+02:00,62.1512690964223,62.67245374293318,61.63008444991142,62.41186141967773,2527764,0.0,0.0
2004-08-18 00:00:00+02:00,62.41186873249988,63.1936457938673,62.2815725556053,62.8027572631836,1604250,0.0,0.0
2004-08-19 00:00:00+02:00,63.06333948718287,63.06333948718287,62.54215486332186,62.67245101928711,2039847,0.0,0.0
2004-08-20 00:00:00+02:00,62.41186798543551,62.54216416077044,62.151275634765625,62.151275634765625,1711226,0.0,0.0
2004-08-23 00:00:00+02:00,62.28156255139135,62.80274717525237,61.760377927530335,62.67245101928711,2054082,0.0,0.0
2004-08-24 00:00:00+02:00,62.54215758130546,62.8027499045609,62.281565258050016,62.41186141967773,1230063,0.0,0.0
2004-08-25 00:00:00+02:00,62.67245374293318,62.933046066188616,62.41186141967773,62.41186141967773,2564564,0.0,0.0
2004-08-26 00:00:00+02:00,62.93305250583501,64.1057180804779,62.802756330874686,63.97542190551758,2127010,0.0,0.0
2004-08-27 00:00:00+02:00,63.84512406166154,64.62690109098801,63.71482789010713,64.4966049194336,1547561,0.0,0.0
2004-08-30 00:00:00+02:00,64.36630874787919,65.14808577720565,64.36630874787919,64.4966049194336,1335271,0.0,0.0
2004-08-31 00:00:00+02:00,64.23601425543822,64.49660660535885,63.97542190551757,63.97542190551758,2006205,0.0,0.0
2004-09-01 00:00:00+02:00,64.36631223379848,64.88749694824219,64.10571987657663,64.88749694824219,1550945,0.0,0.0
2004-09-02 00:00:00+02:00,64.75719726254242,64.88749343409684,64.36630874787919,64.4966049194336,1516409,0.0,0.0
2004-09-03 00:00:00+02:00,64.23600905503685,64.36630521944869,63.58452823297765,64.105712890625,1955884,0.0,0.0
2004-09-06 00:00:00+02:00,64.23601605518755,65.27838548407497,64.23601605518755,64.88749694824219,1467946,0.0,0.0
2004-09-07 00:00:00+02:00,65.01778140800918,65.66926218364054,64.88748525288291,65.27837371826172,2190334,0.0,0.0
2004-09-08 00:00:00+02:00,65.27839456477635,65.40869076151243,64.36632118762378,64.75720977783203,1938906,0.0,0.0
2004-09-09 00:00:00+02:00,64.4966049194336,65.01778960565125,64.23601257632478,64.4966049194336,1710000,0.0,0.0
2004-09-10 00:00:00+02:00,64.49661738435987,64.75720977783203,64.2360249908877,64.75720977783203,1240371,0.0,0.0
2004-09-13 00:00:00+02:00,64.88748609218673,66.45103997392617,64.88748609218673,65.92985534667969,2825062,0.0,0.0
2004-09-14 00:00:00+02:00,65.799560546875,66.32074518487005,65.799560546875,65.799560546875,1859710,0.0,0.0
2004-09-15 00:00:00+02:00,65.799560546875,66.06015286587252,65.66926438737624,65.799560546875,1520555,0.0,0.0
2004-09-16 00:00:00+02:00,65.92985534667969,66.19044766030292,65.4086707194332,65.92985534667969,1205804,0.0,0.0
2004-09-17 00:00:00+02:00,65.53896822787748,65.799560546875,65.40867206837872,65.799560546875,3120866,0.0,0.0
2004-09-20 00:00:00+02:00,65.92986313840177,67.6237133771354,65.79956696619149,67.36312103271484,3381723,0.0,0.0
2004-09-21 00:00:00+02:00,67.49340016605291,68.40547314126984,67.49340016605291,68.27517700195312,2847924,0.0,0.0
2004-09-22 00:00:00+02:00,68.27519439928459,69.0569714343909,68.14489822676687,68.79637908935547,3533424,0.0,0.0
2004-09-23 00:00:00+02:00,68.53579504371146,69.18727598519162,67.75401791393529,68.01461029052734,2171645,0.0,0.0
2004-09-24 00:00:00+02:00,67.88430434120208,68.01460051076293,67.23282349339785,67.49341583251953,1557111,0.0,0.0
2004-09-27 00:00:00+02:00,67.36312378818549,67.49341996572551,67.10253143310547,67.10253143310547,1404037,0.0,0.0
2004-09-28 00:00:00+02:00,66.97223462710683,67.88430786132812,66.8419384507895,67.88430786132812,2088806,0.0,0.0
2004-09-29 00:00:00+02:00,67.88431410223131,68.2752026671194,67.62372172563926,68.01461029052734,1493874,0.0,0.0
2004-09-30 00:00:00+02:00,68.53578798160997,68.66608415647995,67.23282623291016,67.23282623291016,2989240,0.0,0.0
2004-10-01 00:00:00+02:00,67.23282697974149,67.88430786132812,67.23282697974149,67.88430786132812,1616770,0.0,0.0
2004-10-04 00:00:00+02:00,68.27519439928459,69.0569714343909,68.17095905179987,68.79637908935547,1762657,0.0,0.0
2004-10-05 00:00:00+02:00,68.43154617264298,69.05696616245285,68.27518918702886,68.84849548339844,1929140,0.0,0.0
2004-10-06 00:00:00+02:00,68.74426477821483,69.42180653816868,68.58791571662002,69.26544952392578,1664139,0.0,0.0
2004-10-07 00:00:00+02:00,69.73451704165242,69.78663074200037,66.81587943214575,67.12859344482422,4739457,0.0,0.0
2004-10-08 00:00:00+02:00,66.81588388532126,67.12859791884162,65.98198907402319,66.503173828125,3089340,0.0,0.0
2004-10-11 00:00:00+02:00,66.34680974563575,66.45104508857865,65.721385759008,66.03409576416016,1194666,0.0,0.0
2004-10-12 00:00:00+02:00,66.24258680915155,66.24258680915155,65.40869193040332,66.13835144042969,1249897,0.0,0.0
2004-10-13 00:00:00+02:00,66.29469913121946,66.71164852503054,66.19046377092874,66.503173828125,1568858,0.0,0.0
2004-10-14 00:00:00+02:00,65.51290948918235,65.72138414627585,64.73113250732422,64.73113250732422,2417784,0.0,0.0
2004-10-15 00:00:00+02:00,64.31418211693169,64.73112742204009,64.26206445083352,64.62689208984375,2282512,0.0,0.0
2004-10-18 00:00:00+02:00,64.62689352963757,64.8353681749978,64.2099442389171,64.41841888427734,1691773,0.0,0.0
2004-10-19 00:00:00+02:00,64.67901212257932,65.25231442328268,64.62689445457414,64.9917221069336,2032729,0.0,0.0
2004-10-20 00:00:00+02:00,64.5747771397184,64.6268948080086,64.20994550904057,64.36630249023438,1843161,0.0,0.0
2004-10-21 00:00:00+02:00,64.52266478097563,64.73113547129142,63.89724078105763,64.00148010253906,2208368,0.0,0.0
2004-10-22 00:00:00+02:00,64.105712890625,64.67901521877242,63.89723823230139,64.105712890625,1338393,0.0,0.0
2004-10-25 00:00:00+02:00,63.42817987810106,63.480301532018565,62.698524439143085,62.85487747192383,2374196,0.0,0.0
2004-10-26 00:00:00+02:00,62.69852066040039,63.06334835789178,62.385806661037854,62.69852066040039,1717128,0.0,0.0
2004-10-27 00:00:00+02:00,62.69851393378662,63.480290895672624,62.38579996797362,63.42816925048828,2443091,0.0,0.0
2004-10-28 00:00:00+02:00,64.10571251236705,64.7832541538401,63.897237855273545,64.73113250732422,2431308,0.0,0.0
2004-10-29 00:00:00+02:00,64.47054460866394,64.7832586039469,63.79300689697266,63.793006896972656,1515384,0.0,0.0
2004-11-01 00:00:00+01:00,63.89723823230139,64.20994823162513,63.63664590347771,64.105712890625,982459,0.0,0.0
2004-11-02 00:00:00+01:00,64.00147356988,64.41841888427734,63.89723425903833,64.41841888427734,1348658,0.0,0.0
2004-11-03 00:00:00+01:00,65.20021136478125,65.82563544995264,64.78326595099108,65.77351379394531,3225802,0.0,0.0
2004-11-04 00:00:00+01:00,65.87775272322118,66.08622741699219,65.3565679769557,66.08622741699219,2067041,0.0,0.0
2004-11-05 00:00:00+01:00,66.39893341064453,66.71164344402364,66.08622337726544,66.39893341064453,1897677,0.0,0.0
2004-11-08 00:00:00+01:00,66.29469363123582,66.34681528338113,65.14808885786687,65.5129165649414,1645244,0.0,0.0
2004-11-09 00:00:00+01:00,65.61713947548193,65.61713947548193,64.93959793035168,65.09595489501953,1436045,0.0,0.0
2004-11-10 00:00:00+01:00,65.14808508587845,65.66926976656548,65.04384974027047,65.35655975341797,1526795,0.0,0.0
2004-11-11 00:00:00+01:00,65.3565635374768,65.72139124455134,64.8874965024354,65.5129165649414,1339832,0.0,0.0
2004-11-12 00:00:00+01:00,65.66926303305645,66.29468299522297,65.66926303305645,65.92985534667969,1706752,0.0,0.0
2004-11-15 00:00:00+01:00,66.2946932439658,66.50316792235789,65.51291618223826,65.82563018798828,1236013,0.0,0.0
2004-11-16 00:00:00+01:00,65.82562128416927,66.45104125842516,65.82562128416927,65.87773895263672,2183374,0.0,0.0
2004-11-17 00:00:00+01:00,66.03409068159972,66.19044766030292,65.51290605435325,65.92985534667969,1633880,0.0,0.0
2004-11-18 00:00:00+01:00,65.721385759008,66.13833508342651,65.46079342532731,66.03409576416016,1653522,0.0,0.0
2004-11-19 00:00:00+01:00,65.77351238285794,65.92986939487736,64.31419750141394,64.47055053710938,3628658,0.0,0.0
2004-11-22 00:00:00+01:00,64.20994550904057,64.41842015852458,63.897235522976125,64.36630249023438,1706846,0.0,0.0
2004-11-23 00:00:00+01:00,64.57478284587195,64.99172820536018,63.32393881476012,63.532413482666016,1828536,0.0,0.0
2004-11-24 00:00:00+01:00,63.94936672571129,64.105723739997,63.01123656896918,63.37606430053711,1706239,0.0,0.0
2004-11-25 00:00:00+01:00,63.584522086129695,64.00147136246957,63.37604744795975,63.74087905883789,773646,0.0,0.0
2004-11-26 00:00:00+01:00,63.584522086129695,63.792996724299634,63.37604744795975,63.74087905883789,634178,0.0,0.0
2004-11-29 00:00:00+01:00,63.68877435278448,64.0014883813559,63.21971126257544,63.37606430053711,1166852,0.0,0.0
2004-11-30 00:00:00+01:00,63.58452936808268,63.636647039513136,62.54216003417968,62.54216003417969,1838674,0.0,0.0
2004-12-01 00:00:00+01:00,62.646403394992085,63.58453750610352,62.646403394992085,63.58453750610352,1905778,0.0,0.0
2004-12-02 00:00:00+01:00,63.845115169402085,64.73112742204009,63.53240519649003,64.62689208984375,2031155,0.0,0.0
2004-12-03 00:00:00+01:00,64.67900880380482,64.99171877211349,63.740878898878826,64.0535888671875,1918190,0.0,0.0
2004-12-06 00:00:00+01:00,63.84513136707019,63.94936672571129,63.06335424828973,63.37606430053711,1310398,0.0,0.0
2004-12-07 00:00:00+01:00,63.21969429292339,64.36629883549615,63.06333732060757,64.0535888671875,1861131,0.0,0.0
2004-12-08 00:00:00+01:00,63.84512987293181,63.94936522913355,63.428180495476965,63.58453750610352,1304157,0.0,0.0
2004-12-09 00:00:00+01:00,63.53239809427201,64.41841024786366,63.42815879740543,63.84510803222656,1789157,0.0,0.0
2004-12-10 00:00:00+01:00,63.94935336024812,64.47053799717376,63.94935336024812,64.20994567871094,1508877,0.0,0.0
2004-12-13 00:00:00+01:00,64.31418354975878,64.67901119689684,64.10570890439855,64.41841888427734,1013603,0.0,0.0
2004-12-14 00:00:00+01:00,64.78325885371305,65.20020422182512,64.52266650752165,65.14808654785156,1678082,0.0,0.0
2004-12-15 00:00:00+01:00,65.35655647860473,65.46079181898982,64.67901483713167,64.73113250732422,1801122,0.0,0.0
2004-12-16 00:00:00+01:00,65.04384974027047,65.46079509902596,64.93961041833893,65.35655975341797,1959462,0.0,0.0
2004-12-17 00:00:00+01:00,65.87775016472835,67.33706501180188,65.4608007933794,66.19046020507812,7374352,0.0,0.0
2004-12-20 00:00:00+01:00,66.55528707246293,67.38918580450704,66.50316939579113,67.12859344482422,2584767,0.0,0.0
2004-12-21 00:00:00+01:00,66.7637657317978,67.38918580450704,66.7637657317978,67.12859344482422,1726027,0.0,0.0
2004-12-22 00:00:00+01:00,67.12859344482422,67.12859344482422,67.12859344482422,67.12859344482422,0,0.0,0.0
2004-12-23 00:00:00+01:00,68.01461265577458,68.11884801950661,67.44130622627571,68.06673431396484,1325882,0.0,0.0
2004-12-24 00:00:00+01:00,68.06673431396484,68.06673431396484,68.06673431396484,68.06673431396484,0,0.0,0.0
2004-12-27 00:00:00+01:00,67.75399526555626,67.96246591608437,67.64975994029221,67.85823059082031,818184,0.0,0.0
2004-12-28 00:00:00+01:00,67.75399273616078,68.22305565866071,67.64975741478804,67.96246337890625,591584,0.0,0.0
2004-12-29 00:00:00+01:00,67.96246337890625,67.96246337890625,67.96246337890625,67.96246337890625,0,0.0,0.0
2004-12-30 00:00:00+01:00,68.01460516220362,68.58791152853794,68.01460516220362,68.22307586669922,957204,0.0,0.0
2004-12-31 00:00:00+01:00,68.22307586669922,68.22307586669922,68.22307586669922,68.22307586669922,0,0.0,0.0
2005-01-03 00:00:00+01:00,68.37944009792088,69.00486023015141,68.37944009792088,68.53579711914062,1385447,0.0,0.0
2005-01-04 00:00:00+01:00,68.43155918852044,68.64002990722656,68.01460979846001,68.64002990722656,1506428,0.0,0.0
2005-01-05 00:00:00+01:00,68.27517700195312,68.58789091737131,67.96246308653495,68.27517700195312,1948279,0.0,0.0
2005-01-06 00:00:00+01:00,68.06672393824864,68.6921439779537,67.9624806377584,68.32731628417969,1516969,0.0,0.0
2005-01-07 00:00:00+01:00,68.17096958045052,68.53579732931642,67.96249090063537,68.37944030761719,2272134,0.0,0.0
2005-01-10 00:00:00+01:00,68.3272986387379,68.48364764380177,67.70187080790154,68.27517700195312,1302777,0.0,0.0
2005-01-11 00:00:00+01:00,67.33705173226281,67.54553035314711,66.50315713034115,66.71163177490234,3563591,0.0,0.0
2005-01-12 00:00:00+01:00,66.8158828807046,66.8680045363904,65.72139570881191,66.08622741699219,2991691,0.0,0.0
2005-01-13 00:00:00+01:00,66.45105256809023,66.50317024542788,65.77351083372918,66.19046020507812,2257310,0.0,0.0
2005-01-14 00:00:00+01:00,65.92986256215985,66.97223193073155,65.92986256215985,66.55528259277344,1812570,0.0,0.0
2005-01-17 00:00:00+01:00,66.60739008937506,66.76374705196717,66.19044084001125,66.65950775146484,1045744,0.0,0.0
2005-01-18 00:00:00+01:00,66.45104472958681,66.60740171947992,65.92986006504104,66.34680938720703,1939124,0.0,0.0
2005-01-19 00:00:00+01:00,66.55526845096253,66.86798237614676,66.34679780260336,66.65950775146484,1648478,0.0,0.0
2005-01-20 00:00:00+01:00,66.65950775146484,66.65950775146484,66.65950775146484,66.65950775146484,0,0.0,0.0
2005-01-21 00:00:00+01:00,66.29467757996719,66.76374847776091,66.24255991676438,66.45103454589844,1461094,0.0,0.0
2005-01-24 00:00:00+01:00,66.45103454589844,66.45103454589844,66.45103454589844,66.45103454589844,0,0.0,0.0
2005-01-25 00:00:00+01:00,66.19044766030292,66.34680463900612,65.4086707194332,65.92985534667969,2513255,0.0,0.0
2005-01-26 00:00:00+01:00,65.92985662110418,66.13833127129722,65.7734996393786,65.87773895263672,1456515,0.0,0.0
2005-01-27 00:00:00+01:00,65.87773895263672,65.87773895263672,65.87773895263672,65.87773895263672,0,0.0,0.0
2005-01-28 00:00:00+01:00,66.13833401194523,66.29468702382657,65.4086746941955,65.61714935302734,1998860,0.0,0.0
2005-01-31 00:00:00+01:00,65.56503401394997,66.1383363638821,65.56503401394997,65.98197937011719,1524624,0.0,0.0
2005-02-01 00:00:00+01:00,66.19045892279311,66.2425765991211,65.82563121217339,66.2425765991211,1505688,0.0,0.0
2005-02-02 00:00:00+01:00,64.78325660024129,65.04384893736804,62.80275324754853,63.11546325683594,10779832,0.0,0.0
2005-02-03 00:00:00+01:00,63.32393590415397,64.26206987844857,63.01122590483023,64.105712890625,5069391,0.0,0.0
2005-02-04 00:00:00+01:00,64.26207244175735,64.36630778691524,63.74088776332079,64.00148010253906,1848324,0.0,0.0
2005-02-07 00:00:00+01:00,64.31419692848753,64.3663146065884,63.376062817376095,63.58453750610352,2989674,0.0,0.0
2005-02-08 00:00:00+01:00,63.532407120701365,63.84511710308449,63.32393247367156,63.63664245605469,2017662,0.0,0.0
2005-02-09 00:00:00+01:00,63.48030214990179,63.84512987293181,63.32394513927523,63.58453750610352,1762091,0.0,0.0
2005-02-10 00:00:00+01:00,63.584524615337365,64.15782691086676,63.48028928026771,63.9493522644043,3011724,0.0,0.0
2005-02-11 00:00:00+01:00,64.1057103418551,64.41842032874584,64.05359267342718,64.20994567871094,2204188,0.0,0.0
2005-02-14 00:00:00+01:00,64.31418482194418,64.5747771397184,64.10571017246015,64.36630249023438,2048520,0.0,0.0
2005-02-15 00:00:00+01:00,64.47053782681479,64.67901247629881,64.26206715365397,64.36630249023438,1604188,0.0,0.0
2005-02-16 00:00:00+01:00,64.2099356304531,64.52264954473024,63.792990371954566,63.84510803222656,1886762,0.0,0.0
2005-02-17 00:00:00+01:00,63.68877224239289,63.793011573903975,62.85487747192383,62.85487747192383,3075201,0.0,0.0
2005-02-18 00:00:00+01:00,62.90698460923095,63.480290895672624,62.85486694036987,63.42816925048828,2537707,0.0,0.0
2005-02-21 00:00:00+01:00,63.89724019968688,65.09596653971374,63.79300485547738,64.78325653076172,4271909,0.0,0.0
2005-02-22 00:00:00+01:00,64.8874856748729,64.99172100912256,64.41841871810317,64.57477569580078,2140458,0.0,0.0
2005-02-23 00:00:00+01:00,64.00147024267577,64.20994090087522,63.32392867455872,63.48028564453125,2802157,0.0,0.0
2005-02-24 00:00:00+01:00,63.323938430042126,64.00148010253906,63.0112284182449,64.00148010253906,2819277,0.0,0.0
2005-02-25 00:00:00+01:00,64.31418952917193,64.93960954707599,64.20995020863892,64.78325653076172,2967771,0.0,0.0
2005-02-28 00:00:00+01:00,64.88747714295678,64.93959480322879,63.74087271168258,63.84510803222656,2833073,0.0,0.0
2005-03-01 00:00:00+01:00,63.84512056180133,64.47054056044881,63.53241056247759,64.105712890625,2366206,0.0,0.0
2005-03-02 00:00:00+01:00,64.20995107011238,65.35655975341797,64.20995107011238,65.35655975341797,3802494,0.0,0.0
2005-03-03 00:00:00+01:00,65.35655301866434,65.93914708434812,65.144699529115,65.40951538085938,3294196,2.0,0.0
2005-03-04 00:00:00+01:00,65.7272931318471,65.83322189626027,65.14469907026685,65.62136840820312,2210437,0.0,0.0
2005-03-07 00:00:00+01:00,65.56840604638114,65.7272931318471,65.19766143208884,65.62136840820312,1413305,0.0,0.0
2005-03-08 00:00:00+01:00,65.62136846180756,65.62136846180756,64.56210506142574,64.66802978515625,2087832,0.0,0.0
2005-03-09 00:00:00+01:00,64.66803570474116,64.77396447893737,63.92655044844594,64.08544158935547,2889951,0.0,0.0
2005-03-10 00:00:00+01:00,63.97951685592883,64.35025746369165,63.76766334830597,64.08544158935547,2101856,0.0,0.0
2005-03-11 00:00:00+01:00,64.29730401165276,64.82693583375736,64.13841284871332,64.40322875976562,1956379,0.0,0.0
2005-03-14 00:00:00+01:00,64.24434088701003,64.40322800732301,63.71470907109328,63.87359619140625,2002759,0.0,0.0
2005-03-15 00:00:00+01:00,67.26322805111043,67.68693504096845,66.52174283924353,66.94544982910156,12971208,0.0,0.0
2005-03-16 00:00:00+01:00,66.99842813735374,67.21028168270102,66.04508920367617,66.25694274902344,3348610,0.0,0.0
2005-03-17 00:00:00+01:00,66.30989719337082,66.52175071337678,65.46248715411674,65.51544952392578,4199971,0.0,0.0
2005-03-18 00:00:00+01:00,65.3035915854009,65.51544103719452,64.87988460027505,64.98580932617188,4345238,0.0,0.0
2005-03-21 00:00:00+01:00,66.46878394617626,68.21657031963453,66.30989280649113,67.63397216796875,8206795,0.0,0.0
2005-03-22 00:00:00+01:00,67.89879292749174,68.16360881884822,67.26323640454414,67.9517593383789,2643225,0.0,0.0
2005-03-23 00:00:00+01:00,67.47508628749073,68.481387428539,67.47508628749073,68.42842102050781,2518719,0.0,0.0
2005-03-24 00:00:00+01:00,68.5872977467616,68.5872977467616,67.68692557025447,68.00469970703125,1416000,0.0,0.0
2005-03-25 00:00:00+01:00,68.00469970703125,68.00469970703125,68.00469970703125,68.00469970703125,0,0.0,0.0
2005-03-28 00:00:00+02:00,68.00469970703125,68.00469970703125,68.00469970703125,68.00469970703125,0,0.0,0.0
2005-03-29 00:00:00+02:00,67.951756077092,68.74620371303259,67.73990256602059,68.6932373046875,2155646,0.0,0.0
2005-03-30 00:00:00+02:00,68.37546269401585,68.6402785710933,68.16360514343035,68.42842102050781,1833395,0.0,0.0
2005-03-31 00:00:00+02:00,68.69324379251626,68.85213495101893,67.79287133638786,67.89879608154297,1725824,0.0,0.0
2005-04-01 00:00:00+02:00,68.00471943978343,68.58731764856479,67.8987946967886,68.05768585205078,1762541,0.0,0.0
2005-04-04 00:00:00+02:00,68.11063250082769,68.48137303450268,67.7928502825134,68.00469970703125,1815513,0.0,0.0
2005-04-05 00:00:00+02:00,68.16360418813554,69.06397654127258,68.16360418813554,68.85212707519531,3012706,0.0,0.0
2005-04-06 00:00:00+02:00,69.3817573272794,70.01731379335891,69.3817573272794,69.96435546875,3819049,0.0,0.0
2005-04-07 00:00:00+02:00,70.17622092766203,70.28214568256543,68.95806604242087,69.27584838867188,3320993,0.0,0.0
2005-04-08 00:00:00+02:00,69.4876898577765,69.80547216725563,68.95805806300451,69.01102447509766,1605462,0.0,0.0
2005-04-11 00:00:00+02:00,68.79916690826495,69.27584037248364,68.79916690826495,69.01102447509766,1090952,0.0,0.0
2005-04-12 00:00:00+02:00,69.01102624340893,69.38176689294106,68.69324392578707,69.11695098876953,2185293,0.0,0.0
2005-04-13 00:00:00+02:00,69.54065626986964,69.59361460042294,68.85213332035809,69.01102447509766,1339252,0.0,0.0
2005-04-14 00:00:00+02:00,69.06397640535282,69.96435683825699,68.9050933468771,69.80546569824219,3411667,0.0,0.0
2005-04-15 00:00:00+02:00,70.81176870441689,74.14845059761764,70.70584396272824,73.7777099609375,14500019,0.0,0.0
2005-04-18 00:00:00+02:00,73.24806891790155,73.45991837451697,72.45362133328557,72.71843719482422,5471845,0.0,0.0
2005-04-19 00:00:00+02:00,74.148442398942,75.63141286322862,73.30102839605283,74.46622467041016,8826238,0.0,0.0
2005-04-20 00:00:00+02:00,74.67808238760061,74.83697354090347,73.67178521924886,73.7777099609375,4328464,0.0,0.0
2005-04-21 00:00:00+02:00,73.3539846148776,73.98954098801303,73.3539846148776,73.56583404541016,3640758,0.0,0.0
2005-04-22 00:00:00+02:00,74.04252354413764,74.14844828251906,73.45992536073061,74.0954818725586,1970798,0.0,0.0
2005-04-25 00:00:00+02:00,73.83066340266062,74.14844568822586,72.98325744371873,73.45992279052734,2303178,0.0,0.0
2005-04-26 00:00:00+02:00,74.83697083906452,76.47882447981208,74.78400442936255,76.00215911865234,7563151,0.0,0.0
2005-04-27 00:00:00+02:00,75.57844093590012,76.10807262862757,75.31362508953639,75.79029846191406,3957695,0.0,0.0
2005-04-28 00:00:00+02:00,76.21400179085241,76.63770878602585,75.68437006727028,76.53178405761719,4067980,0.0,0.0
2005-04-29 00:00:00+02:00,75.9491971792438,76.26697949308095,75.36660704592896,76.05513000488281,2714320,0.0,0.0
2005-05-02 00:00:00+02:00,76.21399644624785,76.26696284750723,75.57844003882626,75.94918060302734,1714200,0.0,0.0
2005-05-03 00:00:00+02:00,76.10809260303122,76.79661560058594,75.94920143720469,76.79661560058594,2799878,0.0,0.0
2005-05-04 00:00:00+02:00,76.79660681141564,78.17365264892578,76.74364040168854,78.17365264892578,2960756,0.0,0.0
2005-05-05 00:00:00+02:00,78.17365264892578,78.17365264892578,78.17365264892578,78.17365264892578,0,0.0,0.0
2005-05-06 00:00:00+02:00,78.33253571502817,78.33253571502817,77.64402087781258,78.17365264892578,2738455,0.0,0.0
2005-05-09 00:00:00+02:00,77.90881614673744,77.96177446091097,77.3262181200672,77.59103393554688,2091041,0.0,0.0
2005-05-10 00:00:00+02:00,77.48513009849071,77.59105483690897,76.10808425443489,76.26697540283203,4111779,0.0,0.0
2005-05-11 00:00:00+02:00,75.73733470306429,76.4788158661432,75.63140997712995,76.42585754394531,3111568,0.0,0.0
2005-05-12 00:00:00+02:00,76.63771858919809,77.27327512248658,76.42586910528185,76.90253448486328,2378397,0.0,0.0
2005-05-13 00:00:00+02:00,76.79661282144849,77.32624463401021,76.74364640757628,77.11439514160156,1432105,0.0,0.0
2005-05-16 00:00:00+02:00,77.11439514160156,77.11439514160156,77.11439514160156,77.11439514160156,0,0.0,0.0
2005-05-17 00:00:00+02:00,77.90882739900663,78.12067684937257,77.32622928819252,77.80289459228516,3354048,0.0,0.0
2005-05-18 00:00:00+02:00,78.12068531671119,78.49142593580466,78.01476058004725,78.33253479003906,2429557,0.0,0.0
2005-05-19 00:00:00+02:00,78.65032623170191,79.60366513566697,78.4384767337276,79.39180755615234,5158510,0.0,0.0
2005-05-20 00:00:00+02:00,79.60364576010497,80.08031105529679,79.12697238337478,79.86846160888672,2867915,0.0,0.0
2005-05-23 00:00:00+02:00,79.76253375273095,79.97438319081988,79.33882679501501,79.65660095214844,1823517,0.0,0.0
2005-05-24 00:00:00+02:00,80.29218830306137,81.88108378598575,79.86848122464013,81.82811737060547,4688132,0.0,0.0
2005-05-25 00:00:00+02:00,81.61626787216503,81.88108378598575,81.19256079374378,81.82811737060547,3491355,0.0,0.0
2005-05-26 00:00:00+02:00,82.03994879585724,82.88736276601661,82.03994879585724,82.83439636230469,3323244,0.0,0.0
2005-05-27 00:00:00+02:00,82.78143931319106,83.68181161937022,82.78143931319106,83.62884521484375,2923573,0.0,0.0
2005-05-30 00:00:00+02:00,83.57589411493566,83.62885244250039,83.25811182338977,83.3640365600586,924235,0.0,0.0
2005-05-31 00:00:00+02:00,83.41700296916271,83.84070999737745,83.15218708672093,83.3640365600586,3293919,0.0,0.0
2005-06-01 00:00:00+02:00,83.4170093536377,84.89998002512147,83.3110846088617,84.7410888671875,4038359,0.0,0.0
2005-06-02 00:00:00+02:00,84.52921609339221,85.21773078554926,83.94661803529554,84.47624969482422,2754211,0.0,0.0
2005-06-03 00:00:00+02:00,84.42329185246793,84.476258256404,83.73477709053063,84.05255126953125,1746363,0.0,0.0
2005-06-06 00:00:00+02:00,83.89367005481438,84.2114523529129,83.46997109940244,83.73478698730469,1698383,0.0,0.0
2005-06-07 00:00:00+02:00,83.7877340600079,84.26440744311988,83.68180933538473,84.21144104003906,1565194,0.0,0.0
2005-06-08 00:00:00+02:00,83.7877354129281,84.05255126953124,83.68181068659456,84.05255126953125,1896647,0.0,0.0
2005-06-09 00:00:00+02:00,83.94664697188,84.63516998291016,83.73479746765868,84.63516998291016,2212166,0.0,0.0
2005-06-10 00:00:00+02:00,84.63514802007022,84.7410727446934,84.05254991233507,84.21144104003906,1871754,0.0,0.0
2005-06-13 00:00:00+02:00,84.15849064860959,84.89998002512147,84.10553231699159,84.7410888671875,1476421,0.0,0.0
2005-06-14 00:00:00+02:00,84.63515513371564,85.27071161641213,84.31737285159782,84.89997100830078,1644080,0.0,0.0
2005-06-15 00:00:00+02:00,84.84701361196348,85.00590476989746,84.31738180654355,84.7410888671875,2402044,0.0,0.0
2005-06-16 00:00:00+02:00,84.95291495578492,85.37662189971542,84.37032497922604,84.47624969482422,3027087,0.0,0.0
2005-06-17 00:00:00+02:00,84.37035406186322,84.84701948713149,84.37035406186322,84.63516998291016,3213923,0.0,0.0
2005-06-20 00:00:00+02:00,84.58220356608454,84.68812831819521,84.15849647610133,84.63516998291016,1324002,0.0,0.0
2005-06-21 00:00:00+02:00,84.68810270150622,85.69440774601902,84.58217798143596,85.64144134521484,2229391,0.0,0.0
2005-06-22 00:00:00+02:00,85.48255878739403,86.06515692844833,85.11181818924081,85.21774291992188,2069451,0.0,0.0
2005-06-23 00:00:00+02:00,85.16478923782587,85.42960511973358,84.15848403765297,84.31737518310547,2238237,0.0,0.0
2005-06-24 00:00:00+02:00,83.31107010365787,84.1055176734673,82.78143839045157,84.05255126953125,2393849,0.0,0.0
2005-06-27 00:00:00+02:00,83.7877398782867,84.4232963516977,83.73478155306688,84.10552215576172,1958465,0.0,0.0
2005-06-28 00:00:00+02:00,84.21143789577182,84.37032901754318,83.89365565222911,84.264404296875,1676564,0.0,0.0
2005-06-29 00:00:00+02:00,84.58218686661495,85.58849201683796,84.52922854178571,85.48255920410156,2270622,0.0,0.0
2005-06-30 00:00:00+02:00,85.32366762523314,86.3829309944773,85.05885178292209,85.90625762939453,1855252,0.0,0.0
2005-07-01 00:00:00+02:00,85.64146007803315,86.22405828816163,85.37664417916382,86.11813354492188,1234532,0.0,0.0
2005-07-04 00:00:00+02:00,86.06514471244152,86.38292694091797,85.85329528114909,86.38292694091797,972699,0.0,0.0
2005-07-05 00:00:00+02:00,86.27702192054441,86.5418378356861,85.85332292155002,86.4359130859375,1279857,0.0,0.0
2005-07-06 00:00:00+02:00,86.59478041020834,86.96552097302698,86.38293096903716,86.8595962524414,1693565,0.0,0.0
2005-07-07 00:00:00+02:00,86.75369541672367,86.80665375082778,84.47627693019712,86.4359130859375,3874959,0.0,0.0
2005-07-08 00:00:00+02:00,86.8066468721001,87.17739558915191,86.38294790668044,86.96553802490234,1581871,0.0,0.0
2005-07-11 00:00:00+02:00,87.12443989307353,87.7070381644885,87.0714734751119,87.17740631103516,1897199,0.0,0.0
2005-07-12 00:00:00+02:00,87.86588912304057,87.86588912304057,86.17106942808775,86.38292694091797,2376997,0.0,0.0
2005-07-13 00:00:00+02:00,86.59478482892534,87.81293938166442,86.43589369917007,87.60108184814453,2066523,0.0,0.0
2005-07-14 00:00:00+02:00,87.38925383415068,87.91888567556977,87.071471496683,87.75999450683594,2099220,0.0,0.0
2005-07-15 00:00:00+02:00,87.91888149599873,88.34258856529954,87.70703200211842,88.23666381835938,2027087,0.0,0.0
2005-07-18 00:00:00+02:00,88.23666212058043,88.34258686548247,87.49517274318613,87.86591339111328,2089617,0.0,0.0
2005-07-19 00:00:00+02:00,87.75999097491767,88.07777329959613,87.12443440710096,87.54814147949219,2317378,0.0,0.0
2005-07-20 00:00:00+02:00,89.03110813115697,91.20259364561213,88.81925056385462,91.1496353149414,6191345,0.0,0.0
2005-07-21 00:00:00+02:00,91.9440585391942,92.79146433825848,89.82553191922693,90.35516357421876,4920335,0.0,0.0
2005-07-22 00:00:00+02:00,90.51406992306386,91.25555927999211,90.03740454339123,90.62000274658205,1922986,0.0,0.0
2005-07-25 00:00:00+02:00,90.9907455444336,91.46741093542244,90.19629783842552,90.9907455444336,1679962,0.0,0.0
2005-07-26 00:00:00+02:00,90.67295104996111,92.36777097881723,90.67295104996111,91.89110565185548,1715692,0.0,0.0
2005-07-27 00:00:00+02:00,91.78518756474055,92.95037584506596,91.78518756474055,92.3148193359375,2300718,0.0,0.0
2005-07-28 00:00:00+02:00,92.57964223881793,93.16223238236962,92.20890158718684,93.00334930419922,1862795,0.0,0.0
2005-07-29 00:00:00+02:00,93.10925564527692,93.58592094864602,92.6855486636497,92.79147338867188,1769804,0.0,0.0
2005-08-01 00:00:00+02:00,93.05628874816038,93.63888685499838,92.791472896241,93.47999572753906,1256411,0.0,0.0
2005-08-02 00:00:00+02:00,93.5859347773982,95.81038665771484,93.5859347773982,95.81038665771484,3584489,0.0,0.0
2005-08-03 00:00:00+02:00,95.70446523905196,97.24040231753068,94.85705920270436,95.06890869140624,2729559,0.0,0.0
2005-08-04 00:00:00+02:00,94.91001753410984,95.598540494701,94.38038573081508,95.06890869140624,2073086,0.0,0.0
2005-08-05 00:00:00+02:00,94.80407266390831,95.54555379849675,94.698147942044,94.75110626220705,1454927,0.0,0.0
2005-08-08 00:00:00+02:00,95.06889749842767,95.54556283265656,94.69815689607866,94.85704803466795,1501339,0.0,0.0
2005-08-09 00:00:00+02:00,94.8040883264476,95.33372010480764,94.64519717663168,95.01593780517578,1700487,0.0,0.0
2005-08-10 00:00:00+02:00,95.33370435476812,95.49259547833374,94.5392568184784,94.75110626220705,2363879,0.0,0.0
2005-08-11 00:00:00+02:00,94.43332446065568,94.5922155713732,93.90369281262232,94.06258392333984,1996362,0.0,0.0
2005-08-12 00:00:00+02:00,94.2744513904981,94.32741779805224,92.95037201703606,93.74481964111328,1779156,0.0,0.0
2005-08-15 00:00:00+02:00,93.6918456736682,94.22147738031764,92.47369921360531,92.79147338867188,1480194,0.0,0.0
2005-08-16 00:00:00+02:00,92.79147024402248,93.90370002290884,92.26183855532196,92.8444366455078,2334700,0.0,0.0
2005-08-17 00:00:00+02:00,92.7385404172658,93.74483770235844,92.7385404172658,93.42705535888672,1955645,0.0,0.0
2005-08-18 00:00:00+02:00,93.26814899560787,93.8507390378788,93.00333313597416,93.16221618652344,1860138,0.0,0.0
2005-08-19 00:00:00+02:00,93.10927405015951,93.37408995583031,92.63260057102804,93.00334930419922,1966055,0.0,0.0
2005-08-22 00:00:00+02:00,92.95038289044902,93.16223238236962,92.57964223881793,93.00334930419922,1312726,0.0,0.0
2005-08-23 00:00:00+02:00,92.8444412074144,93.05629066068852,91.78517777796652,91.9440689086914,2079580,0.0,0.0
2005-08-24 00:00:00+02:00,91.89111288434508,92.10296236154907,91.46740584839756,91.62629699707033,1728451,0.0,0.0
2005-08-25 00:00:00+02:00,90.88482155898647,92.15593466659944,89.61370036983351,91.52037811279295,1950436,0.0,0.0
2005-08-26 00:00:00+02:00,91.41442688420238,92.10294157046158,90.09034774672284,90.35516357421876,1709274,0.0,0.0
2005-08-29 00:00:00+02:00,90.03739522790309,90.56702696453782,88.76628229259533,90.2492446899414,1124256,0.0,0.0
2005-08-30 00:00:00+02:00,90.51407282785436,91.94408517584397,90.35518975055776,91.52037811279295,2118164,0.0,0.0
2005-08-31 00:00:00+02:00,91.52035880588888,92.15591522561998,91.46739240360364,91.73220825195312,2157779,0.0,0.0
2005-09-01 00:00:00+02:00,92.36776824279282,92.5266593742532,91.73221179848994,92.2088851928711,1891938,0.0,0.0
2005-09-02 00:00:00+02:00,92.26185022854456,93.6388960260088,92.1559254937102,92.3677749633789,2319561,0.0,0.0
2005-09-05 00:00:00+02:00,92.4207520880666,92.89741749086176,92.1559361795048,92.57964324951172,780016,0.0,0.0
2005-09-06 00:00:00+02:00,92.6855601746656,93.85074845769635,92.63259376480714,93.53297424316406,1241629,0.0,0.0
2005-09-07 00:00:00+02:00,93.53297314718448,94.8040861534983,93.53297314718448,94.64519500732422,1880929,0.0,0.0
2005-09-08 00:00:00+02:00,94.59225334671947,95.9163329955731,94.48632050957852,95.70447540283205,2739953,0.0,0.0
2005-09-09 00:00:00+02:00,95.81040390638498,96.65781814741716,95.75744556728368,96.44596862792967,1739437,0.0,0.0
2005-09-12 00:00:00+02:00,96.86963975543703,96.97557256619903,95.91630911088956,96.12815856933594,1450956,0.0,0.0
2005-09-13 00:00:00+02:00,96.34000939714834,96.55186694014483,95.9163104742332,95.96926879882812,1409897,0.0,0.0
2005-09-14 00:00:00+02:00,96.23409718560848,96.816695402716,96.0222476965912,96.2870635986328,1430288,0.0,0.0
2005-09-15 00:00:00+02:00,96.44595819450475,96.49891652787709,94.91002105898272,95.28076171875,1973352,0.0,0.0
2005-09-16 00:00:00+02:00,95.7574188091588,96.922607003826,95.28074540120026,96.65779113769533,3220753,0.0,0.0
2005-09-19 00:00:00+02:00,96.76373151897788,97.98188631651831,96.44595727714572,96.92262268066406,1752232,0.0,0.0
2005-09-20 00:00:00+02:00,97.08152183823664,97.77004487455852,96.86966424469254,97.18744659423828,1276933,0.0,0.0
2005-09-21 00:00:00+02:00,96.97557436439703,97.39927328914634,95.65149502070804,96.2340850830078,1319440,0.0,0.0
2005-09-22 00:00:00+02:00,95.75742364606508,97.45224365860248,95.65149891057013,96.97557830810548,2220582,0.0,0.0
2005-09-23 00:00:00+02:00,97.1344798072858,98.56449229328037,95.22780996186106,95.70447540283205,4668203,0.0,0.0
2005-09-26 00:00:00+02:00,95.4396259055174,96.1281486970657,95.12185175048296,95.75740814208984,2336086,0.0,0.0
2005-09-27 00:00:00+02:00,95.12186390513712,95.38667977560628,94.64519048936924,94.85704803466795,2560147,0.0,0.0
2005-09-28 00:00:00+02:00,93.74481515990504,94.11555575044436,92.89740116878193,93.6918487548828,4415552,0.0,0.0
2005-09-29 00:00:00+02:00,94.11554223922062,94.75109860055314,93.79776809932316,94.06258392333984,1883861,0.0,0.0
2005-09-30 00:00:00+02:00,94.75110222335232,95.22777557373048,94.32740335395565,95.22777557373048,2327024,0.0,0.0
2005-10-03 00:00:00+02:00,95.59855100959132,97.50522894378402,95.43965983481849,97.18744659423828,2269016,0.0,0.0
2005-10-04 00:00:00+02:00,97.45225247327107,97.98188428019104,96.60483834958316,97.77003479003906,1642776,0.0,0.0
2005-10-05 00:00:00+02:00,97.39927738126,98.98817266044232,97.34631905421084,98.88224792480467,2356541,0.0,0.0
2005-10-06 00:00:00+02:00,98.03484155623693,99.14706339818102,97.34631865510624,98.617431640625,2823789,0.0,0.0
2005-10-07 00:00:00+02:00,98.29966426833344,98.5115137534669,97.08150952496648,98.08780670166016,2105658,0.0,0.0
2005-10-10 00:00:00+02:00,98.35259693059132,98.51148804374364,97.08148418844844,97.45222473144533,1274704,0.0,0.0
2005-10-11 00:00:00+02:00,99.78262776469526,100.5241171327075,99.1470712217847,99.8355941772461,3994968,0.0,0.0
2005-10-12 00:00:00+02:00,99.25296469544496,100.47111906647248,98.77629945882164,99.3059310913086,2351194,0.0,0.0
2005-10-13 00:00:00+02:00,98.98818148072291,99.4648549558749,97.34632772819508,97.77003479003906,2545863,0.0,0.0
2005-10-14 00:00:00+02:00,97.98189650680588,98.3526372016045,97.0285575190801,97.55818939208984,1872071,0.0,0.0
2005-10-17 00:00:00+02:00,97.98188250115577,99.83559379171818,97.98188250115577,99.5707778930664,2520565,0.0,0.0
2005-10-18 00:00:00+02:00,100.4181821440186,102.21892684546822,100.4181821440186,102.0600357055664,3861119,0.0,0.0
2005-10-19 00:00:00+02:00,102.06002876300045,102.8015180049232,98.7763137817383,98.77631378173828,3949640,0.0,0.0
2005-10-20 00:00:00+02:00,100.3122612077736,100.52411877990858,98.2996668025015,98.7233657836914,2492320,0.0,0.0
2005-10-21 00:00:00+02:00,98.24668399763638,98.82928212188204,96.55186411101992,97.24038696289062,2999818,0.0,0.0
2005-10-24 00:00:00+02:00,97.71704548793734,98.98815829418956,96.8166732433805,98.45852661132812,1483391,0.0,0.0
2005-10-25 00:00:00+02:00,99.25296115981726,100.2062996806411,99.041111746984,99.7825927734375,3038115,0.0,0.0
2005-10-26 00:00:00+02:00,100.2592924539283,101.21263122558594,99.78261902732989,101.21263122558594,2040939,0.0,0.0
2005-10-27 00:00:00+02:00,100.89483961246069,101.2126218674775,100.10039205645704,100.15335845947266,1704325,0.0,0.0
2005-10-28 00:00:00+02:00,99.35892702691837,99.83559240525592,98.35262177709272,99.72966766357422,1962722,0.0,0.0
2005-10-31 00:00:00+01:00,100.94781655948005,102.007080078125,100.41818480015756,102.007080078125,1945803,0.0,0.0
2005-11-01 00:00:00+01:00,101.74226419846376,102.21892954923828,101.31855717469792,102.007080078125,1652497,0.0,0.0
2005-11-02 00:00:00+01:00,102.21892104914843,102.6426280376806,100.57705949916324,101.4774398803711,1616206,0.0,0.0
2005-11-03 00:00:00+01:00,101.74223157265664,102.48371256532076,101.21259998317178,102.32482147216795,1675009,0.0,0.0
2005-11-04 00:00:00+01:00,102.2718909337562,102.74855626111489,101.84818393080464,102.64263153076172,1667762,0.0,0.0
2005-11-07 00:00:00+01:00,102.74854770990362,103.225212997592,101.90113377452624,103.06632995605467,1256658,0.0,0.0
2005-11-08 00:00:00+01:00,103.27817312383428,104.81410169665055,103.01335729531164,103.86077117919922,1833804,0.0,0.0
2005-11-09 00:00:00+01:00,104.3374661989732,104.4433909442885,101.79523190370544,102.1130142211914,1745469,0.0,0.0
2005-11-10 00:00:00+01:00,102.96041077967402,103.1722683323266,102.007080078125,102.007080078125,1383867,0.0,0.0
2005-11-11 00:00:00+01:00,103.06634588442758,104.49635005003074,102.5367141133494,104.28449249267578,1504229,0.0,0.0
2005-11-14 00:00:00+01:00,103.278173535599,103.86077159328671,101.47742912708058,102.21891021728516,2073393,0.0,0.0
2005-11-15 00:00:00+01:00,103.01337666834824,103.54300842499784,101.95411315504904,102.43077850341795,1359998,0.0,0.0
2005-11-16 00:00:00+01:00,102.6955867908216,103.22521850832256,101.15965804268426,101.74225616455078,1453807,0.0,0.0
2005-11-17 00:00:00+01:00,102.3248620178774,102.8544938172262,98.45854826632328,99.8355941772461,4284782,0.0,0.0
2005-11-18 00:00:00+01:00,100.41817597511957,102.53670282622724,100.41817597511957,101.90113830566406,3330222,0.0,0.0
2005-11-21 00:00:00+01:00,102.43077850341798,102.58966964672072,101.7422636850049,102.43077850341795,1150210,0.0,0.0
2005-11-22 00:00:00+01:00,102.85448736591236,105.13190557657424,102.85448736591236,104.70819854736328,2451944,0.0,0.0
2005-11-23 00:00:00+01:00,104.76116166188848,105.82042516083268,104.76116166188848,105.7145004272461,2036018,0.0,0.0
2005-11-24 00:00:00+01:00,105.55560037471524,105.76744982400332,103.96670526043916,104.9200439453125,1213318,0.0,0.0
2005-11-25 00:00:00+01:00,104.60226785188568,106.03227192266696,104.49634312100169,105.7674560546875,1311089,0.0,0.0
2005-11-28 00:00:00+01:00,106.35006124880434,107.19746723360572,104.12560942658392,104.28449249267578,2295587,0.0,0.0
2005-11-29 00:00:00+01:00,104.0726299850832,105.39670924697994,104.01966358199196,104.9200439453125,1076253,0.0,0.0
2005-11-30 00:00:00+01:00,104.6552505493164,105.34376544800992,104.01968590199904,104.6552505493164,1759192,0.0,0.0
2005-12-01 00:00:00+01:00,104.86708371986512,105.92634719178297,104.28448557769474,105.7674560546875,2084260,0.0,0.0
2005-12-02 00:00:00+01:00,105.92634488403893,106.45597660845912,105.502637888195,106.3500518798828,1485531,0.0,0.0
2005-12-05 00:00:00+01:00,106.24414216320837,107.56822166134636,104.8670962525289,107.30340576171876,2221403,0.0,0.0
2005-12-06 00:00:00+01:00,107.4622993171251,108.57452943665344,107.1445250555032,108.20378875732422,2718715,0.0,0.0
2005-12-07 00:00:00+01:00,107.99192274743118,110.48119871784333,107.78007325620209,109.58081817626952,2563899,0.0,0.0
2005-12-08 00:00:00+01:00,109.1570820734315,109.6867137029357,108.62745044392727,109.4218978881836,2251773,0.0,0.0
2005-12-09 00:00:00+01:00,109.10413725202235,109.15710365806125,108.2567232446338,108.62747192382812,2319724,0.0,0.0
2005-12-12 00:00:00+01:00,108.8922928927528,109.21006709925764,107.30339761561072,107.7270965576172,1324529,0.0,0.0
2005-12-13 00:00:00+01:00,107.88599040649036,108.52154691697362,107.09154274800142,107.67414093017578,1709478,0.0,0.0
2005-12-14 00:00:00+01:00,107.8860095690874,107.99193432605892,106.56192990309088,106.93267059326172,1942271,0.0,0.0
2005-12-15 00:00:00+01:00,106.50895790959471,106.93265688315736,105.39672790014308,106.0852508544922,2060111,0.0,0.0
2005-12-16 00:00:00+01:00,106.720782565389,106.720782565389,105.71448561500549,105.97930145263672,4003775,0.0,0.0
2005-12-19 00:00:00+01:00,105.8734060559164,106.29711316212364,105.23784943737594,105.44970703125,1740172,0.0,0.0
2005-12-20 00:00:00+01:00,105.07892516835012,106.03226383668267,104.49633515214678,105.50263214111328,1991921,0.0,0.0
2005-12-21 00:00:00+01:00,106.2441132209172,106.29707153749224,105.07891711473856,105.23780822753906,1369483,0.0,0.0
2005-12-22 00:00:00+01:00,104.49634019126592,104.81411437500856,103.59596788168706,103.91374206542967,2073181,0.0,0.0
2005-12-23 00:00:00+01:00,103.64891861632924,104.1785502986626,102.43076413065492,102.96039581298828,1357020,0.0,0.0
2005-12-26 00:00:00+01:00,102.96039581298828,102.96039581298828,102.96039581298828,102.96039581298828,0,0.0,0.0
2005-12-27 00:00:00+01:00,102.53670090808151,104.23152074095508,102.16595225084237,103.70188903808594,1074173,0.0,0.0
2005-12-28 00:00:00+01:00,103.3311448739754,104.8670735263419,102.96039622961132,104.17855072021484,1108000,0.0,0.0
2005-12-29 00:00:00+01:00,104.7081765725625,105.8204062806284,104.4433607450742,105.23780822753906,790293,0.0,0.0
2005-12-30 00:00:00+01:00,105.13189432565626,105.5556013095233,103.96670618117584,104.496337890625,624354,0.0,0.0
2006-01-02 00:00:00+01:00,104.496337890625,104.496337890625,104.496337890625,104.496337890625,0,0.0,0.0
2006-01-03 00:00:00+01:00,104.86707171957,106.13818450779809,103.43706781242894,104.07262420654295,2027211,0.0,0.0
2006-01-04 00:00:00+01:00,105.29078452233588,105.34374284388868,104.49633696519786,104.9200439453125,1816183,0.0,0.0
2006-01-05 00:00:00+01:00,105.02595879816351,105.5555904531401,104.17854491758592,105.23780822753906,1691915,0.0,0.0
2006-01-06 00:00:00+01:00,104.92006235965292,105.18487825850968,104.07264825069544,104.86709594726562,1340647,0.0,0.0
2006-01-09 00:00:00+01:00,104.86707081514244,104.97299553299158,103.11928468524916,103.5429916381836,2456814,0.0,0.0
2006-01-10 00:00:00+01:00,103.64892901196086,104.44337661514126,102.6426319472146,102.9074478149414,2313306,0.0,0.0
2006-01-11 00:00:00+01:00,102.90741630227188,103.7018636621738,100.73592361925866,102.3777847290039,3887599,0.0,0.0
2006-01-12 00:00:00+01:00,102.64261941415914,103.96669859111802,102.00706302552648,103.5429916381836,2159135,0.0,0.0
2006-01-13 00:00:00+01:00,103.11929480976868,105.23782170090534,102.58966308698452,105.13189697265624,2209314,0.0,0.0
2006-01-16 00:00:00+01:00,105.39671325683597,106.03226971041866,105.13189739438158,105.39671325683594,1199272,0.0,0.0
2006-01-17 00:00:00+01:00,105.0789520499988,105.76747504668693,104.443395469033,105.29080963134766,1906268,0.0,0.0
2006-01-18 00:00:00+01:00,104.07264986989914,104.4963569309701,103.22523574775724,103.75486755371094,2043104,0.0,0.0
2006-01-19 00:00:00+01:00,104.01965601056914,104.28447184367296,102.64261852735196,103.9666976928711,2457138,0.0,0.0
2006-01-20 00:00:00+01:00,103.59595893134194,104.60225588189432,103.11928557460293,104.07262420654295,2675959,0.0,0.0
2006-01-23 00:00:00+01:00,102.85448170450132,104.4433769154304,102.80152337972706,104.12560272216795,1676672,0.0,0.0
2006-01-24 00:00:00+01:00,104.28447939340852,105.87337450706048,104.1255963472741,105.60855865478516,3064518,0.0,0.0
2006-01-25 00:00:00+01:00,105.55559451383438,105.60855283244672,103.64891724995428,104.07262420654295,2141046,0.0,0.0
2006-01-26 00:00:00+01:00,104.01968307353404,104.6552477035694,103.066352291561,103.49005126953124,2033300,0.0,0.0
2006-01-27 00:00:00+01:00,104.28447003960528,105.13188392349284,103.64891366745844,103.86077117919922,1857818,0.0,0.0
2006-01-30 00:00:00+01:00,104.23152778290148,105.55560712952996,103.75485436919185,105.07893371582033,2021486,0.0,0.0
2006-01-31 00:00:00+01:00,105.50264048078768,106.98561096191408,104.44337700591724,106.98561096191406,2744855,0.0,0.0
2006-02-01 00:00:00+01:00,108.04485378717744,108.20374489434842,102.5366880031912,103.11927795410156,6593872,0.0,0.0
2006-02-02 00:00:00+01:00,103.80780702248596,104.70817924259792,103.2781753540039,103.2781753540039,3907002,0.0,0.0
2006-02-03 00:00:00+01:00,103.8078339669223,104.337465772876,103.33116857417998,103.75486755371094,1710955,0.0,0.0
2006-02-06 00:00:00+01:00,104.01968112797118,104.07264753999678,101.477454981539,102.1659698486328,2415017,0.0,0.0
2006-02-07 00:00:00+01:00,102.21889364071625,102.4837094273502,101.2125968841217,102.3777847290039,2118822,0.0,0.0
2006-02-08 00:00:00+01:00,101.95413488439738,103.91377118534773,101.6893189496327,102.85450744628906,1830264,0.0,0.0
2006-02-09 00:00:00+01:00,102.5896915115244,103.43710573538772,101.79524370723038,102.85450744628906,1959690,0.0,0.0
2006-02-10 00:00:00+01:00,103.2781835567976,103.49003300840126,101.26558144040872,101.63632202148438,1769606,0.0,0.0
2006-02-13 00:00:00+01:00,100.5770541808013,101.0007611469285,97.02852349237016,100.89483642578124,4772002,0.0,0.0
2006-02-14 00:00:00+01:00,101.477454981539,102.271902672684,100.15337549629731,102.1659698486328,2434965,0.0,0.0
2006-02-15 00:00:00+01:00,102.32484620487864,102.85447792237962,101.21262444704982,101.74225616455078,1780141,0.0,0.0
2006-02-16 00:00:00+01:00,101.58337305435916,102.007080078125,100.78892541537545,102.007080078125,1574076,0.0,0.0
2006-02-17 00:00:00+01:00,101.68929795096378,101.9541138310444,100.2592938148362,101.05374145507812,2411772,0.0,0.0
2006-02-20 00:00:00+01:00,101.15965804268426,101.95410561893571,100.94780858829934,101.74225616455078,1157210,0.0,0.0
2006-02-21 00:00:00+01:00,101.5304061334215,102.74856079002345,101.5304061334215,102.43077850341795,2553723,0.0,0.0
2006-02-22 00:00:00+01:00,102.16594117685104,103.64891140044992,102.06001646406632,103.22520446777344,2388315,0.0,0.0
2006-02-23 00:00:00+01:00,102.90744823032536,104.12560284309347,102.90744823032536,103.1722640991211,1414091,0.0,0.0
2006-02-24 00:00:00+01:00,103.278173535599,103.3311399341298,102.06001910323052,102.21891021728516,1482801,0.0,0.0
2006-02-27 00:00:00+01:00,102.43078337211794,102.74856567382812,101.31856147921164,102.74856567382812,1456072,0.0,0.0
2006-02-28 00:00:00+01:00,103.013377075459,103.1193018108997,102.16596302885496,102.69559478759766,2158155,0.0,0.0
2006-03-01 00:00:00+01:00,103.22521207184955,104.17855072021486,102.58965566678545,104.17855072021484,2734817,0.0,0.0
2006-03-02 00:00:00+01:00,104.178559600347,105.46604415623334,103.85669460055678,104.87594604492188,3029594,2.5,0.0
2006-03-03 00:00:00+01:00,105.09054132506456,105.89521624542672,104.71502799934422,105.62699127197266,1977592,0.0,0.0
2006-03-06 00:00:00+01:00,106.10978575902884,106.16342583460064,104.66137274938372,105.4123992919922,1867029,0.0,0.0
2006-03-07 00:00:00+01:00,105.3587629899333,105.73428448943773,104.60773636207712,105.09053802490234,1710020,0.0,0.0
2006-03-08 00:00:00+01:00,105.09052149757352,107.28996913915626,104.87594483352524,106.59258270263672,2951225,0.0,0.0
2006-03-09 00:00:00+01:00,107.2363263919842,107.61184785173197,106.53894810519655,106.75352478027344,2435323,0.0,0.0
2006-03-10 00:00:00+01:00,106.27072816868974,107.5582046508789,105.78791834868692,107.5582046508789,1837661,0.0,0.0
2006-03-13 00:00:00+01:00,107.55818945841702,108.04099102464887,107.12902796311388,107.77276611328124,1593057,0.0,0.0
2006-03-14 00:00:00+01:00,107.71913618927042,108.3092261385196,106.53894810519655,106.75352478027344,1818044,0.0,0.0
2006-03-15 00:00:00+01:00,107.28996276855467,107.50453941986198,106.64622462905828,107.28996276855467,2065405,0.0,0.0
2006-03-16 00:00:00+01:00,107.34363609549668,107.71914941577712,106.86082623892771,107.1290512084961,1779644,0.0,0.0
2006-03-17 00:00:00+01:00,106.75354384986764,107.2363455478222,106.48531886532022,106.64625549316406,5106694,0.0,0.0
2006-03-20 00:00:00+01:00,108.36286239624025,109.11388886139032,107.2363145129406,107.28996276855467,2819828,0.0,0.0
2006-03-21 00:00:00+01:00,107.23633143754368,107.98736620680056,107.07540301645192,107.5582046508789,1543857,0.0,0.0
2006-03-22 00:00:00+01:00,107.55820845135788,108.25559498117516,106.75353357516316,107.45092010498048,2168919,0.0,0.0
2006-03-23 00:00:00+01:00,107.45090657175471,107.55819490461936,105.30510717216131,105.51968383789062,1816964,0.0,0.0
2006-03-24 00:00:00+01:00,105.62697217075528,105.89519709570445,105.25145891294144,105.51968383789062,1385262,0.0,0.0
2006-03-27 00:00:00+02:00,106.16343009867214,106.21707836197412,104.661376953125,104.661376953125,1243718,0.0,0.0
2006-03-28 00:00:00+02:00,104.92961829473457,105.51970835538503,103.96400670344272,104.01764678955078,1320767,0.0,0.0
2006-03-29 00:00:00+02:00,104.01764244053652,104.76867728484112,103.26661578180855,104.33951568603516,1723066,0.0,0.0
2006-03-30 00:00:00+02:00,104.82231685704016,105.25147845375128,103.6957768744472,104.9832534790039,1296284,0.0,0.0
2006-03-31 00:00:00+02:00,104.6077329826773,104.76866959361205,103.8567063790834,104.12493133544922,1499321,0.0,0.0
2006-04-03 00:00:00+02:00,104.98322146276796,105.466031181419,103.64209699802753,103.85668182373048,1333145,0.0,0.0
2006-04-04 00:00:00+02:00,103.74940148199798,104.01762641673488,102.73015000422797,102.99837493896484,2645917,0.0,0.0
2006-04-05 00:00:00+02:00,103.42755345806876,103.6421301668691,102.40829362732536,103.48119354248048,1823348,0.0,0.0
2006-04-06 00:00:00+02:00,103.69577008786884,104.0712833908236,101.710907041757,102.14006042480467,2638829,0.0,0.0
2006-04-07 00:00:00+02:00,102.14006086602367,102.30099747814982,100.79893607426617,101.28174591064452,2599779,0.0,0.0
2006-04-10 00:00:00+02:00,101.33536998712,102.56920623779295,101.28172991526672,102.56920623779295,2102808,0.0,0.0
2006-04-11 00:00:00+02:00,102.99837752214566,103.3202507261326,101.87182949376697,102.1937026977539,2633265,0.0,0.0
2006-04-12 00:00:00+02:00,102.19370701886642,102.46193197167185,99.61874583481917,101.87183380126952,3828513,0.0,0.0
2006-04-13 00:00:00+02:00,102.14007024999644,103.3202667236328,101.8182051817494,103.3202667236328,2117294,0.0,0.0
2006-04-14 00:00:00+02:00,103.3202667236328,103.3202667236328,103.3202667236328,103.3202667236328,0,0.0,0.0
2006-04-17 00:00:00+02:00,103.3202667236328,103.3202667236328,103.3202667236328,103.3202667236328,0,0.0,0.0
2006-04-18 00:00:00+02:00,103.48118789683514,103.48118789683514,100.7989382552834,101.33538818359376,2612464,0.0,0.0
2006-04-19 00:00:00+02:00,101.71090537804704,101.87183380126952,101.01351886363776,101.87183380126952,1926618,0.0,0.0
2006-04-20 00:00:00+02:00,102.03277467877882,102.30099964280588,100.53071324311202,100.90623474121094,2686862,0.0,0.0
2006-04-21 00:00:00+02:00,101.3890237354787,101.3890237354787,100.1551874179848,100.53070068359376,2869807,0.0,0.0
2006-04-24 00:00:00+02:00,100.3161344234639,101.71090748112218,99.88697285298625,101.28174591064452,1507942,0.0,0.0
2006-04-25 00:00:00+02:00,101.1208092985184,102.2473573978252,100.95987268639227,101.28174591064452,2087302,0.0,0.0
2006-04-26 00:00:00+02:00,103.42754950451815,104.01763952395106,101.22810148829409,101.6036148071289,2813873,0.0,0.0
2006-04-27 00:00:00+02:00,101.60360791431884,102.94473266601564,100.31613142692026,102.94473266601562,3062600,0.0,0.0
2006-04-28 00:00:00+02:00,103.37388696972226,103.37388696972226,101.92547397664292,102.30098724365234,1866255,0.0,0.0
2006-05-01 00:00:00+02:00,102.30098724365234,102.30098724365234,102.30098724365234,102.30098724365234,0,0.0,0.0
2006-05-02 00:00:00+02:00,102.73014245793088,103.4275288741336,102.56920587179565,103.21294403076172,1423225,0.0,0.0
2006-05-03 00:00:00+02:00,103.26660294225172,103.26660294225172,101.76454162597656,101.76454162597656,1408086,0.0,0.0
2006-05-04 00:00:00+02:00,102.24733817736156,102.56920315553349,101.2817268716966,101.3890151977539,1818282,0.0,0.0
2006-05-05 00:00:00+02:00,101.0135150606268,101.76454162597656,100.74529011791964,101.76454162597656,1547353,0.0,0.0
2006-05-08 00:00:00+02:00,102.24736675623316,102.35465511227832,101.38904353671802,101.54998016357422,1189650,0.0,0.0
2006-05-09 00:00:00+02:00,101.54997707646828,105.57335169767876,101.44268872368464,104.9832534790039,4284597,0.0,0.0
2006-05-10 00:00:00+02:00,104.4467904064538,105.51969017064044,103.96398878680006,104.39315032958984,2298029,0.0,0.0
2006-05-11 00:00:00+02:00,104.6077346801758,105.30512121515886,104.01763649236484,104.60773468017578,1635088,0.0,0.0
2006-05-12 00:00:00+02:00,104.60773351205889,105.2514717734794,103.26660872344274,103.91034698486328,2845874,0.0,0.0
2006-05-15 00:00:00+02:00,103.26660324254802,104.17856641328916,102.03276686539203,103.53482818603516,2068329,0.0,0.0
2006-05-16 00:00:00+02:00,103.2665998153104,105.84156082444362,103.0520231418724,105.4123992919922,3004860,0.0,0.0
2006-05-17 00:00:00+02:00,105.9488526774194,105.9488526774194,103.53482818603516,103.53482818603516,2615829,0.0,0.0
2006-05-18 00:00:00+02:00,103.15928321064648,103.74937299369098,101.92544721253796,101.97909545898438,3177833,0.0,0.0
2006-05-19 00:00:00+02:00,101.49628579768635,102.1936720736236,100.63797115355624,101.97909545898438,2525651,0.0,0.0
2006-05-22 00:00:00+02:00,101.65726071019326,102.30099898258848,99.67239762631792,99.7796859741211,3090053,0.0,0.0
2006-05-23 00:00:00+02:00,100.47706651944983,100.74529146574544,97.20471890041313,100.04790496826172,3407074,0.0,0.0
2006-05-24 00:00:00+02:00,100.79894140149096,101.6572645878086,98.814078241905,99.67240142822266,3241031,0.0,0.0
2006-05-25 00:00:00+02:00,99.67240142822266,99.67240142822266,99.67240142822266,99.67240142822266,0,0.0,0.0
2006-05-26 00:00:00+02:00,101.33536694193796,101.8718167577991,100.53069221814629,101.3890151977539,2505867,0.0,0.0
2006-05-29 00:00:00+02:00,101.1744474426241,102.4619238396779,100.95986258606492,102.30098724365234,765508,0.0,0.0
2006-05-30 00:00:00+02:00,102.461936307276,102.5692246558228,101.2817481021085,101.33538818359376,1869629,0.0,0.0
2006-05-31 00:00:00+02:00,100.7989301951157,101.76454162597656,100.53070525240857,101.76454162597656,2383849,0.0,0.0
2006-06-01 00:00:00+02:00,101.81817661804143,102.40826650374105,100.63798866106764,101.1744384765625,1665250,0.0,0.0
2006-06-02 00:00:00+02:00,102.14006155927046,103.05203297231624,101.3890349450193,102.62287139892578,1850533,0.0,0.0
2006-06-05 00:00:00+02:00,102.62287139892578,102.62287139892578,102.62287139892578,102.62287139892578,0,0.0,0.0
2006-06-06 00:00:00+02:00,101.17444158598536,102.9447194830652,101.17444158598536,102.56920623779295,2770410,0.0,0.0
2006-06-07 00:00:00+02:00,102.73014663735314,105.51968423007747,101.92547185951489,104.87594604492188,3196795,0.0,0.0
2006-06-08 00:00:00+02:00,103.42753984575543,104.92960116639854,102.73015335557376,103.53482818603516,3341020,0.0,0.0
2006-06-09 00:00:00+02:00,104.39316613446329,104.55409457499498,102.1937180106593,104.17858123779295,1486593,0.0,0.0
2006-06-12 00:00:00+02:00,104.0712807316713,104.50044228932944,102.46193102963514,102.94473266601562,1453746,0.0,0.0
2006-06-13 00:00:00+02:00,101.60361097809172,103.37389734082817,100.95987271498102,101.49632263183594,3044910,0.0,0.0
2006-06-14 00:00:00+02:00,101.54995342789636,102.08640325246468,100.95985534664132,101.44266510009766,1918467,0.0,0.0
2006-06-15 00:00:00+02:00,101.81819104975746,102.73015422824554,101.71090270856637,102.24735260009766,2212767,0.0,0.0
2006-06-16 00:00:00+02:00,102.99836774049332,103.48116931504694,102.19369299252072,102.56920623779295,4042022,0.0,0.0
2006-06-19 00:00:00+02:00,102.99836774049332,103.48116931504694,102.40826965108349,102.56920623779295,1320797,0.0,0.0
2006-06-20 00:00:00+02:00,102.03275604172812,103.48116894579547,102.03275604172812,103.21294403076172,1929676,0.0,0.0
2006-06-21 00:00:00+02:00,103.3202683711072,104.55409676409325,103.21297182773708,104.01764678955078,2632967,0.0,0.0
2006-06-22 00:00:00+02:00,104.6077374983741,106.96811394205557,104.17857591254754,105.78792572021484,2813186,0.0,0.0
2006-06-23 00:00:00+02:00,105.68061785134807,106.91445411312348,105.68061785134807,106.10977935791016,1521942,0.0,0.0
2006-06-26 00:00:00+02:00,106.64625108244398,107.18270102935207,105.19783786290743,105.62699127197266,1487379,0.0,0.0
2006-06-27 00:00:00+02:00,104.98323223484007,105.46604200303103,104.28584580450313,105.03688049316406,2411752,0.0,0.0
2006-06-28 00:00:00+02:00,105.03688932886996,106.1634291782635,104.76866438583686,105.7342758178711,2039505,0.0,0.0
2006-06-29 00:00:00+02:00,106.00250152627336,107.7191395369646,105.78791665895214,107.07540130615234,2780108,0.0,0.0
2006-06-30 00:00:00+02:00,107.8264286371146,108.57745521408808,107.07540206014112,108.4165267944336,2491728,0.0,0.0
2006-07-03 00:00:00+02:00,108.89933297188084,109.97223280411612,108.09465809770438,109.8649444580078,1636172,0.0,0.0
2006-07-04 00:00:00+02:00,109.86494828345674,110.13317325085504,109.54307504834824,109.97223663330078,1186591,0.0,0.0
2006-07-05 00:00:00+02:00,109.65037099864615,110.24046924205584,109.32850592680386,109.7576675415039,1557977,0.0,0.0
2006-07-06 00:00:00+02:00,110.07948799564238,112.010710386236,109.8649113680536,111.52790069580078,2139700,0.0,0.0
2006-07-07 00:00:00+02:00,111.09880344083338,111.79618192480277,110.13319175881254,110.50870513916016,2015702,0.0,0.0
2006-07-10 00:00:00+02:00,111.0451469428036,111.15243530273438,109.48944525986477,111.15243530273438,1410773,0.0,0.0
2006-07-11 00:00:00+02:00,111.58155815164032,113.1909075480582,111.09875660694466,111.36698150634766,3399148,0.0,0.0
2006-07-12 00:00:00+02:00,111.04512817708886,113.62008930816548,110.83055149348904,113.02999114990234,2959045,0.0,0.0
2006-07-13 00:00:00+02:00,112.81542138855268,112.86906146995604,110.83055829394982,111.47429656982422,2055531,0.0,0.0
2006-07-14 00:00:00+02:00,110.2940996228796,111.90344927777237,110.07951475754852,110.7769012451172,1714110,0.0,0.0
2006-07-17 00:00:00+02:00,110.77691053307576,111.90345866018502,110.34774895200668,111.04513549804688,1504533,0.0,0.0
2006-07-18 00:00:00+02:00,110.72322037364684,111.4742549027574,110.07948233839014,110.93780517578124,1483913,0.0,0.0
2006-07-19 00:00:00+02:00,111.25970952765122,111.68887109842848,110.24045795943437,111.6352310180664,2336472,0.0,0.0
2006-07-20 00:00:00+02:00,113.88830867903576,115.98045989120924,113.72737208142811,115.28307342529295,4533602,0.0,0.0
2006-07-21 00:00:00+02:00,115.33673475984064,116.08776138637188,115.2294464111328,115.2294464111328,1865803,0.0,0.0
2006-07-24 00:00:00+02:00,115.06851642634594,118.28721618652344,115.06851642634594,118.28721618652344,2416549,0.0,0.0
2006-07-25 00:00:00+02:00,118.44814084474858,119.57468073564952,117.75075433005222,118.60907745361328,2362334,0.0,0.0
2006-07-26 00:00:00+02:00,118.12624598905302,118.50175921723476,116.57054482133962,117.10699462890624,2207791,0.0,0.0
2006-07-27 00:00:00+02:00,117.75075505549908,117.91169166535526,115.12215377495978,115.7658920288086,2171520,0.0,0.0
2006-07-28 00:00:00+02:00,116.08775404618962,117.42887878417967,115.39037573089544,117.42887878417967,1638241,0.0,0.0
2006-07-31 00:00:00+02:00,117.85802667372177,118.17989984775372,116.57055034874364,117.48251342773438,1204382,0.0,0.0
2006-08-01 00:00:00+02:00,117.4825134277344,117.4825134277344,117.4825134277344,117.48251342773438,0,0.0,0.0
2006-08-02 00:00:00+02:00,118.01898243505912,118.50178408897207,116.99973086098682,117.5898208618164,1659583,0.0,0.0
2006-08-03 00:00:00+02:00,117.96531664225122,117.96531664225122,115.17577910899011,115.3367156982422,2010744,0.0,0.0
2006-08-04 00:00:00+02:00,115.76587982586318,117.37522938363075,115.39036656616578,117.16064453125,1341974,0.0,0.0
2006-08-07 00:00:00+02:00,116.6778497609268,117.160651382259,115.55130173038414,115.81952667236328,1186981,0.0,0.0
2006-08-08 00:00:00+02:00,116.40961278970336,116.51690111829322,115.44400146124526,115.92681121826172,1206708,0.0,0.0
2006-08-09 00:00:00+02:00,116.57052521391888,118.39445097862722,115.49762577924972,118.07258605957033,2365808,0.0,0.0
2006-08-10 00:00:00+02:00,117.37522503597174,117.6434499523311,115.87316386724434,117.26793670654295,1680436,0.0,0.0
2006-08-11 00:00:00+02:00,117.21429108882492,118.0726141147351,116.89241790771484,116.89241790771484,1085505,0.0,0.0
2006-08-14 00:00:00+02:00,117.16063184552551,118.5554045854666,116.83876688016744,118.34082794189452,1422405,0.0,0.0
2006-08-15 00:00:00+02:00,118.34083533470516,121.45223778874195,118.12625049215362,121.39859771728516,2551782,0.0,0.0
2006-08-16 00:00:00+02:00,121.9350385430393,122.25690350474169,120.0574642835992,120.70120239257812,2733501,0.0,0.0
2006-08-17 00:00:00+02:00,120.2720667895266,121.18402998883109,118.50178046994968,119.25281524658205,2132220,0.0,0.0
2006-08-18 00:00:00+02:00,119.52102147029974,120.54027285353422,118.28718524783326,118.71634674072266,1792781,0.0,0.0
2006-08-21 00:00:00+02:00,118.9309306440362,120.37934360845075,118.66270571782702,119.36009216308594,1271166,0.0,0.0
2006-08-22 00:00:00+02:00,119.6283073065286,119.8428839557186,117.5361563274155,119.5210189819336,1621141,0.0,0.0
2006-08-23 00:00:00+02:00,119.78926896861898,119.89655731567883,118.66272086054992,119.1455307006836,1018402,0.0,0.0
2006-08-24 00:00:00+02:00,119.41375639216172,121.3449712077906,119.1455314300819,120.91580963134766,1833706,0.0,0.0
2006-08-25 00:00:00+02:00,121.18399801738808,121.93503259587828,120.80848482092988,120.96942138671876,1467216,0.0,0.0
2006-08-28 00:00:00+02:00,121.18406842733047,121.34500508662622,119.78930314645068,121.02313995361328,877586,0.0,0.0
2006-08-29 00:00:00+02:00,121.02309376429764,121.93505690481162,120.59393223182772,121.66683197021484,1532483,0.0,0.0
2006-08-30 00:00:00+02:00,121.88141248561338,122.04234908855958,120.80851271340626,121.7741241455078,1581496,0.0,0.0
2006-08-31 00:00:00+02:00,122.14962047079304,122.14962047079304,120.48663096608806,121.720458984375,1659956,0.0,0.0
2006-09-01 00:00:00+02:00,121.77413278423354,121.82778105088,120.80852128363098,120.91580963134766,1179466,0.0,0.0
2006-09-04 00:00:00+02:00,120.91581561255482,121.07675223487882,119.89656398046388,120.64759063720705,1365734,0.0,0.0
2006-09-05 00:00:00+02:00,120.48666220045966,121.02311215115526,119.62833900511608,120.64759063720705,1492502,0.0,0.0
2006-09-06 00:00:00+02:00,120.70123621847776,121.34497450786102,119.95020957846005,121.23768615722656,1734894,0.0,0.0
2006-09-07 00:00:00+02:00,120.70122355602903,121.13038509912114,119.8429004698448,120.21842193603516,1900775,0.0,0.0
2006-09-08 00:00:00+02:00,120.16474674334812,121.07670970205342,120.05745842801346,120.96942138671876,1251167,0.0,0.0
2006-09-11 00:00:00+02:00,120.91580278230364,121.13038765115849,115.17579055604295,115.44401550292967,6004034,0.0,0.0
2006-09-12 00:00:00+02:00,115.76590242922848,117.05337905259312,115.12216411754618,116.9460906982422,3867227,0.0,0.0
2006-09-13 00:00:00+02:00,117.37523911562172,117.91168901268986,116.57056427001952,116.57056427001952,2022537,0.0,0.0
2006-09-14 00:00:00+02:00,117.16065275184008,117.16065275184008,113.8346650695338,114.10289001464844,3465768,0.0,0.0
2006-09-15 00:00:00+02:00,113.62008714274076,113.99560042467162,112.54718737403796,113.19092559814452,4761008,0.0,0.0
2006-09-18 00:00:00+02:00,113.7273720338906,115.06849670410156,113.298210502308,115.06849670410156,2048431,0.0,0.0
2006-09-19 00:00:00+02:00,115.28308649269856,115.8731846889562,114.80028483072512,115.2294464111328,1542208,0.0,0.0
2006-09-20 00:00:00+02:00,115.55129069338318,117.6434499523311,115.17577744759504,117.26793670654295,2111191,0.0,0.0
2006-09-21 00:00:00+02:00,117.10704703841192,117.75078545847246,115.81956201271274,116.40966033935548,1983556,0.0,0.0
2006-09-22 00:00:00+02:00,115.65859478469916,116.0877481305263,114.0492451811212,114.85391998291016,2002733,0.0,0.0
2006-09-25 00:00:00+02:00,115.39036865853583,116.141395191549,113.88830740693425,114.37110900878906,1261998,0.0,0.0
2006-09-26 00:00:00+02:00,114.53204683601716,115.39036989918236,114.15653356547315,115.06849670410156,2061835,0.0,0.0
2006-09-27 00:00:00+02:00,115.81954576316492,117.69712066650388,115.12216734752916,117.6971206665039,2185084,0.0,0.0
2006-09-28 00:00:00+02:00,117.85804627295664,118.1799195005146,116.1950564254438,116.73150634765624,1863128,0.0,0.0
2006-09-29 00:00:00+02:00,117.21428975735068,117.26793801545128,115.06849040252504,115.98045349121094,1925791,0.0,0.0
2006-10-02 00:00:00+02:00,116.40961537915608,116.51690371013248,115.3367156982422,115.3367156982422,1580405,0.0,0.0
2006-10-03 00:00:00+02:00,115.65860111836037,116.83878925516488,115.6049528544064,116.78514099121094,2032727,0.0,0.0
2006-10-04 00:00:00+02:00,117.16068873816096,117.32162539177712,115.87321188038791,116.67788696289062,1501769,0.0,0.0
2006-10-05 00:00:00+02:00,117.53617572185732,117.53617572185732,116.19505097918702,116.57056427001952,1273378,0.0,0.0
2006-10-06 00:00:00+02:00,116.89241994531103,116.89241994531103,114.90755712206672,116.30233001708984,1445094,0.0,0.0
2006-10-09 00:00:00+02:00,116.08775611554698,117.10701584593404,115.5513062107883,116.83879089355467,1129327,0.0,0.0
2006-10-10 00:00:00+02:00,117.21429195755177,118.71635317123952,117.16064369844412,118.2335433959961,2197420,0.0,0.0
2006-10-11 00:00:00+02:00,117.75072038760766,118.930908203125,117.6434320744831,118.930908203125,2369939,0.0,0.0
2006-10-12 00:00:00+02:00,119.14552739262372,119.41375234561424,116.99972776869949,118.82365417480467,2558769,0.0,0.0
2006-10-13 00:00:00+02:00,118.8236541748047,119.30645581595726,118.17991592474262,118.82365417480467,2110205,0.0,0.0
2006-10-16 00:00:00+02:00,118.9845907837142,119.7892656426858,118.55542922181417,118.82365417480467,1537994,0.0,0.0
2006-10-17 00:00:00+02:00,118.87729186863584,118.87729186863584,117.05335743914549,117.8580322265625,2201905,0.0,0.0
2006-10-18 00:00:00+02:00,118.01897694312564,118.23355362697372,116.7851405470596,117.42887878417967,2349545,0.0,0.0
2006-10-19 00:00:00+02:00,117.42886775251496,117.48251601122496,116.40961632162475,116.89241790771484,2649161,0.0,0.0
2006-10-20 00:00:00+02:00,117.16066740694406,117.26796394687172,116.30235238655987,116.9460906982422,1805002,0.0,0.0
2006-10-23 00:00:00+02:00,116.99971523684324,118.0189666748047,116.8924187186788,118.01896667480467,1618622,0.0,0.0
2006-10-24 00:00:00+02:00,118.01896326073772,118.71634968075706,116.46326201925795,117.48251342773438,1717692,0.0,0.0
2006-10-25 00:00:00+02:00,117.2679852976239,117.48256204539332,116.30237356150502,116.67788696289062,2346779,0.0,0.0
2006-10-26 00:00:00+02:00,117.26795077332326,117.58981580021866,116.46327592772109,116.57056427001952,2052108,0.0,0.0
2006-10-27 00:00:00+02:00,116.57056430654676,116.78514099121094,115.81952953907056,116.78514099121094,1418479,0.0,0.0
2006-10-30 00:00:00+01:00,116.35601365565826,116.94611199039151,116.24872528177356,116.67788696289062,1314256,0.0,0.0
2006-10-31 00:00:00+01:00,117.107014203783,117.69710417939734,116.24869109397471,116.78514099121094,2179758,0.0,0.0
2006-11-01 00:00:00+01:00,116.89241910522465,117.91167873213172,116.731490698596,117.37522888183594,1252469,0.0,0.0
2006-11-02 00:00:00+01:00,117.21430284079514,118.8773008006386,116.99972615559152,118.77000427246094,1980077,0.0,0.0
2006-11-03 00:00:00+01:00,118.82364869866048,119.25281024078204,118.07262213912944,118.66271209716795,1772488,0.0,0.0
2006-11-06 00:00:00+01:00,119.03823154801766,120.00384302145574,118.71636651392232,119.95020294189452,1357815,0.0,0.0
2006-11-07 00:00:00+01:00,119.7356088127591,119.9501936711471,118.716357338536,119.89654541015624,1455903,0.0,0.0
2006-11-08 00:00:00+01:00,119.73561688575032,119.84290522939038,118.87730195105382,119.25281524658205,1448428,0.0,0.0
2006-11-09 00:00:00+01:00,119.25281573670472,119.73561737785732,118.23355600399516,118.82365417480467,1334811,0.0,0.0
2006-11-10 00:00:00+01:00,118.5554438965468,118.87731715420712,117.10703060822924,117.6971206665039,2239584,0.0,0.0
2006-11-13 00:00:00+01:00,117.96534293627498,119.1455393968015,117.96534293627498,118.28721618652344,1725287,0.0,0.0
2006-11-14 00:00:00+01:00,118.50179508010672,118.66273170819676,117.8580567533235,118.12628173828124,1436926,0.0,0.0
2006-11-15 00:00:00+01:00,118.82365153711388,119.5210380365236,118.6627149317769,119.41374969482422,1678406,0.0,0.0
2006-11-16 00:00:00+01:00,119.36006964119684,119.52100620367048,118.3944584519286,118.930908203125,1753817,0.0,0.0
2006-11-17 00:00:00+01:00,119.0382176663983,119.8428924361637,117.91167790007177,118.44812774658205,2262560,0.0,0.0
2006-11-20 00:00:00+01:00,118.44813240473252,120.16477034395972,117.91168253712556,119.89654541015624,1770929,0.0,0.0
2006-11-21 00:00:00+01:00,119.84290641162006,120.70122954035968,119.73561806692162,119.95020294189452,1809813,0.0,0.0
2006-11-22 00:00:00+01:00,120.21844047668944,120.96946715374582,120.11114393518694,120.75489044189452,1702393,0.0,0.0
2006-11-23 00:00:00+01:00,120.80850512750048,120.91579346086912,119.30644390361404,119.36009216308594,1062676,0.0,0.0
2006-11-24 00:00:00+01:00,119.41372753090327,119.46736759900917,116.83876688016744,118.34082794189452,2445547,0.0,0.0
2006-11-27 00:00:00+01:00,117.96533249622996,118.34085398347808,117.10701754749036,117.32159423828124,1719413,0.0,0.0
2006-11-28 00:00:00+01:00,117.05336300021992,117.69710122362176,115.3367250092898,115.60494995117188,2567440,0.0,0.0
2006-11-29 00:00:00+01:00,115.7122315663742,117.16064453125,115.0684933803822,117.16064453125,1932033,0.0,0.0
2006-11-30 00:00:00+01:00,117.1606701253795,117.69712009515791,115.98048182898232,116.14141845703124,2073453,0.0,0.0
2006-12-01 00:00:00+01:00,115.87318401186548,116.30234558976542,113.45915934495162,113.88832092285156,2678063,0.0,0.0
2006-12-04 00:00:00+01:00,114.53202828119258,115.22941463383692,113.51277697118675,114.7466049194336,2471448,0.0,0.0
2006-12-05 00:00:00+01:00,115.33672075796662,115.5512974293327,113.45914623399972,113.5127944946289,2839895,0.0,0.0
2006-12-06 00:00:00+01:00,113.35186936829218,113.88831928656565,112.49354622482424,113.8346710205078,2788872,0.0,0.0
2006-12-07 00:00:00+01:00,113.7273704109582,115.81952159240136,113.45914548074369,115.0148468017578,1926317,0.0,0.0
2006-12-08 00:00:00+01:00,115.06849670410156,115.92681976726674,114.58569509705576,115.06849670410156,1551195,0.0,0.0
2006-12-11 00:00:00+01:00,115.65857609589295,116.08772937237497,114.63931660031308,114.7466049194336,1940893,0.0,0.0
2006-12-12 00:00:00+01:00,115.33676024406186,116.4633086183514,115.1221834992344,116.40966033935548,2716751,0.0,0.0
2006-12-13 00:00:00+01:00,116.08775989254036,116.89243477585902,115.9268314643376,116.73150634765624,1821966,0.0,0.0
2006-12-14 00:00:00+01:00,116.9460635326818,117.58980169482928,116.73148687382424,117.26793670654295,2186321,0.0,0.0
2006-12-15 00:00:00+01:00,117.96532912801544,118.0189773919694,116.78514099121094,116.78514099121094,5637190,0.0,0.0
2006-12-18 00:00:00+01:00,116.6778663064347,118.82366614655302,116.51692968131046,118.28721618652344,2246770,0.0,0.0
2006-12-19 00:00:00+01:00,117.75073828175988,117.80438653926169,116.62419035882064,117.26793670654295,2245348,0.0,0.0
2006-12-20 00:00:00+01:00,117.85804029990328,117.96532864179312,116.67785216796317,117.21430206298828,1367982,0.0,0.0
2006-12-21 00:00:00+01:00,117.42886856720064,118.39447993165496,116.83877864517166,118.01896667480467,1471459,0.0,0.0
2006-12-22 00:00:00+01:00,118.0726251692588,118.28720185303852,117.21430206298828,117.21430206298828,917263,0.0,0.0
2006-12-27 00:00:00+01:00,117.75077057233854,118.28722055216696,117.32160895136036,117.96534729003906,736537,0.0,0.0
2006-12-28 00:00:00+01:00,118.0189534613898,118.07260171446556,117.16063052562276,117.64344024658205,576718,0.0,0.0
2006-12-29 00:00:00+01:00,117.85804029990328,117.91168856363608,116.83878877358585,117.21430206298828,738160,0.0,0.0
2007-01-03 00:00:00+01:00,117.80439420071924,120.00383374656258,117.53616926691576,119.89654541015624,2162483,0.0,0.0
2007-01-04 00:00:00+01:00,119.62833303644597,121.13039446056592,119.30645980785732,120.48665618896484,2369840,0.0,0.0
2007-01-05 00:00:00+01:00,120.8621621666586,123.75898830591936,120.70122556212728,122.47151184082033,3814381,0.0,0.0
2007-01-08 00:00:00+01:00,122.6861070817596,124.08088028458276,121.23769379302908,121.4522705078125,2769874,0.0,0.0
2007-01-09 00:00:00+01:00,122.04234908855958,122.25692576877074,120.80851271340626,121.7741241455078,1660159,0.0,0.0
2007-01-10 00:00:00+01:00,120.70124761176676,121.55957086901466,120.00386098845,121.34498596191406,2159251,0.0,0.0
2007-01-11 00:00:00+01:00,122.3642188819166,123.91992023400071,122.09599394634516,123.86627197265624,3456304,0.0,0.0
2007-01-12 00:00:00+01:00,123.86628453393148,124.40273445947572,123.22254626039366,124.24180603027344,1618011,0.0,0.0
2007-01-15 00:00:00+01:00,124.45639528196936,125.85116850332572,124.13452201994032,125.26107025146484,1370908,0.0,0.0
2007-01-16 00:00:00+01:00,125.52926427085256,125.95842578581664,124.77823775884671,125.90477752685548,1345224,0.0,0.0
2007-01-17 00:00:00+01:00,125.74384645482586,127.08497113197022,125.69020637908532,126.2802963256836,1915086,0.0,0.0
2007-01-18 00:00:00+01:00,127.08498279547598,128.47975586194468,126.81675783543017,127.72872924804688,2438330,0.0,0.0
2007-01-19 00:00:00+01:00,127.13860750620552,128.96253362236004,126.70944601252955,128.80160522460938,2321933,0.0,0.0
2007-01-22 00:00:00+01:00,128.26516910732326,128.69432246127386,126.01207307120498,126.54852294921876,2452263,0.0,0.0
2007-01-23 00:00:00+01:00,126.70946548051904,127.29956364818462,125.7438540177826,126.06572723388672,1958364,0.0,0.0
2007-01-24 00:00:00+01:00,126.60217449048508,127.1922726458151,126.17301293984286,126.65582275390624,1213457,0.0,0.0
2007-01-25 00:00:00+01:00,126.92404601515946,128.10423412457874,125.74384972016452,126.3875961303711,1419620,0.0,0.0
2007-01-26 00:00:00+01:00,126.11937040500584,126.65582028646384,124.88553404053734,125.04647064208984,1625479,0.0,0.0
2007-01-29 00:00:00+01:00,125.15378189264752,125.79752023112852,124.18817029213751,125.26107025146484,1120796,0.0,0.0
2007-01-30 00:00:00+01:00,125.26105237920233,126.06572723388672,124.7246024760794,126.06572723388672,1202627,0.0,0.0
2007-01-31 00:00:00+01:00,126.0657260431622,126.11937430719814,124.8318896405182,125.36833953857422,1372123,0.0,0.0
2007-02-01 00:00:00+01:00,126.06573386534356,127.83602027588708,125.95844551619048,127.13863372802734,2069215,0.0,0.0
2007-02-02 00:00:00+01:00,127.56779531021613,128.26518185807586,126.22667048186142,127.13863372802734,1843050,0.0,0.0
2007-02-05 00:00:00+01:00,127.40686364643727,128.6943402574759,126.4949003648202,127.9433135986328,1573835,0.0,0.0
2007-02-06 00:00:00+01:00,127.83602524530905,129.49901518576917,127.83602524530905,127.9433135986328,1784929,0.0,0.0
2007-02-07 00:00:00+01:00,126.01209694876314,126.5485469284268,123.9735935745029,125.26107025146484,5669574,0.0,0.0
2007-02-08 00:00:00+01:00,124.99281816800698,125.15375476413664,121.45224579545562,123.16889190673828,4264286,0.0,0.0
2007-02-09 00:00:00+01:00,122.57882257461648,123.0079842032404,119.89657262768831,121.34498596191406,4973794,0.0,0.0
2007-02-12 00:00:00+01:00,121.23769270757282,122.4178809994692,120.86217936727536,122.09601593017578,2324421,0.0,0.0
2007-02-13 00:00:00+01:00,122.7933756548743,122.7933756548743,121.4522509396154,121.7741241455078,1532208,0.0,0.0
2007-02-14 00:00:00+01:00,122.36421716132038,123.38346862792967,122.04234396893044,123.38346862792967,1983996,0.0,0.0
2007-02-15 00:00:00+01:00,123.9199304705624,123.9199304705624,122.5251574161438,122.84703063964844,1736472,0.0,0.0
2007-02-16 00:00:00+01:00,122.47153417178822,123.70537078406682,122.31059753791236,123.32984924316406,2111179,0.0,0.0
2007-02-19 00:00:00+01:00,123.49076463624472,123.9735744548275,123.11525134550868,123.59805297851562,1335836,0.0,0.0
2007-02-20 00:00:00+01:00,122.95431041318572,123.91992183080056,122.63244539769778,123.7053451538086,2136812,0.0,0.0
2007-02-21 00:00:00+01:00,123.75899986080138,124.34909807065272,122.14965003638112,122.3642349243164,1793250,0.0,0.0
2007-02-22 00:00:00+01:00,120.16477750434106,121.13038896068755,119.46739099778104,120.32571411132812,4266323,0.0,0.0
2007-02-23 00:00:00+01:00,120.05747613202118,120.37934112548828,119.413737959512,120.37934112548828,1933070,0.0,0.0
2007-02-26 00:00:00+01:00,119.57466882982322,120.21841520118537,118.82364231066757,119.36009216308594,1997503,0.0,0.0
2007-02-27 00:00:00+01:00,118.82366554890206,119.25282715188251,116.51692909526174,116.9460906982422,3420643,0.0,0.0
2007-02-28 00:00:00+01:00,116.409629854334,118.17991618508655,114.74663186789886,116.62420654296876,3685249,0.0,0.0
2007-03-01 00:00:00+01:00,116.51691436767578,118.82365052974764,115.06850130307392,116.51691436767578,3393928,0.0,0.0
2007-03-02 00:00:00+01:00,116.9997258247892,117.75075240645424,115.60495281818174,116.57056427001952,1927354,0.0,0.0
2007-03-05 00:00:00+01:00,115.39036985076947,116.24868472799916,114.58569504898053,114.85391998291016,2437043,0.0,0.0
2007-03-06 00:00:00+01:00,115.87319183349608,116.35599352523826,114.6930035537888,115.8731918334961,2603387,0.0,0.0
2007-03-07 00:00:00+01:00,116.35598868518468,117.10702351235896,115.55131377536853,117.05337524414062,2100132,0.0,0.0
2007-03-08 00:00:00+01:00,117.70729760419364,118.52470939311164,117.54381358338148,117.8162841796875,1962696,3.4,0.0
2007-03-09 00:00:00+01:00,117.3803544514869,118.0342906733938,116.45395589064474,117.48934936523438,1892420,0.0,0.0
2007-03-12 00:00:00+01:00,117.48933125073675,118.470218802075,116.1814673237138,116.889892578125,1450389,0.0,0.0
2007-03-13 00:00:00+01:00,117.1623539812688,117.43482457192292,115.7455035838104,116.07247161865234,1563673,0.0,0.0
2007-03-14 00:00:00+01:00,114.92806393205136,114.92806393205136,112.31235354841738,113.62020874023438,3031767,0.0,0.0
2007-03-15 00:00:00+01:00,114.43763666761107,115.03707523335524,114.11066866536122,114.54662322998048,2150757,0.0,0.0
2007-03-16 00:00:00+01:00,114.98257941745176,116.944370828356,114.71010885011182,115.3095474243164,4481988,0.0,0.0
2007-03-19 00:00:00+01:00,116.34493951571586,116.45392608642577,115.364043749042,116.45392608642578,1885864,0.0,0.0
2007-03-20 00:00:00+01:00,116.61742412270272,117.87079062443334,115.14608445334216,117.59832000732422,2190543,0.0,0.0
2007-03-21 00:00:00+01:00,117.5983187655834,119.66909709677566,117.43483473401552,118.79718780517578,3156655,0.0,0.0
2007-03-22 00:00:00+01:00,119.77806680322558,121.52187682558674,119.39660966007504,121.08592224121094,3241836,0.0,0.0
2007-03-23 00:00:00+01:00,121.08592603897914,122.3392923901922,118.25223362437286,119.50559997558594,4700754,0.0,0.0
2007-03-26 00:00:00+02:00,119.83256870169794,120.21403420064918,119.12415178111526,119.34212493896484,2403446,0.0,0.0
2007-03-27 00:00:00+02:00,120.15951067067844,120.70445176215544,118.47018996104326,118.68817138671876,1781842,0.0,0.0
2007-03-28 00:00:00+02:00,118.47022018671116,118.47022018671116,116.39945016288964,116.72640991210938,2140827,0.0,0.0
2007-03-29 00:00:00+02:00,116.99886837131116,118.30673217773436,116.8898817995615,118.30673217773438,1925616,0.0,0.0
2007-03-30 00:00:00+02:00,118.52469102726424,118.57918846413796,117.16233825683592,117.16233825683594,1786038,0.0,0.0
2007-04-02 00:00:00+02:00,117.7073009978285,118.4702153634239,116.78090260670751,117.38033294677734,1910512,0.0,0.0
2007-04-03 00:00:00+02:00,118.25222938939146,119.50559569571756,117.87077224793796,119.06964111328124,1666749,0.0,0.0
2007-04-04 00:00:00+02:00,119.17862136527522,119.7235624856607,118.25222312364824,118.8516616821289,1717022,0.0,0.0
2007-04-05 00:00:00+02:00,119.015134401444,120.322998046875,118.30671761470296,120.322998046875,1432331,0.0,0.0
2007-04-10 00:00:00+02:00,120.6499725775146,121.4673843383789,120.21402629050093,121.4673843383789,2111805,0.0,0.0
2007-04-11 00:00:00+02:00,121.30391693115234,121.46739264238714,120.86796229919258,121.30391693115234,1782918,0.0,0.0
2007-04-12 00:00:00+02:00,120.70448508629433,121.30392377846876,119.77808663805124,120.43201446533205,1713724,0.0,0.0
2007-04-13 00:00:00+02:00,120.43201185392851,122.23031957631449,120.43201185392851,121.79436492919922,1800733,0.0,0.0
2007-04-16 00:00:00+02:00,122.33929578577694,122.61176637772743,121.84885204632306,122.17581176757812,1398596,0.0,0.0
2007-04-17 00:00:00+02:00,121.79434404244871,122.06681461077636,120.64996432941597,121.5218734741211,2139713,0.0,0.0
2007-04-18 00:00:00+02:00,123.70165891205836,125.3364825981208,123.48368574664066,124.84603881835938,4500593,0.0,0.0
2007-04-19 00:00:00+02:00,124.41007475098031,126.3718580366062,124.24659073172585,126.15388488769533,2963181,0.0,0.0
2007-04-20 00:00:00+02:00,126.75331212685,128.00667009314503,126.58982812229009,127.73419952392578,3786197,0.0,0.0
2007-04-23 00:00:00+02:00,127.57073704582515,129.5870178038267,127.13478242689824,128.00668334960938,2140895,0.0,0.0
2007-04-24 00:00:00+02:00,128.2246630629193,128.60612023108465,125.3909705513646,126.15388488769533,2762199,0.0,0.0
2007-04-25 00:00:00+02:00,126.80780524424767,127.35274639984404,125.88140694276228,127.18926239013672,1875408,0.0,0.0
2007-04-26 00:00:00+02:00,126.7533048569998,128.0611601881843,125.7179117642658,126.5898208618164,1643241,0.0,0.0
2007-04-27 00:00:00+02:00,126.20838281473404,126.37185851947054,124.0831071865904,125.06400299072266,1715508,0.0,0.0
2007-04-30 00:00:00+02:00,124.73702507153963,125.663431672434,124.0830973589581,124.3555679321289,1481899,0.0,0.0
2007-05-02 00:00:00+02:00,125.06401962511976,125.499974297735,124.08312369052145,124.9005355834961,2371488,0.0,0.0
2007-05-03 00:00:00+02:00,125.33644629536678,126.0448713504992,123.91959618510197,124.62802124023438,1891880,0.0,0.0
2007-05-04 00:00:00+02:00,124.68255435758672,127.7887176873858,124.68255435758672,126.97130584716795,2457185,0.0,0.0
2007-05-07 00:00:00+02:00,127.35273642472448,127.35273642472448,125.71791308598569,126.42633819580078,989426,0.0,0.0
2007-05-08 00:00:00+02:00,126.42634420332836,127.46172904100575,125.00949391637224,125.6089324951172,1252949,0.0,0.0
2007-05-09 00:00:00+02:00,126.09939424394412,126.91680606916022,124.3010948805832,125.2274932861328,1636568,0.0,0.0
2007-05-10 00:00:00+02:00,125.77243298544856,125.88141956446712,124.02862277572262,124.46456909179688,1282758,0.0,0.0
2007-05-11 00:00:00+02:00,123.26568563944568,124.35556793212892,123.1022016325148,124.3555679321289,1670602,0.0,0.0
2007-05-14 00:00:00+02:00,125.0640062125069,125.0640062125069,123.21120944652692,123.59266662597656,1828014,0.0,0.0
2007-05-15 00:00:00+02:00,123.48367954309394,125.33647630149366,123.21120894243852,124.68254852294922,1798368,0.0,0.0
2007-05-16 00:00:00+02:00,123.81062383170594,124.2465784014059,123.21119357411756,123.7016372680664,1674005,0.0,0.0
2007-05-18 00:00:00+02:00,124.51905394303591,125.22747910770964,122.82973303613262,124.0286102294922,2280737,0.0,0.0
2007-05-21 00:00:00+02:00,123.59265698296524,126.26286534591932,123.37467552947084,123.86512756347656,2107958,0.0,0.0
2007-05-22 00:00:00+02:00,123.97413980174072,124.0831263934827,122.44830257192127,123.5381851196289,2056221,0.0,0.0
2007-05-23 00:00:00+02:00,123.21120944652692,124.46456756255536,122.93873884475674,123.59266662597656,1746660,0.0,0.0
2007-05-24 00:00:00+02:00,123.10220537516416,123.91961711952818,122.3937885154958,122.7752456665039,1838678,0.0,0.0
2007-05-25 00:00:00+02:00,122.2847938761044,123.81063079833986,122.12131817901746,123.81063079833984,2105645,0.0,0.0
2007-05-29 00:00:00+02:00,124.028600292496,124.13758685175809,122.88422063239054,123.37466430664062,1394722,0.0,0.0
2007-05-30 00:00:00+02:00,122.0668349847561,122.88424682617188,121.5218937571456,122.88424682617188,2245053,0.0,0.0
2007-05-31 00:00:00+02:00,123.42916774167142,123.97410887960372,122.39378290565676,122.50276947021484,2071747,0.0,0.0
2007-06-01 00:00:00+02:00,122.3937723676838,124.19207131591534,122.1757909421937,123.9740982055664,1730285,0.0,0.0
2007-06-04 00:00:00+02:00,123.15670348886,123.48367151444486,121.90333714430774,122.666259765625,2024385,0.0,0.0
2007-06-05 00:00:00+02:00,122.61177251188865,122.9932296966748,121.08593545760095,121.30391693115234,2200073,0.0,0.0
2007-06-06 00:00:00+02:00,120.97693406191112,121.79434577854566,119.61458120085358,120.2685089111328,2726028,0.0,0.0
2007-06-07 00:00:00+02:00,120.64997258093298,120.75896746783192,117.9252667113081,118.36122131347656,2688496,0.0,0.0
2007-06-08 00:00:00+02:00,117.7618055119246,118.96067457915464,117.54382402642786,118.47022247314452,2811939,0.0,0.0
2007-06-11 00:00:00+02:00,118.79718780517578,119.28763158473618,117.97977596247962,118.79718780517578,1765661,0.0,0.0
2007-06-12 00:00:00+02:00,118.8516733590945,119.887058263495,117.87077758300106,118.36122131347656,2142331,0.0,0.0
2007-06-13 00:00:00+02:00,118.25223811442288,118.4157221342916,117.59831035009051,117.87078094482422,1716154,0.0,0.0
2007-06-14 00:00:00+02:00,118.25224521929144,119.0151596043264,117.70730399708272,118.9606704711914,2390192,0.0,0.0
2007-06-15 00:00:00+02:00,118.96064856979434,120.21401481315048,118.79716457020152,119.88704681396484,5149036,0.0,0.0
2007-06-18 00:00:00+02:00,119.9415572794165,120.05054385260183,118.08875227469524,119.1241455078125,2226946,0.0,0.0
2007-06-19 00:00:00+02:00,119.23315986054146,119.77810116857395,118.52473449707033,118.52473449707033,1905953,0.0,0.0
2007-06-20 00:00:00+02:00,118.5247163832438,118.9606710260729,117.5438205156642,117.92527770996094,2630562,0.0,0.0
2007-06-21 00:00:00+02:00,117.21683401338956,117.3258205704332,115.63649983326218,116.3449249267578,3867612,0.0,0.0
2007-06-22 00:00:00+02:00,116.61743929181954,116.67193674838752,114.98261537651366,115.5820541381836,2574622,0.0,0.0
2007-06-25 00:00:00+02:00,114.98257876855016,116.017963592542,114.5466242002382,115.4730224609375,2291782,0.0,0.0
2007-06-26 00:00:00+02:00,114.60114639715424,115.74551803166138,114.60114639715424,115.14608764648438,2473972,0.0,0.0
2007-06-27 00:00:00+02:00,114.7646208027016,116.29044952064714,114.60113677859518,115.41854858398438,3708947,0.0,0.0
2007-06-28 00:00:00+02:00,116.50840431653664,118.0342410002843,115.74548181709233,116.99884796142578,3977676,0.0,0.0
2007-06-29 00:00:00+02:00,117.5983214765879,118.63370650848124,116.88989620022453,118.47022247314452,2571524,0.0,0.0
2007-07-02 00:00:00+02:00,118.03426293872448,118.9606612818896,117.76179234866754,118.14324951171876,2162280,0.0,0.0
2007-07-03 00:00:00+02:00,118.79718153270156,118.90616810961129,118.1432537561006,118.63369750976562,1993484,0.0,0.0
2007-07-04 00:00:00+02:00,118.6336970119293,120.05054745123807,118.4157238590246,119.72357940673828,1790037,0.0,0.0
2007-07-05 00:00:00+02:00,120.3775013044202,120.48649619069478,117.87077690780986,118.41571807861328,2347515,0.0,0.0
2007-07-06 00:00:00+02:00,118.03426248708148,119.39661543215334,117.65279701034738,119.2876205444336,2173529,0.0,0.0
2007-07-09 00:00:00+02:00,119.4511025326514,119.94155457363512,118.52470420876082,119.50559997558594,2278313,0.0,0.0
2007-07-10 00:00:00+02:00,119.396625111987,119.83257143763946,117.87078802677398,118.9606704711914,2120558,0.0,0.0
2007-07-11 00:00:00+02:00,118.08874578350309,119.50559610245784,117.434818065194,117.9797592163086,2905266,0.0,0.0
2007-07-12 00:00:00+02:00,118.30673624212392,118.85167743473592,116.88988581527562,117.8162841796875,2671814,0.0,0.0
2007-07-13 00:00:00+02:00,118.79717794128648,119.17863510650982,117.16235439163576,118.03426361083984,2319448,0.0,0.0
2007-07-16 00:00:00+02:00,118.14324121785992,119.2876126266767,117.81627320668828,118.25222778320312,1765600,0.0,0.0
2007-07-17 00:00:00+02:00,117.76179708268688,118.74268459420948,117.54381561279295,117.54381561279295,1885847,0.0,0.0
2007-07-18 00:00:00+02:00,116.50843606567764,117.76180255155984,116.18146800322376,116.83539581298828,2784448,0.0,0.0
2007-07-19 00:00:00+02:00,118.25222899421811,122.61175817372846,118.14324242775876,120.1595230102539,7573750,0.0,0.0
2007-07-20 00:00:00+02:00,120.86797814468824,121.73987920776888,119.233154296875,119.233154296875,3926992,0.0,0.0
2007-07-23 00:00:00+02:00,119.34209903346292,119.61456957920144,118.30671428571308,118.68817138671876,2096362,0.0,0.0
2007-07-24 00:00:00+02:00,118.19773864064464,119.17863442787812,117.70729490459914,118.14324951171876,2431536,0.0,0.0
2007-07-25 00:00:00+02:00,117.3258438150308,118.74268596758554,116.94438663223308,117.38033294677734,2594434,0.0,0.0
2007-07-26 00:00:00+02:00,117.65280809676642,118.08876274329788,114.16518755480116,114.71012878417967,3615546,0.0,0.0
2007-07-27 00:00:00+02:00,114.11066932496172,116.50841528665651,113.62022563389372,114.43763732910156,3713334,0.0,0.0
2007-07-30 00:00:00+02:00,114.92810752882812,115.90900345235374,114.54665031277472,114.98260498046876,2121488,0.0,0.0
2007-07-31 00:00:00+02:00,116.07243462860492,116.94434356689452,115.3640096556371,116.94434356689452,2812413,0.0,0.0
2007-08-02 00:00:00+02:00,116.56293764454306,116.78091914783356,115.85452062549528,116.18148040771484,2957586,0.0,0.0
2007-08-03 00:00:00+02:00,116.18146622805791,116.23596367601532,113.23878697150792,113.94721221923828,3005017,0.0,0.0
2007-08-06 00:00:00+02:00,113.07531187890136,114.43766503406884,112.80284124786785,113.7837371826172,2119789,0.0,0.0
2007-08-07 00:00:00+02:00,114.9825777824194,114.9825777824194,113.62022496509216,114.49213409423828,2044871,0.0,0.0
2007-08-08 00:00:00+02:00,115.25504437823628,117.87076336048696,114.00167816641392,117.16233825683594,3307131,0.0,0.0
2007-08-09 00:00:00+02:00,116.8898797665002,117.27133691856058,115.30955371576064,115.52752685546876,3354329,0.0,0.0
2007-08-10 00:00:00+02:00,114.5466424332839,115.09158365162985,112.09440695072726,113.02080535888672,3751474,0.0,0.0
2007-08-13 00:00:00+02:00,114.05621199390588,114.60115327594542,113.23880007084657,114.27418518066406,1877082,0.0,0.0
2007-08-14 00:00:00+02:00,113.62023364580594,114.546631969338,113.34776306152344,113.34776306152344,2022371,0.0,0.0
2007-08-15 00:00:00+02:00,112.53033355186962,113.89268625830871,112.2033655762678,113.7292022705078,2575549,0.0,0.0
2007-08-16 00:00:00+02:00,112.20337944416744,113.8927003350018,110.62305343543235,111.8219223022461,4659900,0.0,0.0
2007-08-17 00:00:00+02:00,111.1679899456194,113.2932570155819,109.96912112884203,112.42135620117188,5505208,0.0,0.0
2007-08-20 00:00:00+02:00,113.29325468480786,114.43763435440856,112.8573084441424,113.83819580078124,2707052,0.0,0.0
2007-08-21 00:00:00+02:00,113.8927244618278,114.60114976983444,113.18429915382116,113.67475128173828,1967867,0.0,0.0
2007-08-22 00:00:00+02:00,113.78373588066796,115.41855964816276,113.62025184088974,114.98260498046876,2364656,0.0,0.0
2007-08-23 00:00:00+02:00,115.74550831705434,116.07247636526718,114.98259395808157,115.41854858398438,1539437,0.0,0.0
2007-08-24 00:00:00+02:00,114.9825890495212,115.41854365681328,114.43764786919172,115.0915756225586,1345586,0.0,0.0
2007-08-27 00:00:00+02:00,115.6910407361751,115.6910407361751,114.87362877852216,115.5820541381836,789925,0.0,0.0
2007-08-28 00:00:00+02:00,115.14606379629149,115.6365074930456,114.21966552734376,114.21966552734376,1346004,0.0,0.0
2007-08-29 00:00:00+02:00,113.7292271927931,113.83821377016302,112.63934478880824,113.45675659179688,2019857,0.0,0.0
2007-08-30 00:00:00+02:00,114.27416070206766,114.27416070206766,112.53035063611038,113.40225982666016,1764416,0.0,0.0
2007-08-31 00:00:00+02:00,113.3477550688244,115.47302215030815,113.3477550688244,114.43763732910156,2203287,0.0,0.0
2007-09-03 00:00:00+02:00,115.2550420158293,115.2550420158293,113.7292052811967,114.38313293457033,1272408,0.0,0.0
2007-09-04 00:00:00+02:00,114.32867924496426,115.90900558996304,113.7292405264371,115.69103240966795,1613228,0.0,0.0
2007-09-05 00:00:00+02:00,115.96348688057851,116.61741464546851,114.546636460698,114.81910705566406,2227055,0.0,0.0
2007-09-06 00:00:00+02:00,115.52751425368712,115.79998480617223,114.43763204374667,115.20054626464844,2024078,0.0,0.0
2007-09-07 00:00:00+02:00,115.2005509071351,116.0724600362812,114.2741526543809,114.49213409423828,2238787,0.0,0.0
2007-09-10 00:00:00+02:00,114.49213409423828,114.49213409423828,114.49213409423828,114.49213409423828,0,0.0,0.0
2007-09-11 00:00:00+02:00,113.89271477128092,114.87361062851195,113.5112575810086,113.94721221923828,2083974,0.0,0.0
2007-09-12 00:00:00+02:00,113.9472122192383,113.9472122192383,113.9472122192383,113.94721221923828,0,0.0,0.0
2007-09-13 00:00:00+02:00,113.78370501656453,115.25504434517678,113.0752799131167,115.03707122802734,1982209,0.0,0.0
2007-09-14 00:00:00+02:00,114.1651845541345,114.1651845541345,112.09440627389486,113.07530212402344,2497104,0.0,0.0
2007-09-17 00:00:00+02:00,112.6938350838475,113.23877625125958,111.76743676227542,112.3123779296875,1746419,0.0,0.0
2007-09-18 00:00:00+02:00,111.71292974797592,113.07528254978052,111.27697518837012,112.5848388671875,2618461,0.0,0.0
2007-09-19 00:00:00+02:00,114.38316072049528,115.63652721109452,113.02080764704895,114.71012878417967,3818674,0.0,0.0
2007-09-20 00:00:00+02:00,114.43763666761107,115.30954579684956,114.32865010524168,114.54662322998048,2356278,0.0,0.0
2007-09-21 00:00:00+02:00,114.8735922052576,115.6365064634472,114.4921350761628,115.4730224609375,4634844,0.0,0.0
2007-09-24 00:00:00+02:00,115.14605421073264,117.38030769512446,115.14605421073264,116.61739349365234,2399829,0.0,0.0
2007-09-25 00:00:00+02:00,116.18144491325845,116.835372593061,115.41853067267904,115.79998779296876,1995582,0.0,0.0
2007-09-26 00:00:00+02:00,115.9089930256586,116.3994451008742,115.0915812154422,115.36405181884766,2277400,0.0,0.0
2007-09-27 00:00:00+02:00,115.74548801633374,115.74548801633374,114.76460067401985,115.03707122802734,1775563,0.0,0.0
2007-09-28 00:00:00+02:00,115.25504434517678,115.41852834060958,114.16516212914676,115.03707122802734,1908772,0.0,0.0
2007-10-01 00:00:00+02:00,114.76460989356312,116.07246533180836,113.94719816587434,115.9089813232422,2050234,0.0,0.0
2007-10-02 00:00:00+02:00,116.29044476511862,116.4539287825396,115.20056240250216,116.07247161865234,2050002,0.0,0.0
2007-10-03 00:00:00+02:00,115.69100953050054,115.96348010955722,114.4376432038113,115.74549865722656,2839698,0.0,0.0
2007-10-04 00:00:00+02:00,115.52753516167436,116.34494696706358,115.14607798218798,115.41854858398438,1541281,0.0,0.0
2007-10-05 00:00:00+02:00,115.52753516167436,115.74550831705434,114.81910993397514,115.41854858398438,1793392,0.0,0.0
2007-10-08 00:00:00+02:00,115.47302941297058,115.69101086782098,114.92808824855798,115.52752685546876,1164460,0.0,0.0
2007-10-09 00:00:00+02:00,115.30955661660651,116.88988270710244,115.14607260014152,116.12696838378906,2221151,0.0,0.0
2007-10-10 00:00:00+02:00,116.29046359855498,118.19775804202332,116.18147700767128,117.65281677246094,2686984,0.0,0.0
2007-10-11 00:00:00+02:00,117.70730399708272,119.56010082653508,117.5983174156696,118.9606704711914,2760682,0.0,0.0
2007-10-12 00:00:00+02:00,118.361220635476,118.7426777920099,117.48931975127591,118.41571807861328,1990212,0.0,0.0
2007-10-15 00:00:00+02:00,118.14325019096376,118.4157207825872,117.70729558133768,118.08875274658205,1362443,0.0,0.0
2007-10-16 00:00:00+02:00,115.52754062824748,116.072481857626,114.00170352295896,114.71012878417967,4767879,0.0,0.0
2007-10-17 00:00:00+02:00,114.43762031390511,115.30952931854344,113.29324078470988,113.62020874023438,3897935,0.0,0.0
2007-10-18 00:00:00+02:00,113.18427209168594,114.49213580494684,112.6393309566127,113.23876953125,3439396,0.0,0.0
2007-10-19 00:00:00+02:00,112.8028375743726,113.02081074604344,110.40509942541917,111.2770004272461,3238478,0.0,0.0
2007-10-22 00:00:00+02:00,110.1870943068429,110.84102199675146,109.69665061819688,110.35057830810548,2329169,0.0,0.0
2007-10-23 00:00:00+02:00,110.8955304881344,111.7129422607742,109.86014556884764,109.86014556884766,2311861,0.0,0.0
2007-10-24 00:00:00+02:00,109.9691433087214,111.76745105416232,109.9146458589546,110.40509796142578,2848862,0.0,0.0
2007-10-25 00:00:00+02:00,110.67755734148746,110.9500279323674,109.58767497796772,109.86014556884766,2610242,0.0,0.0
2007-10-26 00:00:00+02:00,109.6966529882542,110.35058069229125,108.00733213061174,108.98822784423828,4387417,0.0,0.0
2007-10-29 00:00:00+01:00,109.2606981169222,109.53316868579236,106.69947643257136,107.95284271240234,4435143,0.0,0.0
2007-10-30 00:00:00+01:00,108.00735396630742,108.00735396630742,105.99107300658868,107.0809555053711,2868939,0.0,0.0
2007-10-31 00:00:00+01:00,106.97194141104517,108.00732619258528,106.15452974715302,107.68036651611328,2321200,0.0,0.0
2007-11-01 00:00:00+01:00,108.0618541961085,108.44331141746278,106.26354636384544,106.69950103759766,3475870,0.0,0.0
2007-11-02 00:00:00+01:00,105.99103612832393,108.44327089735968,105.93653869628906,105.93653869628906,4285345,0.0,0.0
2007-11-05 00:00:00+01:00,106.59052138433482,107.02646777131253,105.39164387471315,105.77310943603516,3285245,0.0,0.0
2007-11-06 00:00:00+01:00,106.31803063577324,106.97195840776088,105.88207601606724,106.42701721191406,2561444,0.0,0.0
2007-11-07 00:00:00+01:00,106.75397063775397,106.91745464988472,105.82757232253596,106.2635269165039,2869611,0.0,0.0
2007-11-08 00:00:00+01:00,105.99105608596506,106.48149980606428,104.90117376117364,105.22814178466795,3818502,0.0,0.0
2007-11-09 00:00:00+01:00,105.82758372545028,106.04556520349288,103.2118641949412,103.70231628417967,4189032,0.0,0.0
2007-11-12 00:00:00+01:00,102.72140005799454,104.4652099609375,102.06747238378362,104.4652099609375,3138436,0.0,0.0
2007-11-13 00:00:00+01:00,103.5388278732742,107.02644822294842,103.42984129643617,106.37252044677734,4885540,0.0,0.0
2007-11-14 00:00:00+01:00,106.64498609145014,110.02361970730652,106.64498609145014,109.09722137451172,5071239,0.0,0.0
2007-11-15 00:00:00+01:00,109.53317529605896,110.07811646668614,108.17082236949108,109.15171813964844,2970260,0.0,0.0
2007-11-16 00:00:00+01:00,108.49777553893936,109.09720575545067,107.89833700728684,108.1163101196289,2853265,0.0,0.0
2007-11-19 00:00:00+01:00,107.62587914007068,108.27980686928572,106.26352623956346,106.31802368164062,2758789,0.0,0.0
2007-11-20 00:00:00+01:00,107.18992108581926,109.58766710233162,105.66408422351904,108.93373107910156,3745081,0.0,0.0
2007-11-21 00:00:00+01:00,108.3887895434462,111.60394726219482,108.17081641325458,109.96912384033205,4466137,0.0,0.0
2007-11-22 00:00:00+01:00,110.1870966943851,116.88987437025315,110.07811012956245,116.29043579101562,6485911,0.0,0.0
2007-11-23 00:00:00+01:00,116.12697954763487,119.39662693069197,116.12697954763487,116.72640991210938,5153003,0.0,0.0
2007-11-26 00:00:00+01:00,116.72640991210938,116.72640991210938,116.72640991210938,116.72640991210938,0,0.0,0.0
2007-11-27 00:00:00+01:00,113.892703362231,116.01797057738317,113.02079417311391,115.52752685546876,2946970,0.0,0.0
2007-11-28 00:00:00+01:00,115.2005492359838,116.0179609145224,114.21966187385075,115.79998779296876,3322772,0.0,0.0
2007-11-29 00:00:00+01:00,115.14608366793512,117.43483517301158,114.7101290205055,116.6719207763672,3110151,0.0,0.0
2007-11-30 00:00:00+01:00,117.59829845645936,118.1432395908126,116.61740275159514,117.434814453125,3590525,0.0,0.0
2007-12-03 00:00:00+01:00,116.67190338259466,117.7617856811144,112.96630190459916,113.8927001953125,4835715,0.0,0.0
2007-12-04 00:00:00+01:00,114.05618286132812,115.52752228399208,112.36686199243938,114.05618286132812,2930364,0.0,0.0
2007-12-05 00:00:00+01:00,114.81911957082887,115.63653144482409,113.34777986066624,115.14608764648438,2302580,0.0,0.0
2007-12-06 00:00:00+01:00,110.40507539231012,111.44046020507812,108.7702520152185,111.44046020507812,9510144,0.0,0.0
2007-12-07 00:00:00+01:00,111.71293411985889,111.71293411985889,110.0781106937146,111.00450897216795,3384218,0.0,0.0
2007-12-10 00:00:00+01:00,111.60394983376013,111.98540697795588,110.51406752740532,111.7129364013672,2388490,0.0,0.0
2007-12-11 00:00:00+01:00,111.49497917611826,112.69384822115477,110.78655391286928,111.60396575927734,2311351,0.0,0.0
2007-12-12 00:00:00+01:00,110.45957629284528,113.07529563810463,110.29609227467732,111.87642669677734,3001555,0.0,0.0
2007-12-13 00:00:00+01:00,111.16798393503494,111.38595704806671,109.04271697998048,109.04271697998048,4732950,0.0,0.0
2007-12-14 00:00:00+01:00,108.98823145017104,110.40508178508011,108.7157608715456,109.53317260742188,1957592,0.0,0.0
2007-12-17 00:00:00+01:00,108.77026774697612,109.58767955374655,107.95285594020568,108.27981567382812,2375361,0.0,0.0
2007-12-18 00:00:00+01:00,108.27981567382812,108.27981567382812,108.27981567382812,108.27981567382812,0,0.0,0.0
2007-12-19 00:00:00+01:00,108.1163013647872,108.44326932196492,106.91743271370316,107.13541412353516,2614329,0.0,0.0
2007-12-20 00:00:00+01:00,106.80846272356962,107.95284243595032,106.42700559115669,107.02643585205078,2948196,0.0,0.0
2007-12-21 00:00:00+01:00,107.57138805228222,107.57138805228222,106.42701653734296,106.53600311279295,5738031,0.0,0.0
2007-12-24 00:00:00+01:00,106.53600311279295,106.53600311279295,106.53600311279295,106.53600311279295,0,0.0,0.0
2007-12-27 00:00:00+01:00,106.26355465649704,107.4079347250094,105.50064015425176,106.59052276611328,1591493,0.0,0.0
2007-12-28 00:00:00+01:00,105.77311080721714,107.35343726835856,105.60962675240904,106.59052276611328,1362401,0.0,0.0
2007-12-31 00:00:00+01:00,106.59052276611328,106.59052276611328,106.59052276611328,106.59052276611328,0,0.0,0.0
2008-01-03 00:00:00+01:00,105.50063249679322,106.20904949096924,104.02928442545816,104.62872314453124,3537360,0.0,0.0
2008-01-04 00:00:00+01:00,104.90117896230598,105.82757732128222,102.44894360994036,103.53882598876952,3422489,0.0,0.0
2008-01-07 00:00:00+01:00,103.59332983410772,106.04556533798056,103.59332983410772,104.68321228027344,3788209,0.0,0.0
2008-01-08 00:00:00+01:00,105.17365551697829,111.82193674155135,105.01017148786109,110.89553833007812,8269736,0.0,0.0
2008-01-09 00:00:00+01:00,110.62305853578656,113.72922157056097,110.07811736073344,113.1842803955078,5222667,0.0,0.0
2008-01-10 00:00:00+01:00,112.63935788845356,114.05620850446684,112.09441662308596,113.67475128173828,3125786,0.0,0.0
2008-01-11 00:00:00+01:00,113.0208038453812,113.8382156619538,112.03991631760846,112.2033920288086,3416666,0.0,0.0
2008-01-14 00:00:00+01:00,111.76743290089202,111.9854060342693,110.35058258851356,110.78653717041016,2624070,0.0,0.0
2008-01-15 00:00:00+01:00,109.53316868579236,109.53316868579236,107.78935870805188,107.95284271240234,3422716,0.0,0.0
2008-01-16 00:00:00+01:00,108.44328843657766,109.69665473982782,106.644980985405,107.73486328125,3715828,0.0,0.0
2008-01-17 00:00:00+01:00,109.47868008950172,111.54945824321771,108.27981115265848,109.86014556884766,4893004,0.0,0.0
2008-01-18 00:00:00+01:00,110.24161052875247,113.34777382140663,109.64217186037048,110.89553833007812,5065786,0.0,0.0
2008-01-21 00:00:00+01:00,110.24159601513496,111.2769808713273,104.465216514425,105.6095962524414,6235926,0.0,0.0
2008-01-22 00:00:00+01:00,102.17647357365055,106.9174602844394,99.99670880407932,106.53600311279295,7214837,0.0,0.0
2008-01-23 00:00:00+01:00,106.9719465105465,108.77025391986528,103.32084256747008,103.92027282714844,5578789,0.0,0.0
2008-01-24 00:00:00+01:00,105.99105767163432,107.62588118327906,103.04837867673072,106.0455551147461,4815514,0.0,0.0
2008-01-25 00:00:00+01:00,107.35340558868091,107.78936016780548,105.66408471275147,105.71858215332033,3457497,0.0,0.0
2008-01-28 00:00:00+01:00,105.17362541291816,105.99103700939162,103.86577018461692,104.7376708984375,2761956,0.0,0.0
2008-01-29 00:00:00+01:00,104.62870337831536,105.50061256585822,102.61242273665752,103.21185302734376,3923386,0.0,0.0
2008-01-30 00:00:00+01:00,101.90401082199055,106.20904324723658,101.03210152098572,105.44612884521484,5890082,0.0,0.0
2008-01-31 00:00:00+01:00,104.13827876262604,106.69950103759768,104.13827876262604,106.69950103759766,4277050,0.0,0.0
2008-02-01 00:00:00+01:00,107.68038265007586,110.02362311887912,107.02644656886848,108.66127014160156,3766687,0.0,0.0
2008-02-04 00:00:00+01:00,109.47867626217378,109.80564428585606,107.78936364686136,108.33430480957033,1857624,0.0,0.0
2008-02-05 00:00:00+01:00,108.93373158347272,109.53317016916176,105.500609021329,105.71858215332033,3235457,0.0,0.0
2008-02-06 00:00:00+01:00,105.28263403786812,107.35341217948567,105.0646608924947,106.86296844482422,2677583,0.0,0.0
2008-02-07 00:00:00+01:00,106.53599724836076,107.62587957315218,104.79218719172296,105.22814178466795,2501975,0.0,0.0
2008-02-08 00:00:00+01:00,105.71858389841024,106.20902761105737,103.26634870489042,104.41072845458984,2898867,0.0,0.0
2008-02-11 00:00:00+01:00,103.70229969910936,105.11914166164702,103.64780225952867,103.92027282714844,2109136,0.0,0.0
2008-02-12 00:00:00+01:00,104.62871903335493,105.446130900803,103.70232057994244,105.17366027832033,2752183,0.0,0.0
2008-02-13 00:00:00+01:00,106.15453859281624,108.49778722092726,105.71858400605154,107.5168914794922,2958584,0.0,0.0
2008-02-14 00:00:00+01:00,108.98824918076129,108.98824918076129,107.08095482009794,107.18994140625,2112309,0.0,0.0
2008-02-15 00:00:00+01:00,106.42703098660664,107.2989320237248,104.62872314453124,104.62872314453124,6345511,0.0,0.0
2008-02-18 00:00:00+01:00,105.7185821533203,106.26352329844052,105.06465444220446,105.71858215332033,1587609,0.0,0.0
2008-02-19 00:00:00+01:00,105.33713194676736,106.48150343774314,104.46522273113982,105.82757568359376,2379054,0.0,0.0
2008-02-20 00:00:00+01:00,105.17362541291816,105.44609594507598,104.13824071677476,104.7376708984375,2289334,0.0,0.0
2008-02-21 00:00:00+01:00,105.17364792944436,106.26353029140752,104.9011773389536,105.82757568359376,1640364,0.0,0.0
2008-02-22 00:00:00+01:00,105.1191500212668,108.06183737466309,105.1191500212668,106.86296844482422,3251240,0.0,0.0
2008-02-25 00:00:00+01:00,110.5685566536378,112.53034813113328,110.35058351842368,111.7129364013672,4889436,0.0,0.0
2008-02-26 00:00:00+01:00,111.60395209266244,113.45674872491,110.89552691616464,112.4758529663086,2731603,0.0,0.0
2008-02-27 00:00:00+01:00,112.96632597373164,113.78373787178305,111.65846194776312,113.67475128173828,2539696,0.0,0.0
2008-02-28 00:00:00+01:00,113.5112706639248,114.38317172573336,111.98543341182967,112.25790405273438,2405915,0.0,0.0
2008-02-29 00:00:00+01:00,111.71295234417155,112.7483373569139,110.84104304859876,111.65845489501952,2668853,0.0,0.0
2008-03-03 00:00:00+01:00,110.40506913173176,112.1488789720508,110.29607426065957,111.22248077392578,2266463,0.0,0.0
2008-03-04 00:00:00+01:00,111.2769789659389,111.93090666997595,108.06182957059065,108.98822784423828,2578910,0.0,0.0
2008-03-05 00:00:00+01:00,109.69666406934334,110.51407586074656,108.49779510498048,108.49779510498048,2918356,0.0,0.0
2008-03-06 00:00:00+01:00,108.44330174178847,109.36970014389074,107.46240589215074,108.0073471069336,2396988,0.0,0.0
2008-03-07 00:00:00+01:00,107.67261625678836,108.95576312715812,106.11052478471709,108.17471313476562,2748602,4.6,0.0
2008-03-10 00:00:00+01:00,107.5610119285656,107.95153256605556,106.16628928559332,106.61260223388672,1829375,0.0,0.0
2008-03-11 00:00:00+01:00,107.22629655816264,108.50944334915285,106.77998352050784,106.7799835205078,2772167,0.0,0.0
2008-03-12 00:00:00+01:00,108.23049357422536,108.23049357422536,105.60841630873254,106.38945770263672,3081501,0.0,0.0
2008-03-13 00:00:00+01:00,104.8831851622503,105.7200190864172,103.09794115990393,105.32949829101562,3673497,0.0,0.0
2008-03-14 00:00:00+01:00,105.94314429078486,106.6126180690174,103.26528322870556,104.49263763427734,2809267,0.0,0.0
2008-03-17 00:00:00+01:00,102.70738431405272,104.32525926114616,100.6431878821386,101.59160614013672,4003516,0.0,0.0
2008-03-18 00:00:00+01:00,102.59583179457788,104.4368680602469,101.64742175248008,103.76740264892578,2678050,0.0,0.0
2008-03-19 00:00:00+01:00,104.04633710135587,104.21370556599196,101.92635641229758,102.9863510131836,3367095,0.0,0.0
2008-03-20 00:00:00+01:00,103.20948439692684,104.49263104062024,102.7631714105058,104.04631805419922,6228692,0.0,0.0
2008-03-25 00:00:00+01:00,106.83576417787091,107.11470873186016,103.93474251892547,105.71998596191406,3644404,0.0,0.0
2008-03-26 00:00:00+01:00,105.71999203984916,105.88736048440728,103.3768593541734,104.49263763427734,1921178,0.0,0.0
2008-03-27 00:00:00+01:00,103.87896660859109,106.55683645234454,103.82318279661064,105.77579498291016,3482739,0.0,0.0
2008-03-28 00:00:00+01:00,106.2220939463161,106.55683085145829,104.6042187677928,105.10631561279295,1670596,0.0,0.0
2008-03-31 00:00:00+02:00,104.5484300666738,104.5484300666738,101.92635259463128,104.2694854736328,2714379,0.0,0.0
2008-04-01 00:00:00+02:00,103.7115723263352,107.00312287137668,103.59999621743972,106.61260223388672,2678566,0.0,0.0
2008-04-02 00:00:00+02:00,107.83997452208143,108.11891909740356,106.27788319773488,107.39366149902344,1971893,0.0,0.0
2008-04-03 00:00:00+02:00,107.95155538968596,108.34207610974168,105.99894327669423,106.11051940917967,1994756,0.0,0.0
2008-04-04 00:00:00+02:00,105.83157106501626,106.77998092654774,104.7157927543409,105.99893951416016,1935936,0.0,0.0
2008-04-07 00:00:00+02:00,106.83577703940496,106.83577703940496,104.9389572490126,106.11051940917967,1715782,0.0,0.0
2008-04-08 00:00:00+02:00,105.8315708910844,105.99893933995324,104.21369574834924,105.05052947998048,1718829,0.0,0.0
2008-04-09 00:00:00+02:00,104.93894059071192,104.99472439174274,100.02951492626885,101.81475830078124,4781686,0.0,0.0
2008-04-10 00:00:00+02:00,102.42846119072016,103.15371034526233,99.4716467089625,100.81057739257812,3791553,0.0,0.0
2008-04-11 00:00:00+02:00,101.75897662351996,102.65160266043496,98.96953089905163,99.52742004394533,3024649,0.0,0.0
2008-04-14 00:00:00+02:00,98.41163585809022,99.19268572177454,95.34324574500936,96.51481628417967,5731624,0.0,0.0
2008-04-15 00:00:00+02:00,96.73796733312622,97.46322487165293,92.4422229302233,93.16748046875,7786820,0.0,0.0
2008-04-16 00:00:00+02:00,94.56220661938052,95.62219255103194,94.0601098123272,95.17588806152344,3620255,0.0,0.0
2008-04-17 00:00:00+02:00,93.55800340460928,93.55800340460928,90.76855781405617,91.82855224609376,8430728,0.0,0.0
2008-04-18 00:00:00+02:00,92.16328168106612,96.23587399317486,91.21487187179184,95.17588806152344,5503635,0.0,0.0
2008-04-21 00:00:00+02:00,95.56642382796576,96.84957071958308,94.56222154266898,95.62220764160156,3689109,0.0,0.0
2008-04-22 00:00:00+02:00,94.95272722034048,96.7937630324336,94.45063041372984,95.39904022216795,2681952,0.0,0.0
2008-04-23 00:00:00+02:00,96.347450115552,97.24007611999396,94.56220661938052,95.17588806152344,2439112,0.0,0.0
2008-04-24 00:00:00+02:00,95.1201049673523,97.46323781532509,94.06011893291874,97.3516616821289,3234337,0.0,0.0
2008-04-25 00:00:00+02:00,97.63060132322828,99.41584490202474,97.40744906814604,97.9095458984375,2335961,0.0,0.0
2008-04-28 00:00:00+02:00,98.74637603759768,99.30426516775358,97.68639009538644,98.74637603759766,1808488,0.0,0.0
2008-04-29 00:00:00+02:00,98.02111127284664,98.80216110537732,95.73377111468498,96.62638854980467,3265669,0.0,0.0
2008-04-30 00:00:00+02:00,96.45903545811372,97.18429309195864,95.17589715905731,96.40325164794922,3033852,0.0,0.0
2008-05-02 00:00:00+02:00,97.51901346969956,97.51901346969956,96.18007456206573,97.07270050048828,2829455,0.0,0.0
2008-05-05 00:00:00+02:00,96.73796466510564,97.01690920971404,96.01271565929338,96.62638854980467,1374157,0.0,0.0
2008-05-06 00:00:00+02:00,96.62639831160634,97.3516559034006,93.61380033056903,94.33905792236328,3786952,0.0,0.0
2008-05-07 00:00:00+02:00,94.61798516053186,96.68217291845632,93.44641476437168,95.45481872558594,3836052,0.0,0.0
2008-05-08 00:00:00+02:00,94.56222026495512,95.45484639820538,93.83696259577852,94.17169952392578,2358679,0.0,0.0
2008-05-09 00:00:00+02:00,93.55800113942988,94.2274663624114,91.43802083939492,93.16748046875,2949882,0.0,0.0
2008-05-13 00:00:00+02:00,94.0043337407682,96.18009829763513,93.8369652719214,95.6780014038086,4068894,0.0,0.0
2008-05-14 00:00:00+02:00,96.68219514460364,98.41164646900336,96.34745823654526,96.8495635986328,4680561,0.0,0.0
2008-05-15 00:00:00+02:00,96.51481333414073,99.63899566796071,96.34744490327324,99.24846649169922,3661587,0.0,0.0
2008-05-16 00:00:00+02:00,99.86214790064273,100.47582930958622,99.02531425901722,99.24846649169922,3632924,0.0,0.0
2008-05-19 00:00:00+02:00,99.80635525960538,101.75896708367702,99.5832030276534,101.14529418945312,2288871,0.0,0.0
2008-05-20 00:00:00+02:00,101.14528862181156,102.03790601319642,99.52740523472586,100.02951049804688,2304171,0.0,0.0
2008-05-21 00:00:00+02:00,100.42003984210872,100.92213663623436,98.8021648275152,99.5832061767578,1593042,0.0,0.0
2008-05-22 00:00:00+02:00,99.24845554698024,100.30844981710788,97.96531758149004,99.63898468017578,1804291,0.0,0.0
2008-05-23 00:00:00+02:00,100.14109180696347,100.14109180696347,97.12849412147666,97.57479858398438,2567729,0.0,0.0
2008-05-26 00:00:00+02:00,97.0726924482776,97.51900538046708,96.235858892689,96.3474349975586,1287791,0.0,0.0
2008-05-27 00:00:00+02:00,96.68217777232216,99.86214377663352,96.01271258921108,98.1884765625,2629943,0.0,0.0
2008-05-28 00:00:00+02:00,99.58321109825457,99.86215566715724,98.30006437875971,99.02532196044922,1768743,0.0,0.0
2008-05-29 00:00:00+02:00,98.8579413737058,100.86634542819505,98.74636526239232,100.53160858154295,1984230,0.0,0.0
2008-05-30 00:00:00+02:00,101.14528856226222,102.26106668537,100.02951043915444,100.2526626586914,2421726,0.0,0.0
2008-06-02 00:00:00+02:00,103.2095109655502,105.16212333516872,102.54004556993814,104.8831787109375,4544481,0.0,0.0
2008-06-03 00:00:00+02:00,104.04632702995748,105.16210533590878,103.48843787698183,104.32527160644533,2313248,0.0,0.0
2008-06-04 00:00:00+02:00,103.76738836719814,104.04633295958308,101.81477622050356,102.37266540527344,2486327,0.0,0.0
2008-06-05 00:00:00+02:00,102.65159503471747,103.87894935976404,102.09370593126792,103.09790802001952,1610696,0.0,0.0
2008-06-06 00:00:00+02:00,104.1579062196129,104.1579062196129,100.0853135806389,100.86636352539062,2233623,0.0,0.0
2008-06-09 00:00:00+02:00,100.42002102058972,102.09368803759956,100.0295004191629,100.64317321777344,1580647,0.0,0.0
2008-06-10 00:00:00+02:00,99.75057178430173,100.19688476237772,98.52321747912671,99.24846649169922,2032751,0.0,0.0
2008-06-11 00:00:00+02:00,99.5832290332979,100.19691060049354,97.8537689895387,98.63481903076172,1838048,0.0,0.0
2008-06-12 00:00:00+02:00,98.35584904825922,100.08530013332472,98.02111218652422,99.24846649169922,1901612,0.0,0.0
2008-06-13 00:00:00+02:00,99.02532598825806,100.81056959930658,98.24428456864716,99.8621597290039,2221458,0.0,0.0
2008-06-16 00:00:00+02:00,100.30847616740904,100.36425997772592,97.46323794713562,98.3000717163086,2400541,0.0,0.0
2008-06-17 00:00:00+02:00,98.80217719227416,98.91375332574188,97.63060650907988,98.07691955566406,1525925,0.0,0.0
2008-06-18 00:00:00+02:00,98.35585765590837,98.5790099081196,96.84955867170056,97.4074478149414,2460564,0.0,0.0
2008-06-19 00:00:00+02:00,96.68219660553434,98.35586414569,95.7337867019888,98.07691955566406,3060376,0.0,0.0
2008-06-20 00:00:00+02:00,98.18850289836917,98.41165518168896,95.51063293496176,95.6780014038086,5849554,0.0,0.0
2008-06-23 00:00:00+02:00,95.67798778398804,97.12850295722689,95.17589096163528,96.68218994140624,2280495,0.0,0.0
2008-06-24 00:00:00+02:00,96.23587331790792,98.63479823938955,95.78956031881862,97.74217224121094,2977826,0.0,0.0
2008-06-25 00:00:00+02:00,97.63061540521431,98.35587310791016,96.68220541524934,98.35587310791016,1909779,0.0,0.0
2008-06-26 00:00:00+02:00,97.7421826425476,99.58321863926147,97.072717329028,98.07691955566406,2368733,0.0,0.0
2008-06-27 00:00:00+02:00,97.40744155470536,98.35585133471936,97.12849700101228,97.68638610839844,2448338,0.0,0.0
2008-06-30 00:00:00+02:00,97.68637914331148,102.9305329737456,97.630586831466,102.6515884399414,4296626,0.0,0.0
2008-07-01 00:00:00+02:00,101.982121541108,103.71157251389444,100.75476731561504,101.42423248291016,3148655,0.0,0.0
2008-07-02 00:00:00+02:00,101.9821385147024,102.93054836894686,101.7031939391768,102.42845153808594,2810709,0.0,0.0
2008-07-03 00:00:00+02:00,101.42425801814124,103.65581481276384,100.53163189520671,101.98214721679688,3162294,0.0,0.0
2008-07-04 00:00:00+02:00,102.09369583129885,102.09369583129885,99.9737157453744,100.42002868652344,1701495,0.0,0.0
2008-07-07 00:00:00+02:00,101.0337241137062,101.42424479932514,99.63900129884397,99.9179458618164,1840607,0.0,0.0
2008-07-08 00:00:00+02:00,98.46744443989392,101.4242589216516,98.07692369989884,100.81057739257812,2650854,0.0,0.0
2008-07-09 00:00:00+02:00,100.6989865530777,103.09791148098437,100.58741043118464,102.4842300415039,2322660,0.0,0.0
2008-07-10 00:00:00+02:00,101.3684361539051,104.26945743899924,101.3684361539051,103.6557846069336,2488720,0.0,0.0
2008-07-11 00:00:00+02:00,103.82316856958325,104.0463208123532,100.58740997314452,100.58740997314452,2682805,0.0,0.0
2008-07-14 00:00:00+02:00,100.69899389246008,102.20529292958308,100.69899389246008,101.53582763671876,1480060,0.0,0.0
2008-07-15 00:00:00+02:00,101.31265808276594,103.26526981939526,100.25266374668306,102.6515884399414,3016630,0.0,0.0
2008-07-16 00:00:00+02:00,102.42844184850914,103.5442200450606,99.7505724742432,100.69898223876952,3295212,0.0,0.0
2008-07-17 00:00:00+02:00,101.08952827411586,101.20110441922938,98.35587441162082,98.63481903076172,3263678,0.0,0.0
2008-07-18 00:00:00+02:00,99.02532873938448,100.58742013471743,98.74638415138622,100.1968994140625,2491587,0.0,0.0
2008-07-21 00:00:00+02:00,100.0295216547923,100.0295216547923,94.72957497578298,95.39904022216795,4984937,0.0,0.0
2008-07-22 00:00:00+02:00,94.28327386969356,99.7505896782895,94.2274815451586,98.85796356201172,4656976,0.0,0.0
2008-07-23 00:00:00+02:00,99.8621672431382,100.6432087215186,98.63481270023452,100.08531951904295,2809555,0.0,0.0
2008-07-24 00:00:00+02:00,100.36424327058948,102.98632878768322,100.1968833547851,101.81475830078124,3972637,0.0,0.0
2008-07-25 00:00:00+02:00,102.20530974558812,105.44106912498232,101.36847586364382,105.3852767944336,4944749,0.0,0.0
2008-07-28 00:00:00+02:00,105.16209383583325,105.21788615011477,103.76737110591505,104.21368408203124,2615508,0.0,0.0
2008-07-29 00:00:00+02:00,102.93055121576018,105.88736550065256,102.93055121576018,103.93475341796876,2237319,0.0,0.0
2008-07-30 00:00:00+02:00,105.83157214398928,106.22209285416452,104.32527311176312,105.55262756347656,2091424,0.0,0.0
2008-07-31 00:00:00+02:00,105.7199807478534,108.50942615017144,105.1620916673898,108.3978500366211,2860565,0.0,0.0
2008-08-04 00:00:00+02:00,108.00735318391564,108.73260233816868,107.17051937881108,108.17471313476562,2522243,0.0,0.0
2008-08-05 00:00:00+02:00,108.78836200060442,109.17888262319258,107.44943171952758,109.06730651855467,2393199,0.0,0.0
2008-08-06 00:00:00+02:00,109.73679006595594,109.73679006595594,106.11051072434311,106.55682373046876,2807258,0.0,0.0
2008-08-07 00:00:00+02:00,106.55682536135252,107.11471449937008,103.15369821436038,103.99053192138672,3289275,0.0,0.0
2008-08-08 00:00:00+02:00,103.2095012758311,107.11472564843012,102.81898054111392,105.77579498291016,2586987,0.0,0.0
2008-08-11 00:00:00+02:00,105.66419933543936,105.77578397321302,103.5442274211428,103.99053192138672,2693073,0.0,0.0
2008-08-12 00:00:00+02:00,103.7673616466456,104.15788227288108,102.48421514954808,103.43262481689452,1929361,0.0,0.0
2008-08-13 00:00:00+02:00,102.9863484657566,105.4410575106547,102.9863484657566,104.54843139648438,2956807,0.0,0.0
2008-08-14 00:00:00+02:00,104.93894436226594,105.60840958768,104.49263137441918,104.77157592773438,1304946,0.0,0.0
2008-08-15 00:00:00+02:00,105.32944867881533,106.110489901733,105.10628796318822,105.44102478027344,1941430,0.0,0.0
2008-08-18 00:00:00+02:00,104.6042137597452,105.38525515073287,103.48843547964124,104.49263763427734,1294850,0.0,0.0
2008-08-19 00:00:00+02:00,104.21369547839276,105.27368146396132,103.76738245346966,104.32527160644533,1648418,0.0,0.0
2008-08-20 00:00:00+02:00,104.65999045484548,105.44103172923674,103.20947550216296,103.5442123413086,1328576,0.0,0.0
2008-08-21 00:00:00+02:00,102.651605962397,103.04212667384176,101.42425150669357,101.53582763671876,1919201,0.0,0.0
2008-08-22 00:00:00+02:00,101.81476111954008,102.65159477257738,100.6989829154903,102.14949798583984,1382218,0.0,0.0
2008-08-25 00:00:00+02:00,101.70318321050212,102.81896139490102,101.14529411830269,101.36844635009766,641943,0.0,0.0
2008-08-26 00:00:00+02:00,101.03372485514814,102.5958076090873,100.5316195304855,102.54002380371094,1395065,0.0,0.0
2008-08-27 00:00:00+02:00,102.48423777087018,102.5400300923808,101.14530718174645,102.2610855102539,1187692,0.0,0.0
2008-08-28 00:00:00+02:00,102.31684960624884,104.15788519612704,101.20107149271196,103.5442123413086,1315716,0.0,0.0
2008-08-29 00:00:00+02:00,103.43266568690792,104.54844421001468,102.98636108783688,103.76740264892578,1589028,0.0,0.0
2008-09-01 00:00:00+02:00,103.3210563996272,103.93473779559956,102.930535744332,103.20948028564452,874682,0.0,0.0
2008-09-02 00:00:00+02:00,103.43264211192182,105.3852540823076,102.87475297752589,104.93894958496094,1290433,0.0,0.0
2008-09-03 00:00:00+02:00,104.8831492898496,105.32946226596582,103.76737110591505,104.21368408203124,1359870,0.0,0.0
2008-09-04 00:00:00+02:00,104.32525564276654,104.82735239852944,102.3726439061372,102.6515884399414,2009118,0.0,0.0
2008-09-05 00:00:00+02:00,101.8147899728287,103.48845775320396,101.59163767386448,102.31688690185548,2418415,0.0,0.0
2008-09-08 00:00:00+02:00,103.76740264892578,104.32529191047914,102.59583179457788,103.76740264892578,1431927,0.0,0.0
2008-09-09 00:00:00+02:00,103.20948406259828,105.3852481593736,102.48422652610245,103.32106018066406,1788602,0.0,0.0
2008-09-10 00:00:00+02:00,103.32107091937468,105.9431482736518,103.26528711089996,105.55262756347656,2517849,0.0,0.0
2008-09-11 00:00:00+02:00,105.88736700426678,106.16631159146836,104.38106793592084,105.162109375,1864008,0.0,0.0
2008-09-12 00:00:00+02:00,105.4410492928455,106.72419603969254,104.827367823093,106.44525146484376,1739890,0.0,0.0
2008-09-15 00:00:00+02:00,104.60420474386596,105.16209383583325,100.5874049842439,104.21368408203124,3505465,0.0,0.0
2008-09-16 00:00:00+02:00,104.9389600756884,104.9389600756884,100.97794342041014,100.97794342041016,3621128,0.0,0.0
2008-09-17 00:00:00+02:00,101.81477221813832,103.43264738528651,100.97793847387965,101.53582763671876,3480990,0.0,0.0
2008-09-18 00:00:00+02:00,101.87055199107031,102.8747455503135,101.25687058245548,102.0937042236328,3037867,0.0,0.0
2008-09-19 00:00:00+02:00,104.2695087262862,106.38948980870737,98.7464079574794,100.47586822509766,7452823,0.0,0.0
2008-09-22 00:00:00+02:00,101.42423487903382,102.03790774992244,97.46321906716648,98.1884765625,2348436,0.0,0.0
2008-09-23 00:00:00+02:00,98.74638853687756,100.42005613919753,98.41165161132812,98.41165161132812,3550447,0.0,0.0
2008-09-24 00:00:00+02:00,97.79797472762688,99.36006613051316,96.79377250343477,97.3516616821289,1937770,0.0,0.0
2008-09-25 00:00:00+02:00,97.63060035639194,100.30846995442413,96.57061438617907,99.52742004394533,2284157,0.0,0.0
2008-09-26 00:00:00+02:00,98.8021579461003,99.19267859352244,97.07269841974431,98.1884765625,1762715,0.0,0.0
2008-09-29 00:00:00+02:00,97.85376201587268,98.188498940072,94.6180114746094,94.61801147460938,2071079,0.0,0.0
2008-09-30 00:00:00+02:00,92.88854825257572,98.41164771656248,92.33065907388156,97.3516616821289,4462846,0.0,0.0
2008-10-01 00:00:00+02:00,98.2442818208601,100.92214290617947,97.07271121149827,99.52742004394533,2718687,0.0,0.0
2008-10-02 00:00:00+02:00,99.19268065456023,101.36844467305744,99.19268065456023,100.1410903930664,2393025,0.0,0.0
2008-10-03 00:00:00+02:00,99.5832068227259,101.75897096166692,97.68638724071128,101.03372192382812,2918495,0.0,0.0
2008-10-06 00:00:00+02:00,99.02532872527946,100.1411070771136,95.39904908181852,95.9011459350586,3104020,0.0,0.0
2008-10-07 00:00:00+02:00,97.57480765622908,98.41164137030552,95.73378029543107,97.63059997558594,3440504,0.0,0.0
2008-10-08 00:00:00+02:00,94.5621969587253,97.5747945186974,91.7727516207098,93.2232666015625,4802154,0.0,0.0
2008-10-09 00:00:00+02:00,94.72957434376978,94.72957434376978,86.02650066069221,86.13807678222656,4876158,0.0,0.0
2008-10-10 00:00:00+02:00,79.83396130029973,85.35706190054296,78.16029341989693,82.67919158935547,7315719,0.0,0.0
2008-10-13 00:00:00+02:00,85.30124207952541,90.7685570963202,83.73915937133745,90.60118865966795,4769060,0.0,0.0
2008-10-14 00:00:00+02:00,92.33066285003244,94.56221965607553,89.26227224172321,90.8243637084961,4463766,0.0,0.0
2008-10-15 00:00:00+02:00,91.49382228470424,93.50222666677077,89.42963409423827,89.42963409423828,3511253,0.0,0.0
2008-10-16 00:00:00+02:00,87.36544564509846,91.77276659311738,86.64018803634886,88.70437622070312,4031595,0.0,0.0
2008-10-17 00:00:00+02:00,91.49382066862536,98.18849047364674,90.93593151820691,97.9095458984375,5861876,0.0,0.0
2008-10-20 00:00:00+02:00,98.74637417579902,101.42424365260044,97.51901981513949,100.58740997314452,3396410,0.0,0.0
2008-10-21 00:00:00+02:00,100.75478995631326,100.8663660904829,94.89695352891628,95.00852966308594,3737406,0.0,0.0
2008-10-22 00:00:00+02:00,92.05170769917198,95.51061864956804,91.49381856160124,94.06011199951172,3547768,0.0,0.0
2008-10-23 00:00:00+02:00,95.956939572598,97.18429407389088,93.22328597823144,95.00852966308594,3168358,0.0,0.0
2008-10-24 00:00:00+02:00,93.16749077751524,93.72537994384768,86.75176536469233,93.72537994384766,4555934,0.0,0.0
2008-10-27 00:00:00+01:00,86.52861154600684,93.5580098076609,86.52861154600684,91.54961395263672,3989298,0.0,0.0
2008-10-28 00:00:00+01:00,92.05172052788974,95.78957656799462,89.5412190589473,89.9317398071289,3228836,0.0,0.0
2008-10-29 00:00:00+01:00,90.93595016886997,96.29169051641686,90.5454293860251,94.00434112548828,3461912,0.0,0.0
2008-10-30 00:00:00+01:00,97.07270855420188,97.07270855420188,87.70016947401227,89.98751831054688,4782848,0.0,0.0
2008-10-31 00:00:00+01:00,90.09911198250762,98.63481903076172,89.9875358373941,98.63481903076172,4446701,0.0,0.0
2008-11-03 00:00:00+01:00,99.3042766201506,99.58322121739822,96.6264067840308,98.85796356201172,2448054,0.0,0.0
2008-11-04 00:00:00+01:00,100.30846380171651,102.2610756890753,98.2442757947654,99.36005401611328,3214175,0.0,0.0
2008-11-05 00:00:00+01:00,97.85373648494486,98.46741784829072,92.38643057605871,93.61378479003906,4544844,0.0,0.0
2008-11-06 00:00:00+01:00,91.99591729666037,96.6821912575001,91.21487589287683,92.21907806396484,3046540,0.0,0.0
2008-11-07 00:00:00+01:00,92.44223601361716,96.29167648782033,92.44223601361716,95.00852966308594,2750828,0.0,0.0
2008-11-10 00:00:00+01:00,97.51902564268504,98.46743550020103,94.56221142937154,94.84115600585938,1654884,0.0,0.0
2008-11-11 00:00:00+01:00,94.56222385526551,95.78957845054916,92.27487462241244,93.55802154541016,2487671,0.0,0.0
2008-11-12 00:00:00+01:00,94.67377795174568,95.8453484592112,92.7769584291665,92.88853454589844,2557474,0.0,0.0
2008-11-13 00:00:00+01:00,92.60960447122832,95.34325806559488,92.21908374527786,95.00852966308594,1828314,0.0,0.0
2008-11-14 00:00:00+01:00,97.01692490103405,98.6348086290631,95.45484200874849,98.3000717163086,2237267,0.0,0.0
2008-11-17 00:00:00+01:00,97.35165952500844,97.68639642989314,93.44643536068143,93.72537994384766,2049498,0.0,0.0
2008-11-18 00:00:00+01:00,94.33905429145108,96.57061078787608,92.0517054775305,95.39904022216795,2180990,0.0,0.0
2008-11-19 00:00:00+01:00,96.06852300970952,96.4032599503779,91.10331230365084,92.60961151123048,3492178,0.0,0.0
2008-11-20 00:00:00+01:00,91.43801718021388,92.94432451253287,85.41282190178528,87.14227294921875,4619752,0.0,0.0
2008-11-21 00:00:00+01:00,88.14647109326334,88.48120793287931,81.50759471347556,83.9623031616211,4565096,0.0,0.0
2008-11-24 00:00:00+01:00,84.85493903012959,91.32644775057916,84.46440983378255,90.43383026123048,4018798,0.0,0.0
2008-11-25 00:00:00+01:00,88.70435693658933,92.9443170254353,88.31383631299563,90.9359130859375,3076509,0.0,0.0
2008-11-26 00:00:00+01:00,91.3264479778753,92.2748577869804,87.36544030156286,91.38224029541016,2755537,0.0,0.0
2008-11-27 00:00:00+01:00,91.71697987130024,92.33066138833225,88.64858931156714,90.76856994628906,1796728,0.0,0.0
2008-11-28 00:00:00+01:00,90.7685634865946,94.84115600585938,89.59700137297348,94.84115600585938,2134516,0.0,0.0
2008-12-01 00:00:00+01:00,94.84115116475886,94.84115116475886,90.3780381687702,91.38224029541016,2062087,0.0,0.0
2008-12-02 00:00:00+01:00,91.27065131846612,93.00010225320784,88.36962146948545,91.21485900878906,2655085,0.0,0.0
2008-12-03 00:00:00+01:00,89.93172856466762,94.56221017550946,88.76016646658101,94.33905792236328,2869064,0.0,0.0
2008-12-04 00:00:00+01:00,91.38224796745033,93.7811731067396,89.37384354555388,92.5538101196289,3251538,0.0,0.0
2008-12-05 00:00:00+01:00,91.43803296290037,93.05591668838775,90.1548946623549,91.88434600830078,2767649,0.0,0.0
2008-12-08 00:00:00+01:00,96.06851828314136,97.35166514228732,92.88855155410222,94.61801147460938,3193167,0.0,0.0
2008-12-09 00:00:00+01:00,94.50641535089594,96.34745118504846,93.27906096569843,94.72957611083984,2405428,0.0,0.0
2008-12-10 00:00:00+01:00,93.00013131941807,95.95694588948572,92.4980344262447,93.78118133544922,2525417,0.0,0.0
2008-12-11 00:00:00+01:00,93.72537336806472,93.7811656858688,91.04750385500608,93.27906036376952,2279169,0.0,0.0
2008-12-12 00:00:00+01:00,90.65700790744576,94.5064405304298,90.32227093470156,93.83697509765624,2378187,0.0,0.0
2008-12-15 00:00:00+01:00,93.78114615648065,94.22745055512296,89.31803406837135,90.32222747802734,2954159,0.0,0.0
2008-12-16 00:00:00+01:00,89.42962835966512,92.05170554226596,88.81594691763168,91.38224029541016,2604646,0.0,0.0
2008-12-17 00:00:00+01:00,91.54959749938064,92.33063877273614,88.48120769122325,89.37382507324219,3098223,0.0,0.0
2008-12-18 00:00:00+01:00,89.31806526502281,91.94014283007348,88.92753601074219,88.92753601074219,2616732,0.0,0.0
2008-12-19 00:00:00+01:00,88.42542674541474,90.21067025161248,87.86753761768341,89.26226043701172,5331337,0.0,0.0
2008-12-22 00:00:00+01:00,89.03909376407601,93.334837649029,88.98330145525786,90.9359130859375,2254087,0.0,0.0
2008-12-23 00:00:00+01:00,91.71697058595248,92.05170747275665,88.20227583807188,89.54120635986328,1488453,0.0,0.0
2008-12-24 00:00:00+01:00,89.54120635986328,89.54120635986328,89.54120635986328,89.54120635986328,0,0.0,0.0
2008-12-29 00:00:00+01:00,91.21487154447117,91.66118454509056,88.87173893210979,90.656982421875,1102394,0.0,0.0
2008-12-30 00:00:00+01:00,91.8285529844119,93.66958027880926,90.656982421875,90.656982421875,1373057,0.0,0.0
2008-12-31 00:00:00+01:00,90.656982421875,90.656982421875,90.656982421875,90.656982421875,0,0.0,0.0
2009-01-05 00:00:00+01:00,93.05589706288444,94.84114035526478,91.66117441060116,94.11588287353516,2156085,0.0,0.0
2009-01-06 00:00:00+01:00,94.45063663820687,97.46323470183158,94.39484431703444,95.12010192871094,2691143,0.0,0.0
2009-01-07 00:00:00+01:00,94.89693924434432,96.12429356088695,94.06010559496814,94.7853546142578,1669774,0.0,0.0
2009-01-08 00:00:00+01:00,94.3390433353453,96.34743884125442,94.17167491500834,96.2358627319336,2161289,0.0,0.0
2009-01-09 00:00:00+01:00,97.07271660956974,97.12850893224676,94.3390630526614,95.9011459350586,1855038,0.0,0.0
2009-01-12 00:00:00+01:00,95.39905126346628,95.39905126346628,92.1632922666072,92.66539764404295,2125979,0.0,0.0
2009-01-13 00:00:00+01:00,91.49381856160124,94.39484037442656,90.99172174287266,94.06011199951172,2585295,0.0,0.0
2009-01-14 00:00:00+01:00,95.28746241363991,95.62219077455268,93.4464266341266,94.39483642578124,2217037,0.0,0.0
2009-01-15 00:00:00+01:00,94.95271679768344,95.510605860552,93.6695702505435,95.06429290771484,2700685,0.0,0.0
2009-01-16 00:00:00+01:00,95.56640919033708,95.62219299542863,92.77696355438276,93.27906036376952,3344440,0.0,0.0
2009-01-19 00:00:00+01:00,94.450635301319,96.01272663219338,94.06011459677865,94.84115600585938,1832969,0.0,0.0
2009-01-20 00:00:00+01:00,95.56641884664757,96.73798102449892,94.50642429025244,95.00852966308594,2103386,0.0,0.0
2009-01-21 00:00:00+01:00,94.84115600585938,96.79376804127412,93.72537769990808,94.84115600585938,2629489,0.0,0.0
2009-01-22 00:00:00+01:00,95.84535397821617,96.2358746656211,93.44642902313932,94.22747039794922,2120533,0.0,0.0
2009-01-23 00:00:00+01:00,95.2874662195514,95.51061846907292,92.66538898046664,94.50641632080078,2575871,0.0,0.0
2009-01-26 00:00:00+01:00,94.11589361715951,95.901137113331,94.11589361715951,95.17588806152344,2499188,0.0,0.0
2009-01-27 00:00:00+01:00,95.12009093138548,95.39903547957138,92.27485313480469,92.88853454589844,2212082,0.0,0.0
2009-01-28 00:00:00+01:00,91.60539419575508,92.60959634054448,90.8243528124259,92.38644409179688,2592062,0.0,0.0
2009-01-29 00:00:00+01:00,92.16328757448876,92.88854518538572,89.42963409423827,89.42963409423828,3049170,0.0,0.0
2009-01-30 00:00:00+01:00,90.6569912804515,92.44223494466236,89.37384447055477,91.15908813476562,2996107,0.0,0.0
2009-02-02 00:00:00+01:00,91.49380353175172,91.94011647103424,90.09908091693843,91.21485900878906,2162203,0.0,0.0
2009-02-03 00:00:00+01:00,91.54960218152884,92.21906738045956,88.92751667392312,90.7127685546875,2602380,0.0,0.0
2009-02-04 00:00:00+01:00,85.91492750371894,86.64018508778638,80.8939252470081,82.45601654052734,11197094,0.0,0.0
2009-02-05 00:00:00+01:00,82.51178807127573,82.51178807127573,79.33182215099683,81.1170654296875,5244603,0.0,0.0
2009-02-06 00:00:00+01:00,82.28863975774254,82.45600818521592,79.33182591475249,81.0054931640625,4548786,0.0,0.0
2009-02-09 00:00:00+01:00,81.84233403187653,83.40442530535547,80.39182739506312,82.90232849121094,3460753,0.0,0.0
2009-02-10 00:00:00+01:00,83.34862738329011,83.62757193077462,81.73075241296469,82.00969696044922,3375021,0.0,0.0
2009-02-11 00:00:00+01:00,81.28445957076337,83.01391959868532,80.94973113848805,82.40023803710938,2378525,0.0,0.0
2009-02-12 00:00:00+01:00,82.0655046419504,83.79495605257024,81.34024698014238,82.95812225341797,2391284,0.0,0.0
2009-02-13 00:00:00+01:00,83.06969839076223,84.12969297731658,82.34444924166782,82.95812225341797,2076006,0.0,0.0
2009-02-16 00:00:00+01:00,82.00970727044184,83.01390947017353,81.84233881836771,82.56759643554688,1091241,0.0,0.0
2009-02-17 00:00:00+01:00,80.94972604798326,82.00971211926934,80.67078144893813,81.0613021850586,2539728,0.0,0.0
2009-02-18 00:00:00+01:00,82.12127685546875,82.623382171671,80.89392249260617,82.12127685546875,2252245,0.0,0.0
2009-02-19 00:00:00+01:00,82.5675931626251,82.6791692886807,79.55499519556037,80.55918884277344,3712497,0.0,0.0
2009-02-20 00:00:00+01:00,80.33604387279738,80.78235693018895,78.77395242828361,78.88552856445312,4482854,0.0,0.0
2009-02-23 00:00:00+01:00,79.88972617245331,81.73076210675211,79.49920546219914,79.94551849365234,2175069,0.0,0.0
2009-02-24 00:00:00+01:00,79.77814263778393,79.83393495380433,76.26343954630414,76.87712097167969,3684220,0.0,0.0
2009-02-25 00:00:00+01:00,75.98448236834307,76.98868430089694,73.36240569252135,74.58975982666016,4724613,0.0,0.0
2009-02-26 00:00:00+01:00,74.92451449399692,75.7055558983536,73.36242317257071,74.19925689697266,3612399,0.0,0.0
2009-02-27 00:00:00+01:00,73.64136774737136,74.19925689697266,71.40981114896617,74.19925689697266,4442664,0.0,0.0
2009-03-02 00:00:00+01:00,72.58137030242621,73.13925936389693,69.2340316772461,69.2340316772461,4043212,0.0,0.0
2009-03-03 00:00:00+01:00,70.12665967912892,73.30662591513482,69.84771512311592,70.96349334716797,4546826,0.0,0.0
2009-03-04 00:00:00+01:00,71.9119026482048,71.9119026482048,68.50878419551354,71.0750732421875,3171276,0.0,0.0
2009-03-05 00:00:00+01:00,70.18246745091275,74.8687336188502,69.9035228334709,73.36243438720703,3909380,0.0,0.0
2009-03-06 00:00:00+01:00,74.53399452489664,74.53399452489664,71.85612487792969,71.85612487792969,3285257,0.0,0.0
2009-03-09 00:00:00+01:00,72.24664252275282,74.75714361427706,71.4656011438081,74.36662292480469,4972669,0.0,0.0
2009-03-10 00:00:00+01:00,75.14767162179919,80.3360427520804,74.53399862507106,79.33184051513672,4572274,0.0,0.0
2009-03-11 00:00:00+01:00,79.72235919974419,82.45602124763566,78.10448400753062,81.1728744506836,4730701,0.0,0.0
2009-03-12 00:00:00+01:00,83.68338906093206,83.68338906093206,78.04870412574347,82.06551361083984,5956258,0.0,0.0
2009-03-13 00:00:00+01:00,82.90231735735631,83.9623031616211,82.56758051774035,83.9623031616211,3587673,0.0,0.0
2009-03-16 00:00:00+01:00,85.69349274716136,85.69349274716136,82.75048038324152,85.1164321899414,3606722,5.0,0.0
2009-03-17 00:00:00+01:00,84.25084991762745,84.8856201171875,83.5583789396277,84.8856201171875,2900298,0.0,0.0
2009-03-18 00:00:00+01:00,84.71249364032806,84.94331434678374,83.039012700165,83.5583724975586,3022679,0.0,0.0
2009-03-19 00:00:00+01:00,83.9046117337774,84.82791226006717,82.92361042787351,83.4429702758789,2603062,0.0,0.0
2009-03-20 00:00:00+01:00,83.32755008360596,84.19314101441313,82.57737832110342,83.67378997802734,4750962,0.0,0.0
2009-03-23 00:00:00+01:00,84.25084991762745,85.34726156568986,82.80819837794205,84.8856201171875,2114401,0.0,0.0
2009-03-24 00:00:00+01:00,84.88561825795286,86.385970543216,84.42396801431573,85.17414855957031,2016352,0.0,0.0
2009-03-25 00:00:00+01:00,85.17415193453336,86.55909391507602,84.94332240094532,85.86662292480469,1675120,0.0,0.0
2009-03-26 00:00:00+01:00,86.27056431309289,86.5590946285213,83.09673084338044,84.65479278564453,2324127,0.0,0.0
2009-03-27 00:00:00+01:00,84.25083806744446,87.3669614327725,84.25083806744446,86.84761047363281,3061409,0.0,0.0
2009-03-30 00:00:00+02:00,86.03974251192223,88.63651531845615,85.52038266746764,87.13615417480469,2789535,0.0,0.0
2009-03-31 00:00:00+02:00,88.34799609257294,90.82935004153656,88.11716653099084,90.13687896728516,3169639,0.0,0.0
2009-04-01 00:00:00+02:00,89.73292406382483,90.82933569105931,87.4246816441766,89.90604400634766,2613668,0.0,0.0
2009-04-02 00:00:00+02:00,91.17556659557005,92.61821796575312,90.54079647059145,92.5028076171875,3091147,0.0,0.0
2009-04-03 00:00:00+02:00,91.46409406699536,91.75262433219092,86.44366921364144,88.23255157470703,3686977,0.0,0.0
2009-04-06 00:00:00+02:00,88.86733998750385,88.9250495745295,86.27056706579107,87.71321868896484,2368486,0.0,0.0
2009-04-07 00:00:00+02:00,89.04045994333404,89.44440063677335,87.13615803969533,87.71321868896484,2011571,0.0,0.0
2009-04-08 00:00:00+02:00,86.21285314831862,88.40568526644675,86.15515236943799,87.2515640258789,2240106,0.0,0.0
2009-04-09 00:00:00+02:00,87.59779575731,88.29026667607323,86.67449532879536,87.3669662475586,1478601,0.0,0.0
2009-04-14 00:00:00+02:00,87.48237974350658,87.48237974350658,84.07771733828635,85.80889892578125,2776600,0.0,0.0
2009-04-15 00:00:00+02:00,85.05872240058723,86.84761364561834,85.05872240058723,86.3859634399414,2147269,0.0,0.0
2009-04-16 00:00:00+02:00,87.59780728877617,88.05945756380561,86.67450673871728,87.94403839111328,2545717,0.0,0.0
2009-04-17 00:00:00+02:00,87.77091167450918,89.15585344870166,87.19385113438813,87.88632202148438,3287476,0.0,0.0
2009-04-20 00:00:00+02:00,88.29027542215309,89.4443966695015,86.90533344743353,87.13615417480469,2478343,0.0,0.0
2009-04-21 00:00:00+02:00,87.59781866989728,89.15588084596162,86.7322275937229,88.52111053466797,2214957,0.0,0.0
2009-04-22 00:00:00+02:00,79.6343639716653,81.9426064056266,78.3648323940358,79.28812408447266,13938698,0.0,0.0
2009-04-23 00:00:00+02:00,78.19171413782861,78.94189470610428,75.13329108577942,77.84547424316406,8687639,0.0,0.0
2009-04-24 00:00:00+02:00,77.96089027412536,80.61536374049166,77.90318069225494,80.55766296386719,3263665,0.0,0.0
2009-04-27 00:00:00+02:00,84.25084477724914,85.00102529316419,82.51966303525087,83.38525390625,6866035,0.0,0.0
2009-04-28 00:00:00+02:00,84.1354346586234,85.34725659828054,83.26984378519155,84.53937530517578,4051316,0.0,0.0
2009-04-29 00:00:00+02:00,85.11641543110646,85.11641543110646,82.80817365670357,82.923583984375,3429315,0.0,0.0
2009-04-30 00:00:00+02:00,84.25084477724914,85.0587260680834,83.09672361591696,83.38525390625,3522333,0.0,0.0
2009-05-04 00:00:00+02:00,85.00102529316419,85.00102529316419,81.19242193866972,83.38525390625,2464900,0.0,0.0
2009-05-05 00:00:00+02:00,82.51966722636855,83.55837808537207,81.48095636736504,82.69278717041016,2222300,0.0,0.0
2009-05-06 00:00:00+02:00,82.40425451271747,84.07772671176645,82.23113457361858,83.09672546386719,2172800,0.0,0.0
2009-05-07 00:00:00+02:00,83.09672834942135,83.09672834942135,82.23113742911488,82.57737731933594,2983500,0.0,0.0
2009-05-08 00:00:00+02:00,82.28884887695312,82.63507996977243,81.07701803896961,82.28884887695312,2421400,0.0,0.0
2009-05-11 00:00:00+02:00,81.53866217624906,81.65407253185272,80.38454100972112,81.01930236816406,2585000,0.0,0.0
2009-05-12 00:00:00+02:00,80.32682877419028,82.05801046676008,80.32682877419028,81.36553955078125,2929500,0.0,0.0
2009-05-13 00:00:00+02:00,82.00031071586892,84.59708328710022,81.48095091847533,83.5583724975586,3603500,0.0,0.0
2009-05-14 00:00:00+02:00,83.38524482363745,84.82789611816405,82.34653413052936,84.82789611816406,2853400,0.0,0.0
2009-05-15 00:00:00+02:00,85.63579014178617,85.63579014178617,83.55837724979912,84.07772827148438,3805600,0.0,0.0
2009-05-18 00:00:00+02:00,83.7314950138355,84.82790661120168,83.26984478143287,84.30855560302734,1701200,0.0,0.0
2009-05-19 00:00:00+02:00,84.13542390795432,84.48165492993887,83.32753391283455,83.90459442138672,1874400,0.0,0.0
2009-05-20 00:00:00+02:00,84.07773065135477,84.53938090883452,82.80819904722016,83.67378997802734,2215100,0.0,0.0
2009-05-22 00:00:00+02:00,83.38525256509406,84.48166412862685,82.92360234693717,83.5583724975586,1570500,0.0,0.0
2009-05-25 00:00:00+02:00,84.13543955550186,85.17415042512458,83.5583789396277,84.8856201171875,1221700,0.0,0.0
2009-05-26 00:00:00+02:00,84.88561170664778,85.17414198599704,83.38525073193354,83.8469009399414,2030400,0.0,0.0
2009-05-27 00:00:00+02:00,83.73149563881452,84.1354362932147,82.86590474856591,83.09672546386719,1874500,0.0,0.0
2009-05-28 00:00:00+02:00,83.2121519550861,83.6738022804415,82.80821122236797,83.03903198242188,1537200,0.0,0.0
2009-05-29 00:00:00+02:00,84.07772030305422,84.36625057781092,83.38524940468717,84.02001953125,2259500,0.0,0.0
2009-06-02 00:00:00+02:00,84.13543555652065,85.0010264391901,81.65407326515236,82.05801391601562,3312800,0.0,0.0
2009-06-03 00:00:00+02:00,82.51965747355135,82.69277739713229,81.53865631358612,81.82718658447266,2108300,0.0,0.0
2009-06-04 00:00:00+02:00,82.11573080147662,82.75049222208462,82.00032043457031,82.00032043457031,1595400,0.0,0.0
2009-06-05 00:00:00+02:00,81.94261084849387,82.92361217506736,81.76949089551111,82.00032043457031,1681200,0.0,0.0
2009-06-08 00:00:00+02:00,82.80819393257372,83.21213458095175,81.8271926992997,82.17342376708984,1725600,0.0,0.0
2009-06-09 00:00:00+02:00,82.98130801237839,83.09671836016292,81.5963574232286,81.8848876953125,1329700,0.0,0.0
2009-06-10 00:00:00+02:00,82.11572874681151,82.86590932080168,81.88489921352803,82.46195983886719,1803500,0.0,0.0
2009-06-11 00:00:00+02:00,82.69277850632012,84.48166092666456,82.51965858041706,84.02001953125,2638100,0.0,0.0
2009-06-12 00:00:00+02:00,84.19311715710401,85.5203579692985,84.02000606419307,85.00100708007812,2411700,0.0,0.0
2009-06-15 00:00:00+02:00,84.53937506758218,84.82790535791523,83.26984355116592,83.38525390625,2388500,0.0,0.0
2009-06-16 00:00:00+02:00,83.21211420617536,83.96229454390502,82.86588322316108,82.923583984375,1611400,0.0,0.0
2009-06-17 00:00:00+02:00,82.57736952832381,82.98131015863993,82.11571932000024,82.75048065185547,1684100,0.0,0.0
2009-06-18 00:00:00+02:00,83.3852606910184,83.67379100482815,82.46196016472864,83.4429702758789,1878700,0.0,0.0
2009-06-19 00:00:00+02:00,84.19313863127599,84.25084821379481,83.3852573074887,84.07772827148438,3114200,0.0,0.0
2009-06-22 00:00:00+02:00,84.07770535548036,84.19311568381603,82.28882325316847,82.80817413330078,1568200,0.0,0.0
2009-06-23 00:00:00+02:00,82.80819416027943,84.25084562648638,82.57737344778462,83.32754516601562,1491100,0.0,0.0
2009-06-24 00:00:00+02:00,83.5583701633794,84.30855064627258,82.80818968048621,83.96231079101562,1644600,0.0,0.0
2009-06-25 00:00:00+02:00,83.61607461641817,84.13543442216506,82.80819332558391,83.38525390625,1695100,0.0,0.0
2009-06-26 00:00:00+02:00,83.67377508254278,85.28954629346151,83.38524482363745,84.82789611816406,2577500,0.0,0.0
2009-06-29 00:00:00+02:00,84.94331435682001,85.98202514648438,84.94331435682001,85.98202514648438,1976700,0.0,0.0
2009-06-30 00:00:00+02:00,86.38599407950971,86.73223405788387,85.05875256940668,85.23187255859375,1767900,0.0,0.0
2009-07-01 00:00:00+02:00,85.34725136071444,86.55908203125,85.28955058917403,86.55908203125,1203900,0.0,0.0
2009-07-02 00:00:00+02:00,86.3859645054315,87.19385457664202,85.05872344970703,85.05872344970703,1834200,0.0,0.0
2009-07-03 00:00:00+02:00,85.46267575893468,85.86661640548706,84.3085545943589,84.53937530517578,893900,0.0,0.0
2009-07-06 00:00:00+02:00,84.5971103578539,86.61682300400082,84.42399036999163,86.50140380859375,1365800,0.0,0.0
2009-07-07 00:00:00+02:00,86.84761685168846,87.07843756042526,85.52037576333778,85.92431640625,1309400,0.0,0.0
2009-07-08 00:00:00+02:00,86.09743808221678,87.48238877839268,85.86661736881037,86.73220825195312,1585500,0.0,0.0
2009-07-09 00:00:00+02:00,86.96302635690522,87.1361462893902,85.98202514648438,85.98202514648438,1806700,0.0,0.0
2009-07-10 00:00:00+02:00,85.57807517933473,85.92430620131928,83.84689365367824,83.90459442138672,1799400,0.0,0.0
2009-07-13 00:00:00+02:00,83.90460832917395,84.30855779631362,83.55837724979912,84.07772827148438,1275100,0.0,0.0
2009-07-14 00:00:00+02:00,84.30855225884768,85.34725423399524,84.13543232790794,84.94331359863281,1717100,0.0,0.0
2009-07-15 00:00:00+02:00,85.751232526155,85.751232526155,84.4816918089487,85.23187255859375,1755700,0.0,0.0
2009-07-16 00:00:00+02:00,85.40496763530662,86.90532869694412,85.2895572779297,86.6167984008789,1272500,0.0,0.0
2009-07-17 00:00:00+02:00,87.3669511226433,87.42466069140187,86.50136042272842,87.19384002685547,1571300,0.0,0.0
2009-07-20 00:00:00+02:00,87.65550063689963,88.69421146632402,87.07844004335784,87.77091979980469,1436700,0.0,0.0
2009-07-21 00:00:00+02:00,87.77091019459004,89.15585194543081,87.30926000922815,88.23255157470703,1788100,0.0,0.0
2009-07-22 00:00:00+02:00,88.69421066914558,89.7329214892341,88.34797959927994,89.1558609008789,1700800,0.0,0.0
2009-07-23 00:00:00+02:00,92.15657942001936,93.36841024631477,91.0601677621302,91.98345947265624,3948700,0.0,0.0
2009-07-24 00:00:00+02:00,92.04116921184664,93.25300004018264,91.29098864217416,93.13758087158205,2638200,0.0,0.0
2009-07-27 00:00:00+02:00,93.31071095133794,95.09960259593778,93.07989019956575,95.0418930053711,2108000,0.0,0.0
2009-07-28 00:00:00+02:00,95.33041396156344,96.88847589573848,95.2727131819252,96.48453521728516,2424200,0.0,0.0
2009-07-29 00:00:00+02:00,95.96516058333304,96.94616164848912,95.96516058333304,96.54222106933594,1924100,0.0,0.0
2009-07-30 00:00:00+02:00,97.40783301157607,97.40783301157607,95.9074718991259,96.83077239990234,1218300,0.0,0.0
2009-07-31 00:00:00+02:00,96.196014952441,97.40784591964088,95.9651941992826,97.23472595214844,1828800,0.0,0.0
2009-08-03 00:00:00+02:00,96.94617706432328,97.06158741882692,95.04187539665352,95.44581604003906,1472800,0.0,0.0
2009-08-04 00:00:00+02:00,95.90745775844394,96.25369759649672,95.04186696855682,95.5035171508789,1276400,0.0,0.0
2009-08-05 00:00:00+02:00,95.67664394747234,95.67664394747234,94.11858217472565,94.46481323242188,1910700,0.0,0.0
2009-08-06 00:00:00+02:00,94.86875596326674,95.84976599484236,94.5225248979274,95.33040618896484,1601800,0.0,0.0
2009-08-07 00:00:00+02:00,94.81106855969806,96.7730712890625,94.81106855969806,96.7730712890625,1373200,0.0,0.0
2009-08-10 00:00:00+02:00,96.54222553036836,96.83075578670224,95.61892518800204,95.90745544433594,1126000,0.0,0.0
2009-08-11 00:00:00+02:00,95.79205422545893,96.02287493041004,95.15728407897517,95.5612335205078,1199800,0.0,0.0
2009-08-12 00:00:00+02:00,95.21500698633874,96.25371791451178,95.21500698633874,95.84977722167967,1331800,0.0,0.0
2009-08-13 00:00:00+02:00,95.56123878481976,96.36912010189896,95.50352920278011,95.96517944335938,1229600,0.0,0.0
2009-08-14 00:00:00+02:00,95.84978464925037,96.36913575095896,95.50354471127967,96.02289581298828,1114500,0.0,0.0
2009-08-17 00:00:00+02:00,95.44581890900795,95.6766484301993,94.29169771878902,94.9264678955078,1312100,0.0,0.0
2009-08-18 00:00:00+02:00,95.56122539951974,95.67663574218749,95.0418656496478,95.6766357421875,1008800,0.0,0.0
2009-08-19 00:00:00+02:00,95.7920393735011,96.77304042531344,95.38809879984238,96.71533966064452,1580100,0.0,0.0
2009-08-20 00:00:00+02:00,96.94618903360582,97.63866005136796,96.54224834034848,97.00389862060548,1415400,0.0,0.0
2009-08-21 00:00:00+02:00,96.88848601716352,97.63866667279927,96.65766526400512,97.23472595214844,1523300,0.0,0.0
2009-08-24 00:00:00+02:00,97.40783301157607,97.5232433728616,96.08059184367724,96.83077239990234,1070600,0.0,0.0
2009-08-25 00:00:00+02:00,96.54223117500852,98.04258331252068,96.48452159826972,97.46552276611328,1666900,0.0,0.0
2009-08-26 00:00:00+02:00,97.29242894511025,97.75407042012051,96.7730690778536,97.00389862060548,1077700,0.0,0.0
2009-08-27 00:00:00+02:00,97.06159785392629,97.63865849372996,96.59994758103404,97.35012817382812,1201300,0.0,0.0
2009-08-28 00:00:00+02:00,97.69637626371257,98.2157273609426,96.71537485491838,97.23472595214844,1324500,0.0,0.0
2009-08-31 00:00:00+02:00,96.8884560963744,97.98487634840204,96.65763541449734,97.1192855834961,1189600,0.0,0.0
2009-09-01 00:00:00+02:00,97.63863247064376,98.50422319964814,96.31139159178824,96.54222106933594,1409900,0.0,0.0
2009-09-02 00:00:00+02:00,96.2537141576324,96.88847556295126,95.15729368531488,96.42683410644533,1519000,0.0,0.0
2009-09-03 00:00:00+02:00,96.83076285565744,96.83076285565744,94.29169113141208,94.69564056396484,1520300,0.0,0.0
2009-09-04 00:00:00+02:00,95.09958497652816,95.44581604003906,93.88775424112586,95.44581604003906,1199400,0.0,0.0
2009-09-07 00:00:00+02:00,95.61892749514824,96.02286810271325,95.27269646234028,95.5035171508789,857800,0.0,0.0
2009-09-08 00:00:00+02:00,96.02287043928816,96.02287043928816,94.8110485871052,95.09957885742188,1425700,0.0,0.0
2009-09-09 00:00:00+02:00,94.6379365896892,95.2727067596452,94.17628635747084,95.15728759765624,1955000,0.0,0.0
2009-09-10 00:00:00+02:00,95.61893647937046,95.84976599484236,94.58022567286112,95.33040618896484,1338500,0.0,0.0
2009-09-11 00:00:00+02:00,95.5612529047294,95.7920736565016,94.69566187771282,95.0418930053711,1683700,0.0,0.0
2009-09-14 00:00:00+02:00,94.46481315887635,95.73434464659842,94.40711238526131,95.5612335205078,930300,0.0,0.0
2009-09-15 00:00:00+02:00,95.09960259593778,95.5612529047294,94.52254191126006,95.0418930053711,1843100,0.0,0.0
2009-09-16 00:00:00+02:00,95.04188703076878,96.02288837200292,94.5802367509978,95.84977722167967,1926700,0.0,0.0
2009-09-17 00:00:00+02:00,96.25371791451178,96.5422482387128,95.50353731053976,95.84977722167967,1252200,0.0,0.0
2009-09-18 00:00:00+02:00,96.19600504444293,97.7540669809031,95.84977395036644,97.63865661621094,3893900,0.0,0.0
2009-09-21 00:00:00+02:00,97.81178664029174,98.27343695185586,96.77307564058432,97.23472595214844,1260000,0.0,0.0
2009-09-22 00:00:00+02:00,97.63865777400969,99.65836999843468,97.35012745623467,98.56195831298828,2243600,0.0,0.0
2009-09-23 00:00:00+02:00,98.56195046385776,99.08130147239486,97.35011970361016,97.40782928466795,1897800,0.0,0.0
2009-09-24 00:00:00+02:00,96.94618599714632,97.58095621327384,96.13830463593536,96.36912536621094,1785900,0.0,0.0
2009-09-25 00:00:00+02:00,96.48452944216815,96.54223902359855,94.81105724363654,96.1959991455078,2160500,0.0,0.0
2009-09-28 00:00:00+02:00,95.50352972772846,97.2924211178387,94.86875954278716,97.177001953125,1797900,0.0,0.0
2009-09-29 00:00:00+02:00,97.8694721927946,97.8694721927946,96.42682082677608,97.46552276611328,1396900,0.0,0.0
2009-09-30 00:00:00+02:00,97.35012479124786,97.86948463217314,96.31141391464357,96.65765380859376,2355200,0.0,0.0
2009-10-01 00:00:00+02:00,96.36912010189896,96.54224004277194,95.56123878481976,95.96517944335938,1417300,0.0,0.0
2009-10-02 00:00:00+02:00,95.50353701806496,95.96518729642216,94.40712531155744,94.86876678466795,1793700,0.0,0.0
2009-10-05 00:00:00+02:00,95.09959632646992,95.90747770966,94.63794604811272,94.86876678466795,1227200,0.0,0.0
2009-10-06 00:00:00+02:00,94.98418035960532,96.02288241812718,94.63794046993394,95.7343521118164,1355400,0.0,0.0
2009-10-07 00:00:00+02:00,95.50354471127967,96.65766609751871,94.98419360957108,96.02289581298828,1635800,0.0,0.0
2009-10-08 00:00:00+02:00,96.1960140785988,96.59995479558027,95.50354302016667,96.13831329345705,1848000,0.0,0.0
2009-10-09 00:00:00+02:00,95.84976548867026,96.54223642093773,94.81105468764623,95.44581604003906,1767800,0.0,0.0
2009-10-12 00:00:00+02:00,96.25370810547815,97.69635957946542,96.02287858649272,97.40782928466795,1275100,0.0,0.0
2009-10-13 00:00:00+02:00,97.40783574396109,97.63865647300686,96.36912485276228,96.48453521728516,1463200,0.0,0.0
2009-10-14 00:00:00+02:00,97.40781933830976,97.98487986898074,96.946169152724,97.81175994873048,1494100,0.0,0.0
2009-10-15 00:00:00+02:00,97.2924226314283,97.3501234094368,93.77234937880247,94.58023071289062,5063500,0.0,0.0
2009-10-16 00:00:00+02:00,95.21499849621487,95.21499849621487,93.3106967652414,93.6569366455078,2283700,0.0,0.0
2009-10-19 00:00:00+02:00,93.88775756522374,95.15728912020282,93.83005678855184,94.8110580444336,1679200,0.0,0.0
2009-10-20 00:00:00+02:00,94.63794594141564,94.81106589626026,93.25300391315214,93.7146453857422,2004500,0.0,0.0
2009-10-21 00:00:00+02:00,94.0031663692152,94.23399588782324,92.90675477287584,93.8300552368164,1777700,0.0,0.0
2009-10-22 00:00:00+02:00,93.1952877515628,93.887758716841,92.38740642627924,93.48381805419922,1985600,0.0,0.0
2009-10-23 00:00:00+02:00,93.94547120795367,94.17629193511046,92.96446990966795,92.96446990966795,1503100,0.0,0.0
2009-10-26 00:00:00+01:00,93.77234492093471,94.1185847935103,92.44510381638926,92.79134368896484,1262200,0.0,0.0
2009-10-27 00:00:00+01:00,92.6182337848908,95.04188673970776,91.57952285989876,94.86876678466795,2690700,0.0,0.0
2009-10-28 00:00:00+01:00,94.63793098638722,95.5612313961574,94.40711028656732,94.69564056396484,2093400,0.0,0.0
2009-10-29 00:00:00+01:00,94.92646554344611,95.56123570443675,93.7146348016443,95.33040618896484,1977600,0.0,0.0
2009-10-30 00:00:00+01:00,95.44583372359604,96.19601437472654,94.69566187771282,95.0418930053711,1749100,0.0,0.0
2009-11-02 00:00:00+01:00,94.34940709040715,94.63793738731972,93.31069626047277,93.77234649658205,1618700,0.0,0.0
2009-11-03 00:00:00+01:00,93.0221620505076,93.7146329729192,92.90675169764656,93.19528198242188,1889400,0.0,0.0
2009-11-04 00:00:00+01:00,93.02217445289163,93.02217445289163,92.2719938514073,92.38741302490234,2062300,0.0,0.0
2009-11-05 00:00:00+01:00,92.04117022686124,93.2530010685611,91.75263991267045,92.9067611694336,1574300,0.0,0.0
2009-11-06 00:00:00+01:00,92.90677070023489,92.9644802910917,91.40640939043028,92.61824035644533,1785900,0.0,0.0
2009-11-09 00:00:00+01:00,93.0798817686712,94.46482376435496,93.0798817686712,93.94547271728516,2064400,0.0,0.0
2009-11-10 00:00:00+01:00,93.88775601253408,94.29169666354088,93.48381536152723,93.8300552368164,1681200,0.0,0.0
2009-11-11 00:00:00+01:00,94.52252754092795,94.86875861594844,93.3106967652414,93.6569366455078,1400600,0.0,0.0
2009-11-12 00:00:00+01:00,83.38525390625,83.38525390625,83.38525390625,83.38525390625,0,0.0,0.0
2009-11-13 00:00:00+01:00,93.19528248483084,93.88775341097552,92.27198204647422,93.07987213134766,1837000,0.0,0.0
2009-11-16 00:00:00+01:00,93.42611506275009,93.8877653405868,92.73364404861832,93.7146453857422,1098200,0.0,0.0
2009-11-17 00:00:00+01:00,94.06087865947204,94.06087865947204,92.90675744892638,93.48381805419922,1464000,0.0,0.0
2009-11-18 00:00:00+01:00,93.88775021369798,94.52252034410722,93.48380958763995,93.54151916503906,1336800,0.0,0.0
2009-11-19 00:00:00+01:00,93.42611136398148,93.65694089638455,92.67593959809884,92.96446990966795,1138700,0.0,0.0
2009-11-20 00:00:00+01:00,92.9067702038516,94.46483229094127,92.44511989520538,93.88777160644533,2092700,0.0,0.0
2009-11-23 00:00:00+01:00,94.63792407751576,96.25369527403448,94.40710339454652,95.90745544433594,1951400,0.0,0.0
2009-11-24 00:00:00+01:00,95.21500309095312,97.06159532924356,95.09959272704369,96.59994506835938,1999200,0.0,0.0
2009-11-25 00:00:00+01:00,97.06161499023438,97.4655557483637,96.48455424855015,97.06161499023438,1647800,0.0,0.0
2009-11-26 00:00:00+01:00,96.48451828503536,96.94616846735744,94.9264566242875,95.5035171508789,1403200,0.0,0.0
2009-11-27 00:00:00+01:00,94.11860090330244,96.31142445412962,93.83007056185178,96.13831329345705,1570000,0.0,0.0
2009-11-30 00:00:00+01:00,96.36911989851,96.36911989851,94.34940780482866,94.8110580444336,1561100,0.0,0.0
2009-12-01 00:00:00+01:00,95.15727731282612,96.08057767747032,95.15727731282612,95.5035171508789,1808500,0.0,0.0
2009-12-02 00:00:00+01:00,95.84976908452605,96.54224004277194,95.56123878481976,95.96517944335938,1706900,0.0,0.0
2009-12-03 00:00:00+01:00,96.42683173277996,97.1193027057392,96.02288226041142,96.83077239990234,1873607,0.0,0.0
2009-12-04 00:00:00+01:00,96.71535683693968,97.86947799821463,96.54223690169933,97.75405883789062,1725300,0.0,0.0
2009-12-07 00:00:00+01:00,97.58095771289751,97.86948803279935,96.77306753402446,97.35012817382812,1441900,0.0,0.0
2009-12-08 00:00:00+01:00,97.35012972686316,97.63866005136796,96.13830764709112,97.00389862060548,2111001,0.0,0.0
2009-12-09 00:00:00+01:00,96.83078087738076,97.06160162016003,96.36913058657534,96.7730712890625,1676500,0.0,0.0
2009-12-10 00:00:00+01:00,96.94617179644467,97.69635226782334,96.54223117500852,97.46552276611328,1598645,0.0,0.0
2009-12-11 00:00:00+01:00,97.9849066077842,98.2157273609426,97.00390519899004,97.23472595214844,1781200,0.0,0.0
2009-12-14 00:00:00+01:00,97.52323017653056,97.81176044332504,96.65763937614716,97.69635009765624,1380600,0.0,0.0
2009-12-15 00:00:00+01:00,97.92718505859376,98.04259542107974,97.17700449456552,97.92718505859376,1064300,0.0,0.0
2009-12-16 00:00:00+01:00,97.81177188468868,100.6970748901367,97.52324158414386,100.69707489013672,3240219,0.0,0.0
2009-12-17 00:00:00+01:00,100.4085668800073,101.67809872318767,100.12003651540958,100.81250762939452,2696571,0.0,0.0
2009-12-18 00:00:00+01:00,101.73576932789402,101.85117966845242,100.9278793334961,100.9278793334961,3592836,0.0,0.0
2009-12-21 00:00:00+01:00,101.56266886986428,102.25513985110956,101.04331783524188,101.33184814453124,1461693,0.0,0.0
2009-12-22 00:00:00+01:00,101.7357918048855,103.4092641258222,101.56267185317738,103.29385375976562,1756150,0.0,0.0
2009-12-23 00:00:00+01:00,103.64007485221552,103.64007485221552,102.31283387034654,102.6013641357422,1194518,0.0,0.0
2009-12-24 00:00:00+01:00,102.6013641357422,102.6013641357422,102.6013641357422,102.6013641357422,0,0.0,0.0
2009-12-28 00:00:00+01:00,102.48597174782256,103.00532279443544,102.25514221191406,102.25514221191406,715064,0.0,0.0
2009-12-29 00:00:00+01:00,102.543647280272,102.94758786209836,102.25511703536114,102.6590576171875,775839,0.0,0.0
2009-12-30 00:00:00+01:00,102.83219995111185,102.8899095347772,100.8124877962714,101.44725799560548,914764,0.0,0.0
2009-12-31 00:00:00+01:00,102.65905761718749,102.65905761718749,102.65905761718749,102.6590576171875,0,0.0,0.0
2010-01-04 00:00:00+01:00,102.25514431420343,104.2748565673828,102.13973394649966,104.2748565673828,1911332,0.0,0.0
2010-01-05 00:00:00+01:00,104.39025238909927,104.39025238909927,102.08201013567312,102.88990020751952,1567373,0.0,0.0
2010-01-06 00:00:00+01:00,103.17841872671414,103.87088956275026,102.65905899575374,103.58235931396484,1573910,0.0,0.0
2010-01-07 00:00:00+01:00,103.23614794384228,103.35156711935996,101.96661626036918,102.716796875,1542146,0.0,0.0
2010-01-08 00:00:00+01:00,102.42826467134704,103.46697559526076,102.13973434832916,103.0053253173828,1523677,0.0,0.0
2010-01-11 00:00:00+01:00,103.75551307437011,104.2171633840884,103.12074279785156,103.12074279785156,1442756,0.0,0.0
2010-01-12 00:00:00+01:00,103.351537249169,103.75547783099536,101.7357661166193,102.6590576171875,1785731,0.0,0.0
2010-01-13 00:00:00+01:00,102.1974504639014,104.0440428881358,102.1974504639014,103.23615264892578,1815227,0.0,0.0
2010-01-14 00:00:00+01:00,103.98634056286564,105.48670196533205,103.52469022324152,105.48670196533205,2379759,0.0,0.0
2010-01-15 00:00:00+01:00,105.25585946919666,106.92934064420194,105.25585946919666,106.40998077392578,3326497,0.0,0.0
2010-01-18 00:00:00+01:00,106.4676869940893,106.75621731114646,105.7175064086914,105.7175064086914,2065935,0.0,0.0
2010-01-19 00:00:00+01:00,105.65981194574005,107.04475402832033,104.44798101954704,107.04475402832033,1951069,0.0,0.0
2010-01-20 00:00:00+01:00,107.1601586418157,108.14115996469138,106.5253972236004,106.75621795654295,2750575,0.0,0.0
2010-01-21 00:00:00+01:00,107.21787210006356,108.02575349978731,106.69851222431528,107.33328247070312,2861863,0.0,0.0
2010-01-22 00:00:00+01:00,107.04473347610649,107.33326375501782,106.0060227109766,106.64079284667967,2989179,0.0,0.0
2010-01-25 00:00:00+01:00,106.17915516582732,106.17915516582732,104.33256292399264,104.73650360107422,2239101,0.0,0.0
2010-01-26 00:00:00+01:00,103.7555094073475,106.00604248046876,103.06303836986766,106.00604248046876,2396388,0.0,0.0
2010-01-27 00:00:00+01:00,105.25585749660786,105.71750777089711,104.85191680857224,105.5443878173828,2518331,0.0,0.0
2010-01-28 00:00:00+01:00,106.17915016723936,106.46768046660688,104.04402771296908,104.3902587890625,1691564,0.0,0.0
2010-01-29 00:00:00+01:00,104.62109688733226,104.67879766878784,102.19744393503142,103.0053253173828,2948641,0.0,0.0
2010-02-01 00:00:00+01:00,102.60135953785012,103.87089088765026,102.02429903291872,103.40924072265624,2005417,0.0,0.0
2010-02-02 00:00:00+01:00,103.6977880042747,104.90961878573414,103.29384734553688,104.21714782714844,3431398,0.0,0.0
2010-02-03 00:00:00+01:00,101.56264757246691,103.64006888581967,100.75476639796553,103.58235931396484,4455360,0.0,0.0
2010-02-04 00:00:00+01:00,102.7745005471998,103.06303085889294,101.27413940429686,101.27413940429688,2085759,0.0,0.0
2010-02-05 00:00:00+01:00,100.92789764049004,101.5049582531978,97.81177385396656,97.98489379882812,3526241,0.0,0.0
2010-02-08 00:00:00+01:00,97.98489331669492,101.96660800268808,97.5809526508363,101.6780776977539,2945490,0.0,0.0
2010-02-09 00:00:00+01:00,101.3895546726399,102.31285523682114,101.3895546726399,101.6203842163086,1841019,0.0,0.0
2010-02-10 00:00:00+01:00,101.85119421822684,102.08201493231712,100.5816626802386,100.98560333251952,1965382,0.0,0.0
2010-02-11 00:00:00+01:00,100.98560333251952,100.98560333251952,100.98560333251952,100.98560333251952,0,0.0,0.0
2010-02-12 00:00:00+01:00,103.29384084082002,104.15943168585484,102.312839644163,102.88990020751952,1893507,0.0,0.0
2010-02-15 00:00:00+01:00,103.40927261484558,103.928632512605,102.7745111468026,103.23615264892578,722877,0.0,0.0
2010-02-16 00:00:00+01:00,103.58238459452885,103.92862449967323,102.25514336513736,103.1784439086914,1217383,0.0,0.0
2010-02-17 00:00:00+01:00,103.58238369404678,104.62109459520352,103.35156296278817,104.56338500976562,1564354,0.0,0.0
2010-02-18 00:00:00+01:00,104.73650038716144,105.5443817165342,104.33255972247504,105.19815063476562,1445260,0.0,0.0
2010-02-19 00:00:00+01:00,103.92860562462644,106.29454852926608,103.92860562462644,106.17913818359376,8249260,0.0,0.0
2010-02-22 00:00:00+01:00,106.17917009821473,106.2945804785763,104.44798797704816,104.8519287109375,1531145,0.0,0.0
2010-02-23 00:00:00+01:00,103.29385375976562,104.33256466476789,103.00532344200091,103.29385375976562,2151660,0.0,0.0
2010-02-24 00:00:00+01:00,103.75549535057138,104.33255593783235,103.120725182486,103.52466583251952,1387301,0.0,0.0
2010-02-25 00:00:00+01:00,103.87088816791083,104.2171279839016,101.96658679045028,102.6590576171875,1883363,0.0,0.0
2010-02-26 00:00:00+01:00,103.29384511971344,103.69778576974696,102.83219488885553,103.52466583251952,1853457,0.0,0.0
2010-03-01 00:00:00+01:00,104.62107617346824,105.02501678466795,104.2171355622685,105.02501678466795,1498491,0.0,0.0
2010-03-02 00:00:00+01:00,105.4289767290069,106.87162832301424,105.02503604373416,106.75621795654295,2098917,0.0,0.0
2010-03-03 00:00:00+01:00,106.29457288068336,107.27557425150664,106.29457288068336,107.16016387939452,1928902,0.0,0.0
2010-03-04 00:00:00+01:00,107.93539622947796,107.93539622947796,106.86200372889373,107.3987045288086,1821706,6.0,0.0
2010-03-05 00:00:00+01:00,107.21978176378494,107.99501002371774,106.5638172901702,107.69684600830078,1460513,0.0,0.0
2010-03-08 00:00:00+01:00,107.81611489821186,108.17390627410248,107.0408866015828,107.63721466064452,1352844,0.0,0.0
2010-03-09 00:00:00+01:00,108.1142738100358,108.7106018408697,107.6968460083008,107.69684600830078,1489682,0.0,0.0
2010-03-10 00:00:00+01:00,107.5179560952259,107.756483690748,106.44456371688736,106.56382751464844,1467098,0.0,0.0
2010-03-11 00:00:00+01:00,106.68310147603268,106.98126554846344,106.38493740360192,106.62347412109376,1138572,0.0,0.0
2010-03-12 00:00:00+01:00,106.02713891716958,106.02713891716958,103.40328979492186,103.40328979492188,3544764,0.0,0.0
2010-03-15 00:00:00+01:00,103.701424045802,104.05922444577084,103.58216027889308,103.99958801269533,1702239,0.0,0.0
2010-03-16 00:00:00+01:00,104.8940799133753,105.19224388026862,103.93996067886194,103.99958801269533,2387135,0.0,0.0
2010-03-17 00:00:00+01:00,104.35742349730376,104.4766873043088,103.52256774902342,103.52256774902344,2096213,0.0,0.0
2010-03-18 00:00:00+01:00,104.05924877844528,104.41704926208033,103.8207211888514,104.1785125732422,1505539,0.0,0.0
2010-03-19 00:00:00+01:00,104.41703616328596,105.55005572058938,104.17849950437152,104.95372772216795,4640228,0.0,0.0
2010-03-22 00:00:00+01:00,104.35740914833652,104.59593672954942,103.7014446511351,104.41704559326172,2063873,0.0,0.0
2010-03-23 00:00:00+01:00,104.53631383104144,104.83447786986405,103.70144906279164,103.7610855102539,1428281,0.0,0.0
2010-03-24 00:00:00+01:00,104.23816258729866,104.29778994283572,103.40329771657044,103.7014617919922,1666242,0.0,0.0
2010-03-25 00:00:00+01:00,103.76108739186844,104.11888788464164,103.1647593034094,103.22439575195312,1473830,0.0,0.0
2010-03-26 00:00:00+01:00,103.0455039076718,103.1647677152392,101.19688304301852,101.31614685058594,2100257,0.0,0.0
2010-03-29 00:00:00+02:00,101.7335728142285,102.2702644398126,101.4950361256678,101.85283660888672,1093643,0.0,0.0
2010-03-30 00:00:00+02:00,102.27026079762489,102.56842482327394,101.55466895591594,101.91246032714844,1504590,0.0,0.0
2010-03-31 00:00:00+02:00,101.55467147777355,102.62806381661396,101.4354076844011,101.97209930419922,1718207,0.0,0.0
2010-04-01 00:00:00+02:00,102.27026333725244,102.4491635769332,101.49503503146524,101.97209930419922,1606176,0.0,0.0
2010-04-06 00:00:00+02:00,102.56842790544673,102.74732814606088,100.24275207519533,100.24275207519533,2590634,0.0,0.0
2010-04-07 00:00:00+02:00,100.30236092272848,101.3161166335719,99.6464056271204,100.60052490234376,2641737,0.0,0.0
2010-04-08 00:00:00+02:00,100.54093091497496,102.50880655377787,99.88496630254362,102.27027893066406,2737897,0.0,0.0
2010-04-09 00:00:00+02:00,102.5087803391532,103.99960035048028,102.27025277703817,103.82070922851562,2123221,0.0,0.0
2010-04-12 00:00:00+02:00,104.35742095155744,104.41705740322774,103.2840285162067,103.46292877197266,1206344,0.0,0.0
2010-04-13 00:00:00+02:00,103.58218206506902,103.64181851068771,102.92622665948356,103.10511779785156,1291106,0.0,0.0
2010-04-14 00:00:00+02:00,103.58216014738504,103.64179658038483,102.80693201459816,102.98583221435548,1514916,0.0,0.0
2010-04-15 00:00:00+02:00,105.13265177291214,106.02714397330688,104.71522389924364,105.8482437133789,2874331,0.0,0.0
2010-04-16 00:00:00+02:00,105.66932904349538,105.96749306963348,104.35740914833652,104.41704559326172,3424091,0.0,0.0
2010-04-19 00:00:00+02:00,104.41706875683911,105.13266075846664,103.82074057227524,104.7152328491211,1431984,0.0,0.0
2010-04-20 00:00:00+02:00,105.13264433133791,105.7289724227247,104.59594358954308,104.83448028564452,2347811,0.0,0.0
2010-04-21 00:00:00+02:00,105.07299076002026,105.19225453901372,103.99959855059296,104.3573989868164,1622188,0.0,0.0
2010-04-22 00:00:00+02:00,104.357410018723,105.01337452139543,102.27026181834854,102.80695343017578,2150651,0.0,0.0
2010-04-23 00:00:00+02:00,103.5821817244494,103.5821817244494,102.62806229239608,102.80695343017578,1404514,0.0,0.0
2010-04-26 00:00:00+02:00,103.52256541092542,104.05925707994922,102.32990916932144,102.4491729736328,1574329,0.0,0.0
2010-04-27 00:00:00+02:00,102.6876890307851,102.86658926674998,101.19686889648438,101.19686889648438,1371369,0.0,0.0
2010-04-28 00:00:00+02:00,100.18313625799796,101.73359319692732,100.00423598054516,100.4813003540039,1942346,0.0,0.0
2010-04-29 00:00:00+02:00,102.0317266671949,102.8069458047245,100.60053397640402,101.7931900024414,1861459,0.0,0.0
2010-04-30 00:00:00+02:00,101.55468097982444,102.03174529719534,100.77945260150234,101.43541717529295,1794645,0.0,0.0
2010-05-03 00:00:00+02:00,100.8390794703063,101.13724350292196,99.05009527461247,99.64642333984376,2093891,0.0,0.0
2010-05-04 00:00:00+02:00,100.12348043312431,100.60054471430884,98.69229668881506,98.93082427978516,2395222,0.0,0.0
2010-05-05 00:00:00+02:00,98.87119803250134,99.5271534645947,98.45377019403384,98.81156158447266,2436702,0.0,0.0
2010-05-06 00:00:00+02:00,98.39413516492728,99.76569159616608,98.3344987160386,98.99046325683594,2075122,0.0,0.0
2010-05-07 00:00:00+02:00,97.26111538410775,98.57303536583886,95.1143306145517,96.66478729248048,3756647,0.0,0.0
2010-05-10 00:00:00+02:00,98.39414215087892,98.69230621800278,97.0822220753829,98.3941421508789,2810493,0.0,0.0
2010-05-11 00:00:00+02:00,98.21522193609474,99.94457863360212,98.03632171231904,98.75192260742188,1892298,0.0,0.0
2010-05-12 00:00:00+02:00,98.99044980986126,99.40787759764451,98.21522157583898,98.4537582397461,1905155,0.0,0.0
2010-05-14 00:00:00+02:00,98.99045905424266,99.4078868810081,97.32073864793672,97.44000244140624,1998027,0.0,0.0
2010-05-17 00:00:00+02:00,96.90331871692106,98.3941390048737,96.84368226570498,97.73817443847656,1550902,0.0,0.0
2010-05-18 00:00:00+02:00,98.51340280806092,98.573039259277,96.90331871692106,97.73817443847656,1928285,0.0,0.0
2010-05-19 00:00:00+02:00,97.26111096603364,97.97670282363178,96.66478290149446,97.14183807373048,1956233,0.0,0.0
2010-05-20 00:00:00+02:00,97.9170773297075,98.0363411361064,94.99507312633108,95.47213745117188,2643320,0.0,0.0
2010-05-21 00:00:00+02:00,95.1143270085038,95.1143270085038,92.60975093847355,93.38497924804688,5014757,0.0,0.0
2010-05-25 00:00:00+02:00,90.82076080517908,91.8941530792208,90.04553254619096,91.35745239257812,3726084,0.0,0.0
2010-05-26 00:00:00+02:00,92.25196105331412,93.44461732833886,91.59600556159768,92.55012512207033,2636549,0.0,0.0
2010-05-27 00:00:00+02:00,93.32534993924044,94.45836971733516,92.60975802153614,94.10057830810548,1845899,0.0,0.0
2010-05-28 00:00:00+02:00,94.63726329849295,95.59139185431762,94.27947191449192,94.99506378173828,1748110,0.0,0.0
2010-05-31 00:00:00+02:00,95.35286765678836,95.35286765678836,94.63727569580078,94.63727569580078,920224,0.0,0.0
2010-06-01 00:00:00+02:00,95.29322847873289,96.3666208366668,94.21983612079896,95.59139251708984,1849565,0.0,0.0
2010-06-02 00:00:00+02:00,95.233590087054,97.5592749983032,94.69689846866645,97.14183807373048,1714345,0.0,0.0
2010-06-03 00:00:00+02:00,97.9767052570788,98.99046117212517,97.85744146105765,98.2152328491211,1634094,0.0,0.0
2010-06-04 00:00:00+02:00,98.93080594418,99.40787013694656,96.54549407958984,96.54549407958984,1666784,0.0,0.0
2010-06-07 00:00:00+02:00,95.41249084472656,96.24734649992024,94.99506301712972,95.41249084472656,1559758,0.0,0.0
2010-06-08 00:00:00+02:00,95.6510115441526,95.8895482136335,93.68313634158542,93.9813003540039,2194731,0.0,0.0
2010-06-09 00:00:00+02:00,94.63725498537347,94.63725498537347,93.14643493488164,94.3987274169922,1903573,0.0,0.0
2010-06-10 00:00:00+02:00,94.21982792424129,94.69689216395956,93.32533588698584,93.9813003540039,1978614,0.0,0.0
2010-06-11 00:00:00+02:00,94.10058448352665,94.39874856040774,92.31160002224,92.6097640991211,3047982,0.0,0.0
2010-06-14 00:00:00+02:00,93.02717336940894,93.3253373866186,92.1923177609194,92.96753692626952,2732573,0.0,0.0
2010-06-15 00:00:00+02:00,92.43086220144698,93.92168255953484,92.19233458385106,93.44461822509766,1909673,0.0,0.0
2010-06-16 00:00:00+02:00,93.92165704093031,94.87578545056708,93.32532905971806,94.57762145996094,1982168,0.0,0.0
2010-06-17 00:00:00+02:00,94.81616721098324,95.17396770808104,94.21983911531667,94.75653076171876,1290646,0.0,0.0
2010-06-18 00:00:00+02:00,93.26571818962393,93.26571818962393,91.83453428206904,92.4308624267578,6521482,0.0,0.0
2010-06-21 00:00:00+02:00,93.02719198690556,93.20609225288332,91.95379949028444,92.6097640991211,1372064,0.0,0.0
2010-06-22 00:00:00+02:00,92.43085003415575,93.02717809889224,92.3115862410573,92.78865051269533,1354744,0.0,0.0
2010-06-23 00:00:00+02:00,92.49048614501952,93.44460558559244,92.2519494604432,92.49048614501952,1830459,0.0,0.0
2010-06-24 00:00:00+02:00,92.78865017630685,93.26570534697122,92.073049221822,92.49048614501952,1485565,0.0,0.0
2010-06-25 00:00:00+02:00,92.4308519385482,93.1464438111268,91.65562361856956,92.07305145263672,1111351,0.0,0.0
2010-06-28 00:00:00+02:00,92.0730449150171,92.49048181868862,91.29782574932705,91.95378112792967,1199608,0.0,0.0
2010-06-29 00:00:00+02:00,91.3574758677374,91.77490377622574,88.91253577559368,89.32996368408203,2315650,0.0,0.0
2010-06-30 00:00:00+02:00,89.21067775066071,89.7473693429142,88.37581304141295,88.91251373291016,2128690,0.0,0.0
2010-07-01 00:00:00+02:00,87.77948947111665,88.43545398323322,86.76573357904537,87.2427978515625,2463307,0.0,0.0
2010-07-02 00:00:00+02:00,88.25655811147497,88.25655811147497,87.24280216923263,87.60059356689453,1658970,0.0,0.0
2010-07-05 00:00:00+02:00,87.6005819412839,88.55471040691435,86.05013455868868,86.5271987915039,1892941,0.0,0.0
2010-07-06 00:00:00+02:00,86.34830608300682,87.7794898067869,85.69234156838183,87.54096221923828,1580426,0.0,0.0
2010-07-07 00:00:00+02:00,87.12353505096739,88.13729095458984,86.64647077301439,88.13729095458984,1476826,0.0,0.0
2010-07-08 00:00:00+02:00,88.55471582681838,89.2703076702166,88.0180242190807,88.79324340820312,1822839,0.0,0.0
2010-07-09 00:00:00+02:00,89.15104850619707,89.86664038673237,87.95839233889008,89.62811279296875,2213987,0.0,0.0
2010-07-12 00:00:00+02:00,89.98590418361418,90.04554063167731,89.03178470931526,89.62811279296875,999540,0.0,0.0
2010-07-13 00:00:00+02:00,89.62812123741213,90.16481292356768,88.79325638209257,89.210693359375,1505206,0.0,0.0
2010-07-14 00:00:00+02:00,89.44921764163931,89.62811789677158,88.67398926889611,89.5684814453125,1581802,0.0,0.0
2010-07-15 00:00:00+02:00,89.56847666945816,90.88039663840073,89.27031262655102,89.92627716064453,1963855,0.0,0.0
2010-07-16 00:00:00+02:00,89.62811551567337,89.86664311668294,85.27491855291346,86.1694107055664,7134448,0.0,0.0
2010-07-19 00:00:00+02:00,85.39417445137789,86.82536722273248,85.39417445137789,85.8712387084961,2703439,0.0,0.0
2010-07-20 00:00:00+02:00,85.87123801491477,86.16940203579989,84.73821837524883,85.27490997314453,2612224,0.0,0.0
2010-07-21 00:00:00+02:00,82.59144500398287,82.88960906536909,80.80246063566555,81.69695281982422,8515573,0.0,0.0
2010-07-22 00:00:00+02:00,81.69694367764616,82.88959978972859,81.39877964962555,82.53179931640625,5031953,0.0,0.0
2010-07-23 00:00:00+02:00,82.59144987588249,82.59144987588249,80.56393777855544,81.33915710449219,3908390,0.0,0.0
2010-07-26 00:00:00+02:00,81.69694901121005,81.69694901121005,79.90796472629305,80.44465637207031,2925201,0.0,0.0
2010-07-27 00:00:00+02:00,80.62355866965568,81.51805083484989,80.20613081241402,81.21988677978516,3425489,0.0,0.0
2010-07-28 00:00:00+02:00,81.39876886195832,82.59142481597968,81.10060487345298,82.05473327636719,2939749,0.0,0.0
2010-07-29 00:00:00+02:00,82.41253782585395,82.47217427282061,81.16025433275234,81.2795181274414,2122869,0.0,0.0
2010-07-30 00:00:00+02:00,81.10061611724517,81.27951635499967,80.20612402771673,80.80245208740234,2343622,0.0,0.0
2010-08-02 00:00:00+02:00,81.10062469705177,81.81621662452969,80.62356037898482,81.69695281982422,1810712,0.0,0.0
2010-08-03 00:00:00+02:00,81.75658045820151,82.94923657517458,81.27951619156347,82.82996368408203,2481611,0.0,0.0
2010-08-04 00:00:00+02:00,82.770338099756,83.3666661709369,82.05474623418779,83.3070297241211,1884245,0.0,0.0
2010-08-05 00:00:00+02:00,83.72446105812791,84.55932585226839,83.24740586061293,84.26116180419922,2388635,0.0,0.0
2010-08-06 00:00:00+02:00,84.67858743883967,84.91711503136399,83.84373176576013,84.49968719482422,2005541,0.0,0.0
2010-08-09 00:00:00+02:00,84.9767459522594,85.5134375501551,84.73821837524883,85.27490997314453,1446350,0.0,0.0
2010-08-10 00:00:00+02:00,85.33454676284309,85.75197457392515,84.79784606352857,85.57307434082031,1654767,0.0,0.0
2010-08-11 00:00:00+02:00,85.33455451963391,85.45381831946344,84.32078947297128,84.559326171875,1502302,0.0,0.0
2010-08-12 00:00:00+02:00,84.44005366273612,85.09600904376433,84.38041721935004,84.67858123779297,1572503,0.0,0.0
2010-08-13 00:00:00+02:00,85.4538124026425,85.4538124026425,84.6785841085604,85.03638458251953,1381559,0.0,0.0
2010-08-16 00:00:00+02:00,85.036398435068,85.5730901341905,84.44007028082277,84.85749816894531,1231418,0.0,0.0
2010-08-17 00:00:00+02:00,84.97674813711167,85.09601192868337,84.49968387158083,85.03638458251953,1353248,0.0,0.0
2010-08-18 00:00:00+02:00,85.0363878087779,85.99050727679459,84.85748756501091,85.51344299316406,2307293,0.0,0.0
2010-08-19 00:00:00+02:00,85.93088229323554,86.16940989199304,83.8437339567513,84.26116180419922,1573442,0.0,0.0
2010-08-20 00:00:00+02:00,84.38042207209554,84.38042207209554,82.71070165294022,83.3070297241211,2191764,0.0,0.0
2010-08-23 00:00:00+02:00,83.42629174256857,83.66482842550961,82.59143610038504,82.82996368408203,1284087,0.0,0.0
2010-08-24 00:00:00+02:00,82.41253518465271,82.71069921144179,81.81620713107456,82.23363494873047,1978862,0.0,0.0
2010-08-25 00:00:00+02:00,82.17401825539376,82.23364560893486,81.0409893471708,81.57769012451172,2079620,0.0,0.0
2010-08-26 00:00:00+02:00,81.93548295983581,82.05475586747009,81.16026365568479,81.756591796875,1277195,0.0,0.0
2010-08-27 00:00:00+02:00,81.16024777920968,82.29326738613294,80.74281088263882,82.17400360107422,1791741,0.0,0.0
2010-08-30 00:00:00+02:00,82.59143319766297,82.94923365987741,82.29326917889884,82.65106964111328,1009242,0.0,0.0
2010-08-31 00:00:00+02:00,81.99511749157007,82.35291800759497,81.5776896223711,82.29328155517578,1502241,0.0,0.0
2010-09-01 00:00:00+02:00,82.4721704432926,83.54556274414062,82.29327020994394,83.54556274414062,1958090,0.0,0.0
2010-09-02 00:00:00+02:00,83.48592996532422,83.54556641214,82.88960189414333,83.3070297241211,1156838,0.0,0.0
2010-09-03 00:00:00+02:00,84.1418809901489,85.2152640667491,83.60518035260601,84.79783630371094,2282609,0.0,0.0
2010-09-06 00:00:00+02:00,85.0960097407647,85.6327104379042,84.559318142869,85.27490997314453,1218459,0.0,0.0
2010-09-07 00:00:00+02:00,85.27491216566294,85.39417595723464,84.61894766315253,85.03638458251953,1032815,0.0,0.0
2010-09-08 00:00:00+02:00,84.91710842129933,85.75197312863624,84.61894440423121,85.39417266845703,1518952,0.0,0.0
2010-09-09 00:00:00+02:00,85.39417445137789,85.8712387084961,85.03638308297215,85.8712387084961,1368049,0.0,0.0
2010-09-10 00:00:00+02:00,85.93088168355912,85.99050903320312,85.33455359165168,85.99050903320312,1130997,0.0,0.0
2010-09-13 00:00:00+02:00,86.16941261102734,86.16941261102734,85.21528398740105,85.63272094726562,1361707,0.0,0.0
2010-09-14 00:00:00+02:00,85.15564548715041,85.39417306220727,84.44005366273612,84.67858123779297,2040342,0.0,0.0
2010-09-15 00:00:00+02:00,84.38041544815118,84.55931567531046,82.65106781717978,83.18775939941406,2730468,0.0,0.0
2010-09-16 00:00:00+02:00,83.00887379358736,83.18777405225843,82.23364540550939,82.59144592285156,2127554,0.0,0.0
2010-09-17 00:00:00+02:00,82.88959248244377,83.00885626328929,81.57767269465661,81.81620025634766,3633047,0.0,0.0
2010-09-20 00:00:00+02:00,82.29328155517578,82.65108207120068,81.93548103915089,82.29328155517578,2074740,0.0,0.0
2010-09-21 00:00:00+02:00,81.99512993070465,82.41255786322985,81.75660228333211,81.93549346923828,1378926,0.0,0.0
2010-09-22 00:00:00+02:00,82.77033830916541,82.82996565688781,81.10061788578567,81.2795181274414,2703489,0.0,0.0
2010-09-23 00:00:00+02:00,81.2198850374647,81.45842173594635,80.146492642409,80.7428207397461,1984676,0.0,0.0
2010-09-24 00:00:00+02:00,80.44465169585487,80.68318837952454,79.07310443654168,79.7886962890625,3747779,0.0,0.0
2010-09-27 00:00:00+02:00,79.72905924091052,79.90795947749999,78.11897531009326,78.1786117553711,3229332,0.0,0.0
2010-09-28 00:00:00+02:00,78.2382501369852,78.2978865906748,76.86669359533188,77.64192199707031,4238158,0.0,0.0
2010-09-29 00:00:00+02:00,78.05935187198527,78.53641621596995,77.10523228326143,78.41715240478516,3554780,0.0,0.0
2010-09-30 00:00:00+02:00,78.29787399189878,80.92171374562867,78.23823754780517,80.0272216796875,4496855,0.0,0.0
2010-10-01 00:00:00+02:00,80.504298173379,81.27952656823095,80.0868702989957,80.86209869384766,2749082,0.0,0.0
2010-10-04 00:00:00+02:00,80.8620892965155,81.0409804367149,80.02722454552693,80.38502502441406,1638328,0.0,0.0
2010-10-05 00:00:00+02:00,80.32539661765098,82.11438099265098,80.08686900734901,81.9951171875,2244828,0.0,0.0
2010-10-06 00:00:00+02:00,82.35290817898911,82.82996334442686,81.93547126036503,82.53179931640625,1687221,0.0,0.0
2010-10-07 00:00:00+02:00,82.65107759074115,83.30703303556774,82.114376845798,82.9492416381836,1756035,0.0,0.0
2010-10-08 00:00:00+02:00,82.9492416381836,83.18776923643969,82.17401329498433,82.9492416381836,1323949,0.0,0.0
2010-10-11 00:00:00+02:00,83.24739548452233,84.02261463348192,82.41253079444073,82.88959503173828,1301986,0.0,0.0
2010-10-12 00:00:00+02:00,82.47217913215432,82.59144293387052,80.62355835819649,80.92172241210938,2461935,0.0,0.0
2010-10-13 00:00:00+02:00,81.45842140097142,83.24740568562603,81.10062090434265,82.9492416381836,2666997,0.0,0.0
2010-10-14 00:00:00+02:00,81.39877964962555,82.59143576170798,80.98135183024552,82.53179931640625,3090922,0.0,0.0
2010-10-15 00:00:00+02:00,82.71069441969301,85.15564293741578,82.2932666262203,84.61894226074219,4039449,0.0,0.0
2010-10-18 00:00:00+02:00,85.09601117471884,85.57307543602282,84.44005577726435,85.45381164550781,1937962,0.0,0.0
2010-10-19 00:00:00+02:00,85.39417301784476,85.81160082359928,84.91710876873516,85.69233703613281,1547187,0.0,0.0
2010-10-20 00:00:00+02:00,85.75199526037227,86.28868698991218,85.69235880186959,85.8116226196289,1622447,0.0,0.0
2010-10-21 00:00:00+02:00,85.93087335872583,86.10976448957176,85.03638130752152,85.39417266845703,1721594,0.0,0.0
2010-10-22 00:00:00+02:00,85.09602608129488,85.57309042616792,84.79786200315493,85.1556625366211,1055270,0.0,0.0
2010-10-25 00:00:00+02:00,85.33454676284309,85.75197457392515,84.97674629663341,85.57307434082031,911851,0.0,0.0
2010-10-26 00:00:00+02:00,85.7519727753259,85.87123656181302,84.79784428494163,85.09600830078125,1140165,0.0,0.0
2010-10-27 00:00:00+02:00,85.0363751920594,86.58682250976562,84.85747497483555,86.58682250976562,1571617,0.0,0.0
2010-10-28 00:00:00+02:00,87.06389329593425,87.66022133220777,86.70609283447266,86.70609283447266,1767768,0.0,0.0
2010-10-29 00:00:00+02:00,87.00426640834459,87.00426640834459,85.51344615392303,86.1694107055664,1473766,0.0,0.0
2010-11-01 00:00:00+01:00,86.40793924978998,87.06390380859375,86.10977519565097,87.06390380859375,992555,0.0,0.0
2010-11-02 00:00:00+01:00,87.06389685390756,88.01802539063434,86.88499661586579,87.66022491455078,1309058,0.0,0.0
2010-11-03 00:00:00+01:00,87.89874594938799,87.95838239070618,86.46756235018573,86.5271987915039,1131799,0.0,0.0
2010-11-04 00:00:00+01:00,87.12354105644278,87.18316840826938,86.22904888583965,86.64647674560547,1441514,0.0,0.0
2010-11-05 00:00:00+01:00,86.76573560028865,86.8849993963852,85.27491540097098,85.51344299316406,2295479,0.0,0.0
2010-11-08 00:00:00+01:00,85.57307399402966,85.6327104379042,85.03638239613396,85.27490997314453,1424276,0.0,0.0
2010-11-09 00:00:00+01:00,84.79786060048399,85.15566112803165,83.90336838086021,84.97676086425781,1469312,0.0,0.0
2010-11-10 00:00:00+01:00,84.67858049845451,85.57307254597339,84.67858049845451,85.09600830078125,1647230,0.0,0.0
2010-11-11 00:00:00+01:00,85.33455118979403,85.33455118979403,84.79785046263677,84.9171142578125,1060234,0.0,0.0
2010-11-12 00:00:00+01:00,84.67858997170453,84.91711757136358,84.14189832284934,84.559326171875,1656537,0.0,0.0
2010-11-15 00:00:00+01:00,84.32078180833028,85.63271078493653,84.20151801934166,85.57307434082031,1212298,0.0,0.0
2010-11-16 00:00:00+01:00,85.33456139180548,85.81161662954183,84.85749705482372,84.97676086425781,1635788,0.0,0.0
2010-11-17 00:00:00+01:00,85.39417984724362,87.12353675116577,85.27491605023903,86.10977172851562,2406973,0.0,0.0
2010-11-18 00:00:00+01:00,86.82536135154137,87.36205291748047,86.28866068635902,87.36205291748047,1542622,0.0,0.0
2010-11-19 00:00:00+01:00,87.898751473832,87.95838791889834,86.40793133961338,86.76573181152344,1658328,0.0,0.0
2010-11-22 00:00:00+01:00,86.58683535652166,86.8849993963852,85.27491540097098,85.51344299316406,1566017,0.0,0.0
2010-11-23 00:00:00+01:00,85.21527919285664,85.33455208853286,83.48593139648438,83.48593139648438,2393784,0.0,0.0
2010-11-24 00:00:00+01:00,83.78409032244294,83.90335411159408,82.94923469914104,83.54556274414062,1603726,0.0,0.0
2010-11-25 00:00:00+01:00,83.54556784432249,83.724458989348,82.710703070811,83.48593139648438,1203366,0.0,0.0
2010-11-26 00:00:00+01:00,83.24739906436179,84.0822546911007,82.7106983621063,83.8437271118164,1898401,0.0,0.0
2010-11-29 00:00:00+01:00,84.14188973493391,84.61894488556153,82.65106964111328,82.65106964111328,1510112,0.0,0.0
2010-11-30 00:00:00+01:00,82.71069518346027,83.18775942293874,82.17400360107422,82.17400360107422,2815880,0.0,0.0
2010-12-01 00:00:00+01:00,82.59143576170798,82.82996334442686,82.11437149702621,82.53179931640625,1956484,0.0,0.0
2010-12-02 00:00:00+01:00,82.77034029001567,83.0685043334961,81.51804766770007,83.0685043334961,2053305,0.0,0.0
2010-12-03 00:00:00+01:00,83.1877638177492,83.1877638177492,82.17400794232793,82.53179931640625,1362783,0.0,0.0
2010-12-06 00:00:00+01:00,82.65105978014816,82.7106871172407,81.81619516766871,81.8758316040039,1273879,0.0,0.0
2010-12-07 00:00:00+01:00,81.51805316995191,82.71070942437476,81.33915291193946,82.29328155517578,1695204,0.0,0.0
2010-12-08 00:00:00+01:00,81.81621900880924,84.44006828501892,81.81621900880924,84.08226776123047,2157121,0.0,0.0
2010-12-09 00:00:00+01:00,84.67858049845451,85.39417231662088,84.38041648261488,85.09600830078125,1391562,0.0,0.0
2010-12-10 00:00:00+01:00,85.1556517231327,85.27491551939488,84.2611596022999,84.49968719482422,1077122,0.0,0.0
2010-12-13 00:00:00+01:00,84.67857577744928,85.03637621620618,84.32077533869239,84.44004821777344,1006223,0.0,0.0
2010-12-14 00:00:00+01:00,84.678572528449,85.09600029148716,84.38040854067278,84.79783630371094,1102892,0.0,0.0
2010-12-15 00:00:00+01:00,84.38041542486381,84.73821587908363,83.96298762776973,84.2015151977539,1655062,0.0,0.0
2010-12-16 00:00:00+01:00,84.38042351858957,84.79785135572311,82.11437498940754,83.48593139648438,3459093,0.0,0.0
2010-12-17 00:00:00+01:00,83.7841021816653,83.7841021816653,81.81621753477361,82.59144592285156,4937600,0.0,0.0
2010-12-20 00:00:00+01:00,82.35290418317732,83.18775978142972,82.1740039551965,82.47216796875,1539625,0.0,0.0
2010-12-21 00:00:00+01:00,82.47218070210403,82.7703447616928,81.75658877893996,82.41254425048828,1614856,0.0,0.0
2010-12-22 00:00:00+01:00,82.472181507349,82.53180886030196,81.9951171875,81.9951171875,1321692,0.0,0.0
2010-12-23 00:00:00+01:00,82.05473944090019,83.06849525813031,81.87583921450818,82.88959503173828,1075308,0.0,0.0
2010-12-27 00:00:00+01:00,83.00887267886345,83.1877729351321,82.47218100930255,82.71070861816406,708271,0.0,0.0
2010-12-28 00:00:00+01:00,82.9492416381836,83.36666948475408,82.88960518899727,82.9492416381836,669997,0.0,0.0
2010-12-29 00:00:00+01:00,83.18776559693272,83.30702939084291,82.77033776862491,83.00886535644531,616836,0.0,0.0
2010-12-30 00:00:00+01:00,83.00887287007457,83.00887287007457,81.69695281982422,81.69695281982422,1122340,0.0,0.0
2011-01-03 00:00:00+01:00,81.99511799628011,82.05475444906638,81.39878986539807,81.57769012451172,1267066,0.0,0.0
2011-01-04 00:00:00+01:00,81.69693139424098,82.05473181376684,81.45840384738551,81.8758316040039,1542470,0.0,0.0
2011-01-05 00:00:00+01:00,81.9951171875,82.11438099265098,81.21988880515099,81.9951171875,1575743,0.0,0.0
2011-01-06 00:00:00+01:00,82.2336470304309,82.29328348424805,81.57769153466887,81.756591796875,1451684,0.0,0.0
2011-01-07 00:00:00+01:00,81.7565908957741,81.87585470284857,80.74282578752796,80.86209869384766,1859985,0.0,0.0
2011-01-10 00:00:00+01:00,80.8620900679328,81.0409812098388,79.60979747912526,79.96759796142578,2030617,0.0,0.0
2011-01-11 00:00:00+01:00,80.38502502441406,80.38502502441406,79.84832430608337,80.38502502441406,2007432,0.0,0.0
2011-01-12 00:00:00+01:00,80.62354424940601,81.93546403719317,80.56391690860487,81.81620025634766,2427322,0.0,0.0
2011-01-13 00:00:00+01:00,82.17402198516758,82.17402198516758,80.92172921377727,81.33915710449219,1750151,0.0,0.0
2011-01-14 00:00:00+01:00,81.3988017130268,81.93549346923828,80.6235732101963,81.93549346923828,1795867,0.0,0.0
2011-01-17 00:00:00+01:00,82.5914306497273,84.02261425594577,82.5914306497273,83.60518646240234,2913489,0.0,0.0
2011-01-18 00:00:00+01:00,83.9033595610574,84.55932409285892,83.42629527422397,83.78409576416016,1719964,0.0,0.0
2011-01-19 00:00:00+01:00,84.44005186698163,84.44005186698163,83.96298762776973,84.2015151977539,1675017,0.0,0.0
2011-01-20 00:00:00+01:00,83.78409576416016,84.14189625409634,83.48593172229482,83.78409576416016,2045483,0.0,0.0
2011-01-21 00:00:00+01:00,84.08225359521663,84.38041761505782,83.60518934362197,83.9629898071289,2617782,0.0,0.0
2011-01-24 00:00:00+01:00,84.49969206930379,85.63272094726562,83.72446370001303,85.63272094726562,2137728,0.0,0.0
2011-01-25 00:00:00+01:00,85.93087515285232,86.3483029656143,85.69233847467129,85.8712387084961,1907109,0.0,0.0
2011-01-26 00:00:00+01:00,86.2290376848488,86.82536572112232,85.99050101079317,86.70609283447266,1807977,0.0,0.0
2011-01-27 00:00:00+01:00,86.64646257489686,87.0638903663939,86.28866212547459,86.5271987915039,1568750,0.0,0.0
2011-01-28 00:00:00+01:00,85.9308853149414,86.64647723562186,85.6923486085513,85.9308853149414,1634051,0.0,0.0
2011-01-31 00:00:00+01:00,85.93088500474323,86.2886764141694,85.33455688978802,85.63272094726562,1615169,0.0,0.0
2011-02-01 00:00:00+01:00,85.87124665468208,86.1694107055664,85.3345550027882,86.1694107055664,1775964,0.0,0.0
2011-02-02 00:00:00+01:00,84.38041859202914,86.2290391761457,83.66482675597379,85.8712387084961,5042973,0.0,0.0
2011-02-03 00:00:00+01:00,84.97675402090067,85.39418186992634,83.96299807348272,84.559326171875,3668513,0.0,0.0
2011-02-04 00:00:00+01:00,84.91710921107446,84.91710921107446,83.18776153569306,83.9629898071289,2895723,0.0,0.0
2011-02-07 00:00:00+01:00,83.90336608886719,84.73823093059055,83.54557467033872,83.90336608886719,1992429,0.0,0.0
2011-02-08 00:00:00+01:00,83.90336749933623,84.2611680231247,83.724467237442,84.08226776123047,1557861,0.0,0.0
2011-02-09 00:00:00+01:00,84.32078227038498,84.38041871482801,83.36666285400393,83.8437271118164,1792817,0.0,0.0
2011-02-10 00:00:00+01:00,83.84374014486836,84.08226776123047,83.30703935918567,84.08226776123047,1594586,0.0,0.0
2011-02-11 00:00:00+01:00,84.08224455289654,85.09600029148716,83.84371700237267,84.79783630371094,2082704,0.0,0.0
2011-02-14 00:00:00+01:00,84.85749616327527,84.91712351774315,83.66483988297412,84.08226776123047,2087481,0.0,0.0
2011-02-15 00:00:00+01:00,83.30702828988093,83.60519232033808,82.82996402130065,83.12812805175781,2245336,0.0,0.0
2011-02-16 00:00:00+01:00,83.06850213534645,83.48592996532422,82.94923834095911,83.3070297241211,1480087,0.0,0.0
2011-02-17 00:00:00+01:00,82.94923221028434,83.12812333902158,81.33913925770051,82.47216796875,3393852,0.0,0.0
2011-02-18 00:00:00+01:00,82.88959978972859,82.94923623503031,82.17400794232793,82.53179931640625,5771555,0.0,0.0
2011-02-21 00:00:00+01:00,82.6510722070097,83.12812737244747,82.35290817898911,82.53179931640625,1570928,0.0,0.0
2011-02-22 00:00:00+01:00,82.53180855200762,82.53180855200762,81.57768901511874,81.69695281982422,1790250,0.0,0.0
2011-02-23 00:00:00+01:00,81.696953125,82.35291770219803,81.33915261030197,81.9951171875,1537122,0.0,0.0
2011-02-24 00:00:00+01:00,82.23362766977586,82.35290054932918,81.16024454774146,81.51803588867188,1825674,0.0,0.0
2011-02-25 00:00:00+01:00,81.69693139424098,82.2932593606223,81.51803118447805,81.8758316040039,1466731,0.0,0.0
2011-02-28 00:00:00+01:00,81.99510618744415,83.96299055579158,81.69694216494435,83.54556274414062,2715099,0.0,0.0
2011-03-01 00:00:00+01:00,83.66483274581181,84.20152438646586,83.24740490316482,83.36666870117188,1739411,0.0,0.0
2011-03-02 00:00:00+01:00,83.12813729357373,83.42630135717944,82.17401774958252,82.29328155517578,2458628,0.0,0.0
2011-03-03 00:00:00+01:00,83.42058450114959,84.67314585869323,82.91955804687518,84.1094970703125,3672241,6.6,0.0
2011-03-04 00:00:00+01:00,84.29738512433077,84.42263935170946,83.67110443115234,83.67110443115234,1897344,0.0,0.0
2011-03-07 00:00:00+01:00,83.48320133264704,83.54582365545741,82.7316665649414,82.7316665649414,1848431,0.0,0.0
2011-03-08 00:00:00+01:00,83.04480684784234,83.29531525164987,82.48114860485082,82.7316665649414,1928353,0.0,0.0
2011-03-09 00:00:00+01:00,82.98217412491654,82.98217412491654,82.48114776611328,82.48114776611328,1726639,0.0,0.0
2011-03-10 00:00:00+01:00,82.29327228804874,83.29532513473974,82.16801807128341,82.6690444946289,2491848,0.0,0.0
2011-03-11 00:00:00+01:00,82.3558990037215,82.7316711867082,82.23064479482046,82.54378509521484,1668201,0.0,0.0
2011-03-14 00:00:00+01:00,82.16802707670846,82.66905355496529,81.91751861572266,81.91751861572266,1710582,0.0,0.0
2011-03-15 00:00:00+01:00,81.16597224077648,81.35384878190277,78.47296366132117,79.72552490234375,4648494,0.0,0.0
2011-03-16 00:00:00+01:00,79.91342211211928,79.97604923099522,78.1598388928789,78.53560638427734,3533780,0.0,0.0
2011-03-17 00:00:00+01:00,78.66085052490234,79.22450407871932,77.90931563857457,78.66085052490234,2594586,0.0,0.0
2011-03-18 00:00:00+01:00,78.9113712804267,79.4750248880583,78.28509055597888,78.47297668457031,5060024,0.0,0.0
2011-03-21 00:00:00+01:00,78.97398529084504,79.91340622161196,78.78610397157682,79.72552490234375,2059185,0.0,0.0
2011-03-22 00:00:00+01:00,79.85078294069714,80.66494969762387,79.6002697248626,80.6023178100586,1918568,0.0,0.0
2011-03-23 00:00:00+01:00,80.60231888943778,81.22859954833984,80.41443278051027,81.22859954833984,1784171,0.0,0.0
2011-03-24 00:00:00+01:00,81.22861309545115,81.72963961738968,80.97810461262492,81.60438537597656,1744914,0.0,0.0
2011-03-25 00:00:00+01:00,82.04277453544779,82.35591489627012,81.29123958073131,81.541748046875,1714597,0.0,0.0
2011-03-28 00:00:00+02:00,81.72963417462547,82.23066066319828,81.541748046875,81.541748046875,1427398,0.0,0.0
2011-03-29 00:00:00+02:00,81.72961643919291,81.85487064508442,81.22859005934349,81.66698455810547,1414132,0.0,0.0
2011-03-30 00:00:00+02:00,81.98012682073482,82.79429351301692,81.9175044944261,82.54378509521484,1858061,0.0,0.0
2011-03-31 00:00:00+02:00,82.48117014985294,82.73168817538163,82.16802978515625,82.16802978515625,1448590,0.0,0.0
2011-04-01 00:00:00+02:00,82.66904612337605,83.67109898980951,82.48116001638424,83.60846710205078,1723642,0.0,0.0
2011-04-04 00:00:00+02:00,83.9215991945195,83.9215991945195,83.17006439657153,83.29531860351562,1562140,0.0,0.0
2011-04-05 00:00:00+02:00,83.48320688054741,83.48320688054741,82.66904017964268,83.2326889038086,1438618,0.0,0.0
2011-04-06 00:00:00+02:00,83.4205752547243,83.5458294653384,83.10743495004719,83.1700668334961,1409429,0.0,0.0
2011-04-07 00:00:00+02:00,83.29532948843739,84.10949627439334,83.29532948843739,83.85897827148438,1840555,0.0,0.0
2011-04-08 00:00:00+02:00,84.04685699638046,84.23474309297471,83.42057637858882,83.79634857177734,1257937,0.0,0.0
2011-04-11 00:00:00+02:00,83.7963618789107,84.48526493411123,83.54584385824067,84.23475646972656,1402690,0.0,0.0
2011-04-12 00:00:00+02:00,83.92161288590971,84.10949900512024,83.67110443115234,83.67110443115234,1724961,0.0,0.0
2011-04-13 00:00:00+02:00,83.85896511788484,83.98422887783356,83.1074303396084,83.35794830322266,1593893,0.0,0.0
2011-04-14 00:00:00+02:00,82.54378596941511,83.2326889038086,82.35589987593191,83.2326889038086,2029615,0.0,0.0
2011-04-15 00:00:00+02:00,83.60846710205078,83.67109898980951,82.85693223036787,83.60846710205078,4074978,0.0,0.0
2011-04-18 00:00:00+02:00,83.42058977943297,83.73373013863225,82.60642293425775,82.91956329345703,2249982,0.0,0.0
2011-04-19 00:00:00+02:00,82.85692193227732,83.54582483057938,82.48114976499751,83.35794830322266,1636181,0.0,0.0
2011-04-20 00:00:00+02:00,83.60845774619742,85.36204528808594,83.54582586544726,85.36204528808594,2282816,0.0,0.0
2011-04-21 00:00:00+02:00,85.8004504581993,85.98833656753985,85.29942401871934,85.54994201660156,1621585,0.0,0.0
2011-04-26 00:00:00+02:00,85.42466761255281,85.54993137405316,84.98627311615151,85.36204528808594,1170803,0.0,0.0
2011-04-27 00:00:00+02:00,85.29942917462108,85.80045564438545,85.17417494625126,85.67520141601562,1061294,0.0,0.0
2011-04-28 00:00:00+02:00,86.11359049632507,87.24089759226113,85.86308205557683,86.9277572631836,2564278,0.0,0.0
2011-04-29 00:00:00+02:00,86.99037364598709,88.24293487663505,86.99037364598709,87.86717224121094,1951419,0.0,0.0
2011-05-02 00:00:00+02:00,88.30555301660574,89.49548217800452,88.18029882429255,88.86920166015625,2042215,0.0,0.0
2011-05-03 00:00:00+02:00,89.2449907755615,89.80863952636719,88.93185045705077,89.80863952636719,2440703,0.0,0.0
2011-05-04 00:00:00+02:00,89.74601578943722,90.81069094442542,88.74396296339893,88.80659484863281,3205095,0.0,0.0
2011-05-05 00:00:00+02:00,88.93185478344299,89.2449951171875,88.30557411595395,89.2449951171875,1861334,0.0,0.0
2011-05-06 00:00:00+02:00,89.30762267746896,91.49960490742929,88.93185047267639,91.12383270263672,2995232,0.0,0.0
2011-05-09 00:00:00+02:00,91.061216774625,91.12384867182789,89.87128717805705,90.12179565429688,1699112,0.0,0.0
2011-05-10 00:00:00+02:00,90.49754232375,91.56221738100808,90.3722881210637,91.18645477294922,2592518,0.0,0.0
2011-05-11 00:00:00+02:00,92.06326397045238,92.75217657097666,91.37435136992812,92.68954467773438,2626753,0.0,0.0
2011-05-12 00:00:00+02:00,92.1884908630434,93.44105190617248,92.12586854465636,92.87740325927734,3057885,0.0,0.0
2011-05-13 00:00:00+02:00,93.31579867916484,94.31785134655478,93.12791260949392,93.5663070678711,3047690,0.0,0.0
2011-05-16 00:00:00+02:00,93.94208584909028,94.69362062462638,93.56631368318064,94.2552261352539,2324581,0.0,0.0
2011-05-17 00:00:00+02:00,94.31785011838004,94.31785011838004,92.94002532958984,92.94002532958984,2119108,0.0,0.0
2011-05-18 00:00:00+02:00,93.37844416064831,94.0047247799517,92.81478586950496,93.9420928955078,1681121,0.0,0.0
2011-05-19 00:00:00+02:00,94.3178650896034,94.50574163036733,93.00267196655274,93.9420928955078,2045240,0.0,0.0
2011-05-20 00:00:00+02:00,94.38050421189588,94.44313610748452,93.06532041110437,93.1905746459961,2430149,0.0,0.0
2011-05-23 00:00:00+02:00,92.31376540079924,92.94004606038752,91.68748474121097,91.68748474121094,2197417,0.0,0.0
2011-05-24 00:00:00+02:00,91.49960139274889,92.25113621718197,91.3743376251069,91.93799591064452,1513336,0.0,0.0
2011-05-25 00:00:00+02:00,91.56224965173551,92.94006547945624,91.49962730646295,92.50167083740234,1377915,0.0,0.0
2011-05-26 00:00:00+02:00,92.5016563666821,93.00268283191576,92.25114791220776,92.7521743774414,1174732,0.0,0.0
2011-05-27 00:00:00+02:00,93.00268283191576,93.8168496433848,92.56428825844316,92.7521743774414,1587059,0.0,0.0
2011-05-30 00:00:00+02:00,92.75216015929128,93.06530045752484,91.75010738243051,92.06324768066406,990918,0.0,0.0
2011-05-31 00:00:00+02:00,92.56427744429712,93.9420928955078,92.56427744429712,93.9420928955078,1960955,0.0,0.0
2011-06-01 00:00:00+02:00,93.69156959848718,93.81682379120927,92.81477113686776,92.94002532958984,1491336,0.0,0.0
2011-06-03 00:00:00+02:00,92.18850188870076,92.56427406909444,91.56222129223367,92.06324768066406,1731826,0.0,0.0
2011-06-06 00:00:00+02:00,92.063259688704,92.37640002778124,91.24909289584626,91.4996109008789,1076356,0.0,0.0
2011-06-07 00:00:00+02:00,91.4369623365368,91.87535682004442,90.68542757105476,90.9359359741211,1273231,0.0,0.0
2011-06-08 00:00:00+02:00,90.56018640586304,90.74806295706652,89.68338775634766,89.68338775634766,1811026,0.0,0.0
2011-06-09 00:00:00+02:00,89.68338747440461,90.05915968819906,89.30762481689453,89.30762481689453,1602324,0.0,0.0
2011-06-10 00:00:00+02:00,89.18236630019076,89.18236630019076,87.92980492206289,88.11769104003906,1685521,0.0,0.0
2011-06-14 00:00:00+02:00,88.18030938122816,89.18235259598048,88.11767749943212,89.05709838867188,1797518,0.0,0.0
2011-06-15 00:00:00+02:00,89.18236826523706,89.18236826523706,87.6792984008789,87.6792984008789,1645027,0.0,0.0
2011-06-16 00:00:00+02:00,87.05300497176742,87.6792855830751,86.86511887711838,87.55403137207031,2019357,0.0,0.0
2011-06-17 00:00:00+02:00,87.05300497176742,87.86717167772416,86.99037308812316,87.55403137207031,3037763,0.0,0.0
2011-06-20 00:00:00+02:00,87.11564391117471,87.80454690563928,86.80250358015867,87.24089813232422,1310908,0.0,0.0
2011-06-21 00:00:00+02:00,87.30352397451126,87.99243655295584,86.99038363090645,87.74192810058594,1372200,0.0,0.0
2011-06-22 00:00:00+02:00,87.86716996281753,87.86716996281753,86.61460876464844,86.61460876464844,1194321,0.0,0.0
2011-06-23 00:00:00+02:00,86.2388430917899,87.30351827933609,85.1741679042437,85.98833465576172,1864799,0.0,0.0
2011-06-24 00:00:00+02:00,86.36409184008667,86.36409184008667,84.98627641662462,85.92569732666016,1484252,0.0,0.0
2011-06-27 00:00:00+02:00,85.80044423834406,86.86511937238062,85.48730393090484,86.5519790649414,1247809,0.0,0.0
2011-06-28 00:00:00+02:00,86.73986485437506,87.49139967831866,86.17621612548828,86.17621612548828,1988230,0.0,0.0
2011-06-29 00:00:00+02:00,86.55199122446771,87.92980685951022,86.42673699515207,87.6792984008789,1102290,0.0,0.0
2011-06-30 00:00:00+02:00,87.24090189786351,88.18032293145941,86.42673509082341,88.11769104003906,2847159,0.0,0.0
2011-07-01 00:00:00+02:00,87.99243759955792,88.93185864154609,87.74192914420841,88.36820983886719,1096785,0.0,0.0
2011-07-04 00:00:00+02:00,88.05506949153781,88.55608640223682,87.92980570757804,88.36820983886719,602475,0.0,0.0
2011-07-05 00:00:00+02:00,88.11768009973373,88.36819807802705,87.24089106641648,87.55403137207031,1177487,0.0,0.0
2011-07-06 00:00:00+02:00,87.55404207371664,87.67929630003113,86.30148069800191,86.4267349243164,1304969,0.0,0.0
2011-07-07 00:00:00+02:00,87.05301013099545,87.05301013099545,85.8004488341466,86.36409759521484,1670433,0.0,0.0
2011-07-08 00:00:00+02:00,86.48935445907493,86.73986287591434,85.2994155883789,85.2994155883789,1372070,0.0,0.0
2011-07-11 00:00:00+02:00,84.92365426739195,85.17416268807871,84.1721098927643,84.54788208007812,1468574,0.0,0.0
2011-07-12 00:00:00+02:00,83.54583839780648,85.80045265505166,82.91955772149224,85.48731231689453,2259194,0.0,0.0
2011-07-13 00:00:00+02:00,85.42467036549739,85.98832864156381,84.98627585496813,85.61255645751953,1140301,0.0,0.0
2011-07-14 00:00:00+02:00,84.9236499614107,85.61255286151089,84.67313199714256,85.11152648925781,1128090,0.0,0.0
2011-07-15 00:00:00+02:00,85.42466979679861,86.17621415988391,84.98627528918787,85.2994155883789,1849835,0.0,0.0
2011-07-18 00:00:00+02:00,84.92364778739284,86.11357702928431,84.79838403032387,85.17415618896484,3165986,0.0,0.0
2011-07-19 00:00:00+02:00,85.98834035407323,86.92776138585927,85.61256811884485,86.4267349243164,2019560,0.0,0.0
2011-07-20 00:00:00+02:00,86.86512104542255,87.49140167236328,86.36409463261317,87.49140167236328,1739265,0.0,0.0
2011-07-21 00:00:00+02:00,88.93185370886705,88.99448559737301,86.86512561986888,88.61871337890625,2409604,0.0,0.0
2011-07-22 00:00:00+02:00,88.61871497947854,90.05916243457152,88.43082886685168,89.55813598632812,2023300,0.0,0.0
2011-07-25 00:00:00+02:00,89.80864973100599,92.06326410298084,89.68339550062633,91.37435150146484,2679081,0.0,0.0
2011-07-26 00:00:00+02:00,91.75010346317906,91.93798954535004,90.309656241579,91.18645477294922,1706650,0.0,0.0
2011-07-27 00:00:00+02:00,90.81069373559576,91.6248604872407,90.18441308914336,90.37229919433594,2062590,0.0,0.0
2011-07-28 00:00:00+02:00,89.49549920785645,90.05915751494626,89.1823588893457,89.80863952636719,1674377,0.0,0.0
2011-07-29 00:00:00+02:00,89.18234460416147,89.24497648034493,87.55402094250017,88.68132781982422,2653168,0.0,0.0
2011-08-02 00:00:00+02:00,86.92775311950729,88.0550601617068,84.73577092045197,84.79839324951172,3998966,0.0,0.0
2011-08-03 00:00:00+02:00,83.92161114546505,86.86512843110127,83.796356920684,85.80045318603516,3895115,0.0,0.0
2011-08-04 00:00:00+02:00,86.48935117627711,87.05299987091364,82.6690358486374,83.35794830322266,3359846,0.0,0.0
2011-08-05 00:00:00+02:00,81.72962185058698,83.04481499023646,78.9739861352453,80.4144287109375,5812969,0.0,0.0
2011-08-08 00:00:00+02:00,79.16187518352201,81.72962489509582,77.5335464477539,77.5335464477539,4227547,0.0,0.0
2011-08-09 00:00:00+02:00,77.40827379175641,79.53762858347778,73.46270925646868,77.15776062011719,5512819,0.0,0.0
2011-08-10 00:00:00+02:00,78.4729729878963,78.53560010176231,72.96170096112112,73.27484130859375,4417930,0.0,0.0
2011-08-11 00:00:00+02:00,75.091053383823,76.46886894831275,72.08490425275511,76.09310150146484,4767166,0.0,0.0
2011-08-12 00:00:00+02:00,75.59207053342887,79.3497543334961,73.90111473465544,79.3497543334961,3500964,0.0,0.0
2011-08-15 00:00:00+02:00,79.91341544095879,81.47912195100935,79.91341544095879,80.66495513916016,2202580,0.0,0.0
2011-08-16 00:00:00+02:00,80.16392352954155,82.29327392578125,79.537642876967,82.29327392578125,2337274,0.0,0.0
2011-08-17 00:00:00+02:00,81.91751657899573,84.61052547091998,80.53970096526018,83.67110443115234,2305919,0.0,0.0
2011-08-18 00:00:00+02:00,83.170074510172,84.10949551091275,80.66495184152998,81.8548812866211,2510832,0.0,0.0
2011-08-19 00:00:00+02:00,81.41648650169373,81.60437261256993,77.72142962021917,80.16392517089844,3503813,0.0,0.0
2011-08-22 00:00:00+02:00,79.72552239166545,84.29737268868008,79.72552239166545,82.54378509521484,2356384,0.0,0.0
2011-08-23 00:00:00+02:00,83.17007526512525,84.48525894432977,82.91955726221629,83.85897827148438,2210127,0.0,0.0
2011-08-24 00:00:00+02:00,83.98424146525954,85.48731124709013,82.85693435074428,84.86103057861328,1962748,0.0,0.0
2011-08-25 00:00:00+02:00,85.48730849429981,86.1762210299544,83.79635265511997,84.61051940917969,1998407,0.0,0.0
2011-08-26 00:00:00+02:00,84.67314552642907,85.98833876920288,82.1054004873115,85.48731231689453,2338537,0.0,0.0
2011-08-29 00:00:00+02:00,86.42672948257102,87.05301013099545,86.05095727100263,86.36409759521484,1425079,0.0,0.0
2011-08-30 00:00:00+02:00,87.42878343791317,87.6792918779077,86.55198478536344,86.9903793334961,1727730,0.0,0.0
2011-08-31 00:00:00+02:00,87.42878879687903,88.36820983886719,86.67724431826049,88.36820983886719,2633491,0.0,0.0
2011-09-01 00:00:00+02:00,88.61871255562879,90.18441419088724,87.42878313534611,89.68338775634766,2584390,0.0,0.0
2011-09-02 00:00:00+02:00,88.93184872233152,88.93184872233152,86.17621779570243,87.11563873291016,1878490,0.0,0.0
2011-09-05 00:00:00+02:00,85.23679703525042,86.30147218837021,84.29737609609461,84.4226303100586,2234023,0.0,0.0
2011-09-06 00:00:00+02:00,84.5478930236316,89.18236630019076,84.29738457052,88.11769104003906,3640988,0.0,0.0
2011-09-07 00:00:00+02:00,89.55813436878866,89.99652891947687,88.18031882821803,88.61871337890625,2225068,0.0,0.0
2011-09-08 00:00:00+02:00,88.93185260310007,90.18441390736908,88.80659838393005,89.30762481689453,1636464,0.0,0.0
2011-09-09 00:00:00+02:00,89.11973981810043,89.74602047802203,88.2429411604395,88.61871337890625,1942700,0.0,0.0
2011-09-12 00:00:00+02:00,86.73987144861754,87.24089788809749,84.29738069604392,85.54994201660156,2953104,0.0,0.0
2011-09-13 00:00:00+02:00,86.67722571096282,86.73985758949729,84.92364778739284,85.17415618896484,2123250,0.0,0.0
2011-09-14 00:00:00+02:00,84.73577095422554,86.67723516896366,84.67313906885683,86.11358642578125,2055035,0.0,0.0
2011-09-15 00:00:00+02:00,86.42672454804156,87.11563704448874,85.48730362904112,86.17621612548828,2024575,0.0,0.0
2011-09-16 00:00:00+02:00,86.11360388292889,86.6772527403755,85.36206888757143,86.05097198486328,5962404,0.0,0.0
2011-09-19 00:00:00+02:00,85.23678567443814,85.36203987170758,83.85896083562628,83.92159271240234,1657571,0.0,0.0
2011-09-20 00:00:00+02:00,83.98424406418664,86.67724337694538,83.67110372025796,86.4267349243164,1541371,0.0,0.0
2011-09-21 00:00:00+02:00,86.9903793334961,86.9903793334961,85.67519568909813,86.9903793334961,1305412,0.0,0.0
2011-09-22 00:00:00+02:00,85.36205154875348,86.11358639145851,83.98423607774696,84.79839324951172,1761427,0.0,0.0
2011-09-23 00:00:00+02:00,86.11359078833871,86.30147689767927,83.42058203788287,85.54994201660156,2102519,0.0,0.0
2011-09-26 00:00:00+02:00,84.86103311690759,88.6187172401655,84.86103311690759,87.74192810058594,1803751,0.0,0.0
2011-09-27 00:00:00+02:00,88.869230334041,90.81070438830514,88.49346763586064,90.56019592285156,1970779,0.0,0.0
2011-09-28 00:00:00+02:00,89.74602907569933,91.43698510822448,89.74602907569933,90.56019592285156,1532960,0.0,0.0
2011-09-29 00:00:00+02:00,90.0591607600521,92.00062507100508,90.0591607600521,91.68748474121094,1262794,0.0,0.0
2011-09-30 00:00:00+02:00,91.8127522964795,92.501655316606,90.81069937738748,92.12589263916016,1850463,0.0,0.0
2011-10-03 00:00:00+02:00,91.3743376251069,92.31375854471918,90.49754858931564,91.93799591064452,1241915,0.0,0.0
2011-10-04 00:00:00+02:00,90.99857903440235,91.81274577883256,90.3722983934998,91.43697357177734,1841039,0.0,0.0
2011-10-05 00:00:00+02:00,91.9380013639216,92.18850980149683,89.43287876303154,90.68544006347656,1797863,0.0,0.0
2011-10-06 00:00:00+02:00,90.9985925342008,91.9380136349194,90.18442566898752,91.81275939941406,1644486,0.0,0.0
2011-10-07 00:00:00+02:00,91.75010723083552,93.87945743279202,90.62280024780064,93.4410629272461,1913880,0.0,0.0
2011-10-10 00:00:00+02:00,93.94208988741826,94.12997597844982,92.94003710610572,93.75420379638672,1137949,0.0,0.0
2011-10-11 00:00:00+02:00,93.3158133426792,93.94209396914016,92.5016466170232,93.25318145751952,1402109,0.0,0.0
2011-10-12 00:00:00+02:00,93.00266146902312,93.44105594179564,91.6874684944228,92.37638092041016,1803158,0.0,0.0
2011-10-13 00:00:00+02:00,90.18441671462338,90.43492516076124,87.92980247424393,88.2429428100586,3599128,0.0,0.0
2011-10-14 00:00:00+02:00,88.55608013055421,89.93390520625177,88.18031747414206,89.37024688720703,1592079,0.0,0.0
2011-10-17 00:00:00+02:00,89.80862514086564,90.49753755375328,88.43080987137299,88.68132781982422,1689884,0.0,0.0
2011-10-18 00:00:00+02:00,88.55608038930562,89.80864169357464,87.86717740572828,89.30762481689453,1743005,0.0,0.0
2011-10-19 00:00:00+02:00,89.74603171489915,89.8086540549614,88.9944967401523,89.1197509765625,1246337,0.0,0.0
2011-10-20 00:00:00+02:00,88.74396920246822,90.93595155178394,88.74396920246822,89.55813598632812,1605492,0.0,0.0
2011-10-21 00:00:00+02:00,90.4349215252106,90.5601852995285,89.18236023230584,90.37229919433594,1902417,0.0,0.0
2011-10-24 00:00:00+02:00,90.56018640586304,90.56018640586304,88.99448477060457,89.68338775634766,1199933,0.0,0.0
2011-10-25 00:00:00+02:00,89.62075549511765,89.74600970080382,87.99242215234734,88.43081665039062,1577566,0.0,0.0
2011-10-26 00:00:00+02:00,88.36820600521669,89.62076734019476,88.05506567147218,89.2449951171875,1261164,0.0,0.0
2011-10-27 00:00:00+02:00,91.37433113884958,91.37433113884958,89.37023523052868,89.87126159667969,1818045,0.0,0.0
2011-10-28 00:00:00+02:00,89.9339006058011,91.31171605473396,89.9339006058011,90.87332153320312,1438256,0.0,0.0
2011-10-31 00:00:00+01:00,90.497556141958,91.75011747264251,90.0591615874753,90.62281036376952,1607904,0.0,0.0
2011-11-01 00:00:00+01:00,89.30763192814997,89.68339461558074,87.05301757842491,88.99449157714844,2196326,0.0,0.0
2011-11-02 00:00:00+01:00,89.68337781981906,89.68337781981906,87.86716794666117,88.43081665039062,1487729,0.0,0.0
2011-11-03 00:00:00+01:00,87.42878552664958,89.55813598632812,87.17826752438556,89.55813598632812,1421263,0.0,0.0
2011-11-04 00:00:00+01:00,89.87126159667969,90.62279636776464,89.37023523052868,89.87126159667969,1317522,0.0,0.0
2011-11-07 00:00:00+01:00,89.68338913325233,89.99652946511166,88.68134580507324,88.93185424804688,1325659,0.0,0.0
2011-11-08 00:00:00+01:00,89.43286870362414,89.87126319821243,88.9318423285447,89.49549102783203,1380290,0.0,0.0
2011-11-09 00:00:00+01:00,89.99652308384209,90.1844091808924,87.99242701330125,88.18031311035156,1568405,0.0,0.0
2011-11-10 00:00:00+01:00,87.05300658988968,87.92979563950449,86.61461206508227,87.17826080322266,2400721,0.0,0.0
2011-11-11 00:00:00+01:00,87.42877827843422,88.24293543851242,86.92775187172805,88.18031311035156,1304155,0.0,0.0
2011-11-14 00:00:00+01:00,88.43082780581506,89.11974035841938,88.0550651413546,88.93185424804688,1172208,0.0,0.0
2011-11-15 00:00:00+01:00,88.4934580578628,89.68338747440461,87.80454551800109,89.30762481689453,1231517,0.0,0.0
2011-11-16 00:00:00+01:00,89.37023523052868,90.18440188098867,89.05709494621969,89.87126159667969,1291736,0.0,0.0
2011-11-17 00:00:00+01:00,89.68337794558757,90.12177244424564,89.30761532800209,89.74600982666016,1278555,0.0,0.0
2011-11-18 00:00:00+01:00,89.87127358130184,90.18441390736908,88.93185260310007,89.30762481689453,1876433,0.0,0.0
2011-11-21 00:00:00+01:00,88.68133772986792,88.80659193994926,85.80044311657882,85.92569732666016,2150828,0.0,0.0
2011-11-22 00:00:00+01:00,85.80044254954167,87.11563563741305,85.54993413103456,85.61255645751953,2248148,0.0,0.0
2011-11-23 00:00:00+01:00,85.17417416275222,86.55198977471622,84.86103381656562,85.4246826171875,1650813,0.0,0.0
2011-11-24 00:00:00+01:00,85.36205346059037,85.67519378175447,83.29532542965048,84.36000061035156,1472854,0.0,0.0
2011-11-25 00:00:00+01:00,83.98423262465606,86.67723157060018,83.5458285578432,85.61255645751953,1736932,0.0,0.0
2011-11-28 00:00:00+01:00,86.42673216063811,87.92980194091797,86.23884604903198,87.92980194091797,1783283,0.0,0.0
2011-11-29 00:00:00+01:00,87.67927513858449,88.68132781982422,87.3661348702324,88.68132781982422,1633477,0.0,0.0
2011-11-30 00:00:00+01:00,88.3682086101958,90.93595368882384,88.18032249315354,90.81069946289062,2852314,0.0,0.0
2011-12-01 00:00:00+01:00,90.68542773764226,93.0652957962764,90.560173535879,92.25112915039062,2429696,0.0,0.0
2011-12-02 00:00:00+01:00,93.0026823058221,93.31582265028617,92.12589316383674,92.43903350830078,1700925,0.0,0.0
2011-12-05 00:00:00+01:00,93.00267134927245,93.00267134927245,91.93799621477996,92.31375885009766,1414277,0.0,0.0
2011-12-06 00:00:00+01:00,92.06324752855168,93.81683510701887,92.00061564649504,93.4410629272461,1840629,0.0,0.0
2011-12-07 00:00:00+01:00,93.69160114184857,93.75422348115166,92.50166201966324,93.1905746459961,1915146,0.0,0.0
2011-12-08 00:00:00+01:00,93.6289566578795,95.31991249228336,93.6289566578795,94.75626373291016,3262929,0.0,0.0
2011-12-09 00:00:00+01:00,94.06734458631294,96.7603530883789,94.00472225983172,96.7603530883789,2166345,0.0,0.0
2011-12-12 00:00:00+01:00,97.07351038420622,97.69979109636238,96.32197544087586,96.38459777832033,2348435,0.0,0.0
2011-12-13 00:00:00+01:00,96.57247351924984,98.2634293489941,96.13407897913606,97.44927215576172,2362996,0.0,0.0
2011-12-14 00:00:00+01:00,97.13614098493886,98.63921085159193,97.13614098493886,98.38870239257812,2133677,0.0,0.0
2011-12-15 00:00:00+01:00,98.5765511670777,100.1422524852097,98.51392884812188,100.01699829101562,2562301,0.0,0.0
2011-12-16 00:00:00+01:00,100.2049092226808,100.26754111345892,98.63920751607644,99.57862854003906,4468279,0.0,0.0
2011-12-19 00:00:00+01:00,98.70182587998008,100.2048954898139,98.63919399778555,99.20284271240234,1443141,0.0,0.0
2011-12-20 00:00:00+01:00,99.2028599145618,99.39074603744209,97.4492815844396,98.76446533203124,1927646,0.0,0.0
2011-12-21 00:00:00+01:00,98.26343509942484,98.57657544015758,97.76241819928028,97.8876724243164,1839201,0.0,0.0
2011-12-22 00:00:00+01:00,98.2008199116134,98.57658261406796,96.94825845752725,97.57453918457033,1529810,0.0,0.0
2011-12-23 00:00:00+01:00,98.26342393070544,98.95233642452894,98.07554739264786,98.70182800292967,796610,0.0,0.0
2011-12-27 00:00:00+01:00,99.39073094046948,99.39073094046948,97.95028362556452,98.70182800292967,555922,0.0,0.0
2011-12-28 00:00:00+01:00,98.95233784876564,100.64329360960804,98.95233784876564,99.70387268066406,1309700,0.0,0.0
2011-12-29 00:00:00+01:00,99.7038729386729,100.14226746205776,99.14022420236148,99.64125061035156,659907,0.0,0.0
2011-12-30 00:00:00+01:00,99.95439066215278,100.26753097180077,99.32811004285678,99.70387268066406,729832,0.0,0.0
2012-01-03 00:00:00+01:00,101.14431275975991,101.64533913050764,100.51803218539608,101.3948211669922,1581652,0.0,0.0
2012-01-04 00:00:00+01:00,101.45747182211797,101.89586639404295,100.70593690506296,101.89586639404295,1364401,0.0,0.0
2012-01-05 00:00:00+01:00,102.08375795661948,102.14638985149968,101.14433687112913,101.95850372314452,1423155,0.0,0.0
2012-01-06 00:00:00+01:00,102.39688464847902,103.02316528853088,101.20695525489415,102.89791107177734,2023853,0.0,0.0
2012-01-09 00:00:00+01:00,103.02316719658934,103.2110533033415,102.33425465725948,102.4595184326172,1259560,0.0,0.0
2012-01-10 00:00:00+01:00,102.8979198485155,103.21106019525092,101.64535846157384,102.2090072631836,2152365,0.0,0.0
2012-01-11 00:00:00+01:00,102.8352791754926,103.27367371223042,100.95643725551544,101.5827178955078,1525266,0.0,0.0
2012-01-12 00:00:00+01:00,102.20898982292756,102.71001620346944,101.4574550302564,102.27162170410156,1255895,0.0,0.0
2012-01-13 00:00:00+01:00,102.7100351592641,103.0231755103594,101.2695876329686,101.4574737548828,1061876,0.0,0.0
2012-01-16 00:00:00+01:00,101.58271818961217,103.27367401123048,101.20695553829934,103.27367401123048,1116708,0.0,0.0
2012-01-17 00:00:00+01:00,103.33631247468894,103.71208470620174,102.45952334287216,102.64739990234376,1679579,0.0,0.0
2012-01-18 00:00:00+01:00,102.83526728399096,103.4615478515625,101.89584643263365,103.4615478515625,1344017,0.0,0.0
2012-01-19 00:00:00+01:00,103.58680046345788,103.83731842041016,102.89789758347573,103.83731842041016,1517141,0.0,0.0
2012-01-20 00:00:00+01:00,104.27573546289436,104.27573546289436,102.2090072631836,102.2090072631836,1958594,0.0,0.0
2012-01-23 00:00:00+01:00,102.08373260498048,102.39687288904484,101.20694363211352,102.08373260498048,1495671,0.0,0.0
2012-01-24 00:00:00+01:00,101.83323131770086,103.0857925415039,101.58271333917,103.0857925415039,1397680,0.0,0.0
2012-01-25 00:00:00+01:00,102.33425300770178,102.5847709980946,98.82708714875989,100.20490264892578,3467606,0.0,0.0
2012-01-26 00:00:00+01:00,100.83116549623878,100.83116549623878,99.7038586291237,100.33013916015624,1752024,0.0,0.0
2012-01-27 00:00:00+01:00,99.6412638002174,100.14228071824496,98.01293014777228,98.38870239257812,1704945,0.0,0.0
2012-01-30 00:00:00+01:00,97.69978524704058,99.3281188236718,97.26139068603516,97.26139068603516,2302834,0.0,0.0
2012-01-31 00:00:00+01:00,97.95030188702486,98.38870604098344,97.01088079646024,97.57453918457033,2012695,0.0,0.0
2012-02-01 00:00:00+01:00,96.76036182728284,97.57452859533888,95.5078005091303,96.07144927978516,4235622,0.0,0.0
2012-02-02 00:00:00+01:00,96.69772718557968,96.94824517584784,94.81888526184729,95.82093811035156,3155203,0.0,0.0
2012-02-03 00:00:00+01:00,96.07144551353936,98.32605962034108,95.50779676498098,98.263427734375,2701012,0.0,0.0
2012-02-06 00:00:00+01:00,98.2634266594092,98.9523391723633,97.76240980229784,98.95233917236328,1680926,0.0,0.0
2012-02-07 00:00:00+01:00,99.57863815971042,101.0190857801961,98.9523574165676,100.8311996459961,2390404,0.0,0.0
2012-02-08 00:00:00+01:00,101.6453628540039,102.52215204023804,101.14433636631924,101.6453628540039,2657163,0.0,0.0
2012-02-09 00:00:00+01:00,101.77059290241394,102.5221276772059,101.52008449624432,102.3968734741211,1454875,0.0,0.0
2012-02-10 00:00:00+01:00,101.95850321427116,102.2716435745384,100.7685641114844,101.6453628540039,1345254,0.0,0.0
2012-02-13 00:00:00+01:00,102.14637838713412,103.08579936718888,101.8332380604492,102.83528137207033,1293117,0.0,0.0
2012-02-14 00:00:00+01:00,101.64534978202072,102.02111243224566,101.01906914202834,101.5827178955078,1437639,0.0,0.0
2012-02-15 00:00:00+01:00,102.45951406046612,102.45951406046612,100.95643482687252,101.70796966552734,1235816,0.0,0.0
2012-02-16 00:00:00+01:00,101.5200931230766,102.08374186299676,101.3322070243419,101.70796966552734,1440479,0.0,0.0
2012-02-17 00:00:00+01:00,102.71001445246836,102.71001445246836,100.76854084457304,101.33219909667967,6177131,0.0,0.0
2012-02-20 00:00:00+01:00,101.8958502429802,102.02110444992172,100.51803485405668,101.20694732666016,1228907,0.0,0.0
2012-02-21 00:00:00+01:00,101.20694732666016,101.3948238589307,100.33014876550268,101.20694732666016,1174560,0.0,0.0
2012-02-22 00:00:00+01:00,101.20695190074474,101.33220611334715,99.70387268066406,99.70387268066406,1343378,0.0,0.0
2012-02-23 00:00:00+01:00,99.57863228162476,100.4554214477539,99.45337805164704,100.4554214477539,1124445,0.0,0.0
2012-02-24 00:00:00+01:00,100.2675364438022,100.5180448826783,99.26548357572904,99.76651000976562,1171808,0.0,0.0
2012-02-27 00:00:00+01:00,99.64126043081716,100.07965499740942,99.0149797481754,99.57862854003906,1323153,0.0,0.0
2012-02-28 00:00:00+01:00,99.20285279261024,99.95439723017664,98.57657213216125,99.07759857177734,1215773,0.0,0.0
2012-02-29 00:00:00+01:00,98.82708440172368,99.45336502587112,98.57656641829432,98.63919830322266,1640204,0.0,0.0
2012-03-01 00:00:00+01:00,98.82707617354764,98.82707617354764,97.63713735296945,98.3260498046875,1883030,0.0,0.0
2012-03-02 00:00:00+01:00,98.200821155092,99.0149880218146,97.88768078760528,98.57658386230467,1256983,0.0,0.0
2012-03-05 00:00:00+01:00,98.95234299002205,99.89176396777542,98.38869422588375,99.82913208007812,1935201,0.0,0.0
2012-03-06 00:00:00+01:00,99.64126755927516,100.14228449620406,99.26549530029295,99.26549530029295,1966011,0.0,0.0
2012-03-07 00:00:00+01:00,99.01497163939143,100.7059274327872,99.01497163939143,100.58067321777344,2385416,0.0,0.0
2012-03-08 00:00:00+01:00,101.16924659364987,103.0003662109375,100.97305342415495,103.0003662109375,4074290,6.8,0.0
2012-03-09 00:00:00+01:00,102.80416558042975,103.9813145331687,102.73877451454328,103.58892822265624,1519347,0.0,0.0
2012-03-12 00:00:00+01:00,103.19656089762856,104.50450207509206,103.0003677252492,103.45814514160156,1610246,0.0,0.0
2012-03-13 00:00:00+01:00,104.04670715332033,104.1774992533016,103.06575143526436,104.04670715332033,1347162,0.0,0.0
2012-03-14 00:00:00+01:00,104.56987436773636,105.02766168067726,103.98130493509444,104.7660675048828,1438791,0.0,0.0
2012-03-15 00:00:00+01:00,104.50450472759697,105.42005958354004,104.37371260229074,104.89688110351562,1217361,0.0,0.0
2012-03-16 00:00:00+01:00,104.766086055186,105.28926452061349,104.3737096902148,104.56989288330078,4869052,0.0,0.0
2012-03-19 00:00:00+01:00,104.5044726872748,105.15844309210284,103.8505022824468,104.43907165527344,1144546,0.0,0.0
2012-03-20 00:00:00+01:00,104.43907165527344,104.96224997489512,104.30827957006711,104.43907165527344,954112,0.0,0.0
2012-03-21 00:00:00+01:00,104.63529205322266,105.28926262855528,104.63529205322266,104.63529205322266,971851,0.0,0.0
2012-03-22 00:00:00+01:00,104.24291032162787,104.43910349865467,103.45814759232016,103.71974182128906,1063169,0.0,0.0
2012-03-23 00:00:00+01:00,103.45813736519293,103.85052368045802,102.34638944367308,102.86956787109376,969068,0.0,0.0
2012-03-26 00:00:00+02:00,102.6733734698584,103.65432926734113,102.60797242517351,103.58892822265624,1097445,0.0,0.0
2012-03-27 00:00:00+02:00,103.78512137791247,104.04671557785358,103.06575978037084,103.58892822265624,964218,0.0,0.0
2012-03-28 00:00:00+02:00,103.5889365376853,105.0276798058525,103.45814441661533,104.50450134277344,1396019,0.0,0.0
2012-03-29 00:00:00+02:00,104.3736899279304,104.50448202482308,102.6733627319336,102.6733627319336,1469266,0.0,0.0
2012-03-30 00:00:00+02:00,103.19656987561208,103.58894627570784,102.01942071772446,102.7387924194336,1405182,0.0,0.0
2012-04-02 00:00:00+02:00,104.1775204494172,105.28926849365234,103.3273566583669,105.28926849365234,1397977,0.0,0.0
2012-04-03 00:00:00+02:00,105.28925932620882,105.74703671882388,104.83148193359376,104.83148193359376,1325902,0.0,0.0
2012-04-04 00:00:00+02:00,104.56988402013896,105.48544875173522,103.06575978037084,103.58892822265624,1493423,0.0,0.0
2012-04-05 00:00:00+02:00,103.91592103018174,104.24290631974029,102.67338092137896,103.0003662109375,834623,0.0,0.0
2012-04-10 00:00:00+02:00,102.08481389596167,102.67338344008574,101.30004119873044,101.30004119873048,1343104,0.0,0.0
2012-04-11 00:00:00+02:00,100.97305250802722,101.365438843457,100.31908193484364,100.90766143798828,1547975,0.0,0.0
2012-04-12 00:00:00+02:00,101.88862616418274,102.73878997906309,101.10386340383164,102.4771957397461,1686157,0.0,0.0
2012-04-13 00:00:00+02:00,102.60796169408856,103.458125292087,102.01939226867286,102.6733627319336,1728781,0.0,0.0
2012-04-16 00:00:00+02:00,102.67338032722472,104.63529205322266,102.60797927817184,104.63529205322266,1310391,0.0,0.0
2012-04-17 00:00:00+02:00,104.4391014364081,105.48545837402344,104.308309313906,105.48545837402344,2081475,0.0,0.0
2012-04-18 00:00:00+02:00,105.48543730776473,107.05496242194208,105.4200362701751,106.5317840576172,1970005,0.0,0.0
2012-04-19 00:00:00+02:00,107.25117211450628,107.90514267618008,107.12037999793128,107.51275634765624,1375327,0.0,0.0
2012-04-20 00:00:00+02:00,107.90513261534112,110.32482147216795,107.51274632340252,110.32482147216795,3321572,0.0,0.0
2012-04-23 00:00:00+02:00,110.2594385643188,110.65181490648018,108.29752691711596,108.68990325927734,1616790,0.0,0.0
2012-04-24 00:00:00+02:00,108.68990760072631,109.0822939373596,108.29753124289208,108.88610076904295,1473100,0.0,0.0
2012-04-25 00:00:00+02:00,109.27850817926088,109.86707781891324,108.82072070530796,109.54009246826172,1794097,0.0,0.0
2012-04-26 00:00:00+02:00,108.5591172509323,109.40928100829584,107.90514666508332,108.2321319580078,1690141,0.0,0.0
2012-04-27 00:00:00+02:00,108.5591143059008,108.5591143059008,107.70895057160082,107.90514373779295,972522,0.0,0.0
2012-04-30 00:00:00+02:00,108.49371290769945,109.01689135625836,107.90514338981998,108.4283218383789,1036856,0.0,0.0
2012-05-02 00:00:00+02:00,110.0632486083086,110.12863967784004,107.90514373779295,107.90514373779295,1513940,0.0,0.0
2012-05-03 00:00:00+02:00,108.6245183010369,109.40928100829584,107.83974561497872,108.2321319580078,834366,0.0,0.0
2012-05-04 00:00:00+02:00,107.97052764892578,108.42830497818258,107.31655718461684,107.97052764892578,946198,0.0,0.0
2012-05-07 00:00:00+02:00,103.32734985839193,104.63529099583992,103.13115669201493,104.24290466308594,2863143,0.0,0.0
2012-05-08 00:00:00+02:00,103.523526329932,103.85051156156236,102.4771695971959,102.6733627319336,2180683,0.0,0.0
2012-05-09 00:00:00+02:00,102.4771695971959,102.80415482882628,102.01939226867286,102.6733627319336,1521710,0.0,0.0
2012-05-10 00:00:00+02:00,103.1311615371603,103.19656258862484,101.62702716267044,102.21560668945312,1264342,0.0,0.0
2012-05-11 00:00:00+02:00,101.75783645099392,102.7387924194336,101.365450072098,102.7387924194336,1257666,0.0,0.0
2012-05-14 00:00:00+02:00,102.01941284492597,102.01941284492597,100.7114716546064,101.30004119873048,1146028,0.0,0.0
2012-05-15 00:00:00+02:00,101.36542650236724,101.75781279002454,100.71145600880357,101.23463439941406,951303,0.0,0.0
2012-05-16 00:00:00+02:00,101.1038531963638,102.08480904246514,100.84225898345746,101.0384521484375,1104672,0.0,0.0
2012-05-18 00:00:00+02:00,99.20732365728344,100.319071520523,99.14193259403288,99.46891784667967,2363506,0.0,0.0
2012-05-21 00:00:00+02:00,99.27274470556084,100.51528492450608,98.74956620013128,99.73052215576172,1200100,0.0,0.0
2012-05-22 00:00:00+02:00,99.73051576186673,101.30004119873044,99.46893151532257,101.30004119873048,1397475,0.0,0.0
2012-05-23 00:00:00+02:00,100.84224690205468,101.49621738777331,99.14192962646484,99.14192962646484,1240066,0.0,0.0
2012-05-24 00:00:00+02:00,99.6651181912258,100.18829668138336,98.9457564987089,99.40353393554688,1122843,0.0,0.0
2012-05-25 00:00:00+02:00,99.40352349883646,99.92670193406376,99.27273138472933,99.66510772705078,1433594,0.0,0.0
2012-05-29 00:00:00+02:00,100.057497934664,100.44988427102544,99.4035273599276,99.79591369628906,969101,0.0,0.0
2012-05-30 00:00:00+02:00,99.46891784667967,99.79590309932652,99.14193259403288,99.46891784667967,1503454,0.0,0.0
2012-05-31 00:00:00+02:00,99.5343059306174,100.1228853550428,98.81494438360552,99.14192962646484,1464472,0.0,0.0
2012-06-01 00:00:00+02:00,99.73050740559896,99.73050740559896,98.0955810546875,98.0955810546875,1731255,0.0,0.0
2012-06-04 00:00:00+02:00,98.09558138390878,98.42256665518848,97.04922452429432,97.57240295410156,1209798,0.0,0.0
2012-06-05 00:00:00+02:00,97.83399575422416,98.29177313168567,97.70319366455078,97.70319366455078,1093220,0.0,0.0
2012-06-06 00:00:00+02:00,98.2917779929461,99.99209547601065,97.8993916621164,99.92670440673828,1751650,0.0,0.0
2012-06-07 00:00:00+02:00,100.18828829474332,100.9076599058422,99.73051089622534,100.44988250732422,1004251,0.0,0.0
2012-06-08 00:00:00+02:00,100.25367273153569,100.84224214942446,99.79589540886693,100.58065795898438,1297485,0.0,0.0
2012-06-11 00:00:00+02:00,101.95398992699066,102.54256932367667,100.5806579589844,100.58065795898438,1242134,0.0,0.0
2012-06-12 00:00:00+02:00,100.84225876483714,102.54258621924612,100.71146664806696,102.15019989013672,1570730,0.0,0.0
2012-06-13 00:00:00+02:00,102.60797846948414,103.13115692138672,102.34639423293234,103.13115692138672,3501898,0.0,0.0
2012-06-14 00:00:00+02:00,103.32736200897732,103.7851394651558,102.28100498445498,102.7387924194336,1370806,0.0,0.0
2012-06-15 00:00:00+02:00,102.54255999670777,102.8041441633549,101.69239648691,102.34636688232422,4547993,0.0,0.0
2012-06-18 00:00:00+02:00,103.0003636173412,103.0003636173412,101.88861565659636,102.15019989013672,733930,0.0,0.0
2012-06-19 00:00:00+02:00,102.2155966671449,105.74703356638356,102.2155966671449,105.61624145507812,1476432,0.0,0.0
2012-06-20 00:00:00+02:00,105.61625379953324,105.81244697882173,104.43910470260208,105.28926849365234,1034258,0.0,0.0
2012-06-21 00:00:00+02:00,105.28925292762683,105.94322344270527,104.70068345557551,105.81243133544922,1011051,0.0,0.0
2012-06-22 00:00:00+02:00,104.7660759045102,106.00862588686104,104.7660759045102,105.681640625,890759,0.0,0.0
2012-06-25 00:00:00+02:00,105.5508300746712,105.5508300746712,104.30829017073938,104.7660675048828,879084,0.0,0.0
2012-06-26 00:00:00+02:00,104.76609722275924,106.59721705754458,104.50451295156144,106.4010238647461,1221989,0.0,0.0
2012-06-27 00:00:00+02:00,106.924176104961,107.4473544975644,106.1394135054548,106.5971908569336,1906658,0.0,0.0
2012-06-28 00:00:00+02:00,106.85876928797056,107.05496242194208,105.6162294041466,106.5317840576172,921885,0.0,0.0
2012-06-29 00:00:00+02:00,107.251177752761,107.70895517423853,106.66260820783266,106.98959350585938,1325432,0.0,0.0
2012-07-02 00:00:00+02:00,107.51275119852896,108.10133066312578,107.25116697790708,107.77434539794922,1170236,0.0,0.0
2012-07-03 00:00:00+02:00,108.3629288810953,108.82070631571436,107.70895826626816,108.49372100830078,1006905,0.0,0.0
2012-07-04 00:00:00+02:00,108.42832336217016,108.88610076904295,108.23213019385352,108.88610076904295,634953,0.0,0.0
2012-07-05 00:00:00+02:00,108.88609641975737,109.54006696882496,108.6245121916498,108.68990325927734,1117120,0.0,0.0
2012-07-06 00:00:00+02:00,108.6245222635069,109.47467607308364,108.23213590616412,108.95150756835938,1367469,0.0,0.0
2012-07-09 00:00:00+02:00,109.14766693115234,109.86703843624193,109.08227587174254,109.14766693115234,849503,0.0,0.0
2012-07-10 00:00:00+02:00,109.08228023522015,109.67084968743912,109.0168791943968,109.34386444091795,902823,0.0,0.0
2012-07-11 00:00:00+02:00,109.27850817926088,109.86707781891324,108.75532962245823,109.54009246826172,814180,0.0,0.0
2012-07-12 00:00:00+02:00,109.40926548174131,109.67084968743912,108.42830974217782,109.34386444091795,742677,0.0,0.0
2012-07-13 00:00:00+02:00,109.60546439423278,110.19403387742967,109.3438701959688,109.40927124023438,719588,0.0,0.0
2012-07-16 00:00:00+02:00,109.60547366682094,110.71722166180103,109.54007261702246,110.45562744140624,1230710,0.0,0.0
2012-07-17 00:00:00+02:00,110.45563177288194,110.65182495117188,110.12864646866524,110.65182495117188,1045479,0.0,0.0
2012-07-18 00:00:00+02:00,111.04420296365656,111.69817352294922,110.78260875266018,111.69817352294922,1147019,0.0,0.0
2012-07-19 00:00:00+02:00,111.76356472026627,112.67912949160936,111.63277260401696,112.2867431640625,1327728,0.0,0.0
2012-07-20 00:00:00+02:00,113.13690533554345,113.13690533554345,111.3057857967807,111.82896423339844,1250781,0.0,0.0
2012-07-23 00:00:00+02:00,110.78261594715936,111.4365865489225,109.27849154614366,109.67086791992188,1248458,0.0,0.0
2012-07-24 00:00:00+02:00,110.1286270368092,110.3902212213048,109.0168791943968,109.34386444091795,865987,0.0,0.0
2012-07-25 00:00:00+02:00,108.886081093878,110.25942304513951,108.886081093878,109.8016357421875,1070976,0.0,0.0
2012-07-26 00:00:00+02:00,110.32485053440143,110.39025159321874,108.75532491079193,109.86707305908205,1463658,0.0,0.0
2012-07-27 00:00:00+02:00,110.52102849120476,110.52102849120476,109.40928049622464,110.45562744140624,997100,0.0,0.0
2012-07-30 00:00:00+02:00,110.84800580121728,111.50197633691766,110.39022842198668,110.97879791259766,937755,0.0,0.0
2012-07-31 00:00:00+02:00,111.17499453439518,113.7908767587339,111.17499453439518,113.33309936523438,1656527,0.0,0.0
2012-08-02 00:00:00+02:00,113.26768190021548,114.77181595694924,113.20229084136456,114.0524444580078,2356978,0.0,0.0
2012-08-03 00:00:00+02:00,114.18327519957532,114.57565158758084,113.79088883276998,114.1178741455078,1041324,0.0,0.0
2012-08-06 00:00:00+02:00,113.72549578458708,114.05248112034356,112.09056910580463,113.00613403320312,1144871,0.0,0.0
2012-08-07 00:00:00+02:00,113.07149801896269,114.05245379117622,112.61372065435596,113.3984832763672,1115762,0.0,0.0
2012-08-08 00:00:00+02:00,113.7908767587339,114.05246098964828,113.1369062026492,113.33309936523438,1041924,0.0,0.0
2012-08-09 00:00:00+02:00,113.7908687938756,114.37943826163504,113.33309143241846,113.85626983642578,945829,0.0,0.0
2012-08-10 00:00:00+02:00,113.98705339915688,114.3794296886544,113.52927607201114,114.0524444580078,815674,0.0,0.0
2012-08-13 00:00:00+02:00,113.66009529185844,114.44485803692312,113.66009529185844,114.24866485595705,520280,0.0,0.0
2012-08-14 00:00:00+02:00,114.51025878043562,115.36041259765624,114.18327347264318,115.36041259765624,884780,0.0,0.0
2012-08-15 00:00:00+02:00,115.03340537725576,115.6873758682664,114.96801431543334,115.1642074584961,818126,0.0,0.0
2012-08-16 00:00:00+02:00,115.16420933025736,115.49119458107717,114.31404568236626,115.09880828857422,893487,0.0,0.0
2012-08-17 00:00:00+02:00,115.88358910624616,115.88358910624616,114.37945472033606,114.83724212646484,1134405,0.0,0.0
2012-08-20 00:00:00+02:00,114.44483072630264,114.9026080534484,113.85626130265771,114.0524444580078,578645,0.0,0.0
2012-08-21 00:00:00+02:00,114.11784549565606,114.3794296886544,113.4638750343629,114.0524444580078,830764,0.0,0.0
2012-08-22 00:00:00+02:00,113.98705645474864,114.31404169416057,113.00610073651296,113.26768493652344,875602,0.0,0.0
2012-08-23 00:00:00+02:00,113.79087710173232,114.24865449661172,112.22135175391762,112.80992126464844,1189684,0.0,0.0
2012-08-24 00:00:00+02:00,112.8753160900382,114.706425568621,112.6137218939562,114.3794403076172,928196,0.0,0.0
2012-08-27 00:00:00+02:00,114.83722594800662,115.22960226809616,114.05245335023132,115.03340911865234,689792,0.0,0.0
2012-08-28 00:00:00+02:00,114.57565016463396,115.09882865427696,113.59469423860318,114.24866485595705,914776,0.0,0.0
2012-08-29 00:00:00+02:00,113.72548006629847,114.4448516970568,113.13691053480473,113.529296875,1291976,0.0,0.0
2012-08-30 00:00:00+02:00,113.07150549635128,114.0524613334352,112.74452021732333,112.80992126464844,1009214,0.0,0.0
2012-08-31 00:00:00+02:00,112.54833960708665,114.96802873147556,112.35214643942288,113.66008758544922,1505880,0.0,0.0
2012-09-03 00:00:00+02:00,113.20228576967044,114.37942456422203,113.13688473495232,114.31403350830078,666311,0.0,0.0
2012-09-04 00:00:00+02:00,114.05245660728843,114.11785765190344,112.7445155453755,113.13690185546876,808340,0.0,0.0
2012-09-05 00:00:00+02:00,113.79087935192273,114.641043089967,113.33310194799088,114.18326568603516,1228626,0.0,0.0
2012-09-06 00:00:00+02:00,114.31403758963305,116.40674105096969,114.0524434202177,116.14515686035156,1312741,0.0,0.0
2012-09-07 00:00:00+02:00,116.0797549227394,116.6683243364626,115.42578447247044,116.34133911132812,1662461,0.0,0.0
2012-09-10 00:00:00+02:00,116.01436912599392,116.3413543940816,114.24865067408008,114.64103698730467,1045251,0.0,0.0
2012-09-11 00:00:00+02:00,114.64104894938102,115.49121273087798,114.44485577229716,114.83724212646484,957673,0.0,0.0
2012-09-12 00:00:00+02:00,114.90261666564234,115.36039402709947,113.7254677513254,113.85626983642578,1084321,0.0,0.0
2012-09-13 00:00:00+02:00,113.9870939458152,115.22963427274068,113.79090074187935,114.90264892578124,808414,0.0,0.0
2012-09-14 00:00:00+02:00,115.75277879021384,115.88357089478218,114.05245149443164,115.09880828857422,1094072,0.0,0.0
2012-09-17 00:00:00+02:00,114.57563888421927,115.03341627553708,114.24865360773532,114.96802520751952,888383,0.0,0.0
2012-09-18 00:00:00+02:00,114.70642013175042,115.621984806444,114.70642013175042,115.1642074584961,1029618,0.0,0.0
2012-09-19 00:00:00+02:00,115.09879924733598,116.34133911132812,114.9680071530416,116.34133911132812,1059800,0.0,0.0
2012-09-20 00:00:00+02:00,115.94898986816406,116.40676729434824,115.36041033838488,115.94898986816406,1028684,0.0,0.0
2012-09-21 00:00:00+02:00,116.66833604999827,117.19151445850017,115.55658816868068,117.06072235107422,2485425,0.0,0.0
2012-09-24 00:00:00+02:00,116.47217894878146,116.9299564166378,116.01439150212474,116.86455535888672,934196,0.0,0.0
2012-09-25 00:00:00+02:00,116.53755809641552,116.99533551740382,116.14518172648243,116.66835021972656,915543,0.0,0.0
2012-09-26 00:00:00+02:00,116.1451768121622,116.27596892993918,115.42580519619044,115.81819152832033,1127188,0.0,0.0
2012-09-27 00:00:00+02:00,115.81818080759108,116.9953197374207,115.81818080759108,116.60294342041016,1162989,0.0,0.0
2012-09-28 00:00:00+02:00,116.6029767214906,116.8645610075378,114.90264892578124,114.90264892578124,1594505,0.0,0.0
2012-10-01 00:00:00+02:00,115.2950036519068,117.58390045166016,115.0988105018826,117.58390045166016,1281466,0.0,0.0
2012-10-02 00:00:00+02:00,117.06071008878833,117.7146805362117,116.86451695880189,117.3876953125,941007,0.0,0.0
2012-10-03 00:00:00+02:00,117.25690321877477,117.84547262993696,116.27594754763966,117.3876953125,1261735,0.0,0.0
2012-10-04 00:00:00+02:00,117.38772692601324,118.43408391520236,117.25693479706456,118.36868286132812,1090027,0.0,0.0
2012-10-05 00:00:00+02:00,118.49945814843213,119.8073992096263,118.04168077277384,119.6112060546875,1175766,0.0,0.0
2012-10-08 00:00:00+02:00,119.15342681256728,120.26517470140784,118.82644155239076,119.67660522460938,1006120,0.0,0.0
2012-10-09 00:00:00+02:00,120.26517141920488,120.65755771222724,119.67660195846928,119.87279510498048,1210969,0.0,0.0
2012-10-10 00:00:00+02:00,119.87280813848356,119.93819920856514,118.04168853661558,118.4994659423828,1051639,0.0,0.0
2012-10-11 00:00:00+02:00,118.04168853661558,119.15343651599288,117.97628748773496,118.4994659423828,935714,0.0,0.0
2012-10-12 00:00:00+02:00,118.82645567038485,119.80741156746365,118.04169294848168,119.28423309326172,888305,0.0,0.0
2012-10-15 00:00:00+02:00,119.4150363220655,120.91916072873155,119.28423421818194,120.26519012451172,1126190,0.0,0.0
2012-10-16 00:00:00+02:00,120.7883524902002,121.11533774868954,120.19978301643869,120.72296142578124,1329376,0.0,0.0
2012-10-17 00:00:00+02:00,120.7230048105416,121.769352026459,120.1344251464614,120.46141052246094,1136234,0.0,0.0
2012-10-18 00:00:00+02:00,120.98457722660652,122.16172646024718,120.65759188275084,121.70394897460938,1187535,0.0,0.0
2012-10-19 00:00:00+02:00,121.9001217754296,123.14267196312376,121.70393856893048,122.55409240722656,1377697,0.0,0.0
2012-10-22 00:00:00+02:00,122.29249749132384,122.6848838277354,121.37694267809556,121.6385269165039,753434,0.0,0.0
2012-10-23 00:00:00+02:00,121.6385015265908,121.6385015265908,118.56484246226968,119.15341186523438,1687714,0.0,0.0
2012-10-24 00:00:00+02:00,118.89184274349248,119.02263485196576,118.23787222232784,118.56485748291016,1262829,0.0,0.0
2012-10-25 00:00:00+02:00,118.30326032589602,118.89183976749032,118.17246822069662,118.23786926269533,841981,0.0,0.0
2012-10-26 00:00:00+02:00,118.10710250396832,119.41504379425017,118.10710250396832,119.08805847167967,864957,0.0,0.0
2012-10-29 00:00:00+01:00,118.56487123318038,118.69566335682195,118.10709381103516,118.10709381103516,694001,0.0,0.0
2012-10-30 00:00:00+01:00,117.7800889405731,118.76104467307492,117.45310369640582,117.91088104248048,794440,0.0,0.0
2012-10-31 00:00:00+01:00,117.71469865213184,118.36866920019924,117.12612915039062,117.12612915039062,948332,0.0,0.0
2012-11-01 00:00:00+01:00,116.668340858486,117.51850455999126,115.75278608997174,117.3223114013672,987645,0.0,0.0
2012-11-02 00:00:00+01:00,117.06073732800613,118.1724853515625,116.60295990404757,118.1724853515625,1313137,0.0,0.0
2012-11-05 00:00:00+01:00,118.1724896785052,118.95725243099712,118.0416975495565,118.36868286132812,1158739,0.0,0.0
2012-11-06 00:00:00+01:00,118.56486058219448,119.61120745613046,118.04168215582725,119.48041534423828,926282,0.0,0.0
2012-11-07 00:00:00+01:00,120.1998026030092,120.85377322655243,118.36868286132812,118.36868286132812,1252862,0.0,0.0
2012-11-08 00:00:00+01:00,118.82644672877504,118.95723884278364,117.7146987915039,117.7146987915039,1033326,0.0,0.0
2012-11-09 00:00:00+01:00,117.45310834457672,118.10707885879198,116.79913783036147,117.58390045166016,907184,0.0,0.0
2012-11-12 00:00:00+01:00,117.45312254490476,117.71470679069768,116.86454302367169,117.1915283203125,815747,0.0,0.0
2012-11-13 00:00:00+01:00,116.92994230611956,118.36867559382053,116.60295701442392,117.84549713134766,990101,0.0,0.0
2012-11-14 00:00:00+01:00,118.17248572808164,118.30327785265804,117.64930725097656,117.64930725097656,752232,0.0,0.0
2012-11-15 00:00:00+01:00,117.3223206183832,117.58391484336605,115.16422564037096,115.4912109375,1172350,0.0,0.0
2012-11-16 00:00:00+01:00,114.7718404123342,115.68739526171052,113.9216766357422,113.9216766357422,1432457,0.0,0.0
2012-11-19 00:00:00+01:00,114.2486458993012,116.07976531982422,114.117853793292,116.07976531982422,996297,0.0,0.0
2012-11-20 00:00:00+01:00,115.8181765511969,116.07976075292386,114.8372208265243,115.29499816894533,833563,0.0,0.0
2012-11-21 00:00:00+01:00,114.8372390439384,116.2105712890625,114.44485270030336,116.2105712890625,1097824,0.0,0.0
2012-11-22 00:00:00+01:00,116.07979728158932,116.79916903091105,115.42582659267896,116.5375747680664,804153,0.0,0.0
2012-11-23 00:00:00+01:00,116.47215860232323,117.19152021791818,116.27596544214327,117.12612915039062,664006,0.0,0.0
2012-11-26 00:00:00+01:00,117.06072703129102,117.256920189673,116.27596437656165,116.7337417602539,600190,0.0,0.0
2012-11-27 00:00:00+01:00,116.47215287825848,117.38770760903812,116.47215287825848,117.06072235107422,969537,0.0,0.0
2012-11-28 00:00:00+01:00,116.6029613005272,118.04169464111328,116.53756024826438,118.04169464111328,930241,0.0,0.0
2012-11-29 00:00:00+01:00,118.63023351882298,119.21881290058468,118.43405037036604,119.15341186523438,1291203,0.0,0.0
2012-11-30 00:00:00+01:00,118.76106459785925,119.34963414458674,118.69566354653422,119.28423309326172,1241491,0.0,0.0
2012-12-03 00:00:00+01:00,119.08802219089452,119.6111905645812,118.8918290613635,119.02262115478516,723796,0.0,0.0
2012-12-04 00:00:00+01:00,119.28421954722448,119.61120480911796,118.56485795833775,118.6302490234375,896343,0.0,0.0
2012-12-05 00:00:00+01:00,118.891845703125,119.08803886011798,117.8454888516948,118.891845703125,1089803,0.0,0.0
2012-12-06 00:00:00+01:00,118.95726115582364,119.93821716308597,118.7610779374116,119.93821716308594,1128594,0.0,0.0
2012-12-07 00:00:00+01:00,120.3305799329603,121.57311997335732,119.87280254854028,120.98455047607422,1263498,0.0,0.0
2012-12-10 00:00:00+01:00,121.31152474306484,122.42327256974848,120.9191384612717,122.29248046875,998822,0.0,0.0
2012-12-11 00:00:00+01:00,122.35788094872566,123.40422773072304,122.29247990912688,123.33883666992188,1109117,0.0,0.0
2012-12-12 00:00:00+01:00,123.92742843998684,124.777592213963,122.4232940673828,122.4232940673828,1704249,0.0,0.0
2012-12-13 00:00:00+01:00,122.35790811017831,122.61949236904567,121.37695217122597,121.57313537597656,1196296,0.0,0.0
2012-12-14 00:00:00+01:00,121.9001198287247,122.42329832156724,121.180758132516,122.03092193603516,1148822,0.0,0.0
2012-12-17 00:00:00+01:00,121.70393126042242,121.96551550591268,120.9845596171252,121.4423370361328,845871,0.0,0.0
2012-12-18 00:00:00+01:00,121.76933862553548,122.35791822484148,120.52679832500172,121.8347396850586,1131257,0.0,0.0
2012-12-19 00:00:00+01:00,121.70391675349371,123.07724884681748,121.6385157105172,122.3578872680664,1175785,0.0,0.0
2012-12-20 00:00:00+01:00,121.50772890632506,121.63852101918812,120.46137204582335,120.98455047607422,1529319,0.0,0.0
2012-12-21 00:00:00+01:00,121.70393662535854,122.42329832156724,120.78837176818412,122.03092193603516,2736370,0.0,0.0
2012-12-27 00:00:00+01:00,122.55408504766544,122.55408504766544,120.85376749438004,121.4423370361328,896302,0.0,0.0
2012-12-28 00:00:00+01:00,121.6385150577711,121.6385150577711,120.33057403564452,120.33057403564452,721555,0.0,0.0
2013-01-03 00:00:00+01:00,124.0581984116461,124.31979259166566,123.0118516279608,123.92740631103516,1641718,0.0,0.0
2013-01-04 00:00:00+01:00,124.05821521527209,124.38520050048828,123.3388535750758,124.38520050048828,846723,0.0,0.0
2013-01-07 00:00:00+01:00,124.6467888025076,125.36615040857627,123.53503090247678,123.7312240600586,1027325,0.0,0.0
2013-01-08 00:00:00+01:00,123.9928399425002,125.69315765496978,123.7312456937201,125.30078125,1197590,0.0,0.0
2013-01-09 00:00:00+01:00,125.30075248568124,126.34709930419923,125.03915829695327,126.34709930419922,863264,0.0,0.0
2013-01-10 00:00:00+01:00,126.54329086898208,126.67408297231192,125.49693408474783,125.88932037353516,816021,0.0,0.0
2013-01-11 00:00:00+01:00,126.47791829136996,128.04745382094026,125.75855657176696,127.65506744384766,1125095,0.0,0.0
2013-01-14 00:00:00+01:00,128.1782425670646,128.63602000904413,126.67410813301764,127.26268768310548,1380612,0.0,0.0
2013-01-15 00:00:00+01:00,127.7858403583083,128.89759826660156,127.32806297308092,128.89759826660156,1188952,0.0,0.0
2013-01-16 00:00:00+01:00,128.5052076044283,130.0093418011558,128.5052076044283,128.70140075683594,1248933,0.0,0.0
2013-01-17 00:00:00+01:00,129.2899532611681,132.6905975341797,129.22456220481604,132.6905975341797,2050872,0.0,0.0
2013-01-18 00:00:00+01:00,132.75602963096216,132.75602963096216,129.8785630294955,130.46713256835938,2737990,0.0,0.0
2013-01-21 00:00:00+01:00,130.27093976335354,130.5325339870972,129.48617704972116,129.94395446777344,834996,0.0,0.0
2013-01-22 00:00:00+01:00,129.42077296466212,129.61696613317008,127.98203969360236,129.0283966064453,1125690,0.0,0.0
2013-01-23 00:00:00+01:00,128.7668104092293,131.644287109375,128.50522615412498,131.644287109375,1675575,0.0,0.0
2013-01-24 00:00:00+01:00,131.644280382629,133.7369842529297,131.57887933279494,133.7369842529297,1338917,0.0,0.0
2013-01-25 00:00:00+01:00,133.21379992761248,133.8023794138168,132.10205198095824,133.0830078125,1046312,0.0,0.0
2013-01-28 00:00:00+01:00,132.82142674271316,133.34459521561172,132.167456172791,132.29824829101562,1122339,0.0,0.0
2013-01-29 00:00:00+01:00,131.84047311974578,132.82142899123554,131.5134878292492,131.7096710205078,1408459,0.0,0.0
2013-01-30 00:00:00+01:00,130.7941100768702,130.8595111234281,129.22458474746722,129.87855529785156,2505395,0.0,0.0
2013-01-31 00:00:00+01:00,130.59792302857923,132.49444370073894,129.48617503665065,131.7096710205078,2200838,0.0,0.0
2013-02-01 00:00:00+01:00,131.7096687908063,133.21380309738709,130.92490610265946,132.29824829101562,1339361,0.0,0.0
2013-02-04 00:00:00+01:00,132.23283069276076,132.88680118083457,130.46711237072108,131.31727600097656,1153427,0.0,0.0
2013-02-05 00:00:00+01:00,130.79411827172905,132.95222321897242,130.79411827172905,132.49444580078125,1057761,0.0,0.0
2013-02-06 00:00:00+01:00,132.10204454916064,132.75601506673073,130.4671182552354,131.97125244140625,1178148,0.0,0.0
2013-02-07 00:00:00+01:00,131.05569213625742,131.6442716091403,129.09378051757812,129.09378051757812,1340858,0.0,0.0
2013-02-08 00:00:00+01:00,129.28997542727555,132.49443710182268,129.28997542727555,132.10205078125,1455060,0.0,0.0
2013-02-11 00:00:00+01:00,132.16745652494808,132.75602604792667,131.5788770231705,131.7750701904297,895745,0.0,0.0
2013-02-12 00:00:00+01:00,132.75601944487607,132.75601944487607,131.38267732116827,132.16744995117188,861817,0.0,0.0
2013-02-13 00:00:00+01:00,132.49445497064184,133.60620305713508,132.16746965233207,133.54080200195312,1102068,0.0,0.0
2013-02-14 00:00:00+01:00,133.1483992284879,134.3255381581535,132.55981978485707,134.26014709472656,1008954,0.0,0.0
2013-02-15 00:00:00+01:00,133.73698540104246,135.04492657855877,133.41000010666338,134.7179412841797,2750810,0.0,0.0
2013-02-18 00:00:00+01:00,134.71793005654226,135.7642869028697,134.39094478941473,135.4373016357422,905642,0.0,0.0
2013-02-19 00:00:00+01:00,135.43729058653554,137.8569793701172,135.43729058653554,137.8569793701172,1241040,0.0,0.0
2013-02-20 00:00:00+01:00,137.5300135637357,139.75350952148438,137.33382039598163,139.75350952148438,1294929,0.0,0.0
2013-02-21 00:00:00+01:00,138.8379293221626,139.68809290776812,136.1566464703599,136.67982482910156,1958673,0.0,0.0
2013-02-22 00:00:00+01:00,136.22205628900545,138.96873037597095,136.09126418558765,138.7725372314453,1369797,0.0,0.0
2013-02-25 00:00:00+01:00,138.9033540060504,140.73447371552592,138.64176975275373,140.66908264160156,2052206,0.0,0.0
2013-02-26 00:00:00+01:00,139.36114107216224,139.81891850369678,137.9223977461971,138.6417694091797,1686335,0.0,0.0
2013-02-27 00:00:00+01:00,139.5573415350188,139.5573415350188,138.05321692803585,138.57638549804688,3064443,0.0,0.0
2013-02-28 00:00:00+01:00,139.55732218532054,140.40748596191406,138.18398991125363,140.40748596191406,2456863,0.0,0.0
2013-03-01 00:00:00+01:00,140.27668293797691,141.12684664851227,139.5573113416473,140.60366821289062,2599276,0.0,0.0
2013-03-04 00:00:00+01:00,140.86522812678618,141.6500006341597,140.40745081668294,140.73443603515625,1548248,0.0,0.0
2013-03-05 00:00:00+01:00,141.2576605515713,143.61195888561758,141.2576605515713,142.7617950439453,2484207,0.0,0.0
2013-03-06 00:00:00+01:00,143.1541536749822,144.13510952925245,142.50018310546875,142.50018310546875,4788089,0.0,0.0
2013-03-07 00:00:00+01:00,143.48154456593167,145.30890179450284,143.14314469667238,144.83514404296875,3166384,7.35,0.0
2013-03-08 00:00:00+01:00,144.90279926815015,145.30887283404303,143.75223168026437,143.81991577148438,1634238,0.0,0.0
2013-03-11 00:00:00+01:00,143.75226214259828,144.42906188964844,143.0754623955481,144.42906188964844,1624371,0.0,0.0
2013-03-12 00:00:00+01:00,144.42904874545977,145.91801631517794,144.22601710153788,145.51193237304688,1920887,0.0,0.0
2013-03-13 00:00:00+01:00,145.511952443059,145.64731033339098,143.75226888730816,144.0229949951172,6845790,0.0,0.0
2013-03-14 00:00:00+01:00,144.29366903367844,145.30886840820312,144.22599527166204,145.30886840820312,2756348,0.0,0.0
2013-03-15 00:00:00+01:00,146.1887416363994,146.7301834856668,145.30889992223297,146.45945739746094,4889708,0.0,0.0
2013-03-18 00:00:00+01:00,144.76746191075998,146.59482949137404,144.49674614252174,146.5271453857422,1199547,0.0,0.0
2013-03-19 00:00:00+01:00,146.18874084936806,148.21914002783151,145.98569886609286,147.406982421875,1490962,0.0,0.0
2013-03-20 00:00:00+01:00,147.000887167082,148.89592832022262,146.9332133959498,148.69288635253906,1557530,0.0,0.0
2013-03-21 00:00:00+01:00,148.557534922508,148.557534922508,146.52713581194982,146.7978515625,1195950,0.0,0.0
2013-03-22 00:00:00+01:00,146.45948028342863,148.01612197063628,145.85036456228673,147.20396423339844,1271556,0.0,0.0
2013-03-25 00:00:00+01:00,148.08377075195312,148.69288632775877,147.61001304553278,148.08377075195312,1365809,0.0,0.0
2013-03-26 00:00:00+01:00,148.55753236782735,148.82824811372217,147.4069749570588,148.7605743408203,1488122,0.0,0.0
2013-03-27 00:00:00+01:00,148.895956052463,149.1666718417002,147.1362724409848,148.55755615234375,1102228,0.0,0.0
2013-03-28 00:00:00+01:00,148.8282700048178,150.5879535933965,148.42219632624636,149.57275390625,1435212,0.0,0.0
2013-04-02 00:00:00+02:00,149.57274066148454,151.46778197511324,149.09898291486348,151.26473999023438,1263936,0.0,0.0
2013-04-03 00:00:00+02:00,151.46777627550995,153.22744931490817,151.33241839973223,152.21224975585938,1612284,0.0,0.0
2013-04-04 00:00:00+02:00,152.68604678217045,152.7537205693276,149.4374055113942,149.91116333007812,1216763,0.0,0.0
2013-04-05 00:00:00+02:00,149.91113461581142,150.3848923437509,147.20393579656428,148.89593505859375,1351274,0.0,0.0
2013-04-08 00:00:00+02:00,149.43737716134115,151.60313415527344,149.098977308316,151.60313415527344,1261083,0.0,0.0
2013-04-09 00:00:00+02:00,152.27992887563803,153.02441265877638,149.8434458827704,150.3848876953125,1221071,0.0,0.0
2013-04-10 00:00:00+02:00,150.452574940864,152.95673175820227,150.38489084020196,152.6183319091797,1056689,0.0,0.0
2013-04-11 00:00:00+02:00,152.61834711050153,153.4305047636207,151.60314746231637,153.2274627685547,1340604,0.0,0.0
2013-04-12 00:00:00+02:00,153.0921106868496,153.22746857964538,151.1293954234477,152.2799530029297,1037062,0.0,0.0
2013-04-15 00:00:00+02:00,153.49817593638738,156.8821744785161,152.88905000251782,156.40841674804688,1663653,0.0,0.0
2013-04-16 00:00:00+02:00,155.86698143144258,156.54378116815997,153.29514036648763,154.5133819580078,1411308,0.0,0.0
2013-04-17 00:00:00+02:00,155.39320392414896,155.5285617888539,151.33240602014308,151.7384796142578,1497429,0.0,0.0
2013-04-18 00:00:00+02:00,151.33241204241833,154.37801059162237,150.52024416758243,153.4981689453125,1486440,0.0,0.0
2013-04-19 00:00:00+02:00,154.98712332589284,155.05480742326804,152.75368236537489,153.971923828125,1681097,0.0,0.0
2013-04-22 00:00:00+02:00,154.91945648485975,155.52858244765648,152.34762573242188,152.34762573242188,1091403,0.0,0.0
2013-04-23 00:00:00+02:00,152.7536845044486,155.86696713872396,152.68601073326906,155.66392517089844,1560839,0.0,0.0
2013-04-24 00:00:00+02:00,155.4608853174637,156.81448468518587,154.85176973284618,156.74681091308594,1278734,0.0,0.0
2013-04-25 00:00:00+02:00,156.74680915260265,157.9650403081553,154.51336815551696,157.7620086669922,1604974,0.0,0.0
2013-04-26 00:00:00+02:00,157.4236277110634,157.55898559712216,156.47610185436258,156.94985961914062,782408,0.0,0.0
2013-04-29 00:00:00+02:00,157.69435216619,158.64186774791844,156.94986826115672,158.2357940673828,864017,0.0,0.0
2013-04-30 00:00:00+02:00,158.70952195735865,158.98023769337954,156.54376508776153,157.28823852539062,1214456,0.0,0.0
2013-05-02 00:00:00+02:00,155.66392553972975,157.7620086669922,155.39320980008327,157.7620086669922,1196659,0.0,0.0
2013-05-03 00:00:00+02:00,157.89741310126385,159.65708658218628,156.67917125930433,158.91261291503906,1509608,0.0,0.0
2013-05-06 00:00:00+02:00,158.4388112009679,158.84488481776185,157.491285440828,157.89736938476562,521654,0.0,0.0
2013-05-07 00:00:00+02:00,158.30346785056608,158.50650985440654,157.35595226883763,158.2357940673828,726447,0.0,0.0
2013-05-08 00:00:00+02:00,158.43880979324828,161.61976623535156,158.3034415950427,161.61976623535156,1356443,0.0,0.0
2013-05-10 00:00:00+02:00,161.0106667862228,164.25930786132812,160.46923521299297,164.25930786132812,1589650,0.0,0.0
2013-05-13 00:00:00+02:00,163.44711696978695,164.12391662597656,161.8228019257892,164.12391662597656,1235891,0.0,0.0
2013-05-14 00:00:00+02:00,163.92088527007064,165.07144269461028,162.9733698209542,165.00376892089844,1188034,0.0,0.0
2013-05-15 00:00:00+02:00,165.68055383998325,168.11702634626448,165.34215402018228,167.71095275878906,1549144,0.0,0.0
2013-05-16 00:00:00+02:00,168.65844755724538,169.60597313343305,165.6128495504154,166.49269104003906,1500028,0.0,0.0
2013-05-17 00:00:00+02:00,165.81594088782182,167.16954040527344,164.39465726363971,167.16954040527344,2066079,0.0,0.0
2013-05-21 00:00:00+02:00,167.5079403455514,169.87673950195312,165.61289895500104,169.87673950195312,1702009,0.0,0.0
2013-05-22 00:00:00+02:00,171.56872965888311,175.0204123745941,171.230329797623,174.95272827148438,2120860,0.0,0.0
2013-05-23 00:00:00+02:00,171.43337423046358,171.8394478734941,168.65849119760568,169.67369079589844,1960672,0.0,0.0
2013-05-24 00:00:00+02:00,170.48585145432307,172.44857690903387,170.147451582181,171.2980194091797,1399571,0.0,0.0
2013-05-27 00:00:00+02:00,171.02728555533074,171.63641149383594,170.07977008718137,171.1626434326172,562451,0.0,0.0
2013-05-28 00:00:00+02:00,171.36569890798026,172.44858266584237,170.282825477263,170.95962524414062,1526462,0.0,0.0
2013-05-29 00:00:00+02:00,170.82423316781436,171.16263300398447,163.85320480442482,164.80072021484375,2122218,0.0,0.0
2013-05-30 00:00:00+02:00,164.53001195035768,165.7482431541921,161.1460134349422,164.05624389648438,1685266,0.0,0.0
2013-05-31 00:00:00+02:00,163.44713011604975,163.71784586944233,160.06313156292242,161.82281494140625,1960267,0.0,0.0
2013-06-03 00:00:00+02:00,159.65704602258833,159.72473012383736,153.43049081200314,155.86697387695312,2941498,0.0,0.0
2013-06-04 00:00:00+02:00,155.5962677940358,158.64186685302676,154.51339432490394,157.08523559570312,1866085,0.0,0.0
2013-06-05 00:00:00+02:00,155.93464090990346,158.6418396085278,155.66392517089844,155.66392517089844,1357316,0.0,0.0
2013-06-06 00:00:00+02:00,154.98713374579577,156.6791330224966,152.1445770263672,152.1445770263672,2090881,0.0,0.0
2013-06-07 00:00:00+02:00,151.94152525537214,157.0852068558991,150.58792592124857,156.6791229248047,2119295,0.0,0.0
2013-06-10 00:00:00+02:00,156.4084093144728,158.43880834325188,155.79928340955297,157.7620086669922,1115275,0.0,0.0
2013-06-11 00:00:00+02:00,156.882183870114,157.5589836190557,153.9719428842358,155.2578582763672,1506770,0.0,0.0
2013-06-12 00:00:00+02:00,154.17500945588688,156.74685097734658,154.10732533934336,155.59628295898438,1206094,0.0,0.0
2013-06-13 00:00:00+02:00,153.22742213198015,155.93462047584651,152.95670642845036,154.44566345214844,1413357,0.0,0.0
2013-06-14 00:00:00+02:00,154.3103407787349,155.7316243641337,153.22745706346495,153.56585693359375,1285829,0.0,0.0
2013-06-17 00:00:00+02:00,153.9719336668566,157.01753235477244,153.83657579060025,156.40841674804688,1256123,0.0,0.0
2013-06-18 00:00:00+02:00,155.73164744048916,156.07004736076215,154.3103636444842,154.9194793701172,1112251,0.0,0.0
2013-06-19 00:00:00+02:00,155.19015794747335,156.6114309808095,153.63351672579225,155.93463134765625,1311606,0.0,0.0
2013-06-20 00:00:00+02:00,154.37801202655984,155.52856942374703,150.3848876953125,150.3848876953125,2259363,0.0,0.0
2013-06-21 00:00:00+02:00,149.4373740327011,152.8213724921049,148.69289024077474,148.7605743408203,3821855,0.0,0.0
2013-06-24 00:00:00+02:00,147.54234695135673,147.8807468296855,144.49674804639753,144.90283203125,2427870,0.0,0.0
2013-06-25 00:00:00+02:00,146.05338957234068,148.21914672851562,144.02299030208704,148.21914672851562,2109109,0.0,0.0
2013-06-26 00:00:00+02:00,148.55753199692495,154.44568723615794,148.28681625170603,154.24264526367188,2031506,0.0,0.0
2013-06-27 00:00:00+02:00,155.39321088162546,160.6722401314785,155.19016891190566,159.5216827392578,2101513,0.0,0.0
2013-06-28 00:00:00+02:00,158.57417013676977,159.3863277029484,155.7316134915727,159.0479278564453,1860834,0.0,0.0
2013-07-01 00:00:00+02:00,159.0479221575433,160.80760542716496,157.69432282003228,158.77720642089844,899974,0.0,0.0
2013-07-02 00:00:00+02:00,159.1156091269618,159.7247247089776,156.94984188614217,159.5216827392578,1005895,0.0,0.0
2013-07-03 00:00:00+02:00,158.709547107989,159.31866277413397,157.01754767186972,159.11563110351562,999782,0.0,0.0
2013-07-04 00:00:00+02:00,160.06314659118652,162.9733876855462,159.65706259582657,162.43194580078125,1091292,0.0,0.0
2013-07-05 00:00:00+02:00,162.7703573132791,163.04107311142425,161.0106736438989,161.1460418701172,859390,0.0,0.0
2013-07-08 00:00:00+02:00,161.41672815297332,163.24408527418197,161.41672815297332,162.9056854248047,918921,0.0,0.0
2013-07-09 00:00:00+02:00,163.78552739550312,165.27448467003347,163.44712754551242,165.00376892089844,1060309,0.0,0.0
2013-07-10 00:00:00+02:00,163.78552739694723,165.61288452148438,163.58248542152222,165.61288452148438,971618,0.0,0.0
2013-07-11 00:00:00+02:00,165.81591576645053,166.22199969102158,164.0562325295003,164.12391662597656,1225215,0.0,0.0
2013-07-12 00:00:00+02:00,164.19161134634953,165.9512843700149,164.19161134634953,165.00376892089844,729188,0.0,0.0
2013-07-15 00:00:00+02:00,163.78554055205947,165.47753993792784,163.37945656859318,163.9208984375,952080,0.0,0.0
2013-07-16 00:00:00+02:00,163.44712800678454,163.65016998278074,160.130813598374,160.73992919921875,1099250,0.0,0.0
2013-07-17 00:00:00+02:00,161.4844312416276,162.09354691127123,158.64186391090388,160.2661895751953,999633,0.0,0.0
2013-07-18 00:00:00+02:00,159.38631812929574,161.75511691253368,159.31863403320312,159.31863403320312,1086308,0.0,0.0
2013-07-19 00:00:00+02:00,158.98023805981038,158.98023805981038,156.5437654485766,158.77720642089844,1327710,0.0,0.0
2013-07-22 00:00:00+02:00,158.57416621307513,158.641839984415,157.01752489224913,157.7620086669922,694694,0.0,0.0
2013-07-23 00:00:00+02:00,157.35593220898534,157.8973740411547,155.93464869043368,156.40841674804688,852477,0.0,0.0
2013-07-24 00:00:00+02:00,157.491284400888,159.72472542350985,157.0852107867754,157.9650421142578,931304,0.0,0.0
2013-07-25 00:00:00+02:00,159.04797082477978,161.01068633388653,157.5590131633388,158.91261291503906,1351566,0.0,0.0
2013-07-26 00:00:00+02:00,160.26616540372436,160.26616540372436,156.67912505411928,157.7620086669922,794611,0.0,0.0
2013-07-29 00:00:00+02:00,157.42361166826748,159.04792678973067,157.08521182403402,157.89736938476562,826724,0.0,0.0
2013-07-30 00:00:00+02:00,157.82968029338105,158.4388061900227,156.3407230912738,156.6791229248047,647626,0.0,0.0
2013-07-31 00:00:00+02:00,155.66393266644394,155.66393266644394,153.1597758150647,154.31033325195312,1426570,0.0,0.0
2013-08-02 00:00:00+02:00,155.93464555049266,156.61144524529018,154.64873026123487,154.78408813476562,1634195,0.0,0.0
2013-08-05 00:00:00+02:00,154.9871350203574,156.74681841345492,154.91945091787517,156.00233459472656,821511,0.0,0.0
2013-08-06 00:00:00+02:00,156.34074501464494,158.98025995546286,156.0700292407156,156.88218688964844,1292469,0.0,0.0
2013-08-07 00:00:00+02:00,156.34073085005622,158.7095298023298,156.2053729753551,157.42361450195312,900851,0.0,0.0
2013-08-08 00:00:00+02:00,158.1680812053883,158.77720710618323,156.8144818620351,157.22056579589844,828823,0.0,0.0
2013-08-09 00:00:00+02:00,158.23578926635673,160.3338623699965,158.03274726867676,159.72474670410156,1101820,0.0,0.0
2013-08-12 00:00:00+02:00,162.43194013460084,163.37945565452816,161.34905640284566,162.16122436523438,1066558,0.0,0.0
2013-08-13 00:00:00+02:00,163.1087398410091,163.92089747603336,161.34905635916942,162.7703399658203,815471,0.0,0.0
2013-08-14 00:00:00+02:00,162.97340674320412,163.71788038556073,162.09356486846795,163.1087646484375,754163,0.0,0.0
2013-08-15 00:00:00+02:00,163.1764238056721,163.1764238056721,160.06314082577177,160.67225646972656,717289,0.0,0.0
2013-08-16 00:00:00+02:00,160.26617612686957,160.672249763509,158.1680928592278,159.86009216308594,988126,0.0,0.0
2013-08-19 00:00:00+02:00,160.67224613838033,162.431929505548,160.19848840941793,161.2813720703125,890858,0.0,0.0
2013-08-20 00:00:00+02:00,160.6045761956064,162.83801734502,159.72473449103202,162.56729125976562,1113130,0.0,0.0
2013-08-21 00:00:00+02:00,162.22890473187053,162.36426262205043,160.2661895063991,160.87530517578125,923197,0.0,0.0
2013-08-22 00:00:00+02:00,160.26618852466905,163.10874550961506,160.26618852466905,163.0410614013672,1053820,0.0,0.0
2013-08-23 00:00:00+02:00,162.77032185884687,162.83800595721314,161.34903841030308,162.6349639892578,713669,0.0,0.0
2013-08-26 00:00:00+02:00,162.1612045393991,164.12391944520607,162.09352044176023,163.65016174316406,576307,0.0,0.0
2013-08-27 00:00:00+02:00,162.77034469617692,163.17642868906276,160.67226127817486,161.8905029296875,1238196,0.0,0.0
2013-08-28 00:00:00+02:00,161.61976296424288,162.9733623017539,158.23576462046535,158.77720642089844,1650836,0.0,0.0
2013-08-29 00:00:00+02:00,158.9125852799271,159.72474292428265,157.2882596640713,158.43882751464844,1156683,0.0,0.0
2013-08-30 00:00:00+02:00,158.9125929656687,159.2509928611121,156.81450948306124,157.08523559570312,973713,0.0,0.0
2013-09-02 00:00:00+02:00,158.64184214003643,160.46920955248262,158.30344229730844,160.06312561035156,661109,0.0,0.0
2013-09-03 00:00:00+02:00,160.87530626204182,160.94299037116133,157.897391349396,158.10043334960938,857675,0.0,0.0
2013-09-04 00:00:00+02:00,158.98023420702629,159.72471795547258,157.62663490231887,159.31863403320312,797992,0.0,0.0
2013-09-05 00:00:00+02:00,159.7924059240317,160.40152149505428,157.35592298565453,158.77720642089844,835163,0.0,0.0
2013-09-06 00:00:00+02:00,159.25098899297618,160.1308307651872,157.22058966963303,159.11563110351562,691472,0.0,0.0
2013-09-09 00:00:00+02:00,159.0479183031189,159.31863403320312,157.1528772110999,159.31863403320312,778448,0.0,0.0
2013-09-10 00:00:00+02:00,159.45401389648254,161.213686925114,159.25097192048634,160.73992919921875,1112085,0.0,0.0
2013-09-11 00:00:00+02:00,161.41673562527123,161.75513549031373,160.13082026896748,161.55209350585938,646605,0.0,0.0
2013-09-12 00:00:00+02:00,162.09353432688854,162.1612184303253,160.46921911584843,161.01065063476562,817888,0.0,0.0
2013-09-13 00:00:00+02:00,160.53690535567134,160.80763146329244,159.4540319066221,160.2661895751953,904527,0.0,0.0
2013-09-16 00:00:00+02:00,161.07834053808085,161.75514028824085,158.7772255183947,159.4540252685547,900812,0.0,0.0
2013-09-17 00:00:00+02:00,159.0479183031189,159.72471795547258,158.16807668963045,159.31863403320312,837864,0.0,0.0
2013-09-18 00:00:00+02:00,159.72474761853437,160.87530517578125,158.98026373182725,160.87530517578125,904654,0.0,0.0
2013-09-19 00:00:00+02:00,162.43194013460084,162.8380241157952,161.48442461467351,162.16122436523438,1402650,0.0,0.0
2013-09-20 00:00:00+02:00,163.31177996530502,164.59769534546984,162.6349802226615,163.78553771972656,2042207,0.0,0.0
2013-09-23 00:00:00+02:00,163.7178612408461,164.19162934448104,162.0258618054213,162.43194580078125,854038,0.0,0.0
2013-09-24 00:00:00+02:00,162.70265590396733,163.51482386635604,161.55209839344283,162.16122436523438,882438,0.0,0.0
2013-09-25 00:00:00+02:00,162.43194573571623,163.92090317286466,161.95818795941608,163.0410614013672,803373,0.0,0.0
2013-09-26 00:00:00+02:00,162.97339902602906,164.5300406803676,162.02587307997072,164.4623565673828,801361,0.0,0.0
2013-09-27 00:00:00+02:00,164.46232605511807,165.20680985124568,163.5824843852792,165.07144165039062,890884,0.0,0.0
2013-09-30 00:00:00+02:00,163.5824843852792,165.8836095469457,163.44712651156797,165.07144165039062,1111002,0.0,0.0
2013-10-01 00:00:00+02:00,165.81591231274265,166.56039604990195,165.34215462870628,166.15431213378906,926971,0.0,0.0
2013-10-02 00:00:00+02:00,165.2745047807524,165.34218888984395,162.83803176063387,163.51483154296875,931315,0.0,0.0
2013-10-03 00:00:00+02:00,163.85322080952415,164.7330522077932,162.90569497940797,163.2440948486328,670411,0.0,0.0
2013-10-04 00:00:00+02:00,162.83802880403954,163.10874458120014,160.8076294939001,161.8905029296875,764846,0.0,0.0
2013-10-07 00:00:00+02:00,161.0783510575053,161.89050874530736,159.99546725567237,160.9429931640625,659483,0.0,0.0
2013-10-08 00:00:00+02:00,160.2661665191825,161.14600816987252,159.3863248684925,159.5216827392578,1230579,0.0,0.0
2013-10-09 00:00:00+02:00,158.37114324061946,159.11562710465975,156.47610185436258,156.94985961914062,1123396,0.0,0.0
2013-10-10 00:00:00+02:00,157.49128085397697,159.58936395797636,157.1528810195992,158.77720642089844,944690,0.0,0.0
2013-10-11 00:00:00+02:00,160.06312386828515,162.09352290255515,159.25096632000586,161.68743896484375,972639,0.0,0.0
2013-10-14 00:00:00+02:00,161.61976908616634,162.4319266540076,160.4692116711292,162.36424255371094,994182,0.0,0.0
2013-10-15 00:00:00+02:00,163.04107281186813,164.59771446620667,162.83804112720523,164.4623565673828,989102,0.0,0.0
2013-10-16 00:00:00+02:00,163.9885892929531,166.3573885306598,163.10874751066157,166.22203063964844,1144515,0.0,0.0
2013-10-17 00:00:00+02:00,166.2220200710768,168.04937730140765,164.46233661837633,165.34217834472656,1456431,0.0,0.0
2013-10-18 00:00:00+02:00,166.49272513142034,166.62808300512282,163.17641075356258,163.85321044921875,1607101,0.0,0.0
2013-10-21 00:00:00+02:00,164.32698729911445,165.3421869607723,163.7178613058327,164.530029296875,978729,0.0,0.0
2013-10-22 00:00:00+02:00,164.12392930602493,167.23721209588342,163.78552945178572,166.69577026367188,1076601,0.0,0.0
2013-10-23 00:00:00+02:00,166.56040776525938,168.1847228896744,166.08663972075658,167.5756072998047,867582,0.0,0.0
2013-10-24 00:00:00+02:00,168.11702920615133,168.45542903170892,166.62807203912658,167.8463134765625,976765,0.0,0.0
2013-10-25 00:00:00+02:00,168.11705688276376,169.19994063367722,167.2372254531845,168.32009887695312,810408,0.0,0.0
2013-10-28 00:00:00+01:00,168.45544253517957,168.92921059065216,167.64328495416706,168.8615264892578,928186,0.0,0.0
2013-10-29 00:00:00+01:00,168.99687479803345,170.28280036172265,168.18471726299694,169.13223266601562,1135169,0.0,0.0
2013-10-30 00:00:00+01:00,169.19996067435443,170.41820245663897,168.38780292854673,169.53836059570312,942488,0.0,0.0
2013-10-31 00:00:00+01:00,168.5231276654666,170.35048481568745,168.5231276654666,170.0120849609375,1588889,0.0,0.0
2013-11-01 00:00:00+01:00,169.87673762859683,171.43337912249498,169.26762198309717,170.89193725585938,896366,0.0,0.0
2013-11-04 00:00:00+01:00,171.7717818434815,172.58393949331523,170.8242559793882,171.0272979736328,1248148,0.0,0.0
2013-11-05 00:00:00+01:00,171.56872061443516,172.0424783297958,168.99687973900703,169.74136352539062,1103825,0.0,0.0
2013-11-06 00:00:00+01:00,169.40297320338664,171.50104615423422,169.40297320338664,170.6888885498047,965890,0.0,0.0
2013-11-07 00:00:00+01:00,170.21512124075127,171.09496289907457,169.19992171048833,169.74136352539062,1030366,0.0,0.0
2013-11-08 00:00:00+01:00,169.1322376241373,170.82423684137416,168.72616400828667,170.35047912597656,1050027,0.0,0.0
2013-11-11 00:00:00+01:00,171.29803370291114,172.0425072874586,170.35050778556158,170.756591796875,699836,0.0,0.0
2013-11-12 00:00:00+01:00,170.07977575412517,171.433375226379,169.8767337678582,170.82424926757812,857962,0.0,0.0
2013-11-13 00:00:00+01:00,170.2828120774412,171.63641150467953,169.60601236382203,170.55352783203125,770292,0.0,0.0
2013-11-14 00:00:00+01:00,171.50105385788362,172.17785361316675,170.82425410260052,172.04249572753906,889839,0.0,0.0
2013-11-15 00:00:00+01:00,172.38088524599414,173.05768496060514,171.43336977639638,172.651611328125,1115056,0.0,0.0
2013-11-18 00:00:00+01:00,172.31319632543708,173.9375113668775,171.8394283051357,173.8698272705078,983388,0.0,0.0
2013-11-19 00:00:00+01:00,173.05768859882429,173.32841468664665,171.70408914114535,171.83944702148438,872903,0.0,0.0
2013-11-20 00:00:00+01:00,172.17782587792607,172.24550997340938,170.28279513010986,171.56871032714844,909795,0.0,0.0
2013-11-21 00:00:00+01:00,170.5535316675471,172.92233071848526,170.21513180312735,171.83944702148438,696930,0.0,0.0
2013-11-22 00:00:00+01:00,172.4485711749257,173.46376043045123,171.63641357421875,171.63641357421875,821973,0.0,0.0
2013-11-25 00:00:00+01:00,171.907129332073,172.78697103581558,171.5687294711831,171.63641357421875,624515,0.0,0.0
2013-11-26 00:00:00+01:00,171.29802407500728,172.17785550482597,170.35049821091394,171.0272979736328,1002893,0.0,0.0
2013-11-27 00:00:00+01:00,171.0272979736328,171.90713973059633,170.0120983295545,171.0272979736328,690490,0.0,0.0
2013-11-28 00:00:00+01:00,170.75657265315058,171.16264629179324,170.07977292826862,170.6888885498047,594597,0.0,0.0
2013-11-29 00:00:00+01:00,170.1474562166693,171.7717818434815,169.87674044243968,171.0272979736328,841030,0.0,0.0
2013-12-02 00:00:00+01:00,170.6212414128258,172.24555687529045,170.2828414975502,172.11019897460938,866529,0.0,0.0
2013-12-03 00:00:00+01:00,171.77178179673808,171.90713968381604,168.32009887695312,168.32009887695312,1367210,0.0,0.0
2013-12-04 00:00:00+01:00,167.71096878018412,168.1847265077349,164.66537011102997,165.5452117919922,1587673,0.0,0.0
2013-12-05 00:00:00+01:00,164.46233377262038,166.0189752112057,163.7178499415574,165.81593322753906,1227250,0.0,0.0
2013-12-06 00:00:00+01:00,166.89882363233428,167.3048972888491,165.7482557876805,166.6280975341797,1289609,0.0,0.0
2013-12-09 00:00:00+01:00,166.96651384063398,166.96651384063398,164.39467245439803,164.4623565673828,1157347,0.0,0.0
2013-12-10 00:00:00+01:00,163.7178573798618,163.9208993727534,161.4844264394884,161.75514221191406,1270508,0.0,0.0
2013-12-11 00:00:00+01:00,160.46922960887687,162.77034469617692,160.40154550101423,161.8905029296875,1190017,0.0,0.0
2013-12-12 00:00:00+01:00,161.48441769107623,161.48441769107623,159.1832924415427,159.86009216308594,1606784,0.0,0.0
2013-12-13 00:00:00+01:00,159.38632950470517,159.92777133065948,157.55897237836027,158.641845703125,1447861,0.0,0.0
2013-12-16 00:00:00+01:00,157.15290556133027,160.94298842909546,156.47610578688256,159.11563110351562,1521492,0.0,0.0
2013-12-17 00:00:00+01:00,159.72472542350985,160.94296692013484,157.9650421142578,157.9650421142578,1371803,0.0,0.0
2013-12-18 00:00:00+01:00,160.26617147358257,160.60457132452882,159.38632979569346,160.1308135986328,2327522,0.0,0.0
2013-12-19 00:00:00+01:00,161.82280470549145,163.65016174316406,161.6874365102137,163.65016174316406,1950558,0.0,0.0
2013-12-20 00:00:00+01:00,165.0714302841158,165.27447224427377,163.85319917745406,165.1391143798828,3106639,0.0,0.0
2013-12-23 00:00:00+01:00,164.86840433918607,165.54520401163404,163.37943679808575,165.4098358154297,1025259,0.0,0.0
2013-12-27 00:00:00+01:00,167.44025144528976,168.6584930419922,167.23721978512643,168.6584930419922,819473,0.0,0.0
2013-12-30 00:00:00+01:00,168.9292191341174,168.9292191341174,166.8311358105108,168.6584930419922,868503,0.0,0.0
2014-01-03 00:00:00+01:00,168.4554256721088,170.48582458496094,167.9816679912052,170.48582458496094,1187252,0.0,0.0
2014-01-06 00:00:00+01:00,170.55353067025715,173.0576875868916,169.1322471171473,170.6888885498047,1039399,0.0,0.0
2014-01-07 00:00:00+01:00,171.02730845765663,172.17786605937928,170.62123477141975,171.9071502685547,825685,0.0,0.0
2014-01-08 00:00:00+01:00,172.5162402815356,173.1253662109375,171.56872482754676,173.1253662109375,1132223,0.0,0.0
2014-01-09 00:00:00+01:00,172.9223203383906,174.41128791417387,172.24552065017772,172.4485626220703,1481979,0.0,0.0
2014-01-10 00:00:00+01:00,174.1405775303913,174.7497138642119,173.32843017578125,173.32843017578125,1521966,0.0,0.0
2014-01-13 00:00:00+01:00,173.66680908203125,173.93752483418407,172.71928329520847,173.66680908203125,975608,0.0,0.0
2014-01-14 00:00:00+01:00,171.907129332073,172.85464481170706,170.9596138524389,171.63641357421875,2126999,0.0,0.0
2014-01-15 00:00:00+01:00,172.110188550706,172.31323055300322,170.35050496699017,170.62123107910156,1504527,0.0,0.0
2014-01-16 00:00:00+01:00,170.8919095392579,170.95959363428906,169.67366811869798,170.41815185546875,2230535,0.0,0.0
2014-01-17 00:00:00+01:00,169.5383425078097,170.350500166969,169.19994262256455,169.40298461914062,2202486,0.0,0.0
2014-01-20 00:00:00+01:00,169.74136246581935,170.07976230712794,168.79383671386913,169.19992065429688,1011647,0.0,0.0
2014-01-21 00:00:00+01:00,167.77866553121618,169.33530712961328,167.30490773878543,168.1170654296875,1606257,0.0,0.0
2014-01-22 00:00:00+01:00,168.6585093555078,169.13226715362066,167.0341939542221,168.59083557128906,1289732,0.0,0.0
2014-01-23 00:00:00+01:00,168.04938882132868,169.40298839245958,167.7786627108154,167.98170471191406,1256216,0.0,0.0
2014-01-24 00:00:00+01:00,167.3725736492491,167.71097351092283,164.66537475585938,164.66537475585938,1726977,0.0,0.0
2014-01-27 00:00:00+01:00,163.7855453491211,164.05626112793107,162.29658791137626,162.43194580078125,1909732,0.0,0.0
2014-01-28 00:00:00+01:00,163.1087312787061,163.98857297343915,162.02584760408942,163.58248901367188,1985900,0.0,0.0
2014-01-29 00:00:00+01:00,164.93609901006667,165.13914100295827,160.672258467922,161.75514221191406,1756882,0.0,0.0
2014-01-30 00:00:00+01:00,159.38632792930645,169.4029654654517,158.10041264162604,168.72616577148438,3834540,0.0,0.0
2014-01-31 00:00:00+01:00,168.6584816712301,169.1322393915785,166.08664076872552,168.72616577148438,2110990,0.0,0.0
2014-02-03 00:00:00+01:00,169.5383462841436,170.41818807080773,167.64330481913134,167.98170471191406,1891040,0.0,0.0
2014-02-04 00:00:00+01:00,167.71097655643268,168.52313417376894,166.49273496685606,167.5079345703125,2305950,0.0,0.0
2014-02-05 00:00:00+01:00,167.0341796875,168.1847371924014,166.01898006662032,167.0341796875,1895919,0.0,0.0
2014-02-06 00:00:00+01:00,167.84632976757268,169.13224509864403,166.289688353493,168.3877716064453,1743014,0.0,0.0
2014-02-07 00:00:00+01:00,168.38779335210785,171.9071502685547,167.98170933872552,171.9071502685547,1682303,0.0,0.0
2014-02-10 00:00:00+01:00,171.90712080607128,172.85463623871183,170.07976371332524,172.4485626220703,1504635,0.0,0.0
2014-02-11 00:00:00+01:00,172.31323610062097,173.59915161132812,171.4333942804366,173.59915161132812,1435029,0.0,0.0
2014-02-12 00:00:00+01:00,174.27592650055885,174.54664225552733,172.9223270714283,173.26072692871094,1510366,0.0,0.0
2014-02-13 00:00:00+01:00,173.73449703266328,175.08809647770377,173.19304486207403,174.95272827148438,1738346,0.0,0.0
2014-02-14 00:00:00+01:00,175.2911377533307,177.9983367919922,174.5466538868409,177.9983367919922,2188424,0.0,0.0
2014-02-17 00:00:00+01:00,179.62264424461532,179.62264424461532,177.5245609503666,177.8629608154297,1493586,0.0,0.0
2014-02-18 00:00:00+01:00,177.65992196858446,180.09640502929688,177.45689031947833,180.09640502929688,1421075,0.0,0.0
2014-02-19 00:00:00+01:00,179.08122641341598,180.0964260862196,178.06602674061236,179.14891052246094,1497542,0.0,0.0
2014-02-20 00:00:00+01:00,177.52456117556343,179.62264447247364,177.3215295179835,179.3519287109375,1270048,0.0,0.0
2014-02-21 00:00:00+01:00,179.8933699485291,181.17930603027344,179.01353851245224,181.17930603027344,2882190,0.0,0.0
2014-02-24 00:00:00+01:00,180.23176407489092,182.73593139648435,180.09641651828184,182.7359313964844,1469603,0.0,0.0
2014-02-25 00:00:00+01:00,182.1268177553157,183.81881713867188,181.92376543673936,183.81881713867188,2219025,0.0,0.0
2014-02-26 00:00:00+01:00,183.75111213097205,184.76631164550776,182.60054441945005,184.7663116455078,1873349,0.0,0.0
2014-02-27 00:00:00+01:00,184.7663098374477,185.2400778679764,182.93894246745057,184.5632781982422,1658860,0.0,0.0
2014-02-28 00:00:00+01:00,185.03704061157856,185.9845560953493,183.0066414373748,183.68344116210932,2354452,0.0,0.0
2014-03-03 00:00:00+01:00,180.0287280324722,180.7055277619176,174.74969840451365,175.15576171875,3310560,0.0,0.0
2014-03-04 00:00:00+01:00,176.98314288764075,179.96105779580992,176.5093747788067,179.75802612304688,2237663,0.0,0.0
2014-03-05 00:00:00+01:00,179.69031898195666,179.89335062869583,177.72760399775703,179.01351928710938,3036894,0.0,0.0
2014-03-06 00:00:00+01:00,180.7569431102931,184.31348614052592,180.61746165417787,183.54640197753903,2410448,7.8,0.0
2014-03-07 00:00:00+01:00,183.4766544481868,184.03453768820287,180.54771423339844,180.54771423339844,1478751,0.0,0.0
2014-03-10 00:00:00+01:00,179.92011646116993,181.6635284423828,179.64117480055276,181.6635284423828,1293946,0.0,0.0
2014-03-11 00:00:00+01:00,182.2213973300209,182.77930188894865,181.45431314455496,181.52403259277344,951270,0.0,0.0
2014-03-12 00:00:00+01:00,181.5240205443674,181.9424436153202,179.78060881696516,180.54771423339844,1078173,0.0,0.0
2014-03-13 00:00:00+01:00,180.6872119550147,180.8964128683887,177.33985900878906,177.33985900878906,2261570,0.0,0.0
2014-03-14 00:00:00+01:00,177.06088256835938,178.5253526078467,176.71220023904718,177.06088256835938,1738232,0.0,0.0
2014-03-17 00:00:00+01:00,176.8516911328669,179.0135259464874,176.3635273329946,177.96746826171875,1682985,0.0,0.0
2014-03-18 00:00:00+01:00,178.6648565744395,181.2450933674808,177.4793279925806,180.6872100830078,1925561,0.0,0.0
2014-03-19 00:00:00+01:00,181.2451053105148,182.84905710236137,180.05959793242076,181.6635284423828,1481407,0.0,0.0
2014-03-20 00:00:00+01:00,181.66351621959151,182.8490447998047,180.89641074309372,182.8490447998047,1774005,0.0,0.0
2014-03-21 00:00:00+01:00,183.1977437835293,185.42929840254624,182.4306382374764,184.73193359375,4702459,0.0,0.0
2014-03-24 00:00:00+01:00,184.8016933669015,185.080635062776,180.12934015392682,180.9661865234375,1437561,0.0,0.0
2014-03-25 00:00:00+01:00,180.4082424007464,185.4292550819221,180.26876095881929,185.289794921875,1495984,0.0,0.0
2014-03-26 00:00:00+01:00,185.1503409472379,185.91744642787805,184.0345530919325,184.1042938232422,1155119,0.0,0.0
2014-03-27 00:00:00+01:00,183.54640197753903,184.10428523823532,182.77929653267,183.54640197753903,1161216,0.0,0.0
2014-03-28 00:00:00+01:00,183.75558418819685,185.9871595677505,183.5463833071862,185.289794921875,959781,0.0,0.0
2014-03-31 00:00:00+02:00,186.12663971404103,186.6148035313249,184.592450097502,184.80165100097656,1282331,0.0,0.0
2014-04-01 00:00:00+02:00,186.1963880712336,186.8937528205641,183.6161299859576,184.1042938232422,1102173,0.0,0.0
2014-04-02 00:00:00+02:00,184.5227062756828,184.80164790293347,182.50035287576293,183.6161193847656,932956,0.0,0.0
2014-04-03 00:00:00+02:00,183.75560391983896,185.3595342648304,182.63981611024903,184.80165100097656,838945,0.0,0.0
2014-04-04 00:00:00+02:00,185.4989934288872,185.4989934288872,183.19769863970183,183.9647827148437,831871,0.0,0.0
2014-04-07 00:00:00+02:00,181.3148196498317,182.0121843407926,179.29246630242142,180.54771423339844,1201745,0.0,0.0
2014-04-08 00:00:00+02:00,181.38456655103244,182.0121905378901,178.5951076922142,179.36221313476562,1230809,0.0,0.0
2014-04-09 00:00:00+02:00,179.4319674371021,179.71093040268084,177.40961362797376,178.2464599609375,1830724,0.0,0.0
2014-04-10 00:00:00+02:00,178.24643750995426,180.4082725295786,177.68854357189556,178.17669677734375,1024860,0.0,0.0
2014-04-11 00:00:00+02:00,176.08457368056665,176.43325600468657,172.66749116056732,174.82931518554688,1868867,0.0,0.0
2014-04-14 00:00:00+02:00,175.03856115740138,177.75827956442637,174.2714556369881,177.27012634277344,1406834,0.0,0.0
2014-04-15 00:00:00+02:00,179.43193482503273,180.40826246333657,176.08459266533575,176.64248657226562,1340319,0.0,0.0
2014-04-16 00:00:00+02:00,177.6885494704429,178.73458600773222,176.5727615572858,177.27012634277344,884429,0.0,0.0
2014-04-17 00:00:00+02:00,177.1306462459487,177.96748181656014,176.29381067533728,177.75827026367188,1179406,0.0,0.0
2014-04-22 00:00:00+02:00,179.50167504236566,180.5477221245262,178.31615714410535,179.083251953125,1183303,0.0,0.0
2014-04-23 00:00:00+02:00,179.7806225221214,181.59377511321745,178.66485595703125,178.66485595703125,971865,0.0,0.0
2014-04-24 00:00:00+02:00,179.5016684644781,180.61745623427075,177.06089202887983,177.96746826171875,1010758,0.0,0.0
2014-04-25 00:00:00+02:00,177.20041484235972,178.5951445596835,176.7819916707853,177.68856811523438,815741,0.0,0.0
2014-04-28 00:00:00+02:00,177.9674544080392,179.71087665297824,176.7819366455078,176.7819366455078,1017632,0.0,0.0
2014-04-29 00:00:00+02:00,177.5490558287521,179.08324539057062,177.06089202887983,177.96746826171875,1119935,0.0,0.0
2014-04-30 00:00:00+02:00,178.5951162156714,180.8266706400977,178.45563475332085,179.92010498046875,1160257,0.0,0.0
2014-05-02 00:00:00+02:00,179.92009534616514,179.92009534616514,177.13063650358893,177.61878967285156,1310172,0.0,0.0
2014-05-05 00:00:00+02:00,177.82800274875325,178.03721429194002,174.89907306696202,176.4332733154297,913369,0.0,0.0
2014-05-06 00:00:00+02:00,176.92141871696472,176.92141871696472,175.03853619287884,175.73590087890625,826016,0.0,0.0
2014-05-07 00:00:00+02:00,174.68986186403893,176.85169674627772,174.68986186403893,175.66616821289062,1134850,0.0,0.0
2014-05-08 00:00:00+02:00,176.85170959437366,176.99118041992188,175.59645088255596,176.99118041992188,1067833,0.0,0.0
2014-05-09 00:00:00+02:00,176.15433152611382,178.59510803222656,175.80564916809772,178.59510803222656,1102305,0.0,0.0
2014-05-12 00:00:00+02:00,179.01352939835428,179.08324884378192,176.991165356726,178.38589477539062,1206584,0.0,0.0
2014-05-13 00:00:00+02:00,179.57140393193038,180.05956771750743,177.6885214363662,179.5016632080078,1179119,0.0,0.0
2014-05-14 00:00:00+02:00,180.61745032674835,183.5463904664209,180.1990272665264,183.1977081298828,1420838,0.0,0.0
2014-05-15 00:00:00+02:00,183.40691410150745,186.1266321454957,183.19771320653967,185.4990081787109,1662972,0.0,0.0
2014-05-16 00:00:00+02:00,186.6845265469078,187.80029296875,185.49899812135004,187.80029296875,2514305,0.0,0.0
2014-05-19 00:00:00+02:00,187.1029349332311,188.2884634007289,185.7779462990096,187.242416381836,1214954,0.0,0.0
2014-05-20 00:00:00+02:00,186.26610550683984,187.31215250000983,185.28979923625727,185.56874084472656,836703,0.0,0.0
2014-05-21 00:00:00+02:00,185.42926745309447,186.3358543223449,184.80164348630976,185.4990081787109,703068,0.0,0.0
2014-05-22 00:00:00+02:00,185.28980379265488,187.5910987214669,183.8950744341309,187.242416381836,1229851,0.0,0.0
2014-05-23 00:00:00+02:00,187.45161006162897,187.9397738310852,186.19636219999907,187.17266845703125,723337,0.0,0.0
2014-05-26 00:00:00+02:00,186.89374963693325,186.89374963693325,185.56876089215243,186.475326538086,506131,0.0,0.0
2014-05-27 00:00:00+02:00,186.47534222644623,186.5450829624353,184.31350710209344,185.708236694336,870343,0.0,0.0
2014-05-28 00:00:00+02:00,185.01084899902344,185.35953135392688,184.5924471986449,185.01084899902344,702608,0.0,0.0
2014-05-30 00:00:00+02:00,185.3595302861495,185.3595302861495,183.755599975586,183.755599975586,1270656,0.0,0.0
2014-06-02 00:00:00+02:00,185.6384789908036,187.591091504868,184.31346912567395,187.17266845703125,1405057,0.0,0.0
2014-06-03 00:00:00+02:00,187.38192362774845,187.45164307976825,185.638511689574,186.3358764648437,813891,0.0,0.0
2014-06-04 00:00:00+02:00,186.5450778539712,187.730606487666,186.1963954654591,186.9635009765625,1107712,0.0,0.0
2014-06-05 00:00:00+02:00,187.45161006162897,188.2884561573024,187.03320829567247,187.17266845703125,1145766,0.0,0.0
2014-06-06 00:00:00+02:00,187.1029606921333,187.24244215994088,185.4990302217664,186.3358764648437,1153465,0.0,0.0
2014-06-10 00:00:00+02:00,188.2884790263045,190.03189086914065,187.87005592764723,190.03189086914065,1772971,0.0,0.0
2014-06-11 00:00:00+02:00,190.3108559048312,190.79901979359428,188.28850217488537,188.56744384765625,1189870,0.0,0.0
2014-06-12 00:00:00+02:00,188.00951080562544,188.70687544416123,186.75424168713312,187.52134704589844,852156,0.0,0.0
2014-06-13 00:00:00+02:00,186.6148236984244,186.963506096485,183.8951052499284,185.708236694336,1300497,0.0,0.0
2014-06-16 00:00:00+02:00,185.3595411042179,186.05690585070764,185.01085873097304,185.6385040283203,1108660,0.0,0.0
2014-06-17 00:00:00+02:00,186.0568914198793,186.0568914198793,184.4529611401092,185.4990081787109,958852,0.0,0.0
2014-06-18 00:00:00+02:00,185.42927499328263,186.405581345968,184.3134871836928,184.80165100097656,1499950,0.0,0.0
2014-06-19 00:00:00+02:00,185.91743555602545,185.98717628325693,184.8016477659677,185.7779541015625,1080449,0.0,0.0
2014-06-20 00:00:00+02:00,186.47530724981723,188.4279410818377,185.6384824205633,187.59109497070312,2429780,0.0,0.0
2014-06-23 00:00:00+02:00,186.8937451632518,186.8937451632518,183.4766622879121,184.80165100097656,1061925,0.0,0.0
2014-06-24 00:00:00+02:00,184.8016547796181,185.1503371471268,183.755607677092,184.45297241210932,868320,0.0,0.0
2014-06-25 00:00:00+02:00,183.47664279357687,183.96478527711332,181.94243205816483,182.36085510253903,1256685,0.0,0.0
2014-06-26 00:00:00+02:00,182.01218371324464,183.5463945408215,181.6635013689664,182.08192443847656,1252638,0.0,0.0
2014-06-27 00:00:00+02:00,182.70955377573048,184.1042831938658,181.9424483393796,183.6161193847656,803936,0.0,0.0
2014-06-30 00:00:00+02:00,183.89508913684853,185.2200778770051,183.54640676933985,184.45297241210932,1171944,0.0,0.0
2014-07-01 00:00:00+02:00,184.2437438964844,185.08056868398225,183.8253208617957,184.2437438964844,939035,0.0,0.0
2014-07-02 00:00:00+02:00,184.45296468137565,185.70821263904435,183.05823526979623,183.755599975586,954366,0.0,0.0
2014-07-03 00:00:00+02:00,183.54638503350023,187.3818906218897,183.26742214702227,187.17266845703125,1142089,0.0,0.0
2014-07-04 00:00:00+02:00,186.68453689774407,187.5911024862261,186.405573994936,186.89373779296875,519893,0.0,0.0
2014-07-07 00:00:00+02:00,186.3358422125927,187.45160862241696,185.9871598890525,186.6845245361328,716272,0.0,0.0
2014-07-08 00:00:00+02:00,186.89376875404696,187.3121918956942,186.1266632080078,186.1266632080078,818746,0.0,0.0
2014-07-09 00:00:00+02:00,186.33587346022875,186.33587346022875,183.8253560533621,185.1503448486328,655548,0.0,0.0
2014-07-10 00:00:00+02:00,184.8016575746325,185.3595408583309,182.36088096515616,182.8490447998047,979542,0.0,0.0
2014-07-11 00:00:00+02:00,182.84902579334468,183.61610990822385,181.6634973363627,183.1977081298828,753850,0.0,0.0
2014-07-14 00:00:00+02:00,184.1740115205,186.8937294463657,183.47664685838663,185.56874084472656,785919,0.0,0.0
2014-07-15 00:00:00+02:00,184.8016437131967,187.73058393763017,184.73190298749464,186.89373779296875,897240,0.0,0.0
2014-07-16 00:00:00+02:00,188.0792704089094,188.6371536629973,185.15033012024315,185.7779541015625,1083766,0.0,0.0
2014-07-17 00:00:00+02:00,184.52271692921715,186.54507044589883,183.96481236062283,184.1042938232422,901985,0.0,0.0
2014-07-18 00:00:00+02:00,183.7555930765234,184.24375686500093,182.84902750578635,182.9187469482422,980486,0.0,0.0
2014-07-21 00:00:00+02:00,182.8490352302968,184.6621664483672,182.50035287576293,183.6161193847656,807877,0.0,0.0
2014-07-22 00:00:00+02:00,184.66216203507693,185.91743125052795,183.89507789894083,185.4990081787109,658943,0.0,0.0
2014-07-23 00:00:00+02:00,184.8016549230293,186.33586585401133,184.5227132851824,185.8477020263672,812380,0.0,0.0
2014-07-24 00:00:00+02:00,188.28849703551663,189.40428497803003,186.6845664994496,187.0332489013672,2253365,0.0,0.0
2014-07-25 00:00:00+02:00,186.9634860651568,187.03322679367372,185.28981499016035,186.1963806152344,913262,0.0,0.0
2014-07-28 00:00:00+02:00,186.12665126189103,186.47533364390355,184.52272081738707,185.1503448486328,655117,0.0,0.0
2014-07-29 00:00:00+02:00,185.84769138759,186.4753153572881,185.15032669195176,185.35952758789065,1487869,0.0,0.0
2014-07-30 00:00:00+02:00,185.4990035730853,187.1029338130325,185.15032123554192,185.98716735839844,906656,0.0,0.0
2014-07-31 00:00:00+02:00,185.4990186414317,186.8937481049012,184.38323081427967,184.5924530029297,1201258,0.0,0.0
2014-08-04 00:00:00+02:00,184.5924530029297,184.5924530029297,184.5924530029297,184.5924530029297,0,0.0,0.0
2014-08-05 00:00:00+02:00,182.63981304844728,185.0805895301841,182.1516705212291,183.6161193847656,978527,0.0,0.0
2014-08-06 00:00:00+02:00,182.639818681978,182.9885010472669,179.98984121853496,181.8029937744141,1194280,0.0,0.0
2014-08-07 00:00:00+02:00,180.268782701406,181.1753483376349,179.71089943017017,180.40826416015625,1109470,0.0,0.0
2014-08-08 00:00:00+02:00,179.0135232842288,181.45429968352823,176.85168850275875,180.0595703125,1703535,0.0,0.0
2014-08-11 00:00:00+02:00,181.1753874748716,181.9424930999418,180.4780225942417,180.9661865234375,757608,0.0,0.0
2014-08-12 00:00:00+02:00,181.105618755296,181.3148196498317,180.199031887918,180.54771423339844,739127,0.0,0.0
2014-08-13 00:00:00+02:00,181.1753645748894,181.6635284423828,180.19905812178703,181.6635284423828,654202,0.0,0.0
2014-08-14 00:00:00+02:00,180.6872069570369,183.47666589490893,180.61746622721355,183.0582427978516,1190063,0.0,0.0
2014-08-15 00:00:00+02:00,184.52270937026083,184.8016510021896,181.24508666992188,181.24508666992188,1004541,0.0,0.0
2014-08-18 00:00:00+02:00,182.8490372607276,184.10428523823532,182.36087344620665,183.54640197753903,780908,0.0,0.0
2014-08-19 00:00:00+02:00,183.54640727172023,185.1503376538973,183.40692581158189,185.08059692382807,722366,0.0,0.0
2014-08-20 00:00:00+02:00,185.1503448486328,186.1963919946703,184.9411439321788,185.1503448486328,798740,0.0,0.0
2014-08-21 00:00:00+02:00,185.4990090397709,186.1963737354092,184.94112579601293,185.35952758789065,808852,0.0,0.0
2014-08-22 00:00:00+02:00,185.15034911582228,185.70823242714644,184.24378341444952,185.4292907714844,676092,0.0,0.0
2014-08-25 00:00:00+02:00,185.9174191679685,186.8239846964208,185.63847756551243,186.6845245361328,747657,0.0,0.0
2014-08-26 00:00:00+02:00,186.7542834833824,188.0792936186461,186.1266594246117,187.8700714111328,886113,0.0,0.0
2014-08-27 00:00:00+02:00,187.3819313032848,187.6608729684419,185.70823874857228,187.0332489013672,1240160,0.0,0.0
2014-08-28 00:00:00+02:00,186.6845669384903,187.033249341228,184.7319327140285,186.26614379882807,1197107,0.0,0.0
2014-08-29 00:00:00+02:00,186.61478381504875,187.312148462129,185.2897952419723,186.6845245361328,975342,0.0,0.0
2014-09-01 00:00:00+02:00,186.8239867086979,187.8700336905852,186.1266220541064,187.80029296875,915735,0.0,0.0
2014-09-02 00:00:00+02:00,188.1489709642047,188.1489709642047,186.5450408083243,187.52134704589844,1003045,0.0,0.0
2014-09-03 00:00:00+02:00,187.80031078629864,189.6134633166355,187.5213691543735,188.35821533203125,1153271,0.0,0.0
2014-09-04 00:00:00+02:00,188.00955333458344,188.98585979300432,187.52138946443068,188.4976959228516,1220627,0.0,0.0
2014-09-05 00:00:00+02:00,187.93977441242043,188.14897529604576,186.54504510323736,187.80029296875,1056116,0.0,0.0
2014-09-08 00:00:00+02:00,188.0792822439447,188.9858479093544,187.52137767286828,188.9161071777344,901002,0.0,0.0
2014-09-09 00:00:00+02:00,188.63716089224133,189.54372653534747,188.21873779469905,189.40426635742188,880703,0.0,0.0
2014-09-10 00:00:00+02:00,189.19502087936968,189.6831846467273,188.56739695125287,189.47398376464844,752467,0.0,0.0
2014-09-11 00:00:00+02:00,189.6831869531528,192.33316414048144,189.4739860685302,191.98448181152344,1494222,0.0,0.0
2014-09-12 00:00:00+02:00,191.9844723051682,192.12395374259697,190.6594837771124,191.56607055664065,863750,0.0,0.0
2014-09-15 00:00:00+02:00,191.217409165196,192.68185800902003,190.5200444655153,192.3331756591797,1093988,0.0,0.0
2014-09-16 00:00:00+02:00,192.6818459167506,193.5884327385692,191.9844812608349,193.5186920166016,1089915,0.0,0.0
2014-09-17 00:00:00+02:00,194.0765803793704,195.9594735130668,193.79763876597707,195.8199920654297,1608326,0.0,0.0
2014-09-18 00:00:00+02:00,196.09895150358705,197.91208259961948,195.471306282166,197.5634002685547,1573878,0.0,0.0
2014-09-19 00:00:00+02:00,198.74893075333367,198.74893075333367,196.6568367454039,197.49368286132807,2772912,0.0,0.0
2014-09-22 00:00:00+02:00,196.86603763344456,197.98182536071664,196.0292127994011,197.49368286132807,1173498,0.0,0.0
2014-09-23 00:00:00+02:00,197.49369037945075,197.7726320014172,195.40159629187977,196.7963256835937,1379048,0.0,0.0
2014-09-24 00:00:00+02:00,197.0752388535469,197.98180431452627,196.7962972718516,197.9120635986328,1179077,0.0,0.0
2014-09-25 00:00:00+02:00,197.91210458917232,199.0976331592661,196.65685657062363,197.0055389404297,1375789,0.0,0.0
2014-09-26 00:00:00+02:00,197.00554311240845,197.77264859860333,195.88975524902344,195.88975524902344,1054083,0.0,0.0
2014-09-29 00:00:00+02:00,196.51735878253788,196.7265809561683,194.4252647375206,195.75027465820312,1083284,0.0,0.0
2014-09-30 00:00:00+02:00,195.75027917703872,197.4936909214659,195.05291447926783,197.4239501953125,1274229,0.0,0.0
2014-10-01 00:00:00+02:00,196.30817420081755,198.60946932878448,196.30817420081755,197.0055389404297,1045739,0.0,0.0
2014-10-02 00:00:00+02:00,196.6568376466977,197.28446159557697,193.0305328369141,193.0305328369141,1312846,0.0,0.0
2014-10-03 00:00:00+02:00,194.564727167261,195.4015732162159,192.2634324554536,193.9371032714844,987107,0.0,0.0
2014-10-06 00:00:00+02:00,194.9134245202609,196.6568361885995,194.3555412991448,194.7042236328125,835781,0.0,0.0
2014-10-07 00:00:00+02:00,194.0068548588257,194.0068548588257,188.6371385212541,189.33450317382807,1617198,0.0,0.0
2014-10-08 00:00:00+02:00,188.2884587784852,188.6371411095565,186.1963647920576,187.73057556152344,1488659,0.0,0.0
2014-10-09 00:00:00+02:00,190.52005426736287,190.52005426736287,185.70822056650235,185.8477020263672,1426047,0.0,0.0
2014-10-10 00:00:00+02:00,185.6384966550968,185.77795682972567,183.05823868281468,184.1740264892578,1374329,0.0,0.0
2014-10-13 00:00:00+02:00,182.0121916046272,185.2898142957009,181.8727101481159,184.1740264892578,1407558,0.0,0.0
2014-10-14 00:00:00+02:00,183.40692530958324,184.94113623937469,181.8727143797918,184.45297241210932,1372563,0.0,0.0
2014-10-15 00:00:00+02:00,183.68585534272245,183.8253367936672,178.1069378150353,180.54771423339844,2249887,0.0,0.0
2014-10-16 00:00:00+02:00,183.0582580273531,184.73192927294056,175.5964568759504,181.6635284423828,3935279,0.0,0.0
2014-10-17 00:00:00+02:00,182.0819136090272,187.7305715067532,181.454289683031,186.6845245361328,4403050,0.0,0.0
2014-10-20 00:00:00+02:00,186.8937564513261,187.8700628629787,184.1740381324783,187.3121795654297,1449233,0.0,0.0
2014-10-21 00:00:00+02:00,188.00950672100072,191.56607055664065,186.7542376297799,191.56607055664065,2376159,0.0,0.0
2014-10-22 00:00:00+02:00,191.91480053594327,194.3555773240289,190.5200709427515,194.0766143798828,1533508,0.0,0.0
2014-10-23 00:00:00+02:00,193.51871547316608,195.1226458634337,192.2634674531204,194.8437042236328,1314581,0.0,0.0
2014-10-24 00:00:00+02:00,194.84370751980785,194.84370751980785,192.89109472628587,193.86740112304688,1181668,0.0,0.0
2014-10-27 00:00:00+01:00,195.40160814155345,195.40160814155345,192.2634668198918,192.82135009765625,1152573,0.0,0.0
2014-10-28 00:00:00+01:00,193.23973865798163,195.19235106303765,193.10025722252945,193.9371032714844,1038966,0.0,0.0
2014-10-29 00:00:00+01:00,194.42524611726387,195.68051519318485,193.6581620663933,195.3318328857422,1290461,0.0,0.0
2014-10-30 00:00:00+01:00,196.44765616092363,197.98184582284097,194.42528138540052,197.63316345214844,1171169,0.0,0.0
2014-10-31 00:00:00+01:00,198.74894231909056,199.79498938392788,196.93578981699616,197.8423767089844,1984832,0.0,0.0
2014-11-03 00:00:00+01:00,197.84234975570504,197.91206919169025,194.006844373836,195.3318328857422,1222302,0.0,0.0
2014-11-04 00:00:00+01:00,195.47134692547843,198.4700283652637,195.19240525900383,196.6568756103516,1388673,0.0,0.0
2014-11-05 00:00:00+01:00,197.35420650462208,200.00418380359235,197.35420650462208,199.79498291015625,1272872,0.0,0.0
2014-11-06 00:00:00+01:00,199.7252384381197,200.14366149902347,197.84236658687416,200.14366149902344,1268617,0.0,0.0
2014-11-07 00:00:00+01:00,200.56209604188496,200.8410376711629,195.88974394442104,196.935791015625,1407175,0.0,0.0
2014-11-10 00:00:00+01:00,196.23843735060163,198.0515899658203,196.09897716905147,198.0515899658203,781123,0.0,0.0
2014-11-11 00:00:00+01:00,198.95814137874865,199.79498753562967,197.4239518003092,199.30682373046875,1046271,0.0,0.0
2014-11-12 00:00:00+01:00,198.1910718135904,198.88843656834345,196.51737937667613,197.28448486328125,1205980,0.0,0.0
2014-11-13 00:00:00+01:00,197.35419910187755,198.4002460935836,196.0292105020926,198.3305053710937,1114906,0.0,0.0
2014-11-14 00:00:00+01:00,199.23711512646383,199.9344798678489,197.00553944127847,197.63316345214844,1018088,0.0,0.0
2014-11-17 00:00:00+01:00,196.09899140336768,198.470027480661,195.68056826457828,198.1910858154297,942238,0.0,0.0
2014-11-18 00:00:00+01:00,198.26079011901,200.00420199582817,198.05158920654512,199.58580017089844,1013156,0.0,0.0
2014-11-19 00:00:00+01:00,198.88843351138243,201.0502471923828,198.67921131904225,201.0502471923828,1224539,0.0,0.0
2014-11-20 00:00:00+01:00,200.5621046406885,201.32921011550303,199.51605752463684,201.0502471923828,811043,0.0,0.0
2014-11-21 00:00:00+01:00,201.53839167201696,202.79363957798304,200.6318261045839,202.166015625,1566776,0.0,0.0
2014-11-24 00:00:00+01:00,201.60815175674023,202.16603503921456,200.8410462819257,201.0502471923828,953958,0.0,0.0
2014-11-25 00:00:00+01:00,200.4923522390699,202.09628254422967,199.2371042856302,199.30682373046875,1546287,0.0,0.0
2014-11-26 00:00:00+01:00,199.306837735312,200.77130797181783,199.306837735312,200.2134246826172,1662777,0.0,0.0
2014-11-27 00:00:00+01:00,200.21340304196812,202.2357563490828,200.21340304196812,202.166015625,809504,0.0,0.0
2014-11-28 00:00:00+01:00,202.51471703766995,203.14234104976663,200.07394043805164,201.81735229492188,1101982,0.0,0.0
2014-12-01 00:00:00+01:00,200.8410238401696,203.4212816175352,200.8410238401696,203.142318725586,934471,0.0,0.0
2014-12-02 00:00:00+01:00,203.63051649146328,205.0252460564733,202.93315170895823,203.560775756836,1421440,0.0,0.0
2014-12-03 00:00:00+01:00,204.25812952421376,206.28048302804103,203.0028814961508,203.83970642089844,1421214,0.0,0.0
2014-12-04 00:00:00+01:00,203.9094232568904,205.4436340286344,202.375233767027,203.28179931640625,1261251,0.0,0.0
2014-12-05 00:00:00+01:00,204.7462693700096,205.44363403320312,203.2817993209269,205.44363403320312,1080166,0.0,0.0
2014-12-08 00:00:00+01:00,205.094974484588,205.7225984948057,203.97918664315483,204.7462921142578,853486,0.0,0.0
2014-12-09 00:00:00+01:00,204.04891570350813,204.95548130176456,202.0265623276333,203.0028686523437,1358175,0.0,0.0
2014-12-10 00:00:00+01:00,202.8634075182822,203.7699944892244,201.398937243594,201.74761962890625,1145205,0.0,0.0
2014-12-11 00:00:00+01:00,200.9108056246565,204.25814819335932,200.84106488741577,204.25814819335932,1327852,0.0,0.0
2014-12-12 00:00:00+01:00,203.2818025329803,203.839685759598,199.7252384381197,200.14366149902344,1242847,0.0,0.0
2014-12-15 00:00:00+01:00,199.4463240247978,200.0739480608068,194.7739715576172,194.7739715576172,1611094,0.0,0.0
2014-12-16 00:00:00+01:00,194.3555849142141,196.30819790818427,190.58979784002287,196.1687164306641,2372782,0.0,0.0
2014-12-17 00:00:00+01:00,194.9134253771929,195.7502714944269,193.51869603639008,194.5647430419922,2531888,0.0,0.0
2014-12-18 00:00:00+01:00,197.42396158483388,201.32920837402344,196.9357977554791,201.32920837402344,2136187,0.0,0.0
2014-12-19 00:00:00+01:00,195.26215040358483,195.26215040358483,188.56744384765625,188.56744384765625,7906242,0.0,0.0
2014-12-22 00:00:00+01:00,189.7529425699971,192.1937190642921,189.47400094131123,190.5897674560547,2253792,0.0,0.0
2014-12-23 00:00:00+01:00,191.07793348659536,192.1239805677264,187.7305913397292,188.35821533203125,1561781,0.0,0.0
2014-12-29 00:00:00+01:00,189.0555728271138,189.4042551741642,187.80030360860337,188.28846740722656,1254866,0.0,0.0
2014-12-30 00:00:00+01:00,187.87005237922943,189.40426328470085,187.17268765526657,188.2187347412109,1147983,0.0,0.0
2015-01-05 00:00:00+01:00,190.0318692821108,194.21605722960683,188.7068806884465,191.98448181152344,2718534,0.0,0.0
2015-01-06 00:00:00+01:00,191.7752921963495,194.0068677455688,190.65950442173988,190.93844604492188,2202793,0.0,0.0
2015-01-07 00:00:00+01:00,191.4266098469016,191.7752921963495,190.3805627985579,190.93844604492188,1558734,0.0,0.0
2015-01-08 00:00:00+01:00,193.72793490765616,197.35424041748047,193.1003108376172,196.6568756103516,1692332,0.0,0.0
2015-01-09 00:00:00+01:00,193.9371032714844,195.6107740875151,192.9607970689564,193.9371032714844,2200339,0.0,0.0
2015-01-12 00:00:00+01:00,196.2384406343966,198.6094765792588,194.14634633918573,197.0752868652344,1907523,0.0,0.0
2015-01-13 00:00:00+01:00,196.93580134900483,200.49236583409052,196.0989764172621,199.58580017089844,1974053,0.0,0.0
2015-01-14 00:00:00+01:00,197.7726402693308,200.00419462023456,196.44765154818745,198.121322631836,1692188,0.0,0.0
2015-01-15 00:00:00+01:00,201.67788899411727,201.81734917137868,166.87938248500177,181.035888671875,12243776,0.0,0.0
2015-01-16 00:00:00+01:00,175.73591801092053,176.3635420331543,167.08859931755347,172.38856506347656,6176903,0.0,0.0
2015-01-19 00:00:00+01:00,175.73589769312878,178.8042979996485,174.2714276226432,176.7122039794922,2779511,0.0,0.0
2015-01-20 00:00:00+01:00,179.36220569219142,180.0595703779591,176.36352477426178,177.89773559570312,2439952,0.0,0.0
2015-01-21 00:00:00+01:00,178.73456001545364,178.73456001545364,170.2964537227207,172.94644165039062,2786358,0.0,0.0
2015-01-22 00:00:00+01:00,172.8767001692779,173.64380557477966,166.530687956531,168.7622528076172,3436825,0.0,0.0
2015-01-23 00:00:00+01:00,171.2030375836843,174.34117880212256,168.55304953770386,173.64381408691406,2496800,0.0,0.0
2015-01-26 00:00:00+01:00,173.71354748109724,178.52535955651774,173.64380675614422,177.89773559570312,2238563,0.0,0.0
2015-01-27 00:00:00+01:00,180.1292952487732,180.19903597582768,177.61878868892623,179.4319305419922,2641188,0.0,0.0
2015-01-28 00:00:00+01:00,175.8753546725611,178.9437653787874,172.1095899887147,175.52667236328125,2896207,0.0,0.0
2015-01-29 00:00:00+01:00,175.38722453492545,178.1069426470827,173.22538967791976,176.22406005859375,2592076,0.0,0.0
2015-01-30 00:00:00+01:00,178.31616682944488,178.45563765312016,173.36488342285156,173.36488342285156,2503227,0.0,0.0
2015-02-02 00:00:00+01:00,175.45695876943384,176.71220668801482,172.3885477749432,172.94644165039062,2082719,0.0,0.0
2015-02-03 00:00:00+01:00,174.06224685766938,174.41092923467517,171.13330637806737,172.38856506347656,2133400,0.0,0.0
2015-02-04 00:00:00+01:00,175.6661489625724,177.6885128077753,174.41090112044503,176.7819366455078,2837199,0.0,0.0
2015-02-05 00:00:00+01:00,176.2937945110006,176.50300604470632,173.922748197237,174.34117126464844,1556646,0.0,0.0
2015-02-06 00:00:00+01:00,173.92273901464702,175.80563207764672,172.38853891670732,174.82931518554688,1456382,0.0,0.0
2015-02-09 00:00:00+01:00,172.59776457501448,173.15565846748555,170.57541118586542,171.41224670410156,2684973,0.0,0.0
2015-02-10 00:00:00+01:00,170.1569901446907,171.69119038665954,169.45962543098295,170.85435485839844,2057211,0.0,0.0
2015-02-11 00:00:00+01:00,170.99385627828647,171.90043269655834,168.41360850393036,169.45965576171875,1713561,0.0,0.0
2015-02-12 00:00:00+01:00,169.94778428361053,170.36620738219915,168.1346423519231,168.5530548095703,1979112,0.0,0.0
2015-02-13 00:00:00+01:00,169.04120557263863,169.8780517578125,168.13463994026904,169.8780517578125,2116866,0.0,0.0
2015-02-16 00:00:00+01:00,170.1570037255073,173.29514518765805,169.73858060751044,172.03988647460938,1746551,0.0,0.0
2015-02-17 00:00:00+01:00,173.2951296853507,174.55038828610884,171.97014099845882,174.2017059326172,2169292,0.0,0.0
2015-02-18 00:00:00+01:00,174.34117523860743,175.9451161789908,173.643810537653,175.38722229003906,1670576,0.0,0.0
2015-02-19 00:00:00+01:00,176.22409551086602,179.08328501201493,175.45700056024015,178.2464599609375,2088053,0.0,0.0
2015-02-20 00:00:00+01:00,179.2227411013082,180.40826969138533,177.2003875787207,179.78062438964844,3118174,0.0,0.0
2015-02-23 00:00:00+01:00,180.9661530911207,181.8029993060295,180.1990476077682,181.17535400390625,1729057,0.0,0.0
2015-02-24 00:00:00+01:00,181.17534436749176,181.17534436749176,178.87404932171958,179.36221313476562,1884655,0.0,0.0
2015-02-25 00:00:00+01:00,179.85034844657778,180.408252965076,177.8977358365375,179.29246520996094,1557584,0.0,0.0
2015-02-26 00:00:00+01:00,179.85035671119337,180.61746215820312,178.80430963305707,180.61746215820312,1831750,0.0,0.0
2015-02-27 00:00:00+01:00,180.96614538560755,181.87271101158788,179.08325212317774,180.4779815673828,1769532,0.0,0.0
2015-03-02 00:00:00+01:00,181.3148118527,182.01217651367188,179.71088164521672,182.01217651367188,1718635,0.0,0.0
2015-03-03 00:00:00+01:00,183.75559575007512,184.2437595456552,181.3148193359375,181.3148193359375,2445415,0.0,0.0
2015-03-04 00:00:00+01:00,182.43063691318653,183.4766841187875,181.03590730571847,181.454330444336,2704258,0.0,0.0
2015-03-05 00:00:00+01:00,183.18107108856472,185.6273181770246,183.1091181242355,184.2602996826172,3067437,8.0,0.0
2015-03-06 00:00:00+01:00,184.9797951053631,188.07357512098343,184.90784213726337,187.06629943847656,2119080,0.0,0.0
2015-03-09 00:00:00+01:00,187.0662858261079,187.8577245036876,185.05173460768825,186.70654296875,1116529,0.0,0.0
2015-03-10 00:00:00+01:00,187.282124123852,188.1455157705936,185.843152683924,186.4907073974609,2059692,0.0,0.0
2015-03-11 00:00:00+01:00,186.85043814425765,188.2174565321756,186.7784851855335,187.35406494140625,3884952,0.0,0.0
2015-03-12 00:00:00+01:00,187.06628464120092,190.6637131919933,186.9943316787929,190.3039703369141,1885337,0.0,0.0
2015-03-13 00:00:00+01:00,190.08816419774536,190.5198381281953,188.57723957027588,190.1600952148437,1585713,0.0,0.0
2015-03-16 00:00:00+01:00,190.3039825556316,191.8868600023955,189.2247539211006,190.8795623779297,2071558,0.0,0.0
2015-03-17 00:00:00+01:00,191.74295574628275,192.10269862760785,189.6564514259897,190.5198211669922,1568005,0.0,0.0
2015-03-18 00:00:00+01:00,191.2392892696154,192.75021362304688,190.44787256935408,192.75021362304688,1784571,0.0,0.0
2015-03-19 00:00:00+01:00,192.82217474794132,195.9159545898437,192.5343848486652,195.9159545898437,2665840,0.0,0.0
2015-03-20 00:00:00+01:00,195.4123119122268,197.7866058349609,195.2684059957749,197.7866058349609,3624245,0.0,0.0
2015-03-23 00:00:00+01:00,197.78662440777595,197.85857737275848,196.9232546988721,197.067138671875,1370277,0.0,0.0
2015-03-24 00:00:00+01:00,196.13181651056905,198.2902737239129,194.62089206983592,195.3403778076172,1353248,0.0,0.0
2015-03-25 00:00:00+01:00,194.6928536729239,195.8440352958408,192.03074754223888,193.39776611328125,1415113,0.0,0.0
2015-03-26 00:00:00+01:00,191.7429204478764,192.1026632629756,188.0015863880611,189.87225341796875,1773065,0.0,0.0
2015-03-27 00:00:00+01:00,190.5917649068587,192.53438515474457,188.6491666159348,189.36865234375,1539840,0.0,0.0
2015-03-30 00:00:00+02:00,190.37592165766213,192.31851988416165,189.656435953708,190.6637115478516,1519219,0.0,0.0
2015-03-31 00:00:00+02:00,192.10271099899705,195.2684441671382,191.8868740390873,192.89414978027344,2545910,0.0,0.0
2015-04-01 00:00:00+02:00,192.24658844581973,194.4769765574792,192.1746354841943,192.39047241210932,1281685,0.0,0.0
2015-04-02 00:00:00+02:00,192.3904679062048,193.5416493943664,191.09540245512332,191.7429351806641,1014645,0.0,0.0
2015-04-07 00:00:00+02:00,193.0380116831581,196.9951831798509,192.3904789205461,195.9159545898437,1383321,0.0,0.0
2015-04-08 00:00:00+02:00,196.779340087382,197.6427317151568,195.3403686790648,195.628158569336,1155048,0.0,0.0
2015-04-09 00:00:00+02:00,196.27569476308992,198.79389477192623,196.1318107939048,198.290267944336,1355321,0.0,0.0
2015-04-10 00:00:00+02:00,198.0024762436759,200.2328643798828,198.0024762436759,200.2328643798828,1293694,0.0,0.0
2015-04-13 00:00:00+02:00,200.9523439314628,201.1682028120992,197.85856425498727,199.945068359375,968360,0.0,0.0
2015-04-14 00:00:00+02:00,200.6645648766793,201.02430774019325,197.93052789675812,199.29754638671875,1064099,0.0,0.0
2015-04-15 00:00:00+02:00,199.29753574718472,200.7365071244208,198.2902601745117,198.3622131347656,1181869,0.0,0.0
2015-04-16 00:00:00+02:00,199.15363039145632,199.3694892728303,197.85856493105555,198.07440185546875,933474,0.0,0.0
2015-04-17 00:00:00+02:00,198.43414690248653,198.8658427130635,194.0453017063434,194.4050445556641,1917938,0.0,0.0
2015-04-20 00:00:00+02:00,195.4123484441696,198.21833868387333,195.1245585144243,196.4915771484375,1343624,0.0,0.0
2015-04-21 00:00:00+02:00,197.57077996368605,199.58533116488704,196.99517822265625,196.99517822265625,1444033,0.0,0.0
2015-04-22 00:00:00+02:00,201.09625436665183,202.46327281353024,199.44144602942453,200.5926055908203,1843810,0.0,0.0
2015-04-23 00:00:00+02:00,201.5998953348613,202.17547509326792,199.7292281845991,200.66455078125,1432772,0.0,0.0
2015-04-24 00:00:00+02:00,200.73652705776016,201.88770866525465,198.4341638427713,199.009765625,1130774,0.0,0.0
2015-04-27 00:00:00+02:00,200.0170258101224,200.66455855264783,196.85129310236164,200.5926055908203,1004034,0.0,0.0
2015-04-28 00:00:00+02:00,199.58531734518672,199.65727030245344,194.90866056332743,196.6354217529297,1878487,0.0,0.0
2015-04-29 00:00:00+02:00,197.64274347280133,198.50611319497628,193.10997009277344,193.10997009277344,1611122,0.0,0.0
2015-04-30 00:00:00+02:00,193.68558378936424,194.1172576985478,190.4478977287045,193.8294677734375,1834791,0.0,0.0
2015-05-04 00:00:00+02:00,192.89412374484613,194.6928380245315,192.67826485710708,193.54165649414065,1089969,0.0,0.0
2015-05-05 00:00:00+02:00,193.7574922229473,196.8512939389906,192.1746368408203,192.1746368408203,1397579,0.0,0.0
2015-05-06 00:00:00+02:00,190.66368902297245,191.95875435430733,187.8576995004412,188.864974975586,2271284,0.0,0.0
2015-05-07 00:00:00+02:00,187.8577245036876,188.57721021840337,184.04444801999767,186.70654296875,2328440,0.0,0.0
2015-05-08 00:00:00+02:00,189.44058122944645,192.24659310207124,187.28212407017304,191.4551544189453,1621661,0.0,0.0
2015-05-11 00:00:00+02:00,192.5343796945257,192.6782636618311,189.80032083218785,192.1746368408203,1187342,0.0,0.0
2015-05-12 00:00:00+02:00,191.3831972518057,191.7429401037828,188.72109136439084,190.6637115478516,1511459,0.0,0.0
2015-05-13 00:00:00+02:00,192.10267763665243,193.46969604492188,191.02344911060385,193.46969604492188,1929818,0.0,0.0
2015-05-15 00:00:00+02:00,200.0170514733153,200.30484140058908,196.851318359375,196.851318359375,2968262,0.0,0.0
2015-05-18 00:00:00+02:00,197.858574932663,199.801195178423,196.9232522703116,199.29754638671875,1477174,0.0,0.0
2015-05-19 00:00:00+02:00,200.01702744959223,201.3120929452583,199.5133786696325,200.2328643798828,1394764,0.0,0.0
2015-05-20 00:00:00+02:00,200.7365312207888,200.80848418968,198.65002686472525,199.8012084960937,998186,0.0,0.0
2015-05-21 00:00:00+02:00,198.9378118023012,200.88043212890625,198.9378118023012,200.88043212890625,1203678,0.0,0.0
2015-05-22 00:00:00+02:00,200.3767641636871,201.0242968916749,198.9377927872872,199.945068359375,1020539,0.0,0.0
2015-05-26 00:00:00+02:00,199.65729228104192,200.59261495759165,198.21832080514253,198.7219696044922,1273207,0.0,0.0
2015-05-27 00:00:00+02:00,199.72923048869308,202.4632673081053,199.5853245689512,201.9596405029297,1761181,0.0,0.0
2015-05-28 00:00:00+02:00,201.7437602786512,203.4705213480588,201.67180732639287,203.2546844482422,1446623,0.0,0.0
2015-05-29 00:00:00+02:00,203.25472097079043,203.97420670874013,198.7219696044922,198.7219696044922,2499725,0.0,0.0
2015-06-01 00:00:00+02:00,202.8949510158524,203.9741794787026,201.2401428222656,201.2401428222656,1915844,0.0,0.0
2015-06-02 00:00:00+02:00,201.0242975785603,201.09625053901823,197.3549161648104,198.07440185546875,1691102,0.0,0.0
2015-06-03 00:00:00+02:00,199.15364182305584,200.44872931475652,197.8585762883171,199.0817108154297,1271749,0.0,0.0
2015-06-04 00:00:00+02:00,198.6500035821719,199.15363039145632,195.05257512888,198.07440185546875,1496142,0.0,0.0
2015-06-05 00:00:00+02:00,196.4915593794597,196.85130224835032,194.1891962357747,195.3403778076172,1404108,0.0,0.0
2015-06-08 00:00:00+02:00,194.4050448387378,195.05257757706568,193.82944310481005,194.2611389160156,960307,0.0,0.0
2015-06-09 00:00:00+02:00,192.8221634272875,193.3258121891729,190.7356593338321,191.8868408203125,1700001,0.0,0.0
2015-06-10 00:00:00+02:00,191.88687405551784,197.42690161099816,191.88687405551784,196.1318359375,1722010,0.0,0.0
2015-06-11 00:00:00+02:00,197.0671124298972,199.3694752609764,196.63541665444995,197.85855102539065,1324834,0.0,0.0
2015-06-12 00:00:00+02:00,197.0671334767295,197.71466623057745,192.89412510129907,193.3258209228516,1452893,0.0,0.0
2015-06-15 00:00:00+02:00,191.95876628774667,193.03799478327065,189.36863546405712,189.72837829589844,1748012,0.0,0.0
2015-06-16 00:00:00+02:00,188.86501678352064,192.67828262531685,188.1455310052977,191.311264038086,1651547,0.0,0.0
2015-06-17 00:00:00+02:00,191.023457700556,191.95878034907352,189.87227616294564,189.94422912597656,1591528,0.0,0.0
2015-06-18 00:00:00+02:00,190.3039564213163,190.3039564213163,185.69925260440417,190.088119506836,2471024,0.0,0.0
2015-06-19 00:00:00+02:00,191.45513786478423,192.82215622273256,190.088119506836,190.088119506836,3352916,0.0,0.0
2015-06-22 00:00:00+02:00,192.10268372251463,194.3330938050672,191.38319801568875,193.7574920654297,1549537,0.0,0.0
2015-06-23 00:00:00+02:00,194.69283430641687,196.6354325172017,194.0453015694886,195.98789978027344,1343935,0.0,0.0
2015-06-24 00:00:00+02:00,194.98063047330103,196.4915548794312,192.89412627291264,194.69284057617188,1510285,0.0,0.0
2015-06-25 00:00:00+02:00,193.46971574498417,196.6354486856856,193.1099728663372,194.11724853515625,1268163,0.0,0.0
2015-06-26 00:00:00+02:00,193.6855715713372,194.69284722416447,191.3112554357844,193.25387573242188,1351366,0.0,0.0
2015-06-29 00:00:00+02:00,187.9296569813717,191.3831792527735,187.35405529816532,189.51251220703125,1806048,0.0,0.0
2015-06-30 00:00:00+02:00,190.66372150683225,192.03074002435667,188.3613583511346,188.50526428222656,2355563,0.0,0.0
2015-07-01 00:00:00+02:00,189.9442514987764,192.8941476748093,189.2967186691507,191.5990600585937,1693513,0.0,0.0
2015-07-02 00:00:00+02:00,192.5343663030708,193.61359478912283,191.2392789456325,191.6709747314453,1045192,0.0,0.0
2015-07-03 00:00:00+02:00,192.03075289463567,192.4624487598824,189.4405996601193,190.73568725585932,911840,0.0,0.0
2015-07-06 00:00:00+02:00,188.8650184433574,191.59905564184723,188.64918149077903,190.95152282714844,1107996,0.0,0.0
2015-07-07 00:00:00+02:00,191.0954082473033,192.03073088399427,187.210189819336,187.210189819336,1421468,0.0,0.0
2015-07-08 00:00:00+02:00,187.7857687320349,191.3831972518057,187.56993180363315,190.6637115478516,1620921,0.0,0.0
2015-07-09 00:00:00+02:00,190.95150030605424,194.54892880449896,190.0881306406041,194.2611389160156,1320011,0.0,0.0
2015-07-10 00:00:00+02:00,197.85857708148865,197.85857708148865,194.98063414212152,197.21104431152344,1409733,0.0,0.0
2015-07-13 00:00:00+02:00,198.21830682093645,200.30481092239623,198.21830682093645,200.08897399902344,1322621,0.0,0.0
2015-07-14 00:00:00+02:00,200.1609347344061,200.5926085979202,198.9378002358855,200.0170288085937,1294697,0.0,0.0
2015-07-15 00:00:00+02:00,199.5133650795354,201.3840321901557,199.08169124835828,199.87310791015625,1472347,0.0,0.0
2015-07-16 00:00:00+02:00,198.86581784398584,203.2546844482422,198.86581784398584,203.2546844482422,1720146,0.0,0.0
2015-07-17 00:00:00+02:00,201.88767578116784,202.9669042454753,200.30479858406656,201.0962371826172,1396993,0.0,0.0
2015-07-20 00:00:00+02:00,203.47052481812383,204.261963392546,201.7437637192674,202.39129638671875,1132043,0.0,0.0
2015-07-21 00:00:00+02:00,203.2547052592728,203.83028502235555,199.5853238879788,200.3048095703125,1196432,0.0,0.0
2015-07-22 00:00:00+02:00,200.3767504913086,201.38402599466664,196.851275251076,198.00245666503903,1385384,0.0,0.0
2015-07-23 00:00:00+02:00,201.384027048374,201.384027048374,199.29752307543816,201.0962371826172,1496298,0.0,0.0
2015-07-24 00:00:00+02:00,201.3121116596348,202.03159743677,199.2256072973355,199.51339721679688,1016931,0.0,0.0
2015-07-27 00:00:00+02:00,200.0889875454438,200.73652031636223,196.0598630330061,197.067138671875,1174171,0.0,0.0
2015-07-28 00:00:00+02:00,198.0744132251196,199.0817108154297,197.1390905563596,199.0817108154297,1218482,0.0,0.0
2015-07-29 00:00:00+02:00,200.37677420256185,201.3840498251141,199.08170868170345,201.168212890625,1391193,0.0,0.0
2015-07-30 00:00:00+02:00,201.45596763713365,202.31935913836168,198.93776804166947,200.5206451416016,1267295,0.0,0.0
2015-07-31 00:00:00+02:00,201.38403617850705,201.59989505533048,199.8731118685841,200.80845642089844,1363804,0.0,0.0
2015-08-03 00:00:00+02:00,200.8084700285019,202.67913730293432,200.37677420256185,201.168212890625,1001875,0.0,0.0
2015-08-04 00:00:00+02:00,200.73649275643484,202.31936994088213,200.2328440276673,201.4559783935547,952962,0.0,0.0
2015-08-05 00:00:00+02:00,201.743780274839,202.3913129954284,200.3767618742702,202.17547607421875,891915,0.0,0.0
2015-08-06 00:00:00+02:00,202.1754734566423,202.2474264151007,200.95233903372903,201.0242919921875,770380,0.0,0.0
2015-08-07 00:00:00+02:00,200.01705694167268,201.02433269315148,198.36224834688352,198.86587524414065,896403,0.0,0.0
2015-08-10 00:00:00+02:00,199.5853113456513,201.4559783935547,198.07438711630772,201.4559783935547,916246,0.0,0.0
2015-08-11 00:00:00+02:00,201.31209431305905,202.03158002819785,199.513380025212,200.0170288085937,808451,0.0,0.0
2015-08-12 00:00:00+02:00,198.2902691826904,198.5780590798195,193.54165903069364,194.69284057617188,1567156,0.0,0.0
2015-08-13 00:00:00+02:00,197.139069900741,199.94505956998003,196.4915372012181,198.506088256836,1426845,0.0,0.0
2015-08-14 00:00:00+02:00,199.08168216995165,199.44142498416767,197.9305007730685,198.5780334472656,924697,0.0,0.0
2015-08-17 00:00:00+02:00,200.08899841469503,200.9523681704989,198.14637803945047,199.8012084960937,1103202,0.0,0.0
2015-08-18 00:00:00+02:00,200.4487357627472,200.6645727064926,198.9378112856409,199.22560119628903,994179,0.0,0.0
2015-08-19 00:00:00+02:00,198.93778464370587,199.29752747307964,196.49153779535604,196.6354217529297,1179430,0.0,0.0
2015-08-20 00:00:00+02:00,195.41232042691013,196.9951757920492,193.9013960661712,194.2611389160156,1299020,0.0,0.0
2015-08-21 00:00:00+02:00,190.6636952512684,193.10994204423244,187.5699157714844,187.5699157714844,2872149,0.0,0.0
2015-08-24 00:00:00+02:00,181.31041807640256,186.99435139454783,173.8277702932136,182.7493896484375,4899191,0.0,0.0
2015-08-25 00:00:00+02:00,183.82859076612272,189.15278039300583,183.03715212877083,188.72108459472656,2741986,0.0,0.0
2015-08-26 00:00:00+02:00,186.85045721306528,187.7857799010518,182.31768383437964,184.9078369140625,2746472,0.0,0.0
2015-08-27 00:00:00+02:00,190.3039621931783,192.1026763916016,189.15278071479537,192.1026763916016,1638825,0.0,0.0
2015-08-28 00:00:00+02:00,193.4697078181196,193.7574977178533,187.85772792394567,189.36865234375,1690716,0.0,0.0
2015-08-31 00:00:00+02:00,188.72109462533527,190.37592494720064,188.07356187198,189.94422912597656,1040120,0.0,0.0
2015-09-01 00:00:00+02:00,187.06628491633688,188.21746644567585,183.68470426931464,185.19561767578125,2166687,0.0,0.0
2015-09-02 00:00:00+02:00,186.3467927474481,187.7857641200152,183.900545805476,185.05172729492188,1735208,0.0,0.0
2015-09-03 00:00:00+02:00,186.7065425132945,189.2966954713452,186.2748466941258,188.4333038330078,1816730,0.0,0.0
2015-09-04 00:00:00+02:00,188.5052572555395,188.5052572555395,185.05173460768825,186.70654296875,1675440,0.0,0.0
2015-09-07 00:00:00+02:00,187.71380777806675,189.0088951642208,186.2028834727005,187.35406494140625,805362,0.0,0.0
2015-09-08 00:00:00+02:00,188.43330234755007,189.9442267242489,187.210189819336,187.210189819336,1163221,0.0,0.0
2015-09-09 00:00:00+02:00,191.0234565016237,191.3112463949797,187.64186487304767,188.57720947265625,1659767,0.0,0.0
2015-09-10 00:00:00+02:00,188.0016022944249,189.15278379153287,185.9870511422066,186.4187469482422,1602727,0.0,0.0
2015-09-11 00:00:00+02:00,187.06627478630963,188.28940921192728,184.4041690161819,187.4979705810547,1202799,0.0,0.0
2015-09-14 00:00:00+02:00,186.41875832594653,188.86500543350232,185.48341369628903,185.48341369628903,1091159,0.0,0.0
2015-09-15 00:00:00+02:00,186.2028876679805,188.6491565779564,185.5553549387943,188.1455078125,1109999,0.0,0.0
2015-09-16 00:00:00+02:00,188.64916272107288,189.51253240244884,186.9223794443981,188.4333038330078,1540700,0.0,0.0
2015-09-17 00:00:00+02:00,188.649134220648,188.8649711191438,185.9150757502722,186.202865600586,1410617,0.0,0.0
2015-09-18 00:00:00+02:00,185.8431735448671,186.85047123145551,183.03718331342665,185.12368774414065,3270420,0.0,0.0
2015-09-21 00:00:00+02:00,186.63458551243497,188.43329975591823,184.7639183078201,186.0590057373047,1324224,0.0,0.0
2015-09-22 00:00:00+02:00,184.2603110881581,184.2603110881581,179.2958526611328,179.2958526611328,2281602,0.0,0.0
2015-09-23 00:00:00+02:00,180.1592089452685,181.9579231359301,178.7921905517578,178.7921905517578,1666543,0.0,0.0
2015-09-24 00:00:00+02:00,179.07999200255097,179.43973486392892,175.69841130129444,176.2740020751953,1898937,0.0,0.0
2015-09-25 00:00:00+02:00,179.15193883088187,182.6054723775348,178.8641489430277,180.95065307617188,1654839,0.0,0.0
2015-09-28 00:00:00+02:00,183.8286033703266,186.5626403519537,181.8140411376953,181.8140411376953,2831695,0.0,0.0
2015-09-29 00:00:00+02:00,180.1592221567162,182.2457373579801,178.14467089822818,180.8787078857422,1754876,0.0,0.0
2015-09-30 00:00:00+02:00,183.2530175008474,185.84315960204904,183.03716958112696,184.9078369140625,1924708,0.0,0.0
2015-10-01 00:00:00+02:00,187.0663081888878,187.42605108925108,184.62006085781056,185.12368774414065,1756286,0.0,0.0
2015-10-02 00:00:00+02:00,186.7785076186265,187.5699463457277,181.5982013657485,184.1883544921875,1514597,0.0,0.0
2015-10-05 00:00:00+02:00,187.0662825395873,188.2174640543001,185.8431480632748,187.426025390625,1421912,0.0,0.0
2015-10-06 00:00:00+02:00,187.92965295298063,188.28939576341364,186.2028698973353,186.9943084716797,1063519,0.0,0.0
2015-10-07 00:00:00+02:00,188.14551347743964,188.14551347743964,179.87142779869947,180.23117065429688,3070358,0.0,0.0
2015-10-08 00:00:00+02:00,181.16651569753137,183.46886792282743,180.590924896587,182.67742919921875,1535104,0.0,0.0
2015-10-09 00:00:00+02:00,184.9078289922561,184.9078289922561,181.38235337562483,181.5981903076172,2024510,0.0,0.0
2015-10-12 00:00:00+02:00,181.31040130195544,183.5408114236496,181.0945533904236,183.109115600586,1114289,0.0,0.0
2015-10-13 00:00:00+02:00,182.67741196797533,185.12365891814227,181.52624145315332,183.9724884033203,1487414,0.0,0.0
2015-10-14 00:00:00+02:00,183.1091239263141,183.61276175713425,180.9506666698153,181.31040954589844,1476544,0.0,0.0
2015-10-15 00:00:00+02:00,182.02989321793729,183.2530167869465,181.5981973801781,182.60548400878903,1114192,0.0,0.0
2015-10-16 00:00:00+02:00,185.6273143966763,187.0662858261079,184.33224889297244,186.70654296875,1736808,0.0,0.0
2015-10-19 00:00:00+02:00,187.0662825395873,188.72109087157617,186.4907027607115,187.426025390625,1099818,0.0,0.0
2015-10-20 00:00:00+02:00,187.4260291492124,188.8650005822198,184.9797821044922,184.9797821044922,1231842,0.0,0.0
2015-10-21 00:00:00+02:00,185.0517438118981,185.0517438118981,181.6701520017537,182.2457427978516,1644425,0.0,0.0
2015-10-22 00:00:00+02:00,184.90781011160743,188.1454955026668,183.97247658071663,187.5699157714844,2124997,0.0,0.0
2015-10-23 00:00:00+02:00,188.86502950956407,190.66374407632188,187.49801083022123,190.1600952148437,1783788,0.0,0.0
2015-10-26 00:00:00+01:00,190.3039719841697,191.16736362661783,189.5125333047525,189.94422912597656,912576,0.0,0.0
2015-10-27 00:00:00+01:00,189.0808255283495,190.73565574558347,188.1455029389704,189.2247314453125,1155558,0.0,0.0
2015-10-28 00:00:00+01:00,190.30396664732783,193.25386239317768,190.2320136863148,192.75021362304688,1136503,0.0,0.0
2015-10-29 00:00:00+01:00,193.54167372828823,193.54167372828823,191.38321640046345,193.0380249023437,1091096,0.0,0.0
2015-10-30 00:00:00+01:00,193.901416616259,194.26115950422985,192.390492095389,193.0380249023437,1116197,0.0,0.0
2015-11-02 00:00:00+01:00,192.1026763916016,192.67825615231283,191.67098059258788,192.1026763916016,973960,0.0,0.0
2015-11-03 00:00:00+01:00,191.5271220426673,193.1819305419922,190.8795672797492,193.1819305419922,829838,0.0,0.0
2015-11-04 00:00:00+01:00,194.2611578197097,197.0671479301573,192.96609221703025,193.39776611328125,1593504,0.0,0.0
2015-11-05 00:00:00+01:00,194.47700540251407,197.42690161099816,193.46972966124176,196.1318359375,1571712,0.0,0.0
2015-11-06 00:00:00+01:00,196.4915489764436,196.77933886492693,193.9013960661712,194.2611389160156,1367209,0.0,0.0
2015-11-09 00:00:00+01:00,194.6208776383629,194.6208776383629,191.6709819408071,191.8868408203125,987432,0.0,0.0
2015-11-10 00:00:00+01:00,192.390454207498,192.6782440698068,190.30395025956005,191.3831787109375,1078234,0.0,0.0
2015-11-11 00:00:00+01:00,191.95877182318705,194.04529787360303,191.3831920584272,191.8868408203125,1023209,0.0,0.0
2015-11-12 00:00:00+01:00,192.1026766708203,193.46969507221684,190.519799391123,191.95877075195312,1439855,0.0,0.0
2015-11-13 00:00:00+01:00,191.38319981034687,192.31852245520685,189.4405796009159,191.8148956298828,1323072,0.0,0.0
2015-11-16 00:00:00+01:00,190.088133122022,191.8148944324244,189.2966944506404,190.4478759765625,1420633,0.0,0.0
2015-11-17 00:00:00+01:00,191.4551562586581,195.9159545898437,191.2392973664795,195.9159545898437,1572715,0.0,0.0
2015-11-18 00:00:00+01:00,194.98062419427825,196.2037586638902,194.26113849614435,195.98789978027344,993295,0.0,0.0
2015-11-19 00:00:00+01:00,196.4196033812985,197.49883197130563,195.0525848920152,195.9159545898437,1157596,0.0,0.0
2015-11-20 00:00:00+01:00,196.7793257775968,197.7866012987776,195.05256460457835,197.1390686035156,1291672,0.0,0.0
2015-11-23 00:00:00+01:00,196.41959079040865,196.6354277117897,194.9806194293068,195.48426818847656,809764,0.0,0.0
2015-11-24 00:00:00+01:00,194.764790067562,194.83672107284067,190.80761867093744,192.03073120117188,1344959,0.0,0.0
2015-11-25 00:00:00+01:00,191.9587723911117,197.0671251570715,191.23928670455285,195.12452697753903,1657590,0.0,0.0
2015-11-26 00:00:00+01:00,195.2684015173458,197.7866012987776,194.98061164800268,197.1390686035156,913228,0.0,0.0
2015-11-27 00:00:00+01:00,196.1318184847313,198.72197155820749,195.5562167145352,198.21832275390625,1086336,0.0,0.0
2015-11-30 00:00:00+01:00,198.36222868569587,200.376779988976,196.99518820458167,198.21832275390625,1759841,0.0,0.0
2015-12-01 00:00:00+01:00,199.6573140335042,199.94510396864607,196.92327671420963,198.86587524414065,1360160,0.0,0.0
2015-12-02 00:00:00+01:00,201.16820568547743,202.46327115995103,200.66455691375933,200.9523468017578,2001821,0.0,0.0
2015-12-03 00:00:00+01:00,200.01705491495883,201.1682366008263,195.4843031007509,196.1318359375,1932669,0.0,0.0
2015-12-04 00:00:00+01:00,195.4123200045508,196.5635015129572,194.69283430641687,195.98789978027344,1333245,0.0,0.0
2015-12-07 00:00:00+01:00,197.1390747457137,199.87311152509645,196.707378949769,197.42686462402344,1063720,0.0,0.0
2015-12-08 00:00:00+01:00,197.4269050330889,198.21834382815143,194.33312478334832,195.412353515625,1269643,0.0,0.0
2015-12-09 00:00:00+01:00,196.4915694976052,196.7793594161448,192.96609359232835,193.1819305419922,1497651,0.0,0.0
2015-12-10 00:00:00+01:00,192.1746377496884,195.1245335554161,190.8076192905349,193.68556213378903,1432883,0.0,0.0
2015-12-11 00:00:00+01:00,192.96606934695777,195.268410362958,191.8868408203125,191.8868408203125,1713888,0.0,0.0
2015-12-14 00:00:00+01:00,193.54163917741067,194.3330777810522,188.7210765563791,188.9369354248047,1873079,0.0,0.0
2015-12-15 00:00:00+01:00,190.59177765553503,193.6855796662619,190.088150786554,193.0380249023437,1914910,0.0,0.0
2015-12-16 00:00:00+01:00,194.2611544694002,195.91596292839145,193.46971574498417,194.11724853515625,1727629,0.0,0.0
2015-12-17 00:00:00+01:00,198.0024809664253,198.0024809664253,193.6136136378229,194.3330993652344,1734384,0.0,0.0
2015-12-18 00:00:00+01:00,193.18190616270104,195.7720590166098,193.10995320290567,193.46969604492188,3112837,0.0,0.0
2015-12-21 00:00:00+01:00,192.82219680798207,195.62818707163072,192.82219680798207,192.89414978027344,1279019,0.0,0.0
2015-12-22 00:00:00+01:00,194.04531162861744,194.54893846924207,192.24659729003903,192.24659729003903,987721,0.0,0.0
2015-12-23 00:00:00+01:00,195.1964685759721,196.49155605625225,193.68556611775463,196.0598602294922,1212357,0.0,0.0
2015-12-28 00:00:00+01:00,197.13909134664684,197.71467115173544,195.4842829392956,197.21104431152344,657805,0.0,0.0
2015-12-29 00:00:00+01:00,198.43414982183563,200.37677001953125,198.21831289185224,200.37677001953125,1005004,0.0,0.0
2015-12-30 00:00:00+01:00,200.7365427580096,201.1682386392048,198.86587524414065,198.86587524414065,868712,0.0,0.0
2016-01-04 00:00:00+01:00,197.13910217557256,197.13910217557256,194.69285493412968,196.5635223388672,1625192,0.0,0.0
2016-01-05 00:00:00+01:00,199.3694892728303,199.5133732367855,195.6281548986224,198.07440185546875,1019826,0.0,0.0
2016-01-06 00:00:00+01:00,198.5780619452981,198.93780481114104,194.7647963501479,195.7001190185547,1330549,0.0,0.0
2016-01-07 00:00:00+01:00,192.24658773967096,194.98062461570456,191.09540622877643,194.2611389160156,1954290,0.0,0.0
2016-01-08 00:00:00+01:00,193.97334126460973,194.6208739770229,189.2247314453125,189.2247314453125,1725008,0.0,0.0
2016-01-11 00:00:00+01:00,188.21747770429664,191.0234677544956,187.64187592671564,187.7857818603516,1485348,0.0,0.0
2016-01-12 00:00:00+01:00,187.0662786084956,191.1673558069276,186.8504416851931,190.01617431640625,1428323,0.0,0.0
2016-01-13 00:00:00+01:00,191.59902177431653,192.8941091317548,190.7356521596508,191.6709747314453,1222804,0.0,0.0
2016-01-14 00:00:00+01:00,189.2966707383504,189.94420340401783,186.3467753092448,188.864974975586,1601967,0.0,0.0
2016-01-15 00:00:00+01:00,187.4260387160392,189.5125430090095,182.89327627500305,184.548095703125,3034356,0.0,0.0
2016-01-18 00:00:00+01:00,183.4688292806885,186.70651450328893,183.3249343553799,184.47610473632807,1372315,0.0,0.0
2016-01-19 00:00:00+01:00,187.0662691941832,188.36133458274367,185.9870407180629,186.92236328125,1409089,0.0,0.0
2016-01-20 00:00:00+01:00,184.7639319461273,184.83588491257,181.5262570473496,182.2457427978516,2258528,0.0,0.0
2016-01-21 00:00:00+01:00,184.18832209917176,188.1454930817712,183.4688364659719,184.6919708251953,2051097,0.0,0.0
2016-01-22 00:00:00+01:00,188.7930580758957,191.5990481342837,188.2174782535976,190.8795623779297,1860446,0.0,0.0
2016-01-25 00:00:00+01:00,191.95879823271844,192.1746571419216,188.6491811945737,191.09542846679688,1350118,0.0,0.0
2016-01-26 00:00:00+01:00,187.7857668411196,191.5990322508943,187.5699299148912,191.1673583984375,1430506,0.0,0.0
2016-01-27 00:00:00+01:00,190.87955988580376,193.75750287364528,189.6564472901486,193.10997009277344,1900357,0.0,0.0
2016-01-28 00:00:00+01:00,189.94424139462845,190.23203130837925,183.5408224965809,185.69927978515625,3956631,0.0,0.0
2016-01-29 00:00:00+01:00,186.70652103648752,189.87225341796875,186.20287231256503,189.87225341796875,3194310,0.0,0.0
2016-02-01 00:00:00+01:00,190.66374407632188,191.02348698967344,188.00163773473443,190.1600952148437,1732542,0.0,0.0
2016-02-02 00:00:00+01:00,189.2966769219908,190.231999474402,186.13094448656912,187.5699157714844,1707858,0.0,0.0
2016-02-03 00:00:00+01:00,188.2894428329085,189.0808596481364,183.8286220856186,185.12368774414065,1916829,0.0,0.0
2016-02-04 00:00:00+01:00,187.4260333059337,187.7857761721639,181.23845161538188,182.3896331787109,2132956,0.0,0.0
2016-02-05 00:00:00+01:00,182.89328677461305,184.18836340046897,181.1665252591264,181.45431518554688,2039604,0.0,0.0
2016-02-08 00:00:00+01:00,180.95066695412044,181.8140476623802,176.20205659096965,176.34596252441406,2122420,0.0,0.0
2016-02-09 00:00:00+01:00,176.56180665898685,177.7129883025418,172.74854079398494,173.97166442871094,2741506,0.0,0.0
2016-02-10 00:00:00+01:00,175.7703626225892,178.36050461322,173.75580042200028,176.6337432861328,2521807,0.0,0.0
2016-02-11 00:00:00+01:00,175.1228154987914,175.19476846039322,171.23759709886485,173.18020629882812,2652045,0.0,0.0
2016-02-12 00:00:00+01:00,174.1875040330327,175.77037048339844,173.3960653186092,175.77037048339844,1803962,0.0,0.0
2016-02-15 00:00:00+01:00,179.00805940969144,180.37507796326105,178.0727257253368,180.0153350830078,1486767,0.0,0.0
2016-02-16 00:00:00+01:00,181.5262383172594,181.88598115539173,177.7129620373609,178.7921905517578,1781876,0.0,0.0
2016-02-17 00:00:00+01:00,180.44704741326373,181.31042820903883,179.3678186739242,180.5909423828125,1809835,0.0,0.0
2016-02-18 00:00:00+01:00,180.73480434809213,185.48340334694737,180.73480434809213,184.4041748046875,2156997,0.0,0.0
2016-02-19 00:00:00+01:00,184.9797749545799,185.12365891814227,182.24572714184723,183.9724884033203,4422896,0.0,0.0
2016-02-22 00:00:00+01:00,185.1236491543829,188.0735447138369,185.0517181548758,186.92236328125,1964538,0.0,0.0
2016-02-23 00:00:00+01:00,186.05901608629708,186.56264292830852,182.38963443410023,182.96522521972656,1839533,0.0,0.0
2016-02-24 00:00:00+01:00,182.8932722545929,183.18107313664652,179.87143435315605,182.96522521972656,1564013,0.0,0.0
2016-02-25 00:00:00+01:00,184.18836498598185,185.55538361596936,182.2457555197168,185.12368774414065,2516010,0.0,0.0
2016-02-26 00:00:00+01:00,187.0662764108748,188.5052477678815,185.91509493387733,187.1382293701172,2527918,0.0,0.0
2016-02-29 00:00:00+01:00,184.9078369140625,186.2029024754227,183.54081838663507,184.9078369140625,2083896,0.0,0.0
2016-03-01 00:00:00+01:00,184.83586802750088,186.7784881591797,184.1163823427252,186.7784881591797,1691485,0.0,0.0
2016-03-02 00:00:00+01:00,189.2247284826192,189.80030822753903,187.64185124864989,189.80030822753903,2643453,0.0,0.0
2016-03-03 00:00:00+01:00,190.5426213923864,190.6168310118406,186.01472463274,186.68276977539065,3068622,8.1,0.0
2016-03-04 00:00:00+01:00,187.3507974445593,187.7219361172516,185.04974446961927,186.08892822265625,3834947,0.0,0.0
2016-03-07 00:00:00+01:00,185.56935492227743,186.90545654296875,184.8270775025884,186.90545654296875,1327320,0.0,0.0
2016-03-08 00:00:00+01:00,184.8271061798156,187.12817106838008,184.6786529380951,186.1632080078125,1733864,0.0,0.0
2016-03-09 00:00:00+01:00,183.93635638812603,186.8312339443036,183.11984665368868,184.3074951171875,3173139,0.0,0.0
2016-03-10 00:00:00+01:00,184.82708186708183,186.0889512451001,181.56106567382807,181.56106567382807,3153881,0.0,0.0
2016-03-11 00:00:00+01:00,183.71365105233545,184.1590220096305,181.4868189183677,182.6002349853516,1613455,0.0,0.0
2016-03-14 00:00:00+01:00,184.0848088165504,185.2724572749012,183.0456249101848,183.9363555908203,1487376,0.0,0.0
2016-03-15 00:00:00+01:00,183.71366547209664,184.3074896863484,182.6002493177203,182.89715576171875,4147239,0.0,0.0
2016-03-16 00:00:00+01:00,183.26827840730732,183.34251067492423,181.5610495146573,181.8579559326172,1471913,0.0,0.0
2016-03-17 00:00:00+01:00,182.15485244487067,182.3775379093577,177.25582885742188,177.25582885742188,2261828,0.0,0.0
2016-03-18 00:00:00+01:00,176.29088738199115,177.0331648025469,171.98567607751687,173.84136962890625,7535643,0.0,0.0
2016-03-21 00:00:00+01:00,173.8413585686282,176.4393293752831,173.47021988196323,175.69705200195312,1456477,0.0,0.0
2016-03-22 00:00:00+01:00,173.61869113459903,175.99398803710938,172.05991528436354,175.99398803710938,2351922,0.0,0.0
2016-03-23 00:00:00+01:00,177.03317133948403,177.7012165121499,176.14244066717788,176.81048583984375,1339304,0.0,0.0
2016-03-24 00:00:00+01:00,175.91975031638307,175.99398258963447,174.2867422411444,174.58364868164062,1092488,0.0,0.0
2016-03-29 00:00:00+02:00,174.28676227266646,176.1424560546875,173.54448475985805,176.1424560546875,1508437,0.0,0.0
2016-03-30 00:00:00+02:00,176.6620143998143,177.0331530855282,175.47436607502829,175.8455047607422,1706348,0.0,0.0
2016-03-31 00:00:00+02:00,175.84550521136836,176.4393293752831,175.10322783803838,175.69705200195312,1328852,0.0,0.0
2016-04-01 00:00:00+02:00,175.17748504138098,175.17748504138098,170.64958788904647,173.09910583496094,1931287,0.0,0.0
2016-04-04 00:00:00+02:00,173.54448152612107,175.993999537997,171.83724101322235,175.32594299316406,1557713,0.0,0.0
2016-04-05 00:00:00+02:00,173.9155908976213,176.06819075053366,172.95062804670223,175.0290069580078,1575492,0.0,0.0
2016-04-06 00:00:00+02:00,175.400168251107,179.70537983805914,174.28675204721878,179.55691528320312,1737409,0.0,0.0
2016-04-07 00:00:00+02:00,180.8187840685034,181.93220019866348,179.8538211571137,180.3734130859375,1380956,0.0,0.0
2016-04-08 00:00:00+02:00,181.3383750739628,181.3383750739628,179.25999604299594,180.6703186035156,1057999,0.0,0.0
2016-04-11 00:00:00+02:00,181.41259612087543,181.8579671014216,178.74040421636238,180.0022735595703,1256419,0.0,0.0
2016-04-12 00:00:00+02:00,179.7795887816747,181.1156904023528,178.22081299609573,181.0414581298828,1038703,0.0,0.0
2016-04-13 00:00:00+02:00,182.00642348830257,182.3033412559209,181.115692837957,182.1548767089844,1980025,0.0,0.0
2016-04-14 00:00:00+02:00,182.60024003224703,184.15902709960932,181.6352771489396,184.15902709960932,1848135,0.0,0.0
2016-04-15 00:00:00+02:00,183.8621093444548,184.67861901331207,182.4517868177969,184.15902709960932,1873821,0.0,0.0
2016-04-18 00:00:00+02:00,182.3033343346412,185.3466648849676,182.0806488489456,185.19821166992188,906501,0.0,0.0
2016-04-19 00:00:00+02:00,187.1281287826319,189.28072861679195,186.38585141550723,188.8353576660156,1715471,0.0,0.0
2016-04-20 00:00:00+02:00,188.9095917371493,188.9838240050721,187.276583779132,188.24154663085932,1361344,0.0,0.0
2016-04-21 00:00:00+02:00,188.6869185357873,188.6869185357873,185.7178088457631,187.94464111328125,1428031,0.0,0.0
2016-04-22 00:00:00+02:00,187.79618671962191,187.79618671962191,186.60853832053752,187.0539093017578,1372489,0.0,0.0
2016-04-25 00:00:00+02:00,185.94050184803612,187.0539180267669,184.08480821681823,184.7528533935547,1842122,0.0,0.0
2016-04-26 00:00:00+02:00,185.8662521570239,186.31162311728792,182.82292168273293,183.490966796875,1760841,0.0,0.0
2016-04-27 00:00:00+02:00,183.56518682352805,184.60437055983465,182.7486772262492,184.45591735839844,1001036,0.0,0.0
2016-04-28 00:00:00+02:00,183.4909837887836,183.7879015652066,180.59610625775355,183.56521606445312,1354333,0.0,0.0
2016-04-29 00:00:00+02:00,181.7837348292457,181.7837348292457,179.11154292473265,180.0022735595703,1580049,0.0,0.0
2016-05-02 00:00:00+02:00,179.482681175498,180.81878278747527,179.482681175498,180.15072631835932,715804,0.0,0.0
2016-05-03 00:00:00+02:00,180.07651792321423,180.2249711512796,177.33008223585784,178.51773071289062,1469238,0.0,0.0
2016-05-04 00:00:00+02:00,178.146571822267,179.4084411074239,175.62283325195312,175.62283325195312,1180898,0.0,0.0
2016-05-06 00:00:00+02:00,174.7320871332983,175.47436449805534,173.17331146306086,173.7671356201172,1421358,0.0,0.0
2016-05-09 00:00:00+02:00,175.62283685019275,179.1115383546061,175.0290126667012,178.29502868652344,1624166,0.0,0.0
2016-05-10 00:00:00+02:00,180.00227554036704,182.6002465275476,179.63113682791268,181.2641448974609,1481374,0.0,0.0
2016-05-11 00:00:00+02:00,181.2641606300766,181.3383929095122,179.77960565140887,181.1157073974609,933249,0.0,0.0
2016-05-12 00:00:00+02:00,180.59606845772583,183.0455858008028,179.3341993192476,180.2249298095703,1049305,0.0,0.0
2016-05-13 00:00:00+02:00,179.70537287865682,182.6744826407081,179.40845510669877,181.9322052001953,1014808,0.0,0.0
2016-05-17 00:00:00+02:00,182.6002452417164,183.04561622402727,180.1507274915156,181.0414581298828,1294296,0.0,0.0
2016-05-18 00:00:00+02:00,180.3734024691868,182.0806427001953,179.7795783028029,182.0806427001953,1182475,0.0,0.0
2016-05-19 00:00:00+02:00,180.67030428696071,181.4125816444688,179.70535278320312,179.70535278320312,1169795,0.0,0.0
2016-05-20 00:00:00+02:00,181.7837287238886,184.5301641345908,181.1899158714436,183.416748046875,1820964,0.0,0.0
2016-05-23 00:00:00+02:00,183.3425139665011,185.04975421605533,182.22909788978143,184.01055908203125,1118700,0.0,0.0
2016-05-24 00:00:00+02:00,182.97138360327392,186.97967713142395,182.6002448941395,186.3858642578125,1449290,0.0,0.0
2016-05-25 00:00:00+02:00,187.0538966270828,188.5384513622184,186.46007246777785,187.499267578125,1310610,0.0,0.0
2016-05-26 00:00:00+02:00,187.27659596352763,188.3900120972868,186.6827717602719,187.94464111328125,1225567,0.0,0.0
2016-05-27 00:00:00+02:00,193.7343927320428,196.85196673356143,193.7343927320428,195.515853881836,3643657,0.0,0.0
2016-05-30 00:00:00+02:00,196.62926913599685,196.7035014028768,194.2539951633911,194.47666931152344,1161462,0.0,0.0
2016-05-31 00:00:00+02:00,194.4766965124455,195.21897398005024,191.95295765309143,193.66018676757807,2011631,0.0,0.0
2016-06-01 00:00:00+02:00,192.9921229874901,194.3282132394771,192.39831013160887,192.8436584472656,1044888,0.0,0.0
2016-06-02 00:00:00+02:00,193.06634172708544,193.8828513360806,192.54673852522296,192.9178771972656,1127459,0.0,0.0
2016-06-03 00:00:00+02:00,192.917894382803,193.36326535943013,189.80033152517632,191.65603637695312,1401144,0.0,0.0
2016-06-06 00:00:00+02:00,191.58180319119788,192.4725224876928,190.9137580556995,191.95294189453125,876919,0.0,0.0
2016-06-07 00:00:00+02:00,192.8436770227108,193.66018676757807,192.17563183236865,193.66018676757807,1313087,0.0,0.0
2016-06-08 00:00:00+02:00,192.62101437466816,192.8436885672757,190.24571727513185,191.136459350586,1309191,0.0,0.0
2016-06-09 00:00:00+02:00,190.46839731421912,191.3591166585684,189.72611986767305,190.3941650390625,1181032,0.0,0.0
2016-06-10 00:00:00+02:00,190.61686189070835,190.61686189070835,185.64361599866268,186.1632080078125,1702709,0.0,0.0
2016-06-13 00:00:00+02:00,184.45592758271945,185.1239726893384,182.2290954589844,182.2290954589844,1933836,0.0,0.0
2016-06-14 00:00:00+02:00,180.44764298878823,182.0806510263273,178.59194946289062,178.59194946289062,2122861,0.0,0.0
2016-06-15 00:00:00+02:00,179.55691590372192,181.26415635416816,178.74041748046875,178.74041748046875,1358500,0.0,0.0
2016-06-16 00:00:00+02:00,177.923873481217,178.6661508101551,175.99395922172977,177.40428161621094,1758634,0.0,0.0
2016-06-17 00:00:00+02:00,179.40845966654473,180.8187936351171,178.44349670410156,178.44349670410156,4404290,0.0,0.0
2016-06-20 00:00:00+02:00,181.85797326657703,184.08480559229025,181.33838132249497,182.4517974853516,1360471,0.0,0.0
2016-06-21 00:00:00+02:00,182.4517817750045,183.0456059426467,181.41258665006723,182.6002349853516,1242071,0.0,0.0
2016-06-22 00:00:00+02:00,182.97135969314408,183.04559195577235,180.6702954667048,182.82290649414065,1758892,0.0,0.0
2016-06-23 00:00:00+02:00,182.15486486169223,184.45592927449133,181.2641342692795,182.97137451171875,1376274,0.0,0.0
2016-06-24 00:00:00+02:00,173.692913134563,182.37755652604028,170.72380350833117,178.88885498046875,3137819,0.0,0.0
2016-06-27 00:00:00+02:00,178.29504427183983,181.48683962663915,177.77545231321093,178.81463623046875,2197177,0.0,0.0
2016-06-28 00:00:00+02:00,181.9321894261224,183.78788286651013,180.96722657186987,182.74868774414065,1722031,0.0,0.0
2016-06-29 00:00:00+02:00,185.19823349201,188.6869354248047,184.2332704911291,188.6869354248047,1709366,0.0,0.0
2016-06-30 00:00:00+02:00,188.0931013449956,190.24570142001423,187.64774167064087,190.0972595214844,1777839,0.0,0.0
2016-07-01 00:00:00+02:00,190.76529195703145,190.9879661162113,189.28073715580945,190.5426177978516,1127099,0.0,0.0
2016-07-04 00:00:00+02:00,190.0230107069812,191.1364267853424,188.761141416756,189.8745574951172,818686,0.0,0.0
2016-07-05 00:00:00+02:00,188.909603670328,189.80033431039885,186.68277140702352,187.425048828125,1049423,0.0,0.0
2016-07-06 00:00:00+02:00,186.31162933402123,188.0930905820121,185.12398095119104,186.6085357666016,1630586,0.0,0.0
2016-07-07 00:00:00+02:00,188.01885682551705,189.28072606738212,187.0538939960012,187.7219390869141,1200657,0.0,0.0
2016-07-08 00:00:00+02:00,186.9054601272506,188.9096069335937,185.6435907548312,188.9096069335937,1035435,0.0,0.0
2016-07-11 00:00:00+02:00,189.3549634045162,190.61682135392024,188.53845375930896,189.9487762451172,931756,0.0,0.0
2016-07-12 00:00:00+02:00,190.3199311520598,190.3941634265877,188.4642375514108,189.65188598632807,1877043,0.0,0.0
2016-07-13 00:00:00+02:00,189.20651418574923,189.8003384006785,188.68692224503167,189.2807464599609,1418052,0.0,0.0
2016-07-14 00:00:00+02:00,189.7261175723646,190.2456981871549,188.01887720071187,188.6127014160156,1126171,0.0,0.0
2016-07-15 00:00:00+02:00,190.0972434300015,190.0972434300015,188.31577090461687,189.72610473632807,1200674,0.0,0.0
2016-07-18 00:00:00+02:00,187.12814274427737,188.6869185357873,185.64358789926527,187.94464111328125,1640399,0.0,0.0
2016-07-19 00:00:00+02:00,187.64773102647845,187.72195197153323,184.9013068818537,185.94049072265625,1191665,0.0,0.0
2016-07-20 00:00:00+02:00,186.9054728969674,188.4642488189528,186.60855510735908,187.79620361328125,981822,0.0,0.0
2016-07-21 00:00:00+02:00,188.5384608154297,188.5384608154297,185.04975927819032,185.56935119628903,1362429,0.0,0.0
2016-07-22 00:00:00+02:00,185.1239806791017,186.1631758441143,184.2332500564154,185.4208984375,1030865,0.0,0.0
2016-07-25 00:00:00+02:00,184.6786193847656,185.42089678476367,183.71365649951733,184.6786193847656,1293671,0.0,0.0
2016-07-26 00:00:00+02:00,184.9755130907421,186.3858468494813,184.38168894633893,185.79202270507807,1104042,0.0,0.0
2016-07-27 00:00:00+02:00,186.6827669331701,186.6827669331701,184.6043879386434,185.0497589111328,1007739,0.0,0.0
2016-07-28 00:00:00+02:00,184.6786130603437,186.23738875120588,182.2290954589844,182.2290954589844,1577766,0.0,0.0
2016-07-29 00:00:00+02:00,181.93219236342065,184.45593095259235,181.56105366935105,183.71365356445312,1539874,0.0,0.0
2016-08-02 00:00:00+02:00,183.7136638417801,184.01057028314372,182.1548767089844,182.1548767089844,1338725,0.0,0.0
2016-08-03 00:00:00+02:00,182.82294788817995,182.9714011207956,179.92805888402452,181.1157073974609,1275002,0.0,0.0
2016-08-04 00:00:00+02:00,181.11569410257425,182.45179575054908,180.15073117202263,182.3775634765625,1233569,0.0,0.0
2016-08-05 00:00:00+02:00,182.7486810439204,187.8704015473625,181.4868118159721,185.79202270507807,2066060,0.0,0.0
2016-08-08 00:00:00+02:00,186.97966823143,186.97966823143,183.1198281054063,183.490966796875,1144413,0.0,0.0
2016-08-09 00:00:00+02:00,184.01056292901484,185.04975808476465,183.119832314268,184.6786193847656,636871,0.0,0.0
2016-08-10 00:00:00+02:00,184.53016322190788,186.08893894124776,183.71365356445312,183.71365356445312,998743,0.0,0.0
2016-08-11 00:00:00+02:00,184.60440016830825,184.90131794505612,183.63943721482391,184.7528533935547,790242,0.0,0.0
2016-08-12 00:00:00+02:00,184.90128828896027,185.12396242798792,183.78787228880896,184.45591735839844,863152,0.0,0.0
2016-08-15 00:00:00+02:00,184.2332484142651,185.19821129951345,183.78788877001884,184.6786193847656,579509,0.0,0.0
2016-08-16 00:00:00+02:00,183.7136638417801,184.38170899797564,182.00642348830257,182.1548767089844,1117553,0.0,0.0
2016-08-17 00:00:00+02:00,182.08067039884608,182.30335591089727,180.4476621875627,181.1157073974609,933398,0.0,0.0
2016-08-18 00:00:00+02:00,181.9321992722753,181.9321992722753,179.779587969174,180.6703186035156,847661,0.0,0.0
2016-08-19 00:00:00+02:00,181.41259612087543,181.5610606652272,179.3342284150057,180.0022735595703,1018651,0.0,0.0
2016-08-22 00:00:00+02:00,180.59611667056592,182.3033571731053,179.55692138255012,181.33839416503903,1259448,0.0,0.0
2016-08-23 00:00:00+02:00,181.41261417018845,182.229123940342,181.04147542489244,181.6352996826172,728219,0.0,0.0
2016-08-24 00:00:00+02:00,180.5960841466074,181.93218566128863,180.22494546621007,180.7445373535156,1057118,0.0,0.0
2016-08-25 00:00:00+02:00,179.40844653186062,179.40844653186062,176.95892882999215,178.3692626953125,1407732,0.0,0.0
2016-08-26 00:00:00+02:00,178.14659104455376,178.8888685072394,176.95894257375463,178.81463623046875,877127,0.0,0.0
2016-08-29 00:00:00+02:00,178.5177179131626,180.0765050117211,178.36926469574144,179.63113403320312,711091,0.0,0.0
2016-08-30 00:00:00+02:00,179.6311491382396,180.89301858181088,179.55691686015965,180.2991943359375,1162837,0.0,0.0
2016-08-31 00:00:00+02:00,180.74454728961467,181.04145371975292,177.47853125307614,177.9981231689453,1467730,0.0,0.0
2016-09-01 00:00:00+02:00,178.14660259046053,178.96311238283585,175.47439902110122,176.29090881347656,1682251,0.0,0.0
2016-09-02 00:00:00+02:00,176.73627151320818,180.2991943359375,176.73627151320818,180.2991943359375,1686527,0.0,0.0
2016-09-05 00:00:00+02:00,180.37338431647592,181.3383470739545,180.0764779262915,180.44761657714844,1061083,0.0,0.0
2016-09-06 00:00:00+02:00,180.5218688531068,181.18992533638644,180.2249624113745,180.8187866210937,887980,0.0,0.0
2016-09-07 00:00:00+02:00,180.37342661401743,180.7445653519064,179.1115571704462,180.2991943359375,1406250,0.0,0.0
2016-09-08 00:00:00+02:00,180.44764408005128,181.0414569509261,179.0373101960874,180.15072631835932,950000,0.0,0.0
2016-09-09 00:00:00+02:00,179.3342089372396,179.55688307707314,177.84965426499838,178.1465606689453,951382,0.0,0.0
2016-09-12 00:00:00+02:00,176.21663335940866,177.626967080143,175.47435603047057,177.40428161621094,1048803,0.0,0.0
2016-09-13 00:00:00+02:00,178.5919303180909,178.81460445632473,177.1815965938418,177.25582885742188,1187069,0.0,0.0
2016-09-14 00:00:00+02:00,177.40428205832885,177.99810618820987,176.5135515266339,177.25582885742188,1261071,0.0,0.0
2016-09-15 00:00:00+02:00,176.51358224347717,178.07235811363773,176.1424435134977,177.77545166015625,1318224,0.0,0.0
2016-09-16 00:00:00+02:00,178.51770108458786,179.63111709966844,177.40428506950727,178.22079467773438,3327003,0.0,0.0
2016-09-19 00:00:00+02:00,178.5919509982652,180.44764454011644,178.5919509982652,180.0022735595703,1282170,0.0,0.0
2016-09-20 00:00:00+02:00,179.03731559153675,183.2682947184238,178.81463009512063,181.56106567382807,1349926,0.0,0.0
2016-09-21 00:00:00+02:00,183.2682930810216,183.2682930810216,180.8187866210937,180.8187866210937,1429130,0.0,0.0
2016-09-22 00:00:00+02:00,181.9322052001953,182.60025036615488,180.7445567648728,181.9322052001953,1304100,0.0,0.0
2016-09-23 00:00:00+02:00,181.41258581644664,182.2290954589844,181.04144712915743,182.2290954589844,1189312,0.0,0.0
2016-09-26 00:00:00+02:00,180.67030428696071,181.18990749821924,179.63112051695086,179.70535278320312,1308265,0.0,0.0
2016-09-27 00:00:00+02:00,180.9672228270048,181.18990830049395,178.96307621810976,180.7445373535156,1191613,0.0,0.0
2016-09-28 00:00:00+02:00,181.4126011253808,182.60024955543025,180.8930091845797,181.56106567382807,1313927,0.0,0.0
2016-09-29 00:00:00+02:00,182.1548886595533,182.6744919554112,178.88887228526235,179.48269653320312,1301693,0.0,0.0
2016-09-30 00:00:00+02:00,178.36926306112903,178.88885498046875,176.14243084145517,178.88885498046875,2011236,0.0,0.0
2016-10-03 00:00:00+02:00,179.92803918602417,180.67031659409565,178.96308761653475,179.408447265625,774814,0.0,0.0
2016-10-04 00:00:00+02:00,178.14659262211353,180.07651857268854,178.14659262211353,179.55691528320312,1330021,0.0,0.0
2016-10-05 00:00:00+02:00,178.8888536985131,179.1857601285068,177.62698438165825,178.66616821289062,967825,0.0,0.0
2016-10-06 00:00:00+02:00,179.25999165325757,179.25999165325757,176.7362530300488,177.62698364257812,1107223,0.0,0.0
2016-10-07 00:00:00+02:00,177.10739007245664,178.2208061592669,176.3651126812498,176.88470458984375,1281321,0.0,0.0
2016-10-10 00:00:00+02:00,177.99812435785006,179.25999368374772,176.29088405751588,178.88885498046875,1793064,0.0,0.0
2016-10-11 00:00:00+02:00,178.14658784981367,179.55691047312268,177.18162490037616,177.330078125,1242014,0.0,0.0
2016-10-12 00:00:00+02:00,177.7754451808403,177.7754451808403,174.80633544921875,174.80633544921875,1421001,0.0,0.0
2016-10-13 00:00:00+02:00,174.4351789686415,174.50941123487428,172.05989369048945,173.69290161132812,1720355,0.0,0.0
2016-10-14 00:00:00+02:00,173.98981183922808,175.4743665864101,173.84135862976066,175.0290069580078,1275028,0.0,0.0
2016-10-17 00:00:00+02:00,175.02901555141378,175.02901555141378,172.6537301045539,172.7279510498047,1531444,0.0,0.0
2016-10-18 00:00:00+02:00,172.95065558575524,173.84138631064536,172.2826103736516,173.39602661132812,1705024,0.0,0.0
2016-10-19 00:00:00+02:00,174.2867415358195,174.5094270284178,173.17332539908244,173.54446411132812,1384265,0.0,0.0
2016-10-20 00:00:00+02:00,172.3568128021634,173.84136762617214,171.91145315071347,172.57949829101562,2152935,0.0,0.0
2016-10-21 00:00:00+02:00,172.28259231468195,173.17332294620405,171.9114536076932,172.43104553222656,1621019,0.0,0.0
2016-10-24 00:00:00+02:00,173.02488090752183,173.69292609276113,170.72381624502162,171.243408203125,1752965,0.0,0.0
2016-10-25 00:00:00+02:00,170.94648233604835,171.3918419668808,169.23924210222253,169.3876953125,1849146,0.0,0.0
2016-10-26 00:00:00+02:00,169.23922466758071,169.38767786256489,167.53198460963088,168.1258087158203,1607644,0.0,0.0
2016-10-27 00:00:00+02:00,167.7546923425991,171.54031161180546,167.3835536427261,170.9464874267578,2282976,0.0,0.0
2016-10-28 00:00:00+02:00,170.27843014617832,171.54031078063574,169.16501405195416,170.57534790039062,1616085,0.0,0.0
2016-10-31 00:00:00+01:00,169.61036507742747,169.75881827395145,168.57118137550674,168.8680877685547,1584513,0.0,0.0
2016-11-01 00:00:00+01:00,169.610392580234,169.610392580234,166.41859736927185,166.71551513671875,1832026,0.0,0.0
2016-11-02 00:00:00+01:00,165.6763186727258,168.05160416285807,165.60209772612288,166.49282836914062,1833921,0.0,0.0
2016-11-03 00:00:00+01:00,165.89899997033203,166.41859188843344,164.56289837646105,165.30517578125,1637466,0.0,0.0
2016-11-04 00:00:00+01:00,164.04330645835964,164.6371306474417,162.63298391976235,165.30517578125,1573468,0.0,0.0
2016-11-07 00:00:00+01:00,164.93404251080153,167.23510707193242,164.56290379618395,166.71551513671875,2057506,0.0,0.0
2016-11-08 00:00:00+01:00,166.9381866455078,167.8289286074061,166.41859471857015,166.9381866455078,1481220,0.0,0.0
2016-11-09 00:00:00+01:00,169.75886175083502,178.07236747412855,169.6846407966908,175.32594299316406,5721670,0.0,0.0
2016-11-10 00:00:00+01:00,177.03316972591884,178.14658588771707,172.95064379932532,176.06820678710938,3485232,0.0,0.0
2016-11-11 00:00:00+01:00,176.58779511437504,176.73625966057833,172.50526927138714,174.06405639648438,1615884,0.0,0.0
2016-11-14 00:00:00+01:00,175.69707828730134,176.73627356118553,171.98569086540542,173.32179260253906,2285973,0.0,0.0
2016-11-15 00:00:00+01:00,173.98983797072157,174.06407024973117,171.02072803042765,172.65374755859375,1676150,0.0,0.0
2016-11-16 00:00:00+01:00,172.6537310216707,173.02486972865947,171.46608262880488,172.43104553222656,1555830,0.0,0.0
2016-11-17 00:00:00+01:00,171.98567455333824,174.06405357772618,171.0207116499166,172.43104553222656,1961193,0.0,0.0
2016-11-18 00:00:00+01:00,173.84135139454358,173.84135139454358,172.13411124108825,172.20834350585938,2169774,0.0,0.0
2016-11-21 00:00:00+01:00,172.05988683505257,172.727931899516,170.3526467160032,171.39183044433594,1555207,0.0,0.0
2016-11-22 00:00:00+01:00,171.8372209140499,172.20835962012777,166.04745483398438,166.04745483398438,2386044,0.0,0.0
2016-11-23 00:00:00+01:00,166.4185782824919,166.71549601588487,163.0783302340314,165.37939453125,2454586,0.0,0.0
2016-11-24 00:00:00+01:00,165.899018589882,166.64129607797992,165.1567411017841,166.1217041015625,1554487,0.0,0.0
2016-11-25 00:00:00+01:00,166.64127179147854,169.38769583192249,166.64127179147854,168.57119750976562,1447712,0.0,0.0
2016-11-28 00:00:00+01:00,168.5711940800404,169.16500691088962,167.45777803281757,167.7546844482422,1543383,0.0,0.0
2016-11-29 00:00:00+01:00,168.42274393873285,168.71966170578446,167.30932779636242,168.05160522460938,1675851,0.0,0.0
2016-11-30 00:00:00+01:00,167.08665489375466,168.5712097614868,166.86396939834387,168.2742919921875,2858542,0.0,0.0
2016-12-01 00:00:00+01:00,167.30932167309024,167.6062394292751,164.48867660998695,164.9340362548828,3730974,0.0,0.0
2016-12-02 00:00:00+01:00,163.8206198700084,164.1175376256799,162.03915864099665,163.74639892578125,3307005,0.0,0.0
2016-12-05 00:00:00+01:00,165.08247638776857,166.6412633370126,164.63711677816556,164.85980224609375,2144292,0.0,0.0
2016-12-06 00:00:00+01:00,165.15672466098863,166.49282627181157,163.96907626775612,165.8990020751953,1658164,0.0,0.0
2016-12-07 00:00:00+01:00,167.0123980422118,167.0123980422118,162.85564049377106,164.19174194335938,2056826,0.0,0.0
2016-12-08 00:00:00+01:00,164.04330186911864,164.3402082922263,162.63297936997623,163.59793090820312,2005840,0.0,0.0
2016-12-09 00:00:00+01:00,163.6721626439529,169.75883490786498,163.6721626439529,169.09078979492188,2337254,0.0,0.0
2016-12-12 00:00:00+01:00,169.1650060579478,169.31347059116527,167.08663850794744,167.383544921875,1991929,0.0,0.0
2016-12-13 00:00:00+01:00,166.3443676793595,171.91144810602808,166.04744992751802,171.0207061767578,2807741,0.0,0.0
2016-12-14 00:00:00+01:00,170.27843261064376,172.20835839906607,169.75884069106988,171.6887664794922,2279381,0.0,0.0
2016-12-15 00:00:00+01:00,171.24338283020293,172.8021697998047,171.0206973593665,172.8021697998047,2641459,0.0,0.0
2016-12-16 00:00:00+01:00,172.95065386034946,174.58366206073256,172.95065386034946,173.32179260253906,3783255,0.0,0.0
2016-12-19 00:00:00+01:00,173.17333889888795,174.13830189120176,172.28260818531194,173.47024536132812,1984641,0.0,0.0
2016-12-20 00:00:00+01:00,172.35682960759502,174.80634757129744,172.35682960759502,173.32179260253906,1473531,0.0,0.0
2016-12-21 00:00:00+01:00,172.20837512542536,174.28675433184537,171.8372363859309,173.09910583496094,1347816,0.0,0.0
2016-12-22 00:00:00+01:00,172.5794804286779,173.84134963322833,171.614517627697,172.1341094970703,1435373,0.0,0.0
2016-12-23 00:00:00+01:00,171.98565759425676,172.95062040252583,171.39183345637937,172.35679626464844,979692,0.0,0.0
2016-12-27 00:00:00+01:00,172.95065386034946,174.13830236585838,172.72796834978462,173.32179260253906,568418,0.0,0.0
2016-12-28 00:00:00+01:00,173.6928999086306,173.9155853788924,172.43103067881862,172.95062255859375,943412,0.0,0.0
2016-12-29 00:00:00+01:00,172.13411294305178,174.21249178840574,171.98565973829508,172.95062255859375,677899,0.0,0.0
2016-12-30 00:00:00+01:00,172.72796851134777,173.54447827543083,171.91147007352026,172.65374755859375,1190272,0.0,0.0
2017-01-03 00:00:00+01:00,174.6578678218707,175.40014519355205,173.98981139160517,175.17745971679688,1905493,0.0,0.0
2017-01-04 00:00:00+01:00,176.95891070997172,177.25582843733517,175.32590285135893,176.73623657226562,1525979,0.0,0.0
2017-01-05 00:00:00+01:00,177.2558464985704,179.18576095493935,176.66202230958982,179.0373077392578,2595794,0.0,0.0
2017-01-06 00:00:00+01:00,179.6311336711008,180.00227237703282,178.51771755330472,179.11154174804688,1197600,0.0,0.0
2017-01-09 00:00:00+01:00,180.00228629526055,180.07651857268854,178.4434990793149,179.55691528320312,1179315,0.0,0.0
2017-01-10 00:00:00+01:00,180.44764443962111,180.9672363657992,179.0373105528469,180.6703186035156,1868514,0.0,0.0
2017-01-11 00:00:00+01:00,181.11570312505444,181.11570312505444,178.74041748046875,178.74041748046875,1935184,0.0,0.0
2017-01-12 00:00:00+01:00,176.66202809816494,177.03316681265687,174.50942808461355,175.10324096679688,2414508,0.0,0.0
2017-01-13 00:00:00+01:00,176.29086562280375,177.40428161621094,176.06818015887168,177.40428161621094,1489418,0.0,0.0
2017-01-16 00:00:00+01:00,177.4042927454304,177.62697822333237,174.88055419921875,174.88055419921875,1311955,0.0,0.0
2017-01-17 00:00:00+01:00,174.28672616288773,175.69704861452217,173.989808423528,174.21249389648438,1561358,0.0,0.0
2017-01-18 00:00:00+01:00,175.77128478457263,175.77128478457263,173.54445265806095,174.88055419921875,1761409,0.0,0.0
2017-01-19 00:00:00+01:00,175.32590781346107,175.32590781346107,172.28257747406195,172.95062255859375,1660650,0.0,0.0
2017-01-20 00:00:00+01:00,173.61869906578852,173.9898378079781,172.2083763759703,173.32179260253906,3646235,0.0,0.0
2017-01-23 00:00:00+01:00,172.50524946755445,172.72793493504014,171.16915931514706,172.35679626464844,1692456,0.0,0.0
2017-01-24 00:00:00+01:00,171.9114650419551,172.80219573272194,171.46609403344405,171.76300048828125,2063829,0.0,0.0
2017-01-25 00:00:00+01:00,171.83722537510593,174.2867431640625,170.72380922796702,174.2867431640625,3276993,0.0,0.0
2017-01-26 00:00:00+01:00,174.4351962715987,177.0331672798991,173.69291884065572,174.9547882080078,2176102,0.0,0.0
2017-01-27 00:00:00+01:00,176.587783492053,176.95892218062502,174.286730418659,175.400146484375,1557109,0.0,0.0
2017-01-30 00:00:00+01:00,175.4001417983996,176.14241915571296,173.1733097264595,173.69290161132812,1544896,0.0,0.0
2017-01-31 00:00:00+01:00,173.54444670387394,173.76713217413572,171.3176146537633,172.95062255859375,2308974,0.0,0.0
2017-02-01 00:00:00+01:00,172.95066001490542,177.3300927980852,172.57952125950862,176.29090881347656,3376441,0.0,0.0
2017-02-02 00:00:00+01:00,175.25171859242715,175.4743927767365,172.87642158140932,173.32179260253906,2501832,0.0,0.0
2017-02-03 00:00:00+01:00,173.98981183922808,175.4001456448033,173.47021994296517,175.0290069580078,1878684,0.0,0.0
2017-02-06 00:00:00+01:00,175.5486001467067,176.21664525735537,174.5836372886833,175.25169372558594,1465827,0.0,0.0
2017-02-07 00:00:00+01:00,175.40014935741826,177.84966700736717,175.2516961448086,177.0331573486328,1802211,0.0,0.0
2017-02-08 00:00:00+01:00,176.88471603697047,177.9238999214094,175.62284665550754,176.21665954589844,1573267,0.0,0.0
2017-02-09 00:00:00+01:00,176.88472004379517,178.2950426798027,176.58780226561902,178.07235717773438,1922123,0.0,0.0
2017-02-10 00:00:00+01:00,178.14658945384218,178.4434959057632,176.73626681783466,178.07235717773438,1732184,0.0,0.0
2017-02-13 00:00:00+01:00,178.74038480309244,178.9630702691793,178.07232840483192,178.1465606689453,1349208,0.0,0.0
2017-02-14 00:00:00+01:00,178.0723531440071,178.0723531440071,175.54861438108125,176.21665954589844,2465879,0.0,0.0
2017-02-15 00:00:00+01:00,177.40430098192047,179.25999450683594,176.51357035521193,179.25999450683594,2374101,0.0,0.0
2017-02-16 00:00:00+01:00,179.11151386510377,181.0414280397609,178.88882841095992,180.2249298095703,2711536,0.0,0.0
2017-02-17 00:00:00+01:00,179.77957451923174,180.7445373535156,179.2599826319262,180.7445373535156,2961580,0.0,0.0
2017-02-20 00:00:00+01:00,181.1157073974609,181.7095316541792,180.4476621875627,181.1157073974609,1510119,0.0,0.0
2017-02-21 00:00:00+01:00,180.5218568878932,183.8621051041315,180.29917140822653,182.97137451171875,1900742,0.0,0.0
2017-02-22 00:00:00+01:00,182.52598876988063,183.04559195577235,181.2641195889716,182.82290649414065,1805763,0.0,0.0
2017-02-23 00:00:00+01:00,181.4868342053857,183.04562136096453,181.3383809825341,181.9322052001953,1643326,0.0,0.0
2017-02-24 00:00:00+01:00,182.2291094449105,182.2291094449105,180.07650942392468,182.0064239501953,975591,0.0,0.0
2017-02-27 00:00:00+01:00,182.229109208704,182.37756242957016,180.1507301378141,180.8187866210937,1126244,0.0,0.0
2017-02-28 00:00:00+01:00,180.96725447158664,181.6352996826172,180.37343021386187,181.6352996826172,1626742,0.0,0.0
2017-03-01 00:00:00+01:00,181.85795760736232,182.97137367434613,181.41258665006723,182.6002349853516,1828031,0.0,0.0
2017-03-02 00:00:00+01:00,194.47667105276795,195.88699352608413,191.8044679887169,194.5509033203125,8316703,0.0,0.0
2017-03-03 00:00:00+01:00,194.17977218421217,194.5509108838561,191.73024317505704,193.2147979736328,3347662,0.0,0.0
2017-03-06 00:00:00+01:00,192.69522258070032,193.58594189235447,192.32408387105048,193.4375,1609699,0.0,0.0
2017-03-07 00:00:00+01:00,193.73440138560431,193.73440138560431,190.98796594480496,191.8787078857422,2222658,0.0,0.0
2017-03-08 00:00:00+01:00,192.10138378435937,192.32408059786465,189.8745628906134,191.95294189453125,2968915,0.0,0.0
2017-03-09 00:00:00+01:00,191.50757101168904,191.8044774439961,189.8745629814914,191.284896850586,2082693,0.0,0.0
2017-03-10 00:00:00+01:00,191.50756918576977,192.2498465857146,190.4683853563487,191.8787078857422,1749777,0.0,0.0
2017-03-13 00:00:00+01:00,191.95295873426903,192.9921426642668,191.8044941789076,192.6952362060547,1910916,0.0,0.0
2017-03-14 00:00:00+01:00,192.69521573027683,193.66016728005812,192.3240770338212,192.47251892089844,2374768,0.0,0.0
2017-03-15 00:00:00+01:00,192.249844010088,192.7694472440915,190.91375376909065,191.433334350586,6834975,0.0,0.0
2017-03-16 00:00:00+01:00,192.12333983268465,193.11997985839844,191.43334477849572,193.11997985839844,5568043,8.2,0.0
2017-03-17 00:00:00+01:00,193.2733166479001,194.1932983398437,192.9666482851176,194.1932983398437,6001655,0.0,0.0
2017-03-20 00:00:00+01:00,194.34661942169487,194.6532760748352,193.65663610302863,194.0399627685547,1834910,0.0,0.0
2017-03-21 00:00:00+01:00,194.03996551892035,194.49995050515065,191.7400054931641,191.7400054931641,1319911,0.0,0.0
2017-03-22 00:00:00+01:00,191.58666730499067,193.11997400354423,190.97335398413065,191.8166656494141,1681472,0.0,0.0
2017-03-23 00:00:00+01:00,192.65997982356384,194.19328644898303,191.8166565003028,193.65663146972656,1429215,0.0,0.0
2017-03-24 00:00:00+01:00,193.96331247623544,194.4233092009147,192.96666070489889,193.8866424560547,1312545,0.0,0.0
2017-03-27 00:00:00+02:00,192.27667731608264,194.1933108385751,192.20000729590188,193.8866424560547,1055916,0.0,0.0
2017-03-28 00:00:00+02:00,194.88327441379107,195.3432710917029,193.349967751687,194.0399627685547,1248911,0.0,0.0
2017-03-29 00:00:00+02:00,195.8799231850793,196.4165898674351,194.1932882213647,195.80325317382807,1806904,0.0,0.0
2017-03-30 00:00:00+02:00,196.95324105870097,198.1798910987476,195.5732743864007,197.7198944091797,2018957,0.0,0.0
2017-03-31 00:00:00+02:00,196.9532359611853,197.56657266353608,196.10992431640625,196.10992431640625,2352223,0.0,0.0
2017-04-03 00:00:00+02:00,197.1832641188633,197.7199074617831,196.41661071777344,196.41661071777344,1425995,0.0,0.0
2017-04-04 00:00:00+02:00,196.4932557503704,197.1832625228905,195.64994403491875,197.0299224853516,1348523,0.0,0.0
2017-04-05 00:00:00+02:00,196.5699143834616,198.1798910987476,196.49324436913304,197.7198944091797,1328612,0.0,0.0
2017-04-06 00:00:00+02:00,196.87657165527344,197.8732350518305,196.03325998605115,196.87657165527344,1055227,0.0,0.0
2017-04-07 00:00:00+02:00,195.8799324304621,196.9532424494305,195.64993408405408,196.5699157714844,1512744,0.0,0.0
2017-04-10 00:00:00+02:00,197.6432192794774,197.7965593041658,195.64992763874383,196.10992431640625,980638,0.0,0.0
2017-04-11 00:00:00+02:00,195.2666263134845,197.25991821289065,194.9599696207152,197.25991821289065,1112019,0.0,0.0
2017-04-12 00:00:00+02:00,197.79655901860767,198.4098723236701,196.7232490365469,197.64321899414065,943171,0.0,0.0
2017-04-13 00:00:00+02:00,197.2599153508788,197.56659543560448,196.6466019742388,196.7999420166016,893916,0.0,0.0
2017-04-18 00:00:00+02:00,197.02992424747703,197.4132509483476,193.8099822998047,193.8099822998047,1854335,0.0,0.0
2017-04-19 00:00:00+02:00,193.8866160247559,195.1132659912109,193.27330273972944,195.1132659912109,1264760,0.0,0.0
2017-04-20 00:00:00+02:00,194.34662929730925,195.34328101796152,193.7333042616616,193.9633026123047,1139277,0.0,0.0
2017-04-21 00:00:00+02:00,193.1966426298805,193.73329763087875,192.12333262788405,192.96664428710932,1643300,0.0,0.0
2017-04-24 00:00:00+02:00,196.186580601194,196.186580601194,193.80996231972605,195.49659729003903,2061002,0.0,0.0
2017-04-25 00:00:00+02:00,195.4966156955823,197.7199058614668,195.34328735624587,197.0299224853516,1422835,0.0,0.0
2017-04-26 00:00:00+02:00,196.33992237178225,197.64321899414065,195.95659570701747,197.64321899414065,1717821,0.0,0.0
2017-04-27 00:00:00+02:00,197.79656686023,200.09652694000008,196.7999268508911,199.5598602294922,1878523,0.0,0.0
2017-04-28 00:00:00+02:00,198.1032235249185,200.01985692472692,198.1032235249185,199.5598602294922,1312311,0.0,0.0
2017-05-02 00:00:00+02:00,200.01984589499264,201.3998359046,199.7131892472141,201.3231658935547,2132107,0.0,0.0
2017-05-03 00:00:00+02:00,202.01317226015524,204.0831458126544,201.47650551797983,203.2398223876953,1852400,0.0,0.0
2017-05-04 00:00:00+02:00,203.699790358765,205.38641357421875,203.2397937013133,205.38641357421875,1387871,0.0,0.0
2017-05-05 00:00:00+02:00,205.46309285276945,206.3064161967442,204.54309949636004,206.153076171875,1181845,0.0,0.0
2017-05-08 00:00:00+02:00,206.22973578059973,207.07305908203125,205.2330958584364,207.07305908203125,1301135,0.0,0.0
2017-05-09 00:00:00+02:00,207.1497672722259,209.2963875293491,206.84308718143168,208.9897308349609,1409499,0.0,0.0
2017-05-10 00:00:00+02:00,205.30974973162284,207.1497364166928,203.4697864429555,205.15643310546875,2756175,0.0,0.0
2017-05-11 00:00:00+02:00,205.4630942154352,206.38308757794613,204.15977418461185,205.0030975341797,1718122,0.0,0.0
2017-05-12 00:00:00+02:00,205.9230783939544,207.3797149658203,205.38641173233984,207.3797149658203,2307859,0.0,0.0
2017-05-15 00:00:00+02:00,207.07306429352923,207.45639094960893,205.1564310131308,206.61306762695312,1157869,0.0,0.0
2017-05-16 00:00:00+02:00,206.84306657541904,208.3763732910156,205.9230965839033,208.3763732910156,1575205,0.0,0.0
2017-05-17 00:00:00+02:00,206.5364235297614,208.22307038668987,205.61645347758656,206.22976684570312,1711625,0.0,0.0
2017-05-18 00:00:00+02:00,205.2331259203972,205.38644256358648,201.8598322205608,203.2398223876953,1986704,0.0,0.0
2017-05-19 00:00:00+02:00,204.54308637656789,205.8464063151499,203.6997864830869,204.6964263916016,1552316,0.0,0.0
2017-05-22 00:00:00+02:00,205.69307021371927,206.30640688912217,204.2364336287904,205.38641357421875,1045186,0.0,0.0
2017-05-23 00:00:00+02:00,205.4630835831944,206.6130635286227,204.6197602772665,205.38641357421875,1141042,0.0,0.0
2017-05-24 00:00:00+02:00,204.8497772216797,206.4597304825237,204.8497772216797,204.8497772216797,1086371,0.0,0.0
2017-05-26 00:00:00+02:00,204.61977241076417,205.6164357937431,204.083129108917,204.3897857666016,1022627,0.0,0.0
2017-05-29 00:00:00+02:00,204.69643701263485,205.2331036966972,203.4697870179228,204.3131103515625,590387,0.0,0.0
2017-05-30 00:00:00+02:00,203.2397959548465,205.6930724944545,203.2397959548465,204.4664459228516,973492,0.0,0.0
2017-05-31 00:00:00+02:00,204.0064687917325,205.7697622045298,203.7764587402344,203.7764587402344,1937387,0.0,0.0
2017-06-01 00:00:00+02:00,203.62314816053933,205.07978494441488,202.9331647783251,203.0098114013672,1484635,0.0,0.0
2017-06-02 00:00:00+02:00,204.38980699241912,204.6964636819499,202.24316337289235,203.08648681640625,1205670,0.0,0.0
2017-06-06 00:00:00+02:00,193.9633046832905,195.1132847505828,191.28001785960865,191.97000122070312,4958011,0.0,0.0
2017-06-07 00:00:00+02:00,191.5100031035008,192.7366414057256,190.5133514404297,190.5133514404297,2328896,0.0,0.0
2017-06-08 00:00:00+02:00,190.5133727719085,191.663352889244,189.6700493399148,189.7467193603516,1540762,0.0,0.0
2017-06-09 00:00:00+02:00,189.8233867473469,191.0500251698992,189.1333916675964,189.97671508789065,1993957,0.0,0.0
2017-06-12 00:00:00+02:00,190.0533693408952,191.74001614538028,189.82338268410385,191.356689453125,2582181,0.0,0.0
2017-06-13 00:00:00+02:00,192.4299800211505,192.7366366646129,190.9733434174023,192.19998168945312,2495863,0.0,0.0
2017-06-14 00:00:00+02:00,192.4299888216103,193.19664216352905,191.7400054931641,191.7400054931641,1712368,0.0,0.0
2017-06-15 00:00:00+02:00,191.66334312989207,193.11997985839844,190.8966897573725,193.11997985839844,1655010,0.0,0.0
2017-06-16 00:00:00+02:00,194.4233005165307,194.8832855224609,193.7333054603321,194.8832855224609,3356355,0.0,0.0
2017-06-19 00:00:00+02:00,196.5699119163575,196.5699119163575,194.039965250092,195.8799285888672,1305175,0.0,0.0
2017-06-20 00:00:00+02:00,194.72994608722087,194.88327441379107,193.19663942511687,194.0399627685547,1651113,0.0,0.0
2017-06-21 00:00:00+02:00,193.1966544801897,193.50331115722656,191.97000437563776,193.50331115722656,1816904,0.0,0.0
2017-06-22 00:00:00+02:00,194.346637341383,194.65329402279843,192.50667385648524,193.8099822998047,1695920,0.0,0.0
2017-06-23 00:00:00+02:00,193.2733272582264,195.49661744399472,193.19665723877125,193.8099822998047,1821724,0.0,0.0
2017-06-26 00:00:00+02:00,194.03996598730748,194.72994931741923,192.73664594433825,192.96664428710932,1340092,0.0,0.0
2017-06-27 00:00:00+02:00,193.2733252921127,193.80998032823177,191.74001850422823,193.1966552734375,1268368,0.0,0.0
2017-06-28 00:00:00+02:00,192.5066394219518,193.11995267507652,191.35665952504212,192.5832977294922,1731104,0.0,0.0
2017-06-29 00:00:00+02:00,193.2733039546332,193.3499622666428,188.98004074325445,189.2866973876953,1484197,0.0,0.0
2017-06-30 00:00:00+02:00,188.52005949136367,188.75005784259903,186.68009607788508,187.2167510986328,2549224,0.0,0.0
2017-07-03 00:00:00+02:00,188.3667263406292,189.7467047145572,187.9833996644381,188.90338134765625,1728775,0.0,0.0
2017-07-04 00:00:00+02:00,188.67340073117168,189.3633840910892,188.13673400878903,188.13673400878903,772233,0.0,0.0
2017-07-05 00:00:00+02:00,187.9067588184383,188.0600871635298,186.2967819494704,187.4467620849609,1613170,0.0,0.0
2017-07-06 00:00:00+02:00,186.8334238395473,187.21675052436308,184.7634620811828,185.4534454345703,1716975,0.0,0.0
2017-07-07 00:00:00+02:00,184.84012363312027,185.0701102749164,183.5368036058676,184.380126953125,1559619,0.0,0.0
2017-07-10 00:00:00+02:00,185.3001205151221,185.99011557942737,184.61013714901912,184.9167938232422,1250598,0.0,0.0
2017-07-11 00:00:00+02:00,185.9134302998989,186.22008694894808,182.5401603675524,182.8468170166016,1944119,0.0,0.0
2017-07-12 00:00:00+02:00,183.7667939389705,187.06340547342933,183.23013896782624,186.60340881347656,1550285,0.0,0.0
2017-07-13 00:00:00+02:00,187.7533949738158,188.44338998656184,186.14343000714456,186.37342834472656,1168168,0.0,0.0
2017-07-14 00:00:00+02:00,187.1400985540343,189.1333903637665,186.4501034790404,188.5200653076172,1537192,0.0,0.0
2017-07-17 00:00:00+02:00,188.75005379533565,188.98005214163928,187.2934170990825,188.5967254638672,936217,0.0,0.0
2017-07-18 00:00:00+02:00,187.6767385147349,188.5967201759529,185.9901035194683,186.45008850097656,1262165,0.0,0.0
2017-07-19 00:00:00+02:00,186.9100925934064,187.90674430683632,185.9901108957025,187.1400909423828,1019665,0.0,0.0
2017-07-20 00:00:00+02:00,188.44338524734584,189.286696866336,187.6000619301546,188.06005859375,1664145,0.0,0.0
2017-07-21 00:00:00+02:00,187.4467574885634,189.1333926396176,186.3734474010388,187.0634307861328,1534243,0.0,0.0
2017-07-24 00:00:00+02:00,186.83340866507868,187.3700636405936,185.223443738534,185.99009704589844,1274706,0.0,0.0
2017-07-25 00:00:00+02:00,186.4500926732632,187.6000727000697,185.60678100585932,185.60678100585932,1127865,0.0,0.0
2017-07-26 00:00:00+02:00,185.1467781607443,185.99010149831395,183.84346984666504,185.83676147460932,1806423,0.0,0.0
2017-07-27 00:00:00+02:00,190.2833422488041,190.51334057303947,186.22007751464844,186.22007751464844,2419507,0.0,0.0
2017-07-28 00:00:00+02:00,186.5267619076876,186.60342022356645,185.07011352756933,185.91343688964844,1728008,0.0,0.0
2017-07-31 00:00:00+02:00,185.5300975727621,188.6733807646389,185.5300975727621,187.75338745117188,1813928,0.0,0.0
2017-08-02 00:00:00+02:00,187.83006153532264,189.670024805776,187.4467348791281,188.98004150390625,1921423,0.0,0.0
2017-08-03 00:00:00+02:00,189.05671075346524,190.2066907174201,188.1367174237404,189.2866973876953,1138332,0.0,0.0
2017-08-04 00:00:00+02:00,188.8267270134961,190.51336208466563,188.7500569973603,190.13003540039065,1146799,0.0,0.0
2017-08-07 00:00:00+02:00,190.8966940481963,190.8966940481963,189.44005728694884,189.6700439453125,911288,0.0,0.0
2017-08-08 00:00:00+02:00,189.9000197646172,190.43667473411296,189.28669478596447,189.5166931152344,1051824,0.0,0.0
2017-08-09 00:00:00+02:00,188.5200407469271,188.5200407469271,187.37006080329425,187.75338745117188,1257639,0.0,0.0
2017-08-10 00:00:00+02:00,188.1367315900696,188.82672663931848,185.99011152094505,186.29676818847656,1107646,0.0,0.0
2017-08-11 00:00:00+02:00,185.5300877433889,186.2200709937329,184.53343617206943,185.7600860595703,903260,0.0,0.0
2017-08-14 00:00:00+02:00,186.52674456686648,187.8300527976591,186.06674792155115,187.3700561523437,796397,0.0,0.0
2017-08-15 00:00:00+02:00,187.60005447500143,188.1367094290689,186.52674456686648,187.3700561523437,1007787,0.0,0.0
2017-08-16 00:00:00+02:00,188.21341022160792,189.13339196451705,187.6767551797612,187.90675354003903,995333,0.0,0.0
2017-08-17 00:00:00+02:00,186.60343339786507,188.1367402021144,186.3734467357897,187.90675354003903,961269,0.0,0.0
2017-08-18 00:00:00+02:00,186.6034362219862,186.6034362219862,184.45681602211147,185.07012939453125,1263199,0.0,0.0
2017-08-21 00:00:00+02:00,184.45680683054167,185.60678689382885,183.996810125946,184.303466796875,1208228,0.0,0.0
2017-08-22 00:00:00+02:00,185.53011482144572,187.2934199052569,185.1467881379304,186.29676818847656,1212201,0.0,0.0
2017-08-23 00:00:00+02:00,185.8367508736564,186.22007751464844,185.14676759915105,186.22007751464844,1037309,0.0,0.0
2017-08-24 00:00:00+02:00,186.1434352336884,186.9100885816869,185.4534402015686,185.91343688964844,804440,0.0,0.0
2017-08-25 00:00:00+02:00,186.2200735920024,186.98672685783723,185.53009033203125,185.53009033203125,671539,0.0,0.0
2017-08-28 00:00:00+02:00,185.2234587822425,185.83677211938604,184.68679206493883,185.4534454345703,717031,0.0,0.0
2017-08-29 00:00:00+02:00,184.38015218284212,185.4534623187625,183.6901687666367,184.84014892578125,1233112,0.0,0.0
2017-08-30 00:00:00+02:00,185.60678888754745,186.1434439165389,184.9167938232422,184.9167938232422,1105007,0.0,0.0
2017-08-31 00:00:00+02:00,185.3767910707709,186.75676950518408,184.6867960044632,186.6800994873047,1666744,0.0,0.0
2017-09-01 00:00:00+02:00,186.98675274739747,187.44674944986812,186.06677104065813,187.2167510986328,1262141,0.0,0.0
2017-09-04 00:00:00+02:00,185.83675886801896,186.4500838596305,185.6067722320907,186.06675720214844,744770,0.0,0.0
2017-09-05 00:00:00+02:00,185.6067577481828,187.0633942536648,185.22343112061372,185.7600860595703,958565,0.0,0.0
2017-09-06 00:00:00+02:00,185.1467737285171,186.2967536895638,184.3034504111357,185.99009704589844,919074,0.0,0.0
2017-09-07 00:00:00+02:00,186.75676871483344,187.2167537255563,185.3001202687054,186.9867553710937,1246345,0.0,0.0
2017-09-08 00:00:00+02:00,187.0634255319335,187.676750578236,186.37344216621955,187.5234222412109,832823,0.0,0.0
2017-09-11 00:00:00+02:00,185.9134429236624,186.220099593534,184.533464512836,185.14678955078125,2259077,0.0,0.0
2017-09-12 00:00:00+02:00,185.30008942720733,186.6800676260958,185.14676111581983,185.7600860595703,1568306,0.0,0.0
2017-09-13 00:00:00+02:00,185.9900908886138,186.9100724873545,185.3767659233864,186.22007751464844,1350799,0.0,0.0
2017-09-14 00:00:00+02:00,186.3734474010388,187.52342750833057,186.3734474010388,187.0634307861328,2117068,0.0,0.0
2017-09-15 00:00:00+02:00,187.1400835205412,187.6767385147349,186.45008850097656,186.45008850097656,4209206,0.0,0.0
2017-09-18 00:00:00+02:00,186.75677673594865,187.44676013076847,186.220109986419,186.8334350585937,1000392,0.0,0.0
2017-09-19 00:00:00+02:00,186.83343437905165,187.8300861554353,185.91345262323705,187.6767578125,1309826,0.0,0.0
2017-09-20 00:00:00+02:00,187.6767378137673,189.74669946832697,187.3700694623724,189.3633728027344,1366536,0.0,0.0
2017-09-21 00:00:00+02:00,190.05335938120933,191.280009411425,189.8233727364704,190.8966827392578,1389627,0.0,0.0
2017-09-22 00:00:00+02:00,191.20334543707972,191.20334543707972,189.97670706632104,190.13003540039065,1117826,0.0,0.0
2017-09-25 00:00:00+02:00,190.1300234375,191.893328413859,189.5166984416097,191.663330078125,1165145,0.0,0.0
2017-09-26 00:00:00+02:00,190.1300035210212,190.81998675774489,188.82669535265416,189.21002197265625,1556113,0.0,0.0
2017-09-27 00:00:00+02:00,188.98004150390625,190.0533514619705,188.5200448371924,188.98004150390625,1287797,0.0,0.0
2017-09-28 00:00:00+02:00,189.28670279033528,189.74669946832697,188.52004945915013,189.3633728027344,1135138,0.0,0.0
2017-09-29 00:00:00+02:00,189.74669144450425,189.9000197646172,187.6000598683202,189.5166931152344,1435151,0.0,0.0
2017-10-02 00:00:00+02:00,189.90003943921752,191.97000122070312,189.440054431222,191.97000122070312,1374713,0.0,0.0
2017-10-03 00:00:00+02:00,191.893344482642,192.20000115716527,190.8966927431377,191.356689453125,1172736,0.0,0.0
2017-10-04 00:00:00+02:00,191.35667864985385,191.43333696505567,190.3600269666168,191.20333862304688,1027393,0.0,0.0
2017-10-05 00:00:00+02:00,190.6666930519896,191.1266897587533,188.75005960414447,189.9000396728516,1480375,0.0,0.0
2017-10-06 00:00:00+02:00,190.36004362639164,190.89669867257763,189.74671856009223,190.05337524414065,881442,0.0,0.0
2017-10-09 00:00:00+02:00,189.74669144450425,190.1300180938871,188.5967114963557,189.5166931152344,1371515,0.0,0.0
2017-10-10 00:00:00+02:00,188.90338134765625,189.7467047145572,188.29006802431203,188.90338134765625,1093098,0.0,0.0
2017-10-11 00:00:00+02:00,189.3633887220978,189.3633887220978,188.06008028915704,188.5200653076172,1079216,0.0,0.0
2017-10-12 00:00:00+02:00,188.59671075578296,189.0567074125165,187.37006080329425,187.75338745117188,1417424,0.0,0.0
2017-10-13 00:00:00+02:00,187.9833938029104,187.9833938029104,187.14008216050647,187.60006713867188,1378042,0.0,0.0
2017-10-16 00:00:00+02:00,186.29678000726688,187.29343178727552,185.99012332028087,186.8334350585937,1129805,0.0,0.0
2017-10-17 00:00:00+02:00,186.98675930634704,188.9033928035347,186.680102626078,188.21340942382807,1536966,0.0,0.0
2017-10-18 00:00:00+02:00,186.75675626238777,188.29006292563164,186.75675626238777,187.2934112548828,2135941,0.0,0.0
2017-10-19 00:00:00+02:00,186.75675914899932,186.8334174644256,182.92349243164065,182.92349243164065,2815721,0.0,0.0
2017-10-20 00:00:00+02:00,183.0001486663917,183.46014534652537,178.4002286578614,179.7035369873047,3535197,0.0,0.0
2017-10-23 00:00:00+02:00,179.70354160889696,181.23684831784044,179.16688660040708,180.0868682861328,2079415,0.0,0.0
2017-10-24 00:00:00+02:00,180.086890471469,180.7768855944168,179.01358032226562,179.01358032226562,2592069,0.0,0.0
2017-10-25 00:00:00+02:00,178.86023562113343,179.39689064667536,174.64364203755773,175.48695373535156,3363306,0.0,0.0
2017-10-26 00:00:00+02:00,174.0303092135794,176.33026924723907,173.3403258827622,176.17694091796875,2648550,0.0,0.0
2017-10-27 00:00:00+02:00,176.1769535448063,177.40359196508524,175.56362848556557,176.40695190429688,1798262,0.0,0.0
2017-10-30 00:00:00+01:00,175.41029018090535,176.79026856125498,174.873635171381,175.9469451904297,1562585,0.0,0.0
2017-10-31 00:00:00+01:00,176.33028109006406,177.48026118412972,175.64029771290566,176.71360778808594,1837951,0.0,0.0
2017-11-01 00:00:00+01:00,177.78691720138715,178.63024061317668,177.02026380819754,177.5569305419922,1388864,0.0,0.0
2017-11-02 00:00:00+01:00,177.48025434342526,178.01690936033086,176.86692931058946,177.7869110107422,1384648,0.0,0.0
2017-11-03 00:00:00+01:00,178.17022444583355,178.4768927885496,177.3269128243169,178.4002227783203,981363,0.0,0.0
2017-11-06 00:00:00+01:00,178.55357981091453,179.24357491932184,177.9402664232676,178.32359313964844,1012449,0.0,0.0
2017-11-07 00:00:00+01:00,179.3202065253645,179.3968765364982,176.5602615975699,176.94358825683594,1298865,0.0,0.0
2017-11-08 00:00:00+01:00,176.56026343609764,177.48024508827564,176.48359342416558,177.02024841308594,1257289,0.0,0.0
2017-11-09 00:00:00+01:00,177.02026049301546,177.32692886346953,174.26031534814177,175.48695373535156,1448867,0.0,0.0
2017-11-10 00:00:00+01:00,175.1036105413652,176.0236038678104,174.03030059144731,174.56695556640625,1287821,0.0,0.0
2017-11-13 00:00:00+01:00,175.41030424777784,176.33028600905408,174.10699577778627,175.0269775390625,996917,0.0,0.0
2017-11-14 00:00:00+01:00,175.25696786907164,176.40694794249546,174.03031777813868,175.1802978515625,1325378,0.0,0.0
2017-11-15 00:00:00+01:00,174.6436309814453,175.56361263816223,174.49030265502608,174.6436309814453,1202611,0.0,0.0
2017-11-16 00:00:00+01:00,174.56697738762563,176.02362587111372,174.4903190663068,175.56362915039062,1436424,0.0,0.0
2017-11-17 00:00:00+01:00,175.48695846633453,176.40695190429688,174.8736451052963,176.40695190429688,2371498,0.0,0.0
2017-11-20 00:00:00+01:00,183.9968179537564,188.67340842269536,182.61683947946264,186.7567749023437,5529095,0.0,0.0
2017-11-21 00:00:00+01:00,187.0634307861328,187.52342750833057,185.6067939961776,187.0634307861328,1856655,0.0,0.0
2017-11-22 00:00:00+01:00,187.9833721093696,190.4366601377428,187.6000454893676,189.21002197265625,2349469,0.0,0.0
2017-11-23 00:00:00+01:00,189.13336906547488,189.6700240423469,188.2133874339512,189.2866973876953,992376,0.0,0.0
2017-11-24 00:00:00+01:00,189.2100398372632,189.90002313913288,188.1367181809978,188.98004150390625,1115780,0.0,0.0
2017-11-27 00:00:00+01:00,189.36338687752848,189.9000419096057,188.4434051513672,188.4434051513672,1328657,0.0,0.0
2017-11-28 00:00:00+01:00,188.443405678074,190.2067108154297,188.443405678074,190.2067108154297,1439220,0.0,0.0
2017-11-29 00:00:00+01:00,190.3600417883512,190.7433684888117,189.2100616869695,189.97671508789065,1303986,0.0,0.0
2017-11-30 00:00:00+01:00,189.28670403615004,190.97335073441943,189.1333757085441,190.28335571289065,1885702,0.0,0.0
2017-12-01 00:00:00+01:00,189.8233841202742,191.12669254416235,189.05673072996325,190.2067108154297,1502319,0.0,0.0
2017-12-04 00:00:00+01:00,190.8966794651047,191.28000613069727,189.21004447613765,189.3633728027344,1482010,0.0,0.0
2017-12-05 00:00:00+01:00,188.44340858188585,189.8233870453508,187.6767551797612,187.90675354003903,1836873,0.0,0.0
2017-12-06 00:00:00+01:00,187.2167332189373,189.5166931152344,186.98673488966745,189.5166931152344,1698824,0.0,0.0
2017-12-07 00:00:00+01:00,191.6633137844926,192.1233104168555,184.0734512379068,185.7600860595703,3288691,0.0,0.0
2017-12-08 00:00:00+01:00,185.53010695491164,185.6067769676447,182.7701502713431,184.380126953125,2406576,0.0,0.0
2017-12-11 00:00:00+01:00,184.68680429451013,185.3767993917897,183.99682089543344,184.45681762695312,1528930,0.0,0.0
2017-12-12 00:00:00+01:00,184.22681503740264,185.3001251220703,183.46016163458216,185.3001251220703,1531429,0.0,0.0
2017-12-13 00:00:00+01:00,184.22681503740264,185.76012184304363,183.8434883359924,185.3001251220703,2741141,0.0,0.0
2017-12-14 00:00:00+01:00,184.4568133978893,185.83678016440413,184.4568133978893,185.3001251220703,1444414,0.0,0.0
2017-12-15 00:00:00+01:00,186.22009754647704,187.67674595785988,185.4534441820235,187.1400909423828,6116717,0.0,0.0
2017-12-18 00:00:00+01:00,188.13672877125995,189.28670880457625,187.140088767614,188.5967254638672,1334619,0.0,0.0
2017-12-19 00:00:00+01:00,188.2133921410937,189.1333737956258,187.60006713867188,187.60006713867188,1534165,0.0,0.0
2017-12-20 00:00:00+01:00,187.9067542107612,188.4434092545235,186.68010408370225,187.0634307861328,1180676,0.0,0.0
2017-12-21 00:00:00+01:00,187.0633905610047,189.7466769010191,186.14340901263972,189.21002197265625,1369813,0.0,0.0
2017-12-22 00:00:00+01:00,188.4433792911373,189.7466875325287,188.06005264965748,188.8267059326172,867687,0.0,0.0
2017-12-27 00:00:00+01:00,188.2133848469729,189.97668977377413,188.2133848469729,189.5166931152344,686956,0.0,0.0
2017-12-28 00:00:00+01:00,189.74671396356865,190.20671067670065,189.21005893038284,189.6700439453125,585272,0.0,0.0
2017-12-29 00:00:00+01:00,189.13336982674383,189.4400381706201,188.29005820203653,188.98004150390625,809078,0.0,0.0
2018-01-03 00:00:00+01:00,191.58667467772312,193.00498810774613,190.1683729459023,192.5066680908203,2112618,0.0,0.0
2018-01-04 00:00:00+01:00,192.6216507838202,193.5799674543865,192.3149941285196,192.88998413085932,1786608,0.0,0.0
2018-01-05 00:00:00+01:00,193.3499755859375,193.8099722824877,192.621657231568,193.3499755859375,1547959,0.0,0.0
2018-01-08 00:00:00+01:00,193.80997247522404,193.8483074830084,191.280014038086,191.280014038086,1729424,0.0,0.0
2018-01-09 00:00:00+01:00,191.6633533674675,193.08166686166783,190.5900432678908,191.5100250244141,1737579,0.0,0.0
2018-01-10 00:00:00+01:00,190.5900147524269,191.7016596959969,188.9417031411601,189.5166931152344,2096496,0.0,0.0
2018-01-11 00:00:00+01:00,190.05337904612503,190.09171405694863,186.9867653514836,187.4467620849609,1902014,0.0,0.0
2018-01-12 00:00:00+01:00,188.4050701423183,189.4400568956262,187.715086772248,188.4434051513672,1675096,0.0,0.0
2018-01-15 00:00:00+01:00,187.29339784359163,187.90672280461183,185.1467663291211,187.3700561523437,1870299,0.0,0.0
2018-01-16 00:00:00+01:00,185.14676886089777,185.79842883430547,179.78019585043697,180.93017578125,4612399,0.0,0.0
2018-01-17 00:00:00+01:00,179.78020622218548,180.43186623318823,178.2468995593097,178.8985595703125,3320698,0.0,0.0
2018-01-18 00:00:00+01:00,179.43522940082843,180.2018827956637,177.55693092312256,178.7835693359375,2762510,0.0,0.0
2018-01-19 00:00:00+01:00,178.1319123623706,180.8918574315025,178.0552423473106,179.78021240234375,2814731,0.0,0.0
2018-01-22 00:00:00+01:00,180.1635304721832,181.16018212932912,179.85687382300037,180.77685546875,1911133,0.0,0.0
2018-01-23 00:00:00+01:00,181.35185656274388,183.03849163291463,180.5852031946479,181.62017822265625,1772281,0.0,0.0
2018-01-24 00:00:00+01:00,180.47019574507627,181.5818524724369,179.70354238728376,179.78021240234375,2661043,0.0,0.0
2018-01-25 00:00:00+01:00,179.3968966671256,179.8952167008088,177.02026643370743,177.32693481445312,2075669,0.0,0.0
2018-01-26 00:00:00+01:00,177.32691647053176,178.74521810332797,176.82858479019683,177.44190979003906,1873593,0.0,0.0
2018-01-29 00:00:00+01:00,177.28859783511876,177.748594552026,176.71360778808594,176.71360778808594,1704027,0.0,0.0
2018-01-30 00:00:00+01:00,176.33026940528876,178.63022944100993,176.33026940528876,177.8252410888672,2364543,0.0,0.0
2018-01-31 00:00:00+01:00,177.63356980311073,178.0552314637631,175.75527153096962,175.90859985351562,2860380,0.0,0.0
2018-02-01 00:00:00+01:00,179.01353333494745,179.01353333494745,171.00200923625684,171.04034423828125,3837570,0.0,0.0
2018-02-02 00:00:00+01:00,171.65370406769804,173.2636810040971,169.5454070643296,171.84536743164062,2942223,0.0,0.0
2018-02-05 00:00:00+01:00,171.040370453168,172.2670088185508,170.00538373088074,170.23538208007812,1970878,0.0,0.0
2018-02-06 00:00:00+01:00,166.3637970478149,170.4653976450953,164.29383509239054,167.0154571533203,3300335,0.0,0.0
2018-02-07 00:00:00+01:00,167.70540942433794,170.1586976454195,167.20708945847173,168.9703826904297,2413033,0.0,0.0
2018-02-08 00:00:00+01:00,168.5870691438575,170.2737158940102,166.70877075195312,166.70877075195312,2361631,0.0,0.0
2018-02-09 00:00:00+01:00,167.1304338548266,168.28041390428643,164.6771454222861,165.5587921142578,2946385,0.0,0.0
2018-02-12 00:00:00+01:00,168.01206244796325,168.77871573168326,167.0537458433132,167.85873413085938,2217685,0.0,0.0
2018-02-13 00:00:00+01:00,168.0504034307375,168.58705840879463,166.90042346424312,167.0920867919922,1562084,0.0,0.0
2018-02-14 00:00:00+01:00,168.01206497112614,171.69200312788678,167.39875169350012,170.6570281982422,2939265,0.0,0.0
2018-02-15 00:00:00+01:00,171.65368190299768,171.65368190299768,169.96704685772954,171.27035522460938,1427199,0.0,0.0
2018-02-16 00:00:00+01:00,172.49698342875206,173.49363500598048,171.73033016906874,172.88031005859375,2068604,0.0,0.0
2018-02-19 00:00:00+01:00,172.68866628196602,173.03365794821642,170.84870292982953,171.0786895751953,1800264,0.0,0.0
2018-02-20 00:00:00+01:00,171.34702985175326,171.6536865234375,169.89039311394987,171.6536865234375,1517716,0.0,0.0
2018-02-21 00:00:00+01:00,170.69537058657025,171.53869398488294,169.58372552385055,171.34703063964844,1270408,0.0,0.0
2018-02-22 00:00:00+01:00,170.5420350428207,171.88367840276362,169.43039002707974,171.19369506835938,1875350,0.0,0.0
2018-02-23 00:00:00+01:00,170.58037375477323,170.92536542946834,168.93207369889555,170.23538208007812,1828839,0.0,0.0
2018-02-26 00:00:00+01:00,170.19704337561856,171.3853584054941,169.85205170841644,171.19369506835938,1506808,0.0,0.0
2018-02-27 00:00:00+01:00,172.19033636878822,172.3436646896017,170.31202641966954,171.1553497314453,2188451,0.0,0.0
2018-02-28 00:00:00+01:00,170.27370682813964,170.42703515229846,168.1270751953125,168.1270751953125,2672290,0.0,0.0
2018-03-01 00:00:00+01:00,167.55208857762295,169.2387235737116,167.32209023765597,167.59042358398438,2039456,0.0,0.0
2018-03-02 00:00:00+01:00,166.36379167488877,167.85876350006865,166.21046333095802,166.93878173828125,2171790,0.0,0.0
2018-03-05 00:00:00+01:00,166.9387708374113,171.99868774414062,166.7471074954625,171.99868774414062,2474143,0.0,0.0
2018-03-06 00:00:00+01:00,173.60865433082398,174.2219793701172,172.343680942071,172.49700927734375,2469439,0.0,0.0
2018-03-07 00:00:00+01:00,171.73033405560966,173.91530057443674,171.50033573285933,173.57029724121094,1573794,0.0,0.0
2018-03-08 00:00:00+01:00,173.22533166274488,175.37196350097656,173.07200332391457,175.37196350097656,1863513,0.0,0.0
2018-03-09 00:00:00+01:00,174.83531075774783,176.33028255279407,174.83531075774783,175.56362915039062,1865509,0.0,0.0
2018-03-12 00:00:00+01:00,175.18028923040924,176.17694091796875,174.95029088740296,176.17694091796875,1322647,0.0,0.0
2018-03-13 00:00:00+01:00,175.71695551781687,176.67527226005868,174.91196711469328,174.95030212402344,2027805,0.0,0.0
2018-03-14 00:00:00+01:00,174.68197553255365,176.5986089630263,174.18364382170952,174.98863220214844,2207455,0.0,0.0
2018-03-15 00:00:00+01:00,175.82400078947646,176.57980288982822,175.1079803027525,175.66488647460938,2978555,8.3,0.0
2018-03-16 00:00:00+01:00,174.86932609086782,175.34666909915393,174.35218932400073,175.06822204589844,5965863,0.0,0.0
2018-03-19 00:00:00+01:00,174.63060893522942,175.74442117508667,173.79524368551498,174.5112762451172,2130599,0.0,0.0
2018-03-20 00:00:00+01:00,175.8637609007643,176.02287519617698,173.79523864147197,174.55104064941406,1604019,0.0,0.0
2018-03-21 00:00:00+01:00,175.18752797299643,175.82399735969332,173.83503811354294,174.31239318847656,2788700,0.0,0.0
2018-03-22 00:00:00+01:00,173.67592294401996,173.79525564234206,171.92564124398078,172.164306640625,1886643,0.0,0.0
2018-03-23 00:00:00+01:00,171.20959998454245,173.4372366446036,171.05048568160447,171.8460693359375,1967242,0.0,0.0
2018-03-26 00:00:00+02:00,172.99966801709135,175.14774151558964,170.57313537597656,170.57313537597656,1955262,0.0,0.0
2018-03-27 00:00:00+02:00,171.20961617391413,173.3974714302109,171.20961617391413,172.9996795654297,1666936,0.0,0.0
2018-03-28 00:00:00+02:00,170.05602305830874,175.82400512695312,169.37977202888578,175.82400512695312,2878053,0.0,0.0
2018-03-29 00:00:00+02:00,175.38642389761148,175.74443413398976,173.59636057607614,174.31239318847656,1540467,0.0,0.0
2018-04-03 00:00:00+02:00,173.4372322508573,174.033919976491,171.40849155577422,171.68695068359375,1556943,0.0,0.0
2018-04-04 00:00:00+02:00,171.92564244684968,172.32343429689826,169.0217546577088,170.5333709716797,2216032,0.0,0.0
2018-04-05 00:00:00+02:00,172.95988837241703,173.87481689453125,171.13005560747584,173.87481689453125,1899827,0.0,0.0
2018-04-06 00:00:00+02:00,172.64166693421066,173.75547928438016,172.0847607591259,172.80078125,1253141,0.0,0.0
2018-04-09 00:00:00+02:00,172.92013982196713,174.6704217139159,172.2041071345937,173.07925415039062,1074337,0.0,0.0
2018-04-10 00:00:00+02:00,174.07370996649843,174.43172019118563,172.32342831497166,173.43724060058594,1430261,0.0,0.0
2018-04-11 00:00:00+02:00,173.03946356068647,174.63063104170428,172.99968194573214,173.19857788085938,1522176,0.0,0.0
2018-04-12 00:00:00+02:00,173.75545875434028,174.03391787880346,172.84054244192023,173.83502197265625,1335538,0.0,0.0
2018-04-13 00:00:00+02:00,173.63613830071213,173.6759199126731,171.9256382431834,172.72122192382812,1681047,0.0,0.0
2018-04-16 00:00:00+02:00,173.63616619389435,174.43175000234288,170.97095557973353,172.28367614746094,2346871,0.0,0.0
2018-04-17 00:00:00+02:00,172.52233648400144,172.95989782322204,171.0107201151631,172.3234405517578,1468134,0.0,0.0
2018-04-18 00:00:00+02:00,172.04499857699727,173.67594781224588,171.84610262488513,172.28367614746094,1628909,0.0,0.0
2018-04-19 00:00:00+02:00,172.64167309908612,172.8007874205573,171.36873424802766,172.24388122558594,1398629,0.0,0.0
2018-04-20 00:00:00+02:00,171.84608611518792,172.84056578020636,171.36873102012132,171.567626953125,1825021,0.0,0.0
2018-04-23 00:00:00+02:00,171.8460949211655,174.11351352945553,171.28918870814627,173.11903381347656,3617172,0.0,0.0
2018-04-24 00:00:00+02:00,173.59633840024094,175.66486060785422,173.3974425010336,174.3919219970703,1696826,0.0,0.0
2018-04-25 00:00:00+02:00,173.63614940971786,174.78974339252937,171.84608601374137,173.2383575439453,1371842,0.0,0.0
2018-04-26 00:00:00+02:00,173.59635100843312,173.91459175406385,172.48253874783344,173.5167999267578,1593229,0.0,0.0
2018-04-27 00:00:00+02:00,173.3974618273722,174.5510557434223,173.11901482123247,173.87481689453125,1261331,0.0,0.0
2018-04-30 00:00:00+02:00,173.67594034424658,176.30136922716343,173.67594034424658,175.70468139648438,1376765,0.0,0.0
2018-05-02 00:00:00+02:00,176.5002406114891,178.64831407510968,176.0228855575097,177.93228149414062,2743808,0.0,0.0
2018-05-03 00:00:00+02:00,178.17096902616294,181.3135222456718,177.93229148577052,178.966552734375,2231064,0.0,0.0
2018-05-04 00:00:00+02:00,179.2449999205001,180.1996978786837,177.7333836920365,179.64279174804688,1232109,0.0,0.0
2018-05-07 00:00:00+02:00,180.12013665140964,181.27374267578125,179.08588760005253,181.27374267578125,1165975,0.0,0.0
2018-05-08 00:00:00+02:00,180.19970178768511,180.7566079304027,178.52897121988894,179.563232421875,1143061,0.0,0.0
2018-05-09 00:00:00+02:00,179.2847858679283,179.80191040039062,178.3300757470079,179.80191040039062,1089995,0.0,0.0
2018-05-11 00:00:00+02:00,177.41515783351153,178.05162719537208,175.34663544237557,176.73890686035156,1913754,0.0,0.0
2018-05-14 00:00:00+02:00,178.0516452557925,179.32457196898775,177.17649827700947,178.84722900390625,1595305,0.0,0.0
2018-05-15 00:00:00+02:00,179.0461078907037,179.92124264650462,178.29030582989816,179.563232421875,1353422,0.0,0.0
2018-05-16 00:00:00+02:00,179.52345559335396,180.87595758410137,179.1654453591859,179.96102905273438,1899565,0.0,0.0
2018-05-17 00:00:00+02:00,180.4781883194997,180.4781883194997,177.49474909539276,178.2107696533203,1583785,0.0,0.0
2018-05-18 00:00:00+02:00,178.21074198349578,179.642795016649,177.37537670251947,178.6483154296875,1705087,0.0,0.0
2018-05-22 00:00:00+02:00,180.59750952566904,181.35331165302372,178.0118623628566,178.13119506835938,1463836,0.0,0.0
2018-05-23 00:00:00+02:00,177.8129474635543,178.13117607071902,173.59635165058387,174.4317169189453,2068091,0.0,0.0
2018-05-24 00:00:00+02:00,174.19303699325746,176.10244502886263,173.67591247883027,174.23281860351562,1220829,0.0,0.0
2018-05-25 00:00:00+02:00,172.95990734720397,173.83505435312344,171.8460949211655,173.11903381347656,1817357,0.0,0.0
2018-05-28 00:00:00+02:00,174.1532869384913,174.1532869384913,172.6019009744652,173.0394744873047,887732,0.0,0.0
2018-05-29 00:00:00+02:00,172.32341540391263,173.31789492000252,171.36870535675232,171.96539306640625,1547104,0.0,0.0
2018-05-30 00:00:00+02:00,171.52785211737557,172.8405603783153,170.25491333007812,170.25491333007812,1593970,0.0,0.0
2018-05-31 00:00:00+02:00,171.2095956936751,172.124524157014,167.3112407410013,167.90792846679688,2513700,0.0,0.0
2018-06-01 00:00:00+02:00,169.3002210253653,172.88034782841257,168.42507406209597,171.80630493164062,1634415,0.0,0.0
2018-06-04 00:00:00+02:00,172.16429833927765,172.48253908553144,169.06152693607288,170.4140167236328,1648793,0.0,0.0
2018-06-05 00:00:00+02:00,169.81733644938296,169.8968996743561,166.63500168475778,167.231689453125,2545059,0.0,0.0
2018-06-06 00:00:00+02:00,166.79412061595778,168.4250696559411,165.4018491178625,166.9532470703125,1499123,0.0,0.0
2018-06-07 00:00:00+02:00,167.3510299413066,168.38527900121574,166.15765443558672,167.07257080078125,1106333,0.0,0.0
2018-06-08 00:00:00+02:00,165.4814143612022,166.31677969816596,164.16870607429075,165.24273681640625,1666760,0.0,0.0
2018-06-11 00:00:00+02:00,166.19744060515993,166.9134732643173,165.52120170109671,166.79412841796875,1123848,0.0,0.0
2018-06-12 00:00:00+02:00,167.3112651395232,167.3112651395232,165.68031602325013,166.79412841796875,1468074,0.0,0.0
2018-06-13 00:00:00+02:00,166.8736853588168,167.31125883297852,166.11788325234338,166.67478942871094,1912814,0.0,0.0
2018-06-14 00:00:00+02:00,165.44163172986293,168.38528905852863,165.2427358003633,168.10684204101562,1573889,0.0,0.0
2018-06-15 00:00:00+02:00,168.86263168403008,169.22064190278135,168.10682963563443,168.54440307617188,5853936,0.0,0.0
2018-06-18 00:00:00+02:00,168.06705038888114,169.89689525891362,167.03278918932858,167.07257080078125,1665493,0.0,0.0
2018-06-19 00:00:00+02:00,166.27697958836046,169.18085499804167,166.27697958836046,167.90792846679688,2602709,0.0,0.0
2018-06-20 00:00:00+02:00,168.30573110050148,172.84055568005877,168.30573110050148,172.20408630371094,2539216,0.0,0.0
2018-06-21 00:00:00+02:00,172.9598921434219,174.90908192711603,171.36872473772476,171.4482879638672,1915599,0.0,0.0
2018-06-22 00:00:00+02:00,171.76652268526672,175.10798406753673,171.4482940486907,174.90908813476562,1779137,0.0,0.0
2018-06-25 00:00:00+02:00,174.74993956507535,176.0228782295985,172.36318867382656,172.8803253173828,1759678,0.0,0.0
2018-06-26 00:00:00+02:00,174.71020530372985,174.71020530372985,171.8858804186517,173.0394744873047,1753081,0.0,0.0
2018-06-27 00:00:00+02:00,172.4825454449016,174.94884758617363,170.9709291586604,173.87481689453125,1679161,0.0,0.0
2018-06-28 00:00:00+02:00,172.80078125,173.91460573981365,171.6869688998305,172.80078125,1542767,0.0,0.0
2018-06-29 00:00:00+02:00,173.5565648950728,175.46597290039062,173.47701381546133,175.46597290039062,2196640,0.0,0.0
2018-07-02 00:00:00+02:00,173.4770165671824,175.18751655149669,173.4770165671824,174.23281860351562,1604088,0.0,0.0
2018-07-03 00:00:00+02:00,174.98863023827286,177.33559969652413,174.78973431571524,176.6991424560547,1494066,0.0,0.0
2018-07-04 00:00:00+02:00,176.38091561681665,178.84723010703948,176.02290535588617,178.33009338378906,948544,0.0,0.0
2018-07-05 00:00:00+02:00,178.13117546026365,179.20521825013952,177.33559180543506,177.97206115722656,1099802,0.0,0.0
2018-07-06 00:00:00+02:00,178.80744610526042,179.08590527095956,177.17649700540366,178.13119506835938,1156306,0.0,0.0
2018-07-09 00:00:00+02:00,178.76764396548512,179.8019051397931,178.36985213995462,179.16543579101562,1182560,0.0,0.0
2018-07-10 00:00:00+02:00,179.40412034066347,180.71682856046945,179.0461101115931,179.0858917236328,1531811,0.0,0.0
2018-07-11 00:00:00+02:00,177.85273503237983,178.84721463763847,176.69914111820856,177.65383911132812,1544785,0.0,0.0
2018-07-12 00:00:00+02:00,178.52897099897086,183.34225463867188,178.44941991562018,183.34225463867188,2268073,0.0,0.0
2018-07-13 00:00:00+02:00,183.0638138863723,185.4903344551573,183.0240322735173,185.13232421875,1848349,0.0,0.0
2018-07-16 00:00:00+02:00,184.37653064214504,185.8881348832456,183.6207285215948,184.7743225097656,1099724,0.0,0.0
2018-07-17 00:00:00+02:00,184.97320076514936,184.97320076514936,182.6262313984234,184.57540893554688,1472421,0.0,0.0
2018-07-18 00:00:00+02:00,184.9334301931588,186.92238945989445,184.61520156633856,186.7632751464844,1512854,0.0,0.0
2018-07-19 00:00:00+02:00,184.5754108837697,185.49032724565524,183.54114968795787,184.5356292724609,1719272,0.0,0.0
2018-07-20 00:00:00+02:00,184.9732046860915,186.7632679572472,184.53563123632475,186.1665802001953,1989103,0.0,0.0
2018-07-23 00:00:00+02:00,185.2516718842868,185.6892332134375,184.25719224595508,185.5699005126953,929670,0.0,0.0
2018-07-24 00:00:00+02:00,185.0925378262573,187.04172754902388,184.7345275990949,186.4052581787109,1589588,0.0,0.0
2018-07-25 00:00:00+02:00,185.7687964683107,189.5876007080078,185.3312229994501,189.5876007080078,2040545,0.0,0.0
2018-07-26 00:00:00+02:00,192.9290610426011,196.50918794854627,188.1157768855681,192.4517059326172,3766724,0.0,0.0
2018-07-27 00:00:00+02:00,192.3721499680742,194.440660399773,192.13347241912777,193.72463989257807,1612651,0.0,0.0
2018-07-30 00:00:00+02:00,193.2074924497913,194.5599822142024,192.45167827765172,192.8892517089844,946543,0.0,0.0
2018-07-31 00:00:00+02:00,192.4516791889617,194.00307701100027,192.4516791889617,193.3666076660156,1473751,0.0,0.0
2018-08-02 00:00:00+02:00,191.41744917058412,195.634033203125,191.3776675563888,195.634033203125,2091635,0.0,0.0
2018-08-03 00:00:00+02:00,195.7136092377505,196.1114011264452,193.80421302787445,194.7589111328125,1568348,0.0,0.0
2018-08-06 00:00:00+02:00,194.719112947574,195.6340293578643,193.2870598421962,194.04286193847656,1137484,0.0,0.0
2018-08-07 00:00:00+02:00,193.72462182581543,195.5146850665057,193.2074973010289,194.9577789306641,1059884,0.0,0.0
2018-08-08 00:00:00+02:00,193.3268321722131,194.0826342322005,191.09919546411075,192.8097076416016,1932059,0.0,0.0
2018-08-09 00:00:00+02:00,192.2925886908341,192.4914846270347,191.09921307363035,191.337890625,1208565,0.0,0.0
2018-08-10 00:00:00+02:00,190.7809767137363,191.4572155856752,189.4284868302144,189.82627868652344,1474262,0.0,0.0
2018-08-13 00:00:00+02:00,188.39421578751623,189.8262688237526,187.87707911739685,189.4682464599609,1184953,0.0,0.0
2018-08-14 00:00:00+02:00,190.7809749027298,192.01413207351072,189.38870341886448,190.54229736328125,1558495,0.0,0.0
2018-08-15 00:00:00+02:00,190.3832075338383,191.8948119120011,188.2351336818428,188.75225830078125,1329381,0.0,0.0
2018-08-16 00:00:00+02:00,190.1445050720484,190.86052554909807,189.03069274338344,190.3036193847656,1304500,0.0,0.0
2018-08-17 00:00:00+02:00,191.21852453963152,191.93454492910595,189.90580430607184,190.90028381347656,1175524,0.0,0.0
2018-08-20 00:00:00+02:00,191.73566632231405,193.1279377582645,190.4229581099896,192.53125,1371554,0.0,0.0
2018-08-21 00:00:00+02:00,192.0538931712044,194.0826339585739,192.0538931712044,193.2472686767578,1201874,0.0,0.0
2018-08-22 00:00:00+02:00,192.88928997889528,193.04840431104608,191.0992264279968,192.05392456054688,835210,0.0,0.0
2018-08-23 00:00:00+02:00,191.69591427829624,193.5655410650929,191.5765815640945,192.05392456054688,812031,0.0,0.0
2018-08-24 00:00:00+02:00,191.73567394737944,192.33236172937336,191.09920455199045,191.6958923339844,796198,0.0,0.0
2018-08-27 00:00:00+02:00,193.2074861367615,193.2472556058753,191.3776413907516,192.76991271972656,818830,0.0,0.0
2018-08-28 00:00:00+02:00,193.2075009818905,193.24727045406,190.8207499488326,192.53125,1099720,0.0,0.0
2018-08-29 00:00:00+02:00,192.25278935984343,192.88925872496452,191.09919546411075,192.8097076416016,978885,0.0,0.0
2018-08-30 00:00:00+02:00,192.21303619016348,192.8494934696211,191.53678515618407,192.29258728027344,1023428,0.0,0.0
2018-08-31 00:00:00+02:00,192.21303802870565,192.6903809928647,191.17877673022744,191.5765686035156,1262207,0.0,0.0
2018-09-03 00:00:00+02:00,191.13897662981424,192.6108112744964,190.8207480178176,192.571029663086,834283,0.0,0.0
2018-09-04 00:00:00+02:00,192.7301582474641,193.2075133404672,190.4627397651656,191.41744995117188,970354,0.0,0.0
2018-09-05 00:00:00+02:00,190.8207570050391,191.8947877258448,188.9909120507684,189.11024475097656,1073509,0.0,0.0
2018-09-06 00:00:00+02:00,188.39421166243352,188.99089940283,187.20083618164065,187.20083618164065,968038,0.0,0.0
2018-09-07 00:00:00+02:00,187.35993757476857,189.9058026637796,186.5643539757249,189.5080108642578,1090555,0.0,0.0
2018-09-10 00:00:00+02:00,188.55333853455687,190.86052642870013,188.1157650678348,190.78097534179688,1196960,0.0,0.0
2018-09-11 00:00:00+02:00,190.62187842845657,190.7809927564312,188.4737925120409,189.0704803466797,1198720,0.0,0.0
2018-09-12 00:00:00+02:00,189.50802571690772,191.41743378804725,189.50802571690772,190.9400787353516,1106443,0.0,0.0
2018-09-13 00:00:00+02:00,190.5025048419582,191.8549946351981,190.34339053798467,190.701400756836,1017824,0.0,0.0
2018-09-14 00:00:00+02:00,191.019646745382,191.57655289439063,188.83179162169932,189.66714477539065,1204359,0.0,0.0
2018-09-17 00:00:00+02:00,188.75222343501505,189.62737031733604,187.95663977459347,188.59310913085932,1039777,0.0,0.0
2018-09-18 00:00:00+02:00,187.99642482371792,188.7124452753349,186.36547586209744,188.27487182617188,1232872,0.0,0.0
2018-09-19 00:00:00+02:00,188.79200218352992,189.229575618056,187.2803859678619,188.1555328369141,1280267,0.0,0.0
2018-09-20 00:00:00+02:00,187.75775522020336,188.2748797749099,186.2461510297966,187.001953125,1712515,0.0,0.0
2018-09-21 00:00:00+02:00,188.27488806656865,188.91135748937572,186.8826165152724,187.08151245117188,4042096,0.0,0.0
2018-09-24 00:00:00+02:00,186.9621542083347,187.35994602579925,184.45607061416524,185.37098693847656,1328760,0.0,0.0
2018-09-25 00:00:00+02:00,185.3312099282856,187.8770751953125,185.21187723594184,187.8770751953125,1318360,0.0,0.0
2018-09-26 00:00:00+02:00,187.7179617976068,188.43399437405208,186.2859087843593,188.3544311523437,1458571,0.0,0.0
2018-09-27 00:00:00+02:00,187.9566449923652,189.42847966086123,186.64393677208545,189.2295837402344,1062024,0.0,0.0
2018-09-28 00:00:00+02:00,188.91134687646297,189.6273794892615,188.59311825275952,189.1500244140625,1573693,0.0,0.0
2018-10-01 00:00:00+02:00,189.34890812403088,191.05940811047057,188.23509587327607,190.26382446289065,1007633,0.0,0.0
2018-10-02 00:00:00+02:00,188.95112580829013,191.05941772460932,188.8317931110056,191.05941772460932,1404080,0.0,0.0
2018-10-03 00:00:00+02:00,191.934559437008,194.79866549068183,191.65610029802963,193.764404296875,1496281,0.0,0.0
2018-10-04 00:00:00+02:00,194.04287286789392,194.48044636080056,193.00862369875327,193.88375854492188,1532117,0.0,0.0
2018-10-05 00:00:00+02:00,194.4804362819153,195.95227100732995,193.72463418223376,194.5202178955078,1658974,0.0,0.0
2018-10-08 00:00:00+02:00,194.7191114318285,194.9975705839114,192.92904809895168,194.32131958007807,1056796,0.0,0.0
2018-10-09 00:00:00+02:00,193.8439749775005,194.36111169650863,191.8152461356555,193.9235382080078,1042201,0.0,0.0
2018-10-10 00:00:00+02:00,193.6848516970432,196.07160282612475,193.04838230135925,194.04286193847656,1344514,0.0,0.0
2018-10-11 00:00:00+02:00,191.8152365398507,192.5710386332815,186.6439424463378,186.7632751464844,2656562,0.0,0.0
2018-10-12 00:00:00+02:00,188.6328916042908,189.38869365721828,187.0019426650408,187.3997344970703,1210347,0.0,0.0
2018-10-15 00:00:00+02:00,187.0019574598721,188.03621873290425,185.64946755189663,187.1610717773437,1033041,0.0,0.0
2018-10-16 00:00:00+02:00,187.3201734398416,191.69588364274128,186.9621632148057,191.37765502929688,1522480,0.0,0.0
2018-10-17 00:00:00+02:00,193.8041766346492,194.08262362066063,186.8030382803932,187.7577362060547,2201145,0.0,0.0
2018-10-18 00:00:00+02:00,188.47376344709355,191.53676538174508,187.9168573152414,189.78648376464844,1874236,0.0,0.0
2018-10-19 00:00:00+02:00,189.34891546730424,195.55447058701856,189.2693522436034,194.8782196044922,2851864,0.0,0.0
2018-10-22 00:00:00+02:00,195.15666566337129,195.63400855464167,192.6108004910005,194.4008636474609,1898950,0.0,0.0
2018-10-23 00:00:00+02:00,192.17323651713608,193.88373653932388,191.8947773788063,193.52572631835932,1574705,0.0,0.0
2018-10-24 00:00:00+02:00,193.9633199571176,194.997581256203,192.2528076171875,192.2528076171875,1556025,0.0,0.0
2018-10-25 00:00:00+02:00,189.42848452781345,189.9456090788722,182.34778228778853,186.28591918945312,3561610,0.0,0.0
2018-10-26 00:00:00+02:00,184.89365813263404,187.43953583730652,183.89917844788528,185.8881378173828,1842195,0.0,0.0
2018-10-29 00:00:00+01:00,186.96216432536843,189.50802966697665,185.88812150423763,186.4052581787109,1554460,0.0,0.0
2018-10-30 00:00:00+01:00,187.5190558570255,191.61631876307456,187.3599415617593,191.09918212890625,2024772,0.0,0.0
2018-10-31 00:00:00+01:00,192.69037378992607,194.99757385253903,192.0936860022985,194.99757385253903,2208263,0.0,0.0
2018-11-01 00:00:00+01:00,195.3157958984375,197.14564081339847,194.48043059599408,195.3157958984375,1812136,0.0,0.0
2018-11-02 00:00:00+01:00,194.91798999282983,195.1168859009858,191.5367595541788,192.6903533935547,1457791,0.0,0.0
2018-11-05 00:00:00+01:00,192.88926277735828,196.11137914251705,192.4119198482216,195.07711791992188,1594209,0.0,0.0
2018-11-06 00:00:00+01:00,195.6340258722078,195.8329217960875,192.84948293789213,194.3610992431641,1140289,0.0,0.0
2018-11-07 00:00:00+01:00,194.7190959763641,196.54894077710432,194.5599816762221,196.4295959472656,1322094,0.0,0.0
2018-11-08 00:00:00+01:00,196.82740732635065,198.73681553672284,196.03182360693995,198.25946044921875,1398374,0.0,0.0
2018-11-09 00:00:00+01:00,198.85613104965344,200.28818404873488,197.86165148635288,199.969955444336,1681596,0.0,0.0
2018-11-12 00:00:00+01:00,200.48709576056365,200.52687737415923,198.5379180908203,198.5379180908203,1700412,0.0,0.0
2018-11-13 00:00:00+01:00,199.53239456105115,200.84510281133257,199.1743843236693,200.2086334228516,1638867,0.0,0.0
2018-11-14 00:00:00+01:00,199.4528272893231,199.73128643477384,197.5434313022551,197.94122314453125,1392339,0.0,0.0
2018-11-15 00:00:00+01:00,197.6627712135904,198.2992406123914,195.0373425308134,196.8671875,1166843,0.0,0.0
2018-11-16 00:00:00+01:00,198.4583315866552,199.73127023454805,197.34451937448088,199.13458251953125,2364733,0.0,0.0
2018-11-19 00:00:00+01:00,199.6914848652621,200.8450786646429,196.0715770343976,196.11135864257807,1664611,0.0,0.0
2018-11-20 00:00:00+01:00,195.7533712794243,197.82188161000047,194.679328431494,196.94674682617188,1488906,0.0,0.0
2018-11-21 00:00:00+01:00,197.58320239810573,198.77657786141708,195.95225350365163,196.66827392578125,1405045,0.0,0.0
2018-11-22 00:00:00+01:00,196.8671816660361,197.34453673590195,194.719108130927,195.3157958984375,1077237,0.0,0.0
2018-11-23 00:00:00+01:00,194.9180065554508,197.86166381835932,193.9633085431079,197.86166381835932,1003028,0.0,0.0
2018-11-26 00:00:00+01:00,198.73679070952005,200.0892804356296,198.21965407271992,199.13458251953125,1277827,0.0,0.0
2018-11-27 00:00:00+01:00,198.89592638025707,200.0495203253338,196.9865303428642,198.57769775390625,1098678,0.0,0.0
2018-11-28 00:00:00+01:00,198.89593227515684,201.91915287366808,198.5379220249904,200.80532836914065,1815392,0.0,0.0
2018-11-29 00:00:00+01:00,201.0440053909101,202.2373809814453,199.5721827797032,202.2373809814453,1529085,0.0,0.0
2018-11-30 00:00:00+01:00,202.71471483303523,206.1357269287109,202.03846388006525,206.1357269287109,3317220,0.0,0.0
2018-12-03 00:00:00+01:00,206.85175607199844,206.85175607199844,205.14125602187585,206.45396423339844,1649004,0.0,0.0
2018-12-04 00:00:00+01:00,206.4539519440099,207.1302028852328,205.3003459690247,205.89703369140625,1309955,0.0,0.0
2018-12-05 00:00:00+01:00,204.14678286093053,205.41972164043625,202.1180419921875,202.1180419921875,1338055,0.0,0.0
2018-12-06 00:00:00+01:00,201.24289149300805,201.9191424838044,196.7478485107422,196.7478485107422,2154423,0.0,0.0
2018-12-07 00:00:00+01:00,197.3445279949217,201.48156057182425,196.54894434014648,199.45281982421875,1677850,0.0,0.0
2018-12-10 00:00:00+01:00,199.25391879080465,201.04398196805417,196.62849036957672,196.7080535888672,1512862,0.0,0.0
2018-12-11 00:00:00+01:00,198.81635047247,201.123550355104,198.29922595272333,199.45281982421875,1850724,0.0,0.0
2018-12-12 00:00:00+01:00,200.00973097207705,204.58433710179312,198.85613707164256,203.86831665039065,1676435,0.0,0.0
2018-12-13 00:00:00+01:00,203.70920359265224,204.46501784504,201.8793707322136,202.2373809814453,1409488,0.0,0.0
2018-12-14 00:00:00+01:00,201.7600453408029,201.919159664045,197.901459269046,198.81637573242188,2047415,0.0,0.0
2018-12-17 00:00:00+01:00,198.25945086846465,199.25393046967048,196.46938758629412,197.4638671875,1787968,0.0,0.0
2018-12-18 00:00:00+01:00,197.0660565406987,198.45832784952023,195.9920259576789,196.11135864257807,2156084,0.0,0.0
2018-12-19 00:00:00+01:00,195.5147171439202,195.7136130921846,193.1677473823292,194.00311279296875,2331124,0.0,0.0
2018-12-20 00:00:00+01:00,190.94008561723052,195.992046905044,190.90030400479824,193.6450653076172,2912335,0.0,0.0
2018-12-21 00:00:00+01:00,194.1622019899501,194.59977544741832,190.90030400479824,193.6450653076172,5460131,0.0,0.0
2018-12-27 00:00:00+01:00,193.84396140001303,194.6395450907821,185.84835501949945,187.51907348632807,2008819,0.0,0.0
2018-12-28 00:00:00+01:00,188.63289777187987,194.00308767986448,188.5533345470152,193.6450653076172,1474624,0.0,0.0
2019-01-03 00:00:00+01:00,193.72463377069687,199.21415652476864,192.8097173582329,198.2992401123047,2530786,0.0,0.0
2019-01-04 00:00:00+01:00,199.6119498339281,200.4075335513047,195.8329271763893,199.69151306152344,1495825,0.0,0.0
2019-01-07 00:00:00+01:00,199.33350866445892,199.33350866445892,195.7931634461993,197.22520446777344,1541082,0.0,0.0
2019-01-08 00:00:00+01:00,197.34452760765,201.79978878186225,196.5091623438467,200.88487243652344,1967413,0.0,0.0
2019-01-09 00:00:00+01:00,202.71471550186897,202.71471550186897,199.13458909357723,201.60089111328125,2531009,0.0,0.0
2019-01-10 00:00:00+01:00,200.7257762392692,203.94789275334915,199.69151496887207,203.66943359375,1816475,0.0,0.0
2019-01-11 00:00:00+01:00,204.46502754508035,205.37994401870424,203.19208866559543,203.709213256836,1548356,0.0,0.0
2019-01-14 00:00:00+01:00,202.03846259566944,203.470515573086,201.32244217678257,201.6406707763672,1381118,0.0,0.0
2019-01-15 00:00:00+01:00,203.5103135813555,205.2605952993905,202.71472987864468,204.4650115966797,1427057,0.0,0.0
2019-01-16 00:00:00+01:00,204.46500652854192,205.0219248183501,203.62964123347325,204.50477600097656,1190511,0.0,0.0
2019-01-17 00:00:00+01:00,202.9931679914844,205.0219209120281,202.8738352971669,204.58433532714844,1780899,0.0,0.0
2019-01-18 00:00:00+01:00,206.17551468997843,206.4539738458208,204.2263491576582,205.57882690429688,1840501,0.0,0.0
2019-01-21 00:00:00+01:00,204.5445730285669,205.65838534673424,203.7887588059064,205.1810302734375,633839,0.0,0.0
2019-01-22 00:00:00+01:00,205.14126259984144,206.613097305714,204.06721974532428,204.4650115966797,1182702,0.0,0.0
2019-01-23 00:00:00+01:00,203.6694358695584,206.7324381007982,203.58987264031413,205.5390625,1235871,0.0,0.0
2019-01-24 00:00:00+01:00,204.5843303241396,205.4992466639152,202.47603851179923,203.5102996826172,1343039,0.0,0.0
2019-01-25 00:00:00+01:00,204.9821236523576,205.4992481717394,202.59537268971587,203.2318420410156,1197724,0.0,0.0
2019-01-28 00:00:00+01:00,203.82856525593056,204.3854593100626,201.87937536824563,201.9589385986328,1677086,0.0,0.0
2019-01-29 00:00:00+01:00,202.5953764259499,205.6186089352885,202.5953764259499,204.1467742919922,1644178,0.0,0.0
2019-01-30 00:00:00+01:00,203.19208142850607,205.14127129447647,203.15231195340007,204.7832489013672,1413214,0.0,0.0
2019-01-31 00:00:00+01:00,206.8517584575715,209.99432373046875,206.45396661438383,209.99432373046875,3275712,0.0,0.0
2019-02-01 00:00:00+01:00,210.0340938205501,210.3523224401784,207.20978143732964,209.238510131836,1592002,0.0,0.0
2019-02-04 00:00:00+01:00,209.3180905325545,211.9037377330458,207.88602520778568,211.54571533203125,1702451,0.0,0.0
2019-02-05 00:00:00+01:00,210.11366380777147,213.8528926975026,210.11366380777147,213.61422729492188,1932359,0.0,0.0
2019-02-06 00:00:00+01:00,212.73908929237533,214.21092408156989,212.1026320058914,213.49490356445312,1895680,0.0,0.0
2019-02-07 00:00:00+01:00,212.460596987613,214.3302233590792,211.78437033092737,212.06280517578125,1711332,0.0,0.0
2019-02-08 00:00:00+01:00,211.4661504401182,213.5346730401249,211.3468177338136,213.49490356445312,1312929,0.0,0.0
2019-02-11 00:00:00+01:00,214.0119940919142,215.7224940215501,213.73353496865133,214.92691040039065,1719974,0.0,0.0
2019-02-12 00:00:00+01:00,215.36452139233845,218.387729798046,214.76783360600496,216.637435913086,2072991,0.0,0.0
2019-02-13 00:00:00+01:00,216.79653527335628,216.87609849078152,214.52911711280544,215.2053680419922,1749876,0.0,0.0
2019-02-14 00:00:00+01:00,215.60316733440072,216.71697957916405,214.3302286492629,215.364501953125,1424382,0.0,0.0
2019-02-15 00:00:00+01:00,215.36450860757287,217.1147781093429,214.9667167736315,216.83631896972656,4465107,0.0,0.0
2019-02-18 00:00:00+01:00,216.6772087683381,217.87058422590644,214.72801914259563,217.43299865722656,1667926,0.0,0.0
2019-02-19 00:00:00+01:00,217.1545617623543,218.9048311827346,217.11476801323852,218.4672698974609,2006368,0.0,0.0
2019-02-20 00:00:00+01:00,218.0297146672512,220.5755923520107,218.0297146672512,220.13803100585932,2000751,0.0,0.0
2019-02-21 00:00:00+01:00,220.3766886559201,222.44521116703183,220.0186662731032,220.4164581298828,1826058,0.0,0.0
2019-02-22 00:00:00+01:00,220.8540410035529,221.3313960816317,218.38772666621887,220.5358123779297,1482961,0.0,0.0
2019-02-25 00:00:00+01:00,219.97890099728664,220.6949214972972,218.42750301452344,219.8993377685547,1370653,0.0,0.0
2019-02-26 00:00:00+01:00,219.89933114334147,222.2463127841364,219.77999844348312,221.88829040527344,1565865,0.0,0.0
2019-02-27 00:00:00+01:00,221.3313942802677,222.0871842250608,220.25735143315376,221.2518310546875,1264467,0.0,0.0
2019-02-28 00:00:00+01:00,219.89933595121948,220.8938156039288,219.22308493151948,220.6153564453125,1817437,0.0,0.0
2019-03-01 00:00:00+01:00,221.92808145264829,221.92808145264829,219.54133036742584,220.3369140625,1654792,0.0,0.0
2019-03-04 00:00:00+01:00,222.36564881867344,222.5645447478494,220.6153549302101,220.8938140869141,1710533,0.0,0.0
2019-03-05 00:00:00+01:00,221.01314585184764,222.76343973289275,220.1777926645645,222.08718872070312,1894887,0.0,0.0
2019-03-06 00:00:00+01:00,221.57005195874888,223.20098876953125,221.01313367837665,223.20098876953125,2096753,0.0,0.0
2019-03-07 00:00:00+01:00,223.81678554506612,224.14519840693083,222.01047722036768,223.07785034179688,4533297,8.7,0.0
2019-03-08 00:00:00+01:00,221.5178680419922,223.0778731438228,220.65578105944184,221.5178680419922,2369906,0.0,0.0
2019-03-11 00:00:00+01:00,222.83153705359675,223.36521112244847,221.7231216451835,222.66734313964844,1950023,0.0,0.0
2019-03-12 00:00:00+01:00,223.242045832087,223.7346776565348,221.51784697466744,221.76417541503903,2536624,0.0,0.0
2019-03-13 00:00:00+01:00,221.6820833827909,223.1189117010128,221.3947127078871,222.9136505126953,1450304,0.0,0.0
2019-03-14 00:00:00+01:00,223.3241562379721,225.04835510253903,221.96943750734644,225.04835510253903,3059513,0.0,0.0
2019-03-15 00:00:00+01:00,225.62308826113656,225.91045893614887,222.7904988950656,223.3241729736328,4451638,0.0,0.0
2019-03-18 00:00:00+01:00,222.62626831232683,224.0630965561633,220.90206940846377,222.13363647460932,986719,0.0,0.0
2019-03-19 00:00:00+01:00,221.7230987548828,224.43256114642807,221.43575317106405,221.7230987548828,840055,0.0,0.0
2019-03-20 00:00:00+01:00,221.2715342845756,222.1746884153633,220.7378602706583,221.9283599853516,805417,0.0,0.0
2019-03-21 00:00:00+01:00,221.43576642032693,222.2568111233221,219.79367701433648,221.59996032714844,729864,0.0,0.0
2019-03-22 00:00:00+01:00,222.4620721338132,223.4883780117948,220.3683931089532,220.9841766357422,757992,0.0,0.0
2019-03-25 00:00:00+01:00,219.71159184128288,222.21576843995769,219.71159184128288,220.82000732421875,980159,0.0,0.0
2019-03-26 00:00:00+01:00,222.09259281106927,224.43257523272243,221.31259031841967,224.06309509277344,883763,0.0,0.0
2019-03-27 00:00:00+01:00,224.02204653521187,224.6788722584118,221.96943482984307,222.46206665039065,859627,0.0,0.0
2019-03-28 00:00:00+01:00,222.83152190317696,224.8841336102001,222.83152190317696,223.07785034179688,969840,0.0,0.0
2019-03-29 00:00:00+01:00,223.4883882434245,224.30943298339844,222.13364437743,224.30943298339844,813219,0.0,0.0
2019-04-01 00:00:00+02:00,225.5409738508646,226.07464785849336,224.59675246472048,225.7872772216797,893347,0.0,0.0
2019-04-02 00:00:00+02:00,224.84308493830025,226.48517425673765,224.76097546111947,226.2388458251953,1011286,0.0,0.0
2019-04-03 00:00:00+02:00,225.9515092750547,226.19781266015187,223.4062657184364,225.04835510253903,1391932,0.0,0.0
2019-04-04 00:00:00+02:00,224.63783269911,225.4588773909515,224.10415866067203,224.8430938720703,846771,0.0,0.0
2019-04-05 00:00:00+02:00,225.45886409712145,225.78727694323464,223.52940417380228,224.9662322998047,837971,0.0,0.0
2019-04-08 00:00:00+02:00,224.2683203793877,226.2388223457517,224.2683203793877,225.335693359375,1090698,0.0,0.0
2019-04-09 00:00:00+02:00,224.06307845709168,226.89569250293584,224.06307845709168,225.7872772216797,1028711,0.0,0.0
2019-04-10 00:00:00+02:00,225.4178164209752,226.4441223144531,224.63783897570968,226.44412231445312,1017538,0.0,0.0
2019-04-11 00:00:00+02:00,226.44411765630912,226.6904460994544,223.73468017578125,223.73468017578125,1163562,0.0,0.0
2019-04-12 00:00:00+02:00,222.46205803489647,224.30940849818435,215.5242207169198,218.8494415283203,3147920,0.0,0.0
2019-04-15 00:00:00+02:00,218.23368498004044,220.8610382080078,217.5768592011973,220.8610382080078,1381806,0.0,0.0
2019-04-16 00:00:00+02:00,221.68208101072943,222.74942915604004,220.94314575195312,220.94314575195312,1623533,0.0,0.0
2019-04-17 00:00:00+02:00,225.13046879009408,225.13046879009408,218.438934379792,218.64419555664065,2532173,0.0,0.0
2019-04-18 00:00:00+02:00,217.8642155177872,219.05471529552088,216.05790716056245,216.2631683349609,1963180,0.0,0.0
2019-04-23 00:00:00+02:00,216.6736897701439,221.2305028563532,216.3452769037503,220.0399780273437,1762082,0.0,0.0
2019-04-24 00:00:00+02:00,221.68206320996663,221.68206320996663,218.7262973559081,219.17788696289065,1499157,0.0,0.0
2019-04-25 00:00:00+02:00,220.0810194317329,220.3683900848834,215.68845037928656,217.16632080078125,1997619,0.0,0.0
2019-04-26 00:00:00+02:00,217.37158045016605,219.0547120326445,217.2484287586205,218.6852569580078,1078462,0.0,0.0
2019-04-29 00:00:00+02:00,218.4389305102305,219.7526070300497,217.9052564711371,218.80841064453125,826551,0.0,0.0
2019-04-30 00:00:00+02:00,219.62945386488755,221.10732427959107,219.3831504812021,220.53260803222656,1279446,0.0,0.0
2019-05-02 00:00:00+02:00,221.3125986300864,221.96944945285384,219.5473574584368,219.793685913086,1081347,0.0,0.0
2019-05-03 00:00:00+02:00,220.6557657544029,222.58522583365416,220.24524339951105,221.1073303222656,1053434,0.0,0.0
2019-05-06 00:00:00+02:00,220.20419698868835,220.7789132408033,218.3568464268916,220.0399780273437,839834,0.0,0.0
2019-05-07 00:00:00+02:00,220.0399890780405,221.59996906397612,217.90526775483,218.7673797607422,1135999,0.0,0.0
2019-05-08 00:00:00+02:00,217.6589398286201,219.17787742913623,216.8378951857784,218.72628784179688,944079,0.0,0.0
2019-05-09 00:00:00+02:00,218.0283910588612,220.08100262995308,213.1431905534387,213.4716033935547,1846233,0.0,0.0
2019-05-10 00:00:00+02:00,215.07266932830456,215.6063433723948,211.7884905261548,211.87057495117188,1342831,0.0,0.0
2019-05-13 00:00:00+02:00,211.54216208221604,212.3632067827535,210.146388596932,211.87057495117188,1263377,0.0,0.0
2019-05-14 00:00:00+02:00,213.59477188118245,214.08740370826115,211.3368989753427,211.9526824951172,1154510,0.0,0.0
2019-05-15 00:00:00+02:00,213.2253341492236,213.30741858016805,210.76219986974684,212.0758514404297,1174738,0.0,0.0
2019-05-16 00:00:00+02:00,212.40427172744893,217.82314664666663,212.24005276662,217.57684326171875,1731049,0.0,0.0
2019-05-17 00:00:00+02:00,217.00210416402223,218.726303045095,216.55053960158932,218.5210418701172,1515043,0.0,0.0
2019-05-20 00:00:00+02:00,219.0957619292072,219.0957619292072,216.75577975019075,218.35682678222656,1069712,0.0,0.0
2019-05-21 00:00:00+02:00,219.6294401647446,219.6294401647446,217.0841967814832,219.2189178466797,901696,0.0,0.0
2019-05-22 00:00:00+02:00,219.2189464672494,220.20421018175588,217.5768569806033,219.50631713867188,1288838,0.0,0.0
2019-05-23 00:00:00+02:00,219.957868886258,222.01048062475664,219.4652370577592,221.27154541015625,1340769,0.0,0.0
2019-05-24 00:00:00+02:00,220.8610346921382,224.43258431644887,220.8610346921382,222.66734313964844,924128,0.0,0.0
2019-05-27 00:00:00+02:00,223.7346761254135,224.67887249963783,222.5441513125033,223.2831115722656,499407,0.0,0.0
2019-05-28 00:00:00+02:00,223.3241704548305,223.57047385560745,220.57366555010168,220.7378845214844,1466973,0.0,0.0
2019-05-29 00:00:00+02:00,219.38315137254187,219.9168254102256,216.7557983398437,216.7557983398437,1078539,0.0,0.0
2019-05-31 00:00:00+02:00,216.75579616485336,217.6589503267993,215.15474901157216,216.0168609619141,1038509,0.0,0.0
2019-06-03 00:00:00+02:00,215.07266290668315,217.12527459674007,213.75898641378768,216.9200134277344,1258258,0.0,0.0
2019-06-04 00:00:00+02:00,215.97579562994065,217.41262383709443,214.8674053437441,215.93475341796875,1719160,0.0,0.0
2019-06-05 00:00:00+02:00,216.6736774691749,217.7410505447269,215.7294811357861,216.5915679931641,1266384,0.0,0.0
2019-06-06 00:00:00+02:00,217.1252682759704,220.69679246766216,217.08420100958773,220.2862701416016,1284909,0.0,0.0
2019-06-07 00:00:00+02:00,220.45050264514003,222.3799627074833,219.95787081232743,221.1894378662109,1060404,0.0,0.0
2019-06-11 00:00:00+02:00,222.29786334794352,225.7873034928328,222.13364437743,224.30943298339844,1875957,0.0,0.0
2019-06-12 00:00:00+02:00,222.5441428249116,227.38832631506725,222.5441428249116,225.91043090820312,1429732,0.0,0.0
2019-06-13 00:00:00+02:00,226.2388764563928,228.41466514294487,225.7462696392016,226.8546600341797,1308287,0.0,0.0
2019-06-14 00:00:00+02:00,226.03359608931223,228.0041234161084,225.540989313909,226.6083374023437,1047334,0.0,0.0
2019-06-17 00:00:00+02:00,226.5672836680993,226.93673873086368,225.08938824815823,226.03358459472656,885072,0.0,0.0
2019-06-18 00:00:00+02:00,225.4588634973615,229.6872383885187,225.4588634973615,228.94830322265625,1333151,0.0,0.0
2019-06-19 00:00:00+02:00,229.0304146992764,229.39986975728883,227.0188452881297,229.0714569091797,1755132,0.0,0.0
2019-06-20 00:00:00+02:00,229.89251918616745,232.60195671120024,229.5230390435284,230.4261932373047,2016234,0.0,0.0
2019-06-21 00:00:00+02:00,229.97464334519245,230.5904269180252,227.55255126953125,227.55255126953125,3590646,0.0,0.0
2019-06-24 00:00:00+02:00,228.7841316865007,228.9072833969515,225.78732313613548,226.81362915039065,1130658,0.0,0.0
2019-06-25 00:00:00+02:00,225.78731185520155,228.57885906324265,225.6641601509037,226.8546600341797,1072461,0.0,0.0
2019-06-26 00:00:00+02:00,225.6230581314057,227.14199573394825,224.43255843147327,225.3767547607422,1243757,0.0,0.0
2019-06-27 00:00:00+02:00,225.37677374017787,225.37677374017787,223.1189007792107,224.5967712402344,1040782,0.0,0.0
2019-06-28 00:00:00+02:00,223.89890156161,225.4999237060547,222.58522501950165,225.4999237060547,1157853,0.0,0.0
2019-07-01 00:00:00+02:00,226.32096548761413,229.72829596545463,226.279923275324,229.1535797119141,1506270,0.0,0.0
2019-07-02 00:00:00+02:00,228.66093465314984,230.5493273225612,228.5377829671089,229.27671813964844,1154301,0.0,0.0
2019-07-03 00:00:00+02:00,230.056717275194,232.10932886738416,229.5640854818096,231.08302307128903,1168004,0.0,0.0
2019-07-04 00:00:00+02:00,231.2062110852029,231.3704050046018,229.851492232748,230.6314697265625,533146,0.0,0.0
2019-07-05 00:00:00+02:00,231.32934119088063,231.49356015124508,228.8662071231872,229.23568725585932,1046276,0.0,0.0
2019-07-08 00:00:00+02:00,227.05988881443872,227.8398912574776,225.7872796245273,227.1419982910156,1300261,0.0,0.0
2019-07-09 00:00:00+02:00,226.6083679475396,227.55256446939453,225.25364901998265,226.81362915039065,1180633,0.0,0.0
2019-07-10 00:00:00+02:00,225.99255183143663,228.2093825258709,225.17150713813444,226.2799224853516,1122095,0.0,0.0
2019-07-11 00:00:00+02:00,227.0188429842145,227.30621361950395,222.01046566842152,222.2978363037109,2123537,0.0,0.0
2019-07-12 00:00:00+02:00,221.5589261312812,221.5999683453976,214.7031976019481,215.6884613037109,3322466,0.0,0.0
2019-07-15 00:00:00+02:00,215.729507706136,217.65896787670812,214.2105699098857,216.9610748291016,1789818,0.0,0.0
2019-07-16 00:00:00+02:00,218.06946400873144,219.5062921459512,216.8789392439459,218.4389190673828,1728037,0.0,0.0
2019-07-17 00:00:00+02:00,218.1926446444063,222.5031296279741,217.5768610753252,220.5736694335937,1998413,0.0,0.0
2019-07-18 00:00:00+02:00,220.4915545372348,223.98099467642285,220.4915545372348,222.66734313964844,1767599,0.0,0.0
2019-07-19 00:00:00+02:00,222.66734793370057,222.95469355337096,215.8116192072553,217.2894897460937,2583116,0.0,0.0
2019-07-22 00:00:00+02:00,217.9052674275758,218.2336803099696,216.3452874439829,217.3305511474609,1339653,0.0,0.0
2019-07-23 00:00:00+02:00,217.2894763170212,218.43893389355569,215.8116058695192,216.79684448242188,1519816,0.0,0.0
2019-07-24 00:00:00+02:00,217.5768315927053,219.17787867788627,216.50948357344743,216.5915679931641,1698279,0.0,0.0
2019-07-25 00:00:00+02:00,219.5884260823261,222.17471200615137,216.30424711713923,217.04318237304688,2732669,0.0,0.0
2019-07-26 00:00:00+02:00,218.06948727595463,221.76418859444533,217.6178976365832,221.2305145263672,1967833,0.0,0.0
2019-07-29 00:00:00+02:00,221.8052191084681,222.5031121097394,219.9168263344831,220.0399780273437,1334784,0.0,0.0
2019-07-30 00:00:00+02:00,221.3125908556728,221.3125908556728,216.673693270153,218.64419555664065,1217188,0.0,0.0
2019-07-31 00:00:00+02:00,217.9463257244392,220.69680542549955,215.8937139736206,218.9315643310547,1542836,0.0,0.0
2019-08-02 00:00:00+02:00,217.53578643595245,221.0662683499428,216.4684133748598,219.42417907714844,2418586,0.0,0.0
2019-08-05 00:00:00+02:00,219.0957786422661,220.5736490489622,215.9757938134812,216.4273834228516,1746889,0.0,0.0
2019-08-06 00:00:00+02:00,215.93475529874752,217.7410636545633,214.662146040988,215.6473846435547,2005511,0.0,0.0
2019-08-07 00:00:00+02:00,216.75580005216665,217.5768447493339,214.94949169588028,215.85264587402344,2003058,0.0,0.0
2019-08-08 00:00:00+02:00,217.8231477226451,221.476806640625,217.49473485566048,221.476806640625,1857468,0.0,0.0
2019-08-09 00:00:00+02:00,221.3946957448837,225.49991919669424,221.23050184058857,223.40626525878903,2155082,0.0,0.0
2019-08-12 00:00:00+02:00,225.74626109461408,225.74626109461408,222.70838553666425,223.48838806152344,1359044,0.0,0.0
2019-08-13 00:00:00+02:00,222.54412945628312,225.4177855646609,221.47678149568847,225.2125244140625,1987363,0.0,0.0
2019-08-14 00:00:00+02:00,224.9662445115664,225.2536151636249,221.0252400316921,221.1483917236328,1828279,0.0,0.0
2019-08-15 00:00:00+02:00,222.09261673214223,222.33892014777305,218.8084375568056,220.82000732421875,1512533,0.0,0.0
2019-08-16 00:00:00+02:00,222.09260216295,224.35047519787835,221.84629876347665,224.30943298339844,1625715,0.0,0.0
2019-08-19 00:00:00+02:00,225.0893954966636,226.7314848675038,224.0220474281356,225.54098510742188,1241644,0.0,0.0
2019-08-20 00:00:00+02:00,224.5557096991347,226.074647298852,223.611513371622,224.1451873779297,1264711,0.0,0.0
2019-08-21 00:00:00+02:00,224.4736195966545,225.74625393600013,222.8315301701153,224.80203247070312,1117778,0.0,0.0
2019-08-22 00:00:00+02:00,223.52943610720047,224.637851545438,222.379978453446,223.2420654296875,1300302,0.0,0.0
2019-08-23 00:00:00+02:00,223.7347086562039,225.9925818628261,222.95470607139663,223.20103454589844,1026184,0.0,0.0
2019-08-26 00:00:00+02:00,221.6820679275555,224.06309253477752,220.8199810192444,221.8873291015625,1058082,0.0,0.0
2019-08-27 00:00:00+02:00,221.6820721683493,223.98098733868773,221.14839811698096,223.15994262695312,1759937,0.0,0.0
2019-08-28 00:00:00+02:00,222.46205711890656,223.2831017658761,220.4094455014828,222.01046752929688,1186307,0.0,0.0
2019-08-29 00:00:00+02:00,221.6410125404857,223.6936241585444,221.1894229507364,222.2157287597656,1441936,0.0,0.0
2019-08-30 00:00:00+02:00,222.99574256505537,222.99574256505537,221.84628501160407,222.17469787597656,1902671,0.0,0.0
2019-09-02 00:00:00+02:00,222.54415556329425,225.6230731834632,222.3799616573293,224.55572509765625,1007409,0.0,0.0
2019-09-03 00:00:00+02:00,224.0630887468012,224.14519822627497,221.72310639142168,222.46206665039065,1134577,0.0,0.0
2019-09-04 00:00:00+02:00,223.8988948441488,224.8020239494749,222.46206665039065,222.46206665039065,1316993,0.0,0.0
2019-09-05 00:00:00+02:00,223.6936415761982,223.6936415761982,220.69680833545223,222.54415893554688,1740699,0.0,0.0
2019-09-06 00:00:00+02:00,222.3799335863208,225.08937072753903,222.0515207595508,225.08937072753903,1466011,0.0,0.0
2019-09-09 00:00:00+02:00,225.62308821859045,226.23887178365896,221.96945409962893,223.1189117431641,1953489,0.0,0.0
2019-09-10 00:00:00+02:00,222.1747018604009,222.62626642497423,219.0957842211389,222.42100524902344,2936823,0.0,0.0
2019-09-11 00:00:00+02:00,223.7346758852012,223.98097926732737,220.57364884767412,222.46206665039065,1640814,0.0,0.0
2019-09-12 00:00:00+02:00,220.8610382080078,224.0631077283886,220.73788650651187,220.8610382080078,2200953,0.0,0.0
2019-09-13 00:00:00+02:00,224.9251938230988,224.96623603343377,221.06627391241625,224.39149475097656,2777941,0.0,0.0
2019-09-16 00:00:00+02:00,224.10415649414065,225.49991742300045,223.20100233058707,224.10415649414065,1531341,0.0,0.0
2019-09-17 00:00:00+02:00,223.93994661474144,229.76936911808008,223.93994661474144,229.11251831054688,2663729,0.0,0.0
2019-09-18 00:00:00+02:00,229.0304192729593,231.53459547813043,228.5377874628107,231.1651153564453,2339034,0.0,0.0
2019-09-19 00:00:00+02:00,231.0009482713176,233.0124928998356,229.89253283389465,232.3556671142578,2856361,0.0,0.0
2019-09-20 00:00:00+02:00,234.2851315668746,234.2851315668746,232.6019747442785,234.038803100586,5363982,0.0,0.0
2019-09-23 00:00:00+02:00,231.98617365069555,233.7103725593668,231.5756512941689,232.27354431152344,1625980,0.0,0.0
2019-09-24 00:00:00+02:00,233.0945851921192,233.83352041045865,231.9451276240028,232.6430206298828,1606716,0.0,0.0
2019-09-25 00:00:00+02:00,232.06825055536376,232.2735117048124,230.0567063245428,231.94509887695312,1627086,0.0,0.0
2019-09-26 00:00:00+02:00,231.86300191634825,235.6398122812437,231.37037011983247,235.3935089111328,2017694,0.0,0.0
2019-09-27 00:00:00+02:00,235.4755958058532,236.9945334209561,235.0650734804899,236.9534912109375,1857696,0.0,0.0
2019-09-30 00:00:00+02:00,237.2819329745964,238.75980350347632,236.05036584843063,238.4724578857422,2062585,0.0,0.0
2019-10-01 00:00:00+02:00,238.9239971307752,239.29347725194887,235.92718911960344,236.37875366210932,2109695,0.0,0.0
2019-10-02 00:00:00+02:00,235.63981880221075,235.9271894461553,231.00092145725893,231.1651153564453,2952797,0.0,0.0
2019-10-03 00:00:00+02:00,231.57563588422744,232.43774780934285,229.8514621465856,231.65774536132807,1920196,0.0,0.0
2019-10-04 00:00:00+02:00,232.6840634479552,235.8040483481583,232.06827992168692,234.90089416503903,2043927,0.0,0.0
2019-10-07 00:00:00+02:00,235.7629684339564,237.65138618033623,235.22929441774048,237.0766448974609,1676787,0.0,0.0
2019-10-08 00:00:00+02:00,238.10297870214083,238.10297870214083,233.13566796208065,233.6693420410156,1763127,0.0,0.0
2019-10-09 00:00:00+02:00,234.40827562148908,236.5429969781632,233.7924920603118,234.98301696777344,1345580,0.0,0.0
2019-10-10 00:00:00+02:00,235.5577068736937,236.3787515299675,234.0387692483283,235.84507751464844,1805191,0.0,0.0
2019-10-11 00:00:00+02:00,236.05032795057943,238.0208300248213,235.1471738584664,237.5281982421875,1586783,0.0,0.0
2019-10-14 00:00:00+02:00,234.8187831979244,236.6250915527344,232.84828093759256,236.6250915527344,2094277,0.0,0.0
2019-10-15 00:00:00+02:00,237.4871980336901,238.84191688329693,236.4608920784884,238.3082427978516,1528064,0.0,0.0
2019-10-16 00:00:00+02:00,240.15558877025808,241.38715589215684,232.35566366489928,234.572494506836,3202479,0.0,0.0
2019-10-17 00:00:00+02:00,234.4903761966545,238.2261196366484,234.28511501739555,236.789291381836,2188452,0.0,0.0
2019-10-18 00:00:00+02:00,236.5429538951864,238.96502042756,235.9271704461654,237.5692596435547,1761948,0.0,0.0
2019-10-21 00:00:00+02:00,238.0619047686656,238.51346930076213,236.33770600342527,237.65138244628903,1136545,0.0,0.0
2019-10-22 00:00:00+02:00,236.3377210660921,237.4871786307468,234.161957630086,237.24087524414065,1618154,0.0,0.0
2019-10-23 00:00:00+02:00,235.845077976636,238.1850602628589,235.4345556476949,237.2819061279297,1520786,0.0,0.0
2019-10-24 00:00:00+02:00,236.4198499408968,239.293506616411,236.4198499408968,238.71876525878903,1264838,0.0,0.0
2019-10-25 00:00:00+02:00,238.9240007629654,241.8386993408203,237.8976949177637,241.8386993408203,1535808,0.0,0.0
2019-10-28 00:00:00+01:00,240.97660859992084,242.94711077993887,240.1555639368888,242.0029144287109,1265680,0.0,0.0
2019-10-29 00:00:00+01:00,240.9766066090548,242.53658644466887,240.7713454449926,241.8797607421875,1176329,0.0,0.0
2019-10-30 00:00:00+01:00,241.87978032822187,243.8502826515203,241.7566286310713,243.5629119873047,1716667,0.0,0.0
2019-10-31 00:00:00+01:00,243.15239161095465,244.54817767351304,242.0029340010048,243.68606567382807,1544023,0.0,0.0
2019-11-01 00:00:00+01:00,244.63029467439577,244.8355558630616,242.4545060295005,244.01451110839844,1469471,0.0,0.0
2019-11-04 00:00:00+01:00,244.01450196568348,245.04080787055884,242.7418676098601,244.999740600586,1265220,0.0,0.0
2019-11-05 00:00:00+01:00,245.0818317179777,245.0818317179777,241.3871307373047,241.3871307373047,1797039,0.0,0.0
2019-11-06 00:00:00+01:00,241.38713317411387,243.11133199375936,240.60713071446867,242.94711303710932,1503033,0.0,0.0
2019-11-07 00:00:00+01:00,243.43975819768133,243.80923834225365,242.04397215851503,243.0292358398437,1340138,0.0,0.0
2019-11-08 00:00:00+01:00,242.9882110481931,244.1787109375,242.49557917220835,244.1787109375,983149,0.0,0.0
2019-11-11 00:00:00+01:00,243.43975469788367,245.32814749426964,243.23449352191585,244.6302795410156,1028320,0.0,0.0
2019-11-12 00:00:00+01:00,244.5892295114608,245.0408191641971,243.39872964071452,244.75344848632807,1187137,0.0,0.0
2019-11-13 00:00:00+01:00,243.8502828996965,245.28711116594056,242.98819596246875,244.58921813964844,1285790,0.0,0.0
2019-11-14 00:00:00+01:00,244.260787055606,245.45131183856287,241.09976009421564,241.3871307373047,1234616,0.0,0.0
2019-11-15 00:00:00+01:00,243.56289854133564,244.21974931703772,242.16713762352188,243.0702667236328,1436534,0.0,0.0
2019-11-18 00:00:00+01:00,243.1523863846872,246.1902618408203,242.9060829936693,246.1902618408203,1443683,0.0,0.0
2019-11-19 00:00:00+01:00,246.31338753311925,248.7354791997124,246.06708416810355,247.8733673095703,1565116,0.0,0.0
2019-11-20 00:00:00+01:00,247.9554750803184,249.6796737924668,247.50391056212652,248.57125854492188,2308967,0.0,0.0
2019-11-21 00:00:00+01:00,247.46285656308527,248.65338134765625,246.231289567858,248.65338134765625,1214985,0.0,0.0
2019-11-22 00:00:00+01:00,248.776504162921,249.80280987316408,247.9144173888336,247.95545959472656,1434022,0.0,0.0
2019-11-25 00:00:00+01:00,249.43338045407884,251.52705956196928,248.24288062218525,250.8702087402344,1530211,0.0,0.0
2019-11-26 00:00:00+01:00,251.0343983053304,254.15435791015625,250.50072430138567,254.15435791015625,2467475,0.0,0.0
2019-11-27 00:00:00+01:00,254.113324711284,254.48280483435147,252.1017552524409,252.9638671875,1816534,0.0,0.0
2019-11-28 00:00:00+01:00,252.8817446810528,254.3185727758315,252.47122236825888,253.70278930664065,666390,0.0,0.0
2019-11-29 00:00:00+01:00,252.8817405277184,253.66174293173347,252.30699927672907,253.04595947265625,1154074,0.0,0.0
2019-12-02 00:00:00+01:00,253.16916213967417,254.60599050022137,248.8586770580326,249.10498046875,1580310,0.0,0.0
2019-12-03 00:00:00+01:00,250.41862360636392,250.6238847732544,245.2870944341024,246.3134002685547,2080575,0.0,0.0
2019-12-04 00:00:00+01:00,246.1902304185908,249.2691476948205,245.4923374913868,248.94073486328125,1229669,0.0,0.0
2019-12-05 00:00:00+01:00,250.25442106969203,251.65020711864355,249.3923341347079,250.00811767578125,1359206,0.0,0.0
2019-12-06 00:00:00+01:00,249.39234753379296,251.23969825626548,248.81760617539348,250.70602416992188,974184,0.0,0.0
2019-12-09 00:00:00+01:00,250.8702217290198,250.8702217290198,249.10498046875,249.10498046875,1287644,0.0,0.0
2019-12-10 00:00:00+01:00,248.77652170531303,249.55652412261608,246.06708446173292,248.6944122314453,1514492,0.0,0.0
2019-12-11 00:00:00+01:00,248.24284193607724,249.84386388594092,246.72390440187863,248.94073486328125,1404832,0.0,0.0
2019-12-12 00:00:00+01:00,248.89968459464697,249.0639035497764,246.76496345943832,248.24285888671875,1588340,0.0,0.0
2019-12-13 00:00:00+01:00,250.00808992547232,250.00808992547232,246.76495361328125,246.76495361328125,1477615,0.0,0.0
2019-12-16 00:00:00+01:00,247.7912697377651,250.500732164547,247.17548623935485,249.6796875,1551309,0.0,0.0
2019-12-17 00:00:00+01:00,248.65341396036985,249.8439138447889,248.2428915747844,249.3923492431641,3363085,0.0,0.0
2019-12-18 00:00:00+01:00,249.26918432368217,251.89651241836188,248.6534007779499,249.7207489013672,2064523,0.0,0.0
2019-12-19 00:00:00+01:00,250.3775871268259,252.30702209472656,249.3923234806804,252.30702209472656,1650001,0.0,0.0
2019-12-20 00:00:00+01:00,254.5238484261212,257.4796142578125,253.5385847967924,257.4796142578125,4654842,0.0,0.0
2019-12-23 00:00:00+01:00,257.72593523967544,259.655395362721,257.2743706615633,259.03961181640625,1379756,0.0,0.0
2019-12-27 00:00:00+01:00,260.35328873152383,261.0101144925946,259.1217216372936,260.4764404296875,1259715,0.0,0.0
2019-12-30 00:00:00+01:00,260.27114780693296,260.4764089645094,257.1922304432863,257.8080139160156,1136704,0.0,0.0
2020-01-03 00:00:00+01:00,256.16593838654603,259.5322265625,255.5911970920069,259.5322265625,1935045,0.0,0.0
2020-01-06 00:00:00+01:00,258.834320213336,259.7785165287873,255.59118389472755,259.2448425292969,1493875,0.0,0.0
2020-01-07 00:00:00+01:00,260.2711351004474,261.4616597787866,258.6290459200029,259.5732421875,1316045,0.0,0.0
2020-01-08 00:00:00+01:00,259.6963939476619,260.3532446538248,258.38274264792096,259.77850341796875,1572540,0.0,0.0
2020-01-09 00:00:00+01:00,261.7080076204145,262.93957471509884,260.394331041492,260.886962890625,1692775,0.0,0.0
2020-01-10 00:00:00+01:00,261.99536554873424,263.80164883267065,261.1332535905936,263.0627136230469,1810193,0.0,0.0
2020-01-13 00:00:00+01:00,262.73430046757926,264.0069097129509,261.25643004996726,262.0364074707031,2064760,0.0,0.0
2020-01-14 00:00:00+01:00,261.6669693911998,261.7490538203914,258.629093822198,261.1332702636719,2147976,0.0,0.0
2020-01-15 00:00:00+01:00,261.6669487736875,264.00690605981185,261.1743169558684,263.02166748046875,1927093,0.0,0.0
2020-01-16 00:00:00+01:00,264.29429019388215,264.7869220368379,262.6111585414379,263.5143127441406,1723901,0.0,0.0
2020-01-17 00:00:00+01:00,264.9921846109151,269.9184529537981,264.74588121628955,269.2616271972656,3265838,0.0,0.0
2020-01-20 00:00:00+01:00,269.466879036123,269.959485808296,268.2353119930992,269.4258117675781,1282898,0.0,0.0
2020-01-21 00:00:00+01:00,268.933193555621,270.9447631835937,268.23532557427654,270.9447631835937,1440937,0.0,0.0
2020-01-22 00:00:00+01:00,271.15001114852225,272.8742100232542,271.02685945524763,271.2731628417969,1876967,0.0,0.0
2020-01-23 00:00:00+01:00,270.73948812028215,272.0531646432697,268.3173962480146,268.8100280761719,2017911,0.0,0.0
2020-01-24 00:00:00+01:00,268.31740878845983,270.00056552530555,265.60797119140625,265.60797119140625,2781747,0.0,0.0
2020-01-27 00:00:00+01:00,260.5585502012103,262.07748796369515,257.8901548274358,261.7080078125,2745537,0.0,0.0
2020-01-28 00:00:00+01:00,262.6522048123372,264.2121847922152,261.3795954999807,264.171142578125,1464107,0.0,0.0
2020-01-29 00:00:00+01:00,264.37640835042714,267.5374356354417,263.5143213891946,267.2911071777344,2205061,0.0,0.0
2020-01-30 00:00:00+01:00,262.9806018273892,270.82159358038774,262.28273389218054,268.563720703125,2567282,0.0,0.0
2020-01-31 00:00:00+01:00,270.0005696523481,270.7395049122669,266.0184976241834,266.2648010253906,2006986,0.0,0.0
2020-02-03 00:00:00+01:00,266.1827089399704,267.8247983842483,263.5963980201955,267.0037536621094,1998693,0.0,0.0
2020-02-04 00:00:00+01:00,268.0300341320985,270.7394714355469,268.0300341320985,270.7394714355469,1968451,0.0,0.0
2020-02-05 00:00:00+01:00,270.94476116573463,280.55099453867484,270.73949998303334,279.1141662597656,3675270,0.0,0.0
2020-02-06 00:00:00+01:00,279.9762915485159,281.0847070981645,275.6658061214493,277.75946044921875,2406766,0.0,0.0
2020-02-07 00:00:00+01:00,277.75939595282404,279.1551818847656,277.22572193989146,279.1551818847656,1381365,0.0,0.0
2020-02-10 00:00:00+01:00,277.75942627312594,278.99099338646755,276.6920781307487,278.949951171875,1283365,0.0,0.0
2020-02-11 00:00:00+01:00,279.3193876539748,280.3867356294613,278.0878207332012,279.48358154296875,2882423,0.0,0.0
2020-02-12 00:00:00+01:00,277.9647045066485,278.7036648650126,276.4868339025176,278.2520751953125,2309887,0.0,0.0
2020-02-13 00:00:00+01:00,278.8268003566184,283.05517578125,278.37521071318184,283.05517578125,2394141,0.0,0.0
2020-02-14 00:00:00+01:00,282.68567747551623,283.05515760948987,279.6478271484375,279.6478271484375,1676371,0.0,0.0
2020-02-17 00:00:00+01:00,281.28990779058995,282.31621362384783,279.6888606681897,281.8646240234375,886336,0.0,0.0
2020-02-18 00:00:00+01:00,279.77097071248545,284.53301976592473,279.40149058924675,283.71197509765625,1351027,0.0,0.0
2020-02-19 00:00:00+01:00,284.08146972450226,288.3098449707031,284.08146972450226,288.3098449707031,1750230,0.0,0.0
2020-02-20 00:00:00+01:00,288.6382566593578,288.67932392847626,283.7940979003906,283.7940979003906,2381673,0.0,0.0
2020-02-21 00:00:00+01:00,282.8909913070862,284.7794094842652,281.9467947466468,283.91729736328125,4868124,0.0,0.0
2020-02-24 00:00:00+01:00,280.592008583576,281.70042387014666,273.6541712822544,274.8446960449219,2502900,0.0,0.0
2020-02-25 00:00:00+01:00,275.95312357764107,278.25203867260547,271.02685546875,271.02685546875,2277600,0.0,0.0
2020-02-26 00:00:00+01:00,268.3995366951609,272.21738995534463,261.66698445456666,271.88897705078125,3643739,0.0,0.0
2020-02-27 00:00:00+01:00,268.2763624023073,270.0416035399844,262.48800714575543,264.7458801269531,3653860,0.0,0.0
2020-02-28 00:00:00+01:00,258.6290688049664,260.76378993969485,251.44492800482843,254.2775421142578,6009577,0.0,0.0
2020-03-02 00:00:00+01:00,257.89015014187777,263.8016570595182,255.22175481658485,258.3827819824219,4227298,0.0,0.0
2020-03-03 00:00:00+01:00,262.24166904863733,268.27635253309694,261.58484331897046,263.4732360839844,4375649,0.0,0.0
2020-03-04 00:00:00+01:00,263.7606089857069,271.6836853027344,263.7606089857069,271.6836853027344,3363872,0.0,0.0
2020-03-05 00:00:00+01:00,272.62786818804153,273.1615672598407,268.81001554629904,271.1910400390625,3520995,0.0,0.0
2020-03-06 00:00:00+01:00,264.1301030679592,264.5816676527608,255.13965313606028,258.6701354980469,3981789,0.0,0.0
2020-03-09 00:00:00+01:00,240.7303361903081,252.142853463265,237.32298035537784,245.28712463378903,4702610,0.0,0.0
2020-03-10 00:00:00+01:00,246.64184129448176,253.4154605755149,243.68607514240776,244.13766479492188,5867194,0.0,0.0
2020-03-11 00:00:00+01:00,247.5449800177148,248.98180825994032,243.60397543298603,243.9323883056641,4554352,0.0,0.0
2020-03-12 00:00:00+01:00,233.5461390994682,238.1850359313625,220.20416477181675,225.335693359375,6820013,0.0,0.0
2020-03-13 00:00:00+01:00,235.7630113634525,252.0607557967497,228.9893917044193,232.4377899169922,7430956,0.0,0.0
2020-03-16 00:00:00+01:00,229.07147128918464,249.22810865071463,218.19262901469827,240.31979370117188,7698461,0.0,0.0
2020-03-17 00:00:00+01:00,250.91129796306632,252.4712780846875,234.57251131941464,245.6566162109375,6249515,0.0,0.0
2020-03-18 00:00:00+01:00,240.07346469841585,244.63027780636804,224.71994387866755,238.2671813964844,8709349,0.0,0.0
2020-03-19 00:00:00+01:00,243.01215290083888,263.43263622514905,240.1312607397457,261.01776123046875,9282420,9.0,0.0
2020-03-20 00:00:00+01:00,272.6260989768323,273.38868429183304,248.01138305664065,248.01138305664065,9165061,0.0,0.0
2020-03-23 00:00:00+01:00,237.25037941586115,248.9010676907472,234.92024176088395,236.0641326904297,4390633,0.0,0.0
2020-03-24 00:00:00+01:00,246.44381606081348,248.35029216361767,241.5717104647581,246.8674774169922,3408378,0.0,0.0
2020-03-25 00:00:00+01:00,250.3414970835181,252.50215958228685,240.85147268880883,250.2567596435547,3795907,0.0,0.0
2020-03-26 00:00:00+01:00,246.9098679423342,252.0361865881626,243.77478898053965,251.99380493164065,3479440,0.0,0.0
2020-03-27 00:00:00+01:00,250.42621621595904,252.8410911074301,245.9777719952313,251.3582763671875,2856862,0.0,0.0
2020-03-30 00:00:00+02:00,254.19682929466245,263.0513625250553,249.9602154730848,261.6532592773437,2914398,0.0,0.0
2020-03-31 00:00:00+02:00,266.8642956897064,269.40626379905467,263.0936993175451,266.1016845703125,3120180,0.0,0.0
2020-04-01 00:00:00+02:00,260.5094023724257,270.97381815212054,260.12809677327334,270.1264953613281,2829639,0.0,0.0
2020-04-02 00:00:00+02:00,271.1433092931365,273.4310913085937,263.94106514003755,273.4310913085937,2504086,0.0,0.0
2020-04-03 00:00:00+02:00,274.53260065930067,274.8715246242689,271.3974958023024,273.4310913085937,2105808,0.0,0.0
2020-04-06 00:00:00+02:00,275.379905516153,278.09134877530005,272.6684622570059,276.4814147949219,1805428,0.0,0.0
2020-04-07 00:00:00+02:00,276.4814222547095,276.8627278620849,264.7036403803499,267.8387451171875,3297998,0.0,0.0
2020-04-08 00:00:00+02:00,264.44949503145256,266.0594034475437,263.1785106200789,264.7460632324219,1893707,0.0,0.0
2020-04-09 00:00:00+02:00,265.6357123170206,265.6780681160394,257.28957710925545,261.5685729980469,2854860,0.0,0.0
2020-04-14 00:00:00+02:00,264.61889280295566,272.2447977927612,263.5597393321493,266.86431884765625,2733009,0.0,0.0
2020-04-15 00:00:00+02:00,268.5165944479322,270.6772831374737,262.1193175487927,263.51739501953125,2485396,0.0,0.0
2020-04-16 00:00:00+02:00,266.9913918822452,274.193634938545,264.78834765808256,271.9058532714844,2346420,0.0,0.0
2020-04-17 00:00:00+02:00,278.68445004174146,279.1504930737638,274.1512681130502,276.94744873046875,2676432,0.0,0.0
2020-04-20 00:00:00+02:00,279.6165213135861,283.5565671240841,275.16807665632444,283.4294738769531,1913714,0.0,0.0
2020-04-21 00:00:00+02:00,283.85315272842774,284.48864486140184,277.92189282066954,284.4462890625,2523185,0.0,0.0
2020-04-22 00:00:00+02:00,288.0897394791389,292.02978515625,285.71724608554734,292.02978515625,2985253,0.0,0.0
2020-04-23 00:00:00+02:00,291.98741732155645,294.95304687038026,289.4454491368504,292.7923583984375,2713102,0.0,0.0
2020-04-24 00:00:00+02:00,291.5637767190599,296.7324509009932,290.165699289565,294.4023132324219,2787356,0.0,0.0
2020-04-27 00:00:00+02:00,297.24082201906344,300.46066411033814,294.44466717765056,296.1393127441406,1566297,0.0,0.0
2020-04-28 00:00:00+02:00,296.9866510792712,303.214479033894,294.5717758489185,298.89312744140625,2274541,0.0,0.0
2020-04-29 00:00:00+02:00,296.0545640243372,296.56296284657896,288.1320911309309,289.65728759765625,2559838,0.0,0.0
2020-04-30 00:00:00+02:00,289.9538336512088,291.8603096957524,284.2344055175781,284.2344055175781,3211514,0.0,0.0
2020-05-04 00:00:00+02:00,283.85316868907387,292.1145668822633,282.5821843516601,286.05621337890625,3024248,0.0,0.0
2020-05-05 00:00:00+02:00,289.6573161325364,289.7420535876307,286.81877946544,288.4710693359375,1413702,0.0,0.0
2020-05-06 00:00:00+02:00,288.9793950659746,294.105712890625,287.4118687652976,294.105712890625,1510289,0.0,0.0
2020-05-07 00:00:00+02:00,295.54617792196376,295.54617792196376,288.08974773563136,289.7843933105469,1989969,0.0,0.0
2020-05-08 00:00:00+02:00,290.716447559826,291.43667708597667,287.32715647981223,289.1488952636719,1125050,0.0,0.0
2020-05-11 00:00:00+02:00,291.0553789809616,292.5805496628936,287.79318106090994,292.1145324707031,1213298,0.0,0.0
2020-05-12 00:00:00+02:00,292.1145414812756,297.7916147047009,292.1145414812756,295.3767395019531,1721040,0.0,0.0
2020-05-13 00:00:00+02:00,293.17365705864444,298.2575933082163,292.4958092353296,296.47821044921875,1875141,0.0,0.0
2020-05-14 00:00:00+02:00,296.5629729983478,299.0625855426295,294.6988525390625,294.6988525390625,2515691,0.0,0.0
2020-05-15 00:00:00+02:00,297.5797493255481,300.6724720789724,296.7324266063503,299.9945983886719,2330841,0.0,0.0
2020-05-18 00:00:00+02:00,300.79955536611976,302.070539402878,295.8850941006158,297.87628173828125,1895424,0.0,0.0
2020-05-19 00:00:00+02:00,297.918706273418,298.257630227028,293.51261730176816,295.0801696777344,1548800,0.0,0.0
2020-05-20 00:00:00+02:00,294.148052374882,299.27436991533506,292.58050030287177,294.52935791015625,1459490,0.0,0.0
2020-05-22 00:00:00+02:00,291.563755487358,294.31755434968306,289.8267283823335,293.9362487792969,1673131,0.0,0.0
2020-05-25 00:00:00+02:00,294.14811531717174,296.69008380764114,292.91951272838924,295.7156677246094,1120138,0.0,0.0
2020-05-26 00:00:00+02:00,297.6644408402825,297.7068224883271,290.5469356505802,291.6908264160156,1788374,0.0,0.0
2020-05-27 00:00:00+02:00,290.9282859559671,291.8603461992992,280.5485817485755,281.3959045410156,2851314,0.0,0.0
2020-05-28 00:00:00+02:00,282.8787119372942,290.29278617482424,282.3279573084397,289.1488952636719,2448192,0.0,0.0
2020-05-29 00:00:00+02:00,288.8947097511243,291.1824657229126,281.904296875,281.904296875,2770053,0.0,0.0
2020-06-02 00:00:00+02:00,284.6581039493689,284.6581039493689,279.7012604160733,283.7260437011719,2618991,0.0,0.0
2020-06-03 00:00:00+02:00,286.3951186635191,288.17450179136074,283.5989636470828,287.3271789550781,1770787,0.0,0.0
2020-06-04 00:00:00+02:00,286.47986833000266,289.99625307881325,278.6844875606282,281.9466857910156,2935576,0.0,0.0
2020-06-05 00:00:00+02:00,281.9466617912656,283.64130739181417,279.1928626903742,281.4382629394531,1970444,0.0,0.0
2020-06-08 00:00:00+02:00,279.0657555138524,280.506188687483,275.93065096601424,278.98101806640625,2140844,0.0,0.0
2020-06-09 00:00:00+02:00,278.76920624441647,286.0985434253952,278.4302822899315,282.3279724121094,2311965,0.0,0.0
2020-06-10 00:00:00+02:00,281.1840970850275,282.3279881210213,278.2608228661811,281.3535461425781,1906598,0.0,0.0
2020-06-11 00:00:00+02:00,279.19288028183803,281.86194209922706,275.8035888671875,275.8035888671875,1697846,0.0,0.0
2020-06-12 00:00:00+02:00,275.3799094153173,278.5150141119568,273.30395821642907,275.9306640625,2357734,0.0,0.0
2020-06-15 00:00:00+02:00,274.78678100974605,280.4638542641288,271.1856590139075,277.7524108886719,1732451,0.0,0.0
2020-06-16 00:00:00+02:00,280.3790936487508,282.87870611208285,277.3287265679056,280.718017578125,2587631,0.0,0.0
2020-06-17 00:00:00+02:00,282.15845135171617,288.85229532625084,281.5229593441673,287.7084045410156,2105798,0.0,0.0
2020-06-18 00:00:00+02:00,288.89470682340567,289.14889330939315,283.810770237746,285.9290771484375,1791263,0.0,0.0
2020-06-19 00:00:00+02:00,289.7420297296477,291.7755991932602,288.3863081344931,290.8858947753906,4435048,0.0,0.0
2020-06-22 00:00:00+02:00,290.88586457876016,292.7923406014069,287.6660487504734,287.7084045410156,1174599,0.0,0.0
2020-06-23 00:00:00+02:00,289.6573023004539,289.784395547906,285.29359508300325,288.93707275390625,1461112,0.0,0.0
2020-06-24 00:00:00+02:00,286.9034816399499,288.0049908460016,281.4806213378906,281.4806213378906,1819977,0.0,0.0
2020-06-25 00:00:00+02:00,280.12490392501263,285.8866882324219,279.78597999956,285.8866882324219,1734981,0.0,0.0
2020-06-26 00:00:00+02:00,287.24245973326816,287.8779519008196,280.9722755184087,282.5821838378906,1252420,0.0,0.0
2020-06-29 00:00:00+02:00,282.0314005628816,283.8954952172653,278.3878969897063,280.8451538085937,1242115,0.0,0.0
2020-06-30 00:00:00+02:00,281.734829250738,282.2855838956704,276.6508924823036,278.21844482421875,1608554,0.0,0.0
2020-07-01 00:00:00+02:00,278.218442777962,282.7516248681229,277.9642304264662,281.989013671875,1249278,0.0,0.0
2020-07-02 00:00:00+02:00,283.8531747861546,284.65814189377085,278.81159312949137,282.07379150390625,1331968,0.0,0.0
2020-07-03 00:00:00+02:00,281.9043111129739,282.3279725208033,277.6253153789529,278.5997314453125,877464,0.0,0.0
2020-07-06 00:00:00+02:00,280.54855302333664,282.07372355027155,279.3199247568013,281.69244384765625,1270046,0.0,0.0
2020-07-07 00:00:00+02:00,280.5485560727846,280.9722174302312,277.03217197762524,280.5909118652344,1153703,0.0,0.0
2020-07-08 00:00:00+02:00,279.6165023705941,281.98899568377675,278.7691796361378,280.08251953125,880645,0.0,0.0
2020-07-09 00:00:00+02:00,281.48065777238645,285.46305960517435,280.7180465298449,282.1161499023437,1257281,0.0,0.0
2020-07-10 00:00:00+02:00,281.1840970850275,283.8531589301854,279.7012820756907,281.3535461425781,1054688,0.0,0.0
2020-07-13 00:00:00+02:00,282.2432269492964,285.4630432128906,280.5909371629912,285.4630432128906,1001171,0.0,0.0
2020-07-14 00:00:00+02:00,283.4294524784545,283.8531138423984,278.59970258619927,280.9298400878906,1284957,0.0,0.0
2020-07-15 00:00:00+02:00,283.9802158200733,289.9538567504769,282.41266355358846,287.3695068359375,1700785,0.0,0.0
2020-07-16 00:00:00+02:00,286.9035136107577,288.9370832183591,285.0393930531495,287.8779296875,1305842,0.0,0.0
2020-07-17 00:00:00+02:00,288.0049863832786,290.2927680628439,286.2256035056431,289.2759704589844,1043807,0.0,0.0
2020-07-20 00:00:00+02:00,290.1232953205687,292.0721530993315,286.6492669829805,290.46221923828125,1204802,0.0,0.0
2020-07-21 00:00:00+02:00,291.30956885682406,292.1145358616677,288.0473967571435,288.9794311523437,1204244,0.0,0.0
2020-07-22 00:00:00+02:00,286.90351327840324,288.2592349679805,285.75962229475243,286.9882507324219,987382,0.0,0.0
2020-07-23 00:00:00+02:00,285.80197674072747,285.97145164796314,276.35433247274653,278.0066223144531,2968843,0.0,0.0
2020-07-24 00:00:00+02:00,274.956224595599,275.5493608471125,267.2879642683542,270.2112121582031,2841655,0.0,0.0
2020-07-27 00:00:00+02:00,269.3639234881224,272.8379522757034,267.83875273174084,271.6940612792969,1659712,0.0,0.0
2020-07-28 00:00:00+02:00,273.38870319368937,278.00662291430183,272.66847362374426,276.8627319335937,2018434,0.0,0.0
2020-07-29 00:00:00+02:00,276.86270781537974,281.0145841075281,275.1680623199528,278.38787841796875,1518585,0.0,0.0
2020-07-30 00:00:00+02:00,278.7691943644493,278.7691943644493,270.3807040217869,272.3719177246094,2005602,0.0,0.0
2020-07-31 00:00:00+02:00,271.14329890089414,274.15128452978,267.6269144149212,267.8387451171875,1882200,0.0,0.0
2020-08-03 00:00:00+02:00,268.1776460335285,276.9897973192228,268.00817114297683,274.8714904785156,1408103,0.0,0.0
2020-08-04 00:00:00+02:00,275.7612380699083,276.01542458732126,271.0585806318331,272.07537841796875,1358306,0.0,0.0
2020-08-05 00:00:00+02:00,272.88027970211607,273.6852466532149,268.8131408691406,268.8131408691406,895324,0.0,0.0
2020-08-06 00:00:00+02:00,268.1353082415592,270.8467256647556,266.94903564453125,266.94903564453125,1053110,0.0,0.0
2020-08-07 00:00:00+02:00,266.9066992588949,268.6013449684752,266.2288513183594,266.2288513183594,1205627,0.0,0.0
2020-08-10 00:00:00+02:00,265.9746175619002,268.00818707824374,263.8563105952424,265.7627868652344,1159928,0.0,0.0
2020-08-11 00:00:00+02:00,266.7795785585245,267.79635036473184,263.3055500396124,265.1272888183594,1606052,0.0,0.0
2020-08-12 00:00:00+02:00,264.9154332954819,268.98259771380515,264.4070345109119,268.9402160644531,1263835,0.0,0.0
2020-08-13 00:00:00+02:00,268.2200215153534,269.57574316456834,265.84752802290694,267.24560546875,1069726,0.0,0.0
2020-08-14 00:00:00+02:00,265.3391702919444,266.61015468662873,262.9242947703955,263.26324462890625,1333401,0.0,0.0
2020-08-17 00:00:00+02:00,264.06815050131394,267.79636572100566,263.1784718875858,266.9914245605469,1275312,0.0,0.0
2020-08-18 00:00:00+02:00,266.27116715818545,269.06732181607424,264.7036149404197,267.03375244140625,1338332,0.0,0.0
2020-08-19 00:00:00+02:00,267.5845333645253,273.3463439941406,265.8475319453101,273.3463439941406,1520438,0.0,0.0
2020-08-20 00:00:00+02:00,272.07537967749874,274.9562722738973,271.22805680454377,274.405517578125,1514681,0.0,0.0
2020-08-21 00:00:00+02:00,274.9139092303266,275.0410024862729,270.97383728830226,271.4398803710937,1362851,0.0,0.0
2020-08-24 00:00:00+02:00,272.96504064409885,275.8459330536196,271.5246073684586,272.4990234375,980451,0.0,0.0
2020-08-25 00:00:00+02:00,271.69404076605383,272.96502491982443,269.7452087402344,269.7452087402344,1144278,0.0,0.0
2020-08-26 00:00:00+02:00,269.0250095734917,274.1089467622821,268.5166106829643,272.6684875488281,1146913,0.0,0.0
2020-08-27 00:00:00+02:00,273.60052322473103,273.6852606752257,268.3471374511719,268.3471374511719,1218346,0.0,0.0
2020-08-28 00:00:00+02:00,268.3471242857108,269.3215402729952,265.6356811523437,265.6356811523437,1168763,0.0,0.0
2020-08-31 00:00:00+02:00,265.9322645511387,267.92347829230005,264.49180545542885,267.49981689453125,2181117,0.0,0.0
2020-09-01 00:00:00+02:00,269.61811381208844,272.499006037656,268.26239221822175,269.4486389160156,2009113,0.0,0.0
2020-09-02 00:00:00+02:00,273.68527076234693,279.44705559299496,272.5837614400361,278.0066223144531,2280905,0.0,0.0
2020-09-03 00:00:00+02:00,279.61651021540325,280.20964648945863,269.8722984957756,271.1856384277344,2228586,0.0,0.0
2020-09-04 00:00:00+02:00,269.4486329279329,272.668449015852,266.5677407663888,268.8131408691406,1602136,0.0,0.0
2020-09-07 00:00:00+02:00,270.33833084805724,275.2104369814228,268.81316014090834,273.0497741699219,1210096,0.0,0.0
2020-09-08 00:00:00+02:00,273.68525325012905,274.4902202206308,270.21122474001214,274.0665588378906,1365921,0.0,0.0
2020-09-09 00:00:00+02:00,274.5325913540578,279.6165282309848,274.1089299476472,278.8539428710937,1610380,0.0,0.0
2020-09-10 00:00:00+02:00,277.32875506924535,279.1928756597388,274.74443075165493,277.49822998046875,1424844,0.0,0.0
2020-09-11 00:00:00+02:00,278.51501074034394,280.2520121123325,275.5493809825415,279.0657653808594,1607140,0.0,0.0
2020-09-14 00:00:00+02:00,279.40468541925605,280.2943639908663,276.26958080438726,279.61651611328125,1655648,0.0,0.0
2020-09-15 00:00:00+02:00,279.8706729957005,286.47980546505994,279.5741307420272,284.2344055175781,1654217,0.0,0.0
2020-09-16 00:00:00+02:00,284.6580939171986,287.6237236017012,284.2344325336982,285.67486572265625,1752424,0.0,0.0
2020-09-17 00:00:00+02:00,283.09054974058324,286.5645783565072,281.7771838991449,285.4630432128906,1730931,0.0,0.0
2020-09-18 00:00:00+02:00,287.9202501706154,292.6229067857703,286.5221728530105,290.7164306640625,4506337,0.0,0.0
2020-09-21 00:00:00+02:00,288.97943532295506,290.54698770024027,284.14971079890887,286.3951110839844,1715778,0.0,0.0
2020-09-22 00:00:00+02:00,286.8611558128304,290.2928290531706,286.39513856379,288.3863525390625,1629768,0.0,0.0
2020-09-23 00:00:00+02:00,288.38629729672454,289.5301881577179,282.243207483571,283.2599792480469,3111545,0.0,0.0
2020-09-24 00:00:00+02:00,280.2943703200007,282.5397964139616,278.2608007830878,281.1416931152344,1771825,0.0,0.0
2020-09-25 00:00:00+02:00,280.8027579992295,282.0737421415238,277.6676792965135,280.4214782714844,1574303,0.0,0.0
2020-09-28 00:00:00+02:00,282.92110535371535,284.4463020574767,276.9051077150705,277.9219055175781,1520056,0.0,0.0
2020-09-29 00:00:00+02:00,276.2272055525597,276.3966804391384,270.3383023301535,271.312744140625,1926802,0.0,0.0
2020-09-30 00:00:00+02:00,270.04176363944043,272.8379182973292,266.90665920390904,267.03375244140625,2082231,0.0,0.0
2020-10-01 00:00:00+02:00,268.60128127349697,271.7363854360716,266.6100678652798,267.0761108398437,1873461,0.0,0.0
2020-10-02 00:00:00+02:00,266.90669108712945,270.0417958971634,265.0849521767543,269.3639221191406,1552003,0.0,0.0
2020-10-05 00:00:00+02:00,270.7196316581786,271.39747954751675,268.4318497797433,270.1264953613281,1125608,0.0,0.0
2020-10-06 00:00:00+02:00,269.448667477834,270.12651541750057,266.99143637374107,268.2624206542969,2482041,0.0,0.0
2020-10-07 00:00:00+02:00,268.9826137082608,269.6604615558366,264.8307116025862,265.59332275390625,1659783,0.0,0.0
2020-10-08 00:00:00+02:00,267.49982342192305,268.64368853721925,265.50860963217315,266.9914245605469,2227288,0.0,0.0
2020-10-09 00:00:00+02:00,267.838734938293,272.41427276170964,267.1608612018585,271.8211364746094,1595261,0.0,0.0
2020-10-12 00:00:00+02:00,271.86354439926214,273.1768844870168,270.88912828335623,271.48223876953125,1349549,0.0,0.0
2020-10-13 00:00:00+02:00,271.1433147976825,272.7108672580049,270.21125448141714,271.48223876953125,1323659,0.0,0.0
2020-10-14 00:00:00+02:00,271.9905911691074,272.6684389969505,269.99937761974223,270.761962890625,2196254,0.0,0.0
2020-10-15 00:00:00+02:00,266.48303612503537,266.5253919242071,260.84834434841184,261.3143615722656,2643906,0.0,0.0
2020-10-16 00:00:00+02:00,261.2719844151989,266.1440904007686,260.80594137120096,264.5765380859375,1802623,0.0,0.0
2020-10-19 00:00:00+02:00,265.000221520668,267.16088444636495,263.17848256355705,263.8987121582031,1482082,0.0,0.0
2020-10-20 00:00:00+02:00,262.7124089299798,264.279961192921,259.492592815483,260.1704406738281,1697398,0.0,0.0
2020-10-21 00:00:00+02:00,258.89946897825195,261.695649709236,253.4766082763672,253.4766082763672,2767307,0.0,0.0
2020-10-22 00:00:00+02:00,253.0529459525899,253.2224208538125,250.5957150342988,251.86669921875,2450057,0.0,0.0
2020-10-23 00:00:00+02:00,251.9090674768373,254.2392052636028,250.3838967233417,251.99380493164065,2046400,0.0,0.0
2020-10-26 00:00:00+01:00,251.485400625721,254.1544881740126,250.5533662177514,253.94265747070312,1384764,0.0,0.0
2020-10-27 00:00:00+01:00,254.7899501158524,256.65404456931594,254.06972063823,254.83230590820312,2364263,0.0,0.0
2020-10-28 00:00:00+01:00,253.3071513191722,254.06973663716585,247.7995533384289,249.6212921142578,1935793,0.0,0.0
2020-10-29 00:00:00+01:00,250.38388938701613,252.332721499186,247.0793356124396,249.02816772460932,1553484,0.0,0.0
2020-10-30 00:00:00+01:00,246.6980003997908,249.7483673095703,246.1896016051214,249.7483673095703,1891015,0.0,0.0
2020-11-02 00:00:00+01:00,251.27355946781327,257.1201073224931,249.40946487119228,257.0353698730469,2152972,0.0,0.0
2020-11-03 00:00:00+01:00,257.7979733302336,259.83154296875,254.57815689076943,259.83154296875,1998143,0.0,0.0
2020-11-04 00:00:00+01:00,263.8986840282178,275.2951596388557,263.68685333815125,273.7699890136719,3174578,0.0,0.0
2020-11-05 00:00:00+01:00,276.5661281902666,277.116882781748,271.39745447233344,271.9058532714844,2035325,0.0,0.0
2020-11-06 00:00:00+01:00,270.93145271183926,273.9818198217595,269.152069742866,271.7364196777344,1533218,0.0,0.0
2020-11-09 00:00:00+01:00,274.1089096603063,274.3630961420438,260.6364831052187,263.347900390625,3402004,0.0,0.0
2020-11-10 00:00:00+01:00,261.0177877732018,263.0090015979055,257.6284964488519,258.6452941894531,4089687,0.0,0.0
2020-11-11 00:00:00+01:00,258.2216087591136,268.1352953041534,258.0097780710421,265.9322509765625,2391276,0.0,0.0
2020-11-12 00:00:00+01:00,264.7036328336845,267.54216933477494,264.23761564528064,266.9066772460937,1952486,0.0,0.0
2020-11-13 00:00:00+01:00,267.5421837768324,267.58453957506845,265.25440179078885,265.2967834472656,1844678,0.0,0.0
2020-11-16 00:00:00+01:00,265.38151103593765,265.6780533290471,262.88189843516,265.2120361328125,1917029,0.0,0.0
2020-11-17 00:00:00+01:00,264.8730877501659,266.0169785951371,261.4414152152523,261.7803649902344,1985144,0.0,0.0
2020-11-18 00:00:00+01:00,260.1704598063894,263.898700876172,259.4502561007743,261.4838256835937,2092119,0.0,0.0
2020-11-19 00:00:00+01:00,259.45026549182114,262.6277261606878,256.90829695672784,258.9842224121094,2295333,0.0,0.0
2020-11-20 00:00:00+01:00,257.797954661317,259.66207511227043,255.8914784148488,258.17926025390625,2384506,0.0,0.0
2020-11-23 00:00:00+01:00,258.4334604166854,259.1960457839718,255.93384775132623,256.0185852050781,2314169,0.0,0.0
2020-11-24 00:00:00+01:00,255.8914854582795,256.5693333546082,252.8411182083209,254.6628570556641,3319931,0.0,0.0
2020-11-25 00:00:00+01:00,254.28155778079125,256.95061922266854,253.646065729952,254.32391357421875,2564685,0.0,0.0
2020-11-26 00:00:00+01:00,254.87468939686667,258.43345552110907,254.74759614776656,256.82354736328125,1624983,0.0,0.0
2020-11-27 00:00:00+01:00,256.3151550292969,257.7979699757474,253.6460932973341,256.3151550292969,2018181,0.0,0.0
2020-11-30 00:00:00+01:00,256.73881166658333,257.28956632194286,253.39187622070312,253.39187622070312,3036740,0.0,0.0
2020-12-01 00:00:00+01:00,253.3495113164087,255.4254624714944,252.71401923116687,253.85791015625,1825494,0.0,0.0
2020-12-02 00:00:00+01:00,255.04415283090492,257.92504506664955,253.6460754372006,256.4422302246094,1580896,0.0,0.0
2020-12-03 00:00:00+01:00,256.6540749581204,258.94185689715886,253.2647837051687,253.94265747070312,2283830,0.0,0.0
2020-12-04 00:00:00+01:00,254.57816172623507,256.69646886039163,253.22243998872656,256.10333251953125,1746908,0.0,0.0
2020-12-07 00:00:00+01:00,257.58613213945404,258.3487174905874,255.97622398523043,257.9674377441406,1664157,0.0,0.0
2020-12-08 00:00:00+01:00,257.71322798685816,258.0097961425781,252.1208922584252,258.0097961425781,1758646,0.0,0.0
2020-12-09 00:00:00+01:00,258.43346121651786,261.102522939401,257.71323164475814,259.4926147460937,1991553,0.0,0.0
2020-12-10 00:00:00+01:00,260.29761074777747,262.67010457483343,259.1960754394531,259.1960754394531,2389004,0.0,0.0
2020-12-11 00:00:00+01:00,258.60294264679004,259.5773587469276,256.06097411169674,258.9842224121094,1208823,0.0,0.0
2020-12-14 00:00:00+01:00,260.46697373556594,260.6364486064508,256.86585252425937,257.79791259765625,1687633,0.0,0.0
2020-12-15 00:00:00+01:00,258.85711954525334,260.12810376560645,256.2727953071647,256.86590576171875,1891834,0.0,0.0
2020-12-16 00:00:00+01:00,257.79797271629434,260.9754333496094,256.2304202988774,260.9754333496094,2726364,0.0,0.0
2020-12-17 00:00:00+01:00,261.73799672542305,262.6277011428976,259.83152050571306,261.6532592773437,1830618,0.0,0.0
2020-12-18 00:00:00+01:00,262.2463799822812,263.26317758237326,261.2719640328313,262.627685546875,3799106,0.0,0.0
2020-12-21 00:00:00+01:00,261.865113550114,262.4158940831093,255.1289124821347,256.6540832519531,1931807,0.0,0.0
2020-12-22 00:00:00+01:00,257.50136251960106,259.74676249563987,256.73877726373235,257.6708374023437,1351035,0.0,0.0
2020-12-23 00:00:00+01:00,257.88269431838245,257.9250501142599,255.25598851800163,255.4678192138672,1151818,0.0,0.0
2020-12-28 00:00:00+01:00,258.00976992908494,259.8315086173636,257.0777097593356,258.34869384765625,1060038,0.0,0.0
2020-12-29 00:00:00+01:00,259.23843156002647,261.8651116603986,258.348727068852,260.08575439453125,1191869,0.0,0.0
2020-12-30 00:00:00+01:00,260.97543107807445,263.2632130574447,259.66209103769853,261.82275390625,1333360,0.0,0.0
2021-01-04 00:00:00+01:00,264.83073300614416,264.9578521137965,261.0177803743333,262.3311462402344,1643089,0.0,0.0
2021-01-05 00:00:00+01:00,262.11929810529244,263.8139436067222,258.0521333869182,259.28076171875,1633543,0.0,0.0
2021-01-06 00:00:00+01:00,257.586125432538,258.4758040093218,254.83232639419668,256.7811584472656,2396036,0.0,0.0
2021-01-07 00:00:00+01:00,256.2304262627394,256.6117318909086,251.8667187297346,252.2056427001953,2903552,0.0,0.0
2021-01-08 00:00:00+01:00,250.25677870563564,255.6372833251953,250.04494801871,255.6372833251953,3943431,0.0,0.0
2021-01-11 00:00:00+01:00,255.8914733098252,265.1696678675,255.76438006757724,265.0849304199219,3663752,0.0,0.0
2021-01-12 00:00:00+01:00,264.06816510119097,266.2712097167969,261.82276468572866,266.2712097167969,2694395,0.0,0.0
2021-01-13 00:00:00+01:00,265.2967452096144,265.9745930331365,261.9498101676611,264.3646850585937,2265393,0.0,0.0
2021-01-14 00:00:00+01:00,263.9410872336276,265.80520798435344,262.0346106805758,264.4071044921875,1848324,0.0,0.0
2021-01-15 00:00:00+01:00,263.8986556528924,268.43181124630485,263.0936887738969,268.3047180175781,2350861,0.0,0.0
2021-01-18 00:00:00+01:00,268.1776588081605,269.4486429731281,265.7204279275376,266.86431884765625,1434363,0.0,0.0
2021-01-19 00:00:00+01:00,268.1353185995955,270.25362566434745,267.1185208652184,269.6181335449219,1225765,0.0,0.0
2021-01-20 00:00:00+01:00,269.1944480473816,271.7787720918656,267.92346392224425,271.1432800292969,2340737,0.0,0.0
2021-01-21 00:00:00+01:00,272.54137238171234,272.8802963287379,268.09292769912213,268.3894958496094,1919666,0.0,0.0
2021-01-22 00:00:00+01:00,268.17769658178224,270.5925720070108,267.58456021129007,269.8299865722656,1471793,0.0,0.0
2021-01-25 00:00:00+01:00,270.71962720798206,274.6596729487509,269.74521118623653,271.8211364746094,1443075,0.0,0.0
2021-01-26 00:00:00+01:00,274.53256181522084,276.142469814712,273.1768402889303,273.64288330078125,1896503,0.0,0.0
2021-01-27 00:00:00+01:00,272.8379146868841,275.12569636451,270.3806839809168,271.312744140625,1731593,0.0,0.0
2021-01-28 00:00:00+01:00,267.41507424311834,271.01619605412515,265.0849366007022,268.6436767578125,1448867,0.0,0.0
2021-01-29 00:00:00+01:00,263.05133784554965,265.33909357962096,260.21280167975664,260.2551574707031,2512889,0.0,0.0
2021-02-01 00:00:00+01:00,262.6276945591686,265.9322480855107,261.8650834038113,264.1952209472656,1323012,0.0,0.0
2021-02-02 00:00:00+01:00,263.347906360512,266.5253667454518,262.2463971036952,263.9833984375,1521611,0.0,0.0
2021-02-03 00:00:00+01:00,265.678033184527,266.5253559194268,260.63647842681604,262.1192932128906,1673819,0.0,0.0
2021-02-04 00:00:00+01:00,254.53574952202823,267.9658203125,254.19682559288532,267.9658203125,2363014,0.0,0.0
2021-02-05 00:00:00+01:00,268.13534890352616,268.13534890352616,260.33996768093,261.5262145996094,1680885,0.0,0.0
2021-02-08 00:00:00+01:00,263.9410267824177,263.9833825750429,260.2551677857188,261.2295837402344,1468912,0.0,0.0
2021-02-09 00:00:00+01:00,260.4246370677442,264.32232666015625,259.6196701592916,264.32232666015625,1345968,0.0,0.0
2021-02-10 00:00:00+01:00,264.3647540943352,266.44070561561705,261.78042950177456,263.26324462890625,1520846,0.0,0.0
2021-02-11 00:00:00+01:00,263.51738887047867,266.27118795031487,262.62771028028897,264.9154663085937,1533111,0.0,0.0
2021-02-12 00:00:00+01:00,263.9410715528049,265.63571727706045,262.5853498017521,265.38153076171875,1025923,0.0,0.0
2021-02-15 00:00:00+01:00,264.9578693306549,265.63571727706045,262.88191797514514,265.38153076171875,752638,0.0,0.0
2021-02-16 00:00:00+01:00,264.6188797096288,265.97460125682767,263.09370913042864,264.1528625488281,1331529,0.0,0.0
2021-02-17 00:00:00+01:00,260.5094259718028,262.0769525901784,258.8571360367819,261.0601806640625,1659230,0.0,0.0
2021-02-18 00:00:00+01:00,260.551739337685,261.0601381470645,258.9418313231809,259.7891540527344,1274166,0.0,0.0
2021-02-19 00:00:00+01:00,259.407874202425,260.2975786716163,256.78116830871386,256.86590576171875,3001708,0.0,0.0
2021-02-22 00:00:00+01:00,255.5101896569254,257.20483532099587,254.2392054088725,256.6117248535156,1319482,0.0,0.0
2021-02-23 00:00:00+01:00,255.7219910949328,255.891465985238,252.07851367751093,254.1544647216797,1280217,0.0,0.0
2021-02-24 00:00:00+01:00,254.1544644876439,257.9674167918599,253.77315891392723,256.35748291015625,1395536,0.0,0.0
2021-02-25 00:00:00+01:00,256.7388007007383,257.2048178834672,251.69721984863284,251.6972198486328,1363120,0.0,0.0
2021-02-26 00:00:00+01:00,249.9602262612788,255.2559937668144,248.30793645625585,252.4598388671875,2361542,0.0,0.0
2021-03-01 00:00:00+01:00,256.4846120119082,256.4846120119082,250.59570843571925,254.40866088867188,1401128,0.0,0.0
2021-03-02 00:00:00+01:00,254.1968170868495,258.3910749120775,253.7307999321519,255.5948944091797,1350753,0.0,0.0
2021-03-03 00:00:00+01:00,255.72197598956896,256.31511221236315,250.51094664846897,253.1800079345703,1315205,0.0,0.0
2021-03-04 00:00:00+01:00,253.3071784396725,257.5861485241622,252.9258728107316,257.5437927246094,1494159,0.0,0.0
2021-03-05 00:00:00+01:00,253.2647826226316,255.9762259566994,252.2056291106113,252.502197265625,1209167,0.0,0.0
2021-03-08 00:00:00+01:00,253.90027591422813,256.99299901210605,252.4174609904828,256.86590576171875,1103142,0.0,0.0
2021-03-09 00:00:00+01:00,256.9082683600437,259.28076171875,255.383071893814,259.28076171875,1260507,0.0,0.0
2021-03-10 00:00:00+01:00,259.2807643470414,266.14408386905194,259.0689336572154,265.0849304199219,1575835,0.0,0.0
2021-03-11 00:00:00+01:00,264.19523716233704,264.19523716233704,260.42466623917926,260.84832763671875,1489824,0.0,0.0
2021-03-12 00:00:00+01:00,260.97542598329744,261.3567315918288,257.75560964238394,258.0097961425781,883960,0.0,0.0
2021-03-15 00:00:00+01:00,258.85710015834184,263.347900390625,258.85710015834184,263.347900390625,1209393,0.0,0.0
2021-03-16 00:00:00+01:00,262.6700644142745,265.72043162428173,262.50058951329214,264.618896484375,1614070,0.0,0.0
2021-03-17 00:00:00+01:00,264.27998038009406,265.3815155526761,261.9074868454008,263.51739501953125,1705655,0.0,0.0
2021-03-18 00:00:00+01:00,265.1757832152076,267.57615659619256,264.3465793025579,267.4888916015625,3521443,9.1,0.0
2021-03-19 00:00:00+01:00,265.7432119736416,269.1037139844985,265.088564573448,269.0164489746094,4834225,0.0,0.0
2021-03-22 00:00:00+01:00,271.6786898302978,275.6938661561275,270.1075466164688,274.77734375,2419675,0.0,0.0
2021-03-23 00:00:00+01:00,272.33331528026497,272.33331528026497,268.36179842082936,270.0202331542969,1789068,0.0,0.0
2021-03-24 00:00:00+01:00,267.7944055846716,269.0600678158399,264.8703353224372,265.9177551269531,1733718,0.0,0.0
2021-03-25 00:00:00+01:00,265.263100778668,268.2308301031944,264.78303671060814,266.7469787597656,1404993,0.0,0.0
2021-03-26 00:00:00+01:00,265.0012588547941,267.7071399594509,262.6445176841677,265.0448913574219,1770537,0.0,0.0
2021-03-29 00:00:00+02:00,265.7432327260231,267.00886848263065,264.0847712058837,265.786865234375,1229325,0.0,0.0
2021-03-30 00:00:00+02:00,266.0050539559006,266.7033338444411,264.4775433917568,265.219482421875,1308476,0.0,0.0
2021-03-31 00:00:00+02:00,266.0923655926003,268.8855119942784,264.7394115801106,266.6160888671875,1346987,0.0,0.0
2021-04-01 00:00:00+02:00,268.36177304823696,268.9727612408686,266.22324777985614,266.5723876953125,961302,0.0,0.0
2021-04-06 00:00:00+02:00,267.9690161104431,268.1435994144438,265.6122746947937,266.4851379394531,1003467,0.0,0.0
2021-04-07 00:00:00+02:00,264.7393639264776,265.35037874312417,262.60086534354963,263.7792358398437,1327403,0.0,0.0
2021-04-08 00:00:00+02:00,264.0410761244433,268.18717566689327,262.2080583676164,268.0998840332031,1164802,0.0,0.0
2021-04-09 00:00:00+02:00,268.09988578882064,270.28204345703125,266.52874292277573,270.28204345703125,1022073,0.0,0.0
2021-04-12 00:00:00+02:00,270.4129925194369,271.0240073779332,267.7071380715318,267.7944030761719,1320151,0.0,0.0
2021-04-13 00:00:00+02:00,267.6634937529997,269.0600801942755,264.6521317090969,267.1397705078125,1123706,0.0,0.0
2021-04-14 00:00:00+02:00,268.4054193171372,271.02400877388976,267.61984780764533,269.67108154296875,1249345,0.0,0.0
2021-04-15 00:00:00+02:00,268.8418587975818,272.3333115092387,268.1435789103185,270.1511535644531,1114823,0.0,0.0
2021-04-16 00:00:00+02:00,270.5875620542159,271.1112852437899,267.66346533029,269.8892822265625,1575151,0.0,0.0
2021-04-19 00:00:00+02:00,271.3731494899261,271.896872710321,269.8456389690816,270.84942626953125,1230616,0.0,0.0
2021-04-20 00:00:00+02:00,270.6312244464981,271.2422393414345,268.6672822469221,268.885498046875,1140959,0.0,0.0
2021-04-21 00:00:00+02:00,270.2384458912899,277.87599871730043,269.80201430123213,276.8285522460937,2241176,0.0,0.0
2021-04-22 00:00:00+02:00,274.7336603905256,276.2175383137861,273.0315666925306,273.0752258300781,1574008,0.0,0.0
2021-04-23 00:00:00+02:00,272.24601217059086,273.5989660407273,269.62742271084613,270.1075134277344,1230598,0.0,0.0
2021-04-26 00:00:00+02:00,269.7583142152699,271.0676087867163,266.4850777866539,267.4888916015625,1069208,0.0,0.0
2021-04-27 00:00:00+02:00,268.3181176649545,269.1473482837267,265.1321726056223,266.44146728515625,1058459,0.0,0.0
2021-04-28 00:00:00+02:00,267.6198435914298,267.6198435914298,263.6046678267991,263.86651611328125,1238996,0.0,0.0
2021-04-29 00:00:00+02:00,264.3029577174856,265.1758208891255,261.72802734375,261.72802734375,1262695,0.0,0.0
2021-04-30 00:00:00+02:00,262.1644729716727,262.99367704654253,259.7640991210937,259.7640991210937,1307145,0.0,0.0
2021-05-03 00:00:00+02:00,260.6805555576118,263.60465222606354,260.6369230583367,263.3428039550781,761093,0.0,0.0
2021-05-04 00:00:00+02:00,262.6881727717583,263.0809452023567,258.5857053566028,259.37127685546875,1207384,0.0,0.0
2021-05-05 00:00:00+02:00,260.24416819676554,263.91020443896184,260.025952388008,261.68438720703125,1096325,0.0,0.0
2021-05-06 00:00:00+02:00,261.0296939473977,261.81529203112194,259.3276269205521,261.46612548828125,1002818,0.0,0.0
2021-05-07 00:00:00+02:00,261.81529456616425,265.2630877899276,261.29157138449955,264.652099609375,862761,0.0,0.0
2021-05-10 00:00:00+02:00,263.95383037047736,264.47755362598383,261.6843806883967,263.386474609375,840007,0.0,0.0
2021-05-11 00:00:00+02:00,260.15686840032186,261.37889820124064,258.8475735887698,260.76788330078125,1024262,0.0,0.0
2021-05-12 00:00:00+02:00,262.0772022024559,264.30299293162045,260.8551989268817,262.7754821777344,1064774,0.0,0.0
2021-05-14 00:00:00+02:00,262.3826655309843,265.5249781663439,262.120790606064,264.8703308105469,1002612,0.0,0.0
2021-05-17 00:00:00+02:00,265.52496371689045,267.2706899040162,263.9537941658767,265.9613952636719,681067,0.0,0.0
2021-05-18 00:00:00+02:00,266.790585180858,268.6236029084162,266.0050137655234,267.4888916015625,951282,0.0,0.0
2021-05-19 00:00:00+02:00,266.4851069416007,267.7507691542025,264.8266722971933,265.7431945800781,774286,0.0,0.0
2021-05-20 00:00:00+02:00,267.750778941365,269.40921364639365,266.1796358813737,268.84185791015625,981782,0.0,0.0
2021-05-21 00:00:00+02:00,269.7147151290016,271.2858581542969,268.3617878926456,271.2858581542969,1303927,0.0,0.0
2021-05-25 00:00:00+02:00,272.1587222292411,274.0353993305932,271.5477340007492,272.5951538085937,1227409,0.0,0.0
2021-05-26 00:00:00+02:00,272.76975292065487,275.3883425486932,272.5079046129195,273.3807678222656,901277,0.0,0.0
2021-05-27 00:00:00+02:00,273.5116499204841,275.6938076083168,272.7697109790876,273.3370666503906,2102346,0.0,0.0
2021-05-28 00:00:00+02:00,273.1188752865618,277.00312697305407,271.635023908844,275.4756164550781,1109796,0.0,0.0
2021-05-31 00:00:00+02:00,273.72987689215915,275.47560311387235,272.9443054199219,272.9443054199219,655467,0.0,0.0
2021-06-01 00:00:00+02:00,274.079058879302,276.479432802608,272.3333323896249,272.8570556640625,855257,0.0,0.0
2021-06-02 00:00:00+02:00,273.5117068575253,274.6464184363449,272.46426029425146,272.72613525390625,1058122,0.0,0.0
2021-06-03 00:00:00+02:00,270.325733142644,275.7811279296875,269.4965024799455,275.7811279296875,1186443,0.0,0.0
2021-06-04 00:00:00+02:00,276.69761458234655,279.6653439222575,275.0828124504678,279.2289123535156,1154637,0.0,0.0
2021-06-07 00:00:00+02:00,277.3086415774786,288.0448479836181,277.0031341384468,285.9499816894531,1476248,0.0,0.0
2021-06-08 00:00:00+02:00,287.52113758350976,289.35415566184304,285.993626957844,288.0448608398437,2221910,0.0,0.0
2021-06-09 00:00:00+02:00,287.1719698529567,296.9043884277344,286.12452344158663,296.9043884277344,1994676,0.0,0.0
2021-06-10 00:00:00+02:00,297.6899488602197,298.65010359536745,295.68237439027536,297.4281005859375,2469433,0.0,0.0
2021-06-11 00:00:00+02:00,297.7336544910316,299.6975967678356,296.5552837974147,298.51922607421875,1573263,0.0,0.0
2021-06-14 00:00:00+02:00,298.5191724869173,300.1339745077279,297.0352946001903,298.25732421875,1199685,0.0,0.0
2021-06-15 00:00:00+02:00,299.0429159825601,300.70135061487616,297.0789739248432,299.9594116210937,1242968,0.0,0.0
2021-06-16 00:00:00+02:00,299.435683054487,303.7127336582432,299.08654313356186,302.9707946777344,1446013,0.0,0.0
2021-06-17 00:00:00+02:00,301.094167765064,304.58562052181134,299.872137990066,304.10552978515625,1484461,0.0,0.0
2021-06-18 00:00:00+02:00,304.28011682250906,305.37119582241934,301.9233755276345,303.974609375,4240959,0.0,0.0
2021-06-21 00:00:00+02:00,302.66529612889565,305.93853292913604,301.9670162665787,304.7601623535156,1477293,0.0,0.0
2021-06-22 00:00:00+02:00,303.0581196257167,303.5818162458284,300.0030983659319,301.399658203125,1345924,0.0,0.0
2021-06-23 00:00:00+02:00,299.56664104121853,301.1377840420223,296.16245347669513,297.2098999023437,1184705,0.0,0.0
2021-06-24 00:00:00+02:00,297.51538615187195,301.7051182808943,296.99166297632735,299.4356689453125,1324939,0.0,0.0
2021-06-25 00:00:00+02:00,298.95562126197274,301.13777908140315,297.9954664938896,300.96319580078125,867381,0.0,0.0
2021-06-28 00:00:00+02:00,300.57044053600845,305.10931307695523,300.57044053600845,303.8000183105469,855122,0.0,0.0
2021-06-29 00:00:00+02:00,303.7563710258684,305.24024901066,302.70892460864263,304.45465087890625,1372579,0.0,0.0
2021-06-30 00:00:00+02:00,304.6292492806852,306.54955892835363,303.5818028114715,304.2364501953125,1420547,0.0,0.0
2021-07-01 00:00:00+02:00,303.5817923965158,307.9024756367053,302.53437260090607,305.6330261230469,1381741,0.0,0.0
2021-07-02 00:00:00+02:00,306.37497623112307,308.25162674090217,304.0182349896617,305.1093139648437,871993,0.0,0.0
2021-07-05 00:00:00+02:00,304.8910948756473,305.8076171875,302.6216719419246,305.8076171875,870849,0.0,0.0
2021-07-06 00:00:00+02:00,305.5021078279703,309.08085213291764,305.2838920366646,308.55712890625,897574,0.0,0.0
2021-07-07 00:00:00+02:00,308.5571228256387,310.6956481933594,307.5533355329477,310.6956481933594,834498,0.0,0.0
2021-07-08 00:00:00+02:00,311.1757110177291,311.61214258998393,306.9423194393229,308.9499206542969,1095406,0.0,0.0
2021-07-09 00:00:00+02:00,310.21558256019387,310.7393058188836,305.5894181567229,308.2080078125,1073676,0.0,0.0
2021-07-12 00:00:00+02:00,306.8114267991796,311.00115966796875,306.6368434972834,311.00115966796875,728535,0.0,0.0
2021-07-13 00:00:00+02:00,310.2155728588925,310.91387939453125,307.94612323399,310.91387939453125,735242,0.0,0.0
2021-07-14 00:00:00+02:00,311.43756790945383,311.4812270504869,308.29528181254864,310.3028564453125,772236,0.0,0.0
2021-07-15 00:00:00+02:00,309.56093250749336,312.3104462950877,309.16816004507774,310.08465576171875,826651,0.0,0.0
2021-07-16 00:00:00+02:00,310.2592147683714,313.4451599121094,309.73549155514905,313.4451599121094,1145780,0.0,0.0
2021-07-19 00:00:00+02:00,311.6994361078212,312.7032234025145,308.4698317986312,311.5685119628906,972720,0.0,0.0
2021-07-20 00:00:00+02:00,311.6557600508801,312.48499065321136,309.4736022949219,309.4736022949219,1099994,0.0,0.0
2021-07-21 00:00:00+02:00,311.0884206273675,312.3540828470666,309.69183426299907,310.6956481933594,888277,0.0,0.0
2021-07-22 00:00:00+02:00,308.12066724656444,309.342670231057,295.37686095075946,299.4356689453125,1739538,0.0,0.0
2021-07-23 00:00:00+02:00,298.8246987018712,304.19280163854705,298.7810395626503,303.1453552246094,1189921,0.0,0.0
2021-07-26 00:00:00+02:00,302.708937253271,303.3199521284539,298.2573563882844,300.7449951171875,782173,0.0,0.0
2021-07-27 00:00:00+02:00,299.47935950098014,302.57801310506613,297.8209248024881,300.7449951171875,760844,0.0,0.0
2021-07-28 00:00:00+02:00,301.1377771175586,303.7127339827617,301.1377771175586,303.4072265625,636045,0.0,0.0
2021-07-29 00:00:00+02:00,304.4546463263948,306.3313233490013,302.6652875811984,303.4072265625,647876,0.0,0.0
2021-07-30 00:00:00+02:00,302.0106570673562,306.3749729209307,301.4869338373932,305.8076171875,1019124,0.0,0.0
2021-08-02 00:00:00+02:00,306.3749814305868,308.2952911145647,304.23645594786905,307.1605529785156,616009,0.0,0.0
2021-08-03 00:00:00+02:00,307.4224322290021,309.3427153022275,306.8114173288974,307.9024963378906,861761,0.0,0.0
2021-08-04 00:00:00+02:00,309.8664239570919,311.43756700096134,308.6880533553549,308.9935607910156,782622,0.0,0.0
2021-08-05 00:00:00+02:00,308.2952495123163,312.8341215310118,308.2952495123163,312.61590576171875,801249,0.0,0.0
2021-08-06 00:00:00+02:00,314.05614049648847,314.2307237758758,306.37495568147887,308.3388977050781,660262,0.0,0.0
2021-08-09 00:00:00+02:00,309.7354786068614,316.2819519042969,309.03717213920083,316.2819519042969,982359,0.0,0.0
2021-08-10 00:00:00+02:00,314.57985982969024,320.07891341076646,314.53622732921406,318.464111328125,885803,0.0,0.0
2021-08-11 00:00:00+02:00,318.9442149678516,322.5229594941026,318.6387075135976,320.68994140625,1107774,0.0,0.0
2021-08-12 00:00:00+02:00,319.9479715790271,322.52292848314823,319.686123293513,320.25347900390625,925386,0.0,0.0
2021-08-13 00:00:00+02:00,321.1263848001475,321.99924805137795,320.3408132015746,321.1700439453125,549567,0.0,0.0
2021-08-16 00:00:00+02:00,320.1662110964956,321.5191650390625,318.98786708666336,321.5191650390625,569440,0.0,0.0
2021-08-17 00:00:00+02:00,321.9992566914423,323.8759074044087,321.25731758045384,322.9594116210937,726208,0.0,0.0
2021-08-18 00:00:00+02:00,322.1737883146572,327.061827196046,320.9517852537272,325.1851501464844,985530,0.0,0.0
2021-08-19 00:00:00+02:00,324.1813549295228,324.79236976385755,318.6823279711828,324.705078125,1618429,0.0,0.0
2021-08-20 00:00:00+02:00,324.96693556830337,325.7961662043331,320.7335706598424,321.5627746582031,1040385,0.0,0.0
2021-08-23 00:00:00+02:00,322.78477772366614,323.3957925752322,319.9479725256378,321.5627746582031,612580,0.0,0.0
2021-08-24 00:00:00+02:00,321.6500650289288,323.61400708134425,318.72596820113205,319.8170471191406,1131886,0.0,0.0
2021-08-25 00:00:00+02:00,318.9441966569555,319.4242873825555,314.2743733748046,316.1073913574219,640472,0.0,0.0
2021-08-26 00:00:00+02:00,316.19467382111617,320.82083782788953,316.0637496770885,319.24969482421875,957324,0.0,0.0
2021-08-27 00:00:00+02:00,317.7221922202584,320.6026300111434,317.7221922202584,319.7297668457031,892657,0.0,0.0
2021-08-30 00:00:00+02:00,318.11499099884367,320.03527397839383,317.5039761285456,319.2933349609375,533910,0.0,0.0
2021-08-31 00:00:00+02:00,319.4679118557741,324.4868749518689,318.0713254928052,320.99542236328125,1720446,0.0,0.0
2021-09-01 00:00:00+02:00,321.43185331192484,323.3521628869823,320.12255859375,320.12255859375,1976643,0.0,0.0
2021-09-02 00:00:00+02:00,318.6823237099533,321.47546965236967,318.15860052147906,319.0314636230469,1455699,0.0,0.0
2021-09-03 00:00:00+02:00,319.2060922917446,320.47172798639934,316.3692868082357,318.3768615722656,851158,0.0,0.0
2021-09-06 00:00:00+02:00,318.5950524165961,320.864501953125,318.42046913006715,320.864501953125,831489,0.0,0.0
2021-09-07 00:00:00+02:00,320.6899193505896,320.7772109940403,315.58366454192605,316.3692626953125,1322637,0.0,0.0
2021-09-08 00:00:00+02:00,315.1908935690381,315.2345260721316,308.55712820097403,313.0523681640625,1322432,0.0,0.0
2021-09-09 00:00:00+02:00,310.73928341920345,311.8739948665091,303.5381623849101,303.7563781738281,1578360,0.0,0.0
2021-09-10 00:00:00+02:00,302.05431259457066,306.2004129714982,299.3484578692398,300.26495361328125,1537869,0.0,0.0
2021-09-13 00:00:00+02:00,300.7013801109352,301.8360916449644,298.12642294983675,298.2137145996094,1078597,0.0,0.0
2021-09-14 00:00:00+02:00,297.6463425362664,303.5818014684317,296.9480626516598,302.18524169921875,1614794,0.0,0.0
2021-09-15 00:00:00+02:00,301.74880861592203,302.1852402010549,299.4793590456972,300.0030822753906,1943618,0.0,0.0
2021-09-16 00:00:00+02:00,300.701351562241,303.27630847887207,300.26491999248447,301.2687072753906,1722006,0.0,0.0
2021-09-17 00:00:00+02:00,304.01820389837377,304.01820389837377,298.5628095803749,299.30474853515625,2523748,0.0,0.0
2021-09-20 00:00:00+02:00,296.72983645376144,298.47556274173724,293.32564888207315,298.082763671875,1466550,0.0,0.0
2021-09-21 00:00:00+02:00,298.30098195825275,298.30098195825275,294.3730977773833,296.20611572265625,1139460,0.0,0.0
2021-09-22 00:00:00+02:00,297.95184624968266,298.5192019785407,294.853166036017,296.8171081542969,1157662,0.0,0.0
2021-09-23 00:00:00+02:00,299.39207818557054,300.39586553999965,297.90820008759994,299.0429382324219,1571176,0.0,0.0
2021-09-24 00:00:00+02:00,297.6027103580596,298.9556376250905,295.55147656798846,297.12261962890625,873762,0.0,0.0
2021-09-27 00:00:00+02:00,299.3920636031375,299.5666468900439,294.5040245841238,294.63494873046875,1084928,0.0,0.0
2021-09-28 00:00:00+02:00,293.2383975331705,294.80954061044514,290.3143005371094,290.3143005371094,933464,0.0,0.0
2021-09-29 00:00:00+02:00,292.4091586320108,295.9879029159365,289.9214932982045,295.0713806152344,1211360,0.0,0.0
2021-09-30 00:00:00+02:00,299.5666649522771,300.3085773721885,296.2061362592293,298.4755859375,1639288,0.0,0.0
2021-10-01 00:00:00+02:00,296.33702468595845,301.39962004909023,293.3256363131694,301.3559875488281,1516361,0.0,0.0
2021-10-04 00:00:00+02:00,301.7488044816281,305.6766886940074,300.2212939545917,305.065673828125,1143424,0.0,0.0
2021-10-05 00:00:00+02:00,305.5020650124369,305.93849653388327,302.1415369697669,302.4034118652344,944478,0.0,0.0
2021-10-06 00:00:00+02:00,301.1814221185932,305.3711812610662,298.1264010645204,305.065673828125,913756,0.0,0.0
2021-10-07 00:00:00+02:00,307.6406387271117,311.6557880486435,306.5931922550867,311.0447998046875,1024893,0.0,0.0
2021-10-08 00:00:00+02:00,311.1757113426456,315.1035954970409,309.0371859812961,314.75445556640625,860197,0.0,0.0
2021-10-11 00:00:00+02:00,318.5950800547768,318.5950800547768,314.62356299957366,316.5002136230469,793409,0.0,0.0
2021-10-12 00:00:00+02:00,313.83792828765894,317.7221798780488,312.70321687173345,313.1396484375,782082,0.0,0.0
2021-10-13 00:00:00+02:00,312.2667880860607,313.31423450829334,308.8626271703084,311.6994323730469,806914,0.0,0.0
2021-10-14 00:00:00+02:00,313.0523978965369,313.0523978965369,308.120725883444,311.7431030273437,1076624,0.0,0.0
2021-10-15 00:00:00+02:00,311.61216914794414,314.448974609375,309.0808711406632,314.448974609375,937131,0.0,0.0
2021-10-18 00:00:00+02:00,314.099814059175,318.3768382238879,313.4015075472267,317.6785583496094,819146,0.0,0.0
2021-10-19 00:00:00+02:00,316.45652491915973,316.71839984720964,306.549549459836,312.4413757324219,1486490,0.0,0.0
2021-10-20 00:00:00+02:00,312.4413876285945,313.9688982018692,306.41861034383226,307.42242431640625,1245397,0.0,0.0
2021-10-21 00:00:00+02:00,306.5931818201203,312.3977164473303,305.1529629483568,312.3104248046875,1013441,0.0,0.0
2021-10-22 00:00:00+02:00,312.3104235608509,313.40150249536714,308.51349017887,310.564697265625,838892,0.0,0.0
2021-10-25 00:00:00+02:00,311.6557695023648,313.8815864635445,309.168130895265,311.8303527832031,684601,0.0,0.0
2021-10-26 00:00:00+02:00,312.179500804372,313.9688862475368,309.2554039193325,312.4413757324219,851731,0.0,0.0
2021-10-27 00:00:00+02:00,312.57228229098325,312.7032064288072,308.5571066924866,309.4736022949219,781412,0.0,0.0
2021-10-28 00:00:00+02:00,308.38254001241023,312.65959075439014,307.9024759353322,311.43756103515625,865678,0.0,0.0
2021-10-29 00:00:00+02:00,310.5210483376733,310.7392641130335,307.20417920726425,309.03717041015625,899784,0.0,0.0
2021-11-01 00:00:00+01:00,309.86643434058635,313.0960388183594,307.9024921511038,313.0960388183594,971489,0.0,0.0
2021-11-02 00:00:00+01:00,314.230740290228,321.4318614218791,312.6159381028693,320.73358154296875,908251,0.0,0.0
2021-11-03 00:00:00+01:00,318.98783311034015,321.6500549316406,317.2857393966116,321.6500549316406,1039073,0.0,0.0
2021-11-04 00:00:00+01:00,330.6405588855365,330.7715096714674,322.2610937448019,323.2212219238281,1607752,0.0,0.0
2021-11-05 00:00:00+01:00,324.13777169037684,327.54193302183006,317.5476382012716,317.98406982421875,1339190,0.0,0.0
2021-11-08 00:00:00+01:00,318.2895782007294,321.30096706277084,316.8493591684075,319.42431640625,733299,0.0,0.0
2021-11-09 00:00:00+01:00,318.9005671410703,322.17380405581173,318.15862811286155,320.4717102050781,587240,0.0,0.0
2021-11-10 00:00:00+01:00,319.555208731188,324.87967934351377,319.555208731188,323.0466613769531,723623,0.0,0.0
2021-11-11 00:00:00+01:00,321.69372283002747,324.57418738270417,319.9479964239219,323.264892578125,749256,0.0,0.0
2021-11-12 00:00:00+01:00,323.5703954130845,324.7051069058054,320.9081466991308,322.0865173339844,926341,0.0,0.0
2021-11-15 00:00:00+01:00,321.21365414337737,323.8322437151984,319.5988519132203,322.0865173339844,603072,0.0,0.0
2021-11-16 00:00:00+01:00,321.6064495004116,323.83223995555005,320.55900302877563,322.2174377441406,737403,0.0,0.0
2021-11-17 00:00:00+01:00,321.7810033146691,324.0504528914089,319.51155373792926,323.6576538085937,698118,0.0,0.0
2021-11-18 00:00:00+01:00,323.8322396591435,325.6215985224076,321.03906682911787,321.781005859375,760861,0.0,0.0
2021-11-19 00:00:00+01:00,322.7411271763417,326.0143637602802,322.13011235893947,322.91571044921875,1133579,0.0,0.0
2021-11-22 00:00:00+01:00,322.95936758522134,324.00681402705203,319.7734223946848,319.9916381835937,867127,0.0,0.0
2021-11-23 00:00:00+01:00,318.59506541372593,318.9442053633575,311.21936077853167,311.7867431640625,1355399,0.0,0.0
2021-11-24 00:00:00+01:00,312.6596162116754,315.80190249507194,312.1358929518855,315.32183837890625,1109692,0.0,0.0
2021-11-25 00:00:00+01:00,315.9764480656634,318.07131421701814,314.49257011305014,316.02008056640625,560845,0.0,0.0
2021-11-26 00:00:00+01:00,310.73927853076503,315.97645738240715,310.17192281603764,313.0087280273437,1125058,0.0,0.0
2021-11-29 00:00:00+01:00,312.22316727383986,314.0561586248708,310.9138725158635,312.048583984375,877532,0.0,0.0
2021-11-30 00:00:00+01:00,309.86645366728976,314.01255410368304,308.38257548761686,313.9252624511719,2125773,0.0,0.0
2021-12-01 00:00:00+01:00,315.496401505,320.34078141354286,314.62353834038544,319.2933349609375,1081207,0.0,0.0
2021-12-02 00:00:00+01:00,319.03151597922,320.16622754240825,314.0561848287159,317.2421569824219,1331657,0.0,0.0
2021-12-03 00:00:00+01:00,318.5950760087776,320.4717266084183,315.3218389264957,316.1947021484375,1047737,0.0,0.0
2021-12-06 00:00:00+01:00,317.80946949679884,323.1339398928097,316.8056822294557,320.8208312988281,1269474,0.0,0.0
2021-12-07 00:00:00+01:00,322.7411489700348,323.30850468869573,318.07132580074386,321.4318542480469,1480853,0.0,0.0
2021-12-08 00:00:00+01:00,323.83222697222,329.6367615621127,323.22121211531794,325.4906616210937,1636682,0.0,0.0
2021-12-09 00:00:00+01:00,326.2762110289894,327.323657387697,323.65762176988784,326.5380859375,1132621,0.0,0.0
2021-12-10 00:00:00+01:00,325.14154307722094,330.20413899892543,324.35597152215246,329.0694274902344,1081099,0.0,0.0
2021-12-13 00:00:00+01:00,329.37489558866093,329.8113271379668,326.5380905181729,327.58551025390625,910920,0.0,0.0
2021-12-14 00:00:00+01:00,327.28005406359694,328.3711330188194,318.5950549249583,318.98785400390625,1278600,0.0,0.0
2021-12-15 00:00:00+01:00,319.4679215284795,324.0940856933594,317.98404347833383,324.0940856933594,1659727,0.0,0.0
2021-12-16 00:00:00+01:00,325.5779640167008,332.03714617904234,325.5779640167008,330.0295715332031,1907430,0.0,0.0
2021-12-17 00:00:00+01:00,329.1567012137015,330.902427524421,325.49066530612265,330.72784423828125,2592854,0.0,0.0
2021-12-20 00:00:00+01:00,326.4508213809206,329.85498237259947,325.0978941398911,327.10546875,1192481,0.0,0.0
2021-12-21 00:00:00+01:00,328.1965423998047,330.4223327636719,326.5381077524459,330.4223327636719,1044431,0.0,0.0
2021-12-22 00:00:00+01:00,330.7278553183737,331.12065440651304,327.19277007580155,330.2041320800781,679235,0.0,0.0
2021-12-23 00:00:00+01:00,328.45843518674985,330.37874502027233,327.14914029234984,328.5893859863281,725795,0.0,0.0
2021-12-27 00:00:00+01:00,327.7601343656841,334.30660842092414,327.36733526730126,331.6880187988281,573116,0.0,0.0
2021-12-28 00:00:00+01:00,331.94982752460226,335.35401493755205,331.77527088654585,334.8302917480469,445993,0.0,0.0
2021-12-29 00:00:00+01:00,334.83028222668787,334.83028222668787,331.6879698166806,332.4735412597656,538634,0.0,0.0
2021-12-30 00:00:00+01:00,332.473578364246,334.8303195941836,330.9024353027344,330.9024353027344,787239,0.0,0.0
2022-01-03 00:00:00+01:00,331.6879990367109,334.3065885027902,329.72405693715143,330.72784423828125,854361,0.0,0.0
2022-01-04 00:00:00+01:00,332.1244375453182,332.1244375453182,322.4356509911008,324.0940856933594,1163100,0.0,0.0
2022-01-05 00:00:00+01:00,323.4394138900262,327.84738856633294,323.046641474178,327.0181579589844,984909,0.0,0.0
2022-01-06 00:00:00+01:00,323.3958098334018,326.5817551290578,322.78479494922874,324.39959716796875,867314,0.0,0.0
2022-01-07 00:00:00+01:00,322.95937757905705,329.0257873535156,322.6102376335327,329.0257873535156,1038678,0.0,0.0
2022-01-10 00:00:00+01:00,330.509650904127,331.3825141187887,324.0068359375,324.0068359375,1354242,0.0,0.0
2022-01-11 00:00:00+01:00,326.93090875170634,330.1168808183106,325.75256471356124,327.80377197265625,1757877,0.0,0.0
2022-01-12 00:00:00+01:00,325.18515386488355,326.0143845073192,319.6861267089844,319.6861267089844,1571361,0.0,0.0
2022-01-13 00:00:00+01:00,318.59505671685463,318.59505671685463,315.3218198327773,316.1073913574219,1279020,0.0,0.0
2022-01-14 00:00:00+01:00,313.48877727192865,321.47546931536846,312.9650540840034,318.59503173828125,1040145,0.0,0.0
2022-01-17 00:00:00+01:00,319.03146866101895,322.6538452621945,318.94417702195017,320.6462707519531,571625,0.0,0.0
2022-01-18 00:00:00+01:00,319.6861220203022,319.7734136610155,315.05995807685065,318.5077514648437,921066,0.0,0.0
2022-01-19 00:00:00+01:00,317.6348850837384,319.947967031802,315.67094305728784,319.2060546875,1000706,0.0,0.0
2022-01-20 00:00:00+01:00,319.29333075387467,319.6424973252557,316.5874762893582,318.6823425292969,955368,0.0,0.0
2022-01-21 00:00:00+01:00,315.9764663055554,318.3332075104162,314.40532326076146,314.798095703125,1501796,0.0,0.0
2022-01-24 00:00:00+01:00,312.44139099942873,313.0523792527281,300.9195861816406,300.9195861816406,1706214,0.0,0.0
2022-01-25 00:00:00+01:00,301.2250868796323,303.4945364611085,298.95563729815603,302.18524169921875,1355353,0.0,0.0
2022-01-26 00:00:00+01:00,305.06569269175264,307.5969906798295,302.44710305491355,304.716552734375,1206211,0.0,0.0
2022-01-27 00:00:00+01:00,301.2687056697154,310.5646927284505,299.91577846574853,309.51727294921875,1174653,0.0,0.0
2022-01-28 00:00:00+01:00,310.9574961712439,312.3977150365032,307.2478277958677,310.2592163085937,1398768,0.0,0.0
2022-01-31 00:00:00+01:00,312.0485950755111,315.6709720404619,311.5248718261719,311.5248718261719,1111649,0.0,0.0
2022-02-01 00:00:00+01:00,312.9650580309173,315.3654315879845,311.1320668065641,313.8379211425781,1196278,0.0,0.0
2022-02-02 00:00:00+01:00,314.79808586250897,315.5836573603489,309.5172745247865,311.6994323730469,1018081,0.0,0.0
2022-02-03 00:00:00+01:00,302.8835077215732,306.37496026015043,301.18141395394923,304.149169921875,2563205,0.0,0.0
2022-02-04 00:00:00+01:00,304.5419325603336,305.9385188584048,301.3559875488281,301.3559875488281,1370922,0.0,0.0
2022-02-07 00:00:00+01:00,300.96319580078125,302.44707377306145,297.8645423522575,300.96319580078125,995413,0.0,0.0
2022-02-08 00:00:00+01:00,301.13779882236906,304.36740326190903,300.5267839378062,301.9233703613281,1419829,0.0,0.0
2022-02-09 00:00:00+01:00,304.3673790888467,312.09219635238264,304.105504171545,310.6519775390625,1151556,0.0,0.0
2022-02-10 00:00:00+01:00,311.8739802447865,313.0523507772314,308.5134785631371,310.2155456542969,735336,0.0,0.0
2022-02-11 00:00:00+01:00,308.9935730636761,309.12449721625364,304.4110412597656,304.4110412597656,751091,0.0,0.0
2022-02-14 00:00:00+01:00,301.7924093769759,302.0542576454465,296.9480299465989,298.6937561035156,1166401,0.0,0.0
2022-02-15 00:00:00+01:00,298.5191915912575,304.62923352441186,298.2573433063327,303.581787109375,1355072,0.0,0.0
2022-02-16 00:00:00+01:00,303.7563713418876,305.7639458997118,302.0542775715422,304.8910827636719,774156,0.0,0.0
2022-02-17 00:00:00+01:00,305.240254326872,305.240254326872,299.87212464218226,301.1377868652344,670916,0.0,0.0
2022-02-18 00:00:00+01:00,301.44330043141133,304.4983215197669,298.2573551953746,298.999267578125,1423520,0.0,0.0
2022-02-21 00:00:00+01:00,298.955625553721,300.3085527661228,295.5514646340738,296.3370361328125,898967,0.0,0.0
2022-02-22 00:00:00+01:00,293.8493631416627,301.2250671386719,292.27822018542884,301.2250671386719,2017434,0.0,0.0
2022-02-23 00:00:00+01:00,300.8759265659709,304.89107558711027,300.3522033691406,300.3522033691406,1130505,0.0,0.0
2022-02-24 00:00:00+01:00,292.45280367844833,298.91201265033106,291.1871680246276,296.8607788085937,1634729,0.0,0.0
2022-02-25 00:00:00+01:00,296.3370829457132,306.1567948253576,296.3370829457132,304.9784240722656,1610965,0.0,0.0
2022-02-28 00:00:00+01:00,301.3560093938486,307.81519152327184,301.3560093938486,305.3711853027344,1959579,0.0,0.0
2022-03-01 00:00:00+01:00,305.5457274882973,307.07323796323203,298.17005003478533,306.4622497558594,1461984,0.0,0.0
2022-03-02 00:00:00+01:00,305.5021194007604,306.54956589377423,298.6065054618203,303.10174560546875,1467498,0.0,0.0
2022-03-03 00:00:00+01:00,301.13776875171953,303.4072181336139,297.4281005859375,297.4281005859375,1155560,0.0,0.0
2022-03-04 00:00:00+01:00,296.77347636956176,298.30098690969925,291.9290964544795,292.3218688964844,1479501,0.0,0.0
2022-03-07 00:00:00+01:00,289.3541313171387,298.78104258733526,286.4300344664905,296.7734680175781,2084005,0.0,0.0
2022-03-08 00:00:00+01:00,299.9594153555482,308.25161525803406,294.1985132536557,299.8284912109375,2383313,0.0,0.0
2022-03-09 00:00:00+01:00,304.2364383638088,308.9499206542969,301.9233563583918,308.9499206542969,2010890,0.0,0.0
2022-03-10 00:00:00+01:00,308.9935264204291,310.0409727582769,303.88727213933777,304.1927795410156,1451732,0.0,0.0
2022-03-11 00:00:00+01:00,304.4110204091011,311.4812171783948,302.9708015540543,307.2041931152344,1584856,0.0,0.0
2022-03-14 00:00:00+01:00,307.4224427707028,313.9689170491447,305.6767162964516,312.74688720703125,1479786,0.0,0.0
2022-03-15 00:00:00+01:00,311.7867448795059,314.88539857633214,309.4736360954197,314.40533447265625,1627860,0.0,0.0
2022-03-16 00:00:00+01:00,316.76204387940544,316.76204387940544,310.957509038226,312.3540954589844,1842517,0.0,0.0
2022-03-17 00:00:00+01:00,315.44580351499366,322.34619140625,313.7879152711552,322.34619140625,3045926,9.3,0.0
2022-03-18 00:00:00+01:00,324.85539122785747,328.9776995931212,322.57021251858544,328.44000244140625,4346103,0.0,0.0
2022-03-21 00:00:00+01:00,327.6334655696213,329.0224914550781,325.0346279477015,329.0224914550781,1056723,0.0,0.0
2022-03-22 00:00:00+01:00,327.7679065441436,330.3667443525961,323.7352186987611,328.6192626953125,1021200,0.0,0.0
2022-03-23 00:00:00+01:00,328.88808609739147,331.44212711306216,327.5886535644531,327.5886535644531,1133240,0.0,0.0
2022-03-24 00:00:00+01:00,327.99191095812824,334.89229816628426,327.8574935134835,333.9065246582031,1660123,0.0,0.0
2022-03-25 00:00:00+01:00,333.77213876053133,336.50539400415533,331.3077184316061,335.7884826660156,880587,0.0,0.0
2022-03-28 00:00:00+02:00,337.13268853329794,339.1042082505307,334.3546094311295,334.9371032714844,851705,0.0,0.0
2022-03-29 00:00:00+02:00,336.0573290819134,336.9086852549537,332.2934760568298,334.0409851074219,1066995,0.0,0.0
2022-03-30 00:00:00+02:00,329.0225046851487,336.99825936902164,328.93288393284166,332.29345703125,2477983,0.0,0.0
2022-03-31 00:00:00+02:00,332.15902796632264,333.23442225958826,328.39520263671875,328.39520263671875,1450347,0.0,0.0
2022-04-01 00:00:00+02:00,327.140578977804,333.18961056783525,327.0509855737199,332.60711669921875,1125615,0.0,0.0
2022-04-04 00:00:00+02:00,336.5053942958799,343.40578216221854,336.28135608396525,343.00250244140625,1403250,0.0,0.0
2022-04-05 00:00:00+02:00,343.54023172440185,346.72156369152844,340.8965696373856,345.1981201171875,1835500,0.0,0.0
2022-04-06 00:00:00+02:00,344.48116721153355,350.66461671453607,344.48116721153355,350.0821228027344,2012266,0.0,0.0
2022-04-07 00:00:00+02:00,351.82959409195644,358.01304293071416,351.4263143933451,353.7563171386719,1406181,0.0,0.0
2022-04-08 00:00:00+02:00,356.66884508150895,358.46115083568736,352.81539864939145,356.89288330078125,1816800,0.0,0.0
2022-04-11 00:00:00+02:00,358.4611368859132,362.22498976258106,355.9519198670776,358.9540100097656,1619556,0.0,0.0
2022-04-12 00:00:00+02:00,355.5486645247136,356.0415376823568,346.27347650221174,348.872314453125,1360852,0.0,0.0
2022-04-13 00:00:00+02:00,350.3509670227891,352.99460151653125,347.84172263821,350.2165222167969,820721,0.0,0.0
2022-04-14 00:00:00+02:00,345.37729993979383,352.18806701070145,345.37729993979383,350.4853820800781,969133,0.0,0.0
2022-04-19 00:00:00+02:00,345.5565201575967,345.6013168575843,336.9086512322109,338.0736389160156,1984937,0.0,0.0
2022-04-20 00:00:00+02:00,338.20807191304874,340.0899983220631,333.9961700293074,335.42999267578125,888002,0.0,0.0
2022-04-21 00:00:00+02:00,336.2813515221882,336.5950104842968,327.364619869576,328.2607727050781,1444095,0.0,0.0
2022-04-22 00:00:00+02:00,325.84117820538205,333.8169330144333,324.90020131401087,330.45635986328125,1120723,0.0,0.0
2022-04-25 00:00:00+02:00,320.8227232738301,326.91655177095026,318.6719618835768,326.4684753417969,1288661,0.0,0.0
2022-04-26 00:00:00+02:00,326.46846943840006,327.8575227527068,319.5232849121094,319.5232849121094,2240276,0.0,0.0
2022-04-27 00:00:00+02:00,321.58445561790995,328.6640576615919,320.32984709788263,326.4236755371094,1251108,0.0,0.0
2022-04-28 00:00:00+02:00,326.5580755485782,328.57441935288966,323.2423265905361,324.0488586425781,729181,0.0,0.0
2022-04-29 00:00:00+02:00,324.31773165186064,327.94716733513604,322.65984330382736,324.76580810546875,805471,0.0,0.0
2022-05-02 00:00:00+02:00,325.1690554098878,325.1690554098878,319.747314453125,319.747314453125,937840,0.0,0.0
2022-05-03 00:00:00+02:00,319.2096512483586,320.6882979586585,317.282900771468,318.5375366210937,1136026,0.0,0.0
2022-05-04 00:00:00+02:00,316.74525024979533,317.7758206047182,311.8612060546875,311.8612060546875,1091084,0.0,0.0
2022-05-05 00:00:00+02:00,313.653486736308,315.17695746839263,310.8754075269608,311.59234619140625,915367,0.0,0.0
2022-05-06 00:00:00+02:00,310.6513814312134,314.72889332677335,308.5006200508685,310.15850830078125,1301878,0.0,0.0
2022-05-09 00:00:00+02:00,310.15849892622015,312.3988809939501,307.9181168584901,310.0688781738281,1490337,0.0,0.0
2022-05-10 00:00:00+02:00,312.0404223466412,319.523276502519,309.71041954881684,315.6698303222656,1460940,0.0,0.0
2022-05-11 00:00:00+02:00,300.211210948665,302.0931374422053,291.02564404650434,293.9381408691406,3927937,0.0,0.0
2022-05-12 00:00:00+02:00,289.54700098630946,290.39832981322667,284.4389186311439,287.08258056640625,2285113,0.0,0.0
2022-05-13 00:00:00+02:00,286.18643119831665,287.6202812935386,282.7810338036125,285.8727722167969,1822466,0.0,0.0
2022-05-16 00:00:00+02:00,284.3493226954819,290.8016349338434,284.2149052214364,288.9197082519531,1675828,0.0,0.0
2022-05-17 00:00:00+02:00,290.3534939951802,293.4900286525356,288.24752954127354,288.8748474121094,1201698,0.0,0.0
2022-05-18 00:00:00+02:00,289.9950637594445,292.1010283977953,287.4858194047491,287.8890991210937,1351309,0.0,0.0
2022-05-19 00:00:00+02:00,287.1722038878892,289.3229653493231,281.5712483381053,283.9908447265625,1309900,0.0,0.0
2022-05-20 00:00:00+02:00,286.76892648194485,287.7547001364097,284.349302725387,286.5000915527344,1400900,0.0,0.0
2022-05-23 00:00:00+02:00,289.4573759246497,290.8016052246094,286.9929555413903,290.8016052246094,1191944,0.0,0.0
2022-05-24 00:00:00+02:00,289.90548031047734,298.0604776528822,288.87490988415766,297.0299072265625,1452442,0.0,0.0
2022-05-25 00:00:00+02:00,298.59812577783663,300.1215691383727,297.20907252005026,298.4188842773437,1100325,0.0,0.0
2022-05-27 00:00:00+02:00,298.41887783400324,298.77733347883606,293.8036964543011,295.5511779785156,1142582,0.0,0.0
2022-05-30 00:00:00+02:00,295.73047008880644,297.25394102560057,292.0562375665044,296.3577880859375,850090,0.0,0.0
2022-05-31 00:00:00+02:00,295.90966955667784,298.4188864917173,292.5042724609375,292.5042724609375,1825225,0.0,0.0
2022-06-01 00:00:00+02:00,294.9239104069106,295.2375693762229,289.18853759765625,289.18853759765625,973239,0.0,0.0
2022-06-02 00:00:00+02:00,289.50216434997554,291.96658466276205,288.60601150896224,289.7710266113281,874141,0.0,0.0
2022-06-03 00:00:00+02:00,290.57757202652505,290.6671927844199,287.396240234375,287.396240234375,958057,0.0,0.0
2022-06-07 00:00:00+02:00,285.2006350368832,286.72410577063266,283.04987373802385,285.3350524902344,1265699,0.0,0.0
2022-06-08 00:00:00+02:00,287.127360270652,288.1579305519098,284.349281037564,286.2760314941406,1624184,0.0,0.0
2022-06-09 00:00:00+02:00,286.0967871432188,290.0398540726908,285.0213928222656,285.0213928222656,1232626,0.0,0.0
2022-06-10 00:00:00+02:00,284.2596952518246,284.9318098900161,279.8685244035751,281.3471984863281,1136464,0.0,0.0
2022-06-13 00:00:00+02:00,278.34506565814263,281.1231448129,274.67083370174817,277.13525390625,1142795,0.0,0.0
2022-06-14 00:00:00+02:00,277.35929125756974,279.1963935559364,273.6402626118439,273.99871826171875,1171927,0.0,0.0
2022-06-15 00:00:00+02:00,273.99871008072705,276.4183335048604,272.29602528335016,275.791015625,1069108,0.0,0.0
2022-06-16 00:00:00+02:00,274.26757019717104,275.7014202341419,267.3223855743703,271.9823913574219,1261957,0.0,0.0
2022-06-17 00:00:00+02:00,273.5954430029352,276.7768018996845,271.5343024713956,271.84796142578125,4009081,0.0,0.0
2022-06-20 00:00:00+02:00,272.4304636186371,273.5506546697006,270.45891642939966,272.8785400390625,625897,0.0,0.0
2022-06-21 00:00:00+02:00,273.41626811305963,273.819520527967,269.56279405285704,270.0556945800781,1108565,0.0,0.0
2022-06-22 00:00:00+02:00,269.6523809430156,274.0883483886719,267.5912403744078,274.0883483886719,1310236,0.0,0.0
2022-06-23 00:00:00+02:00,273.05775462318223,275.5669713907906,270.3692963657111,274.4915771484375,886832,0.0,0.0
2022-06-24 00:00:00+02:00,275.61179260075016,285.6935119628906,275.61179260075016,285.6935119628906,1728375,0.0,0.0
2022-06-27 00:00:00+02:00,286.768928704766,289.0541076660156,284.8870021404577,289.0541076660156,1101312,0.0,0.0
2022-06-28 00:00:00+02:00,289.188542912621,290.1294924894368,282.96026950900284,284.5733337402344,1168445,0.0,0.0
2022-06-29 00:00:00+02:00,282.96027048513355,287.53065562060976,281.9744968522402,286.45526123046875,1045426,0.0,0.0
2022-06-30 00:00:00+02:00,283.2291002733799,285.469482421875,281.97449173990566,285.469482421875,1193179,0.0,0.0
2022-07-01 00:00:00+02:00,284.97661890564,288.0235332607341,281.8400837918987,287.1273803710937,758043,0.0,0.0
2022-07-04 00:00:00+02:00,287.7098541797528,290.5327574636396,287.7098541797528,289.0989074707031,464124,0.0,0.0
2022-07-05 00:00:00+02:00,289.2333455579034,290.3535366716056,285.4694924764977,285.8727722167969,893531,0.0,0.0
2022-07-06 00:00:00+02:00,289.50216434997554,292.5939025908371,288.5164181035924,289.7710266113281,839785,0.0,0.0
2022-07-07 00:00:00+02:00,291.025634765625,294.4758286690189,289.36774654208097,291.025634765625,983947,0.0,0.0
2022-07-08 00:00:00+02:00,290.8015909432852,292.5490998867783,285.1558391000846,288.4715881347656,1276749,0.0,0.0
2022-07-11 00:00:00+02:00,288.47156089859243,292.549072265625,288.06830857553064,292.549072265625,727899,0.0,0.0
2022-07-12 00:00:00+02:00,291.697762459308,295.3719947372343,290.44315389690803,294.2966003417969,856523,0.0,0.0
2022-07-13 00:00:00+02:00,291.47372126472646,293.2212303023745,287.5754508065682,291.4289245605469,691403,0.0,0.0
2022-07-14 00:00:00+02:00,291.07043252807205,291.5633330008741,287.79948012011903,290.0846862792969,683305,0.0,0.0
2022-07-15 00:00:00+02:00,296.5369495832641,297.3883056640625,290.6223357625709,297.3883056640625,1066827,0.0,0.0
2022-07-18 00:00:00+02:00,297.2539132007463,300.4800416028133,294.47583387815325,294.83428955078125,751587,0.0,0.0
2022-07-19 00:00:00+02:00,293.5796775759334,297.07466820275346,293.49005682172475,296.0440979003906,804615,0.0,0.0
2022-07-20 00:00:00+02:00,298.1500614967427,298.1500614967427,293.7588906918581,294.16217041015625,666663,0.0,0.0
2022-07-21 00:00:00+02:00,293.9381412627456,294.027762019399,288.56122404452464,292.6835327148437,977676,0.0,0.0
2022-07-22 00:00:00+02:00,290.9360240724951,296.5369795157066,290.9360240724951,291.4289245605469,784618,0.0,0.0
2022-07-25 00:00:00+02:00,288.7404559636556,295.99927208832804,288.7404559636556,293.8485107421875,643786,0.0,0.0
2022-07-26 00:00:00+02:00,293.2211829320225,298.50847854656,293.2211829320225,297.522705078125,774643,0.0,0.0
2022-07-27 00:00:00+02:00,296.9850223650121,297.9259991821054,291.7425231933594,291.7425231933594,898578,0.0,0.0
2022-07-28 00:00:00+02:00,293.1315861136416,293.4900417636704,287.08255471851254,290.5775451660156,1006673,0.0,0.0
2022-07-29 00:00:00+02:00,290.7568062336598,290.7568062336598,282.6466064453125,282.6466064453125,1634511,0.0,0.0
2022-08-02 00:00:00+02:00,282.2881401030547,284.931801878306,280.98870756638934,284.707763671875,1047329,0.0,0.0
2022-08-03 00:00:00+02:00,284.03565627740267,289.2333318594459,282.3777680379599,286.6792907714844,875408,0.0,0.0
2022-08-04 00:00:00+02:00,286.23121437403626,287.1721912741179,282.55698222508204,283.8564147949219,1253700,0.0,0.0
2022-08-05 00:00:00+02:00,282.960258854,286.63449096280044,282.5569791371701,283.8116149902344,654275,0.0,0.0
2022-08-08 00:00:00+02:00,284.8869987283799,285.46949263815173,282.19854005397224,283.0498962402344,502885,0.0,0.0
2022-08-09 00:00:00+02:00,282.9602801769569,286.0520186431975,282.33296220315214,285.290283203125,790033,0.0,0.0
2022-08-10 00:00:00+02:00,284.6181383890156,286.2760265598972,282.82583276609785,284.03564453125,625440,0.0,0.0
2022-08-11 00:00:00+02:00,284.84219091304885,285.3350640447663,277.8521822231812,277.9418029785156,1443381,0.0,0.0
2022-08-12 00:00:00+02:00,279.1516120062934,283.00505831131625,278.7035355825273,282.28814697265625,873382,0.0,0.0
2022-08-15 00:00:00+02:00,283.1843084158919,285.78314628293697,281.7504583466348,284.8869934082031,508390,0.0,0.0
2022-08-16 00:00:00+02:00,286.4104506125344,286.5000713654284,279.9581392819656,282.8706359863281,957424,0.0,0.0
2022-08-17 00:00:00+02:00,282.37775873787785,284.2148610774708,280.13737669036755,283.76678466796875,846733,0.0,0.0
2022-08-18 00:00:00+02:00,283.1843063253175,287.0377527188592,282.37777421369424,286.72412109375,798780,0.0,0.0
2022-08-19 00:00:00+02:00,286.9929473345041,291.4737115395705,286.4104534575283,289.7710266113281,1017091,0.0,0.0
2022-08-22 00:00:00+02:00,288.56124030219183,291.6529788162249,287.9787463737497,290.3535461425781,766160,0.0,0.0
2022-08-23 00:00:00+02:00,288.4715964955432,289.5021668017534,283.6323765827712,283.8564147949219,791836,0.0,0.0
2022-08-24 00:00:00+02:00,282.51220237194553,284.8422053869644,282.1537466808079,284.6629638671875,555205,0.0,0.0
2022-08-25 00:00:00+02:00,285.4246753692154,287.127360270652,283.40833150867934,286.2760314941406,537343,0.0,0.0
2022-08-26 00:00:00+02:00,287.1721912741179,288.02352007124176,283.542755828228,283.8564147949219,606403,0.0,0.0
2022-08-29 00:00:00+02:00,280.94392564776325,284.4389163823108,280.49584921132345,281.7504577636719,591896,0.0,0.0
2022-08-30 00:00:00+02:00,280.9439475799821,285.9624095295632,280.8543268160147,283.54278564453125,761709,0.0,0.0
2022-08-31 00:00:00+02:00,282.1089092598749,285.5143065353696,281.302377155926,282.6466064453125,1221658,0.0,0.0
2022-09-01 00:00:00+02:00,282.96028190223643,283.5875998798661,279.37567025501886,280.3166198730469,771639,0.0,0.0
2022-09-02 00:00:00+02:00,281.92968035167723,285.6039123535156,279.8237157721004,285.6039123535156,741670,0.0,0.0
2022-09-05 00:00:00+02:00,283.1843018807891,286.5448750834883,280.4958433186297,286.052001953125,582792,0.0,0.0
2022-09-06 00:00:00+02:00,285.9623923999533,291.16006821770253,285.69353012415644,289.95025634765625,752754,0.0,0.0
2022-09-07 00:00:00+02:00,289.36772888456363,292.72830182921655,288.2027412031157,289.9054260253906,1002131,0.0,0.0
2022-09-08 00:00:00+02:00,292.5939158777816,294.2069801254904,288.24756893181285,290.2191162109375,951471,0.0,0.0
2022-09-09 00:00:00+02:00,290.6671659156261,292.63868566499065,288.33716316781965,290.5775451660156,895756,0.0,0.0
2022-09-12 00:00:00+02:00,290.26389832120293,290.26389832120293,286.3656280120932,289.1437072753906,988220,0.0,0.0
2022-09-13 00:00:00+02:00,289.1437297884148,290.5775799083784,288.6956533352021,289.6814270019531,1123582,0.0,0.0
2022-09-14 00:00:00+02:00,292.5042853397115,293.66930045602805,288.06834513262515,288.56121826171875,1253971,0.0,0.0
2022-09-15 00:00:00+02:00,293.0419693055342,295.9544659423629,290.1742693699068,293.7588806152344,1152892,0.0,0.0
2022-09-16 00:00:00+02:00,292.4146423339844,297.47792743978897,291.5184895504313,292.4146423339844,3440227,0.0,0.0
2022-09-19 00:00:00+02:00,290.84638764505115,292.10102347546353,287.8890942697392,288.4715881347656,711134,0.0,0.0
2022-09-20 00:00:00+02:00,288.5612394411105,290.174303753278,284.0356781470064,284.0804748535156,999368,0.0,0.0
2022-09-21 00:00:00+02:00,283.45312636192386,285.24543200404395,280.4062122400025,281.257568359375,998615,0.0,0.0
2022-09-22 00:00:00+02:00,278.7931650173609,282.10891424741936,277.269694189756,279.2412414550781,962749,0.0,0.0
2022-09-23 00:00:00+02:00,280.1374052416845,282.0193318230799,275.1189434741023,277.1800842285156,1068010,0.0,0.0
2022-09-26 00:00:00+02:00,277.5833729975395,278.4347292293929,271.7135821834476,274.1331787109375,2025906,0.0,0.0
2022-09-27 00:00:00+02:00,275.7910432862452,281.302377917977,274.581231452837,280.13739013671875,1635741,0.0,0.0
2022-09-28 00:00:00+02:00,295.730469547781,298.4189283618517,288.65086680707816,291.6529846191406,3039727,0.0,0.0
2022-09-29 00:00:00+02:00,290.1742821201031,290.75680335179544,285.5591004086363,286.9929504394531,1586816,0.0,0.0
2022-09-30 00:00:00+02:00,287.8891094849327,290.3535298774108,286.0968037449487,289.86065673828125,1185152,0.0,0.0
2022-10-03 00:00:00+02:00,287.08258084719955,289.63662202728045,285.8279722837048,288.6508483886719,865821,0.0,0.0
2022-10-04 00:00:00+02:00,289.3677734889532,298.19488525390625,288.56124132759675,298.19488525390625,1859841,0.0,0.0
2022-10-05 00:00:00+02:00,297.47795563909546,298.7773608893764,293.5796851914223,293.9381408691406,983702,0.0,0.0
2022-10-06 00:00:00+02:00,293.53482873249453,294.6998437419797,289.3229271245742,291.7425231933594,699889,0.0,0.0
2022-10-07 00:00:00+02:00,291.33930241427623,293.62448128484164,290.0846938706636,290.8016052246094,710902,0.0,0.0
2022-10-10 00:00:00+02:00,289.9054115303572,290.5327293880254,285.37985113053065,287.5754089355469,1360636,0.0,0.0
2022-10-11 00:00:00+02:00,288.38196880002795,290.0398569997228,285.3798787081967,289.0989074707031,745648,0.0,0.0
2022-10-12 00:00:00+02:00,289.6365945203489,293.04196420477007,286.58965313612555,288.69561767578125,1226500,0.0,0.0
2022-10-13 00:00:00+02:00,286.18645266882965,288.9197082519531,284.3941467524423,288.9197082519531,900910,0.0,0.0
2022-10-14 00:00:00+02:00,288.91966121178774,293.9381224302801,288.6508263074669,292.5042724609375,1285844,0.0,0.0
2022-10-17 00:00:00+02:00,292.50428183121807,296.1785139489821,291.2496733235073,295.4167785644531,1273423,0.0,0.0
2022-10-18 00:00:00+02:00,291.9217827848715,295.3271525809856,290.5775535471821,294.4309997558594,1081343,0.0,0.0
2022-10-19 00:00:00+02:00,292.459471938166,294.8342713900139,291.2496601877037,292.14581298828125,925598,0.0,0.0
2022-10-20 00:00:00+02:00,290.6671654896681,291.9217739371366,288.6956183947796,289.00927734375,1073767,0.0,0.0
2022-10-21 00:00:00+02:00,289.1436772786383,291.87695955590885,287.88906890716873,290.7119445800781,1127419,0.0,0.0
2022-10-24 00:00:00+02:00,291.2048717931059,294.2517859322944,290.98083358657124,293.1763916015625,933785,0.0,0.0
2022-10-25 00:00:00+02:00,292.5939121620328,297.79158787056804,292.45949470116665,297.0746765136719,838230,0.0,0.0
2022-10-26 00:00:00+02:00,296.1785066898204,298.5085094889843,293.7588831390706,296.26812744140625,765275,0.0,0.0
2022-10-27 00:00:00+02:00,295.41681054978926,297.52277542382814,291.6529846191406,291.6529846191406,814049,0.0,0.0
2022-10-28 00:00:00+02:00,292.19062085452134,297.25390625,291.24967131732336,297.25390625,582076,0.0,0.0
2022-10-31 00:00:00+01:00,297.7019628898012,299.3598236453528,295.5959983981936,298.0155944824219,1100223,0.0,0.0
2022-11-01 00:00:00+01:00,298.59812494377536,299.49427774690986,293.80370197732327,295.2823486328125,757589,0.0,0.0
2022-11-02 00:00:00+01:00,295.2375572346457,300.9729298080342,295.14793648304004,299.09100341796875,921169,0.0,0.0
2022-11-03 00:00:00+01:00,297.0746803033074,298.4189096259468,293.6693102919872,297.4331359863281,714339,0.0,0.0
2022-11-04 00:00:00+01:00,296.6713775683914,296.71620161805384,292.5042724609375,292.5042724609375,1105220,0.0,0.0
2022-11-07 00:00:00+01:00,293.0419772340083,293.1763946896621,288.830047967426,290.3983154296875,851346,0.0,0.0
2022-11-08 00:00:00+01:00,288.6508190332677,292.6386825384018,288.11312188976285,290.5327453613281,749042,0.0,0.0
2022-11-09 00:00:00+01:00,290.3535108715385,295.3719720846799,290.12947266870555,293.7588806152344,1044177,0.0,0.0
2022-11-10 00:00:00+01:00,293.40041819371214,298.6877141889472,292.2354305052141,296.1784973144531,857722,0.0,0.0
2022-11-11 00:00:00+01:00,292.6835369157692,295.77524795157285,289.9054575101312,291.7873840332031,1257069,0.0,0.0
2022-11-14 00:00:00+01:00,276.0150544928875,282.4673654074108,275.2085224656751,280.1821594238281,2179620,0.0,0.0
2022-11-15 00:00:00+01:00,279.4204252792361,283.8563924703075,277.4937022759552,282.0640869140625,1821213,0.0,0.0
2022-11-16 00:00:00+01:00,281.6160574768752,282.6914519292802,279.2860543956091,279.734130859375,1587595,0.0,0.0
2022-11-17 00:00:00+01:00,278.88279188263016,280.9439326019061,274.67086233647285,274.939697265625,1107014,0.0,0.0
2022-11-18 00:00:00+01:00,275.925454929598,277.67296391306445,274.9845053836788,276.0150756835937,1309833,0.0,0.0
2022-11-21 00:00:00+01:00,275.56703466155375,277.4937580521054,275.3429964219916,275.4326171875,858528,0.0,0.0
2022-11-22 00:00:00+01:00,274.5364164293688,275.6566074321421,273.0577697753906,273.0577697753906,1046255,0.0,0.0
2022-11-23 00:00:00+01:00,273.3266522659314,275.52223795300847,272.7889550212984,275.4326171875,2036286,0.0,0.0
2022-11-24 00:00:00+01:00,275.56698507284364,277.2696699174322,274.44679407661255,276.5079345703125,1110946,0.0,0.0
2022-11-25 00:00:00+01:00,276.91121991423915,280.8991108814957,276.64238500902763,279.0619812011719,1131464,0.0,0.0
2022-11-28 00:00:00+01:00,280.00295393196166,281.6160180362407,277.8969893775211,279.9581298828125,1440377,0.0,0.0
2022-11-29 00:00:00+01:00,279.59967411075183,280.5406236131054,276.5079360057388,277.13525390625,1027051,0.0,0.0
2022-11-30 00:00:00+01:00,277.98663474129347,279.5100782305783,275.8358459472656,275.8358459472656,2745646,0.0,0.0
2022-12-01 00:00:00+01:00,276.86645394335955,279.0172154690139,276.4631741923671,277.8074035644531,978439,0.0,0.0
2022-12-02 00:00:00+01:00,277.2697061236105,277.9866448638648,275.1637413060143,276.2391357421875,936837,0.0,0.0
2022-12-05 00:00:00+01:00,275.70142876288776,277.4937345274421,274.53644095529364,277.40411376953125,1227427,0.0,0.0
2022-12-06 00:00:00+01:00,276.8216393817153,278.1658687998995,272.65453365502776,273.5058898925781,899304,0.0,0.0
2022-12-07 00:00:00+01:00,271.6687156807206,273.95392172834187,269.4283336821192,269.9212341308594,1894650,0.0,0.0
2022-12-08 00:00:00+01:00,270.45890435343125,271.62391940356804,268.4425605515466,271.489501953125,1104905,0.0,0.0
2022-12-09 00:00:00+01:00,270.9070021522338,272.9681701660156,269.025103000558,272.9681701660156,1485435,0.0,0.0
2022-12-12 00:00:00+01:00,271.5790984590012,272.87853097443536,270.2348692423784,271.5343017578125,1325827,0.0,0.0
2022-12-13 00:00:00+01:00,271.8927928189087,276.4631782202724,271.5343371174799,275.3429870605469,1138211,0.0,0.0
2022-12-14 00:00:00+01:00,274.267556673123,275.83582409126336,272.296036899366,275.6117858886719,1069352,0.0,0.0
2022-12-15 00:00:00+01:00,273.9091156079583,274.9845099770418,270.99661881913994,271.0414428710937,1341449,0.0,0.0
2022-12-16 00:00:00+01:00,271.3103032293744,272.74415340646334,270.0556945800781,270.0556945800781,3602815,0.0,0.0
2022-12-19 00:00:00+01:00,269.7420029816376,270.8621940239201,268.3081529778331,269.1146850585937,909187,0.0,0.0
2022-12-20 00:00:00+01:00,267.8600807317859,269.51796896986195,265.3956604003906,265.3956604003906,1318278,0.0,0.0
2022-12-21 00:00:00+01:00,265.5749022462009,267.0087522741508,263.55855833613793,266.96392822265625,1196979,0.0,0.0
2022-12-22 00:00:00+01:00,266.8743200928512,267.9497145017899,264.2754821777344,264.2754821777344,989203,0.0,0.0
2022-12-23 00:00:00+01:00,264.58910822306035,267.23276986270656,263.5137139479877,264.5443115234375,561755,0.0,0.0
2022-12-27 00:00:00+01:00,265.03717930213014,265.9781287626546,263.5137086677066,263.5585327148437,426231,0.0,0.0
2022-12-28 00:00:00+01:00,263.020850741028,264.0514210067871,261.4525833175295,262.16949462890625,680079,0.0,0.0
2022-12-29 00:00:00+01:00,262.25911299176875,263.7825837000883,260.6908455825511,262.4383544921875,641216,0.0,0.0
2022-12-30 00:00:00+01:00,262.52798283672064,263.64817387570923,260.3323974609375,260.3323974609375,709758,0.0,0.0
2023-01-03 00:00:00+01:00,259.884333388247,265.7093270676387,259.3466361943124,263.2897033691406,991430,0.0,0.0
2023-01-04 00:00:00+01:00,262.75201701418786,267.77045091314795,262.70719296426745,266.8742980957031,1152190,0.0,0.0
2023-01-05 00:00:00+01:00,264.0514300996724,266.1125980505827,260.6908569335937,260.6908569335937,1040157,0.0,0.0
2023-01-06 00:00:00+01:00,262.4383590172732,264.81315852249605,261.40778874312895,263.1104736328125,1007883,0.0,0.0
2023-01-09 00:00:00+01:00,263.55857027424344,263.96182266547294,260.8701116057168,261.1389465332031,1101619,0.0,0.0
2023-01-10 00:00:00+01:00,259.4362394873172,263.8273828034302,259.3914427860112,262.16949462890625,960924,0.0,0.0
2023-01-11 00:00:00+01:00,262.48312651221454,263.6929381552513,259.7050476074219,259.7050476074219,2084034,0.0,0.0
2023-01-12 00:00:00+01:00,261.2285688349584,262.7520396954892,257.95761623861205,258.9433898925781,1129692,0.0,0.0
2023-01-13 00:00:00+01:00,260.2427608602551,263.3792955784189,260.1979641607891,261.40777587890625,1294729,0.0,0.0
2023-01-16 00:00:00+01:00,262.16949265173315,265.0371925724401,261.0493016433965,264.0066223144531,1011092,0.0,0.0
2023-01-17 00:00:00+01:00,264.14106092469194,265.3060487273176,262.79683160700904,263.9170227050781,895008,0.0,0.0
2023-01-18 00:00:00+01:00,263.8273711808735,267.00872993743945,262.4831420199501,265.1716003417969,875351,0.0,0.0
2023-01-19 00:00:00+01:00,263.0656634405245,266.8295164251828,263.0656634405245,263.8722229003906,1391747,0.0,0.0
2023-01-20 00:00:00+01:00,265.08199167334584,265.2612331756678,262.43835727878513,263.7377624511719,1057566,0.0,0.0
2023-01-23 00:00:00+01:00,263.55852938164213,265.70929051307746,261.27332345890767,264.7683410644531,1162068,0.0,0.0
2023-01-24 00:00:00+01:00,265.4404799348383,265.9333530533643,263.7377676742995,264.7235412597656,952018,0.0,0.0
2023-01-25 00:00:00+01:00,264.7235377707414,265.1268174794305,261.4525854447994,263.1104736328125,1168164,0.0,0.0
2023-01-26 00:00:00+01:00,264.1858344799146,264.45469672894137,258.9881591796875,258.9881591796875,1545105,0.0,0.0
2023-01-27 00:00:00+01:00,259.9739334494654,260.4668065514269,258.71932499577093,259.30181884765625,1097991,0.0,0.0
2023-01-30 00:00:00+01:00,258.4504543800084,259.66026609378616,258.13679543963457,258.271240234375,1199749,0.0,0.0
2023-01-31 00:00:00+01:00,258.2712557741117,258.8985463441901,254.10412324832444,255.62759399414065,1540341,0.0,0.0
2023-02-01 00:00:00+01:00,256.29969999057386,257.50951173643574,247.60700691866123,250.3850860595703,1956682,0.0,0.0
2023-02-02 00:00:00+01:00,249.6681791077334,249.93701401219937,243.8431858247208,245.4114532470703,2409995,0.0,0.0
2023-02-03 00:00:00+01:00,247.1589154277252,254.5073788551612,246.9797012882824,253.0287322998047,1928368,0.0,0.0
2023-02-06 00:00:00+01:00,251.59492475949537,255.4035745554984,250.51953034831635,254.4178009033203,1178697,0.0,0.0
2023-02-07 00:00:00+01:00,255.5379840049169,255.8516429773743,253.5664641108128,254.9554901123047,1594622,0.0,0.0
2023-02-08 00:00:00+01:00,256.9718322753906,258.27126486008984,254.193752943271,256.9718322753906,1689201,0.0,0.0
2023-02-09 00:00:00+01:00,258.18165538224275,258.450490312275,253.79051165174707,255.0451202392578,1217854,0.0,0.0
2023-02-10 00:00:00+01:00,250.9227724972508,251.90854600174384,247.7862378410352,251.05718994140625,1612669,0.0,0.0
2023-02-13 00:00:00+01:00,251.0124189367224,251.8189510326243,249.085695777508,250.2058868408203,815060,0.0,0.0
2023-02-14 00:00:00+01:00,250.8331665958586,252.71509297064185,248.8616468186109,249.4889373779297,1535694,0.0,0.0
2023-02-15 00:00:00+01:00,248.6376030386276,249.8922114775374,247.9206643960985,248.32394409179688,1117691,0.0,0.0
2023-02-16 00:00:00+01:00,248.68240835580852,249.62335788049208,246.4868230003287,246.7108612060547,1528126,0.0,0.0
2023-02-17 00:00:00+01:00,246.44203392872487,251.46049536204728,246.44203392872487,250.2058868408203,1836706,0.0,0.0
2023-02-20 00:00:00+01:00,251.326088625104,252.49107644127864,249.8922385332166,250.9676055908203,752914,0.0,0.0
2023-02-21 00:00:00+01:00,250.69874994032347,252.98392867869828,249.8025971255234,252.6254730224609,1234543,0.0,0.0
2023-02-22 00:00:00+01:00,252.71509344965185,254.7762339816843,251.99818213809624,252.44625854492188,1296859,0.0,0.0
2023-02-23 00:00:00+01:00,252.44626335347527,252.715098263326,249.5785633558024,250.47471618652344,1246255,0.0,0.0
2023-02-24 00:00:00+01:00,250.51952092762588,251.55011859475715,246.53165711199904,247.11415100097656,1280947,0.0,0.0
2023-02-27 00:00:00+01:00,246.4420391489153,247.56223023595584,245.3666447659904,245.59068298339844,1338959,0.0,0.0
2023-02-28 00:00:00+01:00,246.3972288235429,246.44202552518195,243.57432556152344,243.57432556152344,2269644,0.0,0.0
2023-03-01 00:00:00+01:00,243.35027382194008,245.14257936243945,242.05086871412533,242.947021484375,1359066,0.0,0.0
2023-03-02 00:00:00+01:00,242.3197332312084,246.21800372806933,241.42358035139745,245.45626831054688,1139567,0.0,0.0
2023-03-03 00:00:00+01:00,245.8595296534559,246.30760605984148,244.0223999782269,245.4114532470703,719260,0.0,0.0
2023-03-06 00:00:00+01:00,245.0530129185555,245.411468596401,241.6924396604756,242.58859252929688,1050631,0.0,0.0
2023-03-07 00:00:00+01:00,241.55800400055668,243.57434803177472,239.7209014892578,239.7209014892578,1547584,0.0,0.0
2023-03-08 00:00:00+01:00,238.28705113258664,239.1384073287119,237.57013975047207,238.1526336669922,1350371,0.0,0.0
2023-03-09 00:00:00+01:00,238.82474215189248,239.63127427296624,236.270700978146,236.67398071289065,1222691,0.0,0.0
2023-03-10 00:00:00+01:00,237.9285945083637,239.94493852962103,235.867453781556,236.2707061767578,1675097,0.0,0.0
2023-03-13 00:00:00+01:00,236.3603037217933,238.69030649830697,234.34395989857424,236.80838012695312,1525315,0.0,0.0
2023-03-14 00:00:00+01:00,238.15260870672384,238.64548181171864,236.091468187856,237.8837738037109,1384589,0.0,0.0
2023-03-15 00:00:00+01:00,238.3766681015928,239.8553148964496,236.8531972533065,237.794174194336,1543115,0.0,0.0
2023-03-16 00:00:00+01:00,241.65128252084315,242.85952758789065,239.1883039679284,242.85952758789065,3028438,9.5,0.0
2023-03-17 00:00:00+01:00,243.97484197315995,246.29841189671384,241.3259665875304,243.2777709960937,7205421,0.0,0.0
2023-03-20 00:00:00+01:00,243.1383709298275,244.53251293244816,240.9542094529434,242.9989624023437,2113913,0.0,0.0
2023-03-21 00:00:00+01:00,243.8354458641365,245.55489336788125,243.32424343659503,244.16075134277344,1527908,0.0,0.0
2023-03-22 00:00:00+01:00,244.20721509131883,244.7183891626989,242.34835902972927,242.5342559814453,1281923,0.0,0.0
2023-03-23 00:00:00+01:00,240.53596241086208,241.6048273346649,238.72359477376853,240.11773681640625,1339145,0.0,0.0
2023-03-24 00:00:00+01:00,239.97833123946367,241.8371873191996,238.72359771286332,240.1641998291016,1020694,0.0,0.0
2023-03-27 00:00:00+02:00,238.7236052497141,241.3724809197452,237.9800457760088,238.7700653076172,2175804,0.0,0.0
2023-03-28 00:00:00+02:00,238.86300363503,239.74597160880987,237.9800356612501,238.8165435791016,1125984,0.0,0.0
2023-03-29 00:00:00+02:00,238.8629957662093,242.39481081719583,238.5376902937494,240.5824432373047,1669593,0.0,0.0
2023-03-30 00:00:00+02:00,242.44129855618195,243.23131802597345,240.6753910356366,242.25540161132807,1144141,0.0,0.0
2023-03-31 00:00:00+02:00,243.1383785286834,243.1383785286834,241.69774806261603,242.5342559814453,1441785,0.0,0.0
2023-04-03 00:00:00+02:00,243.5101384487503,243.8354439247999,241.00067147795832,241.9300994873047,1106811,0.0,0.0
2023-04-04 00:00:00+02:00,242.58070284981304,242.95246836914183,241.2795093502168,242.39480590820312,1108915,0.0,0.0
2023-04-05 00:00:00+02:00,242.0230337183044,249.96965974890327,242.0230337183044,248.4360809326172,1636867,0.0,0.0
2023-04-06 00:00:00+02:00,250.2949387179026,256.75447439669693,250.20201861285324,255.1279754638672,1867192,0.0,0.0
2023-04-11 00:00:00+02:00,256.38273524911347,256.7545007992115,252.33971752755085,254.3379821777344,1180187,0.0,0.0
2023-04-12 00:00:00+02:00,254.47738699649835,258.799250090427,253.4550388396352,255.9644775390625,1417843,0.0,0.0
2023-04-13 00:00:00+02:00,255.59269266463548,257.7768540747296,255.2209271480833,257.0332946777344,884760,0.0,0.0
2023-04-14 00:00:00+02:00,257.68392561489065,259.0316076264229,257.17275153542283,257.4515686035156,819010,0.0,0.0
2023-04-17 00:00:00+02:00,257.45156571253904,258.4739422238872,255.31389257745047,258.33453369140625,970520,0.0,0.0
2023-04-18 00:00:00+02:00,257.45156517570604,258.938655701485,256.10388318211733,256.8474426269531,1046711,0.0,0.0
2023-04-19 00:00:00+02:00,256.8474468122242,257.2192123587536,254.9421022949346,255.7786102294922,1299954,0.0,0.0
2023-04-20 00:00:00+02:00,255.2673923860356,258.38098183269705,255.2673923860356,258.0092163085937,1279656,0.0,0.0
2023-04-21 00:00:00+02:00,259.4033611732069,262.14515676227523,258.84569869892283,261.2157287597656,1450906,0.0,0.0
2023-04-24 00:00:00+02:00,261.866348198664,262.2846021589127,259.7751351252052,260.9369201660156,814779,0.0,0.0
2023-04-25 00:00:00+02:00,261.541023322819,263.1210622067281,259.58921892619315,262.0057373046875,1030716,0.0,0.0
2023-04-26 00:00:00+02:00,261.35518107229694,262.8422432729418,253.9662166708094,255.2674102783203,1674264,0.0,0.0
2023-04-27 00:00:00+02:00,256.4756508280079,259.5892117290911,255.87149997721644,256.7080078125,955238,0.0,0.0
2023-04-28 00:00:00+02:00,257.4515352894119,261.5875009022524,256.8009243961934,260.56512451171875,1260197,0.0,0.0
2023-05-02 00:00:00+02:00,261.9128001547588,263.5392991615919,260.1468926201184,260.8439636230469,921987,0.0,0.0
2023-05-03 00:00:00+02:00,261.6339725450368,261.86632953663985,258.0556692015717,261.26220703125,1149201,0.0,0.0
2023-05-04 00:00:00+02:00,260.472194861013,262.14515390171806,259.68217539472226,262.09869384765625,775024,0.0,0.0
2023-05-05 00:00:00+02:00,262.0987024705146,263.6787414550781,260.611611961024,263.6787414550781,620150,0.0,0.0
2023-05-08 00:00:00+02:00,264.0969666473169,265.351700149172,263.4928441060955,264.0505065917969,591310,0.0,0.0
2023-05-09 00:00:00+02:00,264.8869784316268,264.9334384857951,261.6339804508875,263.5857849121094,1015893,0.0,0.0
2023-05-10 00:00:00+02:00,262.8886985838346,262.8886985838346,259.6357007928192,260.4257202148437,937134,0.0,0.0
2023-05-11 00:00:00+02:00,261.72691782126947,263.58577373141503,261.1227953232502,262.5169372558594,934502,0.0,0.0
2023-05-12 00:00:00+02:00,262.51695943663026,265.21229506129947,262.51695943663026,264.6546325683594,681944,0.0,0.0
2023-05-15 00:00:00+02:00,265.21228736875906,265.9558184285179,263.5857883571314,264.1899108886719,741675,0.0,0.0
2023-05-16 00:00:00+02:00,264.1898983136524,264.42225530425367,261.44807447900115,262.37750244140625,945528,0.0,0.0
2023-05-17 00:00:00+02:00,262.56339235516344,264.8869621990145,262.42398383731035,263.3998718261719,1058523,0.0,0.0
2023-05-19 00:00:00+02:00,265.1193392671716,268.8370512989637,264.28285973279674,267.9076232910156,1788363,0.0,0.0
2023-05-22 00:00:00+02:00,267.8611587916007,268.6046898400651,264.6081608177591,266.18817138671875,910916,0.0,0.0
2023-05-23 00:00:00+02:00,265.769972041727,267.8611852313279,265.07290097852666,266.3276062011719,1009350,0.0,0.0
2023-05-24 00:00:00+02:00,266.6528852127155,268.8370466665356,266.32757974276075,268.4187927246094,1381743,0.0,0.0
2023-05-25 00:00:00+02:00,267.3035197692462,268.7906103605032,266.1881947348299,267.2105712890625,941884,0.0,0.0
2023-05-26 00:00:00+02:00,268.46530580217666,271.1606415535809,267.4893893026706,270.18475341796875,1530897,0.0,0.0
2023-05-30 00:00:00+02:00,269.53414105099824,270.18475204736853,266.9782138513767,267.58233642578125,1494594,0.0,0.0
2023-05-31 00:00:00+02:00,267.67527858142614,270.5565112111576,262.19165875548805,267.8611755371094,4512095,0.0,0.0
2023-06-01 00:00:00+02:00,268.418820301471,269.9988593956435,267.2105751333821,269.3017883300781,1600874,0.0,0.0
2023-06-02 00:00:00+02:00,269.44119983414333,272.13653564453125,268.9764857853214,272.13653564453125,1044032,0.0,0.0
2023-06-05 00:00:00+02:00,272.3224074928426,272.83358155384235,270.8818054199219,270.8818054199219,1486135,0.0,0.0
2023-06-06 00:00:00+02:00,271.02120510606943,272.3688586610485,269.7200116046137,271.5323791503906,840017,0.0,0.0
2023-06-07 00:00:00+02:00,271.1141616629406,271.53238724879753,267.164092623349,267.5358581542969,1077172,0.0,0.0
2023-06-08 00:00:00+02:00,267.1175811139658,267.48934661277696,263.0745639501568,263.9110717773437,982434,0.0,0.0
2023-06-09 00:00:00+02:00,264.0505064325807,264.6081689179458,261.8663449105043,262.191650390625,866261,0.0,0.0
2023-06-12 00:00:00+02:00,263.95756808727515,263.95756808727515,259.7751418323712,260.28631591796875,1043889,0.0,0.0
2023-06-13 00:00:00+02:00,260.0075026647084,261.7269502675308,259.8216057050921,260.5186767578125,868679,0.0,0.0
2023-06-14 00:00:00+02:00,259.58923686823925,259.58923686823925,253.31559767939885,255.1744537353516,1703255,0.0,0.0
2023-06-15 00:00:00+02:00,254.6168015687211,257.0797799955648,252.8973541660184,256.0574035644531,925420,0.0,0.0
2023-06-16 00:00:00+02:00,257.73037491417256,261.4480869409988,257.4980179124959,260.1004333496094,3339183,0.0,0.0
2023-06-19 00:00:00+02:00,259.9610467794339,260.1004553194369,256.0109774172817,256.6615600585937,784646,0.0,0.0
2023-06-20 00:00:00+02:00,256.6150741031305,259.6357150752372,256.1503601074219,256.1503601074219,1000617,0.0,0.0
2023-06-21 00:00:00+02:00,254.84918549879072,256.4291961830823,253.7338604807903,254.5238800048828,1380168,0.0,0.0
2023-06-22 00:00:00+02:00,253.733830208571,255.45327758789065,252.2002797647038,255.45327758789065,714102,0.0,0.0
2023-06-23 00:00:00+02:00,255.4997564225574,258.93865143400274,255.31388783733112,256.9868469238281,914708,0.0,0.0
2023-06-26 00:00:00+02:00,256.1968194399244,256.8474303776409,253.2226668940993,253.7338409423828,759497,0.0,0.0
2023-06-27 00:00:00+02:00,253.73385948202545,254.15211345310257,251.2243923833492,251.54969787597656,851152,0.0,0.0
2023-06-28 00:00:00+02:00,256.940390561037,257.45156463262055,253.73385250796176,255.3603515625,1128895,0.0,0.0
2023-06-29 00:00:00+02:00,255.54623775559256,256.2433087496189,253.7803018796129,253.91973876953125,637429,0.0,0.0
2023-06-30 00:00:00+02:00,254.33798641898417,256.7545050807583,254.1521178227824,254.19857788085932,1494087,0.0,0.0
2023-07-03 00:00:00+02:00,253.594437132946,258.28803721811613,253.4550286048116,254.152099609375,782711,0.0,0.0
2023-07-04 00:00:00+02:00,254.61682048312528,256.42918812556087,253.91974945975176,255.3603515625,828296,0.0,0.0
2023-07-05 00:00:00+02:00,255.6856449576349,257.312143935274,254.80267702421725,257.2656555175781,737986,0.0,0.0
2023-07-06 00:00:00+02:00,256.38270922456405,256.7080146843392,251.17790695983385,251.59616088867188,920525,0.0,0.0
2023-07-07 00:00:00+02:00,250.85262402289487,250.9920325570609,245.78725818890976,246.4843292236328,1183404,0.0,0.0
2023-07-10 00:00:00+02:00,246.15901145035127,247.69256197743323,245.1830950321052,246.53077697753903,640646,0.0,0.0
2023-07-11 00:00:00+02:00,246.57725270782447,247.36727223075536,245.4154676340713,246.15902709960932,665098,0.0,0.0
2023-07-12 00:00:00+02:00,245.22959194417209,247.92492756450343,245.22959194417209,247.181396484375,961714,0.0,0.0
2023-07-13 00:00:00+02:00,247.0884514824677,250.3414496405792,247.0884514824677,248.71495056152344,653830,0.0,0.0
2023-07-14 00:00:00+02:00,249.31907374147067,252.85088897640773,248.80789966090373,252.06089782714844,1058107,0.0,0.0
2023-07-17 00:00:00+02:00,253.73385680497583,253.73385680497583,248.94730803619532,249.27261352539065,532811,0.0,0.0
2023-07-18 00:00:00+02:00,248.06433083560708,251.36381729794664,247.6925653034272,250.29495239257807,617511,0.0,0.0
2023-07-19 00:00:00+02:00,249.8767311765268,253.2226777524613,249.8767311765268,252.014404296875,696680,0.0,0.0
2023-07-20 00:00:00+02:00,251.4567302613847,255.360339148058,250.29494527890947,254.4773712158203,642208,0.0,0.0
2023-07-21 00:00:00+02:00,255.08153873141552,256.42919238063115,253.54795976343223,255.220947265625,611073,0.0,0.0
2023-07-24 00:00:00+02:00,255.9180254881156,257.68393315344883,254.10562940081155,254.19857788085932,564963,0.0,0.0
2023-07-25 00:00:00+02:00,252.61851180249928,254.38444764291765,252.15379781583985,253.8732452392578,582453,0.0,0.0
2023-07-26 00:00:00+02:00,254.0591615768376,254.47738717842805,251.4567460345166,251.875,832311,0.0,0.0
2023-07-27 00:00:00+02:00,249.31906253913408,255.6391616325936,248.06432905860984,253.22267150878903,1122575,0.0,0.0
2023-07-28 00:00:00+02:00,251.2243731911161,254.61680803006053,249.64436263374847,250.3878936767578,796208,0.0,0.0
2023-07-31 00:00:00+02:00,249.45848181698824,251.7820519314608,249.45848181698824,251.50323486328125,630631,0.0,0.0
2023-08-02 00:00:00+02:00,246.29841583448388,251.5496782728937,246.25195578082628,250.75965881347656,943597,0.0,0.0
2023-08-03 00:00:00+02:00,249.4120028186788,250.666736257982,247.73901544497767,248.11080932617188,780615,0.0,0.0
2023-08-04 00:00:00+02:00,248.20373514356888,248.20373514356888,244.5789716296496,246.34487915039065,723753,0.0,0.0
2023-08-07 00:00:00+02:00,246.29843563568107,247.088455158612,245.5084161127502,246.15902709960932,612076,0.0,0.0
2023-08-08 00:00:00+02:00,246.48433308797644,248.9473117765002,246.15902759389363,247.6461181640625,685301,0.0,0.0
2023-08-09 00:00:00+02:00,247.9713909957247,249.8302470852396,246.8560943603516,246.8560943603516,716127,0.0,0.0
2023-08-10 00:00:00+02:00,246.39135682057176,249.31904920933857,246.39135682057176,248.06431579589844,662827,0.0,0.0
2023-08-11 00:00:00+02:00,247.41373682085765,248.76139035826773,245.8336979271872,246.4378204345703,652809,0.0,0.0
2023-08-14 00:00:00+02:00,247.4137606520415,247.8784746815428,246.01961856353765,246.15902709960932,607254,0.0,0.0
2023-08-15 00:00:00+02:00,245.8337056729996,246.39136814503613,243.2777786763994,243.74249267578125,626386,0.0,0.0
2023-08-16 00:00:00+02:00,243.51013210504183,244.346611618884,242.1159901273412,242.2089385986328,672098,0.0,0.0
2023-08-17 00:00:00+02:00,241.6512724155416,242.0695263479709,239.09534549576185,239.74595642089844,849771,0.0,0.0
2023-08-18 00:00:00+02:00,239.14181221402532,240.25713715566243,234.91292617444364,237.0506134033203,1249350,0.0,0.0
2023-08-21 00:00:00+02:00,236.6323773823958,238.77005046312385,235.93530637382463,236.35354614257807,839402,0.0,0.0
2023-08-22 00:00:00+02:00,237.00413895778945,237.46885295574592,235.19175720214844,235.19175720214844,977245,0.0,0.0
2023-08-23 00:00:00+02:00,241.18657239867127,248.157282583604,240.35009284925783,244.0213165283203,2084983,0.0,0.0
2023-08-24 00:00:00+02:00,242.5807146849792,244.3466222608653,241.1865726465597,241.7906951904297,949347,0.0,0.0
2023-08-25 00:00:00+02:00,241.6512764047092,242.20893886919063,240.0247774289083,240.90774536132807,613400,0.0,0.0
2023-08-28 00:00:00+02:00,241.00067562086383,242.85953167151112,240.8612670898437,240.8612670898437,521633,0.0,0.0
2023-08-29 00:00:00+02:00,241.1865798695501,243.463689946053,240.8148143209498,242.627182006836,889757,0.0,0.0
2023-08-30 00:00:00+02:00,243.69604317429685,244.2536773065893,242.3948212285669,243.32424926757807,819418,0.0,0.0
2023-08-31 00:00:00+02:00,241.1865684253844,244.43956645809664,241.0471598967608,241.9300994873047,1614740,0.0,0.0
2023-09-01 00:00:00+02:00,242.95248915822955,243.27779465193728,241.1401214599609,241.1401214599609,519169,0.0,0.0
2023-09-04 00:00:00+02:00,241.65129416920584,242.7666191801595,239.46713256835932,239.46713256835932,802497,0.0,0.0
2023-09-05 00:00:00+02:00,237.933570238209,238.07297876674207,234.30880667688965,235.9817657470703,996409,0.0,0.0
2023-09-06 00:00:00+02:00,235.8888389885482,236.16767023646483,232.17112683484987,234.587631225586,1005254,0.0,0.0
2023-09-07 00:00:00+02:00,234.81997722952968,239.3741687315834,234.02997194306292,238.5376892089844,1381907,0.0,0.0
2023-09-08 00:00:00+02:00,237.14355229801555,240.9542128313868,237.14355229801555,238.5841827392578,1161896,0.0,0.0
2023-09-11 00:00:00+02:00,239.653017727162,240.16419178641385,235.28469474051303,235.9817657470703,803914,0.0,0.0
2023-09-12 00:00:00+02:00,236.0747104844691,239.32770846358585,236.0747104844691,236.6788330078125,910669,0.0,0.0
2023-09-13 00:00:00+02:00,235.74941738326305,239.1883124871776,235.65648308815096,238.49124145507807,947766,0.0,0.0
2023-09-14 00:00:00+02:00,239.2347676482138,241.41892917687545,238.3982880995902,241.2330322265625,720191,0.0,0.0
2023-09-15 00:00:00+02:00,241.9300894716282,244.48601639151772,241.9300894716282,242.906005859375,2640297,0.0,0.0
2023-09-18 00:00:00+02:00,242.62716043935572,243.2313113115072,239.04888544277668,239.74595642089844,1031090,0.0,0.0
2023-09-19 00:00:00+02:00,239.1882997620437,240.9077472225241,237.98002635235065,238.90945434570312,912672,0.0,0.0
2023-09-20 00:00:00+02:00,241.37246629459383,241.46538640476984,237.4223830578408,238.02651977539065,859130,0.0,0.0
2023-09-21 00:00:00+02:00,237.9335667402285,240.0247797291564,233.28642676483344,233.33290100097656,1323776,0.0,0.0
2023-09-22 00:00:00+02:00,233.37938593343583,233.98350848514727,231.52052985808217,231.79934692382807,1000563,0.0,0.0
2023-09-25 00:00:00+02:00,232.1711234857465,234.40174507300992,230.5910986796061,231.9387664794922,931472,0.0,0.0
2023-09-26 00:00:00+02:00,231.65993160007545,232.2640541340776,228.9181218056914,231.52052307128903,1833786,0.0,0.0
2023-09-27 00:00:00+02:00,234.12290235935149,239.3741647706604,233.7976110756992,234.21585083007807,1364866,0.0,0.0
2023-09-28 00:00:00+02:00,234.02999065319028,234.26234767048257,230.9164009486948,232.07818603515625,1059383,0.0,0.0
2023-09-29 00:00:00+02:00,231.47405969303244,234.72705788214407,231.47405969303244,232.77525329589844,1593988,0.0,0.0
2023-10-02 00:00:00+02:00,231.6134532193139,232.4034726868247,228.77869500182567,230.54461669921875,1222194,0.0,0.0
2023-10-03 00:00:00+02:00,230.5446244153329,231.4275782026082,228.36046288401573,228.964599609375,1100141,0.0,0.0
2023-10-04 00:00:00+02:00,227.6633910342124,228.8716502985737,226.5945544822462,226.7339630126953,1629992,0.0,0.0
2023-10-05 00:00:00+02:00,226.9198422205345,230.17284024480887,226.5480766905387,229.28988647460932,1567537,0.0,0.0
2023-10-06 00:00:00+02:00,229.84754972625936,231.10226903068389,229.057530244923,230.59109497070312,965002,0.0,0.0
2023-10-09 00:00:00+02:00,230.68402573443808,234.2158549550704,230.35873444505685,233.1470184326172,1371841,0.0,0.0
2023-10-10 00:00:00+02:00,233.2864262906556,235.28469080323555,233.239952054607,234.81997680664065,1447689,0.0,0.0
2023-10-11 00:00:00+02:00,235.0058897302483,238.5377049989618,235.0058897302483,236.12120056152344,1408172,0.0,0.0
2023-10-12 00:00:00+02:00,236.63237680469493,237.7012133424496,234.866455078125,234.866455078125,1223461,0.0,0.0
2023-10-13 00:00:00+02:00,235.33116593658465,237.93356716382817,235.14528317362704,237.0506134033203,1523831,0.0,0.0
2023-10-16 00:00:00+02:00,237.19002869299592,237.3759114612536,231.6134605535904,234.3552703857422,1185891,0.0,0.0
2023-10-17 00:00:00+02:00,233.33290473174227,236.7253112952437,233.33290473174227,234.6805725097656,1603792,0.0,0.0
2023-10-18 00:00:00+02:00,232.9146606372677,234.91292514874183,231.84580993652344,231.84580993652344,992098,0.0,0.0
2023-10-19 00:00:00+02:00,223.99214503509583,225.47923548819008,220.0420760873815,221.62210083007807,2615067,0.0,0.0
2023-10-20 00:00:00+02:00,220.7391587261376,223.4344943599097,219.94913922212865,222.13330078125,2060418,0.0,0.0
2023-10-23 00:00:00+02:00,223.75979610391187,223.75979610391187,219.8562012512609,220.7856292724609,1085139,0.0,0.0
2023-10-24 00:00:00+02:00,218.64794531589587,220.4603271484375,216.7426150070408,220.4603271484375,1050554,0.0,0.0
2023-10-25 00:00:00+02:00,219.3914872406609,221.0179862777609,217.5326311982608,220.7856292724609,1751692,0.0,0.0
2023-10-26 00:00:00+02:00,219.71677069852544,221.0179783909408,218.4155771880557,220.5067901611328,999705,0.0,0.0
2023-10-27 00:00:00+02:00,220.6926805983228,223.52743889681292,219.5308955728716,220.9715118408203,1282612,0.0,0.0
2023-10-30 00:00:00+01:00,221.99388505511928,225.33981736980112,221.99388505511928,224.2709808349609,2118729,0.0,0.0
2023-10-31 00:00:00+01:00,222.0868149535119,222.133289189313,214.60491681179235,217.34674072265625,2231134,0.0,0.0
2023-11-01 00:00:00+01:00,219.20560027223257,222.73741533955663,218.3226323234557,220.925033569336,2031538,0.0,0.0
2023-11-02 00:00:00+01:00,220.5997459081463,222.598010475545,219.67031788945928,221.34327697753903,1103893,0.0,0.0
2023-11-03 00:00:00+01:00,221.66857514617567,224.0386193520522,220.0885504029065,220.5067901611328,1398181,0.0,0.0
2023-11-06 00:00:00+01:00,220.50679735156567,220.6462058815385,219.1591295613595,220.41384887695312,826767,0.0,0.0
2023-11-07 00:00:00+01:00,218.7408935258397,221.20387214373727,218.6014708115393,219.7167816162109,981155,0.0,0.0
2023-11-08 00:00:00+01:00,220.64620596352376,222.55153623822144,219.90267489413105,221.34327697753903,1215896,0.0,0.0
2023-11-09 00:00:00+01:00,221.85446225943613,223.80626674537424,220.64620301490044,221.2968139648437,982976,0.0,0.0
2023-11-10 00:00:00+01:00,221.2503430026524,222.7838935629104,219.0197072454316,220.0420837402344,1657680,0.0,0.0
2023-11-13 00:00:00+01:00,220.2744409051865,222.598010956929,219.4844214148156,221.90093994140625,984181,0.0,0.0
2023-11-14 00:00:00+01:00,222.73740853952253,223.3880194675893,221.2968065238059,222.69094848632807,1319166,0.0,0.0
2023-11-15 00:00:00+01:00,223.06272875361083,224.73570205565213,220.9715156715457,221.2038726806641,999525,0.0,0.0
2023-11-16 00:00:00+01:00,221.3432700654192,222.0403410576663,219.99560231679723,220.1350250244141,900335,0.0,0.0
2023-11-17 00:00:00+01:00,220.6461953448084,221.7615202591141,219.99559859942696,220.83209228515625,1797463,0.0,0.0
2023-11-20 00:00:00+01:00,220.41384887695312,221.0644598353492,218.92677255677407,220.41384887695312,1154498,0.0,0.0
2023-11-21 00:00:00+01:00,220.36737829817736,220.97150080847177,219.4379503242196,220.83209228515625,871644,0.0,0.0
2023-11-22 00:00:00+01:00,221.1573987853762,221.3897557948548,219.80973096678937,219.90267944335932,1181396,0.0,0.0
2023-11-23 00:00:00+01:00,220.2744261293456,222.08680781174235,219.7632379158632,221.52915954589844,845954,0.0,0.0
2023-11-24 00:00:00+01:00,222.59800690934856,222.9233123834558,221.62210466897267,221.85446166992188,746226,0.0,0.0
2023-11-27 00:00:00+01:00,222.1797667509044,222.3656495149457,220.18148803710932,220.18148803710932,1105013,0.0,0.0
2023-11-28 00:00:00+01:00,219.34500840947527,219.57736540990905,216.83555564117967,219.25205993652344,1457022,0.0,0.0
2023-11-29 00:00:00+01:00,219.3450160753025,221.0644636113832,218.8338278200937,219.7167816162109,896062,0.0,0.0
2023-11-30 00:00:00+01:00,219.8097345384448,221.29682509605007,218.2297096847057,219.39149475097656,4753965,0.0,0.0
2023-12-01 00:00:00+01:00,218.69440535737533,223.34154523244945,218.64793112223552,222.69094848632807,1303135,0.0,0.0
2023-12-04 00:00:00+01:00,224.45686406054648,229.52224387065823,224.36391558691489,228.91812133789065,1422731,0.0,0.0
2023-12-05 00:00:00+01:00,230.7304917945169,234.401729411656,228.96458433774987,233.2399444580078,1771864,0.0,0.0
2023-12-06 00:00:00+01:00,232.3105316162109,234.0764533698673,229.84755302693944,232.3105316162109,1218341,0.0,0.0
2023-12-07 00:00:00+01:00,233.6581916858516,234.2623283902581,231.61345293835456,231.84580993652344,1178035,0.0,0.0
2023-12-08 00:00:00+01:00,231.84582955343515,236.26061289218708,231.70642101551647,235.42413330078125,1011434,0.0,0.0
2023-12-11 00:00:00+01:00,235.1452868913323,236.6788374374104,234.7270471225788,236.35354614257807,1159299,0.0,0.0
2023-12-12 00:00:00+01:00,235.61000041319625,237.7476876714803,235.56352617633107,235.7958831787109,1469090,0.0,0.0
2023-12-13 00:00:00+01:00,235.33116503928417,237.3294437338098,234.3088027559428,234.81997680664065,1671964,0.0,0.0
2023-12-14 00:00:00+01:00,235.65647369557632,236.8182587027701,228.12810117618224,228.5463409423828,1731296,0.0,0.0
2023-12-15 00:00:00+01:00,229.1040079876496,229.84755324347137,225.9439583778398,227.10574340820312,2907001,0.0,0.0
2023-12-18 00:00:00+01:00,226.40867560232863,228.91812846712887,225.6651303359573,227.895751953125,989976,0.0,0.0
2023-12-19 00:00:00+01:00,227.38455258293928,228.4998775189592,226.1298333028354,226.826904296875,1006802,0.0,0.0
2023-12-20 00:00:00+01:00,227.0127906094341,228.91812085933137,226.0833626028449,226.3157196044922,767318,0.0,0.0
2023-12-21 00:00:00+01:00,225.9439466443084,228.1745681139888,224.27097345107532,227.70985412597656,984968,0.0,0.0
2023-12-22 00:00:00+01:00,225.33983279278897,227.33811165296856,225.20042425503203,227.0592803955078,602053,0.0,0.0
2023-12-27 00:00:00+01:00,226.31571940808425,227.9886926548822,225.94395387854948,226.5016021728516,545518,0.0,0.0
2023-12-28 00:00:00+01:00,226.50159821937183,227.2451434474089,225.33981323242188,225.33981323242188,636368,0.0,0.0
2023-12-29 00:00:00+01:00,225.38629169113065,227.43103047008367,225.20040892612508,227.24514770507807,558252,0.0,0.0
2024-01-03 00:00:00+01:00,231.4740453072599,235.56352281806656,230.73050007385527,234.07644653320312,1680137,0.0,0.0
2024-01-04 00:00:00+01:00,236.4929434428361,237.70120263671387,233.84408224520124,236.40000915527344,1162625,0.0,0.0
2024-01-05 00:00:00+01:00,236.16766310622825,237.8406221793264,232.54288535664173,233.5652618408203,879614,0.0,0.0
2024-01-08 00:00:00+01:00,233.79761460982692,234.35526289677983,232.17111562114275,233.7046661376953,724037,0.0,0.0
2024-01-09 00:00:00+01:00,234.4947011678612,235.9353174898382,233.61174735179355,234.4482269287109,894046,0.0,0.0
2024-01-10 00:00:00+01:00,233.10054742913456,236.9111937558133,231.7993397077268,235.9817657470703,1318907,0.0,0.0
2024-01-11 00:00:00+01:00,235.8888397477036,236.9576763225531,232.40348459239456,232.9146728515625,957180,0.0,0.0
2024-01-12 00:00:00+01:00,235.00587798602288,236.26059729027384,233.9370272654247,234.6805725097656,926995,0.0,0.0
2024-01-15 00:00:00+01:00,233.75114095714363,233.84408942950728,232.7287644889265,233.1470184326172,642017,0.0,0.0
2024-01-16 00:00:00+01:00,232.3570026980174,233.10054794304023,229.98695843410843,232.449951171875,921494,0.0,0.0
2024-01-17 00:00:00+01:00,230.498142161432,231.14873891985337,228.77869470236885,229.8010711669922,876608,0.0,0.0
2024-01-18 00:00:00+01:00,227.4775084236644,230.73050650122445,226.40867187095884,228.5928192138672,1175921,0.0,0.0
2024-01-19 00:00:00+01:00,230.49814612906223,231.52052261128404,226.87338256835932,226.87338256835932,1408278,0.0,0.0
2024-01-22 00:00:00+01:00,227.80281824688268,231.33463345286205,227.0127987402078,230.3122711181641,980411,0.0,0.0
2024-01-23 00:00:00+01:00,229.47575758593587,231.1022565154732,226.26923396123715,226.54806518554688,1078075,0.0,0.0
2024-01-24 00:00:00+01:00,226.5945543624238,227.84927368164065,225.7116005788387,227.84927368164065,914338,0.0,0.0
2024-01-25 00:00:00+01:00,226.780441158074,227.1057466439891,223.20213754079305,224.9215850830078,992560,0.0,0.0
2024-01-26 00:00:00+01:00,225.8510020082157,231.1487387251057,225.8510020082157,229.9869537353516,1170983,0.0,0.0
2024-01-29 00:00:00+01:00,228.96459920955732,230.12638423866625,228.45341096036023,229.3363647460937,673652,0.0,0.0
2024-01-30 00:00:00+01:00,228.8716467078776,230.91638548674652,228.36045846767385,229.28988647460932,736722,0.0,0.0
2024-01-31 00:00:00+01:00,231.38110017889807,231.38110017889807,227.80281085071337,229.6616668701172,1343137,0.0,0.0
2024-02-01 00:00:00+01:00,223.94567438134348,224.17803138198445,216.7426073614745,217.0214385986328,3189813,0.0,0.0
2024-02-02 00:00:00+01:00,217.3932046160123,219.71677462764967,216.6961336125211,217.5791015625,1298916,0.0,0.0
2024-02-05 00:00:00+01:00,216.5102500636413,217.48615230138287,212.7925380584895,214.233154296875,1735083,0.0,0.0
2024-02-06 00:00:00+01:00,214.79082081508287,215.58082612188656,210.98016026526665,214.27963256835932,1930911,0.0,0.0
2024-02-07 00:00:00+01:00,215.1625895877152,215.5343551280472,211.58428598874784,212.0954742431641,2318773,0.0,0.0
2024-02-08 00:00:00+01:00,210.7942879210549,213.81492913148327,208.88895755193383,209.0283660888672,1387393,0.0,0.0
2024-02-09 00:00:00+01:00,209.2142630473741,209.2142630473741,207.0301014224394,209.0283660888672,1326187,0.0,0.0
2024-02-12 00:00:00+01:00,208.88894299517625,211.4448699951172,208.4242289951869,211.4448699951172,1341717,0.0,0.0
2024-02-13 00:00:00+01:00,212.37429809570312,214.0007970964361,211.5842786225688,212.37429809570312,1697777,0.0,0.0
2024-02-14 00:00:00+01:00,212.0489999370428,212.3743054211886,210.56192359424605,211.16604614257807,1305816,0.0,0.0
2024-02-15 00:00:00+01:00,209.58601751651187,212.09547032222724,209.58601751651187,210.9336853027344,1232713,0.0,0.0
2024-02-16 00:00:00+01:00,209.81837839925137,212.9784280379123,209.81837839925137,212.0954742431641,1370536,0.0,0.0
2024-02-19 00:00:00+01:00,212.8390199727025,216.13849233268613,212.5601887258687,215.62730407714844,971144,0.0,0.0
2024-02-20 00:00:00+01:00,215.90611985631992,217.62555308837904,215.06962617574533,215.81317138671875,790133,0.0,0.0
2024-02-21 00:00:00+01:00,214.69788021484052,215.20906848031285,213.4431466706765,214.5584716796875,1134956,0.0,0.0
2024-02-22 00:00:00+01:00,216.1384964362326,216.5102619844384,211.2589991608115,212.6996154785156,1627852,0.0,0.0
2024-02-23 00:00:00+01:00,213.35019275710508,216.18495089411792,212.7925303038764,215.99905395507807,1079974,0.0,0.0
2024-02-26 00:00:00+01:00,216.5102533674424,216.69613613414725,212.9784240722656,212.9784240722656,1594528,0.0,0.0
2024-02-27 00:00:00+01:00,212.46725045645329,216.74261082744707,212.00253644774008,215.5808258056641,1362441,0.0,0.0
2024-02-28 00:00:00+01:00,216.1384922664741,217.81146556501844,214.51199320604564,214.6978759765625,1138645,0.0,0.0
2024-02-29 00:00:00+01:00,216.0455398143773,217.0214420690642,214.4655150211416,215.5808258056641,1577953,0.0,0.0
2024-03-01 00:00:00+01:00,215.72025241760832,218.7873535850109,215.30199845664768,216.7426147460937,1097874,0.0,0.0
2024-03-04 00:00:00+01:00,216.60320286019697,218.41558466249657,215.6273006029753,217.0679168701172,1088417,0.0,0.0
2024-03-05 00:00:00+01:00,217.0214385013905,220.46031927294632,216.5102502638204,218.13674926757807,1632562,0.0,0.0
2024-03-06 00:00:00+01:00,217.8579179339208,219.85619664681872,217.7649836429148,219.25205993652344,926204,0.0,0.0
2024-03-07 00:00:00+01:00,219.76324837036364,221.6685786120133,219.159125841474,221.1109161376953,1429593,0.0,0.0
2024-03-08 00:00:00+01:00,219.99561319558885,221.6685864960996,219.62384765411807,221.38975524902344,1411938,0.0,0.0
2024-03-11 00:00:00+01:00,222.96978053140973,225.01453355953967,222.5515407509092,224.9215850830078,1489129,0.0,0.0
2024-03-12 00:00:00+01:00,225.57217826208893,228.22105379943545,224.2709847031498,227.47750854492188,2094425,0.0,0.0
2024-03-13 00:00:00+01:00,227.4774966259715,227.4774966259715,223.6668362599697,223.9921417236328,1862536,0.0,0.0
2024-03-14 00:00:00+01:00,226.02492018353087,227.33170828543413,223.266151866316,224.9601287841797,1964137,9.6,0.0
2024-03-15 00:00:00+01:00,225.54092975079712,226.21851757281112,223.024158102966,223.411361694336,5852354,0.0,0.0
2024-03-18 00:00:00+01:00,223.4113676413699,223.60496205705485,220.79780610385532,222.24978637695312,927967,0.0,0.0
2024-03-19 00:00:00+01:00,221.66898967098908,224.1373591039196,219.73301596207213,221.71739196777344,1233761,0.0,0.0
2024-03-20 00:00:00+01:00,222.6369645639973,224.5729381689017,221.6689777615452,223.5565490722656,956554,0.0,0.0
2024-03-21 00:00:00+01:00,221.66898883216663,222.92737469226225,216.87745687479045,217.845443725586,2338691,0.0,0.0
2024-03-22 00:00:00+01:00,217.3614427484544,220.55580219916013,216.82904704495235,218.08743286132807,1186859,0.0,0.0
2024-03-25 00:00:00+01:00,218.37782570527463,219.2974102016004,217.70022313611292,218.2810211181641,757880,0.0,0.0
2024-03-26 00:00:00+01:00,218.2810305646578,220.41059864049555,218.2810305646578,219.92660522460932,960787,0.0,0.0
2024-03-27 00:00:00+01:00,220.26540498731936,221.33018163265712,218.861827045102,219.4910125732422,1151158,0.0,0.0
2024-03-28 00:00:00+01:00,218.86182913481665,222.6853741760912,218.86182913481665,222.34657287597656,1443902,0.0,0.0
2024-04-02 00:00:00+02:00,222.830569087242,224.0889549416236,219.829818725586,219.829818725586,1681585,0.0,0.0
2024-04-03 00:00:00+02:00,220.60418662625847,220.70099121473848,218.37782879428485,219.15220642089844,1307642,0.0,0.0
2024-04-04 00:00:00+02:00,219.15220603286733,220.12019283472685,216.9258482048357,217.70022583007807,1351378,0.0,0.0
2024-04-05 00:00:00+02:00,215.95787258898932,216.53865583800416,212.18271500401087,212.47311401367188,1621778,0.0,0.0
2024-04-08 00:00:00+02:00,211.1179294035544,212.957098436474,210.05313800324933,212.7635040283203,1494784,0.0,0.0
2024-04-09 00:00:00+02:00,213.92508574469323,216.6354517760629,213.92508574469323,214.6994781494141,1519720,0.0,0.0
2024-04-10 00:00:00+02:00,215.6674622799356,217.3130368880556,215.18346887929405,217.2162322998047,1052844,0.0,0.0
2024-04-11 00:00:00+02:00,215.95787112868013,221.5721830160617,215.95787112868013,218.86183166503903,1355646,0.0,0.0
2024-04-12 00:00:00+02:00,217.4098387803013,219.6361965793992,217.31303419325087,217.79702758789065,1292148,0.0,0.0
2024-04-15 00:00:00+02:00,219.5394192860764,219.9266081157525,216.63545875258413,217.8938446044922,761091,0.0,0.0
2024-04-16 00:00:00+02:00,216.92585986298056,217.70023752984,213.2475068641692,214.4090881347656,1195512,0.0,0.0
2024-04-17 00:00:00+02:00,212.9571047096761,215.08667280271143,211.6987188641484,213.0539093017578,1102421,0.0,0.0
2024-04-18 00:00:00+02:00,212.3763095243389,214.6994868324572,212.08592528484297,212.9571075439453,1082997,0.0,0.0
2024-04-19 00:00:00+02:00,212.2795173123685,214.9898834228516,211.5051248850438,214.9898834228516,1363531,0.0,0.0
2024-04-22 00:00:00+02:00,215.76425575807625,219.9266020282644,215.76425575807625,218.5714263916016,1837156,0.0,0.0
2024-04-23 00:00:00+02:00,218.3778357176855,223.12096529744773,218.3778357176855,222.34657287597656,2208142,0.0,0.0
2024-04-24 00:00:00+02:00,219.3458208212064,219.4426106416847,213.5378998614601,215.086669921875,2211530,0.0,0.0
2024-04-25 00:00:00+02:00,214.98987639461927,215.7642540263218,211.3115235628061,211.79551696777344,1598654,0.0,0.0
2024-04-26 00:00:00+02:00,213.1507021676996,214.3122834377349,212.1827153142856,213.9250946044922,1087703,0.0,0.0
2024-04-29 00:00:00+02:00,214.50588645373887,216.05465651246183,213.53789962817208,214.11868286132807,994900,0.0,0.0
2024-04-30 00:00:00+02:00,213.7314972459879,214.1186860739012,212.08592257189588,213.53790283203125,1454831,0.0,0.0
2024-05-02 00:00:00+02:00,213.1506977600157,215.66746943497137,206.76199352177792,207.24598693847656,2132636,0.0,0.0
2024-05-03 00:00:00+02:00,206.76198814065685,211.6019221816806,206.08438555866832,210.34353637695312,1731684,0.0,0.0
2024-05-06 00:00:00+02:00,210.8275391114556,212.6667082203164,209.66595784426417,211.505126953125,988152,0.0,0.0
2024-05-07 00:00:00+02:00,211.1179297723513,214.60267343612432,211.1179297723513,214.21548461914065,1167856,0.0,0.0
2024-05-08 00:00:00+02:00,215.1834716796875,216.0546539040573,214.1186802762964,215.1834716796875,1238923,0.0,0.0
2024-05-10 00:00:00+02:00,216.9258577599948,219.24902027866577,216.82905316742224,217.8938446044922,1320691,0.0,0.0
2024-05-13 00:00:00+02:00,217.4098456432816,221.08818374241287,216.53864864324515,220.5074005126953,1268808,0.0,0.0
2024-05-14 00:00:00+02:00,217.3130464816943,217.893844496227,214.6026803643868,217.40985107421875,1601641,0.0,0.0
2024-05-15 00:00:00+02:00,217.4098394498249,220.8945830397789,217.4098394498249,220.2169952392578,1385260,0.0,0.0
2024-05-16 00:00:00+02:00,227.4769043478645,230.76805365158324,226.02492410734624,227.28330993652344,2565942,0.0,0.0
2024-05-17 00:00:00+02:00,227.57370049011345,230.18726187195765,226.5089091118072,229.5096740722656,1769678,0.0,0.0
2024-05-21 00:00:00+02:00,230.8648547440058,231.15525374177028,226.89610290527344,226.89610290527344,1895628,0.0,0.0
2024-05-22 00:00:00+02:00,227.960893676834,227.960893676834,223.701757622417,224.47613525390625,1551322,0.0,0.0
2024-05-23 00:00:00+02:00,225.0569428606028,227.380105394912,224.6697540283203,224.6697540283203,1343271,0.0,0.0
2024-05-24 00:00:00+02:00,224.57293946406412,225.0569328680816,222.7337704369208,223.024154663086,1009115,0.0,0.0
2024-05-27 00:00:00+02:00,222.83056012911948,223.89535152547623,222.2497769068121,222.5401611328125,536073,0.0,0.0
2024-05-28 00:00:00+02:00,223.41136121501825,224.2825434456948,220.99139416279817,221.4753875732422,1047030,0.0,0.0
2024-05-29 00:00:00+02:00,220.99140051954032,223.70176665005087,220.02341367080848,222.24978637695312,1091180,0.0,0.0
2024-05-30 00:00:00+02:00,219.82981281259435,221.3785828629913,219.24901481225373,220.99139404296875,1140683,0.0,0.0
2024-05-31 00:00:00+02:00,220.89458396739943,224.47613215974224,219.926597171074,223.60494995117188,2382396,0.0,0.0
2024-06-03 00:00:00+02:00,225.250537276744,225.83133529547487,223.3145635747173,224.6697540283203,856265,0.0,0.0
2024-06-04 00:00:00+02:00,224.96013538487784,228.05770508467592,224.863345563201,226.7025146484375,965235,0.0,0.0
2024-06-05 00:00:00+02:00,228.05769361675132,230.18726160054652,227.7672946257097,228.54168701171875,1067450,0.0,0.0
2024-06-06 00:00:00+02:00,228.6384773654338,231.44564792502035,228.15448396932987,230.4776611328125,1001498,0.0,0.0
2024-06-07 00:00:00+02:00,231.6392435205007,236.1887785132103,231.15525012190807,234.83360290527344,1516994,0.0,0.0
2024-06-10 00:00:00+02:00,232.0264434814453,234.83361419036703,230.96166681555675,232.0264434814453,1202511,0.0,0.0
2024-06-11 00:00:00+02:00,232.02643206996183,233.86561584472656,231.3488442667565,233.86561584472656,1004984,0.0,0.0
2024-06-12 00:00:00+02:00,232.99442218625688,235.7047882080078,232.5104287813123,235.7047882080078,1065666,0.0,0.0
2024-06-13 00:00:00+02:00,235.7047949223121,238.1247620159704,234.93040249828007,237.93116760253903,1260611,0.0,0.0
2024-06-14 00:00:00+02:00,239.09274021838308,240.54472042213845,238.02794882750652,239.6735382080078,1146866,0.0,0.0
2024-06-17 00:00:00+02:00,239.09274254699832,239.18954713631408,235.70478870523925,237.6407623291016,1115800,0.0,0.0
2024-06-18 00:00:00+02:00,237.64076574871416,240.060732813365,236.6727789228538,239.96392822265625,925706,0.0,0.0
2024-06-19 00:00:00+02:00,240.3511355831733,242.09351485109863,239.8671421626556,241.80311584472656,1200253,0.0,0.0
2024-06-20 00:00:00+02:00,242.09350869132572,242.77109650874883,240.3511294677332,241.9967041015625,1550567,0.0,0.0
2024-06-21 00:00:00+02:00,242.1903053247792,245.9654628771612,242.0935155025994,244.7070770263672,4148653,0.0,0.0
2024-06-24 00:00:00+02:00,244.70707427378656,247.32063576815577,243.93268185352352,247.2238311767578,985826,0.0,0.0
2024-06-25 00:00:00+02:00,246.64304748118403,247.2238307175724,244.1262758125804,245.2878570556641,978313,0.0,0.0
2024-06-26 00:00:00+02:00,245.96545294967208,246.73983057708392,240.9319097496565,241.6095123291016,1200732,0.0,0.0
2024-06-27 00:00:00+02:00,241.9967070508648,243.44868729317,241.60951822770613,242.38389587402344,884271,0.0,0.0
2024-06-28 00:00:00+02:00,243.0614953848789,244.1262720202036,241.4159059815747,241.51271057128903,1070180,0.0,0.0
2024-07-01 00:00:00+02:00,241.02871446566112,242.8678834871962,240.93190987703025,242.093505859375,820163,0.0,0.0
2024-07-02 00:00:00+02:00,241.0287169182085,241.31911591674955,238.60874988087704,240.5447235107422,1032254,0.0,0.0
2024-07-03 00:00:00+02:00,240.15753407361424,241.02871629668445,237.8343568615828,238.124755859375,929796,0.0,0.0
2024-07-04 00:00:00+02:00,230.7680523425881,236.18878445123087,230.47766811237707,235.6079864501953,1296765,0.0,0.0
2024-07-05 00:00:00+02:00,236.0919831900904,238.70555946129764,235.414395359532,235.51119995117188,757877,0.0,0.0
2024-07-08 00:00:00+02:00,235.60799271539287,236.67278415550365,235.02720946922005,235.8983917236328,795759,0.0,0.0
2024-07-09 00:00:00+02:00,236.28558362669784,239.189544024714,235.8983800447785,236.7695770263672,991513,0.0,0.0
2024-07-10 00:00:00+02:00,236.7695809612649,241.9967038564414,236.7695809612649,241.0287170410156,790746,0.0,0.0
2024-07-11 00:00:00+02:00,243.3518773992468,244.8038576099113,242.09350636624944,244.02947998046875,966078,0.0,0.0
2024-07-12 00:00:00+02:00,244.31987385645343,247.5142334001468,244.31987385645343,246.6430511474609,757559,0.0,0.0
2024-07-15 00:00:00+02:00,247.22382345910543,252.9349396859345,246.44944583332324,250.418197631836,1406459,0.0,0.0
2024-07-16 00:00:00+02:00,248.86942140042052,251.09577930658764,247.80462997288308,250.61178588867188,881783,0.0,0.0
2024-07-17 00:00:00+02:00,268.8099566707592,269.1003409058508,261.4532507954261,265.2283935546875,2847622,0.0,0.0
2024-07-18 00:00:00+02:00,269.3907137227481,269.77793207394325,265.42199148851216,269.4875183105469,1736960,0.0,0.0
2024-07-19 00:00:00+02:00,271.4234947554127,272.0042927476941,266.293176494922,269.3907165527344,2028102,0.0,0.0
2024-07-22 00:00:00+02:00,270.0683262519697,271.52030650063625,269.2939486022598,271.13311767578125,1320185,0.0,0.0
2024-07-23 00:00:00+02:00,270.06831783930625,270.84269546489423,264.0667878488543,264.55078125,1273360,0.0,0.0
2024-07-24 00:00:00+02:00,264.2603913748286,265.61556696093606,262.32441781164306,264.744384765625,1177615,0.0,0.0
2024-07-25 00:00:00+02:00,272.9722735430743,276.26342270603857,267.3579620027596,268.6163330078125,1873550,0.0,0.0
2024-07-26 00:00:00+02:00,271.0363171984266,277.23142711198204,269.77794611339385,276.84423828125,1734682,0.0,0.0
2024-07-29 00:00:00+02:00,277.81221252766926,278.1994013408396,274.6178678932478,276.263427734375,1009739,0.0,0.0
2024-07-30 00:00:00+02:00,275.0050538896653,276.84422288884633,273.16588489048434,276.3602294921875,750064,0.0,0.0
2024-07-31 00:00:00+02:00,275.8762570882898,276.7474393604456,273.84347875951624,276.650634765625,1249212,0.0,0.0
2024-08-02 00:00:00+02:00,273.74666462849467,276.94103890260715,269.29394882800904,272.1011047363281,1614343,0.0,0.0
2024-08-05 00:00:00+02:00,268.1323531539352,268.32596233707886,255.06453088831017,261.3564453125,2477360,0.0,0.0
2024-08-06 00:00:00+02:00,259.6140646742933,261.4532336372756,255.54850840613275,257.9684753417969,1606646,0.0,0.0
2024-08-07 00:00:00+02:00,262.7116162580109,266.0995701179279,260.1948446253785,265.4219970703125,1202091,0.0,0.0
2024-08-08 00:00:00+02:00,266.09955808693854,267.16434944575053,262.711604380199,266.77716064453125,905033,0.0,0.0
2024-08-09 00:00:00+02:00,266.7771762491784,268.2291564941406,265.42200059533644,268.2291564941406,685502,0.0,0.0
2024-08-12 00:00:00+02:00,267.9387514198479,269.1003474697763,266.97076455844586,268.90673828125,516146,0.0,0.0
2024-08-13 00:00:00+02:00,271.0363033578402,271.52029675669354,268.4227271877874,270.4555053710937,847618,0.0,0.0
2024-08-14 00:00:00+02:00,270.74593189841937,272.0043029785156,268.3259647900696,272.0043029785156,942300,0.0,0.0
2024-08-15 00:00:00+02:00,272.97226898021023,274.03706033470934,270.9394908562778,272.681884765625,802999,0.0,0.0
2024-08-16 00:00:00+02:00,272.778671139193,273.9402671270015,271.03630669809337,272.294677734375,880831,0.0,0.0
2024-08-19 00:00:00+02:00,271.3266951906635,274.617874027662,270.9395063688441,274.1338806152344,822462,0.0,0.0
2024-08-20 00:00:00+02:00,274.6178799227116,275.1986483976009,272.778681283515,274.90826416015625,898858,0.0,0.0
2024-08-21 00:00:00+02:00,272.9722846091627,275.29544708069244,272.9722846091627,274.1338806152344,884153,0.0,0.0
2024-08-22 00:00:00+02:00,275.1986510305276,275.58586940497736,273.35948191434915,273.8434753417969,573377,0.0,0.0
2024-08-23 00:00:00+02:00,273.9402714340179,275.5858608525172,272.9722846091627,274.1338806152344,695197,0.0,0.0
2024-08-26 00:00:00+02:00,274.4242709511205,275.8762512207031,274.1338867134496,275.8762512207031,584470,0.0,0.0
2024-08-27 00:00:00+02:00,275.8762505713929,275.8762505713929,271.9074986024185,272.9722900390625,805404,0.0,0.0
2024-08-28 00:00:00+02:00,272.7786751925887,274.6178737907175,272.0042975496181,273.1658935546875,941204,0.0,0.0
2024-08-29 00:00:00+02:00,273.2626627362323,276.263427734375,272.00429170827545,276.263427734375,1435414,0.0,0.0
2024-08-30 00:00:00+02:00,275.87624601927325,278.58659732181366,275.00506378207194,278.0058288574219,1479346,0.0,0.0
2024-09-02 00:00:00+02:00,278.1025887862148,278.9738005166585,276.8442177943037,278.48980712890625,1382103,0.0,0.0
2024-09-03 00:00:00+02:00,275.8762321498994,276.6506097572332,271.1331028386025,272.5850830078125,1417618,0.0,0.0
2024-09-04 00:00:00+02:00,271.0363100139843,272.97228365694133,268.9067271904862,270.2619323730469,2499132,0.0,0.0
2024-09-05 00:00:00+02:00,266.486759421922,270.06832246803003,265.6155771930509,267.35797119140625,1704249,0.0,0.0
2024-09-06 00:00:00+02:00,265.90599047887207,269.39071938801027,264.7443944820837,265.4219970703125,1142423,0.0,0.0
2024-09-09 00:00:00+02:00,266.0995683648292,267.3579689431616,253.6125444143812,258.6460876464844,1995768,0.0,0.0
2024-09-10 00:00:00+02:00,257.3876959615754,261.7436367604232,256.22612947291776,260.2916564941406,1353152,0.0,0.0
2024-09-11 00:00:00+02:00,257.77488759949244,262.6148218731638,257.77488759949244,260.1948547363281,1117803,0.0,0.0
2024-09-12 00:00:00+02:00,250.7085885747757,256.12932072235304,247.1270402634832,254.58053588867188,2962190,0.0,0.0
2024-09-13 00:00:00+02:00,254.5805487671692,261.55006610099554,254.5805487671692,257.0973205566406,1201563,0.0,0.0
2024-09-16 00:00:00+02:00,255.7421292970164,257.09730493496903,255.16133129771865,255.64532470703125,1063272,0.0,0.0
2024-09-17 00:00:00+02:00,256.90369341372684,258.93647162243684,255.93570660392336,257.6781005859375,2015353,0.0,0.0
2024-09-18 00:00:00+02:00,259.1300746785915,260.67882990519666,257.484485324558,259.8076477050781,1217780,0.0,0.0
2024-09-19 00:00:00+02:00,262.3244161160193,262.3244161160193,258.6460781859878,258.9364624023437,907090,0.0,0.0
2024-09-20 00:00:00+02:00,258.6460881423825,261.55004858017594,258.6460881423825,260.5820617675781,2402502,0.0,0.0
2024-09-23 00:00:00+02:00,258.93648364141933,260.7756527572916,257.9684967866851,260.1948547363281,1008075,0.0,0.0
2024-09-24 00:00:00+02:00,260.1948464747454,261.4532470703125,259.03328001031446,261.4532470703125,789523,0.0,0.0
2024-09-25 00:00:00+02:00,263.0987948621477,263.97000659622154,261.6468146928409,262.80841064453125,731149,0.0,0.0
2024-09-26 00:00:00+02:00,264.64757647608536,265.71236782906004,260.8724339888222,261.9372253417969,1546099,0.0,0.0
2024-09-27 00:00:00+02:00,262.13081777526537,264.3572051748936,261.5500493185577,263.48602294921875,1213372,0.0,0.0
2024-09-30 00:00:00+02:00,261.7436161719426,264.8411856459396,261.7436161719426,261.9372253417969,1362722,0.0,0.0
2024-10-01 00:00:00+02:00,263.19561323019906,263.19561323019906,255.9357120035076,256.5165100097656,1455103,0.0,0.0
2024-10-02 00:00:00+02:00,255.9357244874645,258.06530743408234,255.83891989159733,257.0973205566406,1185408,0.0,0.0
2024-10-03 00:00:00+02:00,257.0973013170967,257.3876855423526,252.83816528320312,252.83816528320312,955981,0.0,0.0
2024-10-04 00:00:00+02:00,253.32216377064543,254.58053482616432,249.83740529456003,250.2245941162109,975596,0.0,0.0
2024-10-07 00:00:00+02:00,250.1277870632604,251.9669561034568,249.45021401719504,251.7733764648437,1368800,0.0,0.0
2024-10-08 00:00:00+02:00,250.70859147470463,255.3549164888783,250.0309888706896,254.9677276611328,1839056,0.0,0.0
2024-10-09 00:00:00+02:00,254.58054595795443,257.1941223144531,254.19335711937327,257.1941223144531,825378,0.0,0.0
2024-10-10 00:00:00+02:00,256.9036962375692,259.1300836489572,256.9036962375692,257.581298828125,1416874,0.0,0.0
2024-10-11 00:00:00+02:00,257.2908761509261,260.00125687871,256.12930973097224,259.8076477050781,1217036,0.0,0.0
2024-10-14 00:00:00+02:00,260.3884403129501,262.03402963303125,260.29163572813144,260.96923828125,827220,0.0,0.0
2024-10-15 00:00:00+02:00,262.5180320813577,263.67959851745513,261.1628269283249,262.61480712890625,1101933,0.0,0.0
2024-10-16 00:00:00+02:00,261.45323166473133,263.4860097834752,260.098056099106,260.96923828125,826455,0.0,0.0
2024-10-17 00:00:00+02:00,260.77562969402504,263.1955966168364,258.93646074081084,262.9052124023437,889804,0.0,0.0
2024-10-18 00:00:00+02:00,263.002025998824,264.8411950150551,262.42122800932657,264.55078125,1007579,0.0,0.0
2024-10-21 00:00:00+02:00,264.647598160008,266.38999220962387,263.8732204983659,264.1636047363281,762478,0.0,0.0
2024-10-22 00:00:00+02:00,262.90522495189776,264.06679140592644,260.09806909556187,263.48602294921875,1169461,0.0,0.0
2024-10-23 00:00:00+02:00,264.2604017927425,270.35870694094507,262.13081897303914,268.3259582519531,1311565,0.0,0.0
2024-10-24 00:00:00+02:00,269.29395705431466,272.0043084539803,268.4227452452799,270.8427124023437,1288716,0.0,0.0
2024-10-25 00:00:00+02:00,270.5523170784912,272.1979064941406,269.6811348457529,272.1979064941406,939961,0.0,0.0
2024-10-28 00:00:00+01:00,272.58510607894664,273.35948375182244,268.7131586333384,268.90673828125,818062,0.0,0.0
2024-10-29 00:00:00+01:00,271.03630542673915,271.61710341791905,266.4867556265451,267.4547424316406,763793,0.0,0.0
2024-10-30 00:00:00+01:00,265.61556696093606,266.4867491562472,262.7116066161577,264.744384765625,1127633,0.0,0.0
2024-10-31 00:00:00+01:00,263.77641482126825,263.9700240061901,258.64609636759565,259.3236694335937,1133960,0.0,0.0
2024-11-01 00:00:00+01:00,260.2916517639974,265.7123839010672,260.2916517639974,264.3572082519531,962174,0.0,0.0
2024-11-04 00:00:00+01:00,264.26039676663834,265.5187677921391,263.0020257411376,263.5827941894531,702570,0.0,0.0
2024-11-05 00:00:00+01:00,265.2283825091388,265.4219916848796,258.8396637376574,259.7108459472656,820841,0.0,0.0
2024-11-06 00:00:00+01:00,262.32442494235505,264.0667893803395,255.7421264648437,255.7421264648437,1566276,0.0,0.0
2024-11-07 00:00:00+01:00,254.67734677754552,258.93648302003254,254.5805421841815,257.2908935546875,998525,0.0,0.0
2024-11-08 00:00:00+01:00,257.968486918561,258.54928491730703,254.0965396477383,254.6773376464844,1002688,0.0,0.0
2024-11-11 00:00:00+01:00,255.0645147348752,257.87167046899623,255.0645147348752,257.00048828125,926371,0.0,0.0
2024-11-12 00:00:00+01:00,255.54852260044643,255.9357114235365,253.7093535353084,254.09654235839844,1806135,0.0,0.0
2024-11-13 00:00:00+01:00,255.35491069451035,257.09730469074856,252.4509502413933,254.6773376464844,786206,0.0,0.0
2024-11-14 00:00:00+01:00,252.83816823726144,253.80615505357463,251.48296306193228,253.2253570556641,1400274,0.0,0.0
2024-11-15 00:00:00+01:00,248.3854306390167,250.3214043313853,244.7070776694549,247.6110382080078,1385278,0.0,0.0
2024-11-18 00:00:00+01:00,247.5142268629247,247.61103145302505,243.83587399371063,245.38465881347656,1353750,0.0,0.0
2024-11-19 00:00:00+01:00,247.12703730698632,247.12703730698632,240.83512299717825,242.480697631836,1240207,0.0,0.0
2024-11-20 00:00:00+01:00,243.9326866962156,245.86866040015377,241.125530733628,241.22232055664065,1508583,0.0,0.0
2024-11-21 00:00:00+01:00,240.4479167272057,243.44868173423944,240.3511269087796,243.06149291992188,1024565,0.0,0.0
2024-11-22 00:00:00+01:00,243.54549608996524,247.32063887702995,243.54549608996524,246.1590576171875,792613,0.0,0.0
2024-11-25 00:00:00+01:00,244.12627299370507,246.9334436332425,243.93267858381105,245.38465881347656,2073791,0.0,0.0
2024-11-26 00:00:00+01:00,244.02948553120515,246.15905360122463,241.3191194555864,243.3518829345703,857333,0.0,0.0
2024-11-27 00:00:00+01:00,244.1262727532213,245.4814631617582,243.1582859343978,244.4166717529297,763191,0.0,0.0
2024-11-28 00:00:00+01:00,243.7390871021684,246.546243005124,243.7390871021684,245.7718505859375,522965,0.0,0.0
2024-11-29 00:00:00+01:00,244.900665880416,247.3206329345703,244.707071470145,247.3206329345703,920953,0.0,0.0
2024-12-02 00:00:00+01:00,246.64303959826185,247.99822998046875,245.86864720418737,247.99822998046875,887584,0.0,0.0
2024-12-03 00:00:00+01:00,247.90143069530305,248.2886195154696,246.25584128382843,246.35264587402344,740795,0.0,0.0
2024-12-04 00:00:00+01:00,245.5782470703125,246.83663285855465,244.70706486246365,245.5782470703125,602674,0.0,0.0
2024-12-05 00:00:00+01:00,246.83664539763225,248.0950164794922,246.0622529678136,248.0950164794922,976658,0.0,0.0
2024-12-06 00:00:00+01:00,248.09501093300605,249.06299775606203,246.93344446970696,248.77261352539065,767179,0.0,0.0
2024-12-09 00:00:00+01:00,248.4822236405009,250.12778347788324,247.12703325687585,248.9662170410156,750443,0.0,0.0
2024-12-10 00:00:00+01:00,247.90143678331413,248.67581444266452,245.0942660720942,245.6750640869141,970437,0.0,0.0
2024-12-11 00:00:00+01:00,245.4814668069233,248.19181812362984,245.19106780290275,247.70782470703125,969049,0.0,0.0
2024-12-12 00:00:00+01:00,245.57825370151787,247.90143093569003,244.12627346902528,247.3206329345703,845729,0.0,0.0
2024-12-13 00:00:00+01:00,245.9654505177232,246.64303832016225,243.93267234009983,245.09425354003903,836740,0.0,0.0
2024-12-16 00:00:00+01:00,245.7718539603432,248.0950164794922,244.3198736932983,248.0950164794922,1003067,0.0,0.0
2024-12-17 00:00:00+01:00,246.44945688763292,249.8374108484668,244.9974766187042,249.5469970703125,907410,0.0,0.0
2024-12-18 00:00:00+01:00,249.25660645728016,249.6437952776348,246.83663940429688,246.83663940429688,1076580,0.0,0.0
2024-12-19 00:00:00+01:00,242.96469931371325,243.4486927386409,237.5439670464,238.80235290527344,1519621,0.0,0.0
2024-12-20 00:00:00+01:00,235.7047919815,239.86713828472128,235.31760315946823,239.4799346923828,2658963,0.0,0.0
2024-12-23 00:00:00+01:00,240.4479195288015,243.35187998093824,238.80234489331863,242.96469116210932,665055,0.0,0.0
2024-12-27 00:00:00+01:00,243.15828336844427,245.48146057128903,242.57750014546292,245.48146057128903,663758,0.0,0.0
2024-12-30 00:00:00+01:00,245.287854700958,247.3206329345703,244.8038612901272,247.3206329345703,674427,0.0,0.0
2025-01-03 00:00:00+01:00,250.030981608204,250.030981608204,245.96545472404412,248.3854217529297,1125887,0.0,0.0
2025-01-06 00:00:00+01:00,248.7726136439055,249.45021623661287,247.12703899798768,249.2566070556641,771142,0.0,0.0
2025-01-07 00:00:00+01:00,249.7406048505637,256.3229035497593,248.77261801005764,255.9357147216797,1450583,0.0,0.0
2025-01-08 00:00:00+01:00,256.4197086879126,260.00127182165664,255.93571526662905,258.3556823730469,1250838,0.0,0.0
2025-01-09 00:00:00+01:00,259.80766651227145,264.0668027749747,259.51728227141547,263.09881591796875,1305941,0.0,0.0
2025-01-10 00:00:00+01:00,261.0660546733392,262.61480993803576,258.6460876464844,258.6460876464844,860489,0.0,0.0
2025-01-13 00:00:00+01:00,256.710122028598,257.4844996850895,255.4517214110317,256.4197082519531,650207,0.0,0.0
2025-01-14 00:00:00+01:00,258.45248619207007,260.00127104366595,254.67734342547723,254.9677276611328,1285404,0.0,0.0
2025-01-15 00:00:00+01:00,253.6125525378081,257.4844999047976,253.225363709232,257.3876953125,1044788,0.0,0.0
2025-01-16 00:00:00+01:00,257.1940955078036,260.0012512207031,254.9677082219364,260.0012512207031,831690,0.0,0.0
2025-01-17 00:00:00+01:00,260.0012560479755,260.19483568037646,254.9677129557543,256.9036865234375,1326291,0.0,0.0
2025-01-20 00:00:00+01:00,257.48450012285923,260.0980764140362,256.90370210919616,258.3556823730469,816180,0.0,0.0
2025-01-21 00:00:00+01:00,257.9684858018725,261.550048828125,256.71011476054764,261.550048828125,1146777,0.0,0.0
2025-01-22 00:00:00+01:00,267.2611775379645,267.4547571852943,263.9700281272122,265.0347900390625,1192119,0.0,0.0
2025-01-23 00:00:00+01:00,265.4219904341435,266.09956346481795,263.97001024476765,265.6155700683594,1366796,0.0,0.0
2025-01-24 00:00:00+01:00,266.1963834504358,267.26117489236043,264.93801236309764,266.0995788574219,876623,0.0,0.0
2025-01-27 00:00:00+01:00,266.7771701486435,271.3266904211206,266.3899813336304,270.35870361328125,1072454,0.0,0.0
2025-01-28 00:00:00+01:00,270.745922221074,274.42426027804424,270.55231304308063,271.3266906738281,970779,0.0,0.0
2025-01-29 00:00:00+01:00,271.3267060311257,273.74667318995,270.84271259936094,271.8106994628906,851165,0.0,0.0
2025-01-30 00:00:00+01:00,268.13235094271704,277.9090237985706,267.1643641162091,276.0698547363281,1786393,0.0,0.0
2025-01-31 00:00:00+01:00,279.7481988226617,280.3289968390669,274.81145999413894,276.84423828125,1799245,0.0,0.0
2025-02-03 00:00:00+01:00,275.10185284754874,277.61859482618297,274.7146345056555,276.5538330078125,971942,0.0,0.0
2025-02-04 00:00:00+01:00,275.8762514341128,277.3282317048186,274.61788034908005,276.84423828125,970204,0.0,0.0
2025-02-05 00:00:00+01:00,277.6186076577209,281.9745483398437,277.03783919926184,281.9745483398437,1075666,0.0,0.0
2025-02-06 00:00:00+01:00,282.4585292759853,282.7489430330039,277.13460201071024,278.48980712890625,1065308,0.0,0.0
2025-02-07 00:00:00+01:00,276.4570500832148,281.5873685685376,276.3602454901567,279.7481994628906,1380024,0.0,0.0
2025-02-10 00:00:00+01:00,279.4577975633181,281.2969665527344,277.03783059287235,281.2969665527344,1248673,0.0,0.0
2025-02-11 00:00:00+01:00,280.2321869793508,281.1033692172778,278.97381591796875,278.97381591796875,1042536,0.0,0.0
2025-02-12 00:00:00+01:00,280.2321726401397,282.3617553710937,279.457795032854,282.3617553710937,996906,0.0,0.0
2025-02-13 00:00:00+01:00,284.6849156414676,288.55686273066647,282.65213751151583,288.2664489746094,1429493,0.0,0.0
2025-02-14 00:00:00+01:00,288.46006684230423,288.46006684230423,283.91051705908313,285.0721130371094,1636790,0.0,0.0
2025-02-17 00:00:00+01:00,286.42729434275816,286.5240989329528,284.68492988170857,284.8785095214844,764258,0.0,0.0
2025-02-18 00:00:00+01:00,284.6849423939943,285.74973385170733,282.7489686674667,285.4593200683594,826712,0.0,0.0
2025-02-19 00:00:00+01:00,288.8472499227851,288.8472499227851,283.4265180339218,285.2657165527344,1136271,0.0,0.0
2025-02-20 00:00:00+01:00,283.620138708754,285.84649658203125,280.23218483339343,285.84649658203125,1088006,0.0,0.0
2025-02-21 00:00:00+01:00,284.10413003883934,288.8472595214844,283.4265274524844,288.8472595214844,1864475,0.0,0.0
2025-02-24 00:00:00+01:00,288.3632755801358,289.52487161184274,287.10490449629845,288.556884765625,928126,0.0,0.0
2025-02-25 00:00:00+01:00,288.6536829495111,290.2024382365817,288.16968953714814,289.71844482421875,1286310,0.0,0.0
2025-02-26 00:00:00+01:00,287.39529477143503,290.2992553710937,286.7177216892169,290.2992553710937,1291908,0.0,0.0
2025-02-27 00:00:00+01:00,289.9120537686397,290.7832360020588,288.1696893018015,288.7504577636719,1224791,0.0,0.0
2025-02-28 00:00:00+01:00,287.3952861334603,289.6216735839844,287.00809730659944,289.6216735839844,2504849,0.0,0.0
2025-03-03 00:00:00+01:00,291.2672219047868,293.68718890223533,289.0408640833792,292.9128112792969,1193081,0.0,0.0
2025-03-04 00:00:00+01:00,292.8160194405592,295.1391819511384,292.3320260199964,294.46160888671875,1436521,0.0,0.0
2025-03-05 00:00:00+01:00,291.94483697340564,294.461608666574,290.9768501330035,293.4936218261719,1414103,0.0,0.0
2025-03-06 00:00:00+01:00,290.78322569659395,293.3968018448387,288.3632587225201,293.0096130371094,1251606,0.0,0.0
2025-03-07 00:00:00+01:00,292.3320322440579,297.4623507950091,290.68644276286204,297.1719665527344,1222215,0.0,0.0
2025-03-10 00:00:00+01:00,296.9783450652949,298.81754365891646,296.0103582436471,297.55914306640625,1364942,0.0,0.0
2025-03-11 00:00:00+01:00,296.4943460136288,297.1719485921361,286.4272891681415,287.0080871582031,1413155,0.0,0.0
2025-03-12 00:00:00+01:00,292.3320229212543,303.75425570921675,291.65442032340326,297.4623413085937,2700162,0.0,0.0
2025-03-13 00:00:00+01:00,296.6879694493979,298.1399497240279,292.13841943931146,293.3968200683594,1319716,0.0,0.0
2025-03-14 00:00:00+01:00,294.5583652892236,297.0751368249313,291.17041155978177,296.0103454589844,963408,0.0,0.0
2025-03-17 00:00:00+01:00,295.8167888492777,301.72151457396166,295.8167888492777,301.1407165527344,1079245,0.0,0.0
2025-03-18 00:00:00+01:00,300.0759218489467,302.3990843680415,297.75275932985187,299.3015441894531,1539554,0.0,0.0
2025-03-19 00:00:00+01:00,297.84956897227886,298.0431486201272,295.2359926311019,296.2039794921875,1056280,0.0,0.0
2025-03-20 00:00:00+01:00,296.2039766566952,297.94634117372414,294.945605565576,296.30078125,1042947,0.0,0.0
2025-03-21 00:00:00+01:00,295.7199810479136,299.4951238340194,295.5263718627332,299.3015441894531,2263981,0.0,0.0
2025-03-24 00:00:00+01:00,298.04314247451583,298.62394048731414,293.2032082688868,294.46160888671875,1164817,0.0,0.0
2025-03-25 00:00:00+01:00,294.94558742646177,298.81753459561463,294.84878283911047,295.91357421875,1159695,0.0,0.0
2025-03-26 00:00:00+01:00,295.2359920287683,295.6231808642897,290.97685575680407,293.3000183105469,1270046,0.0,0.0
2025-03-27 00:00:00+01:00,293.6000061035156,295.0,291.5,294.3999938964844,1756518,9.7,0.0
2025-03-28 00:00:00+01:00,292.70001220703125,296.8999938964844,292.3999938964844,296.70001220703125,1000300,0.0,0.0
2025-03-31 00:00:00+02:00,294.1000061035156,295.1000061035156,289.70001220703125,290.5,1408463,0.0,0.0
2025-04-01 00:00:00+02:00,294.1000061035156,295.29998779296875,290.20001220703125,292.3999938964844,1066663,0.0,0.0
2025-04-02 00:00:00+02:00,289.1000061035156,289.70001220703125,284.0,286.79998779296875,1180833,0.0,0.0
2025-04-03 00:00:00+02:00,281.79998779296875,282.79998779296875,277.29998779296875,278.5,2081623,0.0,0.0
2025-04-04 00:00:00+02:00,274.8999938964844,276.79998779296875,260.5,261.79998779296875,2318280,0.0,0.0
2025-04-07 00:00:00+02:00,249.1000061035156,257.1000061035156,241.3999938964844,246.1000061035156,3724396,0.0,0.0
2025-04-08 00:00:00+02:00,250.5,253.8000030517578,246.3999938964844,250.0,2036497,0.0,0.0
2025-04-09 00:00:00+02:00,237.5,242.3000030517578,231.8999938964844,235.3999938964844,3037967,0.0,0.0
2025-04-10 00:00:00+02:00,255.0,256.5,241.6000061035156,243.0,1900415,0.0,0.0
2025-04-11 00:00:00+02:00,245.1999969482422,246.1000061035156,239.8000030517578,243.8000030517578,1333341,0.0,0.0
2025-04-14 00:00:00+02:00,248.5,252.3000030517578,247.6000061035156,251.6999969482422,1597563,0.0,0.0
2025-04-15 00:00:00+02:00,250.1000061035156,255.5,249.3999938964844,255.3999938964844,2116040,0.0,0.0
2025-04-16 00:00:00+02:00,253.8999938964844,254.5,250.8999938964844,254.3999938964844,2483604,0.0,0.0
2025-04-17 00:00:00+02:00,253.1999969482422,261.20001220703125,250.8999938964844,255.6000061035156,2269952,0.0,0.0
2025-04-22 00:00:00+02:00,254.1000061035156,255.6000061035156,248.6000061035156,254.8000030517578,1196701,0.0,0.0
2025-04-23 00:00:00+02:00,259.5,261.1000061035156,256.1000061035156,258.1000061035156,1165808,0.0,0.0
2025-04-24 00:00:00+02:00,257.70001220703125,263.3999938964844,255.1000061035156,262.29998779296875,1344526,0.0,0.0
2025-04-25 00:00:00+02:00,261.29998779296875,263.8999938964844,258.79998779296875,261.8999938964844,883841,0.0,0.0
2025-04-28 00:00:00+02:00,260.0,266.1000061035156,259.79998779296875,265.1000061035156,1048231,0.0,0.0
2025-04-29 00:00:00+02:00,267.1000061035156,270.70001220703125,266.20001220703125,268.8999938964844,1367476,0.0,0.0
2025-04-30 00:00:00+02:00,269.3999938964844,271.70001220703125,268.1000061035156,269.29998779296875,1618150,0.0,0.0
2025-05-02 00:00:00+02:00,266.70001220703125,273.8999938964844,266.70001220703125,272.3999938964844,1136802,0.0,0.0
2025-05-05 00:00:00+02:00,273.3999938964844,274.6000061035156,271.8999938964844,272.0,732881,0.0,0.0
2025-05-06 00:00:00+02:00,272.1000061035156,273.6000061035156,270.5,271.3999938964844,1136939,0.0,0.0
2025-05-07 00:00:00+02:00,266.0,268.0,264.8999938964844,266.20001220703125,993648,0.0,0.0
2025-05-08 00:00:00+02:00,264.0,265.0,259.8999938964844,259.8999938964844,1247825,0.0,0.0
2025-05-09 00:00:00+02:00,262.1000061035156,262.5,255.1000061035156,257.6000061035156,1182585,0.0,0.0
2025-05-12 00:00:00+02:00,247.6999969482422,262.1000061035156,246.0,261.8999938964844,2082326,0.0,0.0
2025-05-13 00:00:00+02:00,264.70001220703125,265.1000061035156,257.1000061035156,259.0,1052072,0.0,0.0
2025-05-14 00:00:00+02:00,258.1000061035156,259.70001220703125,254.3000030517578,254.5,1233370,0.0,0.0
2025-05-15 00:00:00+02:00,252.1999969482422,257.0,251.8000030517578,257.0,831299,0.0,0.0
2025-05-16 00:00:00+02:00,256.6000061035156,261.1000061035156,256.5,259.70001220703125,1706043,0.0,0.0
2025-05-19 00:00:00+02:00,260.5,261.0,258.6000061035156,260.0,1065804,0.0,0.0
2025-05-20 00:00:00+02:00,261.29998779296875,266.20001220703125,260.3999938964844,263.3999938964844,944876,0.0,0.0
2025-05-21 00:00:00+02:00,261.8999938964844,263.79998779296875,260.8999938964844,262.6000061035156,912166,0.0,0.0
2025-05-22 00:00:00+02:00,262.3999938964844,262.70001220703125,257.3999938964844,259.20001220703125,766942,0.0,0.0
2025-05-23 00:00:00+02:00,260.20001220703125,261.5,254.6000061035156,259.8999938964844,886267,0.0,0.0
2025-05-26 00:00:00+02:00,261.0,262.8999938964844,261.0,262.5,438379,0.0,0.0
2025-05-27 00:00:00+02:00,262.79998779296875,264.0,260.8999938964844,260.8999938964844,692024,0.0,0.0
2025-05-28 00:00:00+02:00,260.5,261.20001220703125,258.79998779296875,260.20001220703125,765044,0.0,0.0
2025-05-30 00:00:00+02:00,260.3999938964844,265.70001220703125,259.1000061035156,265.5,2457197,0.0,0.0
2025-06-02 00:00:00+02:00,265.29998779296875,267.0,263.3999938964844,264.70001220703125,683815,0.0,0.0
2025-06-03 00:00:00+02:00,265.6000061035156,266.29998779296875,262.70001220703125,263.79998779296875,738483,0.0,0.0
2025-06-04 00:00:00+02:00,265.0,268.70001220703125,263.79998779296875,267.20001220703125,872165,0.0,0.0
2025-06-05 00:00:00+02:00,266.79998779296875,269.79998779296875,266.20001220703125,267.70001220703125,697718,0.0,0.0
2025-06-06 00:00:00+02:00,268.20001220703125,269.6000061035156,267.0,268.20001220703125,624718,0.0,0.0
2025-06-10 00:00:00+02:00,270.0,271.0,267.5,269.79998779296875,820400,0.0,0.0
2025-06-11 00:00:00+02:00,270.3999938964844,272.0,269.6000061035156,269.8999938964844,532625,0.0,0.0
2025-06-12 00:00:00+02:00,268.20001220703125,273.29998779296875,267.70001220703125,272.6000061035156,938060,0.0,0.0
2025-06-13 00:00:00+02:00,269.1000061035156,272.1000061035156,268.70001220703125,269.70001220703125,889928,0.0,0.0
2025-06-16 00:00:00+02:00,267.0,268.6000061035156,262.70001220703125,262.8999938964844,897606,0.0,0.0
2025-06-17 00:00:00+02:00,259.0,264.79998779296875,259.0,261.6000061035156,936921,0.0,0.0
2025-06-18 00:00:00+02:00,260.70001220703125,261.0,257.6000061035156,259.1000061035156,889853,0.0,0.0
2025-06-19 00:00:00+02:00,257.5,260.6000061035156,256.0,260.0,725931,0.0,0.0
2025-06-20 00:00:00+02:00,259.29998779296875,261.5,258.1000061035156,259.29998779296875,5049502,0.0,0.0
2025-06-23 00:00:00+02:00,259.29998779296875,260.79998779296875,256.29998779296875,260.5,858430,0.0,0.0
2025-06-24 00:00:00+02:00,262.6000061035156,264.3999938964844,261.29998779296875,262.1000061035156,696072,0.0,0.0
2025-06-25 00:00:00+02:00,261.3999938964844,262.6000061035156,259.1000061035156,259.3999938964844,1007037,0.0,0.0
2025-06-26 00:00:00+02:00,260.5,263.29998779296875,260.0,262.1000061035156,1038176,0.0,0.0
2025-06-27 00:00:00+02:00,262.8999938964844,264.1000061035156,260.79998779296875,261.6000061035156,700543,0.0,0.0
2025-06-30 00:00:00+02:00,261.3999938964844,262.5,258.3999938964844,258.3999938964844,1020708,0.0,0.0
2025-07-01 00:00:00+02:00,259.3999938964844,260.70001220703125,257.0,260.70001220703125,545027,0.0,0.0
2025-07-02 00:00:00+02:00,260.29998779296875,261.0,258.3999938964844,260.1000061035156,759123,0.0,0.0
2025-07-03 00:00:00+02:00,261.0,262.0,256.70001220703125,257.6000061035156,895715,0.0,0.0
2025-07-04 00:00:00+02:00,256.1000061035156,263.8999938964844,255.8000030517578,260.0,941317,0.0,0.0
2025-07-07 00:00:00+02:00,259.6000061035156,259.6000061035156,256.5,257.1000061035156,660999,0.0,0.0
2025-07-08 00:00:00+02:00,256.20001220703125,257.70001220703125,253.6999969482422,257.70001220703125,915646,0.0,0.0
2025-07-09 00:00:00+02:00,256.3999938964844,260.0,255.0,260.0,826037,0.0,0.0
2025-07-10 00:00:00+02:00,260.6000061035156,263.1000061035156,260.29998779296875,263.0,1008787,0.0,0.0
2025-07-11 00:00:00+02:00,261.5,261.8999938964844,256.79998779296875,256.79998779296875,638851,0.0,0.0
2025-07-14 00:00:00+02:00,256.0,258.6000061035156,255.8999938964844,257.70001220703125,534352,0.0,0.0
2025-07-15 00:00:00+02:00,254.5,258.70001220703125,254.0,255.0,701679,0.0,0.0
2025-07-16 00:00:00+02:00,254.1000061035156,258.6000061035156,254.0,256.20001220703125,653265,0.0,0.0
2025-07-17 00:00:00+02:00,257.3999938964844,257.8999938964844,255.6999969482422,257.0,540660,0.0,0.0
2025-07-18 00:00:00+02:00,256.5,259.29998779296875,255.6000061035156,258.5,673155,0.0,0.0
2025-07-21 00:00:00+02:00,255.8000030517578,257.6000061035156,254.3000030517578,255.6000061035156,651412,0.0,0.0
2025-07-22 00:00:00+02:00,253.0,255.1999969482422,251.1000061035156,254.1000061035156,869436,0.0,0.0
2025-07-23 00:00:00+02:00,255.1999969482422,261.6000061035156,254.6999969482422,261.29998779296875,929387,0.0,0.0
2025-07-24 00:00:00+02:00,266.0,268.79998779296875,261.1000061035156,265.1000061035156,1246372,0.0,0.0
2025-07-25 00:00:00+02:00,263.70001220703125,264.8999938964844,259.20001220703125,259.20001220703125,694015,0.0,0.0
2025-07-28 00:00:00+02:00,262.3999938964844,264.79998779296875,259.8999938964844,260.6000061035156,819882,0.0,0.0
2025-07-29 00:00:00+02:00,260.3999938964844,262.5,259.1000061035156,259.5,914779,0.0,0.0
2025-07-30 00:00:00+02:00,259.29998779296875,261.3999938964844,258.5,259.6000061035156,563865,0.0,0.0
2025-07-31 00:00:00+02:00,262.0,263.20001220703125,256.3999938964844,257.1000061035156,904263,0.0,0.0
2025-08-04 00:00:00+02:00,250.5,255.0,248.8999938964844,255.0,1328188,0.0,0.0
2025-08-05 00:00:00+02:00,255.8000030517578,256.6000061035156,254.0,255.3999938964844,837546,0.0,0.0
2025-08-06 00:00:00+02:00,254.0,255.1000061035156,247.6999969482422,248.6000061035156,1202727,0.0,0.0
2025-08-07 00:00:00+02:00,248.1000061035156,252.0,244.3999938964844,249.1000061035156,1388360,0.0,0.0
2025-08-08 00:00:00+02:00,247.1999969482422,248.5,244.3999938964844,246.3999938964844,891985,0.0,0.0
2025-08-11 00:00:00+02:00,246.6000061035156,248.6999969482422,244.1999969482422,246.3000030517578,672248,0.0,0.0
2025-08-12 00:00:00+02:00,245.6000061035156,246.5,243.8999938964844,246.3999938964844,1033558,0.0,0.0
2025-08-13 00:00:00+02:00,247.1999969482422,249.6999969482422,245.1000061035156,249.6999969482422,935712,0.0,0.0
2025-08-14 00:00:00+02:00,248.8000030517578,250.5,248.3999938964844,250.1000061035156,1616919,0.0,0.0
2025-08-15 00:00:00+02:00,252.0,256.0,251.8999938964844,256.0,1249930,0.0,0.0
2025-08-18 00:00:00+02:00,255.8000030517578,256.6000061035156,254.6000061035156,256.0,602441,0.0,0.0
2025-08-19 00:00:00+02:00,255.8999938964844,260.5,255.3000030517578,260.20001220703125,917475,0.0,0.0
2025-08-20 00:00:00+02:00,259.6000061035156,263.3999938964844,259.29998779296875,262.3999938964844,627226,0.0,0.0
2025-08-21 00:00:00+02:00,261.3999938964844,262.5,260.20001220703125,262.5,547293,0.0,0.0
2025-08-22 00:00:00+02:00,260.6000061035156,264.0,260.6000061035156,261.5,547619,0.0,0.0
2025-08-25 00:00:00+02:00,260.70001220703125,262.1000061035156,259.70001220703125,259.8999938964844,407104,0.0,0.0
2025-08-26 00:00:00+02:00,257.29998779296875,262.29998779296875,257.29998779296875,259.20001220703125,1146775,0.0,0.0
2025-08-27 00:00:00+02:00,258.79998779296875,262.6000061035156,258.3999938964844,262.6000061035156,1440963,0.0,0.0
2025-08-28 00:00:00+02:00,261.20001220703125,262.0,259.20001220703125,261.0,740179,0.0,0.0
2025-08-29 00:00:00+02:00,260.70001220703125,261.79998779296875,259.5,260.29998779296875,770607,0.0,0.0
2025-09-01 00:00:00+02:00,260.8999938964844,262.6000061035156,259.3999938964844,260.20001220703125,906123,0.0,0.0
2025-09-02 00:00:00+02:00,259.3999938964844,263.8999938964844,259.0,262.0,741454,0.0,0.0
2025-09-03 00:00:00+02:00,265.0,269.6000061035156,263.70001220703125,269.5,1946851,0.0,0.0
2025-09-04 00:00:00+02:00,269.5,276.6000061035156,269.0,275.70001220703125,1070415,0.0,0.0
2025-09-05 00:00:00+02:00,277.5,277.5,273.3999938964844,274.20001220703125,1227885,0.0,0.0
2025-09-08 00:00:00+02:00,274.1000061035156,274.1000061035156,268.0,270.1000061035156,907038,0.0,0.0
2025-09-09 00:00:00+02:00,269.8999938964844,270.79998779296875,268.29998779296875,269.70001220703125,596484,0.0,0.0
2025-09-10 00:00:00+02:00,269.3999938964844,270.3999938964844,265.20001220703125,266.1000061035156,1414269,0.0,0.0
2025-09-11 00:00:00+02:00,267.5,268.3999938964844,265.6000061035156,268.3999938964844,818209,0.0,0.0
2025-09-12 00:00:00+02:00,268.29998779296875,268.70001220703125,264.20001220703125,264.5,536243,0.0,0.0
2025-09-15 00:00:00+02:00,264.20001220703125,264.3999938964844,260.1000061035156,260.3999938964844,752382,0.0,0.0
2025-09-16 00:00:00+02:00,259.70001220703125,261.1000061035156,258.1000061035156,258.3999938964844,662422,0.0,0.0
2025-09-17 00:00:00+02:00,258.1000061035156,260.3999938964844,257.5,260.3999938964844,741016,0.0,0.0
2025-09-18 00:00:00+02:00,262.0,262.20001220703125,260.0,261.5,630292,0.0,0.0
2025-09-19 00:00:00+02:00,261.79998779296875,266.20001220703125,261.29998779296875,265.1000061035156,3350632,0.0,0.0
2025-09-22 00:00:00+02:00,267.6000061035156,272.70001220703125,266.6000061035156,271.1000061035156,1241571,0.0,0.0
2025-09-23 00:00:00+02:00,270.1000061035156,270.6000061035156,265.20001220703125,265.20001220703125,716544,0.0,0.0
2025-09-24 00:00:00+02:00,265.20001220703125,265.5,259.5,259.8999938964844,888481,0.0,0.0
2025-09-25 00:00:00+02:00,259.5,259.8999938964844,255.0,255.0,1021380,0.0,0.0
2025-09-26 00:00:00+02:00,254.1000061035156,255.8999938964844,252.1999969482422,253.5,1228021,0.0,0.0
2025-09-29 00:00:00+02:00,253.0,256.1000061035156,252.6999969482422,256.1000061035156,895520,0.0,0.0
2025-09-30 00:00:00+02:00,254.8999938964844,261.8999938964844,254.0,259.8999938964844,1232583,0.0,0.0
2025-10-01 00:00:00+02:00,267.29998779296875,282.29998779296875,266.3999938964844,282.29998779296875,2566297,0.0,0.0
2025-10-02 00:00:00+02:00,286.0,287.0,282.6000061035156,284.29998779296875,1352388,0.0,0.0
2025-10-03 00:00:00+02:00,282.5,289.29998779296875,282.3999938964844,286.79998779296875,944044,0.0,0.0
2025-10-06 00:00:00+02:00,287.8999938964844,289.6000061035156,286.70001220703125,288.3999938964844,1068087,0.0,0.0
2025-10-07 00:00:00+02:00,287.70001220703125,290.20001220703125,285.8999938964844,288.5,922413,0.0,0.0
2025-10-08 00:00:00+02:00,290.0,294.29998779296875,289.0,291.29998779296875,1169583,0.0,0.0
2025-10-09 00:00:00+02:00,290.5,294.8999938964844,290.1000061035156,293.6000061035156,947747,0.0,0.0
2025-10-10 00:00:00+02:00,294.0,294.6000061035156,290.20001220703125,290.20001220703125,853630,0.0,0.0
2025-10-13 00:00:00+02:00,291.5,292.0,288.29998779296875,290.1000061035156,707999,0.0,0.0
2025-10-14 00:00:00+02:00,287.79998779296875,290.6000061035156,286.0,286.20001220703125,984921,0.0,0.0
2025-10-15 00:00:00+02:00,285.5,286.0,279.1000061035156,284.1000061035156,1442037,0.0,0.0
2025-10-16 00:00:00+02:00,282.1000061035156,285.6000061035156,281.79998779296875,285.29998779296875,750596,0.0,0.0
2025-10-17 00:00:00+02:00,282.70001220703125,284.20001220703125,279.6000061035156,283.70001220703125,1151645,0.0,0.0
2025-10-20 00:00:00+02:00,279.5,281.5,276.6000061035156,281.1000061035156,1278057,0.0,0.0
2025-10-21 00:00:00+02:00,281.0,281.70001220703125,278.79998779296875,280.79998779296875,960476,0.0,0.0
2025-10-22 00:00:00+02:00,279.5,281.29998779296875,279.1000061035156,280.5,797838,0.0,0.0
2025-10-23 00:00:00+02:00,273.3999938964844,275.79998779296875,269.1000061035156,271.6000061035156,1551009,0.0,0.0
2025-10-24 00:00:00+02:00,270.5,274.1000061035156,270.29998779296875,271.20001220703125,1098181,0.0,0.0
2025-10-27 00:00:00+01:00,268.79998779296875,269.6000061035156,263.6000061035156,267.3999938964844,970622,0.0,0.0
2025-10-28 00:00:00+01:00,267.3999938964844,268.29998779296875,260.1000061035156,261.1000061035156,1555560,0.0,0.0
2025-10-29 00:00:00+01:00,262.29998779296875,263.0,259.3999938964844,260.3999938964844,791829,0.0,0.0
2025-10-30 00:00:00+01:00,259.20001220703125,262.29998779296875,258.29998779296875,261.70001220703125,809537,0.0,0.0
2025-10-31 00:00:00+01:00,261.3999938964844,262.3999938964844,258.3999938964844,258.8999938964844,1283042,0.0,0.0
2025-11-03 00:00:00+01:00,259.0,262.6000061035156,258.20001220703125,259.5,556799,0.0,0.0
2025-11-04 00:00:00+01:00,260.1000061035156,264.5,258.79998779296875,264.0,923170,0.0,0.0
2025-11-05 00:00:00+01:00,261.29998779296875,265.29998779296875,260.6000061035156,265.1000061035156,860718,0.0,0.0
2025-11-06 00:00:00+01:00,265.8999938964844,266.20001220703125,262.5,265.20001220703125,903460,0.0,0.0
2025-11-07 00:00:00+01:00,264.3999938964844,268.79998779296875,264.20001220703125,268.3999938964844,1147278,0.0,0.0
2025-11-10 00:00:00+01:00,274.0,281.5,272.20001220703125,278.8999938964844,1542300,0.0,0.0
2025-11-11 00:00:00+01:00,282.0,289.70001220703125,280.0,288.70001220703125,1136223,0.0,0.0
2025-11-12 00:00:00+01:00,290.0,290.79998779296875,286.3999938964844,290.3999938964844,993594,0.0,0.0
2025-11-13 00:00:00+01:00,290.1000061035156,291.5,289.0,289.8999938964844,800651,0.0,0.0
2025-11-14 00:00:00+01:00,288.1000061035156,289.1000061035156,284.20001220703125,286.1000061035156,837076,0.0,0.0
2025-11-17 00:00:00+01:00,286.0,287.20001220703125,283.6000061035156,287.20001220703125,572410,0.0,0.0
2025-11-18 00:00:00+01:00,296.70001220703125,310.70001220703125,296.3999938964844,306.70001220703125,3397793,0.0,0.0
2025-11-19 00:00:00+01:00,310.0,311.79998779296875,308.6000061035156,310.20001220703125,1574697,0.0,0.0
2025-11-20 00:00:00+01:00,311.70001220703125,313.70001220703125,309.70001220703125,311.79998779296875,1439948,0.0,0.0
2025-11-21 00:00:00+01:00,313.70001220703125,315.8999938964844,311.8999938964844,315.6000061035156,1619273,0.0,0.0
2025-11-24 00:00:00+01:00,316.0,316.0,310.8999938964844,310.8999938964844,2000968,0.0,0.0
2025-11-25 00:00:00+01:00,311.29998779296875,314.1000061035156,307.8999938964844,313.6000061035156,974932,0.0,0.0
2025-11-26 00:00:00+01:00,315.0,315.70001220703125,311.20001220703125,312.8999938964844,885510,0.0,0.0
2025-11-27 00:00:00+01:00,311.29998779296875,312.20001220703125,309.1000061035156,309.29998779296875,639963,0.0,0.0
2025-11-28 00:00:00+01:00,308.8999938964844,310.3999938964844,306.29998779296875,307.3999938964844,1222460,0.0,0.0
2025-12-01 00:00:00+01:00,304.5,309.5,303.0,309.0,1147326,0.0,0.0
2025-12-02 00:00:00+01:00,307.6000061035156,315.0,307.29998779296875,313.29998779296875,1052632,0.0,0.0
2025-12-03 00:00:00+01:00,313.8999938964844,319.0,312.5,313.79998779296875,1192175,0.0,0.0
2025-12-04 00:00:00+01:00,312.3999938964844,314.70001220703125,310.1000061035156,310.1000061035156,992887,0.0,0.0
2025-12-05 00:00:00+01:00,311.29998779296875,314.0,308.6000061035156,310.8999938964844,937693,0.0,0.0
