Date,Open,High,Low,Close,Volume,Dividends,Stock Splits
1995-09-18 00:00:00-04:00,9.377567291259766,9.377567291259766,9.377567291259766,9.377567291259766,1200,0.0,0.0
1995-09-19 00:00:00-04:00,9.466034889221191,9.466034889221191,9.466034889221191,9.466034889221191,12000,0.0,0.0
1995-09-20 00:00:00-04:00,9.64297103881836,9.64297103881836,9.64297103881836,9.64297103881836,7600,0.0,0.0
1995-09-21 00:00:00-04:00,9.731436729431152,9.731436729431152,9.731436729431152,9.731436729431152,43200,0.0,0.0
1995-09-22 00:00:00-04:00,9.112162590026855,9.112162590026855,9.112162590026855,9.112162590026855,49600,0.0,0.0
1995-09-25 00:00:00-04:00,9.5545015335083,9.5545015335083,9.5545015335083,9.5545015335083,7200,0.0,0.0
1995-09-26 00:00:00-04:00,9.908371925354004,9.908371925354004,9.908371925354004,9.908371925354004,8800,0.0,0.0
1995-09-27 00:00:00-04:00,9.908371925354004,9.908371925354004,9.908371925354004,9.908371925354004,0,0.0,0.0
1995-09-28 00:00:00-04:00,9.687203407287598,9.687203407287598,9.687203407287598,9.687203407287598,2800,0.0,0.0
1995-09-29 00:00:00-04:00,9.731436729431152,9.731436729431152,9.731436729431152,9.731436729431152,13600,0.0,0.0
1995-10-02 00:00:00-04:00,9.731436729431152,9.731436729431152,9.731436729431152,9.731436729431152,75600,0.0,0.0
1995-10-03 00:00:00-04:00,9.687203407287598,9.687203407287598,9.687203407287598,9.687203407287598,3600,0.0,0.0
1995-10-04 00:00:00-04:00,9.908371925354004,9.908371925354004,9.908371925354004,9.908371925354004,80400,0.0,0.0
1995-10-05 00:00:00-04:00,9.5545015335083,9.5545015335083,9.5545015335083,9.5545015335083,400,0.0,0.0
1995-10-06 00:00:00-04:00,9.377567291259766,9.377567291259766,9.377567291259766,9.377567291259766,1200,0.0,0.0
1995-10-09 00:00:00-04:00,9.466034889221191,9.466034889221191,9.466034889221191,9.466034889221191,4800,0.0,0.0
1995-10-10 00:00:00-04:00,8.890995979309082,8.890995979309082,8.890995979309082,8.890995979309082,10800,0.0,0.0
1995-10-11 00:00:00-04:00,8.979462623596191,8.979462623596191,8.979462623596191,8.979462623596191,2800,0.0,0.0
1995-10-12 00:00:00-04:00,9.112162590026855,9.112162590026855,9.112162590026855,9.112162590026855,2800,0.0,0.0
1995-10-13 00:00:00-04:00,9.5545015335083,9.5545015335083,9.5545015335083,9.5545015335083,16800,0.0,0.0
1995-10-16 00:00:00-04:00,9.466034889221191,9.466034889221191,9.466034889221191,9.466034889221191,3600,0.0,0.0
1995-10-17 00:00:00-04:00,9.5545015335083,9.5545015335083,9.5545015335083,9.5545015335083,101200,0.0,0.0
1995-10-18 00:00:00-04:00,8.669822692871094,8.669822692871094,8.669822692871094,8.669822692871094,465600,0.0,0.0
1995-10-19 00:00:00-04:00,8.758294105529785,8.758294105529785,8.758294105529785,8.758294105529785,22800,0.0,0.0
1995-10-20 00:00:00-04:00,8.758294105529785,8.758294105529785,8.758294105529785,8.758294105529785,10800,0.0,0.0
1995-10-23 00:00:00-04:00,8.625591278076172,8.625591278076172,8.625591278076172,8.625591278076172,5200,0.0,0.0
1995-10-24 00:00:00-04:00,8.669822692871094,8.669822692871094,8.669822692871094,8.669822692871094,6400,0.0,0.0
1995-10-25 00:00:00-04:00,8.93522834777832,8.93522834777832,8.93522834777832,8.93522834777832,5200,0.0,0.0
1995-10-26 00:00:00-04:00,8.758294105529785,8.758294105529785,8.758294105529785,8.758294105529785,30000,0.0,0.0
1995-10-27 00:00:00-04:00,8.492890357971191,8.492890357971191,8.492890357971191,8.492890357971191,25600,0.0,0.0
1995-10-30 00:00:00-05:00,8.93522834777832,8.93522834777832,8.93522834777832,8.93522834777832,2800,0.0,0.0
1995-10-31 00:00:00-05:00,9.156399726867676,9.156399726867676,9.156399726867676,9.156399726867676,22800,0.0,0.0
1995-11-01 00:00:00-05:00,9.02369785308838,9.02369785308838,9.02369785308838,9.02369785308838,7200,0.0,0.0
1995-11-02 00:00:00-05:00,9.02369785308838,9.02369785308838,9.02369785308838,9.02369785308838,98400,0.0,0.0
1995-11-03 00:00:00-05:00,9.200632095336914,9.200632095336914,9.200632095336914,9.200632095336914,68400,0.0,0.0
1995-11-06 00:00:00-05:00,9.333334922790527,9.333334922790527,9.333334922790527,9.333334922790527,10000,0.0,0.0
1995-11-07 00:00:00-05:00,9.5545015335083,9.5545015335083,9.5545015335083,9.5545015335083,4800,0.0,0.0
1995-11-08 00:00:00-05:00,9.576618194580078,9.576618194580078,9.576618194580078,9.576618194580078,2400,0.0,0.0
1995-11-09 00:00:00-05:00,9.466034889221191,9.466034889221191,9.466034889221191,9.466034889221191,22000,0.0,0.0
1995-11-10 00:00:00-05:00,9.333334922790527,9.333334922790527,9.333334922790527,9.333334922790527,34800,0.0,0.0
1995-11-13 00:00:00-05:00,9.466034889221191,9.466034889221191,9.466034889221191,9.466034889221191,7200,0.0,0.0
1995-11-14 00:00:00-05:00,9.466034889221191,9.466034889221191,9.466034889221191,9.466034889221191,13600,0.0,0.0
1995-11-15 00:00:00-05:00,9.687203407287598,9.687203407287598,9.687203407287598,9.687203407287598,73200,0.0,0.0
1995-11-16 00:00:00-05:00,9.5545015335083,9.5545015335083,9.5545015335083,9.5545015335083,16800,0.0,0.0
1995-11-17 00:00:00-05:00,9.731436729431152,9.731436729431152,9.731436729431152,9.731436729431152,1200,0.0,0.0
1995-11-20 00:00:00-05:00,9.5545015335083,9.5545015335083,9.5545015335083,9.5545015335083,44400,0.0,0.0
1995-11-21 00:00:00-05:00,9.576618194580078,9.576618194580078,9.576618194580078,9.576618194580078,20800,0.0,0.0
1995-11-22 00:00:00-05:00,9.466034889221191,9.466034889221191,9.466034889221191,9.466034889221191,45600,0.0,0.0
1995-11-24 00:00:00-05:00,9.5545015335083,9.5545015335083,9.5545015335083,9.5545015335083,6400,0.0,0.0
1995-11-27 00:00:00-05:00,9.59873867034912,9.59873867034912,9.59873867034912,9.59873867034912,9600,0.0,0.0
1995-11-28 00:00:00-05:00,9.731436729431152,9.731436729431152,9.731436729431152,9.731436729431152,20800,0.0,0.0
1995-11-29 00:00:00-05:00,9.5545015335083,9.5545015335083,9.5545015335083,9.5545015335083,68400,0.0,0.0
1995-11-30 00:00:00-05:00,9.488151550292969,9.488151550292969,9.488151550292969,9.488151550292969,6400,0.0,0.0
1995-12-01 00:00:00-05:00,9.466034889221191,9.466034889221191,9.466034889221191,9.466034889221191,21600,0.0,0.0
1995-12-04 00:00:00-05:00,9.5545015335083,9.5545015335083,9.5545015335083,9.5545015335083,2400,0.0,0.0
1995-12-05 00:00:00-05:00,9.64297103881836,9.64297103881836,9.64297103881836,9.64297103881836,136800,0.0,0.0
1995-12-06 00:00:00-05:00,9.687203407287598,9.687203407287598,9.687203407287598,9.687203407287598,3600,0.0,0.0
1995-12-07 00:00:00-05:00,9.576618194580078,9.576618194580078,9.576618194580078,9.576618194580078,1600,0.0,0.0
1995-12-08 00:00:00-05:00,9.75355339050293,9.75355339050293,9.75355339050293,9.75355339050293,8800,0.0,0.0
1995-12-11 00:00:00-05:00,9.819904327392578,9.819904327392578,9.819904327392578,9.819904327392578,16000,0.0,0.0
1995-12-12 00:00:00-05:00,9.86413860321045,9.86413860321045,9.86413860321045,9.86413860321045,18000,0.0,0.0
1995-12-13 00:00:00-05:00,9.886256217956545,9.886256217956545,9.886256217956545,9.886256217956545,96000,0.0,0.0
1995-12-14 00:00:00-05:00,9.819904327392578,9.819904327392578,9.819904327392578,9.819904327392578,15600,0.0,0.0
1995-12-15 00:00:00-05:00,9.908371925354004,9.908371925354004,9.908371925354004,9.908371925354004,6400,0.0,0.0
1995-12-18 00:00:00-05:00,8.93522834777832,8.93522834777832,8.93522834777832,8.93522834777832,79200,0.0,0.0
1995-12-19 00:00:00-05:00,9.02369785308838,9.02369785308838,9.02369785308838,9.02369785308838,16800,0.0,0.0
1995-12-20 00:00:00-05:00,9.04581356048584,9.04581356048584,9.04581356048584,9.04581356048584,39600,0.0,0.0
1995-12-21 00:00:00-05:00,9.134281158447266,9.134281158447266,9.134281158447266,9.134281158447266,55200,0.0,0.0
1995-12-22 00:00:00-05:00,9.02369785308838,9.02369785308838,9.02369785308838,9.02369785308838,11200,0.0,0.0
1995-12-26 00:00:00-05:00,9.112162590026855,9.112162590026855,9.112162590026855,9.112162590026855,4800,0.0,0.0
1995-12-27 00:00:00-05:00,9.04581356048584,9.04581356048584,9.04581356048584,9.04581356048584,1200,0.0,0.0
1995-12-28 00:00:00-05:00,9.04581356048584,9.04581356048584,9.04581356048584,9.04581356048584,2400,0.0,0.0
1995-12-29 00:00:00-05:00,9.04581356048584,9.04581356048584,9.04581356048584,9.04581356048584,2800,0.0,0.0
1996-01-02 00:00:00-05:00,9.39968490600586,9.39968490600586,9.39968490600586,9.39968490600586,9600,0.0,0.0
1996-01-03 00:00:00-05:00,9.64297103881836,9.64297103881836,9.64297103881836,9.64297103881836,6400,0.0,0.0
1996-01-04 00:00:00-05:00,9.466034889221191,9.466034889221191,9.466034889221191,9.466034889221191,43600,0.0,0.0
1996-01-05 00:00:00-05:00,9.377567291259766,9.377567291259766,9.377567291259766,9.377567291259766,1600,0.0,0.0
1996-01-08 00:00:00-05:00,9.200632095336914,9.200632095336914,9.200632095336914,9.200632095336914,1200,0.0,0.0
1996-01-09 00:00:00-05:00,9.687203407287598,9.687203407287598,9.687203407287598,9.687203407287598,8400,0.0,0.0
1996-01-10 00:00:00-05:00,9.112162590026855,9.112162590026855,9.112162590026855,9.112162590026855,14400,0.0,0.0
1996-01-11 00:00:00-05:00,9.112162590026855,9.289097785949709,8.935227394104004,9.112162590026855,193200,0.0,0.0
1996-01-12 00:00:00-05:00,9.112162590026855,9.112162590026855,9.112162590026855,9.112162590026855,31200,0.0,0.0
1996-01-15 00:00:00-05:00,9.156399726867676,9.156399726867676,9.156399726867676,9.156399726867676,33600,0.0,0.0
1996-01-16 00:00:00-05:00,8.979462623596191,8.979462623596191,8.979462623596191,8.979462623596191,9600,0.0,0.0
1996-01-17 00:00:00-05:00,8.647709846496582,8.647709846496582,8.647709846496582,8.647709846496582,10800,0.0,0.0
1996-01-18 00:00:00-05:00,8.669822692871094,8.669822692871094,8.669822692871094,8.669822692871094,2400,0.0,0.0
1996-01-19 00:00:00-05:00,9.04581356048584,9.04581356048584,9.04581356048584,9.04581356048584,64000,0.0,0.0
1996-01-22 00:00:00-05:00,9.156399726867676,9.156399726867676,9.156399726867676,9.156399726867676,3600,0.0,0.0
1996-01-23 00:00:00-05:00,9.02369785308838,9.02369785308838,9.02369785308838,9.02369785308838,50400,0.0,0.0
1996-01-24 00:00:00-05:00,9.28909969329834,9.28909969329834,9.28909969329834,9.28909969329834,6000,0.0,0.0
1996-01-25 00:00:00-05:00,9.244864463806152,9.244864463806152,9.244864463806152,9.244864463806152,21600,0.0,0.0
1996-01-26 00:00:00-05:00,9.244864463806152,9.244864463806152,9.244864463806152,9.244864463806152,0,0.0,0.0
1996-01-29 00:00:00-05:00,9.02369785308838,9.02369785308838,9.02369785308838,9.02369785308838,8800,0.0,0.0
1996-01-30 00:00:00-05:00,9.112162590026855,9.112162590026855,9.112162590026855,9.112162590026855,97200,0.0,0.0
1996-01-31 00:00:00-05:00,8.758294105529785,8.758294105529785,8.758294105529785,8.758294105529785,25600,0.0,0.0
1996-02-01 00:00:00-05:00,8.625591278076172,8.625591278076172,8.625591278076172,8.625591278076172,33600,0.0,0.0
1996-02-02 00:00:00-05:00,8.80252742767334,8.80252742767334,8.80252742767334,8.80252742767334,6400,0.0,0.0
1996-02-05 00:00:00-05:00,8.758294105529785,8.758294105529785,8.758294105529785,8.758294105529785,32400,0.0,0.0
1996-02-06 00:00:00-05:00,8.691944122314453,8.691944122314453,8.691944122314453,8.691944122314453,62800,0.0,0.0
1996-02-07 00:00:00-05:00,8.691944122314453,8.691944122314453,8.691944122314453,8.691944122314453,0,0.0,0.0
1996-02-08 00:00:00-05:00,8.691944122314453,8.691944122314453,8.691944122314453,8.691944122314453,0,0.0,0.0
1996-02-09 00:00:00-05:00,9.289099657646965,9.466034889221191,9.289099657646965,9.466034889221191,10800,0.0,0.0
1996-02-12 00:00:00-05:00,9.200632095336914,9.200632095336914,9.200632095336914,9.200632095336914,13200,0.0,0.0
1996-02-13 00:00:00-05:00,9.3112154006958,9.3112154006958,9.3112154006958,9.3112154006958,13200,0.0,0.0
1996-02-14 00:00:00-05:00,9.35544776916504,9.35544776916504,9.35544776916504,9.35544776916504,6400,0.0,0.0
1996-02-15 00:00:00-05:00,9.112162590026855,9.112162590026855,9.112162590026855,9.112162590026855,9600,0.0,0.0
1996-02-16 00:00:00-05:00,9.200632095336914,9.200632095336914,9.200632095336914,9.200632095336914,13200,0.0,0.0
1996-02-20 00:00:00-05:00,8.846761703491211,8.846761703491211,8.846761703491211,8.846761703491211,12000,0.0,0.0
1996-02-21 00:00:00-05:00,9.200632095336914,9.200632095336914,9.200632095336914,9.200632095336914,400,0.0,0.0
1996-02-22 00:00:00-05:00,9.333334922790527,9.333334922790527,9.333334922790527,9.333334922790527,13600,0.0,0.0
1996-02-23 00:00:00-05:00,9.39968490600586,9.39968490600586,9.39968490600586,9.39968490600586,40800,0.0,0.0
1996-02-26 00:00:00-05:00,9.156399726867676,9.156399726867676,9.156399726867676,9.156399726867676,2400,0.0,0.0
1996-02-27 00:00:00-05:00,9.200632095336914,9.200632095336914,9.200632095336914,9.200632095336914,25200,0.0,0.0
1996-02-28 00:00:00-05:00,9.200632095336914,9.200632095336914,9.200632095336914,9.200632095336914,0,0.0,0.0
1996-02-29 00:00:00-05:00,9.156399726867676,9.156399726867676,9.156399726867676,9.156399726867676,3600,0.0,0.0
1996-03-01 00:00:00-05:00,9.3112154006958,9.3112154006958,9.3112154006958,9.3112154006958,4800,0.0,0.0
1996-03-04 00:00:00-05:00,8.979462623596191,8.979462623596191,8.979462623596191,8.979462623596191,8400,0.0,0.0
1996-03-05 00:00:00-05:00,8.824642181396484,8.824642181396484,8.824642181396484,8.824642181396484,3600,0.0,0.0
1996-03-06 00:00:00-05:00,8.581360816955566,8.581360816955566,8.581360816955566,8.581360816955566,1200,0.0,0.0
1996-03-07 00:00:00-05:00,8.492890357971191,8.492890357971191,8.492890357971191,8.492890357971191,7200,0.0,0.0
1996-03-08 00:00:00-05:00,8.050553321838379,8.050553321838379,8.050553321838379,8.050553321838379,70800,0.0,0.0
1996-03-11 00:00:00-05:00,8.094785690307617,8.094785690307617,8.094785690307617,8.094785690307617,43200,0.0,0.0
1996-03-12 00:00:00-05:00,8.315957069396973,8.315957069396973,8.315957069396973,8.315957069396973,47200,0.0,0.0
1996-03-13 00:00:00-05:00,8.625591278076172,8.625591278076172,8.625591278076172,8.625591278076172,135600,0.0,0.0
1996-03-14 00:00:00-05:00,8.691944122314453,8.691944122314453,8.691944122314453,8.691944122314453,52800,0.0,0.0
1996-03-15 00:00:00-05:00,8.625591278076172,8.625591278076172,8.625591278076172,8.625591278076172,54000,0.0,0.0
1996-03-18 00:00:00-05:00,8.515007019042969,8.515007019042969,8.515007019042969,8.515007019042969,24400,0.0,0.0
1996-03-19 00:00:00-05:00,8.581360816955566,8.581360816955566,8.581360816955566,8.581360816955566,51600,0.0,0.0
1996-03-20 00:00:00-05:00,8.44865608215332,8.44865608215332,8.44865608215332,8.44865608215332,13200,0.0,0.0
1996-03-21 00:00:00-05:00,8.338072776794434,8.338072776794434,8.338072776794434,8.338072776794434,7200,0.0,0.0
1996-03-22 00:00:00-05:00,8.094785690307617,8.094785690307617,8.094785690307617,8.094785690307617,34000,0.0,0.0
1996-03-25 00:00:00-05:00,8.669822692871094,8.669822692871094,8.669822692871094,8.669822692871094,56400,0.0,0.0
1996-03-26 00:00:00-05:00,8.581360816955566,8.581360816955566,8.581360816955566,8.581360816955566,5200,0.0,0.0
1996-03-27 00:00:00-05:00,8.492890357971191,8.492890357971191,8.492890357971191,8.492890357971191,10800,0.0,0.0
1996-03-28 00:00:00-05:00,8.581360816955566,8.581360816955566,8.581360816955566,8.581360816955566,1600,0.0,0.0
1996-03-29 00:00:00-05:00,8.537126541137695,8.537126541137695,8.537126541137695,8.537126541137695,103600,0.0,0.0
1996-04-01 00:00:00-05:00,8.315957069396973,8.315957069396973,8.315957069396973,8.315957069396973,3600,0.0,0.0
1996-04-02 00:00:00-05:00,8.094785690307617,8.094785690307617,8.094785690307617,8.094785690307617,116400,0.0,0.0
1996-04-03 00:00:00-05:00,7.6082139015197745,7.6082139015197745,7.6082139015197745,7.608213901519775,3600,0.0,0.0
1996-04-04 00:00:00-05:00,7.873619556427002,7.873619556427002,7.873619556427002,7.873619556427002,40800,0.0,0.0
1996-04-08 00:00:00-04:00,7.873619556427002,7.873619556427002,7.8515026475606335,7.873619556427002,146800,0.0,0.0
1996-04-09 00:00:00-04:00,7.519749641418457,7.519749641418457,7.519749641418457,7.519749641418457,202800,0.0,0.0
1996-04-10 00:00:00-04:00,7.364928722381592,7.364928722381592,7.364928722381592,7.364928722381592,217200,0.0,0.0
1996-04-11 00:00:00-04:00,7.033175468444824,7.033175468444824,7.033175468444824,7.033175468444824,56800,0.0,0.0
1996-04-12 00:00:00-04:00,7.6966814994812,7.6966814994812,7.6966814994812,7.696681499481201,109200,0.0,0.0
1996-04-15 00:00:00-04:00,7.740914344787598,7.740914344787598,7.740914344787598,7.740914344787598,64000,0.0,0.0
1996-04-16 00:00:00-04:00,7.5639801025390625,7.5639801025390625,7.5639801025390625,7.5639801025390625,328800,0.0,0.0
1996-04-17 00:00:00-04:00,7.718800067901611,7.718800067901611,7.718800067901611,7.718800067901611,127600,0.0,0.0
1996-04-18 00:00:00-04:00,8.050553321838379,8.050553321838379,8.050553321838379,8.050553321838379,53200,0.0,0.0
1996-04-19 00:00:00-04:00,8.094785690307617,8.094785690307617,8.094785690307617,8.094785690307617,9600,0.0,0.0
1996-04-22 00:00:00-04:00,7.873619556427002,7.873619556427002,7.873619556427002,7.873619556427002,272800,0.0,0.0
1996-04-23 00:00:00-04:00,7.962086200714111,7.962086200714111,7.962086200714111,7.962086200714111,6000,0.0,0.0
1996-04-24 00:00:00-04:00,7.917850494384766,7.917850494384766,7.917850494384766,7.917850494384766,46000,0.0,0.0
1996-04-25 00:00:00-04:00,7.80726957321167,7.80726957321167,7.80726957321167,7.80726957321167,32400,0.0,0.0
1996-04-26 00:00:00-04:00,7.785150051116943,7.785150051116943,7.785150051116943,7.785150051116943,26400,0.0,0.0
1996-04-29 00:00:00-04:00,7.785150051116943,7.785150051116943,7.785150051116943,7.785150051116943,4000,0.0,0.0
1996-04-30 00:00:00-04:00,7.785150051116943,7.785150051116943,7.785150051116943,7.785150051116943,1021200,0.0,0.0
1996-05-01 00:00:00-04:00,7.962086200714111,7.962086200714111,7.962086200714111,7.962086200714111,25200,0.0,0.0
1996-05-02 00:00:00-04:00,7.873619556427002,7.873619556427002,7.873619556427002,7.873619556427002,252000,0.0,0.0
1996-05-03 00:00:00-04:00,7.917850494384766,7.917850494384766,7.917850494384766,7.917850494384766,1200,0.0,0.0
1996-05-06 00:00:00-04:00,7.873619556427002,7.873619556427002,7.873619556427002,7.873619556427002,12000,0.0,0.0
1996-05-07 00:00:00-04:00,7.917850494384766,7.917850494384766,7.917850494384766,7.917850494384766,4800,0.0,0.0
1996-05-08 00:00:00-04:00,8.139019966125488,8.139019966125488,8.139019966125488,8.139019966125488,2400,0.0,0.0
1996-05-09 00:00:00-04:00,7.80726957321167,7.80726957321167,7.80726957321167,7.80726957321167,8400,0.0,0.0
1996-05-10 00:00:00-04:00,7.6966814994812,7.6966814994812,7.6966814994812,7.696681499481201,1200,0.0,0.0
1996-05-13 00:00:00-04:00,7.962086200714111,7.962086200714111,7.962086200714111,7.962086200714111,16800,0.0,0.0
1996-05-14 00:00:00-04:00,7.984204769134521,7.984204769134521,7.984204769134521,7.9842047691345215,16800,0.0,0.0
1996-05-15 00:00:00-04:00,7.917850494384766,7.917850494384766,7.917850494384766,7.917850494384766,22000,0.0,0.0
1996-05-16 00:00:00-04:00,7.984204769134521,7.984204769134521,7.984204769134521,7.9842047691345215,54400,0.0,0.0
1996-05-17 00:00:00-04:00,7.962085702917078,8.050553321838379,7.939968798186753,8.050553321838379,400000,0.0,0.0
1996-05-20 00:00:00-04:00,8.006317138671875,8.050550935018128,7.895732647806242,8.006317138671875,2080000,0.0,0.0
1996-05-21 00:00:00-04:00,7.917850494384766,7.9620842960293725,7.7409152878063345,7.917850494384766,5200,0.0,0.0
1996-05-22 00:00:00-04:00,7.6966814994812,7.873616706365826,7.6966814994812,7.696681499481201,38400,0.0,0.0
1996-05-23 00:00:00-04:00,7.785150051116943,7.962085279551419,7.785150051116943,7.785150051116943,6400,0.0,0.0
1996-05-24 00:00:00-04:00,7.917850494384766,7.917850494384766,7.785149089450942,7.917850494384766,2000,0.0,0.0
1996-05-28 00:00:00-04:00,7.962086200714111,7.962086200714111,7.962086200714111,7.962086200714111,2000,0.0,0.0
1996-05-29 00:00:00-04:00,7.962086200714111,7.962086200714111,7.962086200714111,7.962086200714111,1600,0.0,0.0
1996-05-30 00:00:00-04:00,7.917850494384766,7.917850494384766,7.917850494384766,7.917850494384766,400,0.0,0.0
1996-05-31 00:00:00-04:00,8.050553321838379,8.205371654950655,8.050553321838379,8.050553321838379,9600,0.0,0.0
1996-06-03 00:00:00-04:00,8.581360816955566,8.581360816955566,8.315957905090961,8.581360816955566,3600,0.0,0.0
1996-06-04 00:00:00-04:00,8.537126541137695,8.537126541137695,8.315957459761071,8.537126541137695,32800,0.0,0.0
1996-06-05 00:00:00-04:00,8.846761703491211,8.846761703491211,8.559241948127747,8.846761703491211,13200,0.0,0.0
1996-06-06 00:00:00-04:00,8.714059829711914,8.714059829711914,8.647709120348624,8.714059829711914,16000,0.0,0.0
1996-06-07 00:00:00-04:00,8.515007019042969,8.669825328480114,8.360188709605824,8.515007019042969,1002000,0.0,0.0
1996-06-10 00:00:00-04:00,8.714059829711914,8.714059829711914,8.66982602346972,8.714059829711914,22400,0.0,0.0
1996-06-11 00:00:00-04:00,8.669822692871094,8.758290271369779,8.669822692871094,8.669822692871094,59200,0.0,0.0
1996-06-12 00:00:00-04:00,8.714059829711914,8.758293635954105,8.66982602346972,8.714059829711914,12400,0.0,0.0
1996-06-13 00:00:00-04:00,8.669822692871094,8.669822692871094,8.404419957375039,8.669822692871094,1200,0.0,0.0
1996-06-14 00:00:00-04:00,8.581360816955566,8.581360816955566,8.492893179667364,8.581360816955566,7200,0.0,0.0
1996-06-17 00:00:00-04:00,8.714059829711914,8.714059829711914,8.714059829711914,8.714059829711914,400,0.0,0.0
1996-06-18 00:00:00-04:00,8.603474617004395,8.647708419662516,8.581357715675335,8.603474617004395,21200,0.0,0.0
1996-06-19 00:00:00-04:00,8.581360816955566,8.75829609153197,8.581360816955566,8.581360816955566,2800,0.0,0.0
1996-06-20 00:00:00-04:00,8.625591278076172,8.625591278076172,8.625591278076172,8.625591278076172,2400,0.0,0.0
1996-06-21 00:00:00-04:00,8.625591278076172,8.802526483780298,8.625591278076172,8.625591278076172,4000,0.0,0.0
1996-06-24 00:00:00-04:00,8.80252742767334,8.80252742767334,8.669826009165702,8.80252742767334,4400,0.0,0.0
1996-06-25 00:00:00-04:00,8.80252742767334,8.80252742767334,8.80252742767334,8.80252742767334,0,0.0,0.0
1996-06-26 00:00:00-04:00,8.80252742767334,8.80252742767334,8.625592202996488,8.80252742767334,6400,0.0,0.0
1996-06-27 00:00:00-04:00,8.581360816955566,8.714062272887869,8.581360816955566,8.581360816955566,6800,0.0,0.0
1996-06-28 00:00:00-04:00,8.846761703491211,8.846761703491211,8.846761703491211,8.846761703491211,800,0.0,0.0
1996-07-01 00:00:00-04:00,8.846761703491211,8.846761703491211,8.846761703491211,8.846761703491211,0,0.0,0.0
1996-07-02 00:00:00-04:00,8.758294105529785,8.935229339984932,8.758294105529785,8.758294105529785,12400,0.0,0.0
1996-07-03 00:00:00-04:00,9.02369785308838,9.02369785308838,8.846762601067038,9.02369785308838,11600,0.0,0.0
1996-07-05 00:00:00-04:00,9.02369785308838,9.02369785308838,9.02369785308838,9.02369785308838,0,0.0,0.0
1996-07-08 00:00:00-04:00,8.714059829711914,8.890995054680683,8.714059829711914,8.714059829711914,2000,0.0,0.0
1996-07-09 00:00:00-04:00,8.846761703491211,8.846761703491211,8.714060277938843,8.846761703491211,2400,0.0,0.0
1996-07-10 00:00:00-04:00,8.846761703491211,9.023696937561036,8.846761703491211,8.846761703491211,4400,0.0,0.0
1996-07-11 00:00:00-04:00,8.714059829711914,8.890995054680683,8.714059829711914,8.714059829711914,10800,0.0,0.0
1996-07-12 00:00:00-04:00,8.44865608215332,8.758292692494017,8.426539181414698,8.44865608215332,43600,0.0,0.0
1996-07-15 00:00:00-04:00,8.006317138671875,8.404421305788157,8.006317138671875,8.006317138671875,14000,0.0,0.0
1996-07-16 00:00:00-04:00,7.873619556427002,8.006321009625209,7.873619556427002,7.873619556427002,50400,0.0,0.0
1996-07-17 00:00:00-04:00,8.227487564086914,8.227487564086914,8.050552347654937,8.227487564086914,308400,0.0,0.0
1996-07-18 00:00:00-04:00,8.271722793579102,8.271722793579102,8.050553734927254,8.271722793579102,4400,0.0,0.0
1996-07-19 00:00:00-04:00,8.338072776794434,8.581358719883927,8.338072776794434,8.338072776794434,6800,0.0,0.0
1996-07-22 00:00:00-04:00,8.492890357971191,8.846760789553326,8.492890357971191,8.492890357971191,4800,0.0,0.0
1996-07-23 00:00:00-04:00,8.581360816955566,8.603477726277617,8.492893179667364,8.581360816955566,48400,0.0,0.0
1996-07-24 00:00:00-04:00,8.581360816955566,8.581360816955566,8.581360816955566,8.581360816955566,0,0.0,0.0
1996-07-25 00:00:00-04:00,8.492890357971191,8.492890357971191,8.227487534284592,8.492890357971191,7200,0.0,0.0
1996-07-26 00:00:00-04:00,8.404423713684082,8.581358949761642,8.404423713684082,8.404423713684082,4000,0.0,0.0
1996-07-29 00:00:00-04:00,8.44865608215332,8.44865608215332,8.44865608215332,8.44865608215332,3600,0.0,0.0
1996-07-30 00:00:00-04:00,8.426541328430176,8.426541328430176,8.426541328430176,8.426541328430176,160000,0.0,0.0
1996-07-31 00:00:00-04:00,8.492890357971191,8.492890357971191,8.492890357971191,8.492890357971191,2800,0.0,0.0
1996-08-01 00:00:00-04:00,8.669822692871094,8.758290271369779,8.669822692871094,8.669822692871094,18400,0.0,0.0
1996-08-02 00:00:00-04:00,9.112162590026855,9.244863986968994,8.846759796142578,9.112162590026855,13200,0.0,0.0
1996-08-05 00:00:00-04:00,8.979462623596191,9.200631653734028,8.935228817568623,8.979462623596191,20400,0.0,0.0
1996-08-06 00:00:00-04:00,8.846761703491211,9.112164554595948,8.846761703491211,8.846761703491211,112400,0.0,0.0
1996-08-07 00:00:00-04:00,9.28909969329834,9.28909969329834,9.156398269108363,9.28909969329834,57600,0.0,0.0
1996-08-08 00:00:00-04:00,9.067930221557615,9.244865445392888,9.0236964155988,9.067930221557615,70800,0.0,0.0
1996-08-09 00:00:00-04:00,9.200632095336914,9.289099711638231,9.023696862734282,9.200632095336914,998000,0.0,0.0
1996-08-12 00:00:00-04:00,9.244864463806152,9.289098265068382,9.06792925875723,9.244864463806152,26000,0.0,0.0
1996-08-13 00:00:00-04:00,9.35544776916504,9.35544776916504,9.200629484568928,9.35544776916504,5600,0.0,0.0
1996-08-14 00:00:00-04:00,9.333334922790527,9.333334922790527,9.200633478390662,9.333334922790527,26800,0.0,0.0
1996-08-15 00:00:00-04:00,9.112162590026855,9.289097785949709,9.112162590026855,9.112162590026855,2800,0.0,0.0
1996-08-16 00:00:00-04:00,9.244864463806152,9.244864463806152,9.244864463806152,9.244864463806152,800,0.0,0.0
1996-08-19 00:00:00-04:00,9.28909969329834,9.46603492555164,9.28909969329834,9.28909969329834,8800,0.0,0.0
1996-08-20 00:00:00-04:00,9.421799659729004,9.421799659729004,9.421799659729004,9.421799659729004,2000,0.0,0.0
1996-08-21 00:00:00-04:00,9.510269165039062,9.510269165039062,9.244866304619368,9.510269165039062,4400,0.0,0.0
1996-08-22 00:00:00-04:00,9.28909969329834,9.377567309424991,9.200632077171688,9.28909969329834,72000,0.0,0.0
1996-08-23 00:00:00-04:00,9.421799659729004,9.466033460948388,9.20063065363208,9.421799659729004,55600,0.0,0.0
1996-08-26 00:00:00-04:00,9.466034889221191,9.466034889221191,9.289099657646965,9.466034889221191,101600,0.0,0.0
1996-08-27 00:00:00-04:00,9.5545015335083,9.642969140300044,9.377566319924814,9.5545015335083,20000,0.0,0.0
1996-08-28 00:00:00-04:00,9.466034889221191,9.687203928688977,9.466034889221191,9.466034889221191,20000,0.0,0.0
1996-08-29 00:00:00-04:00,9.775670051574709,9.84202075328223,9.775670051574709,9.775670051574709,241200,0.0,0.0
1996-08-30 00:00:00-04:00,9.819904327392578,9.819904327392578,9.55450150773332,9.819904327392578,2800,0.0,0.0
1996-09-03 00:00:00-04:00,9.466034889221191,9.554502505008308,9.20063204185985,9.466034889221191,15200,0.0,0.0
1996-09-04 00:00:00-04:00,9.59873867034912,9.59873867034912,9.421803395319644,9.59873867034912,5600,0.0,0.0
1996-09-05 00:00:00-04:00,9.5545015335083,9.731436747091788,9.5545015335083,9.5545015335083,4800,0.0,0.0
1996-09-06 00:00:00-04:00,9.64297103881836,9.775672475132373,9.377568166190333,9.64297103881836,18800,0.0,0.0
1996-09-09 00:00:00-04:00,9.731436729431152,9.77567053274675,9.687202926115557,9.731436729431152,40000,0.0,0.0
1996-09-10 00:00:00-04:00,9.731436729431152,9.86413813937794,9.554501516168768,9.731436729431152,12400,0.0,0.0
1996-09-11 00:00:00-04:00,9.819904327392578,9.819904327392578,9.642969114286403,9.819904327392578,4800,0.0,0.0
1996-09-12 00:00:00-04:00,9.775670051574709,9.775670051574709,9.59873484702132,9.775670051574709,29200,0.0,0.0
1996-09-13 00:00:00-04:00,10.12954330444336,10.12954330444336,9.642971355321626,10.12954330444336,40800,0.0,0.0
1996-09-16 00:00:00-04:00,10.085309982299805,10.151660705867569,9.90837471945244,10.085309982299805,68000,0.0,0.0
1996-09-17 00:00:00-04:00,10.173770904541016,10.173770904541016,9.996835758375084,10.173770904541016,84800,0.0,0.0
1996-09-18 00:00:00-04:00,10.173770904541016,10.173770904541016,9.996835758375084,10.173770904541016,12400,0.0,0.0
1996-09-19 00:00:00-04:00,10.10742473602295,10.21800925173436,10.041074026596103,10.10742473602295,200000,0.0,0.0
1996-09-20 00:00:00-04:00,10.240127563476562,10.306478282030406,10.08530922018426,10.240127563476562,53600,0.0,0.0
1996-09-23 00:00:00-04:00,10.085309982299805,10.195894521579408,9.996842350876122,10.085309982299805,300000,0.0,0.0
1996-09-24 00:00:00-04:00,10.151659965515137,10.17377687175809,9.99684162181447,10.151659965515137,47200,0.0,0.0
1996-09-25 00:00:00-04:00,10.173770904541016,10.173770904541016,10.173770904541016,10.173770904541016,4800,0.0,0.0
1996-09-26 00:00:00-04:00,9.930489540100098,10.126777056065327,9.8862557336854,9.930489540100098,82400,0.0,0.0
1996-09-27 00:00:00-04:00,10.041072845458984,10.041072845458984,9.996839044377667,10.041072845458984,13200,0.0,0.0
1996-09-30 00:00:00-04:00,10.041072845458984,10.041072845458984,9.996839044377667,10.041072845458984,27200,0.0,0.0
1996-10-01 00:00:00-04:00,10.041072845458984,10.041072845458984,9.908371442215032,10.041072845458984,76800,0.0,0.0
1996-10-02 00:00:00-04:00,10.350708961486816,10.350708961486816,10.151656866073608,10.350708961486816,15600,0.0,0.0
1996-10-03 00:00:00-04:00,10.218009948730469,10.328594471985127,10.218009948730469,10.218009948730469,202000,0.0,0.0
1996-10-04 00:00:00-04:00,10.350708961486816,10.439176559448242,10.26224136352539,10.350708961486816,314400,0.0,0.0
1996-10-07 00:00:00-04:00,10.793046951293944,10.837280750274658,10.616111755371094,10.793046951293944,65600,0.0,0.0
1996-10-08 00:00:00-04:00,10.74881649017334,10.837284115606865,10.616115052023051,10.74881649017334,23600,0.0,0.0
1996-10-09 00:00:00-04:00,10.50553035736084,10.57188107540733,10.350712015252364,10.50553035736084,272800,0.0,0.0
1996-10-10 00:00:00-04:00,10.306474685668944,10.439176076471549,10.19589019333344,10.306474685668944,104400,0.0,0.0
1996-10-11 00:00:00-04:00,10.43917751312256,10.483411316144265,10.262242301035736,10.43917751312256,15200,0.0,0.0
1996-10-14 00:00:00-04:00,10.48341464996338,10.527648467051833,10.306479381609568,10.48341464996338,7200,0.0,0.0
1996-10-15 00:00:00-04:00,10.660347938537598,10.704581747411195,10.527646511916798,10.660347938537598,58800,0.0,0.0
1996-10-16 00:00:00-04:00,10.660347938537598,10.660347938537598,10.372828180859198,10.660347938537598,12400,0.0,0.0
1996-10-17 00:00:00-04:00,10.74881649017334,10.74881649017334,10.616115052023051,10.74881649017334,10400,0.0,0.0
1996-10-18 00:00:00-04:00,10.925748825073242,10.925748825073242,10.704579820517104,10.925748825073242,67200,0.0,0.0
1996-10-21 00:00:00-04:00,10.660347938537598,10.837283174031995,10.616114129663998,10.660347938537598,56400,0.0,0.0
1996-10-22 00:00:00-04:00,8.846761703491211,10.74881546974182,8.40442361831665,8.846761703491211,274800,0.0,0.0
1996-10-23 00:00:00-04:00,8.404423713684082,8.537125140742251,8.139020859567742,8.404423713684082,438800,0.0,0.0
1996-10-24 00:00:00-04:00,8.227487564086914,8.581357996950867,8.139019955870927,8.227487564086914,137200,0.0,0.0
1996-10-25 00:00:00-04:00,8.44865608215332,8.492889883630562,8.227487074767108,8.44865608215332,275600,0.0,0.0
1996-10-28 00:00:00-05:00,8.426541328430176,8.669827298542332,8.404424422056342,8.426541328430176,82000,0.0,0.0
1996-10-29 00:00:00-05:00,8.349132537841797,8.581360065384416,8.315957176764279,8.349132537841797,13600,0.0,0.0
1996-10-30 00:00:00-05:00,8.18325424194336,8.492890888935811,7.8736175949509075,8.18325424194336,29200,0.0,0.0
1996-10-31 00:00:00-05:00,8.050553321838379,8.050553321838379,7.696682846153175,8.050553321838379,173200,0.0,0.0
1996-11-01 00:00:00-05:00,7.431280136108399,7.475513946442377,7.342812515440442,7.431280136108398,32000,0.0,0.0
1996-11-04 00:00:00-05:00,7.519749641418457,7.608217284258674,7.342814355738023,7.519749641418457,20000,0.0,0.0
1996-11-05 00:00:00-05:00,7.6966814994812,7.785149102923513,7.519746292596575,7.696681499481201,224000,0.0,0.0
1996-11-06 00:00:00-05:00,7.906793117523194,8.249605126814409,7.906793117523194,7.906793117523193,518800,0.0,0.0
1996-11-07 00:00:00-05:00,8.18325424194336,8.18325424194336,7.962085208377323,8.18325424194336,53200,0.0,0.0
1996-11-08 00:00:00-05:00,8.227487564086914,8.315955172302903,8.094786151762932,8.227487564086914,20000,0.0,0.0
1996-11-11 00:00:00-05:00,8.18325424194336,8.36018946879619,8.18325424194336,8.18325424194336,3200,0.0,0.0
1996-11-12 00:00:00-05:00,8.492890357971191,8.581357965866726,8.315955142180126,8.492890357971191,8800,0.0,0.0
1996-11-13 00:00:00-05:00,8.227487564086914,8.40442278051889,8.227487564086914,8.227487564086914,25200,0.0,0.0
1996-11-14 00:00:00-05:00,8.360188484191895,8.581357491710198,8.315954682688234,8.360188484191895,92800,0.0,0.0
1996-11-15 00:00:00-05:00,8.581360816955566,8.581360816955566,8.315957905090961,8.581360816955566,16800,0.0,0.0
1996-11-18 00:00:00-05:00,8.404423713684082,8.581358949761642,8.227488477606522,8.404423713684082,7200,0.0,0.0
1996-11-19 00:00:00-05:00,8.227487564086914,8.227487564086914,8.050552347654937,8.227487564086914,2800,0.0,0.0
1996-11-20 00:00:00-05:00,8.006317138671875,8.161135425883762,8.006317138671875,8.006317138671875,4400,0.0,0.0
1996-11-21 00:00:00-05:00,8.18325424194336,8.18325424194336,8.00631901509053,8.18325424194336,147200,0.0,0.0
1996-11-22 00:00:00-05:00,7.829385757446289,7.962087210962328,7.69668430393025,7.829385757446289,17200,0.0,0.0
1996-11-25 00:00:00-05:00,8.094785690307617,8.094785690307617,7.9620842855484755,8.094785690307617,13600,0.0,0.0
1996-11-26 00:00:00-05:00,8.094785690307617,8.094785690307617,7.917850483962095,8.094785690307617,10400,0.0,0.0
1996-11-27 00:00:00-05:00,8.139019966125488,8.139019966125488,7.917850945306861,8.139019966125488,146400,0.0,0.0
1996-11-29 00:00:00-05:00,8.227487564086914,8.227487564086914,8.050552347654937,8.227487564086914,6800,0.0,0.0
1996-12-02 00:00:00-05:00,8.094785690307617,8.205370194273568,8.094785690307617,8.094785690307617,25600,0.0,0.0
1996-12-03 00:00:00-05:00,8.315957069396973,8.315957069396973,8.094787998402373,8.315957069396973,10400,0.0,0.0
1996-12-04 00:00:00-05:00,8.249604225158691,8.271721126566623,8.094785915303166,8.249604225158691,5200,0.0,0.0
1996-12-05 00:00:00-05:00,8.315957069396973,8.315957069396973,8.139021812601293,8.315957069396973,2800,0.0,0.0
1996-12-06 00:00:00-05:00,8.360188484191895,8.360188484191895,8.13901947667359,8.360188484191895,11200,0.0,0.0
1996-12-09 00:00:00-05:00,8.18325424194336,8.404423275509396,8.18325424194336,8.18325424194336,64400,0.0,0.0
1996-12-10 00:00:00-05:00,8.271722793579102,8.40442422877021,8.139021358387993,8.271722793579102,31600,0.0,0.0
1996-12-11 00:00:00-05:00,8.18325424194336,8.315955662082981,8.094786628516944,8.18325424194336,102000,0.0,0.0
1996-12-12 00:00:00-05:00,8.050553321838379,8.116904036029355,7.962085702917078,8.050553321838379,88400,0.0,0.0
1996-12-13 00:00:00-05:00,7.917850494384766,8.072668800140892,7.917850494384766,7.917850494384766,3600,0.0,0.0
1996-12-16 00:00:00-05:00,7.962086200714111,8.09478763739268,7.917852388487922,7.962086200714111,20800,0.0,0.0
1996-12-17 00:00:00-05:00,7.6966814994812,7.829382904644669,7.652447697760044,7.696681499481201,13600,0.0,0.0
1996-12-18 00:00:00-05:00,7.740914344787598,7.851498835427421,7.740914344787598,7.740914344787598,48400,0.0,0.0
1996-12-19 00:00:00-05:00,7.851500511169434,7.962085025411256,7.696682191230881,7.851500511169434,42000,0.0,0.0
1996-12-20 00:00:00-05:00,7.917850494384766,8.094785700963195,7.917850494384766,7.917850494384766,8000,0.0,0.0
1996-12-23 00:00:00-05:00,8.072669982910156,8.227488311349529,7.873617846345248,8.072669982910156,19600,0.0,0.0
1996-12-24 00:00:00-05:00,8.050553321838379,8.116904036029355,8.006319512377729,8.050553321838379,77600,0.0,0.0
1996-12-26 00:00:00-05:00,8.315957069396973,8.360190883595893,8.050554184203452,8.315957069396973,245600,0.0,0.0
1996-12-27 00:00:00-05:00,8.050553321838379,8.18325475022033,8.006319512377729,8.050553321838379,5600,0.0,0.0
1996-12-30 00:00:00-05:00,8.050553321838379,8.22748855968098,7.962085702917078,8.050553321838379,7600,0.0,0.0
1996-12-31 00:00:00-05:00,8.227487564086914,8.227487564086914,8.006318543546943,8.227487564086914,29200,0.0,0.0
1997-01-02 00:00:00-05:00,8.139019966125488,8.139019966125488,7.962084749470586,8.139019966125488,3600,0.0,0.0
1997-01-03 00:00:00-05:00,8.050553321838379,8.050553321838379,7.873618083995777,8.050553321838379,11600,0.0,0.0
1997-01-06 00:00:00-05:00,8.072669982910156,8.072669982910156,8.006319270721853,8.072669982910156,13600,0.0,0.0
1997-01-07 00:00:00-05:00,8.072669982910156,8.227488311349529,8.006319270721853,8.072669982910156,328400,0.0,0.0
1997-01-08 00:00:00-05:00,8.18325424194336,8.227488048656566,8.050552821803738,8.18325424194336,22400,0.0,0.0
1997-01-09 00:00:00-05:00,8.44865608215332,8.603474387323669,8.315954677721592,8.44865608215332,28800,0.0,0.0
1997-01-10 00:00:00-05:00,8.404423713684082,8.492891331722863,8.315956095645301,8.404423713684082,2400,0.0,0.0
1997-01-13 00:00:00-05:00,8.271722793579102,8.448658040500579,8.271722793579102,8.271722793579102,5200,0.0,0.0
1997-01-14 00:00:00-05:00,8.382306098937988,8.448656806845149,8.271721585759387,8.382306098937988,25200,0.0,0.0
1997-01-15 00:00:00-05:00,8.492890357971191,8.515007259945076,8.271721338232359,8.492890357971191,10800,0.0,0.0
1997-01-16 00:00:00-05:00,8.669822692871094,8.669822692871094,8.492887535873724,8.669822692871094,4400,0.0,0.0
1997-01-17 00:00:00-05:00,8.758294105529785,8.758294105529785,8.581358871074638,8.758294105529785,16000,0.0,0.0
1997-01-20 00:00:00-05:00,8.714059829711914,8.802527442196299,8.537124604743143,8.714059829711914,26400,0.0,0.0
1997-01-21 00:00:00-05:00,8.581360816955566,8.581360816955566,8.271724086446861,8.581360816955566,12400,0.0,0.0
1997-01-22 00:00:00-05:00,8.603474617004395,8.669825320991576,8.537123913017215,8.603474617004395,12400,0.0,0.0
1997-01-23 00:00:00-05:00,8.44865608215332,8.62559128806229,8.44865608215332,8.44865608215332,16000,0.0,0.0
1997-01-24 00:00:00-05:00,8.44865608215332,8.581357486585047,8.183253273289864,8.44865608215332,18400,0.0,0.0
1997-01-27 00:00:00-05:00,8.18325424194336,8.404423275509396,8.18325424194336,8.18325424194336,13200,0.0,0.0
1997-01-28 00:00:00-05:00,8.271722793579102,8.315956605309472,8.139021358387993,8.271722793579102,12000,0.0,0.0
1997-01-29 00:00:00-05:00,8.271722793579102,8.271722793579102,7.785150864545036,8.271722793579102,29200,0.0,0.0
1997-01-30 00:00:00-05:00,8.050553321838379,8.094787131299029,7.873618083995777,8.050553321838379,23600,0.0,0.0
1997-01-31 00:00:00-05:00,8.050551266526398,8.050551266526398,7.536334037780762,7.536334037780762,641600,0.0,0.0
1997-02-03 00:00:00-05:00,9.112162590026855,9.156396389007568,8.935227394104004,9.112162590026855,20400,0.0,0.0
1997-02-04 00:00:00-05:00,9.067930221557615,9.067930221557615,8.890994997722347,9.067930221557615,45200,0.0,0.0
1997-02-05 00:00:00-05:00,9.067930221557615,9.20063163943407,8.935228803681165,9.067930221557615,21600,0.0,0.0
1997-02-06 00:00:00-05:00,9.067930221557615,9.067930221557615,8.846761191763528,9.067930221557615,772800,0.0,0.0
1997-02-07 00:00:00-05:00,9.112162590026855,9.112162590026855,8.935227394104004,9.112162590026855,10800,0.0,0.0
1997-02-10 00:00:00-05:00,9.02369785308838,9.20063310510972,9.02369785308838,9.02369785308838,4800,0.0,0.0
1997-02-11 00:00:00-05:00,8.979462623596191,9.289099265789163,8.890995011541056,8.979462623596191,5600,0.0,0.0
1997-02-12 00:00:00-05:00,9.02369785308838,9.067931666093711,9.00158094658571,9.02369785308838,11200,0.0,0.0
1997-02-13 00:00:00-05:00,8.93522834777832,9.112163562585812,8.93522834777832,8.93522834777832,18000,0.0,0.0
1997-02-14 00:00:00-05:00,9.02369785308838,9.067931666093711,8.935230227077708,9.02369785308838,8800,0.0,0.0
1997-02-18 00:00:00-05:00,9.112162590026855,9.112162590026855,8.935227394104004,9.112162590026855,734400,0.0,0.0
1997-02-19 00:00:00-05:00,9.02369785308838,9.09004857259638,8.846762601067038,9.02369785308838,7200,0.0,0.0
1997-02-20 00:00:00-05:00,8.979462623596191,8.979462623596191,8.824644302499705,8.979462623596191,30000,0.0,0.0
1997-02-21 00:00:00-05:00,8.846761703491211,8.935229320526123,8.714060277938843,8.846761703491211,18800,0.0,0.0
1997-02-24 00:00:00-05:00,8.979462623596191,8.979462623596191,8.758293593458353,8.979462623596191,6800,0.0,0.0
1997-02-25 00:00:00-05:00,9.156399726867676,9.156399726867676,9.023698281550752,9.156399726867676,5600,0.0,0.0
1997-02-26 00:00:00-05:00,9.02369785308838,9.222750011612389,9.02369785308838,9.02369785308838,34000,0.0,0.0
1997-02-27 00:00:00-05:00,9.200632095336914,9.289099711638231,9.1121644790356,9.200632095336914,3600,0.0,0.0
1997-02-28 00:00:00-05:00,9.02369785308838,9.20063310510972,8.91311332057504,9.02369785308838,30400,0.0,0.0
1997-03-03 00:00:00-05:00,9.112162590026855,9.112162590026855,8.935227394104004,9.112162590026855,7600,0.0,0.0
1997-03-04 00:00:00-05:00,9.28909969329834,9.28909969329834,9.156398269108363,9.28909969329834,4800,0.0,0.0
1997-03-05 00:00:00-05:00,9.28909969329834,9.421801117488316,9.244865885235017,9.28909969329834,11200,0.0,0.0
1997-03-06 00:00:00-05:00,9.466034889221191,9.510268697114748,9.33333346554052,9.466034889221191,176000,0.0,0.0
1997-03-07 00:00:00-05:00,9.333334922790527,9.466036367190393,9.333334922790527,9.333334922790527,18000,0.0,0.0
1997-03-10 00:00:00-05:00,9.488151550292969,9.510268453673604,9.42180084015106,9.488151550292969,2000,0.0,0.0
1997-03-11 00:00:00-05:00,9.5545015335083,9.77567055048766,9.5545015335083,9.5545015335083,15600,0.0,0.0
1997-03-12 00:00:00-05:00,9.731436729431152,9.731436729431152,9.554501516168768,9.731436729431152,9600,0.0,0.0
1997-03-13 00:00:00-05:00,9.421799659729004,9.55450106338716,9.377565858509618,9.421799659729004,116800,0.0,0.0
1997-03-14 00:00:00-05:00,9.819904327392578,9.908371933945665,9.598735311009865,9.819904327392578,132400,0.0,0.0
1997-03-17 00:00:00-05:00,9.797788619995115,9.819905524329192,9.687204098324743,9.797788619995115,33600,0.0,0.0
1997-03-18 00:00:00-05:00,9.775670051574709,9.952605256128097,9.687202449298011,9.775670051574709,28800,0.0,0.0
1997-03-19 00:00:00-05:00,9.5545015335083,9.731436747091788,9.5545015335083,9.5545015335083,15200,0.0,0.0
1997-03-20 00:00:00-05:00,9.244864463806152,9.333332066330613,9.156396861281692,9.244864463806152,40400,0.0,0.0
1997-03-21 00:00:00-05:00,9.244864463806152,9.377565867592844,9.244864463806152,9.244864463806152,2800,0.0,0.0
1997-03-24 00:00:00-05:00,9.731436729431152,9.731436729431152,9.554501516168768,9.731436729431152,6400,0.0,0.0
1997-03-25 00:00:00-05:00,9.665087699890137,9.775672227348831,9.598736983414918,9.665087699890137,79600,0.0,0.0
1997-03-26 00:00:00-05:00,9.5545015335083,9.864138157279402,9.5545015335083,9.5545015335083,17600,0.0,0.0
1997-03-27 00:00:00-05:00,9.952606201171877,10.0853076171875,9.908372395833334,9.952606201171877,12800,0.0,0.0
1997-03-31 00:00:00-05:00,9.996838569641112,10.041072368621826,9.908370971679688,9.996838569641112,12800,0.0,0.0
1997-04-01 00:00:00-05:00,9.510269165039062,9.59873678517896,9.466035354969112,9.510269165039062,5200,0.0,0.0
1997-04-02 00:00:00-05:00,9.62085247039795,9.62085247039795,9.59873556816715,9.62085247039795,7600,0.0,0.0
1997-04-03 00:00:00-05:00,9.28909969329834,9.28909969329834,9.28909969329834,9.28909969329834,2000,0.0,0.0
1997-04-04 00:00:00-05:00,9.421799659729004,9.598734864606543,9.421799659729004,9.421799659729004,22400,0.0,0.0
1997-04-07 00:00:00-04:00,9.819904327392578,9.819904327392578,9.731436720839492,9.819904327392578,6000,0.0,0.0
1997-04-08 00:00:00-04:00,9.908371925354004,9.908371925354004,9.731436712401257,9.908371925354004,47600,0.0,0.0
1997-04-09 00:00:00-04:00,9.842021942138672,9.996840264824,9.842021942138672,9.842021942138672,426400,0.0,0.0
1997-04-10 00:00:00-04:00,9.819904327392578,9.996839540498751,9.753553622477764,9.819904327392578,28800,0.0,0.0
1997-04-11 00:00:00-04:00,9.62085247039795,9.819904590475147,9.48815105701315,9.62085247039795,20000,0.0,0.0
1997-04-14 00:00:00-04:00,9.576618194580078,9.64296889800673,9.510267491153426,9.576618194580078,49600,0.0,0.0
1997-04-15 00:00:00-04:00,9.64297103881836,9.864140099341716,9.598737226713688,9.64297103881836,83200,0.0,0.0
1997-04-16 00:00:00-04:00,9.731436729431152,9.731436729431152,9.731436729431152,9.731436729431152,58400,0.0,0.0
1997-04-17 00:00:00-04:00,9.687203407287598,9.864138629338512,9.642969601774867,9.687203407287598,271200,0.0,0.0
1997-04-18 00:00:00-04:00,9.908371925354004,9.908371925354004,9.64296910592488,9.908371925354004,155600,0.0,0.0
1997-04-21 00:00:00-04:00,10.173770904541016,10.218004691082498,10.041069544916567,10.173770904541016,18800,0.0,0.0
1997-04-22 00:00:00-04:00,10.350708961486816,10.39494276046753,10.173773765563965,10.350708961486816,20400,0.0,0.0
1997-04-23 00:00:00-04:00,10.306474685668944,10.394942279537348,10.12953949793214,10.306474685668944,40800,0.0,0.0
1997-04-24 00:00:00-04:00,10.704580307006836,10.793047912849868,10.57187889824229,10.704580307006836,23600,0.0,0.0
1997-04-25 00:00:00-04:00,10.57187843322754,10.70457983615508,10.57187843322754,10.57187843322754,10800,0.0,0.0
1997-04-28 00:00:00-04:00,10.527645111083984,10.726697224528849,10.527645111083984,10.527645111083984,6400,0.0,0.0
1997-04-29 00:00:00-04:00,10.793046951293944,10.837280750274658,10.660345554351808,10.793046951293944,148800,0.0,0.0
1997-04-30 00:00:00-04:00,10.881515502929688,10.881515502929688,10.616112685785062,10.881515502929688,834000,0.0,0.0
1997-05-01 00:00:00-04:00,10.74881649017334,10.969985553757152,10.660348864739817,10.74881649017334,25200,0.0,0.0
1997-05-02 00:00:00-04:00,11.213271141052246,11.213271141052246,10.925751368204752,11.213271141052246,46000,0.0,0.0
1997-05-05 00:00:00-04:00,11.146918296813965,11.235385902344236,10.903632381605725,11.146918296813965,7600,0.0,0.0
1997-05-06 00:00:00-04:00,11.146918296813965,11.146918296813965,11.146918296813965,11.146918296813965,0,0.0,0.0
1997-05-07 00:00:00-04:00,10.925748825073242,10.96998262598447,10.925748825073242,10.925748825073242,46400,0.0,0.0
1997-05-08 00:00:00-04:00,10.925748825073242,11.058450227806926,10.57187841778342,10.925748825073242,8400,0.0,0.0
1997-05-09 00:00:00-04:00,11.32385540008545,11.32385540008545,11.146920159459114,11.32385540008545,1600,0.0,0.0
1997-05-12 00:00:00-04:00,11.32385540008545,11.368089210242031,11.191153969615698,11.32385540008545,5200,0.0,0.0
1997-05-13 00:00:00-04:00,11.456555366516112,11.500789171020037,11.41232156201219,11.456555366516112,11600,0.0,0.0
1997-05-14 00:00:00-04:00,11.478670120239258,11.500787018351472,11.279618037229328,11.478670120239258,90000,0.0,0.0
1997-05-15 00:00:00-04:00,11.27685546875,11.45655529848002,11.23538627727384,11.27685546875,137600,0.0,0.0
1997-05-16 00:00:00-04:00,11.124802589416504,11.23538710819798,11.014218070635026,11.124802589416504,323200,0.0,0.0
1997-05-19 00:00:00-04:00,11.05845069885254,11.14691830444336,11.014216896057128,11.05845069885254,3600,0.0,0.0
1997-05-20 00:00:00-04:00,11.05845069885254,11.10268450164795,10.748814079284667,11.05845069885254,28000,0.0,0.0
1997-05-21 00:00:00-04:00,11.191155433654783,11.368090697427984,11.191155433654783,11.191155433654783,2800,0.0,0.0
1997-05-22 00:00:00-04:00,11.279618263244627,11.323852060355392,11.102683074801575,11.279618263244627,40000,0.0,0.0
1997-05-23 00:00:00-04:00,11.102685928344728,11.27962116226257,11.102685928344728,11.102685928344728,8800,0.0,0.0
1997-05-27 00:00:00-04:00,11.191155433654783,11.191155433654783,10.947869445966637,11.191155433654783,21600,0.0,0.0
1997-05-28 00:00:00-04:00,10.881515502929688,11.102684517216876,10.881515502929688,10.881515502929688,17600,0.0,0.0
1997-05-29 00:00:00-04:00,10.881515502929688,11.05845071435944,10.881515502929688,10.881515502929688,4800,0.0,0.0
1997-05-30 00:00:00-04:00,10.881515502929688,10.881515502929688,10.704580291499935,10.881515502929688,3200,0.0,0.0
1997-06-02 00:00:00-04:00,10.881515502929688,11.014216911502,10.793047897214812,10.881515502929688,30400,0.0,0.0
1997-06-03 00:00:00-04:00,11.014217376708984,11.146918790886202,10.793048353080293,11.014217376708984,45200,0.0,0.0
1997-06-04 00:00:00-04:00,11.05845069885254,11.10268450164795,10.992099994659425,11.05845069885254,50000,0.0,0.0
1997-06-05 00:00:00-04:00,10.969985961914062,11.058453590639177,10.881518333188948,10.969985961914062,18000,0.0,0.0
1997-06-06 00:00:00-04:00,11.014217376708984,11.014217376708984,10.881515962531768,11.014217376708984,16400,0.0,0.0
1997-06-09 00:00:00-04:00,11.279618263244627,11.323852060355392,11.080566176246194,11.279618263244627,71200,0.0,0.0
1997-06-10 00:00:00-04:00,11.2575044631958,11.412322795695546,11.146919939981697,11.2575044631958,88400,0.0,0.0
1997-06-11 00:00:00-04:00,11.32385540008545,11.368089210242031,11.191153969615698,11.32385540008545,23600,0.0,0.0
1997-06-12 00:00:00-04:00,11.500789642333984,11.589257254967322,11.39020512654231,11.500789642333984,62000,0.0,0.0
1997-06-13 00:00:00-04:00,11.434439659118652,11.589257991060297,11.279621327177006,11.434439659118652,74400,0.0,0.0
1997-06-16 00:00:00-04:00,11.368087768554688,11.456555377648495,11.191152550367066,11.368087768554688,11200,0.0,0.0
1997-06-17 00:00:00-04:00,11.279618263244627,11.368085857466156,11.102683074801575,11.279618263244627,216400,0.0,0.0
1997-06-18 00:00:00-04:00,11.32385540008545,11.368089210242031,11.10268634930253,11.32385540008545,12000,0.0,0.0
1997-06-19 00:00:00-04:00,11.766192436218262,11.89889385467185,11.589257211613477,11.766192436218262,38000,0.0,0.0
1997-06-20 00:00:00-04:00,11.987361907958984,12.120063331294324,11.766192869066751,11.987361907958984,41600,0.0,0.0
1997-06-23 00:00:00-04:00,12.120065689086914,12.208533321853972,11.7551367039228,12.120065689086914,30400,0.0,0.0
1997-06-24 00:00:00-04:00,11.94312858581543,12.252765252855088,11.85466096666124,11.94312858581543,29600,0.0,0.0
1997-06-25 00:00:00-04:00,12.717217445373532,12.783568145088529,12.031593548318613,12.717217445373535,144400,0.0,0.0
1997-06-26 00:00:00-04:00,12.518166542053224,12.584517248106508,12.473932738017698,12.518166542053224,74800,0.0,0.0
1997-06-27 00:00:00-04:00,12.36334800720215,12.407581810447953,12.25276349908764,12.363348007202148,64000,0.0,0.0
1997-06-30 00:00:00-04:00,12.252762794494627,12.31911349554785,12.12006139238819,12.252762794494627,52400,0.0,0.0
1997-07-01 00:00:00-04:00,12.296996116638184,12.38546371459961,12.062004059553146,12.296996116638184,40800,0.0,0.0
1997-07-02 00:00:00-04:00,12.562400817871094,12.606634623567825,12.29699798369072,12.562400817871094,22000,0.0,0.0
1997-07-03 00:00:00-04:00,13.115323066711426,13.115323066711426,12.916270945968757,13.115323066711426,27200,0.0,0.0
1997-07-07 00:00:00-04:00,13.712480545043944,13.712480545043944,13.40284388757521,13.712480545043944,128000,0.0,0.0
1997-07-08 00:00:00-04:00,13.712480545043944,13.756714353253765,13.535545312204668,13.712480545043944,86000,0.0,0.0
1997-07-09 00:00:00-04:00,13.712480545043944,13.88941577788322,13.579779120414488,13.712480545043944,121600,0.0,0.0
1997-07-10 00:00:00-04:00,13.668248176574709,13.889417240920576,13.668248176574709,13.668248176574709,214000,0.0,0.0
1997-07-11 00:00:00-04:00,13.49131202697754,13.845182506373671,13.380727502166248,13.49131202697754,116000,0.0,0.0
1997-07-14 00:00:00-04:00,13.712480545043944,13.800948161463582,13.46919459988994,13.712480545043944,132400,0.0,0.0
1997-07-15 00:00:00-04:00,14.066350936889648,14.066350936889648,13.646129761102063,14.066350936889648,43200,0.0,0.0
1997-07-16 00:00:00-04:00,14.464458465576172,14.552926101451256,14.110587922075837,14.464458465576172,65600,0.0,0.0
1997-07-17 00:00:00-04:00,14.199052810668944,14.287520429427008,14.06635138253185,14.199052810668944,27200,0.0,0.0
1997-07-18 00:00:00-04:00,13.712480545043944,14.110584818932317,13.712480545043944,13.712480545043944,38400,0.0,0.0
1997-07-21 00:00:00-04:00,13.690362930297852,13.75671363916844,13.57977841551354,13.690362930297852,42000,0.0,0.0
1997-07-22 00:00:00-04:00,14.243289947509766,14.243289947509766,13.800951750382133,14.243289947509766,20800,0.0,0.0
1997-07-23 00:00:00-04:00,14.597156524658203,14.597156524658203,13.845181794600052,14.597156524658203,61200,0.0,0.0
1997-07-24 00:00:00-04:00,14.464458465576172,14.508692283513714,14.287523193826004,14.464458465576172,50000,0.0,0.0
1997-07-25 00:00:00-04:00,14.199052810668944,14.199052810668944,14.02211757315282,14.199052810668944,100000,0.0,0.0
1997-07-28 00:00:00-04:00,14.331754684448242,14.37598849520271,14.154819441430362,14.331754684448242,26000,0.0,0.0
1997-07-29 00:00:00-04:00,14.066350936889648,14.24328616880021,13.845181897001448,14.066350936889648,48400,0.0,0.0
1997-07-30 00:00:00-04:00,14.331754684448242,14.331754684448242,14.022118009166952,14.331754684448242,13600,0.0,0.0
1997-07-31 00:00:00-04:00,14.331754684448242,14.685625170484,14.243287062939302,14.331754684448242,43200,0.0,0.0
1997-08-01 00:00:00-04:00,14.066350936889648,14.420221400710773,13.97788332093437,14.066350936889648,15600,0.0,0.0
1997-08-04 00:00:00-04:00,14.154814720153809,14.199048516154289,14.022113332152363,14.154814720153809,41600,0.0,0.0
1997-08-05 00:00:00-04:00,14.154814720153809,14.199048516154289,14.022113332152363,14.154814720153809,126000,0.0,0.0
1997-08-06 00:00:00-04:00,14.154814720153809,14.243282312154768,13.977879536151883,14.154814720153809,34400,0.0,0.0
1997-08-07 00:00:00-04:00,14.64139175415039,14.86256081388076,14.464456506366096,14.64139175415039,58800,0.0,0.0
1997-08-08 00:00:00-04:00,14.42022132873535,14.464455136492209,14.243286097707925,14.420221328735352,28000,0.0,0.0
1997-08-11 00:00:00-04:00,14.287515640258787,14.287515640258787,14.11058046205125,14.287515640258787,16000,0.0,0.0
1997-08-12 00:00:00-04:00,14.464458465576172,14.552926101451256,14.331757011763546,14.464458465576172,58000,0.0,0.0
1997-08-13 00:00:00-04:00,14.287515640258787,14.464450818466329,14.066346667499364,14.287515640258787,314400,0.0,0.0
1997-08-14 00:00:00-04:00,14.243289947509766,14.46445904607358,14.066354668658713,14.243289947509766,81200,0.0,0.0
1997-08-15 00:00:00-04:00,14.066350936889648,14.15481855284493,13.800948089023809,14.066350936889648,54400,0.0,0.0
1997-08-18 00:00:00-04:00,14.331754684448242,14.50868992746612,13.977884198412482,14.331754684448242,40800,0.0,0.0
1997-08-19 00:00:00-04:00,14.331754684448242,14.37598849520271,14.154819441430362,14.331754684448242,36800,0.0,0.0
1997-08-20 00:00:00-04:00,14.42022132873535,14.42022132873535,14.331753713221635,14.420221328735352,10000,0.0,0.0
1997-08-21 00:00:00-04:00,14.42022132873535,14.508688944249064,14.243286097707925,14.420221328735352,44400,0.0,0.0
1997-08-22 00:00:00-04:00,14.154814720153809,14.154814720153809,13.800944352149962,14.154814720153809,77600,0.0,0.0
1997-08-25 00:00:00-04:00,14.110584259033203,14.154818065487852,13.889415226759956,14.110584259033203,16800,0.0,0.0
1997-08-26 00:00:00-04:00,14.066350936889648,14.066350936889648,13.889415704979088,14.066350936889648,58800,0.0,0.0
1997-08-27 00:00:00-04:00,13.88941478729248,14.022116202457696,13.668245762017122,13.88941478729248,76400,0.0,0.0
1997-08-28 00:00:00-04:00,13.579777717590332,13.80094673579213,13.447076306669253,13.579777717590332,23600,0.0,0.0
1997-08-29 00:00:00-04:00,13.624011993408203,13.71247960375501,13.535544383061398,13.624011993408203,21200,0.0,0.0
1997-09-02 00:00:00-04:00,14.221171379089355,14.24328828636632,13.88941776993486,14.221171379089355,50000,0.0,0.0
1997-09-03 00:00:00-04:00,14.42022132873535,14.464455136492209,14.154818482194209,14.420221328735352,38000,0.0,0.0
1997-09-04 00:00:00-04:00,14.375993728637695,14.508695209209735,14.199058421208308,14.375993728637695,8400,0.0,0.0
1997-09-05 00:00:00-04:00,14.64139175415039,14.685625566096466,14.508690318312173,14.64139175415039,50000,0.0,0.0
1997-09-08 00:00:00-04:00,14.774092674255373,14.862560295059296,14.287520759833788,14.774092674255373,61600,0.0,0.0
1997-09-09 00:00:00-04:00,14.42022132873535,14.774091790790203,14.42022132873535,14.420221328735352,39200,0.0,0.0
1997-09-10 00:00:00-04:00,14.486571311950684,14.50868821471702,14.309636089819987,14.486571311950684,157200,0.0,0.0
1997-09-11 00:00:00-04:00,14.26540756225586,14.26540756225586,14.088472274661989,14.26540756225586,80000,0.0,0.0
1997-09-12 00:00:00-04:00,14.154814720153809,14.398100598156452,13.977879536151883,14.154814720153809,28400,0.0,0.0
1997-09-15 00:00:00-04:00,14.464458465576172,14.464458465576172,14.066354104138297,14.464458465576172,24800,0.0,0.0
1997-09-16 00:00:00-04:00,14.464458465576172,14.464458465576172,14.464458465576172,14.464458465576172,0,0.0,0.0
1997-09-17 00:00:00-04:00,14.906787872314451,15.083723039938365,14.818320288502498,14.906787872314451,31200,0.0,0.0
1997-09-18 00:00:00-04:00,14.906787872314451,14.906787872314451,14.906787872314451,14.906787872314451,0,0.0,0.0
1997-09-19 00:00:00-04:00,15.039499282836914,15.127966925677132,14.86256399715648,15.039499282836914,20400,0.0,0.0
1997-09-22 00:00:00-04:00,15.127960205078123,15.39336301569353,14.995258799770422,15.127960205078123,86400,0.0,0.0
1997-09-23 00:00:00-04:00,15.216427803039547,15.304895406545594,15.03949259602746,15.21642780303955,39600,0.0,0.0
1997-09-24 00:00:00-04:00,15.526066780090332,15.65876820556119,15.260663929148617,15.526066780090332,90400,0.0,0.0
1997-09-25 00:00:00-04:00,15.437600135803224,15.747236814744834,15.437600135803224,15.437600135803224,52000,0.0,0.0
1997-09-26 00:00:00-04:00,15.791465759277346,15.83569955692238,15.481829175762105,15.791465759277344,72400,0.0,0.0
1997-09-29 00:00:00-04:00,15.747239112854004,15.79147293058674,15.614537659655795,15.747239112854004,54800,0.0,0.0
1997-09-30 00:00:00-04:00,15.703001022338867,15.879936245125784,15.481831993855222,15.703001022338867,44400,0.0,0.0
1997-10-01 00:00:00-04:00,16.189571380615234,16.366506586960757,15.96840237268333,16.189571380615234,50800,0.0,0.0
1997-10-02 00:00:00-04:00,16.32227325439453,16.32227325439453,16.14533804296478,16.32227325439453,110400,0.0,0.0
1997-10-03 00:00:00-04:00,16.41073989868164,16.543441299479603,16.23380469761769,16.41073989868164,70800,0.0,0.0
1997-10-06 00:00:00-04:00,17.07425308227539,17.16272071482604,16.32227820559487,17.07425308227539,365600,0.0,0.0
1997-10-07 00:00:00-04:00,17.118480682373047,17.339649683437298,16.897311681308796,17.118480682373047,228800,0.0,0.0
1997-10-08 00:00:00-04:00,17.339645385742188,17.339645385742188,17.03000886099679,17.339645385742188,112400,0.0,0.0
1997-10-09 00:00:00-04:00,16.764612197875977,16.94154741896174,16.764612197875977,16.764612197875977,118400,0.0,0.0
1997-10-10 00:00:00-04:00,16.941543579101562,16.985777374347258,16.471559504616042,16.941543579101562,34400,0.0,0.0
1997-10-13 00:00:00-04:00,17.339645385742188,17.42811296424087,17.20694401799416,17.339645385742188,37200,0.0,0.0
1997-10-14 00:00:00-04:00,17.251182556152344,17.38388396043044,17.206948754726312,17.251182556152344,46400,0.0,0.0
1997-10-15 00:00:00-04:00,17.428119659423828,17.51658727190821,17.074249209486286,17.428119659423828,453600,0.0,0.0
1997-10-16 00:00:00-04:00,17.60505485534668,17.649288661515893,17.339652018331403,17.60505485534668,83600,0.0,0.0
1997-10-17 00:00:00-04:00,16.764612197875977,16.98578122423318,16.548972397177703,16.764612197875977,48000,0.0,0.0
1997-10-20 00:00:00-04:00,16.36650848388672,16.454976097313132,16.278040870460305,16.36650848388672,80400,0.0,0.0
1997-10-21 00:00:00-04:00,17.07425308227539,17.07425308227539,16.720382552072792,17.07425308227539,58800,0.0,0.0
1997-10-22 00:00:00-04:00,16.985780715942383,17.605053971211117,16.720377892255783,16.985780715942383,102400,0.0,0.0
1997-10-23 00:00:00-04:00,16.454975128173828,16.76461175692979,16.36650751995784,16.454975128173828,88400,0.0,0.0
1997-10-24 00:00:00-04:00,17.295419692993164,17.516588742775685,17.11848445316715,17.295419692993164,92400,0.0,0.0
1997-10-27 00:00:00-05:00,16.454975128173828,17.07424838568575,16.454975128173828,16.454975128173828,44000,0.0,0.0
1997-10-28 00:00:00-05:00,16.454975128173828,16.454975128173828,16.454975128173828,16.454975128173828,0,0.0,0.0
1997-10-29 00:00:00-05:00,17.339645385742188,17.516580542739558,16.808839914750077,17.339645385742188,100000,0.0,0.0
1997-10-30 00:00:00-05:00,17.693523406982422,17.693523406982422,16.8088472366333,17.693523406982422,260800,0.0,0.0
1997-10-31 00:00:00-05:00,17.671401977539062,18.04738925365692,17.533171361319265,17.671401977539062,338800,0.0,0.0
1997-11-03 00:00:00-05:00,18.22432518005371,18.312792778015137,17.781987190246582,18.22432518005371,88000,0.0,0.0
1997-11-04 00:00:00-05:00,18.04739570617676,18.2243309581981,17.693525202134076,18.04739570617676,46800,0.0,0.0
1997-11-05 00:00:00-05:00,18.31279945373535,18.40126708394663,17.958928932890224,18.31279945373535,104800,0.0,0.0
1997-11-06 00:00:00-05:00,18.31279945373535,18.40126708394663,18.047396563101504,18.31279945373535,89200,0.0,0.0
1997-11-07 00:00:00-05:00,17.693523406982422,18.135861492156984,17.60505578994751,17.693523406982422,274800,0.0,0.0
1997-11-10 00:00:00-05:00,18.04739570617676,18.312798584208767,18.04739570617676,18.04739570617676,63200,0.0,0.0
1997-11-11 00:00:00-05:00,18.31279945373535,18.489734714157915,18.047396563101504,18.31279945373535,70000,0.0,0.0
1997-11-12 00:00:00-05:00,17.958925247192383,17.958925247192383,17.516587186916706,17.958925247192383,84800,0.0,0.0
1997-11-13 00:00:00-05:00,17.339645385742188,17.649281910487584,17.339645385742188,17.339645385742188,90800,0.0,0.0
1997-11-14 00:00:00-05:00,17.472352981567383,17.516586786584007,17.25118395648425,17.472352981567383,37200,0.0,0.0
1997-11-17 00:00:00-05:00,17.781991958618164,17.870459580302832,17.428121471879496,17.781991958618164,64800,0.0,0.0
1997-11-18 00:00:00-05:00,18.04739570617676,18.04739570617676,17.605057576123404,18.04739570617676,41600,0.0,0.0
1997-11-19 00:00:00-05:00,18.04739570617676,18.09162951918209,17.605057576123404,18.04739570617676,38800,0.0,0.0
1997-11-20 00:00:00-05:00,18.53396415710449,18.66666557111717,18.268561329079127,18.53396415710449,52000,0.0,0.0
1997-11-21 00:00:00-05:00,18.57819938659668,18.66666700272333,18.312796538216727,18.57819938659668,34800,0.0,0.0
1997-11-24 00:00:00-05:00,18.31279945373535,18.489734714157915,18.135864193312788,18.31279945373535,28000,0.0,0.0
1997-11-25 00:00:00-05:00,18.04739570617676,18.40126621021944,18.04739570617676,18.04739570617676,38400,0.0,0.0
1997-11-26 00:00:00-05:00,17.87045669555664,18.26856092887349,17.69352148074915,17.87045669555664,27200,0.0,0.0
1997-11-28 00:00:00-05:00,18.22432518005371,18.40126037597656,17.958922386169434,18.22432518005371,14800,0.0,0.0
1997-12-01 00:00:00-05:00,19.1090030670166,19.1090030670166,18.489729819474395,19.1090030670166,26400,0.0,0.0
1997-12-02 00:00:00-05:00,19.19747734069824,19.28594497821298,18.932074428154028,19.19747734069824,62000,0.0,0.0
1997-12-03 00:00:00-05:00,19.374406814575195,19.462874425600653,19.02053637047337,19.374406814575195,40000,0.0,0.0
1997-12-04 00:00:00-05:00,19.860979080200195,20.170615725103094,19.4628748224679,19.860979080200195,41600,0.0,0.0
1997-12-05 00:00:00-05:00,19.816743850708008,19.99367906366076,19.330172015087943,19.816743850708008,89200,0.0,0.0
1997-12-08 00:00:00-05:00,19.7282772064209,19.99368003879428,19.462874374047523,19.7282772064209,50400,0.0,0.0
1997-12-09 00:00:00-05:00,18.57819938659668,19.109005083356585,18.33491344224839,18.57819938659668,338800,0.0,0.0
1997-12-10 00:00:00-05:00,18.26856231689453,18.93206942283501,18.04739328158104,18.26856231689453,292400,0.0,0.0
1997-12-11 00:00:00-05:00,17.51658821105957,17.693523445514717,16.98578250769413,17.51658821105957,173600,0.0,0.0
1997-12-12 00:00:00-05:00,17.781991958618164,18.401265310410835,17.51658909356416,17.781991958618164,166400,0.0,0.0
1997-12-15 00:00:00-05:00,17.958925247192383,18.224328083357783,17.781990023082113,17.958925247192383,21200,0.0,0.0
1997-12-16 00:00:00-05:00,18.135860443115234,18.312795666950503,17.643759351823388,18.135860443115234,50800,0.0,0.0
1997-12-17 00:00:00-05:00,18.401264190673828,18.66666703957777,17.975513787223743,18.401264190673828,152000,0.0,0.0
1997-12-18 00:00:00-05:00,18.401264190673828,18.66666703957777,17.975513787223743,18.401264190673828,22800,0.0,0.0
1997-12-19 00:00:00-05:00,18.04739570617676,18.2243309581981,17.693525202134076,18.04739570617676,98000,0.0,0.0
1997-12-22 00:00:00-05:00,18.401264190673828,18.533965615125805,18.2243289580712,18.401264190673828,33600,0.0,0.0
1997-12-23 00:00:00-05:00,18.932069778442383,19.24170643369728,18.84360216265527,18.932069778442383,38800,0.0,0.0
1997-12-24 00:00:00-05:00,19.020538330078125,19.19747357035792,18.932070709938227,19.020538330078125,14800,0.0,0.0
1997-12-26 00:00:00-05:00,19.28594207763672,19.28594207763672,18.93207158079935,19.28594207763672,24000,0.0,0.0
1997-12-29 00:00:00-05:00,19.19747734069824,19.63981552827193,19.19747734069824,19.19747734069824,335200,0.0,0.0
1997-12-30 00:00:00-05:00,19.06477165222168,19.109005461159548,18.93207022540807,19.06477165222168,21600,0.0,0.0
1997-12-31 00:00:00-05:00,18.79936981201172,19.064772679946003,18.79936981201172,18.79936981201172,14400,0.0,0.0
1998-01-02 00:00:00-05:00,19.41864013671875,19.462873941130407,19.153237310248787,19.41864013671875,130000,0.0,0.0
1998-01-05 00:00:00-05:00,19.28594207763672,19.551344950264745,19.241708265532047,19.28594207763672,30000,0.0,0.0
1998-01-06 00:00:00-05:00,18.57819938659668,19.285940315609885,18.445497962406705,18.57819938659668,56800,0.0,0.0
1998-01-07 00:00:00-05:00,19.15323638916016,19.15323638916016,18.71089836631581,19.15323638916016,65200,0.0,0.0
1998-01-08 00:00:00-05:00,19.28594207763672,19.28594207763672,18.96524693987785,19.28594207763672,43600,0.0,0.0
1998-01-09 00:00:00-05:00,18.843599319458008,19.10900212677432,18.666664114580467,18.843599319458008,63200,0.0,0.0
1998-01-12 00:00:00-05:00,18.35702896118164,18.66666559426181,18.04739232810147,18.35702896118164,98000,0.0,0.0
1998-01-13 00:00:00-05:00,18.843599319458008,18.932066921896777,18.40126130726416,18.843599319458008,54800,0.0,0.0
1998-01-14 00:00:00-05:00,18.843599319458008,19.10900212677432,18.48972890970293,18.843599319458008,167200,0.0,0.0
1998-01-15 00:00:00-05:00,18.66666984558105,19.109007993580605,18.66666984558105,18.66666984558105,14000,0.0,0.0
1998-01-16 00:00:00-05:00,19.28594207763672,19.63981257447409,18.93207158079935,19.28594207763672,36000,0.0,0.0
1998-01-20 00:00:00-05:00,19.993677139282227,20.08214473724365,19.462871551513672,19.993677139282227,73600,0.0,0.0
1998-01-21 00:00:00-05:00,20.12637710571289,20.25907849322309,19.77250673901904,20.12637710571289,60800,0.0,0.0
1998-01-22 00:00:00-05:00,20.037914276123047,20.25908330786833,19.7725114380287,20.037914276123047,34000,0.0,0.0
1998-01-23 00:00:00-05:00,20.70141792297364,21.232223510742188,20.612950325012207,20.70141792297364,193200,0.0,0.0
1998-01-26 00:00:00-05:00,20.96682929992676,21.497635104988195,20.922595482838304,20.96682929992676,126800,0.0,0.0
1998-01-27 00:00:00-05:00,20.96682929992676,21.409167470811287,20.96682929992676,20.96682929992676,220400,0.0,0.0
1998-01-28 00:00:00-05:00,22.02843475341797,22.205369972320923,21.586096706160586,22.02843475341797,196000,0.0,0.0
1998-01-29 00:00:00-05:00,22.11690139770508,22.11690139770508,21.453394355773927,22.11690139770508,178000,0.0,0.0
1998-01-30 00:00:00-05:00,21.6745662689209,21.9399691211934,21.6745662689209,21.6745662689209,84000,0.0,0.0
1998-02-02 00:00:00-05:00,22.02843475341797,22.205369972320923,21.586096706160586,22.02843475341797,86800,0.0,0.0
1998-02-03 00:00:00-05:00,22.29383659362793,22.47077180468847,21.763030960446315,22.29383659362793,41200,0.0,0.0
1998-02-04 00:00:00-05:00,22.470779418945312,22.64771468996063,22.02844124140702,22.470779418945312,74400,0.0,0.0
1998-02-05 00:00:00-05:00,22.38231086730957,23.53239008183536,22.02844033976317,22.38231086730957,157200,0.0,0.0
1998-02-06 00:00:00-05:00,23.355451583862305,23.443919203498144,22.91311348568309,23.355451583862305,90400,0.0,0.0
1998-02-09 00:00:00-05:00,23.79778861999512,24.240126698433688,22.64770961605484,23.79778861999512,142400,0.0,0.0
1998-02-10 00:00:00-05:00,24.240131378173828,24.328599010940888,23.79779321433854,24.240131378173828,93200,0.0,0.0
1998-02-11 00:00:00-05:00,23.88625717163086,24.3285952674018,23.44391907585992,23.88625717163086,65200,0.0,0.0
1998-02-12 00:00:00-05:00,23.97472381591797,23.97472381591797,23.178515275905934,23.97472381591797,75200,0.0,0.0
1998-02-13 00:00:00-05:00,23.355451583862305,23.532386823133987,23.00158110531893,23.355451583862305,39200,0.0,0.0
1998-02-17 00:00:00-05:00,23.09004592895508,23.35544875572468,22.82464310218548,23.09004592895508,50000,0.0,0.0
1998-02-18 00:00:00-05:00,23.355451583862305,23.532386823133987,22.82464586604725,23.355451583862305,31600,0.0,0.0
1998-02-19 00:00:00-05:00,22.42654228210449,23.00158182779948,22.29384084848257,22.42654228210449,566400,0.0,0.0
1998-02-20 00:00:00-05:00,22.69194602966309,22.82464746843305,22.338075526276526,22.69194602966309,107600,0.0,0.0
1998-02-23 00:00:00-05:00,23.443920135498047,23.53238775865087,23.09004964288676,23.443920135498047,75200,0.0,0.0
1998-02-24 00:00:00-05:00,23.62085151672364,23.7093191254005,23.26698108201616,23.62085151672364,37200,0.0,0.0
1998-02-25 00:00:00-05:00,24.19589233398437,24.593996595421046,23.886255686200297,24.19589233398437,45600,0.0,0.0
1998-02-26 00:00:00-05:00,24.68246459960937,24.770932214661737,24.24012652434756,24.68246459960937,256400,0.0,0.0
1998-02-27 00:00:00-05:00,24.328596115112305,24.770934226296163,24.063193248401987,24.328596115112305,83200,0.0,0.0
1998-03-02 00:00:00-05:00,24.85940170288086,24.947869324599296,24.41706359428868,24.85940170288086,46000,0.0,0.0
1998-03-03 00:00:00-05:00,24.68246459960937,24.8593998297141,24.32859413939992,24.68246459960937,62400,0.0,0.0
1998-03-04 00:00:00-05:00,24.68246459960937,24.770932214661737,24.24012652434756,24.68246459960937,65200,0.0,0.0
1998-03-05 00:00:00-05:00,23.79778861999512,24.417061929809115,23.79778861999512,23.79778861999512,104400,0.0,0.0
1998-03-06 00:00:00-05:00,24.240131378173828,24.240131378173828,23.70932558157148,24.240131378173828,63600,0.0,0.0
1998-03-09 00:00:00-05:00,24.240131378173828,24.328599010940888,23.620857948804424,24.240131378173828,46800,0.0,0.0
1998-03-10 00:00:00-05:00,24.28435707092285,24.50552607885476,23.930486658231807,24.28435707092285,17600,0.0,0.0
1998-03-11 00:00:00-05:00,24.41706085205078,24.593996075616364,23.974722793136817,24.41706085205078,24800,0.0,0.0
1998-03-12 00:00:00-05:00,23.88625717163086,24.24012764824761,23.797789552476672,23.88625717163086,32400,0.0,0.0
1998-03-13 00:00:00-05:00,24.483413696289062,24.593998220662545,24.195893932918008,24.483413696289062,95600,0.0,0.0
1998-03-16 00:00:00-05:00,24.41706085205078,24.41706085205078,23.974722793136817,24.41706085205078,35200,0.0,0.0
1998-03-17 00:00:00-05:00,25.21327018737793,25.301737802070484,24.41706165514494,25.21327018737793,50000,0.0,0.0
1998-03-18 00:00:00-05:00,25.522905349731445,25.567139154497013,25.16903491160692,25.522905349731445,22800,0.0,0.0
1998-03-19 00:00:00-05:00,25.699840545654297,25.83254195983152,25.345970107848387,25.699840545654297,105600,0.0,0.0
1998-03-20 00:00:00-05:00,26.274879455566406,26.451814670755407,25.921009025188408,26.274879455566406,69200,0.0,0.0
1998-03-23 00:00:00-05:00,25.832548141479496,26.186418663965515,25.65561288023648,25.83254814147949,128800,0.0,0.0
1998-03-24 00:00:00-05:00,25.8104248046875,26.18641214117395,25.47867127249357,25.8104248046875,1292400,0.0,0.0
1998-03-25 00:00:00-05:00,25.478668212890625,25.744071006774902,25.036330223083496,25.478668212890625,89200,0.0,0.0
1998-03-26 00:00:00-05:00,25.50078773498535,25.655606047339987,24.770929976742057,25.50078773498535,85600,0.0,0.0
1998-03-27 00:00:00-05:00,25.65560913085937,26.00947960162985,25.3017386600889,25.65560913085937,64800,0.0,0.0
1998-03-30 00:00:00-05:00,25.832548141479496,25.832548141479496,25.47867761899348,25.83254814147949,45200,0.0,0.0
1998-03-31 00:00:00-05:00,25.3017406463623,25.478675895637565,25.03633777244941,25.301740646362305,46000,0.0,0.0
1998-04-01 00:00:00-05:00,25.3017406463623,25.3017406463623,24.77093489853652,25.301740646362305,85200,0.0,0.0
1998-04-02 00:00:00-05:00,25.124801635742188,25.655607304102936,25.124801635742188,25.124801635742188,102000,0.0,0.0
1998-04-03 00:00:00-05:00,25.124801635742188,25.655607304102936,24.770931190168355,25.124801635742188,109200,0.0,0.0
1998-04-06 00:00:00-04:00,25.50078773498535,25.83254126145957,25.12480040498123,25.50078773498535,235600,0.0,0.0
1998-04-07 00:00:00-04:00,25.21327018737793,25.6556082608407,24.85939972860772,25.21327018737793,45600,0.0,0.0
1998-04-08 00:00:00-04:00,25.3017406463623,25.34597445868112,24.773699511806445,25.301740646362305,848000,0.0,0.0
1998-04-09 00:00:00-04:00,25.25750541687012,25.301739226707017,24.94786874801181,25.25750541687012,494800,0.0,0.0
1998-04-13 00:00:00-04:00,25.21327018737793,25.478673031455592,24.947867343300267,25.21327018737793,26400,0.0,0.0
1998-04-14 00:00:00-04:00,27.159555435180664,27.38072445338246,24.947865253162693,27.159555435180664,566400,0.0,0.0
1998-04-15 00:00:00-04:00,29.41548538208008,29.7251220703125,29.0173810686384,29.41548538208008,225200,0.0,0.0
1998-04-16 00:00:00-04:00,29.41548538208008,29.41548538208008,28.13270481654576,29.41548538208008,156400,0.0,0.0
1998-04-17 00:00:00-04:00,29.7251205444336,29.7251205444336,29.01737957908994,29.7251205444336,50400,0.0,0.0
1998-04-20 00:00:00-04:00,31.052133560180664,31.14060117716124,30.078989773394376,31.052133560180664,56800,0.0,0.0
1998-04-21 00:00:00-04:00,30.96365737915039,31.49446293422154,30.698254601614817,30.96365737915039,17200,0.0,0.0
1998-04-22 00:00:00-04:00,29.902050018310547,31.140596468773115,29.459712000288203,29.902050018310547,17200,0.0,0.0
1998-04-23 00:00:00-04:00,30.21169662475586,30.432865706928304,29.327020296066085,30.21169662475586,162000,0.0,0.0
1998-04-24 00:00:00-04:00,29.902050018310547,29.902050018310547,29.902050018310547,29.902050018310547,0,0.0,0.0
1998-04-27 00:00:00-04:00,29.902050018310547,29.902050018310547,29.902050018310547,29.902050018310547,0,0.0,0.0
1998-04-28 00:00:00-04:00,29.548185348510746,29.7251205901186,28.840444382079347,29.548185348510746,17200,0.0,0.0
1998-04-29 00:00:00-04:00,29.548185348510746,29.7251205901186,29.0173796236872,29.548185348510746,17200,0.0,0.0
1998-04-30 00:00:00-04:00,30.60979652404785,30.60979652404785,30.03475699397181,30.60979652404785,17200,0.0,0.0
1998-05-01 00:00:00-04:00,30.521329879760746,30.7867327482804,30.05687485985134,30.521329879760746,17600,0.0,0.0
1998-05-04 00:00:00-04:00,30.96365737915039,31.405995341709684,30.432851824079243,30.96365737915039,20400,0.0,0.0
1998-05-05 00:00:00-04:00,30.7867259979248,31.494466825463302,30.609790791040176,30.786725997924805,20400,0.0,0.0
1998-05-06 00:00:00-04:00,31.494478225708008,31.67141349663895,30.875204777449703,31.494478225708008,20400,0.0,0.0
1998-05-07 00:00:00-04:00,30.43285560607909,31.14059643412745,30.07898519205492,30.4328556060791,20400,0.0,0.0
1998-05-08 00:00:00-04:00,31.140600204467773,31.31753543290225,30.07898883386092,31.140600204467773,20400,0.0,0.0
1998-05-11 00:00:00-04:00,30.60979652404785,30.96366700409465,30.07899080397766,30.60979652404785,20400,0.0,0.0
1998-05-12 00:00:00-04:00,30.43285560607909,30.609790813091188,29.90204998504284,30.4328556060791,20800,0.0,0.0
1998-05-13 00:00:00-04:00,30.69826889038086,31.14060705883015,30.432865989311285,30.69826889038086,20800,0.0,0.0
1998-05-14 00:00:00-04:00,30.7867259979248,30.87519360136712,30.0789851703863,30.786725997924805,20800,0.0,0.0
1998-05-15 00:00:00-04:00,31.140600204467773,31.140600204467773,30.609794519164343,31.140600204467773,20800,0.0,0.0
1998-05-18 00:00:00-04:00,30.69826889038086,30.87520415776057,30.432865989311285,30.69826889038086,20800,0.0,0.0
1998-05-19 00:00:00-04:00,31.58293151855469,31.67139911384476,30.96365835152421,31.582931518554688,20800,0.0,0.0
1998-05-20 00:00:00-04:00,31.494478225708008,31.511065907357786,31.317542954777064,31.494478225708008,20800,0.0,0.0
1998-05-21 00:00:00-04:00,32.290679931640625,32.55608278039384,31.494471385381,32.290679931640625,21200,0.0,0.0
1998-05-22 00:00:00-04:00,32.37914276123047,32.90994838026703,31.848337142193905,32.37914276123047,21200,0.0,0.0
1998-05-26 00:00:00-04:00,33.44075393676758,33.794624348796866,31.848337082635787,33.44075393676758,21200,0.0,0.0
1998-05-27 00:00:00-04:00,31.7598819732666,33.175364178203274,31.494479059840977,31.7598819732666,21200,0.0,0.0
1998-05-28 00:00:00-04:00,32.42338180541992,32.821486084067644,32.0252775267722,32.42338180541992,21200,0.0,0.0
1998-05-29 00:00:00-04:00,32.290679931640625,33.08688847790026,32.20221231538955,32.290679931640625,21200,0.0,0.0
1998-06-01 00:00:00-04:00,32.113739013671875,32.821479818380894,30.69825740425383,32.113739013671875,21200,0.0,0.0
1998-06-02 00:00:00-04:00,32.755130767822266,33.17535189178487,32.55607865647156,32.755130767822266,24400,0.0,0.0
1998-06-03 00:00:00-04:00,33.086891174316406,33.79463216200232,32.909955927394925,33.086891174316406,108800,0.0,0.0
1998-06-04 00:00:00-04:00,33.61769485473633,33.79463009081389,33.08688914650365,33.61769485473633,30400,0.0,0.0
1998-06-05 00:00:00-04:00,35.12164688110352,35.38704975426047,34.325438261632655,35.12164688110352,56400,0.0,0.0
1998-06-08 00:00:00-04:00,36.09479141235352,36.09479141235352,35.21011515224681,36.09479141235352,75200,0.0,0.0
1998-06-09 00:00:00-04:00,36.802528381347656,37.156398846552925,36.094787450937126,36.802528381347656,89600,0.0,0.0
1998-06-10 00:00:00-04:00,36.97945785522461,37.06792545774907,36.6421751206001,36.97945785522461,78400,0.0,0.0
1998-06-11 00:00:00-04:00,36.6255989074707,37.33333994916096,36.09479312620301,36.6255989074707,77200,0.0,0.0
1998-06-12 00:00:00-04:00,36.18325424194336,36.18325424194336,36.18325424194336,36.18325424194336,80800,0.0,0.0
1998-06-15 00:00:00-04:00,36.09479141235352,36.625597168417535,35.8459762141985,36.09479141235352,65600,0.0,0.0
1998-06-16 00:00:00-04:00,37.687198638916016,38.04106904867109,37.1563930242834,37.687198638916016,323200,0.0,0.0
1998-06-17 00:00:00-04:00,39.8104248046875,40.42969807942709,38.7488134765625,39.8104248046875,126400,0.0,0.0
1998-06-18 00:00:00-04:00,40.075828552246094,40.51816661573667,39.63349048875552,40.075828552246094,433600,0.0,0.0
1998-06-19 00:00:00-04:00,39.8104248046875,40.34123046875,39.633489583333336,39.8104248046875,162800,0.0,0.0
1998-06-22 00:00:00-04:00,39.10268020629883,39.987356229065774,38.39493938808528,39.10268020629883,314800,0.0,0.0
1998-06-23 00:00:00-04:00,38.92574691772461,38.92574691772461,38.76539938070557,38.92574691772461,342800,0.0,0.0
1998-06-24 00:00:00-04:00,39.27961730957031,39.45655252267648,38.21800603093328,39.27961730957031,128400,0.0,0.0
1998-06-25 00:00:00-04:00,40.51817321777344,41.04897898045169,39.8104322008691,40.51817321777344,94800,0.0,0.0
1998-06-26 00:00:00-04:00,40.16429138183594,40.87203219913701,40.16429138183594,40.16429138183594,83200,0.0,0.0
1998-06-29 00:00:00-04:00,39.8104248046875,40.16429524739584,39.279619140625,39.8104248046875,363600,0.0,0.0
1998-06-30 00:00:00-04:00,40.075828552246094,40.16429616494421,39.45655526335929,40.075828552246094,102000,0.0,0.0
1998-07-01 00:00:00-04:00,39.08056640625,40.164294620118845,39.08056640625,39.08056640625,198000,0.0,0.0
1998-07-02 00:00:00-04:00,38.39495468139648,38.92576050648492,37.864148856308056,38.39495468139648,256800,0.0,0.0
1998-07-06 00:00:00-04:00,38.04107666015625,38.218011900436046,36.80252997819768,38.04107666015625,177600,0.0,0.0
1998-07-07 00:00:00-04:00,38.04107666015625,38.92575286155523,37.95260904001636,38.04107666015625,103200,0.0,0.0
1998-07-08 00:00:00-04:00,38.04107666015625,38.39494714071584,37.51027093931686,38.04107666015625,136400,0.0,0.0
1998-07-09 00:00:00-04:00,36.6255989074707,37.51027520958352,36.271728386625576,36.6255989074707,151200,0.0,0.0
1998-07-10 00:00:00-04:00,35.21010971069336,35.56398016004706,33.9715631379554,35.21010971069336,482400,0.0,0.0
1998-07-13 00:00:00-04:00,36.44865036010742,36.62558555603027,35.563974380493164,36.44865036010742,300800,0.0,0.0
1998-07-14 00:00:00-04:00,36.802528381347656,37.156398846552925,36.27172268353976,36.802528381347656,193200,0.0,0.0
1998-07-15 00:00:00-04:00,37.95260620117188,38.21800904173951,37.02369625918515,37.95260620117188,112800,0.0,0.0
1998-07-16 00:00:00-04:00,38.8372802734375,39.19115070873078,38.041071794027616,38.8372802734375,156000,0.0,0.0
1998-07-17 00:00:00-04:00,39.4565544128418,39.8104248560063,38.57187830493055,39.4565544128418,190000,0.0,0.0
1998-07-20 00:00:00-04:00,38.92574691772461,39.810422984036535,38.571876491199845,38.92574691772461,494800,0.0,0.0
1998-07-21 00:00:00-04:00,41.04896926879883,41.57977490589536,40.16429320697127,41.04896926879883,676000,0.0,0.0
1998-07-22 00:00:00-04:00,40.783573150634766,41.53554792673107,40.34123504704871,40.783573150634766,182000,0.0,0.0
1998-07-23 00:00:00-04:00,40.69508361816406,41.048953910495925,40.16427817966627,40.69508361816406,115200,0.0,0.0
1998-07-24 00:00:00-04:00,41.668251037597656,41.7567186618813,39.456560430506485,41.668251037597656,193600,0.0,0.0
1998-07-27 00:00:00-04:00,40.16429138183594,41.04896740346228,38.57187454290852,40.16429138183594,534400,0.0,0.0
1998-07-28 00:00:00-04:00,40.60663986206055,40.69510748703236,39.63349598737064,40.60663986206055,327500,0.0,4.0
1998-07-29 00:00:00-04:00,40.783573150634766,41.40284649565525,39.987364564179856,40.783573150634766,610800,0.0,0.0
1998-07-30 00:00:00-04:00,43.17218780517578,43.87992858886719,41.13743305206299,43.17218780517578,799000,0.0,0.0
1998-07-31 00:00:00-04:00,43.52606201171875,44.056867646008,42.81832116599975,43.52606201171875,1064100,0.0,0.0
1998-08-03 00:00:00-04:00,42.46444846250328,42.55291606346682,41.93364285672199,42.15481185913086,1467900,0.0,0.0
1998-08-04 00:00:00-04:00,41.57977663834709,41.62401044328151,38.92574834228238,38.9699821472168,989600,0.0,0.0
1998-08-05 00:00:00-04:00,38.79304646902584,39.19115070873078,38.21800701167426,38.8372802734375,1120800,0.0,0.0
1998-08-06 00:00:00-04:00,38.08530472384559,38.66034416799192,37.86413570686623,38.2180061340332,624000,0.0,0.0
1998-08-07 00:00:00-04:00,38.35070611151456,38.35070611151456,37.952601895824095,38.173770904541016,745100,0.0,0.0
1998-08-10 00:00:00-04:00,38.17377523497824,38.21800904173951,37.51026813355915,37.95260620117188,483500,0.0,0.0
1998-08-11 00:00:00-04:00,34.856244648204125,36.4486619163962,34.10426982711343,36.09479141235352,1171900,0.0,0.0
1998-08-12 00:00:00-04:00,38.218010922319095,39.10268710107648,37.90837425975401,38.12954330444336,887500,0.0,0.0
1998-08-13 00:00:00-04:00,37.42180077504304,37.51026838916843,36.49289082672637,36.53712463378906,606600,0.0,0.0
1998-08-14 00:00:00-04:00,37.15639870121794,38.21801009268131,37.06793108526266,37.51026916503906,669400,0.0,0.0
1998-08-17 00:00:00-04:00,37.466037903006615,38.704584610544025,37.15640122612226,38.66035079956055,479100,0.0,0.0
1998-08-18 00:00:00-04:00,39.19115468889051,40.56240276491263,39.01421945327475,40.38546752929688,592600,0.0,0.0
1998-08-19 00:00:00-04:00,40.07582763671875,40.07582763671875,39.456554361979165,39.8104248046875,431700,0.0,0.0
1998-08-20 00:00:00-04:00,39.76619830308535,39.76619830308535,39.10269110114288,39.32386016845703,428300,0.0,0.0
1998-08-21 00:00:00-04:00,37.33332967363166,37.51026488535503,36.27171840329142,37.3775634765625,977700,0.0,0.0
1998-08-24 00:00:00-04:00,37.42179875157613,37.51026636091792,36.9352269001963,37.06792831420898,186000,0.0,0.0
1998-08-25 00:00:00-04:00,37.2890977488811,37.86413721594569,37.20063013856346,37.554500579833984,452700,0.0,0.0
1998-08-26 00:00:00-04:00,36.44865695578303,37.023696446590286,36.094786499901645,36.890995025634766,361100,0.0,0.0
1998-08-27 00:00:00-04:00,34.3254310173717,34.3254310173717,32.64454650878906,32.64454650878906,993200,0.0,0.0
1998-08-28 00:00:00-04:00,34.41390451049805,34.502372131347656,32.9984225769043,33.17535781860352,1019400,0.0,0.0
1998-08-31 00:00:00-04:00,34.10426669618977,34.413903358801086,28.66350819601941,29.63665199279785,1366800,0.0,0.0
1998-09-01 00:00:00-04:00,32.46761814953398,35.12164688110352,31.75987715444877,35.12164688110352,1886000,0.0,0.0
1998-09-02 00:00:00-04:00,34.85624909155148,35.387054915280686,34.23697563053406,34.325443267822266,773000,0.0,0.0
1998-09-03 00:00:00-04:00,33.88308666824201,34.67929497115109,33.35228113296929,33.75038528442383,672200,0.0,0.0
1998-09-04 00:00:00-04:00,34.10426584036344,34.41390249520461,32.9099530288332,33.352291107177734,697100,0.0,0.0
1998-09-08 00:00:00-04:00,36.66983246916279,37.59874257996184,36.18326050636328,37.33333969116211,651600,0.0,0.0
1998-09-09 00:00:00-04:00,36.36018855466044,36.62559139082584,35.563980046164225,35.917850494384766,323600,0.0,0.0
1998-09-10 00:00:00-04:00,34.81200272200944,34.81200272200944,33.971560470779224,34.060028076171875,794500,0.0,0.0
1998-09-11 00:00:00-04:00,34.2369627921812,34.85623602098035,34.015793781895795,34.28119659423828,487500,0.0,0.0
1998-09-14 00:00:00-04:00,35.652442447722905,36.36018324072981,35.29857205121945,36.227481842041016,308600,0.0,0.0
1998-09-15 00:00:00-04:00,35.43127011177235,35.82937427033159,34.944698362422166,35.29856872558594,630600,0.0,0.0
1998-09-16 00:00:00-04:00,34.76777566110101,34.85624328364834,31.538707438123435,32.600318908691406,2351300,0.0,0.0
1998-09-17 00:00:00-04:00,30.25593087597212,30.52133377839292,29.06161781507848,29.15008544921875,1340200,0.0,0.0
1998-09-18 00:00:00-04:00,28.8404418084315,29.0173770342501,27.07108955024552,28.221168518066406,1218100,0.0,0.0
1998-09-21 00:00:00-04:00,27.20379434683532,29.37125113219293,26.8941576632128,29.28278350830078,1022300,0.0,0.0
1998-09-22 00:00:00-04:00,29.90205651988154,31.140603239639947,29.37125078284222,30.521329879760746,781800,0.0,0.0
1998-09-23 00:00:00-04:00,31.848337082635787,33.70615674578954,31.538700472110165,33.44075393676758,765400,0.0,0.0
1998-09-24 00:00:00-04:00,30.78673199244908,31.671408199128653,29.54818530309768,29.7251205444336,1094300,0.0,0.0
1998-09-25 00:00:00-04:00,29.10584432987873,30.74249515085976,28.530804852236752,30.167455673217773,855700,0.0,0.0
1998-09-28 00:00:00-04:00,30.609799721101552,31.140605496611983,30.609799721101552,31.00790405273437,402500,0.0,0.0
1998-09-29 00:00:00-04:00,30.43285809899229,30.43285809899229,29.061610132322585,29.680883407592773,764100,0.0,0.0
1998-09-30 00:00:00-04:00,28.3538734870776,28.39810729906992,27.380729623246538,27.55766487121582,597100,0.0,0.0
1998-10-01 00:00:00-04:00,25.69983817309868,26.097942378878177,25.30173396731918,25.39020156860352,812600,0.0,0.0
1998-10-02 00:00:00-04:00,24.770933363172745,24.770933363172745,22.20537240770128,23.88625717163086,1795100,0.0,0.0
1998-10-05 00:00:00-04:00,23.311220169067383,23.311220169067383,21.01106182221444,21.939971923828125,1665200,0.0,0.0
1998-10-06 00:00:00-04:00,24.01895877605176,24.151660205753707,22.69194447903233,23.178516387939453,1977400,0.0,0.0
1998-10-07 00:00:00-04:00,23.88625438675681,24.59399525747553,22.913110689518568,23.26698112487793,1139600,0.0,0.0
1998-10-08 00:00:00-04:00,22.91311608928524,23.001583718973595,21.49763401427148,22.603479385375977,1010100,0.0,0.0
1998-10-09 00:00:00-04:00,24.284355640411377,25.832538604736328,24.284355640411377,25.478668212890625,1509600,0.0,0.0
1998-10-12 00:00:00-04:00,26.18640899658203,26.49604558944702,25.478668212890625,25.478668212890625,1203300,0.0,0.0
1998-10-13 00:00:00-04:00,25.655607304102936,26.0537115553735,24.94786641295527,25.124801635742188,1162100,0.0,0.0
1998-10-14 00:00:00-04:00,24.947868189318427,26.49605149893925,24.68246533624057,25.65560913085937,658100,0.0,0.0
1998-10-15 00:00:00-04:00,26.05371200178858,28.663506582612904,25.96524438887928,28.221168518066406,1128000,0.0,0.0
1998-10-16 00:00:00-04:00,28.132702021444995,28.840442952802103,26.717220158730782,27.42496109008789,1017100,0.0,0.0
1998-10-19 00:00:00-04:00,27.6018943303748,28.13269999057432,27.336491500275045,27.95576477050781,439300,0.0,0.0
1998-10-20 00:00:00-04:00,26.717217513262213,27.6018935898603,25.699840025174414,26.097944259643555,1747200,0.0,0.0
1998-10-21 00:00:00-04:00,26.053707599639893,26.053707599639893,24.81516122817993,25.478668212890625,1466800,0.0,0.0
1998-10-22 00:00:00-04:00,26.54029063689403,26.672992090078505,25.47867901141827,25.87678337097168,1542400,0.0,0.0
1998-10-23 00:00:00-04:00,26.31911690508733,27.203793103577663,26.31911690508733,26.98262405395508,534900,0.0,0.0
1998-10-26 00:00:00-05:00,27.55766189491356,28.7519746897172,27.46919428048366,28.17693519592285,609800,0.0,0.0
1998-10-27 00:00:00-05:00,28.486568961556504,28.66350417249785,27.955763328732463,28.08846473693848,731200,0.0,0.0
1998-10-28 00:00:00-05:00,27.77883103027344,27.95576625976563,27.46919437866211,27.646129608154297,810200,0.0,0.0
1998-10-29 00:00:00-05:00,27.73459336017484,28.39810037836084,27.64612575775004,28.35386657714844,432900,0.0,0.0
1998-10-30 00:00:00-05:00,29.15008053205697,30.30015958188016,28.751976245579712,29.76935386657715,794200,0.0,0.0
1998-11-02 00:00:00-05:00,30.03475556407901,30.74249649047852,29.9020541403791,30.74249649047852,508500,0.0,0.0
1998-11-03 00:00:00-05:00,30.16745233745827,30.16745233745827,29.54817912231983,30.12321853637696,302000,0.0,0.0
1998-11-04 00:00:00-05:00,30.786737215721,31.494478301139875,30.786737215721,31.31754302978516,644200,0.0,0.0
1998-11-05 00:00:00-05:00,31.09635974445931,31.67139911384476,30.60978797036393,31.582931518554688,501800,0.0,0.0
1998-11-06 00:00:00-05:00,31.317528732684483,31.58293151855469,30.875190756234137,31.582931518554688,301400,0.0,0.0
1998-11-09 00:00:00-05:00,30.78673329596972,30.78673329596972,30.255927549487485,30.300161361694336,337100,0.0,0.0
1998-11-10 00:00:00-05:00,29.99052291462007,30.211691962663,29.37124958009989,29.76935386657715,375000,0.0,0.0
1998-11-11 00:00:00-05:00,30.344393391488744,30.69826386835742,29.725120056968567,29.76935386657715,307400,0.0,0.0
1998-11-12 00:00:00-05:00,29.548186379977224,29.902056875545814,29.194315884408635,29.28278350830078,742700,0.0,0.0
1998-11-13 00:00:00-05:00,29.19431559637857,29.41548465392689,28.575042235243263,28.61927604675293,453100,0.0,0.0
1998-11-16 00:00:00-05:00,30.34439849853516,30.432866132641674,30.123229413268863,30.34439849853516,554100,0.0,0.0
1998-11-17 00:00:00-05:00,29.99051756694399,30.963661204809423,29.85781616178052,30.786725997924805,297500,0.0,0.0
1998-11-18 00:00:00-05:00,30.255930721931566,30.96367179145044,30.12322927139678,30.69826889038086,237800,0.0,0.0
1998-11-19 00:00:00-05:00,30.96366700409465,31.0963684341122,30.388627474018605,30.60979652404785,269000,0.0,0.0
1998-11-20 00:00:00-05:00,30.875198892700723,30.875198892700723,30.43286079968209,30.654029846191406,244500,0.0,0.0
1998-11-23 00:00:00-05:00,30.3886335872342,31.7598819732666,30.255932130521387,31.7598819732666,543500,0.0,0.0
1998-11-24 00:00:00-05:00,30.69826678805881,31.052137298583983,29.01738186306424,29.857824325561523,871700,0.0,0.0
1998-11-25 00:00:00-05:00,30.123218993807946,30.609790813091188,29.857816183289813,30.4328556060791,401300,0.0,0.0
1998-11-27 00:00:00-05:00,31.05213585491745,31.538707784268013,31.05213585491745,31.361772537231445,235100,0.0,0.0
1998-11-30 00:00:00-05:00,31.36177096796529,31.36177096796529,29.72512001477105,29.9462890625,434100,0.0,0.0
1998-12-01 00:00:00-05:00,29.15007731426193,29.63664916624506,28.663505462278803,29.371246337890625,667100,0.0,0.0
1998-12-02 00:00:00-05:00,29.503951008925643,29.813587676185733,28.92891148401405,29.76935386657715,545300,0.0,0.0
1998-12-03 00:00:00-05:00,29.81358635642312,30.52132727883079,29.19431304931641,29.194313049316406,354000,0.0,0.0
1998-12-04 00:00:00-05:00,29.54818155679358,29.85781818987376,28.39810263392437,29.371246337890625,646800,0.0,0.0
1998-12-07 00:00:00-05:00,29.371248350552985,29.459715966066696,28.48657219541585,28.840442657470703,769500,0.0,0.0
1998-12-08 00:00:00-05:00,28.3981018611363,28.575037075224376,27.690361004783995,27.86729621887207,835200,0.0,0.0
1998-12-09 00:00:00-05:00,27.513428669709427,27.73459771046272,27.071090588202843,27.601896286010746,500000,0.0,0.0
1998-12-10 00:00:00-05:00,27.6903698181256,27.6903698181256,26.00948474929369,26.05371856689453,851100,0.0,0.0
1998-12-11 00:00:00-05:00,25.61137009676172,25.61137009676172,24.947863099436283,25.080564498901367,1138800,0.0,0.0
1998-12-14 00:00:00-05:00,25.301733016967773,25.434434413909912,24.54975843429565,24.593992233276367,1197600,0.0,0.0
1998-12-15 00:00:00-05:00,25.301737802070484,25.78830968287953,24.992101150646544,25.21327018737793,940600,0.0,0.0
1998-12-16 00:00:00-05:00,26.274880007088903,26.45181522599185,25.56713913147708,25.699840545654297,1538800,0.0,0.0
1998-12-17 00:00:00-05:00,26.23064845085144,26.80568796157837,26.186414642333983,26.54028511047364,481300,0.0,0.0
1998-12-18 00:00:00-05:00,26.672987654754326,26.672987654754326,25.56714239543616,25.92101287841797,496100,0.0,0.0
1998-12-21 00:00:00-05:00,25.92100956928299,26.186412397637422,25.522905326751346,25.699840545654297,965700,0.0,0.0
1998-12-22 00:00:00-05:00,26.54028511047364,26.982623195648195,26.186414642333983,26.54028511047364,1236900,0.0,0.0
1998-12-23 00:00:00-05:00,27.38073011073269,27.60189917463198,27.24802867239311,27.513431549072266,1253500,0.0,0.0
1998-12-24 00:00:00-05:00,27.64613249520046,27.778833931177424,27.292261999261896,27.55766487121582,166300,0.0,0.0
1998-12-28 00:00:00-05:00,28.44234031512413,28.663509368896484,28.132703639842845,28.663509368896484,701000,0.0,0.0
1998-12-29 00:00:00-05:00,28.79620411569012,28.84043791617505,27.867294305506565,28.04422950744629,611100,0.0,0.0
1998-12-30 00:00:00-05:00,28.04423150798785,28.04423150798785,26.894152613338505,27.159555435180664,240800,0.0,0.0
1998-12-31 00:00:00-05:00,26.894153297463987,26.894153297463987,25.47867154496588,25.522905349731445,648100,0.0,0.0
1999-01-04 00:00:00-05:00,27.15954992697856,27.42495269499464,24.41705465747909,24.46128845214844,2587600,0.0,0.0
1999-01-05 00:00:00-05:00,22.91311509427969,24.32859710782592,22.028438835813287,22.69194602966309,4437000,0.0,0.0
1999-01-06 00:00:00-05:00,23.709323392900007,23.97472626670113,22.868880959196463,23.753557205200195,2407400,0.0,0.0
1999-01-07 00:00:00-05:00,23.97472627679785,25.478675895637565,23.75355721520377,25.301740646362305,1699100,0.0,0.0
1999-01-08 00:00:00-05:00,24.94786652274753,25.03633413453033,24.1516580167024,24.41706085205078,1165800,0.0,0.0
1999-01-11 00:00:00-05:00,24.28436150123824,24.28436150123824,23.17851625983395,23.709321975708008,1024700,0.0,0.0
1999-01-12 00:00:00-05:00,23.090045973484617,23.17851358257843,22.69194173256247,22.73617553710937,804700,0.0,0.0
1999-01-13 00:00:00-05:00,22.64770461309524,23.70931576683408,22.470769420805432,23.22274398803711,1340600,0.0,0.0
1999-01-14 00:00:00-05:00,23.222750332206488,23.66508843377233,22.55924317985773,22.6477108001709,823700,0.0,0.0
1999-01-15 00:00:00-05:00,22.78041076660156,23.13428122511188,22.470774115405035,22.78041076660156,864000,0.0,0.0
1999-01-19 00:00:00-05:00,21.939971923828125,21.98420573819068,21.541867594565115,21.939971923828125,1453800,0.0,0.0
1999-01-20 00:00:00-05:00,21.01106071472168,21.63033408315558,20.52448878238076,21.01106071472168,2307400,0.0,0.0
1999-01-21 00:00:00-05:00,21.718800077632984,21.763033886345067,21.232228181800064,21.6745662689209,758700,0.0,0.0
1999-01-22 00:00:00-05:00,21.541860103607178,22.02843189239502,21.40915870666504,21.58609390258789,695600,0.0,0.0
1999-01-25 00:00:00-05:00,23.178516387939453,23.26698400774075,22.515009239429737,23.178516387939453,1177600,0.0,0.0
1999-01-26 00:00:00-05:00,23.70932488828092,26.451821423865653,23.665091073190844,26.186418533325195,2829600,0.0,0.0
1999-01-27 00:00:00-05:00,25.08056847051031,25.3017375046418,24.063190913505483,24.19589233398437,1826000,0.0,0.0
1999-01-28 00:00:00-05:00,23.48815292742715,23.842023404676524,23.22275006949012,23.709321975708008,1241000,0.0,0.0
1999-01-29 00:00:00-05:00,23.22274861414788,24.417061400018344,23.04581338661152,24.018957138061523,1042300,0.0,0.0
1999-02-01 00:00:00-05:00,23.84202349185944,23.84202349185944,23.00158110531893,23.355451583862305,561400,0.0,0.0
1999-02-02 00:00:00-05:00,22.64770701574901,22.691940818514144,21.939966171506853,22.29383659362793,757100,0.0,0.0
1999-02-03 00:00:00-05:00,21.93997360589936,22.6034808722068,21.80727215263787,22.470779418945312,575100,0.0,0.0
1999-02-04 00:00:00-05:00,22.64771150914634,22.824646755311544,22.33807482835723,22.669828414916992,559100,0.0,0.0
1999-02-05 00:00:00-05:00,23.134278302915725,23.222745906368555,22.69194028565156,23.04581069946289,489000,0.0,0.0
1999-02-08 00:00:00-05:00,22.69194532068764,22.824646755311544,22.205373393733325,22.669828414916992,436600,0.0,0.0
1999-02-09 00:00:00-05:00,21.98419954732883,22.028433349234927,21.586095330173983,21.63032913208008,643700,0.0,0.0
1999-02-10 00:00:00-05:00,21.232228259328,21.320695877075195,20.9225915972128,21.320695877075195,793200,0.0,0.0
1999-02-11 00:00:00-05:00,21.45339482294056,22.293837094354725,21.18799200038872,22.072668075561523,620100,0.0,0.0
1999-02-12 00:00:00-05:00,21.1879911482709,21.49762776212872,20.701419326494324,21.099523544311523,951800,0.0,0.0
1999-02-16 00:00:00-05:00,20.9225869178772,21.232223510742188,20.70141792297364,20.70141792297364,656700,0.0,0.0
1999-02-17 00:00:00-05:00,20.61295645808971,21.143762203791592,20.61295645808971,20.834125518798828,415700,0.0,0.0
1999-02-18 00:00:00-05:00,20.878354060599992,21.232224468406773,20.7014188566966,21.14375686645508,353100,0.0,0.0
1999-02-19 00:00:00-05:00,20.78988792043682,20.87835552860889,20.56871890000664,20.65718650817871,417100,0.0,0.0
1999-02-22 00:00:00-05:00,21.0552878468307,21.54185962480368,20.834118856842984,21.4533920288086,622100,0.0,0.0
1999-02-23 00:00:00-05:00,22.2053690032959,22.51500562286377,21.895732383728028,22.11690139770508,650000,0.0,0.0
1999-02-24 00:00:00-05:00,22.824649960975947,23.31122195626807,22.42654560119148,22.470779418945312,1011300,0.0,0.0
1999-02-25 00:00:00-05:00,22.161137563807827,22.38230660137078,21.67456568116933,22.249605178833008,280000,0.0,0.0
1999-02-26 00:00:00-05:00,22.42654174938798,22.6477108001709,21.763034597039223,22.6477108001709,618900,0.0,0.0
1999-03-01 00:00:00-05:00,22.470778499196168,22.603479947026067,21.851505075989976,22.38231086730957,635200,0.0,0.0
1999-03-02 00:00:00-05:00,21.85150195232028,22.11690481004077,21.71880052346004,21.807268142700195,799600,0.0,0.0
1999-03-03 00:00:00-05:00,21.187995068808355,21.49763173996004,20.17061743502424,20.74565696716309,1538700,0.0,0.0
1999-03-04 00:00:00-05:00,20.21484754008632,20.657185560657133,19.949444727743828,20.56871795654297,1626800,0.0,0.0
1999-03-05 00:00:00-05:00,20.61295270409268,20.87835552860889,20.17061466323232,20.65718650817871,610700,0.0,0.0
1999-03-08 00:00:00-05:00,20.39178755600208,20.48025518097389,20.25908611854437,20.30331993103028,1018100,0.0,0.0
1999-03-09 00:00:00-05:00,19.90521248072794,19.90521248072794,19.19747159252428,19.374406814575195,1840100,0.0,0.0
1999-03-10 00:00:00-05:00,18.35703034628005,18.66666700272333,17.9146922656468,18.57819938659668,2377800,0.0,0.0
1999-03-11 00:00:00-05:00,18.268561242640704,20.17061483448949,17.958924611409504,19.2417049407959,2661100,0.0,0.0
1999-03-12 00:00:00-05:00,18.88783361566321,18.93206741804181,18.4454955918772,18.6224308013916,1019800,0.0,0.0
1999-03-15 00:00:00-05:00,18.53396694407744,18.88783743465648,18.44549932143268,18.79936981201172,379900,0.0,0.0
1999-03-16 00:00:00-05:00,18.79936927972837,19.109005950218023,18.71090165958848,19.020538330078125,451500,0.0,0.0
1999-03-17 00:00:00-05:00,18.79936553644792,18.84359933771015,18.401261325087845,18.489728927612305,448800,0.0,0.0
1999-03-18 00:00:00-05:00,18.180095114026752,18.57819938659668,18.00315988177345,18.57819938659668,566300,0.0,0.0
1999-03-19 00:00:00-05:00,18.66666654774325,18.843601775683947,18.40126370583221,18.445497512817383,612800,0.0,0.0
1999-03-22 00:00:00-05:00,17.693522383527057,18.135860443115234,17.516587159691788,18.135860443115234,1011300,0.0,0.0
1999-03-23 00:00:00-05:00,17.339654597084664,17.38388840983233,16.808848844112685,16.85308265686035,925100,0.0,0.0
1999-03-24 00:00:00-05:00,17.649285078943898,17.958921659276246,17.472349890182553,17.671401977539062,666400,0.0,0.0
1999-03-25 00:00:00-05:00,17.693524528952207,18.79936981201172,17.2511864157284,18.79936981201172,2260600,0.0,0.0
1999-03-26 00:00:00-05:00,17.781989995444693,18.40126327886814,17.737756189485875,18.135860443115234,1091800,0.0,0.0
1999-03-29 00:00:00-05:00,18.357027987119988,18.75513220852741,18.268560382362782,18.6224308013916,584100,0.0,0.0
1999-03-30 00:00:00-05:00,18.84360510478088,19.06477417878065,18.578202215981143,18.66666984558105,682000,0.0,0.0
1999-03-31 00:00:00-05:00,18.843599813284616,19.153236429934832,18.578196999013,18.6224308013916,732500,0.0,0.0
1999-04-01 00:00:00-05:00,18.710902901256784,18.84360434027279,18.04739570617676,18.04739570617676,409700,0.0,0.0
1999-04-05 00:00:00-04:00,18.224328477891515,18.66666654774325,18.224328477891515,18.445497512817383,415500,0.0,0.0
1999-04-06 00:00:00-04:00,18.445497962406705,18.799368426913308,18.22432892209008,18.57819938659668,679800,0.0,0.0
1999-04-07 00:00:00-04:00,18.533965192389083,18.533965192389083,17.73775666383776,18.09162712097168,820200,0.0,0.0
1999-04-08 00:00:00-04:00,18.04739285924752,18.401263307468056,17.870457635137246,17.958925247192383,872900,0.0,0.0
1999-04-09 00:00:00-04:00,18.047393249950822,18.445497512817383,17.958925635980474,18.445497512817383,440400,0.0,0.0
1999-04-12 00:00:00-04:00,17.870458053330243,18.31279612395723,17.826224246267547,18.26856231689453,376100,0.0,0.0
1999-04-13 00:00:00-04:00,17.737756729125977,17.870458151039635,17.56082149990776,17.737756729125977,631400,0.0,0.0
1999-04-14 00:00:00-04:00,18.04739432891013,18.13586194816949,17.781991471132038,17.82622528076172,464500,0.0,0.0
1999-04-15 00:00:00-04:00,18.091627088643737,18.31279612395723,18.091627088643737,18.26856231689453,404300,0.0,0.0
1999-04-16 00:00:00-04:00,18.533965159270725,18.62243277339612,18.22432850983183,18.26856231689453,621400,0.0,0.0
1999-04-19 00:00:00-04:00,18.22432275465977,18.268556547753604,17.781984823721427,17.91468620300293,593200,0.0,0.0
1999-04-20 00:00:00-04:00,17.560821078150404,17.781990109361367,17.074249209486286,17.428119659423828,582800,0.0,0.0
1999-04-21 00:00:00-04:00,19.72827520640756,22.426537061992445,19.37440479911773,21.851497650146484,4937300,0.0,0.0
1999-04-22 00:00:00-04:00,21.2322268979998,21.4976297342248,20.436018389324808,20.922590255737305,1798600,0.0,0.0
1999-04-23 00:00:00-04:00,20.612955627110413,20.701423247827627,20.259085144241567,20.391786575317383,472600,0.0,0.0
1999-04-26 00:00:00-04:00,21.409166151477443,21.939971923828125,21.23223089402721,21.939971923828125,1212600,0.0,0.0
1999-04-27 00:00:00-04:00,22.072668558143707,22.293837581772404,21.4976290967091,22.02843475341797,728800,0.0,0.0
1999-04-28 00:00:00-04:00,21.851497650146484,22.29383565925876,21.58609484467912,21.851497650146484,619600,0.0,0.0
1999-04-29 00:00:00-04:00,21.851504295103013,21.98420573819068,21.674569037652784,21.939971923828125,437800,0.0,0.0
1999-04-30 00:00:00-04:00,22.293839473648376,22.691943749963524,21.895735197333224,22.205371856689453,730900,0.0,0.0
1999-05-03 00:00:00-04:00,22.470775429529088,23.3112178176414,22.38230780972779,23.178516387939453,676700,0.0,0.0
1999-05-04 00:00:00-04:00,22.65748167691165,22.92404028487532,22.390923068947988,22.701908111572266,565400,0.142,0.0
1999-05-05 00:00:00-04:00,22.39092263510061,22.92403984069824,21.94665829710258,22.92403984069824,420900,0.0,0.0
1999-05-06 00:00:00-04:00,22.47977593826921,22.74633454623288,22.16879089564493,22.701908111572266,484700,0.0,0.0
1999-05-07 00:00:00-04:00,22.302065030266256,22.746329273897057,22.25763860590317,22.6574764251709,381100,0.0,0.0
1999-05-10 00:00:00-04:00,21.85780528283888,22.30206961785593,21.502393814825243,22.035511016845703,517000,0.0,0.0
1999-05-11 00:00:00-04:00,22.524205684661865,23.368308067321777,22.390926361083984,23.101749420166016,624700,0.0,0.0
1999-05-12 00:00:00-04:00,22.87961768374616,23.4127349889985,22.568632589015632,23.23502922058105,827500,0.0,0.0
1999-05-13 00:00:00-04:00,23.50158505959784,24.61224597923857,23.50158505959784,24.03470230102539,1869000,0.0,0.0
1999-05-14 00:00:00-04:00,23.27945566268541,23.590440757415948,23.10174989426797,23.23502922058105,695000,0.0,0.0
1999-05-17 00:00:00-04:00,23.412727409836936,23.768138831618145,23.101742415778386,23.59043312072754,571800,0.0,0.0
1999-05-18 00:00:00-04:00,23.59043744948717,24.1679811158588,23.59043744948717,23.90142250061035,430600,0.0,0.0
1999-05-19 00:00:00-04:00,25.1897940208172,25.767337799072266,24.923235353930245,25.767337799072266,2546500,0.0,0.0
1999-05-20 00:00:00-04:00,25.63405610102344,26.522584908684564,25.05651237604371,26.16717338562012,1873600,0.0,0.0
1999-05-21 00:00:00-04:00,25.54519704468935,25.76732919290404,25.234212037188783,25.678476333618164,757800,0.0,0.0
1999-05-24 00:00:00-04:00,25.500771896877254,25.678477624381625,24.834375418735863,25.012081146240234,485600,0.0,0.0
1999-05-25 00:00:00-04:00,24.78995222905103,24.8343786667375,24.16798210144043,24.16798210144043,411600,0.0,0.0
1999-05-26 00:00:00-04:00,24.256831312179564,24.878801345825195,24.123552019255506,24.878801345825195,349800,0.0,0.0
1999-05-27 00:00:00-04:00,24.212405106731666,24.34568440089716,23.634861498681182,23.76814079284668,579900,0.0,0.0
1999-05-28 00:00:00-04:00,23.8125758108924,23.90142870570916,23.63487002125888,23.85700225830078,283500,0.0,0.0
1999-06-01 00:00:00-04:00,22.835186004638672,22.87961243655431,22.43534811739792,22.835186004638672,659300,0.0,0.0
1999-06-02 00:00:00-04:00,22.16879001300155,23.012892237945497,22.124363580109765,22.96846580505371,463300,0.0,0.0
1999-06-03 00:00:00-04:00,22.96847009658813,23.19060230255127,22.746337890625,22.746337890625,314600,0.0,0.0
1999-06-04 00:00:00-04:00,22.70190862707189,23.10174654809665,22.61305575573306,23.01289367675781,222100,0.0,0.0
1999-06-07 00:00:00-04:00,23.01289513169928,23.546012393437483,22.83518937778653,23.41273307800293,329200,0.0,0.0
1999-06-08 00:00:00-04:00,23.590440273284912,23.590440273284912,22.924043655395508,23.101749420166016,218200,0.0,0.0
1999-06-09 00:00:00-04:00,22.701911449432373,23.279455184936523,22.47977924346924,22.746337890625,245200,0.0,0.0
1999-06-10 00:00:00-04:00,22.74633207775297,22.74633207775297,22.16878848984128,22.39092063903809,121200,0.0,0.0
1999-06-11 00:00:00-04:00,22.65747864721287,22.70190507593289,22.07993507385254,22.07993507385254,768300,0.0,0.0
1999-06-14 00:00:00-04:00,22.07993748092652,22.30206964874268,22.07993748092652,22.21321678161621,203100,0.0,0.0
1999-06-15 00:00:00-04:00,22.5242009812292,22.835186004638672,22.47977454931356,22.835186004638672,146300,0.0,0.0
1999-06-16 00:00:00-04:00,24.07912751177808,25.500773416532503,23.8569953391602,25.41192054748535,2315100,0.0,0.0
1999-06-17 00:00:00-04:00,24.25683360744167,24.967656570297105,24.212407172263205,24.65667152404785,1967000,0.0,0.0
1999-06-18 00:00:00-04:00,24.78994927635052,24.78994927635052,23.768141331267973,24.079126358032227,705500,0.0,0.0
1999-06-21 00:00:00-04:00,24.16798117897727,24.52339266690341,24.07912830699573,24.434539794921875,277000,0.0,0.0
1999-06-22 00:00:00-04:00,23.45716094970703,23.63486671447754,23.01289653778076,23.101749420166016,675900,0.0,0.0
1999-06-23 00:00:00-04:00,23.057318703913182,23.23502443573525,23.01289227095767,23.14617156982422,757100,0.0,0.0
1999-06-24 00:00:00-04:00,23.101748008655644,23.590438831915662,23.101748008655644,23.41273307800293,265500,0.0,0.0
1999-06-25 00:00:00-04:00,23.368306639524747,23.590438831915662,23.368306639524747,23.41273307800293,238400,0.0,0.0
1999-06-28 00:00:00-04:00,23.368300982114288,23.67928597617284,23.235021698946333,23.59043312072754,78000,0.0,0.0
1999-06-29 00:00:00-04:00,23.501584577737688,23.90142250061035,23.457158141862948,23.90142250061035,372900,0.0,0.0
1999-06-30 00:00:00-04:00,23.90142258323917,24.656671995720707,23.679290403097543,24.612245559692383,341500,0.0,0.0
1999-07-01 00:00:00-04:00,24.390110564746447,24.78994844285704,24.079125548438203,24.701095581054688,429400,0.0,0.0
1999-07-02 00:00:00-04:00,24.70109343736792,25.678474832371684,24.65666701032229,25.456342697143555,858200,0.0,0.0
1999-07-06 00:00:00-04:00,25.45634494849613,25.45634494849613,24.834374914850507,24.878801345825195,392700,0.0,0.0
1999-07-07 00:00:00-04:00,23.8125652593408,23.945844542508745,23.50158026528224,23.59043312072754,749900,0.0,0.0
1999-07-08 00:00:00-04:00,22.87961441301121,23.45715807780567,22.79076154150437,23.368305206298828,431500,0.0,0.0
1999-07-09 00:00:00-04:00,23.27945233479199,23.368305206298828,22.835187977257792,23.368305206298828,419400,0.0,0.0
1999-07-12 00:00:00-04:00,23.368308067321777,24.301263332366943,23.279455184936523,23.990278244018555,684000,0.0,0.0
1999-07-13 00:00:00-04:00,23.901420087012173,23.901420087012173,23.2794500475732,23.76814079284668,521200,0.0,0.0
1999-07-14 00:00:00-04:00,23.81256877512172,24.612244592196703,23.723715906557832,24.52339172363281,1155400,0.0,0.0
1999-07-15 00:00:00-04:00,24.6122489001487,24.789954668380823,24.1679844795684,24.47896957397461,1320100,0.0,0.0
1999-07-16 00:00:00-04:00,24.256834976813373,24.34568785218632,24.079129226067487,24.16798210144043,484500,0.0,0.0
1999-07-19 00:00:00-04:00,24.07912738081338,24.52339172363281,23.901421643685605,24.52339172363281,882800,0.0,0.0
1999-07-20 00:00:00-04:00,23.990272949789173,24.167978675343164,23.634861498681182,23.76814079284668,1955300,0.0,0.0
1999-07-21 00:00:00-04:00,24.2124090142013,24.52339408410847,24.0791296985268,24.12355613708496,1054000,0.0,0.0
1999-07-22 00:00:00-04:00,23.990275372359832,24.123554679984053,23.81256962886087,23.90142250061035,915200,0.0,0.0
1999-07-23 00:00:00-04:00,24.434539794921875,24.70109841086648,24.301260486949573,24.434539794921875,227200,0.0,0.0
1999-07-26 00:00:00-04:00,24.30125855526208,24.43453785264012,24.07912639296536,24.25683212280273,503400,0.0,0.0
1999-07-27 00:00:00-04:00,24.47896428509946,24.47896428509946,23.90142066312797,24.25683212280273,517600,0.0,0.0
1999-07-28 00:00:00-04:00,24.07913112640381,24.12355756759644,23.812572479248047,23.990278244018555,332700,0.0,0.0
1999-07-29 00:00:00-04:00,23.10174654809665,23.146172983766064,22.568629320063646,23.01289367675781,1001200,0.0,0.0
1999-07-30 00:00:00-04:00,22.39092493903708,22.56863069252149,22.12436630881044,22.52420425415039,604400,0.0,0.0
1999-08-02 00:00:00-04:00,21.90223457138852,22.39092540361017,21.457970178459743,22.30207252502441,583200,0.0,0.0
1999-08-03 00:00:00-04:00,22.39092251586914,22.39092251586914,21.85780531311035,22.21321678161621,122500,0.0,0.0
1999-08-04 00:00:00-04:00,21.991085500133284,21.991085500133284,21.68010045265665,21.76895332336425,341000,0.0,0.0
1999-08-05 00:00:00-04:00,21.36911586847286,21.768953795325785,20.88042506898596,21.72452735900879,723000,0.0,0.0
1999-08-06 00:00:00-04:00,21.41353814128922,21.9466552734375,21.41353814128922,21.9466552734375,472200,0.0,0.0
1999-08-09 00:00:00-04:00,21.85780293025241,22.21321436001261,21.724523644092336,22.07993507385254,404000,0.0,0.0
1999-08-10 00:00:00-04:00,21.94665563524384,21.94665563524384,21.19140635224962,21.546817779541016,569100,0.0,0.0
1999-08-11 00:00:00-04:00,21.59124668182865,22.035511016845703,21.45796738132353,22.035511016845703,253900,0.0,0.0
1999-08-12 00:00:00-04:00,22.568627413144835,23.323876755710707,22.43534811739792,22.835186004638672,561100,0.0,0.0
1999-08-13 00:00:00-04:00,23.01288939900481,23.190595108649635,22.52419869748154,23.057315826416016,414100,0.0,0.0
1999-08-16 00:00:00-04:00,22.746337890625,23.146175861358643,22.524205684661865,23.101749420166016,329500,0.0,0.0
1999-08-17 00:00:00-04:00,23.3238778331063,23.723715738816693,23.19059853120284,23.45715713500977,253700,0.0,0.0
1999-08-18 00:00:00-04:00,23.27945566268541,23.27945566268541,22.924044125850525,23.23502922058105,192900,0.0,0.0
1999-08-19 00:00:00-04:00,23.01289227095767,23.190598002779737,22.8351865391356,23.14617156982422,104500,0.0,0.0
1999-08-20 00:00:00-04:00,23.146175861358643,23.279455184936523,22.924043655395508,23.101749420166016,587800,0.0,0.0
1999-08-23 00:00:00-04:00,23.01289367675781,23.235025855104897,22.92404080541898,23.01289367675781,330600,0.0,0.0
1999-08-24 00:00:00-04:00,22.74633410549903,22.92403984069824,22.657481237899425,22.92403984069824,328100,0.0,0.0
1999-08-25 00:00:00-04:00,23.101749420166016,23.279455184936523,22.96847009658813,23.279455184936523,573200,0.0,0.0
1999-08-26 00:00:00-04:00,23.90142250061035,24.1679811158588,23.85699606473561,23.90142250061035,552900,0.0,0.0
1999-08-27 00:00:00-04:00,23.99027682141046,24.3456883298758,23.901423944294123,24.12355613708496,424400,0.0,0.0
1999-08-30 00:00:00-04:00,24.123552243954663,24.256831538120164,23.67928793006968,23.76814079284668,326200,0.0,0.0
1999-08-31 00:00:00-04:00,23.768142172784515,23.945847908655804,23.3238778331063,23.45715713500977,806000,0.0,0.0
1999-09-01 00:00:00-04:00,23.679296468667257,23.90142870570916,23.19060554717506,23.85700225830078,305500,0.0,0.0
1999-09-02 00:00:00-04:00,23.32388210478977,23.45716143110286,23.10174989426797,23.23502922058105,201500,0.0,0.0
1999-09-03 00:00:00-04:00,23.901423944294123,24.16798257564313,23.72371819006145,24.12355613708496,690600,0.0,0.0
1999-09-07 00:00:00-04:00,24.567820109374136,25.32306955215779,24.434540795941725,25.05651092529297,1738600,0.0,0.0
1999-09-08 00:00:00-04:00,25.27864233441528,27.14455266489935,25.10093658865488,26.74471473693848,4362700,0.0,0.0
1999-09-09 00:00:00-04:00,26.655861437808472,27.45553728094273,26.389302823430388,27.14455223083496,2957500,0.0,0.0
1999-09-10 00:00:00-04:00,27.45552939518242,27.94422004784748,27.18897085736512,27.89979362487793,2612000,0.0,0.0
1999-09-13 00:00:00-04:00,27.366682052612305,27.67766707593745,27.14454989309435,27.366682052612305,2071400,0.0,0.0
1999-09-14 00:00:00-04:00,27.05569979201916,27.277831974219644,26.611435427618183,26.74471473693848,721500,0.0,0.0
1999-09-15 00:00:00-04:00,25.989459821691064,26.122739102827943,25.367489843052304,25.456342697143555,1446200,0.0,0.0
1999-09-16 00:00:00-04:00,25.14536523393981,25.27864455496776,24.478968628800065,24.92323303222656,1026600,0.0,0.0
1999-09-17 00:00:00-04:00,25.18978636264801,25.36749208654676,24.56781632900238,24.878801345825195,1029700,0.0,0.0
1999-09-20 00:00:00-04:00,25.67848113442765,26.522583455455543,25.589628258529974,26.122745513916016,807200,0.0,0.0
1999-09-21 00:00:00-04:00,25.76733445874149,26.07831952979528,25.6340551425756,25.72290802001953,430400,0.0,0.0
1999-09-22 00:00:00-04:00,25.90061521530152,26.12274742126465,25.456350803375244,25.94504165649414,371500,0.0,0.0
1999-09-23 00:00:00-04:00,26.611431356119866,26.83356350433455,25.678476333618164,25.678476333618164,1373600,0.0,0.0
1999-09-24 00:00:00-04:00,25.500775395212944,26.300451278686523,25.500775395212944,26.300451278686523,972300,0.0,0.0
1999-09-27 00:00:00-04:00,26.38930278037911,26.92242000826556,26.300449909064703,26.789140701293945,1103900,0.0,0.0
1999-09-28 00:00:00-04:00,26.30045601835219,26.567014694213867,25.85619155858273,26.567014694213867,876000,0.0,0.0
1999-09-29 00:00:00-04:00,26.16717668042136,26.833573370075545,26.122750234444407,26.567014694213867,609400,0.0,0.0
1999-09-30 00:00:00-04:00,26.344879627227783,26.922423362731934,26.211600303649902,26.83357048034668,959000,0.0,0.0
1999-10-01 00:00:00-04:00,26.478156118297896,26.74471473693848,26.3893032454177,26.74471473693848,556200,0.0,0.0
1999-10-04 00:00:00-04:00,26.96684697551914,27.32225846778298,26.8335676659202,27.27783203125,1059000,0.0,0.0
1999-10-05 00:00:00-04:00,27.45553924706564,28.033082952910064,27.45553924706564,27.855377197265625,1224400,0.0,0.0
1999-10-06 00:00:00-04:00,28.52177247107929,29.58800695597945,28.52177247107929,29.410301208496094,1563700,0.0,0.0
1999-10-07 00:00:00-04:00,28.921605598707146,29.27701703463596,28.432914874305023,28.96603202819824,1172500,0.0,0.0
1999-10-08 00:00:00-04:00,28.29963830846864,28.69947621235595,28.25521187470338,28.52177047729492,1632400,0.0,0.0
1999-10-11 00:00:00-04:00,28.7439107998397,29.010469478045323,28.52177856800168,28.65505790710449,602300,0.0,0.0
1999-10-12 00:00:00-04:00,27.810948832651203,27.89980170432101,27.499963781806866,27.677669525146484,901900,0.0,0.0
1999-10-13 00:00:00-04:00,26.344873567989893,26.43372642993927,24.78994848387582,24.878801345825195,6133900,0.0,0.0
1999-10-14 00:00:00-04:00,25.58962547172934,26.433727700831525,25.411919739286777,26.21159553527832,1766600,0.0,0.0
1999-10-15 00:00:00-04:00,25.678478710366285,25.85618444538612,25.27864080657165,25.634052276611328,979000,0.0,0.0
1999-10-18 00:00:00-04:00,25.634051304692807,25.722904168833857,24.96765482363493,25.54519844055176,662700,0.0,0.0
1999-10-19 00:00:00-04:00,25.81176233291626,26.07832098007202,25.589630126953125,25.94504165649414,370400,0.0,0.0
1999-10-20 00:00:00-04:00,24.52339172363281,24.78995032932448,24.167980249377266,24.52339172363281,2366200,0.0,0.0
1999-10-21 00:00:00-04:00,23.768142724966072,24.034701334965693,23.368304809966645,23.94584846496582,2028400,0.0,0.0
1999-10-22 00:00:00-04:00,24.390110564746447,24.745522011955867,24.345684133845268,24.701095581054688,1124600,0.0,0.0
1999-10-25 00:00:00-04:00,24.07912738081338,24.656671026478644,24.07912738081338,24.52339172363281,586900,0.0,0.0
1999-10-26 00:00:00-04:00,24.8788000036169,25.32306428939577,24.83437357503901,25.18978500366211,929800,0.0,0.0
1999-10-27 00:00:00-04:00,25.234210561915425,25.456342697143555,25.056504853732925,25.456342697143555,1004000,0.0,0.0
1999-10-28 00:00:00-04:00,25.41191627009793,25.50076912418918,25.1897841348698,25.456342697143555,460500,0.0,0.0
1999-10-29 00:00:00-04:00,25.811761859339526,26.25602626311473,25.811761859339526,25.98946762084961,638800,0.0,0.0
1999-11-01 00:00:00-05:00,25.900610908994164,26.12274307802499,25.76733160757567,25.81175804138184,290100,0.0,0.0
1999-11-02 00:00:00-05:00,25.81176328495196,26.167174827601904,25.545204627964505,25.856189727783203,383800,0.0,0.0
1999-11-03 00:00:00-05:00,26.03388919332753,26.167168489539105,25.36749271226966,25.54519844055176,768900,0.0,0.0
1999-11-04 00:00:00-05:00,25.856182827268327,26.03388855116708,24.65666919095176,24.878801345825195,614900,0.0,0.0
1999-11-05 00:00:00-05:00,24.745523051743792,25.32306667772704,24.61224375343997,25.14536094665528,393500,0.0,0.0
1999-11-08 00:00:00-05:00,25.234213416058083,25.54519844055176,25.14536055191704,25.54519844055176,757800,0.0,0.0
1999-11-09 00:00:00-05:00,25.72290120183479,25.767327628780965,25.10093122458835,25.278636932373047,492000,0.0,0.0
1999-11-10 00:00:00-05:00,25.456350803375244,26.12274742126465,25.411924362182617,25.94504165649414,731500,0.0,0.0
1999-11-11 00:00:00-05:00,26.4781566020871,26.922420974605338,26.344877290331628,26.87799453735352,534900,0.0,0.0
1999-11-12 00:00:00-05:00,26.789141662849868,26.922420974605338,26.3004508530798,26.87799453735352,262200,0.0,0.0
1999-11-15 00:00:00-05:00,25.945037458410216,26.522581100463867,25.945037458410216,26.522581100463867,566700,0.0,0.0
1999-11-16 00:00:00-05:00,26.655861437808472,27.188978666564644,26.56700856634912,27.14455223083496,776300,0.0,0.0
1999-11-17 00:00:00-05:00,26.8779891769358,26.966842033719058,26.21159275106136,26.478151321411133,925800,0.0,0.0
1999-11-18 00:00:00-05:00,26.389304154628032,26.433730592598785,25.900613336949736,26.300451278686523,716500,0.0,0.0
1999-11-19 00:00:00-05:00,25.63405470912521,26.300451278686523,25.589628271154453,26.300451278686523,1331700,0.0,0.0
1999-11-22 00:00:00-05:00,25.456346982008927,25.54519985105608,25.056509071296745,25.41192054748535,1069400,0.0,0.0
1999-11-23 00:00:00-05:00,25.27864358250272,25.32307002113629,24.523394125731983,24.834379196166992,501700,0.0,0.0
1999-11-24 00:00:00-05:00,24.65667391336093,24.834379671295057,24.43454171594325,24.789953231811523,850800,0.0,0.0
1999-11-26 00:00:00-05:00,24.967658049671364,25.18979023872538,24.87880517404976,25.05651092529297,233000,0.0,0.0
1999-11-29 00:00:00-05:00,24.390111923217773,24.4345383565934,23.99027402283716,24.390111923217773,800500,0.0,0.0
1999-11-30 00:00:00-05:00,24.16798739015945,24.256840284976214,23.8125758108924,23.85700225830078,627900,0.0,0.0
1999-12-01 00:00:00-05:00,23.54601287841797,23.59043931781121,23.19060136327204,23.54601287841797,660700,0.0,0.0
1999-12-02 00:00:00-05:00,24.96765471436414,25.056507578116328,24.434537531851028,25.012081146240234,2044800,0.0,0.0
1999-12-03 00:00:00-05:00,25.94504028018656,27.01127481224902,25.85618740251469,26.96684837341309,2270800,0.0,0.0
1999-12-06 00:00:00-05:00,28.56619607820744,29.27701899772737,28.47734321326744,29.143739700317383,2108600,0.0,0.0
1999-12-07 00:00:00-05:00,29.01046327665853,29.67685982972113,28.61062534482097,29.410301208496094,1314900,0.0,0.0
1999-12-08 00:00:00-05:00,29.410297353216944,29.8545616636885,29.14373876693401,29.23259162902832,1031700,0.0,0.0
1999-12-09 00:00:00-05:00,29.49915885925293,29.632438191448347,29.01046797453639,29.49915885925293,821300,0.0,0.0
1999-12-10 00:00:00-05:00,31.05408059197504,33.40868183857686,31.05408059197504,32.87556457519531,1426300,0.0,0.0
1999-12-13 00:00:00-05:00,33.31982590431391,39.095262394394986,33.31982590431391,38.20673370361328,4152100,0.0,0.0
1999-12-14 00:00:00-05:00,34.47491138386276,37.673614501953125,33.497529875557376,37.673614501953125,2465500,0.0,0.0
1999-12-15 00:00:00-05:00,33.36424894603348,37.49590693801898,32.786705355755934,36.02983474731445,2054200,0.0,0.0
1999-12-16 00:00:00-05:00,35.896554432744566,35.98540729025136,35.27458443019701,35.763275146484375,883100,0.0,0.0
1999-12-17 00:00:00-05:00,35.89655326176616,37.4070517901078,35.76327397985366,36.60737609863281,796000,0.0,0.0
1999-12-20 00:00:00-05:00,36.07426469063645,38.11788067064787,35.63000034715571,37.14049911499024,1275200,0.0,0.0
1999-12-21 00:00:00-05:00,37.05164731966032,38.38444038871285,37.00722088402524,38.11788177490234,594900,0.0,0.0
1999-12-22 00:00:00-05:00,37.31820813844125,37.31820813844125,35.54115060803929,36.11869430541992,590200,0.0,0.0
1999-12-23 00:00:00-05:00,35.496715654375535,35.94097993040026,35.27458351636317,35.85212707519531,383100,0.0,0.0
1999-12-27 00:00:00-05:00,35.85212837391762,35.85212837391762,34.69704121441099,35.36343765258789,399400,0.0,0.0
1999-12-28 00:00:00-05:00,35.31900649680231,36.07425569233141,35.23015365026947,35.45228576660156,574500,0.0,0.0
1999-12-29 00:00:00-05:00,35.496724169779235,36.11869430541992,35.36344485499909,36.11869430541992,283400,0.0,0.0
1999-12-30 00:00:00-05:00,35.54114747845956,37.629189892819056,35.54114747845956,37.14049911499024,323200,0.0,0.0
1999-12-31 00:00:00-05:00,37.67361387914541,37.85131960499043,36.9627909757653,37.00721740722656,177300,0.0,0.0
2000-01-03 00:00:00-05:00,37.36262287785743,37.5847549996045,35.7188451769291,36.47409439086914,665800,0.0,0.0
2000-01-04 00:00:00-05:00,35.23016988784872,36.02984587521477,33.05327414446336,33.230979919433594,2358800,0.0,0.0
2000-01-05 00:00:00-05:00,31.54276902070489,33.14212068936035,30.74309318637716,32.03145980834961,1433100,0.0,0.0
2000-01-06 00:00:00-05:00,33.05327718835687,33.31983587535975,31.809336649010103,31.89818954467773,957100,0.0,0.0
2000-01-07 00:00:00-05:00,38.02903025945028,42.64937973022461,37.85132451057434,42.64937973022461,4356100,0.0,0.0
2000-01-10 00:00:00-05:00,41.5831419752835,42.87150855357754,41.22773050540928,42.60494995117188,2478400,0.0,0.0
2000-01-11 00:00:00-05:00,41.3165745565786,42.2495294659207,40.91673673828913,41.27214813232422,1257400,0.0,0.0
2000-01-12 00:00:00-05:00,42.604953324499206,43.449055632283866,42.2051153892328,43.004791259765625,735700,0.0,0.0
2000-01-13 00:00:00-05:00,45.003973427272975,45.84807559422084,43.76003339177086,44.78184127807617,1256100,0.0,0.0
2000-01-14 00:00:00-05:00,45.44824153518677,45.44824153518677,44.07102209472656,44.42643356323242,454000,0.0,0.0
2000-01-18 00:00:00-05:00,42.78265534072626,43.537904708111874,42.38281744034564,43.360198974609375,630800,0.0,0.0
2000-01-19 00:00:00-05:00,42.20511308064319,43.22692108154297,42.20511308064319,43.22692108154297,306700,0.0,0.0
2000-01-20 00:00:00-05:00,44.51528636870846,44.648565669213575,43.31577266416242,44.071022033691406,568600,0.0,0.0
2000-01-21 00:00:00-05:00,43.22691596426616,43.715606689453125,42.87150452776653,43.715606689453125,441200,0.0,0.0
2000-01-24 00:00:00-05:00,44.07102209472656,45.848079437255855,44.07102209472656,44.42643356323242,1249200,0.0,0.0
2000-01-25 00:00:00-05:00,45.89250090225883,46.55889733355978,45.403810185971466,45.981353759765625,1192900,0.0,0.0
2000-01-26 00:00:00-05:00,45.75922731040181,49.757606395776726,45.40381583614626,49.046783447265625,2387600,0.0,0.0
2000-01-27 00:00:00-05:00,48.15824293416527,49.3577563651823,47.66955227708425,48.73578643798828,1656100,0.0,0.0
2000-01-28 00:00:00-05:00,49.04678481539127,50.734989365196405,48.380388282573456,48.5580940246582,1735600,0.0,0.0
2000-01-31 00:00:00-05:00,46.64775797184682,46.78103728033781,45.359391323100574,46.33677291870117,609200,0.0,0.0
2000-02-01 00:00:00-05:00,46.55889579650936,47.35857148767079,46.2034843782154,47.22529220581055,422500,0.0,0.0
2000-02-02 00:00:00-05:00,45.89251375198364,46.69218969345093,45.44824934005737,46.20349884033203,856700,0.0,0.0
2000-02-03 00:00:00-05:00,46.60333492351028,47.18087863562242,46.11464409018463,47.09202575683594,656200,0.0,0.0
2000-02-04 00:00:00-05:00,47.93613098061453,49.6687622208777,47.93613098061453,48.95793914794922,438300,0.0,0.0
2000-02-07 00:00:00-05:00,48.91349213147228,48.95791855484329,47.53627300697125,48.73578643798828,488700,0.0,0.0
2000-02-08 00:00:00-05:00,50.468426832116165,52.289910547007686,50.42400040004564,51.09039688110352,728900,0.0,0.0
2000-02-09 00:00:00-05:00,51.890080427258745,52.512050569366295,51.17925740770725,51.44581604003906,771300,0.0,0.0
2000-02-10 00:00:00-05:00,50.24629072159056,50.7794078645252,49.313335721454926,50.37957000732422,419300,0.0,0.0
2000-02-11 00:00:00-05:00,51.09040143257444,51.26810717668774,48.69137388704485,49.224491119384766,744900,0.0,0.0
2000-02-14 00:00:00-05:00,48.5136728475081,49.62433385592175,48.33596708616192,49.49105453491211,447300,0.0,0.0
2000-02-15 00:00:00-05:00,48.15825747562204,48.33596322276456,47.1808758663382,48.06940460205078,847800,0.0,0.0
2000-02-16 00:00:00-05:00,47.4918618868379,48.86908145511852,47.4918618868379,48.33596420288086,473300,0.0,0.0
2000-02-17 00:00:00-05:00,50.55727628529019,51.49023129582719,50.290717710851055,50.690555572509766,792500,0.0,0.0
2000-02-18 00:00:00-05:00,51.179254911306366,51.49023996719104,49.93531468776767,50.24629974365234,282800,0.0,0.0
2000-02-22 00:00:00-05:00,51.17924694866457,51.8012169636657,50.69055622259226,51.35695266723633,508100,0.0,0.0
2000-02-23 00:00:00-05:00,52.156620484178944,52.8674432505732,50.73497495139042,52.1121940612793,591800,0.0,0.0
2000-02-24 00:00:00-05:00,53.04515270184039,53.31171125813104,50.46841999103072,51.75678634643555,793400,0.0,0.0
2000-02-25 00:00:00-05:00,50.46844055337965,51.53467521295809,49.846470335292224,50.15745544433594,429900,0.0,0.0
2000-02-28 00:00:00-05:00,49.491036784481,50.69055024335082,49.12451878315966,50.46841812133789,335100,0.0,0.0
2000-02-29 00:00:00-05:00,49.44661555846045,50.690555572509766,48.7802191223626,50.690555572509766,377000,0.0,0.0
2000-03-01 00:00:00-05:00,50.60170892235282,51.17925257115931,50.335150315211365,50.8238410949707,321200,0.0,0.0
2000-03-02 00:00:00-05:00,51.00155165281938,52.06778618214661,50.82384589793151,51.44581604003906,420700,0.0,0.0
2000-03-03 00:00:00-05:00,52.5120389173188,53.57827321005624,52.33433320186256,53.26728820800781,715000,0.0,0.0
2000-03-06 00:00:00-05:00,57.93207883871378,58.50962256946783,57.35453510795973,57.976505279541016,753500,0.0,0.0
2000-03-07 00:00:00-05:00,59.1760007740431,59.531412190103424,58.02091367184707,58.243045806884766,475400,0.0,0.0
2000-03-08 00:00:00-05:00,58.24307017399714,58.24307017399714,56.11060078547551,57.75437927246094,331100,0.0,0.0
2000-03-09 00:00:00-05:00,60.33111101710154,60.37553746114949,58.0209359266087,59.35372924804688,511600,0.0,0.0
2000-03-10 00:00:00-05:00,60.73093006420917,61.08634150569686,59.26485786807245,59.664695739746094,615500,0.0,0.0
2000-03-13 00:00:00-05:00,56.0661504356259,57.57664894181551,55.35532760918374,56.8213996887207,423600,0.0,0.0
2000-03-14 00:00:00-05:00,56.91026377273818,57.22124882067664,54.77779487258874,55.04435348510742,671100,0.0,0.0
2000-03-15 00:00:00-05:00,53.489427765656174,53.6227070707201,50.823841664377625,51.49023818969727,1408900,0.0,0.0
2000-03-16 00:00:00-05:00,52.60089605346361,53.00073394576189,49.13563432021178,51.04597091674805,1639500,0.0,0.0
2000-03-17 00:00:00-05:00,50.24630498886109,52.51205348968506,50.24630498886109,51.89008331298828,614800,0.0,0.0
2000-03-20 00:00:00-05:00,55.08878853162911,55.93289093654923,53.7559952607026,54.24468612670898,764000,0.0,0.0
2000-03-21 00:00:00-05:00,53.31172372811657,53.97812027471802,52.24548925355423,53.48942947387695,633200,0.0,0.0
2000-03-22 00:00:00-05:00,53.48944127860843,54.51124954223633,52.600912353714605,54.51124954223633,733800,0.0,0.0
2000-03-23 00:00:00-05:00,52.3343298850653,52.77859414554973,51.1792428078058,51.75678634643555,574000,0.0,0.0
2000-03-24 00:00:00-05:00,51.49024580628005,53.26730346999981,51.35696648150107,52.91189193725586,520700,0.0,0.0
2000-03-27 00:00:00-05:00,53.22287654876709,54.42239046096802,52.95631790161133,53.66714096069336,469800,0.0,0.0
2000-03-28 00:00:00-05:00,53.53385267472556,54.02254344603011,51.22367811946769,51.268104553222656,1061200,0.0,0.0
2000-03-29 00:00:00-05:00,48.869076421705344,49.49104648525432,39.806084067134535,41.93855285644531,6785100,0.0,0.0
2000-03-30 00:00:00-05:00,43.31576813911569,44.29314957404959,40.69460883633843,41.227725982666016,4030400,0.0,0.0
2000-03-31 00:00:00-05:00,43.53789868215138,43.71560439105812,40.69460733964353,42.47166442871094,2882200,0.0,0.0
2000-04-03 00:00:00-04:00,41.67199363183538,41.67199363183538,37.58476184704982,38.73984909057617,1535200,0.0,0.0
2000-04-04 00:00:00-04:00,39.67280296774472,39.67280296774472,34.83032197840073,37.76246643066406,2754300,0.0,0.0
2000-04-05 00:00:00-04:00,37.18492497170752,41.05002469994952,37.14049853804956,39.36182022094727,1497500,0.0,0.0
2000-04-06 00:00:00-04:00,41.98297788626038,42.24953647601441,41.22772854862394,42.07183074951172,638100,0.0,0.0
2000-04-07 00:00:00-04:00,42.16068448175616,42.60494880716982,40.78346507297382,41.627567291259766,1197000,0.0,0.0
2000-04-10 00:00:00-04:00,40.16150233979859,40.2947816617227,38.25116539221968,38.42887115478516,927500,0.0,0.0
2000-04-11 00:00:00-04:00,36.96279262887906,38.38443849922056,36.87393976198271,38.29558563232422,982800,0.0,0.0
2000-04-12 00:00:00-04:00,38.65099139213562,39.00640280723572,35.541141510009766,35.541141510009766,1249400,0.0,0.0
2000-04-13 00:00:00-04:00,36.42967195367095,36.56295124130633,34.919173360469955,35.36343765258789,1384600,0.0,0.0
2000-04-14 00:00:00-04:00,33.58638610839844,34.87475277128674,32.07588726225354,32.6534309387207,1189600,0.0,0.0
2000-04-17 00:00:00-04:00,34.25276795944365,36.429662421198174,34.208341541856825,35.89654541015625,1917800,0.0,0.0
2000-04-18 00:00:00-04:00,36.34082253335261,36.38524896676746,33.986221562365216,35.407867431640625,1452600,0.0,0.0
2000-04-19 00:00:00-04:00,37.31820749682049,37.629192559294,34.20835687208545,34.38606262207031,2668400,0.0,0.0
2000-04-20 00:00:00-04:00,33.764087660906185,34.11949910996836,30.6542374816122,31.58719253540039,4138900,0.0,0.0
2000-04-24 00:00:00-04:00,29.854569884808395,30.432113647460938,28.96604101918909,30.432113647460938,2245400,0.0,0.0
2000-04-25 00:00:00-04:00,33.319821724524864,34.65261459350586,32.2980138583061,34.65261459350586,2925000,0.0,0.0
2000-04-26 00:00:00-04:00,34.83032699703246,35.05245918451354,34.11950399709302,34.38606262207031,1128600,0.0,0.0
2000-04-27 00:00:00-04:00,33.23097429672877,34.386061638593674,33.23097429672877,34.119503021240234,895500,0.0,0.0
2000-04-28 00:00:00-04:00,34.785894903517864,35.00802705488132,34.43048346133632,34.91917419433594,791000,0.0,0.0
2000-05-01 00:00:00-04:00,35.096881155874215,36.6073798385321,35.096881155874215,36.25196838378906,555100,0.0,0.0
2000-05-02 00:00:00-04:00,36.56294932842255,36.82950788974762,35.496715083122254,35.541141510009766,1121900,0.0,0.0
2000-05-03 00:00:00-04:00,35.31987579003938,35.31987579003938,33.1374370590029,33.8055305480957,743000,0.127,0.0
2000-05-04 00:00:00-04:00,34.47362864560052,34.5627077893876,33.226520632581376,34.25093078613281,731100,0.0,0.0
2000-05-05 00:00:00-04:00,34.384547403413954,35.80981361702697,34.384547403413954,35.76527404785156,646200,0.0,0.0
2000-05-08 00:00:00-04:00,35.27533521357271,35.45349347222712,33.805529579673845,34.56270217895508,499200,0.0,0.0
2000-05-09 00:00:00-04:00,34.56270942076005,34.56270942076005,33.09290347889783,33.31560134887695,592800,0.0,0.0
2000-05-10 00:00:00-04:00,32.55842340992999,32.55842340992999,30.643222032875286,31.311315536499023,1082400,0.0,0.0
2000-05-11 00:00:00-04:00,31.75670871076913,32.29118347167969,30.910457005994072,32.29118347167969,895700,0.0,0.0
2000-05-12 00:00:00-04:00,33.137430826822914,33.40466817220052,32.558416578504776,32.87019348144531,850600,0.0,0.0
2000-05-15 00:00:00-04:00,32.55842506722228,32.736583343923904,31.979410667941995,32.513885498046875,1151100,0.0,0.0
2000-05-16 00:00:00-04:00,32.87020756803601,33.62738037109375,32.692049261434185,33.62738037109375,860300,0.0,0.0
2000-05-17 00:00:00-04:00,32.424803006090734,32.95927778091641,31.801249102127453,32.335723876953125,571900,0.0,0.0
2000-05-18 00:00:00-04:00,32.246639894757955,32.246639894757955,30.999532274518693,31.177690505981445,408600,0.0,0.0
2000-05-19 00:00:00-04:00,29.485195756496346,29.796972750900384,29.084339620834005,29.61881446838379,691000,0.0,0.0
2000-05-22 00:00:00-04:00,29.12886813754949,29.66334278227517,28.10445840182528,29.52972412109375,905300,0.0,0.0
2000-05-23 00:00:00-04:00,29.52972880938581,30.33144090375828,29.128872762199578,29.173412322998047,616500,0.0,0.0
2000-05-24 00:00:00-04:00,29.57427118108136,30.50960204674809,28.81709857554163,30.331443786621094,944600,0.0,0.0
2000-05-25 00:00:00-04:00,30.95500046784456,31.62309400312177,29.12887813808681,29.6633529663086,1645900,0.0,0.0
2000-05-26 00:00:00-04:00,29.930588607447994,30.420523837629435,29.44065337726656,29.975128173828125,546300,0.0,0.0
2000-05-30 00:00:00-04:00,30.33144956556233,31.44493890350515,30.33144956556233,31.355859756469727,510000,0.0,0.0
2000-05-31 00:00:00-04:00,31.0440791577709,31.84579138853112,30.46506476888852,30.55414390563965,515500,0.0,0.0
2000-06-01 00:00:00-04:00,31.355849331867383,33.137431680268946,31.22223065573727,32.91473388671875,636900,0.0,0.0
2000-06-02 00:00:00-04:00,35.809809989535935,36.344284765499154,34.473623049627875,34.56270217895508,800800,0.0,0.0
2000-06-05 00:00:00-04:00,34.295461389082895,35.18625259399414,34.117303148100646,35.18625259399414,521900,0.0,0.0
2000-06-06 00:00:00-04:00,35.27533400105741,35.27533400105741,33.76098885454737,33.89460754394531,1012400,0.0,0.0
2000-06-07 00:00:00-04:00,34.1618468549112,35.0526381679467,34.07276772360765,35.00809860229492,755300,0.0,0.0
2000-06-08 00:00:00-04:00,35.72073738382166,35.89889567501279,34.56270849107931,34.696327209472656,292800,0.0,0.0
2000-06-09 00:00:00-04:00,35.09718179702759,35.45349836349487,33.8946133852005,34.206390380859375,1463100,0.0,0.0
2000-06-12 00:00:00-04:00,34.07277410680597,34.07277410680597,33.226522200885306,33.31560134887695,423800,0.0,0.0
2000-06-13 00:00:00-04:00,33.226522200885306,33.4046804968686,32.64750773893958,33.31560134887695,849200,0.0,0.0
2000-06-14 00:00:00-04:00,35.008105894667544,35.765278668470785,34.74086844508992,34.78540802001953,1025200,0.0,0.0
2000-06-15 00:00:00-04:00,36.12158629501324,36.16612585887885,35.36441370929779,35.94342803955078,662500,0.0,0.0
2000-06-16 00:00:00-04:00,36.03251033628048,36.03251033628048,34.963560709493414,35.0971794128418,416900,0.0,0.0
2000-06-19 00:00:00-04:00,35.631645230312884,37.012371482987504,35.23078922147186,36.83421325683594,697600,0.0,0.0
2000-06-20 00:00:00-04:00,37.54685537391734,38.17040931844266,37.23507840165468,38.12586975097656,633000,0.0,0.0
2000-06-21 00:00:00-04:00,36.56698810651106,36.87876510620117,35.76527582159365,36.87876510620117,882100,0.0,0.0
2000-06-22 00:00:00-04:00,36.78968122836591,36.83422079401768,35.00809860229492,35.00809860229492,838900,0.0,0.0
2000-06-23 00:00:00-04:00,35.31987586975098,35.63165283203125,34.38454498291016,35.63165283203125,689700,0.0,0.0
2000-06-26 00:00:00-04:00,35.94342467646755,36.52243895254448,35.008093922804825,35.364410400390625,884800,0.0,0.0
2000-06-27 00:00:00-04:00,35.54257113170387,36.34428326249419,35.31987331759545,35.898887634277344,604000,0.0,0.0
2000-06-28 00:00:00-04:00,35.052635154532425,35.80980770551979,35.052635154532425,35.4534912109375,630000,0.0,0.0
2000-06-29 00:00:00-04:00,33.0483591998065,33.983690120555735,32.602963523259234,33.671913146972656,715700,0.0,0.0
2000-06-30 00:00:00-04:00,32.781117293534265,33.493750278176314,32.558419485833625,33.22651290893555,609700,0.0,0.0
2000-07-03 00:00:00-04:00,32.91473930358887,33.67191192626953,32.51388320922852,33.4046745300293,210200,0.0,0.0
2000-07-05 00:00:00-04:00,34.16185118022718,34.69632603571965,32.825664041496,33.00382232666016,1671800,0.0,0.0
2000-07-06 00:00:00-04:00,32.602961586617134,33.13743636672561,32.291184631553854,32.95927810668945,519500,0.0,0.0
2000-07-07 00:00:00-04:00,32.959280154472054,33.93915064555095,32.82566145114311,33.27105712890625,497200,0.0,0.0
2000-07-10 00:00:00-04:00,33.22651793094391,33.805532318480466,33.04835965785574,33.49375534057617,760200,0.0,0.0
2000-07-11 00:00:00-04:00,33.271064106127305,33.44922241459385,32.647510026494395,32.82566833496094,1135800,0.0,0.0
2000-07-12 00:00:00-04:00,34.78539954943535,35.230795190273184,34.16184565226237,34.74085998535156,739800,0.0,0.0
2000-07-13 00:00:00-04:00,36.52243973854974,37.14599358774449,36.21066281395237,36.61151885986328,783700,0.0,0.0
2000-07-14 00:00:00-04:00,37.012376122149945,37.4132321812346,36.47790137670373,37.27961349487305,266200,0.0,0.0
2000-07-17 00:00:00-04:00,38.66033386230469,39.28388763427734,37.99224053519113,38.972110748291016,955800,0.0,0.0
2000-07-18 00:00:00-04:00,37.50231260304257,37.50231260304257,37.01237740276529,37.14599609375,396300,0.0,0.0
2000-07-19 00:00:00-04:00,35.631649458228644,36.52244069468436,35.4534912109375,35.4534912109375,709900,0.0,0.0
2000-07-20 00:00:00-04:00,39.01666269505277,42.40166996083361,39.01666269505277,41.86719512939453,3129700,0.0,0.0
2000-07-21 00:00:00-04:00,41.33272147632301,42.49075031078896,40.66462791797727,42.13443374633789,1030900,0.0,0.0
2000-07-24 00:00:00-04:00,42.401671040742656,43.15884373789877,40.84278607600947,41.11002349853516,924000,0.0,0.0
2000-07-25 00:00:00-04:00,41.51086163728133,41.55540118839429,40.44191241057023,40.97638702392578,179300,0.0,0.0
2000-07-26 00:00:00-04:00,40.53100548001284,40.84278244524371,39.68475371724334,40.30830764770508,377400,0.0,0.0
2000-07-27 00:00:00-04:00,40.70915605375598,40.88731428593873,38.92757373192859,39.10573196411133,230100,0.0,0.0
2000-07-28 00:00:00-04:00,38.74942369550188,39.239358937628914,37.59139494138344,38.12586975097656,506300,0.0,0.0
2000-07-31 00:00:00-04:00,39.818369134124616,39.90744825970432,39.194815255066736,39.72929000854492,309300,0.0,0.0
2000-08-01 00:00:00-04:00,40.35284721416663,40.84278244524371,40.08560981539731,40.30830764770508,454800,0.0,0.0
2000-08-02 00:00:00-04:00,40.13014307481311,40.30830131265912,39.7292870396596,39.77382659912109,164700,0.0,0.0
2000-08-03 00:00:00-04:00,37.41323901760963,38.7494261253814,37.05692245553716,38.66034698486328,435500,0.0,0.0
2000-08-04 00:00:00-04:00,39.32843105677369,39.55112885437717,38.48217942588049,38.57125854492188,666100,0.0,0.0
2000-08-07 00:00:00-04:00,39.283891445044574,39.77382659912109,39.016654088275565,39.77382659912109,313700,0.0,0.0
2000-08-08 00:00:00-04:00,39.37297384838921,40.39738380145816,39.3284342852123,40.35284423828125,334600,0.0,0.0
2000-08-09 00:00:00-04:00,40.93186355077224,41.02094268798828,40.441928296084,41.02094268798828,352400,0.0,0.0
2000-08-10 00:00:00-04:00,40.93185968296502,41.86719053535051,40.70916186096848,41.42179489135742,305400,0.0,0.0
2000-08-11 00:00:00-04:00,42.7579842844317,44.183250427246094,42.490746882654,44.183250427246094,887900,0.0,0.0
2000-08-14 00:00:00-04:00,43.69331088997203,45.25219558023607,43.069757013866415,45.163116455078125,535200,0.0,0.0
2000-08-15 00:00:00-04:00,43.73785063386695,44.00508801044862,43.247915443467214,43.5596923828125,533100,0.0,0.0
2000-08-16 00:00:00-04:00,43.69331263540264,44.4950247938504,43.69331263540264,44.45048522949219,336500,0.0,0.0
2000-08-17 00:00:00-04:00,43.336995682554566,44.76226172761289,43.336995682554566,44.62864303588867,719600,0.0,0.0
2000-08-18 00:00:00-04:00,44.04963050749432,44.04963050749432,43.24791832434478,43.916011810302734,446000,0.0,0.0
2000-08-21 00:00:00-04:00,42.71344459454219,42.98068199555079,42.13443022569021,42.75798416137695,358900,0.0,0.0
2000-08-22 00:00:00-04:00,42.75798556170886,42.93614383488264,42.17897117389405,42.2235107421875,449600,0.0,0.0
2000-08-23 00:00:00-04:00,41.51087975854854,42.22351288745066,41.06548405298472,42.13443374633789,475000,0.0,0.0
2000-08-24 00:00:00-04:00,42.490749611342245,43.20338272851361,42.357130901872615,43.11430358886719,480200,0.0,0.0
2000-08-25 00:00:00-04:00,44.13870656027723,44.76226043701172,44.09416699765333,44.76226043701172,281600,0.0,0.0
2000-08-28 00:00:00-04:00,43.82692212943571,44.53955500958914,43.73784301941653,44.36139678955078,278300,0.0,0.0
2000-08-29 00:00:00-04:00,43.47061622643056,43.82693275287672,43.33699752901325,43.51515579223633,161800,0.0,0.0
2000-08-30 00:00:00-04:00,43.648773646745525,43.73785277663684,42.93614060761499,43.47061538696289,259600,0.0,0.0
2000-08-31 00:00:00-04:00,44.984968978450965,45.74214172363281,44.94042940520497,45.74214172363281,329700,0.0,0.0
2000-09-01 00:00:00-04:00,47.52371583929809,48.59266539894491,47.2119388844011,48.3254280090332,610800,0.0,0.0
2000-09-05 00:00:00-04:00,48.23634887906264,49.08260061378304,48.0581906191215,48.3254280090332,391500,0.0,0.0
2000-09-06 00:00:00-04:00,46.32114417865552,46.45476286378625,45.43035294445061,45.51943206787109,357800,0.0,0.0
2000-09-07 00:00:00-04:00,45.43035825703744,47.03378266610935,45.296739556281445,46.41022872924805,348200,0.0,0.0
2000-09-08 00:00:00-04:00,45.69760194347265,45.69760194347265,44.67319176345328,45.11858749389648,324400,0.0,0.0
2000-09-11 00:00:00-04:00,45.07404185360106,45.11858142065008,43.292459171640544,43.78239440917969,298700,0.0,0.0
2000-09-12 00:00:00-04:00,43.87147153915515,44.36140675431324,42.891601108839,43.06975936889648,202600,0.0,0.0
2000-09-13 00:00:00-04:00,41.95626782322429,42.535282135009766,41.77810957344415,42.535282135009766,305800,0.0,0.0
2000-09-14 00:00:00-04:00,43.91600949409267,44.04962818423697,41.86718957854677,42.1789665222168,332400,0.0,0.0
2000-09-15 00:00:00-04:00,42.13443190318883,42.17897147179686,40.8427844135562,41.02094268798828,400800,0.0,0.0
2000-09-18 00:00:00-04:00,41.0209408774048,41.0209408774048,39.417516478288,39.506595611572266,438400,0.0,0.0
2000-09-19 00:00:00-04:00,39.59566957835059,40.709158599114105,39.59566957835059,40.44192123413086,304600,0.0,0.0
2000-09-20 00:00:00-04:00,40.57554512790271,41.06548035996301,39.23935813137463,39.90745162963867,403100,0.0,0.0
2000-09-21 00:00:00-04:00,38.97211713538483,39.68475013443186,38.348563261218665,38.70487976074219,1408700,0.0,0.0
2000-09-22 00:00:00-04:00,39.01665517839335,42.04534530639648,38.74941781415778,42.04534530639648,1033400,0.0,0.0
2000-09-25 00:00:00-04:00,42.579817903452906,43.29245083907555,41.24363114916045,41.33271026611328,459500,0.0,0.0
2000-09-26 00:00:00-04:00,42.62436081744085,42.93613775131973,41.9562673877004,42.71343994140625,639500,0.0,0.0
2000-09-27 00:00:00-04:00,44.18324581231702,44.272324936938624,43.47061281534416,43.73785018920898,407000,0.0,0.0
2000-09-28 00:00:00-04:00,42.757990122547504,45.11858749389648,42.757990122547504,45.11858749389648,325300,0.0,0.0
2000-09-29 00:00:00-04:00,44.53956402414214,44.89588053633528,43.69331230768344,43.82693099975586,237700,0.0,0.0
2000-10-02 00:00:00-04:00,44.539557988919206,45.20765135875299,44.18324152500785,44.31686019897461,326400,0.0,0.0
2000-10-03 00:00:00-04:00,44.53955978906455,44.80679714779894,42.31258179961132,42.40166091918945,1195300,0.0,0.0
2000-10-04 00:00:00-04:00,40.97640445106908,43.11430381373355,40.30831090023643,42.312591552734375,799500,0.0,0.0
2000-10-05 00:00:00-04:00,40.08561157702338,40.26376985069904,39.46205761915857,39.99653244018555,576900,0.0,0.0
2000-10-06 00:00:00-04:00,39.95198992320469,40.08560861860003,36.255206017267135,37.41323471069336,970500,0.0,0.0
2000-10-09 00:00:00-04:00,36.74513887476039,36.74513887476039,35.72072894249433,36.07704544067383,1519300,0.0,0.0
2000-10-10 00:00:00-04:00,36.52244069468436,36.65605938015272,35.18625384000079,35.4534912109375,1110000,0.0,0.0
2000-10-11 00:00:00-04:00,33.003821269817905,34.82994363427477,32.91474213008831,33.76099395751953,712500,0.0,0.0
2000-10-12 00:00:00-04:00,35.36442420357152,35.49804293481927,33.58284112026817,33.85007858276367,930400,0.0,0.0
2000-10-13 00:00:00-04:00,35.63164485216983,38.17039954788693,35.54256574003941,37.814083099365234,701900,0.0,0.0
2000-10-16 00:00:00-04:00,37.32415603564687,37.72501212672184,36.70060211619692,37.23507690429688,343000,0.0,0.0
2000-10-17 00:00:00-04:00,37.36869708570234,37.725013625256125,35.98797049493146,36.299747467041016,519300,0.0,0.0
2000-10-18 00:00:00-04:00,34.518160304351106,37.4132318137483,34.384541619302006,36.65605926513672,1099800,0.0,0.0
2000-10-19 00:00:00-04:00,35.45350074516105,35.85435690936513,33.271061628938824,33.71645736694336,1732100,0.0,0.0
2000-10-20 00:00:00-04:00,31.890323215060764,32.87019348144531,31.53400675455729,32.87019348144531,1172400,0.0,0.0
2000-10-23 00:00:00-04:00,31.75670985144538,32.95927810668945,31.35585376636402,32.95927810668945,378400,0.0,0.0
2000-10-24 00:00:00-04:00,34.2063864925193,35.72073172786521,34.11730736102837,34.60724258422852,685500,0.0,0.0
2000-10-25 00:00:00-04:00,33.27105817402879,34.29546826506314,32.38026679052065,32.513885498046875,366600,0.0,0.0
2000-10-26 00:00:00-04:00,33.76098924641821,34.34000357386338,32.914737537075275,34.117305755615234,394700,0.0,0.0
2000-10-27 00:00:00-04:00,35.364412087291925,35.587109896405856,34.65177909812736,35.4534912109375,219600,0.0,0.0
2000-10-30 00:00:00-05:00,34.34000396728516,34.9190183013639,33.80552919736632,34.34000396728516,287300,0.0,0.0
2000-10-31 00:00:00-05:00,35.230794962714704,36.34428405761719,35.008097143734204,36.34428405761719,223900,0.0,0.0
2000-11-01 00:00:00-05:00,36.03250206841363,36.6560558742947,35.809804280598954,36.47789764404297,300700,0.0,0.0
2000-11-02 00:00:00-05:00,36.34428581171778,36.34428581171778,35.18625709712874,36.032508850097656,308700,0.0,0.0
2000-11-03 00:00:00-05:00,36.07704999970227,36.789683086116135,36.07704999970227,36.52244567871094,165700,0.0,0.0
2000-11-06 00:00:00-05:00,37.41323516699686,37.85863082374682,37.145997772946885,37.23507690429688,103100,0.0,0.0
2000-11-07 00:00:00-05:00,36.21065738894252,36.967829806669485,36.121578280974646,36.92329025268555,169200,0.0,0.0
2000-11-08 00:00:00-05:00,36.43336502075196,36.65606285095216,35.58711326599121,35.63165283203125,233200,0.0,0.0
2000-11-09 00:00:00-05:00,33.89460946100055,35.319875561857344,33.67191163274168,35.00809860229492,237100,0.0,0.0
2000-11-10 00:00:00-05:00,32.64749569363064,33.09289126925998,31.80124409993489,32.469337463378906,468400,0.0,0.0
2000-11-13 00:00:00-05:00,30.33144596840837,31.712172583710373,30.33144596840837,30.95499992370605,269200,0.0,0.0
2000-11-14 00:00:00-05:00,31.75671433051105,33.09290146924224,31.75671433051105,33.00382232666016,324900,0.0,0.0
2000-11-15 00:00:00-05:00,32.02394273310858,32.78111523166609,31.66762626319917,32.11302185058594,246800,0.0,0.0
2000-11-16 00:00:00-05:00,30.82137677114807,30.910455894764105,28.90617561340332,28.90617561340332,524600,0.0,0.0
2000-11-17 00:00:00-05:00,29.97513336216638,30.46506867714978,28.81710443584197,29.128881454467773,418700,0.0,0.0
2000-11-20 00:00:00-05:00,28.594403116326585,28.81710095991168,27.92630958557129,27.92630958557129,312700,0.0,0.0
2000-11-21 00:00:00-05:00,28.594401474118047,29.262494966503983,28.238084944845543,28.549861907958984,372000,0.0,0.0
2000-11-22 00:00:00-05:00,26.501045357245225,26.723743217390144,25.654793488694537,26.10018920898437,382000,0.0,0.0
2000-11-24 00:00:00-05:00,27.70361218774535,27.83723089604637,26.901899937939213,27.035518646240234,328800,0.0,0.0
2000-11-27 00:00:00-05:00,28.059915459674336,28.32715274976648,27.302743137746617,27.659059524536133,330200,0.0,0.0
2000-11-28 00:00:00-05:00,26.322877863938896,26.59011520265909,25.298468065511493,25.52116584777832,461400,0.0,0.0
2000-11-29 00:00:00-05:00,24.89761679264048,25.120314617261588,23.91774636430757,24.363142013549805,561800,0.0,0.0
2000-11-30 00:00:00-05:00,23.249653622620087,24.22952408181097,22.89333709200522,23.695049285888672,545100,0.0,0.0
2000-12-01 00:00:00-05:00,24.318601556726403,25.432090638994097,24.318601556726403,24.719457626342773,702600,0.0,0.0
2000-12-04 00:00:00-05:00,24.764000306154955,25.253935564010536,24.630381599467068,24.98669815063477,359500,0.0,0.0
2000-12-05 00:00:00-05:00,25.9665663669302,28.327163309378403,25.9665663669302,28.10446548461914,416800,0.0,0.0
2000-12-06 00:00:00-05:00,28.01537591132565,28.995245974996813,26.9464267509571,27.659059524536133,496600,0.0,0.0
2000-12-07 00:00:00-05:00,27.03551505538057,27.792687635185302,26.768277674273023,26.946435928344727,333200,0.0,0.0
2000-12-08 00:00:00-05:00,28.772563226567875,29.30703808526573,28.0599300816374,28.327167510986328,339200,0.0,0.0
2000-12-11 00:00:00-05:00,29.48519890146621,30.19783210754394,29.128882298427342,30.197832107543945,358400,0.0,0.0
2000-12-12 00:00:00-05:00,29.440651727433856,29.440651727433856,28.28262306644553,28.371702194213867,255600,0.0,0.0
2000-12-13 00:00:00-05:00,28.72801817856826,28.772557741635804,27.43637084960937,27.43637084960937,185900,0.0,0.0
2000-12-14 00:00:00-05:00,27.748149642944338,28.05992660522461,26.72373962402344,26.72373962402344,219600,0.0,0.0
2000-12-15 00:00:00-05:00,25.476632233467704,25.877488335043243,24.76399916400008,25.432092666625977,339800,0.0,0.0
2000-12-18 00:00:00-05:00,24.89761695448672,25.12031478055548,24.31860260670796,24.67491912841797,245400,0.0,0.0
2000-12-19 00:00:00-05:00,24.719458532943584,25.87748722097337,24.31860244862558,24.363142013549805,420400,0.0,0.0
2000-12-20 00:00:00-05:00,23.87320507669169,24.006823761822425,22.715176472225306,22.759716033935547,544700,0.0,0.0
2000-12-21 00:00:00-05:00,22.44794226819136,23.962287579934426,22.091625724251813,22.626100540161133,823700,0.0,0.0
2000-12-22 00:00:00-05:00,23.38327357643529,24.051367107190583,21.779849102622585,22.84879875183105,644200,0.0,0.0
2000-12-26 00:00:00-05:00,22.84880029154188,23.338735580444336,22.40340457435783,23.338735580444336,235200,0.0,0.0
2000-12-27 00:00:00-05:00,23.33873321070816,23.65051018108021,22.84879797155207,23.516891479492188,363900,0.0,0.0
2000-12-28 00:00:00-05:00,23.695053441564465,24.006830460532417,23.650513867426184,23.91775131225586,347000,0.0,0.0
2000-12-29 00:00:00-05:00,23.962286834150607,24.54130120003157,23.605970301300783,24.00682640075684,472900,0.0,0.0
2001-01-02 00:00:00-05:00,23.026950356394973,23.07148991221005,21.378986791237114,21.6016845703125,1203100,0.0,0.0
2001-01-03 00:00:00-05:00,20.79997684238674,25.565710294496764,20.75543727741375,25.47663116455078,1905800,0.0,0.0
2001-01-04 00:00:00-05:00,22.13616408342085,22.49248060790248,21.022674944415783,21.2453727722168,1107900,0.0,0.0
2001-01-05 00:00:00-05:00,22.00254143608941,22.047080993652344,20.75543382432725,20.844512939453125,776500,0.0,0.0
2001-01-08 00:00:00-05:00,25.699324502251965,25.87748273103708,23.784123542812043,25.74386405944824,2014800,0.0,0.0
2001-01-09 00:00:00-05:00,25.65478791267641,27.61452865600586,25.65478791267641,27.61452865600586,1109200,0.0,0.0
2001-01-10 00:00:00-05:00,26.36741886138916,28.59439680576325,26.23380018472672,28.50531768798828,1317500,0.0,0.0
2001-01-11 00:00:00-05:00,29.30703423980973,31.400393828367573,29.12887597695375,31.266775131225582,999300,0.0,0.0
2001-01-12 00:00:00-05:00,29.57427162609917,30.82137946575396,29.48519249469526,30.15328598022461,1074500,0.0,0.0
2001-01-16 00:00:00-05:00,28.594398607199697,29.707887649536133,28.416240360425867,29.707887649536133,625700,0.0,0.0
2001-01-17 00:00:00-05:00,31.35586141526868,31.578559294638485,30.776846928907183,31.4449405670166,594700,0.0,0.0
2001-01-18 00:00:00-05:00,30.77684214698544,31.534014819197807,30.37598602640241,31.48947525024414,412100,0.0,0.0
2001-01-19 00:00:00-05:00,32.2911815936339,32.335721154452706,31.04407389070735,31.89032554626465,886700,0.0,0.0
2001-01-22 00:00:00-05:00,30.019664198076693,31.84578620419115,30.019664198076693,31.801246643066406,554300,0.0,0.0
2001-01-23 00:00:00-05:00,31.04407505656398,31.890326743902165,29.88604643178541,30.643218994140625,1225100,0.0,0.0
2001-01-24 00:00:00-05:00,32.068483115221014,33.04835343263055,31.89032487569201,32.55841827392578,1426000,0.0,0.0
2001-01-25 00:00:00-05:00,33.36014326036057,33.85007860864357,32.7811287578443,32.82566833496094,457700,0.0,0.0
2001-01-26 00:00:00-05:00,32.469337463378906,32.91473303900825,32.24663967556423,32.469337463378906,493500,0.0,0.0
2001-01-29 00:00:00-05:00,32.56731916580169,33.30845792254701,32.31789605730248,33.00202560424805,232700,0.0,0.0
2001-01-30 00:00:00-05:00,33.486626985960505,33.486626985960505,32.709856881245294,33.38685607910156,331800,0.0,0.0
2001-01-31 00:00:00-05:00,34.384551036390164,34.99028815378437,33.87145427536364,33.94984436035156,544400,0.0,0.0
2001-02-01 00:00:00-05:00,33.94984045467383,34.156504706143195,33.56501792817492,33.793060302734375,197400,0.0,0.0
2001-02-02 00:00:00-05:00,33.85719018213772,34.035348419236584,32.06848267779585,32.659969329833984,514500,0.0,0.0
2001-02-05 00:00:00-05:00,33.08042813618353,33.30847323565821,32.688480463753216,32.84526062011719,513000,0.0,0.0
2001-02-06 00:00:00-05:00,32.652845640833576,32.70272973610254,32.26802314720499,32.325035095214844,647500,0.0,0.0
2001-02-07 00:00:00-05:00,31.583893819172907,31.88320108782252,30.7358615418774,31.38435745239257,480900,0.0,0.0
2001-02-08 00:00:00-05:00,31.41285856826332,31.61239490419746,30.53631773602988,30.543445587158203,314500,0.0,0.0
2001-02-09 00:00:00-05:00,30.45793918997681,30.628969607696693,29.71680013057871,29.738178253173828,676900,0.0,0.0
2001-02-12 00:00:00-05:00,29.738177887395928,30.25127457120347,29.588525594111875,30.073116302490234,471100,0.0,0.0
2001-02-13 00:00:00-05:00,30.24415436616413,30.393809415771983,29.74531326240508,29.873584747314453,403400,0.0,0.0
2001-02-14 00:00:00-05:00,29.2535854634352,30.20851383647535,28.57658353833192,30.144376754760746,1179500,0.0,0.0
2001-02-15 00:00:00-05:00,31.09930733817969,31.64091000414836,30.90689607936026,31.006664276123047,411500,0.0,0.0
2001-02-16 00:00:00-05:00,30.564831763961603,31.5981502532959,30.557706629432968,31.5981502532959,685600,0.0,0.0
2001-02-20 00:00:00-05:00,31.213315619934523,31.49836982297545,30.38666169328984,30.500682830810547,565500,0.0,0.0
2001-02-21 00:00:00-05:00,30.493575163096807,31.056556041365656,29.64553991853288,30.215648651123047,477900,0.0,0.0
2001-02-22 00:00:00-05:00,29.11105674874432,29.431742140084243,28.612215827192376,29.296342849731445,932600,0.0,0.0
2001-02-23 00:00:00-05:00,27.96371738225537,28.22026295365168,26.22489129242521,28.042104721069336,1057800,0.0,0.0
2001-02-26 00:00:00-05:00,27.93522036623295,28.36279917408396,27.28672430052039,28.18464088439941,611700,0.0,0.0
2001-02-27 00:00:00-05:00,28.37704292490393,28.790371327277096,27.400736576458133,27.407861709594727,552900,0.0,0.0
2001-02-28 00:00:00-05:00,28.362792777103262,29.217952918411125,27.40786445103065,27.57176971435547,722300,0.0,0.0
2001-03-01 00:00:00-05:00,26.55982983896812,27.76417852161296,26.481439781086813,27.71429443359375,500700,0.0,0.0
2001-03-02 00:00:00-05:00,24.763996343005225,26.146503361631307,24.229521601789283,25.51226043701172,1710900,0.0,0.0
2001-03-05 00:00:00-05:00,26.6168398364437,26.6168398364437,25.54789040175152,25.640533447265625,812300,0.0,0.0
2001-03-06 00:00:00-05:00,27.15132016967124,27.258216222642044,26.65247917175293,26.65247917175293,366400,0.0,0.0
2001-03-07 00:00:00-05:00,27.942339559126417,28.042107745175063,27.293843631331004,27.400739669799805,402600,0.0,0.0
2001-03-08 00:00:00-05:00,27.57890271823851,27.678670921639284,26.24627952420882,26.33179473876953,1414800,0.0,0.0
2001-03-09 00:00:00-05:00,26.08236537353653,26.14650244898289,24.5145750288104,24.79250144958496,1404100,0.0,0.0
2001-03-12 00:00:00-05:00,23.730678603194363,23.866080614429727,22.554834412808987,22.654603958129883,1316100,0.0,0.0
2001-03-13 00:00:00-05:00,23.8019429896868,23.937342279340783,22.583339868124,23.830446243286133,1559400,0.0,0.0
2001-03-14 00:00:00-05:00,22.148629195776067,23.94446296682005,21.99185045617584,23.374357223510746,1066200,0.0,0.0
2001-03-15 00:00:00-05:00,23.588153331555475,23.830448682060272,21.592781296005064,21.84220314025879,1337400,0.0,0.0
2001-03-16 00:00:00-05:00,21.15807055673957,21.29346982508856,20.31003705019696,20.374174118041992,1572900,0.0,0.0
2001-03-19 00:00:00-05:00,20.844519542102763,21.236467229113025,20.34567579568983,21.16520500183105,651800,0.0,0.0
2001-03-20 00:00:00-05:00,21.93484466941487,22.37667637710537,21.02267392178733,21.029800415039062,1006600,0.0,0.0
2001-03-21 00:00:00-05:00,20.93716015440136,21.236466114694576,20.39556018743248,20.59509658813477,879600,0.0,0.0
2001-03-22 00:00:00-05:00,20.4169372239682,22.269783481474843,19.690051164915324,22.091625213623047,1295300,0.0,0.0
2001-03-23 00:00:00-05:00,21.414622282176843,21.86358185800329,21.09393823011189,21.735307693481445,842300,0.0,0.0
2001-03-26 00:00:00-05:00,22.3410488662334,22.54058527244201,21.913468716980923,21.998985290527344,529400,0.0,0.0
2001-03-27 00:00:00-05:00,22.61897296858738,23.63803709394405,22.590468353234865,23.46700668334961,755200,0.0,0.0
2001-03-28 00:00:00-05:00,21.94196800439315,21.99897858296143,21.115312576293945,21.115312576293945,875600,0.0,0.0
2001-03-29 00:00:00-05:00,20.5238334110707,21.12957183783365,20.31004401773781,20.38130760192871,1057600,0.0,0.0
2001-03-30 00:00:00-05:00,20.666357679256063,21.02267419096738,19.84682997416797,20.65923118591309,581100,0.0,0.0
2001-04-02 00:00:00-04:00,19.383617916561853,19.875333702147515,18.89902726476188,19.241090774536133,889900,0.0,0.0
2001-04-03 00:00:00-04:00,17.92984455378134,18.10087629524355,16.79675807725969,17.38111686706543,1389600,0.0,0.0
2001-04-04 00:00:00-04:00,18.628222582875164,19.162697229522976,17.780190455512944,18.00110626220703,1455200,0.0,0.0
2001-04-05 00:00:00-04:00,20.1033783353308,21.62841403571516,20.1033783353308,21.514392852783203,904000,0.0,0.0
2001-04-06 00:00:00-04:00,20.20315014499556,20.24590775355792,19.725685878456343,19.81120109558105,920900,0.0,0.0
2001-04-09 00:00:00-04:00,20.295788261445868,20.395557809404128,19.69004991728355,20.11763000488281,553900,0.0,0.0
2001-04-10 00:00:00-04:00,20.82313459904118,21.984727084857287,20.82313459904118,21.877832412719727,1678700,0.0,0.0
2001-04-11 00:00:00-04:00,21.70680210460576,22.020361027973493,21.20795978390765,21.52151870727539,735100,0.0,0.0
2001-04-12 00:00:00-04:00,21.34335665292534,23.65941365976996,21.33623016056478,23.645160675048828,996000,0.0,0.0
2001-04-16 00:00:00-04:00,22.98241612835969,23.117815430773422,22.30541417933229,22.34817314147949,708200,0.0,0.0
2001-04-17 00:00:00-04:00,21.122444566316368,22.29829026410293,21.02267636766384,22.27691078186035,825900,0.0,0.0
2001-04-18 00:00:00-04:00,23.36724339083541,25.29847871952449,23.160579109423825,24.79963493347168,1956400,0.0,0.0
2001-04-19 00:00:00-04:00,26.2177721456444,27.65016346653844,25.975476785269144,27.5005111694336,2588500,0.0,0.0
2001-04-20 00:00:00-04:00,26.46718910662455,27.50763263110685,26.01110442293253,26.97315788269043,1258300,0.0,0.0
2001-04-23 00:00:00-04:00,25.305600468557845,25.804444187846048,25.1274421915606,25.3341064453125,482000,0.0,0.0
2001-04-24 00:00:00-04:00,25.93270635649497,26.88763438775526,25.726042198439924,26.117992401123047,462500,0.0,0.0
2001-04-25 00:00:00-04:00,26.410186745374777,27.25821925464429,26.410186745374777,27.080060958862305,436900,0.0,0.0
2001-04-26 00:00:00-04:00,27.5788959330751,27.928084559067845,27.33660061936465,27.7998104095459,957300,0.0,0.0
2001-04-27 00:00:00-04:00,27.82832461117904,28.63360085058664,27.82832461117904,28.526704788208008,476100,0.0,0.0
2001-04-30 00:00:00-04:00,28.25590065171162,28.747616462450782,28.16325759688392,28.7191104888916,893100,0.0,0.0
2001-05-01 00:00:00-04:00,28.3816771611116,29.30390357971192,28.25299427818405,29.30390357971192,647500,0.128,0.0
2001-05-02 00:00:00-04:00,27.94558286762101,28.45316378789768,27.38080834819947,28.217247009277344,723300,0.0,0.0
2001-05-03 00:00:00-04:00,26.40854660247589,26.665912418632555,26.20122656358675,26.44429397583008,749500,0.0,0.0
2001-05-04 00:00:00-04:00,26.093986756740524,27.03765948429244,26.001048506062137,26.923274993896484,922900,0.0,0.0
2001-05-07 00:00:00-04:00,26.95187430882645,27.73826741265781,26.95187430882645,27.380815505981445,330900,0.0,0.0
2001-05-08 00:00:00-04:00,27.53094322258096,27.87409943505469,26.87323305747952,27.037660598754883,343600,0.0,0.0
2001-05-09 00:00:00-04:00,26.322752642616607,26.737398076013047,26.022494413308326,26.1082820892334,541100,0.0,0.0
2001-05-10 00:00:00-04:00,27.59528544256174,27.866949648718343,26.673061618088035,26.851787567138672,714100,0.0,0.0
2001-05-11 00:00:00-04:00,26.89467502735217,26.89467502735217,26.001045448971272,26.1082820892334,322900,0.0,0.0
2001-05-14 00:00:00-04:00,25.72223623915598,26.165475794377304,25.421977977369664,26.09398651123047,157600,0.0,0.0
2001-05-15 00:00:00-04:00,26.04393760272923,26.45143242461282,25.66503957852116,26.01534080505371,306700,0.0,0.0
2001-05-16 00:00:00-04:00,25.114564828906254,27.01620834104795,25.057371230518413,26.880374908447266,882100,0.0,0.0
2001-05-17 00:00:00-04:00,27.13059839644901,27.36651522051825,26.923275650319884,27.337921142578125,581200,0.0,0.0
2001-05-18 00:00:00-04:00,27.037661109446905,27.3808146012607,26.72310442373632,27.373666763305664,345600,0.0,0.0
2001-05-21 00:00:00-04:00,27.03050953109773,28.1672065085629,26.951869688766624,28.04567146301269,739400,0.0,0.0
2001-05-22 00:00:00-04:00,27.99562401923881,28.059965450376257,27.42370170198413,27.66676902770996,576100,0.0,0.0
2001-05-23 00:00:00-04:00,27.59528172344271,27.64532476426108,26.99476250648112,27.00191307067871,735900,0.0,0.0
2001-05-24 00:00:00-04:00,27.50949487600347,28.202952358542174,27.50949487600347,28.167207717895508,1297700,0.0,0.0
2001-05-25 00:00:00-04:00,28.002776377080288,28.002776377080288,27.13059572510146,27.45230293273925,533000,0.0,0.0
2001-05-29 00:00:00-04:00,26.80888844753717,26.80888844753717,25.879514193450785,26.15117835998535,343200,0.0,0.0
2001-05-30 00:00:00-04:00,25.03592582621932,25.543506756635907,24.85004935242614,25.02162742614746,786700,0.0,0.0
2001-05-31 00:00:00-04:00,24.714218787495465,25.736531217934704,24.714218787495465,25.10026741027832,467700,0.0,0.0
2001-06-01 00:00:00-04:00,24.585538803011296,25.221802685453945,24.4139634352571,25.1860580444336,719500,0.0,0.0
2001-06-04 00:00:00-04:00,25.86521753259099,26.09398651123047,25.557808706205183,26.09398651123047,732600,0.0,0.0
2001-06-05 00:00:00-04:00,26.61586261453944,27.3093200290871,26.53722277654236,27.03050804138184,1177500,0.0,0.0
2001-06-06 00:00:00-04:00,26.80888627098608,27.00191057939409,26.244111745696813,26.665904998779297,566400,0.0,0.0
2001-06-07 00:00:00-04:00,26.19406809063843,27.05910081269796,26.101129856828628,26.880374908447266,443600,0.0,0.0
2001-06-08 00:00:00-04:00,27.12344088003947,27.15203767779185,26.530072325951743,26.59441375732422,595300,0.0,0.0
2001-06-11 00:00:00-04:00,26.60871965791453,26.80889184433361,26.05824341812057,26.51578140258789,952800,0.0,0.0
2001-06-12 00:00:00-04:00,25.15746329788409,26.058243597244907,25.121718653940903,25.9438591003418,1158600,0.0,0.0
2001-06-13 00:00:00-04:00,26.051081377065124,26.45142830068382,25.73652483309777,25.8437614440918,536500,0.0,0.0
2001-06-14 00:00:00-04:00,24.778559330599983,25.02162667019609,23.770545336686293,23.96356964111328,1863400,0.0,0.0
2001-06-15 00:00:00-04:00,23.58467249601902,23.94927215576172,23.127131871498577,23.94927215576172,2019200,0.0,0.0
2001-06-18 00:00:00-04:00,23.87778021790877,24.013610913807,23.427390207302107,23.5131778717041,793800,0.0,0.0
2001-06-19 00:00:00-04:00,25.72223259533848,25.72223259533848,24.892944483462173,24.97158432006836,1252400,0.0,0.0
2001-06-20 00:00:00-04:00,24.80716069333388,25.93670720126332,24.749967084253203,25.743682861328125,553200,0.0,0.0
2001-06-21 00:00:00-04:00,25.564957454287025,26.387097875466964,25.157462526124142,26.05824279785156,922500,0.0,0.0
2001-06-22 00:00:00-04:00,26.10113408553398,26.344201463780465,25.772279022947952,25.915260314941406,649600,0.0,0.0
2001-06-25 00:00:00-04:00,25.843769353773705,25.95100327044719,25.393379267749904,25.464868545532227,393500,0.0,0.0
2001-06-26 00:00:00-04:00,24.32816712741377,25.00732605074652,24.163739636862168,24.95728302001953,920600,0.0,0.0
2001-06-27 00:00:00-04:00,25.028773835249616,25.12886263004466,24.31387023527271,24.707069396972656,781500,0.0,0.0
2001-06-28 00:00:00-04:00,24.356764671552703,25.300437175848003,24.20663557476498,24.84289932250977,1048500,0.0,0.0
2001-06-29 00:00:00-04:00,24.15659569803826,25.629295514954453,23.88493153945388,25.08596992492676,1261900,0.0,0.0
2001-07-02 00:00:00-04:00,24.556940298144493,25.08597022087729,24.53549406044624,24.66417694091797,482600,0.0,0.0
2001-07-03 00:00:00-04:00,23.92782591905361,24.013613593027017,23.62756496943523,23.94927215576172,647200,0.0,0.0
2001-07-05 00:00:00-04:00,22.46942294200729,23.27011430219704,22.162014140595485,22.26210021972656,1085800,0.0,0.0
2001-07-06 00:00:00-04:00,21.65443403460005,21.65443403460005,20.946678161621094,20.946678161621094,966700,0.0,0.0
2001-07-09 00:00:00-04:00,21.14685151233468,21.239788393894848,20.767952058283434,21.1111068725586,792400,0.0,0.0
2001-07-10 00:00:00-04:00,21.88319838468812,21.98328444663926,21.039611966613315,21.139698028564453,1022600,0.0,0.0
2001-07-11 00:00:00-04:00,21.125401961805856,21.79741176346345,20.982422052318807,21.41851234436035,983800,0.0,0.0
2001-07-12 00:00:00-04:00,22.86976679737898,23.806290164216943,22.640997855577684,23.49173355102539,738100,0.0,0.0
2001-07-13 00:00:00-04:00,23.577522431980647,24.09225394101057,23.577522431980647,23.634716033935547,832100,0.0,0.0
2001-07-16 00:00:00-04:00,23.506033960507256,23.6633109169795,22.87691795319488,22.91981315612793,1014900,0.0,0.0
2001-07-17 00:00:00-04:00,22.347893755252013,23.40595245361328,22.2478076559956,23.40595245361328,898900,0.0,0.0
2001-07-18 00:00:00-04:00,22.040481894805463,22.59095809299976,21.91179900550595,22.269250869750977,772100,0.0,0.0
2001-07-19 00:00:00-04:00,24.25667867245367,25.657889033866613,24.14944204466421,24.91438865661621,3521200,0.0,0.0
2001-07-20 00:00:00-04:00,24.00646721336061,24.47830353955965,24.00646721336061,24.313873291015625,966500,0.0,0.0
2001-07-23 00:00:00-04:00,24.81430407701912,24.98588214632348,24.242381724572724,24.59268569946289,440000,0.0,0.0
2001-07-24 00:00:00-04:00,24.449703755447008,24.671322126892843,23.99216588610497,24.22808265686035,387000,0.0,0.0
2001-07-25 00:00:00-04:00,24.435410585628983,24.60698595978117,23.97787261836796,24.52119827270508,478500,0.0,0.0
2001-07-26 00:00:00-04:00,24.549796985384283,25.200359344482425,24.306729580493684,25.200359344482425,286600,0.0,0.0
2001-07-27 00:00:00-04:00,25.178906464112845,25.286140371233028,24.87864552446637,25.23609733581543,377400,0.0,0.0
2001-07-30 00:00:00-04:00,25.615005464911693,25.68649475685124,25.271849227605188,25.65789794921875,700100,0.0,0.0
2001-07-31 00:00:00-04:00,25.45057544858716,26.07254374890773,25.343341509565537,25.793731689453125,464600,0.0,0.0
2001-08-01 00:00:00-04:00,26.20122161706227,27.023359233305165,26.043941930850075,26.97331619262696,1590100,0.0,0.0
2001-08-02 00:00:00-04:00,27.6953704651596,27.76685974411525,26.908974760941508,26.95186996459961,1095100,0.0,0.0
2001-08-03 00:00:00-04:00,26.472880690371287,26.73739699845316,26.25126230923467,26.665904998779297,1470200,0.0,0.0
2001-08-06 00:00:00-04:00,25.850918869901417,26.22266913822788,25.81517422868838,25.915260314941406,703400,0.0,0.0
2001-08-07 00:00:00-04:00,26.0939839003148,26.572968049183267,25.986747259183097,26.23696517944336,480300,0.0,0.0
2001-08-08 00:00:00-04:00,26.0582466558972,26.136886518087667,25.40053367614746,25.40053367614746,1101400,0.0,0.0
2001-08-09 00:00:00-04:00,25.13601741116669,25.72223830694892,24.828608560068503,25.522066116333008,666200,0.0,0.0
2001-08-10 00:00:00-04:00,25.171752178363143,25.371927017573167,24.97158006629361,25.26469039916992,878600,0.0,0.0
2001-08-13 00:00:00-04:00,25.59355106445005,25.94385506575639,25.472018748514667,25.83661842346192,723600,0.0,0.0
2001-08-14 00:00:00-04:00,26.637304438618703,26.673051796979777,25.96529609939502,26.165468215942383,431700,0.0,0.0
2001-08-15 00:00:00-04:00,26.6373146845898,26.715954539807885,25.77943229675293,25.77943229675293,653100,0.0,0.0
2001-08-16 00:00:00-04:00,25.557812114750487,25.94386084036842,25.350489347976964,25.793731689453125,833400,0.0,0.0
2001-08-17 00:00:00-04:00,25.52206103574825,25.71508534990675,25.20750168209394,25.30759048461914,556600,0.0,0.0
2001-08-20 00:00:00-04:00,24.72851838115384,25.00018254294317,24.28527886349627,24.66417694091797,635700,0.0,0.0
2001-08-21 00:00:00-04:00,24.871502802114087,25.26469933001664,24.106555986714486,24.17804527282715,816100,0.0,0.0
2001-08-22 00:00:00-04:00,25.7508327209742,25.87236504623099,25.293294769421777,25.865217208862305,1103900,0.0,0.0
2001-08-23 00:00:00-04:00,25.736530191667907,25.765126990839125,24.950137304445512,25.10741424560547,670400,0.0,0.0
2001-08-24 00:00:00-04:00,25.722232895209945,26.37994566865037,25.722232895209945,26.37279510498047,468200,0.0,0.0
2001-08-27 00:00:00-04:00,26.236973998640824,26.701659903080103,25.90096828881616,26.45144462585449,307400,0.0,0.0
2001-08-28 00:00:00-04:00,26.022497299961,26.101134420783183,25.3647844391998,25.493467330932617,575100,0.0,0.0
2001-08-29 00:00:00-04:00,25.80802086154005,25.96530053836721,25.20750168209394,25.30759048461914,641600,0.0,0.0
2001-08-30 00:00:00-04:00,24.664176604055,24.942988598888697,24.020762210484087,24.41396141052246,857200,0.0,0.0
2001-08-31 00:00:00-04:00,23.68475879357001,24.98588322419277,23.591820555056675,24.657028198242188,1083700,0.0,0.0
2001-09-04 00:00:00-04:00,21.88320388389808,23.39879904675448,21.790265634242235,22.49802017211914,2535000,0.0,0.0
2001-09-05 00:00:00-04:00,22.698189173523268,22.805424440211663,22.0976700437838,22.37648200988769,1087700,0.0,0.0
2001-09-06 00:00:00-04:00,20.446247299275,20.589227229570074,20.0316031833491,20.57493019104004,1008600,0.0,0.0
2001-09-07 00:00:00-04:00,20.746499345477663,21.153994111468595,20.589219706975776,20.910926818847656,784900,0.0,0.0
2001-09-10 00:00:00-04:00,19.802834275952502,20.16028614834464,19.48112704537132,19.659852981567383,1830200,0.0,0.0
2001-09-17 00:00:00-04:00,18.36587657673569,19.230909405906992,18.27293833141791,18.944948196411133,1636300,0.0,0.0
2001-09-18 00:00:00-04:00,18.07276796427617,18.26579094765448,16.800238750976327,17.22918128967285,1177500,0.0,0.0
2001-09-19 00:00:00-04:00,17.264922847338156,17.436499559436925,16.142524336793823,16.800235748291016,1812600,0.0,0.0
2001-09-20 00:00:00-04:00,16.978961073833965,17.29351905026472,16.19971601441237,16.44278335571289,837200,0.0,0.0
2001-09-21 00:00:00-04:00,15.370431715442288,16.871729969664763,15.234599611506004,16.62151336669922,1038900,0.0,0.0
2001-09-24 00:00:00-04:00,17.600928514127794,18.230043127985283,17.46509643843326,18.05131721496582,606500,0.0,0.0
2001-09-25 00:00:00-04:00,18.2443452301586,18.759075473210785,17.479398385394788,17.586633682250977,810500,0.0,0.0
2001-09-26 00:00:00-04:00,18.51600354899938,18.6518356190665,17.80824912639245,17.87973976135254,854100,0.0,0.0
2001-09-27 00:00:00-04:00,17.836844474773432,18.44451141357422,17.701012415756278,18.44451141357422,938900,0.0,0.0
2001-09-28 00:00:00-04:00,18.859160943700868,19.037886887063948,18.53030586242676,18.53030586242676,995400,0.0,0.0
2001-10-01 00:00:00-04:00,18.437361755024327,18.51600021209501,18.19429445810724,18.473106384277344,731700,0.0,0.0
2001-10-02 00:00:00-04:00,18.616091827473912,19.373889319842284,18.58034582658783,19.302398681640625,743400,0.0,0.0
2001-10-03 00:00:00-04:00,19.05218578889372,21.411369121231527,18.94495049278081,21.30413246154785,1937900,0.0,0.0
2001-10-04 00:00:00-04:00,20.76080009353336,21.804558639466176,20.660712667632573,21.45425605773925,1304000,0.0,0.0
2001-10-05 00:00:00-04:00,21.003868159849056,21.368469176694266,20.41764739833849,21.296979904174805,839100,0.0,0.0
2001-10-08 00:00:00-04:00,20.29611460506265,20.91093219306456,20.13883628970961,20.68216323852539,437200,0.0,0.0
2001-10-09 00:00:00-04:00,20.44625055967762,20.55348586539157,20.01730797325092,20.188884735107425,654000,0.0,0.0
2001-10-10 00:00:00-04:00,20.303261030586548,21.44710701052882,20.117385939533523,21.26838111877441,770800,0.0,0.0
2001-10-11 00:00:00-04:00,21.6830264961382,21.947541432533587,21.447108358734933,21.79741096496582,1304900,0.0,0.0
2001-10-12 00:00:00-04:00,21.497152259093127,21.94754231636325,20.946676128460968,21.44710922241211,704200,0.0,0.0
2001-10-15 00:00:00-04:00,21.325578564933807,21.325578564933807,20.70361170955055,21.225492477416992,827300,0.0,0.0
2001-10-16 00:00:00-04:00,20.617821832758505,20.689312472059548,19.83857672787524,20.417648315429688,1366800,0.0,0.0
2001-10-17 00:00:00-04:00,20.84659042401616,21.06821017476997,18.98069145230337,18.98784065246582,1967200,0.0,0.0
2001-10-18 00:00:00-04:00,17.515141453568024,18.544603210597927,17.400756965405883,18.46596336364746,4311000,0.0,0.0
2001-10-19 00:00:00-04:00,17.836847975426906,18.48026103686104,17.55803460340132,18.29438591003418,1432000,0.0,0.0
2001-10-22 00:00:00-04:00,18.07991068793742,18.78766500960316,17.95122783607633,18.594640731811523,704600,0.0,0.0
2001-10-23 00:00:00-04:00,18.937794094394256,19.16656300278275,18.594640731811523,18.594640731811523,710200,0.0,0.0
2001-10-24 00:00:00-04:00,18.6947302358546,19.295249412901903,18.637537998210583,19.252355575561523,394700,0.0,0.0
2001-10-25 00:00:00-04:00,18.40876911304615,19.302398681640625,18.108509523455588,19.302398681640625,1171700,0.0,0.0
2001-10-26 00:00:00-04:00,18.70188383202047,18.93065283637032,18.480264029502912,18.74477767944336,778100,0.0,0.0
2001-10-29 00:00:00-05:00,18.587495907147847,18.587495907147847,17.98697669952358,18.01557350158692,1150500,0.0,0.0
2001-10-30 00:00:00-05:00,17.879741277352817,18.10136103730654,17.786803034953454,17.936933517456055,818700,0.0,0.0
2001-10-31 00:00:00-05:00,18.759069293694527,18.97354118032746,18.230040821712485,18.373022079467773,474800,0.0,0.0
2001-11-01 00:00:00-05:00,19.102225799586176,19.252356281135345,18.658986282493608,19.109375,807300,0.0,0.0
2001-11-02 00:00:00-05:00,19.230909405906992,19.402486131604505,18.737625467295008,18.944948196411133,560400,0.0,0.0
2001-11-05 00:00:00-05:00,19.65270141646184,20.053047083583543,19.65270141646184,19.66699981689453,781400,0.0,0.0
2001-11-06 00:00:00-05:00,20.36760731883912,20.868040480544227,19.53116989137642,20.810848236083984,1009100,0.0,0.0
2001-11-07 00:00:00-05:00,20.73935706925776,21.33272710198388,20.62497258320722,21.10395812988281,1670500,0.0,0.0
2001-11-08 00:00:00-05:00,21.46140865174988,21.86890352834745,21.096807613854548,21.1968936920166,1517200,0.0,0.0
2001-11-09 00:00:00-05:00,20.403349213545635,20.81799324324383,20.374752415291084,20.6035213470459,969000,0.0,0.0
2001-11-12 00:00:00-05:00,20.29611411446546,20.517735226942467,19.73849014214775,20.374753952026367,422000,0.0,0.0
2001-11-13 00:00:00-05:00,20.64641860899666,20.69646301425152,20.14598682858372,20.660717010498047,991400,0.0,0.0
2001-11-14 00:00:00-05:00,20.51773300025132,20.51773300025132,19.83857406346144,20.196025848388672,1231400,0.0,0.0
2001-11-15 00:00:00-05:00,19.84572326499856,20.5749252335882,19.824275667015208,20.46054077148437,1017300,0.0,0.0
2001-11-16 00:00:00-05:00,20.29611121813505,20.3247080144656,19.874318017251547,20.07449150085449,548000,0.0,0.0
2001-11-19 00:00:00-05:00,20.36760731883912,20.932381926008333,20.339011878394327,20.810848236083984,946500,0.0,0.0
2001-11-20 00:00:00-05:00,20.96812615356453,21.018169196033103,19.86002592768128,19.90291976928711,843800,0.0,0.0
2001-11-21 00:00:00-05:00,20.339007709097903,20.5534782409668,20.038748146339227,20.5534782409668,844800,0.0,0.0
2001-11-23 00:00:00-05:00,20.56777753792802,20.91093094932673,20.48198850329312,20.803695678710938,255600,0.0,0.0
2001-11-26 00:00:00-05:00,21.196892029037667,21.41136393286376,20.73220494943679,21.039613723754883,789200,0.0,0.0
2001-11-27 00:00:00-05:00,20.54633279008904,21.189745866656253,20.26037157423368,20.83944320678711,580800,0.0,0.0
2001-11-28 00:00:00-05:00,19.88862027026595,20.62497155565496,19.88862027026595,20.10309219360352,737500,0.0,0.0
2001-11-29 00:00:00-05:00,20.910930876802524,21.69017593138268,20.803695606558648,21.66157913208008,2627100,0.0,0.0
2001-11-30 00:00:00-05:00,21.96899210524684,22.304997743414567,21.94039666404977,22.18346405029297,2351600,0.0,0.0
2001-12-03 00:00:00-05:00,21.85460197129261,22.58380394177007,21.80455893943892,22.46941947937012,2077900,0.0,0.0
2001-12-04 00:00:00-05:00,22.869772241049503,23.441696095257686,22.769686146080648,23.41309928894043,1370200,0.0,0.0
2001-12-05 00:00:00-05:00,24.192347409655653,25.27185106857436,24.09226130279269,24.87865447998047,1423600,0.0,0.0
2001-12-06 00:00:00-05:00,24.464001151100497,24.6641732789402,23.98501433887457,24.21378326416016,1161700,0.0,0.0
2001-12-07 00:00:00-05:00,23.73479979613701,24.10654999117609,23.64186156559205,23.977867126464844,720700,0.0,0.0
2001-12-10 00:00:00-05:00,23.1342833340166,23.50603357186656,22.93411117792088,23.334455490112305,759300,0.0,0.0
2001-12-11 00:00:00-05:00,23.434543569528948,23.877785848939304,23.277266602225225,23.34160804748535,476400,0.0,0.0
2001-12-12 00:00:00-05:00,23.84203200421548,23.98501325785992,23.355897378108736,23.59896469116211,977300,0.0,0.0
2001-12-13 00:00:00-05:00,22.67674689998176,22.90551724982875,22.562362406843626,22.69819450378418,845200,0.0,0.0
2001-12-14 00:00:00-05:00,22.94125768666306,23.091386795043945,22.37648316221199,23.091386795043945,1780900,0.0,0.0
2001-12-17 00:00:00-05:00,23.18432615313012,23.870633019355104,23.16287991579217,23.806291580200195,367700,0.0,0.0
2001-12-18 00:00:00-05:00,24.421105506523105,24.7142158571096,24.127995155936613,24.464000701904297,715100,0.0,0.0
2001-12-19 00:00:00-05:00,23.38449747686713,24.19948719245897,23.291561966942425,23.87063217163086,985800,0.0,0.0
2001-12-20 00:00:00-05:00,23.413092686700303,23.491732518326405,22.590953826904297,22.590953826904297,443600,0.0,0.0
2001-12-21 00:00:00-05:00,22.89122101130852,23.077094807551475,22.69104744760807,22.876922607421875,300600,0.0,0.0
2001-12-24 00:00:00-05:00,22.84117414917558,22.862620387855404,22.519466933272017,22.54091453552246,151800,0.0,0.0
2001-12-26 00:00:00-05:00,22.447973995199188,22.984153088098804,22.447973995199188,22.61955070495605,240500,0.0,0.0
2001-12-27 00:00:00-05:00,23.12713499088392,23.23437164317047,22.89121817385137,22.91266441345215,266100,0.0,0.0
2001-12-28 00:00:00-05:00,22.90551534956645,23.37735168550997,22.88406638397274,23.3487548828125,247200,0.0,0.0
2001-12-31 00:00:00-05:00,23.34875311692005,23.6633097413784,22.733935541129703,22.826873779296875,360900,0.0,0.0
2002-01-02 00:00:00-05:00,23.19862739859021,23.19862739859021,22.78398327517205,23.17003059387207,601900,0.0,0.0
2002-01-03 00:00:00-05:00,23.355900210559312,24.27097870857409,23.27726310230183,24.142295837402344,779900,0.0,0.0
2002-01-04 00:00:00-05:00,24.57123758909385,25.26469499951864,24.099401291057653,25.12886428833008,1499500,0.0,0.0
2002-01-07 00:00:00-05:00,24.950141973925955,24.993034453569344,24.26383230107654,24.371068954467773,1585800,0.0,0.0
2002-01-08 00:00:00-05:00,23.641863094869063,23.949271877437297,23.27011287578328,23.749099731445312,861300,0.0,0.0
2002-01-09 00:00:00-05:00,26.0939797134308,27.15203664578701,25.8080172010575,26.051084518432617,5545100,0.0,0.0
2002-01-10 00:00:00-05:00,26.08683803421704,26.594419022682995,25.629297361013982,26.26556396484375,2416300,0.0,0.0
2002-01-11 00:00:00-05:00,26.322758822006257,26.58727247570332,26.2441189643051,26.437143325805664,2667400,0.0,0.0
2002-01-14 00:00:00-05:00,26.20122082555025,26.244113300755167,25.686489305962525,25.83661842346192,902000,0.0,0.0
2002-01-15 00:00:00-05:00,25.829469749321028,26.065386536723565,25.70078687359564,25.879512786865234,909200,0.0,0.0
2002-01-16 00:00:00-05:00,25.264696754781983,25.59355180080631,25.09311866760254,25.09311866760254,1413800,0.0,0.0
2002-01-17 00:00:00-05:00,25.73653156998336,25.979598921674395,25.450569017238244,25.95100212097168,1095500,0.0,0.0
2002-01-18 00:00:00-05:00,25.128862590718995,25.58640045764566,25.02162596003396,25.300437927246094,1244300,0.0,0.0
2002-01-22 00:00:00-05:00,25.393381815535864,25.393381815535864,24.52834892272949,24.52834892272949,841500,0.0,0.0
2002-01-23 00:00:00-05:00,25.336185085897178,26.3370513148669,25.04307469024964,26.308454513549805,2235200,0.0,0.0
2002-01-24 00:00:00-05:00,26.53006769032028,26.53006769032028,25.97959170190573,26.15831756591797,2314100,0.0,0.0
2002-01-25 00:00:00-05:00,25.41482005174922,26.23696020552397,25.3790754205287,26.165468215942383,1736800,0.0,0.0
2002-01-28 00:00:00-05:00,25.950995327945524,26.08682873215667,25.500605379767027,25.8437614440918,814300,0.0,0.0
2002-01-29 00:00:00-05:00,25.70079255774444,25.79373081679892,25.10742108542794,25.200359344482425,590500,0.0,0.0
2002-01-30 00:00:00-05:00,24.64987685225187,24.871497959476425,24.37821270906386,24.792858123779297,1519000,0.0,0.0
2002-01-31 00:00:00-05:00,25.021634207104977,25.15031711548428,24.556945623830632,25.064529418945312,925400,0.0,0.0
2002-02-01 00:00:00-05:00,25.38622780454924,25.436273569793688,24.8572006225586,24.8572006225586,577600,0.0,0.0
2002-02-04 00:00:00-05:00,25.150309563614023,25.371930667530485,24.521193614568595,24.58553504943848,828700,0.0,0.0
2002-02-05 00:00:00-05:00,24.46401195803677,24.95014682080307,24.35677528381348,24.35677528381348,890900,0.0,0.0
2002-02-06 00:00:00-05:00,24.020756525607705,24.35676204352293,23.520326256977047,23.88492584228516,1016600,0.0,0.0
2002-02-07 00:00:00-05:00,23.884929720288905,24.163741694405985,23.620416145759982,23.956418991088867,1047000,0.0,0.0
2002-02-08 00:00:00-05:00,23.68475578298066,23.706202017165,23.01274468903779,23.391645431518555,1033000,0.0,0.0
2002-02-11 00:00:00-05:00,24.249527600293263,24.59268371115801,24.18518889753938,24.5640869140625,636300,0.0,0.0
2002-02-12 00:00:00-05:00,24.592688295797807,24.91439277810299,24.385365568916686,24.492599487304688,815400,0.0,0.0
2002-02-13 00:00:00-05:00,24.62127829808452,24.95013601730652,24.571235265686965,24.91438865661621,469100,0.0,0.0
2002-02-14 00:00:00-05:00,25.16460932768262,25.436273481545083,24.85004997253418,24.85004997253418,883000,0.0,0.0
2002-02-15 00:00:00-05:00,24.850052223712225,25.014482479967107,24.23523731242969,24.385366439819336,536600,0.0,0.0
2002-02-19 00:00:00-05:00,23.741952242700084,23.870635132401,23.019900674614973,23.28441429138184,475300,0.0,0.0
2002-02-20 00:00:00-05:00,23.620419278826684,24.16374489954065,23.198625980021166,24.12800025939941,584600,0.0,0.0
2002-02-21 00:00:00-05:00,23.949280150134587,24.220944390064204,23.455997451201405,23.47744369506836,612800,0.0,0.0
2002-02-22 00:00:00-05:00,23.463134243512577,23.684755325317383,23.24151316170777,23.684755325317383,1017100,0.0,0.0
2002-02-25 00:00:00-05:00,23.8420347142898,24.728516405937377,23.749099206926623,24.59268569946289,730400,0.0,0.0
2002-02-26 00:00:00-05:00,24.699921304038394,24.807157945616098,23.9063777923584,23.9063777923584,615200,0.0,0.0
2002-02-27 00:00:00-05:00,24.52119350268756,24.685621007240176,23.699055979924463,23.956418991088867,794500,0.0,0.0
2002-02-28 00:00:00-05:00,24.449707862011305,24.79286132165376,24.24238512791233,24.428258895874023,979000,0.0,0.0
2002-03-01 00:00:00-05:00,24.22094011228863,25.250400543212887,24.0565125750179,25.25040054321289,1116500,0.0,0.0
2002-03-04 00:00:00-05:00,24.957291826744065,25.843773748554856,24.77856587475445,25.77943229675293,1619400,0.0,0.0
2002-03-05 00:00:00-05:00,25.18605836875609,25.73653457441015,25.02163083623209,25.41482734680176,1178700,0.0,0.0
2002-03-06 00:00:00-05:00,25.55066380217315,26.229820251464844,25.522066994774733,26.229820251464844,451500,0.0,0.0
2002-03-07 00:00:00-05:00,26.522925879906985,26.69450396591333,26.15117835998535,26.15117835998535,687900,0.0,0.0
2002-03-08 00:00:00-05:00,26.051088196290163,26.30130611172739,25.75082997033472,25.95100212097168,1244000,0.0,0.0
2002-03-11 00:00:00-05:00,25.77227676098911,26.437137392335657,25.750830523571828,26.308454513549805,899700,0.0,0.0
2002-03-12 00:00:00-05:00,25.65074185948536,26.12257812507321,25.52205899367587,25.872360229492188,700900,0.0,0.0
2002-03-13 00:00:00-05:00,25.965299244041184,26.108280513380222,25.73653030395508,25.73653030395508,588900,0.0,0.0
2002-03-14 00:00:00-05:00,26.272709595179723,26.3870940720867,25.993897603165284,26.129728317260746,554300,0.0,0.0
2002-03-15 00:00:00-05:00,26.129726953561867,27.051953284510628,26.129726953561867,27.01620864868164,1508800,0.0,0.0
2002-03-18 00:00:00-05:00,27.287875919498283,27.80975807774864,27.287875919498283,27.76686286926269,1374100,0.0,0.0
2002-03-19 00:00:00-05:00,27.76686081288945,27.909842103445435,27.60243328324953,27.709667205810547,778900,0.0,0.0
2002-03-20 00:00:00-05:00,27.023359904893685,27.023359904893685,26.708803251793064,26.73740005493164,1255300,0.0,0.0
2002-03-21 00:00:00-05:00,26.737400182767537,26.908975548136844,26.17262559021594,26.837486267089844,838500,0.0,0.0
2002-03-22 00:00:00-05:00,26.88037818260715,26.88037818260715,26.451437051014743,26.522926330566406,445400,0.0,0.0
2002-03-25 00:00:00-05:00,26.55867444624897,26.73740037730814,26.308456506481367,26.31560707092285,694900,0.0,0.0
2002-03-26 00:00:00-05:00,26.52292688534401,27.00906163245915,26.50863121084762,26.837486267089844,768300,0.0,0.0
2002-03-27 00:00:00-05:00,27.10199646100573,27.24497773220596,26.887525917775843,27.116294860839844,910900,0.0,0.0
2002-03-28 00:00:00-05:00,27.17348391253576,27.28786837640452,26.594413757324222,26.59441375732422,775600,0.0,0.0
2002-04-01 00:00:00-05:00,26.594422402150084,27.60958450808299,26.594422402150084,27.380815505981445,274100,0.0,0.0
2002-04-02 00:00:00-05:00,26.022494428244496,26.20122034402326,25.486316680908203,25.486316680908203,2723000,0.0,0.0
2002-04-03 00:00:00-05:00,25.307592818204032,25.443423543444364,24.74281822401204,25.028778076171875,903400,0.0,0.0
2002-04-04 00:00:00-05:00,25.02877828842186,25.22895318648668,24.90009812650052,25.13601493835449,1790800,0.0,0.0
2002-04-05 00:00:00-05:00,25.371930769498245,25.421973804915844,25.13601126498024,25.23609733581543,567900,0.0,0.0
2002-04-08 00:00:00-04:00,23.906378956974763,24.75711611284476,23.87778488135,24.628433227539062,1208200,0.0,0.0
2002-04-09 00:00:00-04:00,24.328173816384822,24.378216860871017,23.78484816461697,23.791996002197266,594300,0.0,0.0
2002-04-10 00:00:00-04:00,24.36392384389536,24.735671435739867,23.91353366723916,24.235240936279297,2224700,0.0,0.0
2002-04-11 00:00:00-04:00,24.22808407021126,24.406809981295307,23.14143020356332,23.277263641357425,1475400,0.0,0.0
2002-04-12 00:00:00-04:00,23.33446237262425,23.548932992719465,23.191481050180144,23.47744369506836,1067200,0.0,0.0
2002-04-15 00:00:00-04:00,24.12084907902396,24.12084907902396,23.53462560796643,23.856332778930664,1015100,0.0,0.0
2002-04-16 00:00:00-04:00,24.771413629845053,25.436274271140714,24.74281682810003,25.31473922729492,710700,0.0,0.0
2002-04-17 00:00:00-04:00,24.771415233660072,24.78571090831704,24.35676976293453,24.48545265197754,2495200,0.0,0.0
2002-04-18 00:00:00-04:00,24.349618858210043,25.06452249521648,24.22808382180565,24.90009498596192,1251800,0.0,0.0
2002-04-19 00:00:00-04:00,25.0788223742368,25.30759133339923,24.792859811713207,25.24324989318848,1941700,0.0,0.0
2002-04-22 00:00:00-04:00,24.199489955462955,24.4282589288669,24.163745314707576,24.363920211791992,1964900,0.0,0.0
2002-04-23 00:00:00-04:00,24.142293548716754,24.442551734892472,23.913524627685547,23.913524627685547,1788800,0.0,0.0
2002-04-24 00:00:00-04:00,23.999316886932025,24.092255131129217,23.72050488148164,23.84203720092773,1446900,0.0,0.0
2002-04-25 00:00:00-04:00,23.541779946636712,23.834890365600582,23.29156473306071,23.834890365600582,839300,0.0,0.0
2002-04-26 00:00:00-04:00,23.513179053484773,23.73480015206442,22.791126251220703,22.791126251220703,1145900,0.0,0.0
2002-04-29 00:00:00-04:00,22.95556246522756,23.198629877017083,22.64100439757567,22.876922607421875,767700,0.0,0.0
2002-04-30 00:00:00-04:00,22.612404391829653,23.5203338202351,22.56236134887462,23.30586051940918,762100,0.0,0.0
2002-05-01 00:00:00-04:00,23.30442079801979,23.44796292505808,22.665647654926143,23.218292236328125,1230000,0.128,0.0
2002-05-02 00:00:00-04:00,22.120183627938943,22.235018995889725,21.47423434097941,21.711082458496094,2248700,0.0,0.0
2002-05-03 00:00:00-04:00,21.90486378123636,22.034053889569183,21.28762276095521,21.42399024963379,2340300,0.0,0.0
2002-05-06 00:00:00-04:00,21.85462348776144,22.04840728131536,21.2230277067888,21.42399024963379,1749800,0.0,0.0
2002-05-07 00:00:00-04:00,21.323512732825225,21.4168173277986,20.49095560463282,20.63450050354004,3247800,0.0,0.0
2002-05-08 00:00:00-04:00,21.96228620122728,22.67283058166504,21.79721052443728,22.67283058166504,1312900,0.0,0.0
2002-05-09 00:00:00-04:00,22.29243980651044,22.29243980651044,21.366579351431724,21.495769500732425,934200,0.0,0.0
2002-05-10 00:00:00-04:00,21.423993942212235,21.45987948118078,20.66320929072542,20.68474006652832,723600,0.0,0.0
2002-05-13 00:00:00-04:00,20.878527879001304,21.67519953824404,20.849818349072034,21.66802215576172,1358600,0.0,0.0
2002-05-14 00:00:00-04:00,22.23502305826732,22.36421321305161,21.92640243715948,22.141719818115234,1525300,0.0,0.0
2002-05-15 00:00:00-04:00,21.69672677467205,22.601056285622853,21.502941586122844,22.09147453308105,1105300,0.0,0.0
2002-05-16 00:00:00-04:00,22.12736007068846,22.342676034223903,21.897689344531848,22.09147453308105,435000,0.0,0.0
2002-05-17 00:00:00-04:00,22.005346440778137,22.2565493007578,21.39528274338338,21.682371139526367,1254300,0.0,0.0
2002-05-20 00:00:00-04:00,21.56035663310229,21.56035663310229,21.15843156801548,21.35221672058105,716700,0.0,0.0
2002-05-21 00:00:00-04:00,21.01489578491769,21.057958711637667,19.974198578406977,20.01726150512696,2324900,0.0,0.0
2002-05-22 00:00:00-04:00,19.450262087768497,19.59380563403188,18.445451788141742,18.70383071899414,5603000,0.0,0.0
2002-05-23 00:00:00-04:00,19.49332125879247,19.68710644630269,19.04115719021413,19.428726196289062,3019100,0.0,0.0
2002-05-24 00:00:00-04:00,19.12728583627271,19.37131135957527,18.876082930644102,19.055513381958008,1364900,0.0,0.0
2002-05-28 00:00:00-04:00,19.52202963298436,19.58662469167964,19.062686841268377,19.371307373046875,969100,0.0,0.0
2002-05-29 00:00:00-04:00,19.148814839874124,19.1990551389635,18.617700955443546,18.73253631591797,1765100,0.0,0.0
2002-05-30 00:00:00-04:00,18.481335298070366,19.041158763026512,18.42391761209632,19.01962661743164,1223400,0.0,0.0
2002-05-31 00:00:00-04:00,19.19905571454235,19.299536315733462,18.48133400558749,18.51721954345703,892700,0.0,0.0
2002-06-03 00:00:00-04:00,18.68229660945857,18.8401948928833,17.943042755126953,17.943042755126953,1023500,0.0,0.0
2002-06-04 00:00:00-04:00,18.1655377010086,19.01962699463866,18.158360319001293,18.854551315307617,1293900,0.0,0.0
2002-06-05 00:00:00-04:00,18.7325367075481,19.23494107789081,18.33778894983721,19.12728309631348,2271700,0.0,0.0
2002-06-06 00:00:00-04:00,19.0698658352416,19.127283517944893,18.48133424529645,18.947853088378903,1207000,0.0,0.0
2002-06-07 00:00:00-04:00,18.30190268349393,19.191877394809985,18.23730762333067,18.897611618041992,1545000,0.0,0.0
2002-06-10 00:00:00-04:00,19.278006632086804,19.349777711889462,18.76124609625583,18.876081466674805,891700,0.0,0.0
2002-06-11 00:00:00-04:00,19.342600603911528,19.615334250978343,18.438271086354952,18.51721954345703,1471300,0.0,0.0
2002-06-12 00:00:00-04:00,18.1583597516968,18.51004461433908,17.655955347392513,18.30908203125,1739400,0.0,0.0
2002-06-13 00:00:00-04:00,18.287550407456788,18.610525752177967,18.057879659630903,18.10811996459961,692900,0.0,0.0
2002-06-14 00:00:00-04:00,17.584181273345646,17.835384136753962,17.24685257439163,17.397573471069336,1996700,0.0,0.0
2002-06-17 00:00:00-04:00,17.368862974088366,17.97174921741674,17.332976073327576,17.885622024536133,1207400,0.0,0.0
2002-06-18 00:00:00-04:00,17.777966011744258,18.05069964273952,17.69901619034899,17.87126922607422,667100,0.0,0.0
2002-06-19 00:00:00-04:00,17.555470216871367,17.950217930335096,17.23967368883481,17.512407302856445,992700,0.0,0.0
2002-06-20 00:00:00-04:00,17.010005241293428,17.06742292389836,16.399941508025083,17.053068161010742,1521400,0.0,0.0
2002-06-21 00:00:00-04:00,17.045891674615344,17.160727045854998,16.407119750976562,16.407119750976562,1687300,0.0,0.0
2002-06-24 00:00:00-04:00,16.048257729088636,16.399941199546962,15.25158620010304,16.35687828063965,1770500,0.0,0.0
2002-06-25 00:00:00-04:00,16.328169608872432,16.46453712297657,16.05543594960974,16.277929306030273,1269400,0.0,0.0
2002-06-26 00:00:00-04:00,15.47407818464596,16.57219278734406,15.43101526952409,16.450180053710938,1456200,0.0,0.0
2002-06-27 00:00:00-04:00,17.01718235936232,17.383220623104062,16.74444869150635,17.117664337158203,938100,0.0,0.0
2002-06-28 00:00:00-04:00,17.225322176221102,17.83538594375139,16.98847405105589,17.433462142944336,1242500,0.0,0.0
2002-07-01 00:00:00-04:00,17.311452233234753,17.40475547468038,16.471717584440796,16.600906372070312,1038800,0.0,0.0
2002-07-02 00:00:00-04:00,16.299455386884983,16.33534228496715,15.71810132740572,15.954949378967283,744400,0.0,0.0
2002-07-03 00:00:00-04:00,15.208520855081725,16.399938583374023,15.108038901733195,16.399938583374023,1855400,0.0,0.0
2002-07-05 00:00:00-04:00,16.25639518537447,17.124839098355796,16.184622746202766,16.87363624572754,1938800,0.0,0.0
2002-07-08 00:00:00-04:00,16.65114254968056,17.01000336869139,16.371230179969253,16.464534759521484,590600,0.0,0.0
2002-07-09 00:00:00-04:00,16.1846276333438,16.44300794480478,15.617628067460446,15.624805450439451,928400,0.0,0.0
2002-07-10 00:00:00-04:00,15.976484177520724,16.09131953261064,15.323357582092283,15.323357582092283,900300,0.0,0.0
2002-07-11 00:00:00-04:00,15.423838370931724,15.703749381390825,12.34481314904532,15.667863845825195,6667400,0.0,0.0
2002-07-12 00:00:00-04:00,13.694130770066971,13.81614352085311,13.241966675356927,13.622358322143556,2435400,0.0,0.0
2002-07-15 00:00:00-04:00,13.277851202728282,13.780256930950246,13.191723997996196,13.64388942718506,1098000,0.0,0.0
2002-07-16 00:00:00-04:00,13.686957159356098,14.31855323236232,13.65824899364452,13.995577812194824,1585700,0.0,0.0
2002-07-17 00:00:00-04:00,14.964497277830445,15.057800493745058,14.18218053836732,14.253952980041504,1276500,0.0,0.0
2002-07-18 00:00:00-04:00,14.103235467364232,14.103235467364232,13.615184342277702,13.787437438964844,882500,0.0,0.0
2002-07-19 00:00:00-04:00,13.65824751134282,13.794613679328702,13.457284897388,13.464462280273438,615300,0.0,0.0
2002-07-22 00:00:00-04:00,13.378333499091704,13.636713777142273,13.02664999227046,13.206080436706545,462100,0.0,0.0
2002-07-23 00:00:00-04:00,12.954874432142896,13.17736911549619,12.739558498063612,12.77544403076172,520400,0.0,0.0
2002-07-24 00:00:00-04:00,12.509889705707922,13.830497770214098,12.481180180027316,13.823320388793944,976500,0.0,0.0
2002-07-25 00:00:00-04:00,12.990763040742964,13.2922062094301,12.782623090697928,13.012293815612791,797200,0.0,0.0
2002-07-26 00:00:00-04:00,12.710851803385731,12.897459626593408,12.488358439499727,12.883106231689451,568800,0.0,0.0
2002-07-29 00:00:00-04:00,13.435750573622126,13.959688487872434,13.29938442771252,13.70848560333252,1748100,0.0,0.0
2002-07-30 00:00:00-04:00,13.636716842651367,14.096058445604283,13.414223424839292,13.995577812194824,883500,0.0,0.0
2002-07-31 00:00:00-04:00,13.55058597364281,13.80896624048466,13.270674930527871,13.42139720916748,1051400,0.0,0.0
2002-08-01 00:00:00-04:00,13.471636429603691,13.564939646827476,12.926167781749886,13.062535285949709,792000,0.0,0.0
2002-08-02 00:00:00-04:00,13.15583738602009,13.15583738602009,12.31610302653177,12.703673362731934,960200,0.0,0.0
2002-08-05 00:00:00-04:00,12.423764034376292,12.423764034376292,11.54814392699045,11.720396995544434,670100,0.0,0.0
2002-08-06 00:00:00-04:00,12.021836736210744,12.68931803970026,12.021836736210744,12.524242401123049,1317100,0.0,0.0
2002-08-07 00:00:00-04:00,12.883105441398843,12.918990979875836,11.97877590853407,12.56013011932373,946400,0.0,0.0
2002-08-08 00:00:00-04:00,12.560132562297666,13.292209188761436,12.30892963726255,13.098423957824709,792200,0.0,0.0
2002-08-09 00:00:00-04:00,12.918991455694703,13.52905521489163,12.818510849101893,13.313737869262695,413600,0.0,0.0
2002-08-12 00:00:00-04:00,13.198902482077848,13.435750603701011,13.105599257354733,13.42139720916748,369500,0.0,0.0
2002-08-13 00:00:00-04:00,13.27785267505907,13.816143999723629,13.112776997375557,13.155839920043944,731600,0.0,0.0
2002-08-14 00:00:00-04:00,13.17019682556516,13.63671577568086,13.005121121038131,13.564943313598633,963300,0.0,0.0
2002-08-15 00:00:00-04:00,13.651067094540185,13.73719293213255,13.299383624989424,13.39268684387207,1127600,0.0,0.0
2002-08-16 00:00:00-04:00,13.385512954075145,13.708488351655577,13.20608248185176,13.63671588897705,903400,0.0,0.0
2002-08-19 00:00:00-04:00,13.81614122347434,14.605635281461945,13.75872354847226,14.483622550964355,887700,0.0,0.0
2002-08-20 00:00:00-04:00,14.454916167349069,14.555398147127724,14.067347119174874,14.23960018157959,549800,0.0,0.0
2002-08-21 00:00:00-04:00,14.914261563542023,15.086514655138258,14.71329893887348,15.043450355529783,915000,0.0,0.0
2002-08-22 00:00:00-04:00,15.373599948359088,15.495612700685175,15.251587196033,15.387954711914062,1169300,0.0,0.0
2002-08-23 00:00:00-04:00,14.986029309907718,15.01473883656528,14.297017097473146,14.297017097473145,662600,0.0,0.0
2002-08-26 00:00:00-04:00,14.648700656812077,14.820953710760978,14.218067337467025,14.38314437866211,1025800,0.0,0.0
2002-08-27 00:00:00-04:00,15.00037928382053,15.0434421911119,14.347252819296685,14.354430198669434,1623700,0.0,0.0
2002-08-28 00:00:00-04:00,14.088876106288648,14.088876106288648,13.471636386666368,13.64388942718506,582500,0.0,0.0
2002-08-29 00:00:00-04:00,13.471638831255149,14.354436337462094,13.471638831255149,14.182183265686035,967800,0.0,0.0
2002-08-30 00:00:00-04:00,13.651067369721083,14.0673459103303,13.529054623217752,13.816143035888672,523400,0.0,0.0
2002-09-03 00:00:00-04:00,12.725204135446145,12.90463454243984,12.552951109005637,12.703673362731934,935300,0.0,0.0
2002-09-04 00:00:00-04:00,12.710851256993664,13.055358729846391,12.567307731505135,12.990763664245604,827300,0.0,0.0
2002-09-05 00:00:00-04:00,12.273043151756209,12.588841129581796,11.842409794529624,12.086435317993164,875000,0.0,0.0
2002-09-06 00:00:00-04:00,12.165385818839695,12.165385818839695,11.784992748215762,11.957245826721191,1348100,0.0,0.0
2002-09-09 00:00:00-04:00,11.648622317962015,12.0074831511878,11.44766044300794,11.985952377319336,1321600,0.0,0.0
2002-09-10 00:00:00-04:00,11.677334070642363,11.720396995544434,11.469194090548571,11.720396995544434,1342600,0.0,0.0
2002-09-11 00:00:00-04:00,11.82087668660834,12.251510008828378,11.82087668660834,12.09361171722412,1124200,0.0,0.0
2002-09-12 00:00:00-04:00,11.612740229054452,11.734753003324272,11.46201860698426,11.483550071716309,871100,0.0,0.0
2002-09-13 00:00:00-04:00,10.758649009084984,11.031383359792516,10.61510479410018,10.966788291931152,1305300,0.0,0.0
2002-09-16 00:00:00-04:00,10.507445387011153,10.550508303462992,9.976330836480964,10.062458038330078,1788500,0.0,0.0
2002-09-17 00:00:00-04:00,10.342368552678092,10.399786228175342,9.90455860589338,10.155760765075684,1330500,0.0,0.0
2002-09-18 00:00:00-04:00,9.689243717451998,10.177294731140137,9.59593980692498,10.177294731140137,1595500,0.0,0.0
2002-09-19 00:00:00-04:00,9.33038254556849,9.509812979137116,9.201192414367789,9.244256019592283,2134500,0.0,0.0
2002-09-20 00:00:00-04:00,9.832789343479584,9.976333578561269,9.330384178457235,9.617472648620604,1823300,0.0,0.0
2002-09-23 00:00:00-04:00,9.115065574645996,9.20119209765768,8.856686005610946,9.115065574645996,1357600,0.0,0.0
2002-09-24 00:00:00-04:00,8.935635660843708,9.545699422831824,8.871040593754048,9.294496536254885,1908100,0.0,0.0
2002-09-25 00:00:00-04:00,9.301675180184242,9.301675180184242,8.540889719913265,9.050472259521484,1857100,0.0,0.0
2002-09-26 00:00:00-04:00,9.1222432064918,9.208369731868329,8.627015514458572,8.734673500061035,939800,0.0,0.0
2002-09-27 00:00:00-04:00,8.390166229752667,8.505002274765141,8.253799410229918,8.260976791381836,2364400,0.0,0.0
2002-09-30 00:00:00-04:00,7.894940863715277,8.347105740773905,7.72268777278045,8.074371337890625,1755000,0.0,0.0
2002-10-01 00:00:00-04:00,7.880584761607759,8.20356010796285,7.586318943348963,8.11025619506836,1893900,0.0,0.0
2002-10-02 00:00:00-04:00,7.780103883868482,7.93082547883172,7.564787221853456,7.693977355957031,2581100,0.0,0.0
2002-10-03 00:00:00-04:00,7.751395221160981,8.038483654196536,7.543255936091999,7.701154232025146,1441300,0.0,0.0
2002-10-04 00:00:00-04:00,7.69397701272739,7.69397701272739,7.263343707907965,7.37817907333374,2583000,0.0,0.0
2002-10-07 00:00:00-04:00,7.349471089278716,7.593496611509972,7.17004063875254,7.213104248046875,2166700,0.0,0.0
2002-10-08 00:00:00-04:00,7.126977423472099,7.80881297078889,7.126977423472099,7.7370405197143555,1830600,0.0,0.0
2002-10-09 00:00:00-04:00,7.902117259929887,8.5337125322735,7.902117259929887,8.361458778381348,2488200,0.0,0.0
2002-10-10 00:00:00-04:00,8.217912174425454,9.06482388056217,8.153317120978055,9.014583587646484,1646000,0.0,0.0
2002-10-11 00:00:00-04:00,9.61747088696632,10.005040592931284,9.560053203450977,9.825610160827637,1282300,0.0,0.0
2002-10-14 00:00:00-04:00,9.5959407368159,9.904561341198727,9.5959407368159,9.796902656555176,926900,0.0,0.0
2002-10-15 00:00:00-04:00,10.658167133666272,10.658167133666272,10.313660374188869,10.414141654968262,1619500,0.0,0.0
2002-10-16 00:00:00-04:00,9.890207037512257,10.012219808449917,9.545700873316214,9.617472648620604,1207000,0.0,0.0
2002-10-17 00:00:00-04:00,12.06490219023484,12.186914942048093,11.160573308729235,12.09361171722412,5645500,0.0,0.0
2002-10-18 00:00:00-04:00,12.373521886936594,13.02664852142334,12.107965625764882,13.02664852142334,4242000,0.0,0.0
2002-10-21 00:00:00-04:00,12.7898012769092,13.844853118187716,12.696498052394965,13.70848560333252,2059500,0.0,0.0
2002-10-22 00:00:00-04:00,12.840043192671208,13.134309035564762,12.387879038866352,12.639081954956056,2755900,0.0,0.0
2002-10-23 00:00:00-04:00,12.201267834620122,12.768268585205078,12.029014805934226,12.768268585205078,2872400,0.0,0.0
2002-10-24 00:00:00-04:00,12.9620529169679,13.241965297856686,12.775445119357189,12.847217559814451,1986400,0.0,0.0
2002-10-25 00:00:00-04:00,13.263494507479452,13.91662103761664,13.263494507479452,13.852025985717772,1045200,0.0,0.0
2002-10-28 00:00:00-05:00,13.945334036576872,13.952511418461023,13.363979793416805,13.457283020019531,977900,0.0,0.0
2002-10-29 00:00:00-05:00,13.478814911595222,13.52905521489163,12.782623940357606,13.313737869262695,1317600,0.0,0.0
2002-10-30 00:00:00-05:00,13.356801728136372,13.988396243224564,13.335269583585603,13.880738258361816,1014500,0.0,0.0
2002-10-31 00:00:00-05:00,14.203714300875305,14.28266276366666,13.679776375183028,13.737194061279297,1133500,0.0,0.0
2002-11-01 00:00:00-05:00,13.959685025345951,15.323355728819571,13.959685025345951,15.309000968933104,2384200,0.0,0.0
2002-11-04 00:00:00-05:00,15.553032749576158,15.567387515312646,15.029096120706567,15.115221977233888,3746700,0.0,0.0
2002-11-05 00:00:00-05:00,14.864015028881653,15.20134508764355,14.426205744001871,14.792243957519531,2098300,0.0,0.0
2002-11-06 00:00:00-05:00,14.56975295669777,14.706120491027832,14.031461571071803,14.706120491027832,2612700,0.0,0.0
2002-11-07 00:00:00-05:00,13.823321068376169,14.289839932056768,13.715663079672275,14.067346572875977,1722000,0.0,0.0
2002-11-08 00:00:00-05:00,14.246776719297609,14.375966850681118,13.53623236563388,13.651067733764648,1451300,0.0,0.0
2002-11-11 00:00:00-05:00,13.5936486678009,13.622356822442402,13.227610455740065,13.442926406860352,960900,0.0,0.0
2002-11-12 00:00:00-05:00,13.887917196463292,14.26113286350073,13.737194905605762,14.139120101928713,1656000,0.0,0.0
2002-11-13 00:00:00-05:00,13.808964380494729,14.13911705131689,13.71566116833903,13.974040031433104,678200,0.0,0.0
2002-11-14 00:00:00-05:00,14.59128321790392,15.122397152094278,14.397498015593143,15.086511611938477,1375200,0.0,0.0
2002-11-15 00:00:00-05:00,15.043447778916113,15.309005438567262,14.820954411497464,15.28029727935791,1810000,0.0,0.0
2002-11-18 00:00:00-05:00,15.524318207095236,15.524318207095236,15.072154183913783,15.143926620483398,837000,0.0,0.0
2002-11-19 00:00:00-05:00,14.64152488144809,15.108043791526796,14.519512117063284,14.907082557678224,1259800,0.0,0.0
2002-11-20 00:00:00-05:00,14.52668790498604,15.2300548841404,14.52668790498604,15.222877502441406,970000,0.0,0.0
2002-11-21 00:00:00-05:00,15.739637584175652,16.292283638721724,15.696574664155795,16.177448272705078,1457400,0.0,0.0
2002-11-22 00:00:00-05:00,15.954956450066012,16.141564295960713,15.746817824724944,15.789880752563477,859000,0.0,0.0
2002-11-25 00:00:00-05:00,15.703750760070951,16.21333389730239,15.703750760070951,16.155916213989258,1656000,0.0,0.0
2002-11-26 00:00:00-05:00,15.775523674344496,15.89035904437674,15.172637297202424,15.301827430725098,1960000,0.0,0.0
2002-11-27 00:00:00-05:00,15.50279178171711,16.3568811416161,15.380779016017254,16.256399154663086,1122900,0.0,0.0
2002-11-29 00:00:00-05:00,16.213336292870757,16.227691058056386,15.797057685107738,15.969310760498049,595600,0.0,0.0
2002-12-02 00:00:00-05:00,16.32817131098009,16.493247000082587,16.091323166501724,16.127208709716797,1973400,0.0,0.0
2002-12-03 00:00:00-05:00,15.732456935367304,15.832937517527691,15.273115566696664,15.68221664428711,1052200,0.0,0.0
2002-12-04 00:00:00-05:00,15.000384657800517,15.57456289281726,14.964499117025682,15.402308464050291,978000,0.0,0.0
2002-12-05 00:00:00-05:00,15.7324640908606,15.753996240664836,14.777894019340302,15.043450355529783,796600,0.0,0.0
2002-12-06 00:00:00-05:00,14.61281526871539,15.04344722357815,14.55539758347065,15.007561683654783,1016900,0.0,0.0
2002-12-09 00:00:00-05:00,14.548219495818882,14.548219495818882,14.074523273297055,14.103231430053713,863200,0.0,0.0
2002-12-10 00:00:00-05:00,14.203714142755969,14.383144580927544,14.153472470153618,14.332902908325195,802300,0.0,0.0
2002-12-11 00:00:00-05:00,14.081699780455027,14.512331687687633,14.067345018495155,14.476446151733398,1107600,0.0,0.0
2002-12-12 00:00:00-05:00,14.483623995532856,14.56974983215332,14.24677589140834,14.56974983215332,1017400,0.0,0.0
2002-12-13 00:00:00-05:00,14.347257470165095,14.462092839464368,14.175004416216192,14.38314437866211,1117400,0.0,0.0
2002-12-16 00:00:00-05:00,14.670233607612577,15.301828173446292,14.648701461331804,15.251587867736816,1493700,0.0,0.0
2002-12-17 00:00:00-05:00,15.35206899262131,15.718107277962996,15.280297907176266,15.431018829345703,1865700,0.0,0.0
2002-12-18 00:00:00-05:00,14.986027852487627,15.344888687133787,14.864015113950115,15.344888687133787,2121100,0.0,0.0
2002-12-19 00:00:00-05:00,14.93578825297743,15.237231422931718,14.512332338781034,14.627167701721191,1898900,0.0,0.0
2002-12-20 00:00:00-05:00,14.375967356459356,14.792245922815388,14.275485379100576,14.777891159057615,1162700,0.0,0.0
2002-12-23 00:00:00-05:00,14.167828589162566,14.698942572687592,14.103233515725464,14.53386688232422,1912400,0.0,0.0
2002-12-24 00:00:00-05:00,14.426205770012253,14.706116781876432,14.426205770012253,14.49797821044922,323400,0.0,0.0
2002-12-26 00:00:00-05:00,14.612814321498927,14.655877240404706,14.28266162603328,14.340079307556152,371900,0.0,0.0
2002-12-27 00:00:00-05:00,14.3257254719762,14.476447751318126,13.923801675307056,14.067346572875977,788900,0.0,0.0
2002-12-30 00:00:00-05:00,14.067346605570416,14.189359358103893,13.651068044387772,13.780258178710938,866300,0.0,0.0
2002-12-31 00:00:00-05:00,13.70848931034925,14.031463361570786,13.67260239202733,13.995577812194824,640400,0.0,0.0
2003-01-02 00:00:00-05:00,14.512335616263984,15.387957167615967,14.44774053890373,15.186994552612305,1055800,0.0,0.0
2003-01-03 00:00:00-05:00,15.78269993389991,16.1200286382665,15.775522552665024,15.904712677001951,2128900,0.0,0.0
2003-01-06 00:00:00-05:00,15.962131301526837,16.679853040096994,15.904713617199048,16.572195053100586,1525500,0.0,0.0
2003-01-07 00:00:00-05:00,16.50760224044964,16.794690701277002,16.27793147178775,16.68703269958496,1853300,0.0,0.0
2003-01-08 00:00:00-05:00,16.07696454338829,16.34252215386514,16.07696454338829,16.141559600830078,2407400,0.0,0.0
2003-01-09 00:00:00-05:00,17.060241797308,17.4406333477057,16.974114607834892,17.332975387573242,5395300,0.0,0.0
2003-01-10 00:00:00-05:00,17.153548600112263,18.000460437185538,17.153548600112263,17.943042755126953,2507200,0.0,0.0
2003-01-13 00:00:00-05:00,17.986106563868248,18.050701630496647,17.268384818171,17.297094345092773,1588900,0.0,0.0
2003-01-14 00:00:00-05:00,17.390399188006853,17.641602096166356,17.304273337118044,17.44063949584961,2570200,0.0,0.0
2003-01-15 00:00:00-05:00,17.526765084684598,17.584182769582554,17.218144515003488,17.297094345092773,1334600,0.0,0.0
2003-01-16 00:00:00-05:00,17.081779005451306,17.225323919021452,16.945412843399993,16.99565315246582,1071600,0.0,0.0
2003-01-17 00:00:00-05:00,16.1487391736101,16.356879135608285,16.112853634135863,16.277929306030273,1441300,0.0,0.0
2003-01-21 00:00:00-05:00,16.20615628351586,16.378409330986667,15.868827570003717,16.00519371032715,912800,0.0,0.0
2003-01-22 00:00:00-05:00,15.890355132042323,16.615254082485848,15.79705193021773,16.292280197143555,1836400,0.0,0.0
2003-01-23 00:00:00-05:00,17.04589073299242,17.419106353377497,16.73009279505539,17.347333908081055,2170300,0.0,0.0
2003-01-24 00:00:00-05:00,16.931056722437305,16.938234104435633,16.234867095947266,16.234867095947266,1998900,0.0,0.0
2003-01-27 00:00:00-05:00,15.983662085135604,16.4358261395868,15.90471226255466,16.371231079101562,1135500,0.0,0.0
2003-01-28 00:00:00-05:00,16.141560642776298,16.902345250822062,16.062610818818882,16.794687271118164,2209000,0.0,0.0
2003-01-29 00:00:00-05:00,16.292285476366445,16.651146377881602,15.947777970513162,16.471715927124023,1803600,0.0,0.0
2003-01-30 00:00:00-05:00,16.3568787677747,16.7588025504191,16.299459715594235,16.443004608154297,3718600,0.0,0.0
2003-01-31 00:00:00-05:00,16.328169498037784,16.995650931714138,16.263574432266164,16.8664608001709,2388400,0.0,0.0
2003-02-03 00:00:00-05:00,16.751623916193356,17.096129989840335,16.71573838020967,16.981294631958008,1870200,0.0,0.0
2003-02-04 00:00:00-05:00,16.536309485071097,16.73009331375032,16.46453703754944,16.57937240600586,1775000,0.0,0.0
2003-02-05 00:00:00-05:00,16.615258228038954,17.13919477665549,16.507600239397224,16.715740203857422,1838700,0.0,0.0
2003-02-06 00:00:00-05:00,16.672679962336392,16.80904751117151,16.36405931605236,16.6583251953125,1421300,0.0,0.0
2003-02-07 00:00:00-05:00,16.90952302495269,16.93823255031183,16.529131396562693,16.622434616088867,1920300,0.0,0.0
2003-02-10 00:00:00-05:00,16.40711909805436,16.543485240383745,16.06261162909948,16.435827255249023,2156100,0.0,0.0
2003-02-11 00:00:00-05:00,16.60090332620647,17.017181882713437,16.53630962871601,16.543485641479492,1544700,0.0,0.0
2003-02-12 00:00:00-05:00,16.60090124423495,16.866458858383783,16.543483566708908,16.5865478515625,1204600,0.0,0.0
2003-02-13 00:00:00-05:00,16.643965911851758,16.76597865051872,16.579370852031282,16.701383590698242,1611000,0.0,0.0
2003-02-14 00:00:00-05:00,16.744448223182435,17.081776949849033,15.653510844379635,16.263574600219727,6016800,0.0,0.0
2003-02-18 00:00:00-05:00,16.521956181799567,16.866462317612342,16.46453849249744,16.758804321289062,1908700,0.0,0.0
2003-02-19 00:00:00-05:00,16.651141413327405,16.67984956503749,16.242038957660036,16.399938583374023,1566800,0.0,0.0
2003-02-20 00:00:00-05:00,16.44300416131535,16.66549750668619,16.385586479640764,16.62961196899414,1874900,0.0,0.0
2003-02-21 00:00:00-05:00,16.399939056860774,16.565014698559253,16.120026698170598,16.493242263793945,1954400,0.0,0.0
2003-02-24 00:00:00-05:00,16.43582788036034,16.60808093691638,16.364055431225587,16.414297103881836,2210800,0.0,0.0
2003-02-25 00:00:00-05:00,15.86883157413039,16.14874267578125,15.624806019736246,16.14874267578125,1773900,0.0,0.0
2003-02-26 00:00:00-05:00,15.76834589925839,16.07696646187611,15.574562072753908,15.574562072753906,1577800,0.0,0.0
2003-02-27 00:00:00-05:00,15.151107206087906,15.194170129561025,14.799423698341847,14.885549545288086,3745200,0.0,0.0
2003-02-28 00:00:00-05:00,15.19417146416712,15.251589156823211,14.856842690930804,15.000386238098145,2414300,0.0,0.0
2003-03-03 00:00:00-05:00,15.143926289122067,15.143926289122067,14.7204704284668,14.720470428466797,1262800,0.0,0.0
2003-03-04 00:00:00-05:00,14.275486864451802,14.67741207781563,13.923803329467772,13.923803329467772,3940000,0.0,0.0
2003-03-05 00:00:00-05:00,14.103229389366652,14.131938910914675,13.622355854999968,13.844850540161133,2843200,0.0,0.0
2003-03-06 00:00:00-05:00,13.780258118419557,14.139118992660215,13.71566305154059,14.07452392578125,1665600,0.0,0.0
2003-03-07 00:00:00-05:00,13.930982728161323,14.30419846503355,13.751552243389597,13.995577812194824,4035900,0.0,0.0
2003-03-10 00:00:00-05:00,13.694129741666284,13.72283926625786,13.134306332639897,13.249141693115234,2873000,0.0,0.0
2003-03-11 00:00:00-05:00,13.572116717467356,13.665421301501864,13.27785094125782,13.500344276428224,1740500,0.0,0.0
2003-03-12 00:00:00-05:00,13.5434094046132,13.701307689561803,13.328092068106336,13.529054641723633,2419800,0.0,0.0
2003-03-13 00:00:00-05:00,13.85202833013898,14.47644681452754,13.42139640319019,14.340079307556152,4502600,0.0,0.0
2003-03-14 00:00:00-05:00,14.785066384831705,15.000382334016292,14.533863531486071,14.73482608795166,2858200,0.0,0.0
2003-03-17 00:00:00-05:00,14.447737735451522,15.4310171019589,14.390320052155545,15.208523750305176,1844200,0.0,0.0
2003-03-18 00:00:00-05:00,15.26594141892699,15.33771386521436,14.871193648819226,15.108041763305664,1190500,0.0,0.0
2003-03-19 00:00:00-05:00,14.634346227546017,14.67741051872568,14.304194875508967,14.404675483703612,3717800,0.0,0.0
2003-03-20 00:00:00-05:00,14.447740783431312,15.072159418833438,14.36879230783488,14.957324028015137,3131500,0.0,0.0
2003-03-21 00:00:00-05:00,14.828133871108088,15.00038695733554,14.677412934013756,14.957324028015137,2183600,0.0,0.0
2003-03-24 00:00:00-05:00,14.24677701036433,14.3257254719762,14.067346572875977,14.067346572875977,1049300,0.0,0.0
2003-03-25 00:00:00-05:00,13.995571637292342,14.28266001247337,13.89509104821532,14.189356803894045,1158400,0.0,0.0
2003-03-26 00:00:00-05:00,14.39032085415516,14.462093304511535,13.995574430613544,14.196537017822266,1246700,0.0,0.0
2003-03-27 00:00:00-05:00,14.153467683067811,14.47644291011593,14.060164489112324,14.354430198669434,1089700,0.0,0.0
2003-03-28 00:00:00-05:00,14.067345382123357,14.44773700127463,13.895092340988638,13.91662311553955,1613200,0.0,0.0
2003-03-31 00:00:00-05:00,13.529057051617231,13.694132747415098,13.421399048659746,13.60800552368164,1482300,0.0,0.0
2003-04-01 00:00:00-05:00,13.708483887894474,13.93815459852361,13.629534067761176,13.765901565551758,1257200,0.0,0.0
2003-04-02 00:00:00-05:00,14.569750882704042,15.179814640027148,14.541042724742384,14.928611755371094,3018000,0.0,0.0
2003-04-03 00:00:00-05:00,14.7994224354113,15.057801323146524,14.50515527144402,14.75635814666748,2929000,0.0,0.0
2003-04-04 00:00:00-05:00,14.756360449182566,14.756360449182566,14.124765840789664,14.318551063537598,4182200,0.0,0.0
2003-04-07 00:00:00-04:00,14.856841356860311,15.2874733286395,14.734828599804032,14.89272689819336,3448500,0.0,0.0
2003-04-08 00:00:00-04:00,14.892728235486196,15.143931154211264,14.820955777429637,15.000386238098145,1664100,0.0,0.0
2003-04-09 00:00:00-04:00,15.273118800450282,15.531497690561046,15.072156224634751,15.108041763305664,2593900,0.0,0.0
2003-04-10 00:00:00-04:00,15.014740170332256,15.122398166970276,14.734829105284266,15.072157859802246,1741600,0.0,0.0
2003-04-11 00:00:00-04:00,15.761171221373925,15.933425670619645,15.509969668194325,15.789880752563477,3655700,0.0,0.0
2003-04-14 00:00:00-04:00,16.127201815355807,16.41429151412876,16.098493666845595,16.37840461730957,1123700,0.0,0.0
2003-04-15 00:00:00-04:00,16.887992026192908,17.368865618025083,16.887992026192908,17.24685287475586,4383300,0.0,0.0
2003-04-16 00:00:00-04:00,17.512410061869932,17.65595495646176,17.01000566868968,17.153549194335938,3859700,0.0,0.0
2003-04-17 00:00:00-04:00,17.36887021433442,18.51722413846739,17.36887021433442,18.459806442260746,5395600,0.0,0.0
2003-04-21 00:00:00-04:00,18.373674448385447,18.63205331058284,18.237306952066152,18.35931968688965,1582100,0.0,0.0
2003-04-22 00:00:00-04:00,17.943043002676085,18.861727297233497,17.842562399923672,18.6535873413086,1959800,0.0,0.0
2003-04-23 00:00:00-04:00,17.943042283661608,18.301903129334843,17.512408995064632,18.13682746887207,4610900,0.0,0.0
2003-04-24 00:00:00-04:00,17.663133215545177,17.928689504102973,17.548297841745214,17.835386276245117,2469700,0.0,0.0
2003-04-25 00:00:00-04:00,17.368866478113578,17.440637556223802,17.153549136946214,17.167903900146484,1879300,0.0,0.0
2003-04-28 00:00:00-04:00,17.268384676180336,17.96457563990736,17.246853900111635,17.892803192138672,1697800,0.0,0.0
2003-04-29 00:00:00-04:00,17.950215915907336,18.222949499321984,17.88562086766133,18.12964630126953,2711300,0.0,0.0
2003-04-30 00:00:00-04:00,18.273195122334663,18.51722062717654,18.230132200581863,18.30908203125,2069500,0.0,0.0
2003-05-01 00:00:00-04:00,18.2660237770916,18.72536537702058,18.1727191590148,18.68947982788086,2282400,0.0,0.0
2003-05-02 00:00:00-04:00,18.51722001313141,19.50767676322074,18.495689237441788,19.37848663330078,1945200,0.0,0.0
2003-05-05 00:00:00-04:00,19.500497378083743,19.65121826820741,19.32106696472962,19.40001678466797,2181500,0.0,0.0
2003-05-06 00:00:00-04:00,19.14163769597097,19.95266261049176,19.1129281710238,19.73734664916992,1771600,0.0,0.0
2003-05-07 00:00:00-04:00,19.447871008823245,19.56337421343412,19.34680467210863,19.404556274414062,2384700,0.159,0.0
2003-05-08 00:00:00-04:00,18.94975993104301,19.144672077934185,18.88478921541262,19.021949768066406,1797600,0.0,0.0
2003-05-09 00:00:00-04:00,19.00751493252489,19.455090900776096,18.92810595987383,19.433433532714844,1895300,0.0,0.0
2003-05-12 00:00:00-04:00,18.84148063337117,19.39012160595909,18.79816727095572,19.0797061920166,1867500,0.0,0.0
2003-05-13 00:00:00-04:00,18.892006808070008,19.05082333514479,18.7259711601864,18.83425521850586,1308000,0.0,0.0
2003-05-14 00:00:00-04:00,18.827041151514987,19.014734212208296,18.516625757941704,18.920886993408203,2641900,0.0,0.0
2003-05-15 00:00:00-04:00,18.942541700964053,19.11579649182848,18.819819385321747,18.96419906616211,1487600,0.0,0.0
2003-05-16 00:00:00-04:00,18.964196834280266,19.12301336298832,18.827036291314908,18.84147453308105,1185800,0.0,0.0
2003-05-19 00:00:00-04:00,18.596038506336363,18.639351874702456,17.816390991210938,17.816390991210938,1905800,0.0,0.0
2003-05-20 00:00:00-04:00,18.30005327597316,18.35780486744709,17.996857076508395,18.011295318603516,1494000,0.0,0.0
2003-05-21 00:00:00-04:00,18.02573700767997,18.33615241126292,17.91023379382217,18.29283905029297,1947900,0.0,0.0
2003-05-22 00:00:00-04:00,18.336146688053056,18.73319006655478,18.321708446600667,18.62490463256836,1205100,0.0,0.0
2003-05-23 00:00:00-04:00,18.63934617917665,18.870352575751287,18.61769019006449,18.697097778320312,842200,0.0,0.0
2003-05-27 00:00:00-04:00,18.6682241435846,19.411775869249897,18.63212853069847,19.310710906982425,999600,0.0,0.0
2003-05-28 00:00:00-04:00,19.642782886824204,19.974855651031888,19.613907772536123,19.779943466186523,1027900,0.0,0.0
2003-05-29 00:00:00-04:00,19.960412153837424,20.270827467978418,19.816033866569267,19.90987968444824,1426100,0.0,0.0
2003-05-30 00:00:00-04:00,20.169764549372434,20.55958747863769,20.169764549372434,20.55958747863769,1266000,0.0,0.0
2003-06-02 00:00:00-04:00,20.703967083202805,21.12988561905651,20.610119879353466,20.667871475219727,2040600,0.0,0.0
2003-06-03 00:00:00-04:00,20.588464344230808,20.978287280674028,20.55236873545396,20.77615737915039,1053900,0.0,0.0
2003-06-04 00:00:00-04:00,21.11544887910726,21.57024255681829,21.11544887910726,21.259828567504883,2907200,0.0,0.0
2003-06-05 00:00:00-04:00,21.1659784951112,21.25982569295255,20.971066355200605,21.22373008728028,1469200,0.0,0.0
2003-06-06 00:00:00-04:00,22.47982426212577,22.884086712507063,22.17662811279297,22.17662811279297,3073200,0.0,0.0
2003-06-09 00:00:00-04:00,22.49426500600767,22.99237331612911,22.45817077962623,22.84077453613281,3079000,0.0,0.0
2003-06-10 00:00:00-04:00,23.959714913327616,24.248474266190083,23.396637204440417,23.62764358520508,2578500,0.0,0.0
2003-06-11 00:00:00-04:00,22.93462882636496,23.14397925951235,22.77581087655469,23.115102767944336,3093100,0.0,0.0
2003-06-12 00:00:00-04:00,22.64586675200603,23.06456616663894,22.29213667798766,22.99237632751465,2974400,0.0,0.0
2003-06-13 00:00:00-04:00,23.35332001410832,23.403852482461527,22.82633796832206,23.143972396850582,2415500,0.0,0.0
2003-06-16 00:00:00-04:00,23.497699986378723,24.111312866210938,23.374979062700096,24.111312866210938,1499200,0.0,0.0
2003-06-17 00:00:00-04:00,24.20515650981924,24.284565459615543,23.750364303588867,23.750364303588867,1685100,0.0,0.0
2003-06-18 00:00:00-04:00,23.75758285661352,23.75758285661352,22.487046501123164,22.552017211914062,4588300,0.0,0.0
2003-06-19 00:00:00-04:00,22.34267019842352,22.50870586211656,21.83734270894156,21.90953254699707,2143900,0.0,0.0
2003-06-20 00:00:00-04:00,21.815683638088395,22.27047861843064,21.606334638699423,21.91674995422364,2292900,0.0,0.0
2003-06-23 00:00:00-04:00,21.82290607658169,21.91675328605221,21.368112404007327,21.584680557250977,1400200,0.0,0.0
2003-06-24 00:00:00-04:00,21.37533047529968,21.75071516400895,21.259827282326565,21.505271911621094,1174700,0.0,0.0
2003-06-25 00:00:00-04:00,21.21651052878895,21.642429028595963,21.093788225846144,21.18763542175293,1615800,0.0,0.0
2003-06-26 00:00:00-04:00,21.23816750337869,21.368108924931,21.050474491903863,21.17319679260254,1836800,0.0,0.0
2003-06-27 00:00:00-04:00,21.469177212100096,21.65687025285364,21.15154272952436,21.24538993835449,1421200,0.0,0.0
2003-06-30 00:00:00-04:00,21.627988750101267,21.714616816865387,20.89887549899097,21.093786239624023,2333900,0.0,0.0
2003-07-01 00:00:00-04:00,20.75450083034124,20.92053650652636,20.393552989813568,20.826690673828125,2871800,0.0,0.0
2003-07-02 00:00:00-04:00,21.295919419738183,21.80124687198611,21.22372958700183,21.62799072265625,2514400,0.0,0.0
2003-07-03 00:00:00-04:00,21.13710459056357,21.418643446299143,20.992724913469782,21.086570739746094,874000,0.0,0.0
2003-07-07 00:00:00-04:00,21.3753277093755,21.90231113123806,21.3753277093755,21.895092010498047,1042200,0.0,0.0
2003-07-08 00:00:00-04:00,21.714622928304472,21.851783498906272,21.483616521126784,21.750717163085938,900900,0.0,0.0
2003-07-09 00:00:00-04:00,21.89509461615921,22.23438506987869,21.77237230278719,22.03225517272949,1334700,0.0,0.0
2003-07-10 00:00:00-04:00,21.62799219484934,21.87343681671616,21.577459721566164,21.59189796447754,837800,0.0,0.0
2003-07-11 00:00:00-04:00,21.31035937574325,21.498052405192045,21.0865707385697,21.2887020111084,922700,0.0,0.0
2003-07-14 00:00:00-04:00,21.563019679771088,21.909529197170507,21.44029738691216,21.63520812988281,1788800,0.0,0.0
2003-07-15 00:00:00-04:00,22.234387320782965,22.277702054762763,21.8301261086524,21.95284843444824,1574700,0.0,0.0
2003-07-16 00:00:00-04:00,22.061128886600816,22.19828943449413,21.815684275383965,22.16219520568848,1458700,0.0,0.0
2003-07-17 00:00:00-04:00,20.69674695554988,20.69674695554988,20.07591629748573,20.278047561645508,3586400,0.0,0.0
2003-07-18 00:00:00-04:00,20.58846427567616,20.90609737041471,20.480180203519524,20.68231010437012,2031400,0.0,0.0
2003-07-21 00:00:00-04:00,19.960412979125977,20.06147929898957,19.83047155137748,19.960412979125977,1845600,0.0,0.0
2003-07-22 00:00:00-04:00,19.960414259430927,20.11201306049692,19.74384611722999,19.91710090637207,1953900,0.0,0.0
2003-07-23 00:00:00-04:00,20.23473300025853,20.350236179464964,19.996507521031944,20.213075637817383,802000,0.0,0.0
2003-07-24 00:00:00-04:00,20.429646934267144,20.711187182194863,20.37911445761278,20.5018367767334,1505900,0.0,0.0
2003-07-25 00:00:00-04:00,20.436867709221847,20.934976147930666,20.1336714478652,20.898881912231445,888000,0.0,0.0
2003-07-28 00:00:00-04:00,21.317580278383968,21.56302492379276,21.18763883353146,21.37533187866211,1010800,0.0,0.0
2003-07-29 00:00:00-04:00,21.620772647181973,21.620772647181973,21.11544520268001,21.17319679260254,1221000,0.0,0.0
2003-07-30 00:00:00-04:00,20.934974944074902,21.050478143958635,20.77615838846145,20.83390998840332,477000,0.0,0.0
2003-07-31 00:00:00-04:00,21.368109315674324,21.425860906652908,21.05769399782448,21.18763542175293,926000,0.0,0.0
2003-08-01 00:00:00-04:00,21.1876335366922,21.274260226999644,20.85556088542989,20.87721824645996,837900,0.0,0.0
2003-08-04 00:00:00-04:00,21.05769713509825,21.41142585465555,20.682311049357416,21.27426528930664,1145800,0.0,0.0
2003-08-05 00:00:00-04:00,21.072136722019984,21.20929591920247,20.8411303089686,20.898881912231445,852300,0.0,0.0
2003-08-06 00:00:00-04:00,20.64621449099749,20.81946927023541,20.39355075493556,20.48017883300781,991800,0.0,0.0
2003-08-07 00:00:00-04:00,20.4440846357294,20.4440846357294,20.01816609107615,20.148107528686523,1296900,0.0,0.0
2003-08-08 00:00:00-04:00,20.350240839889228,20.4513058006132,20.01094896847564,20.263612747192383,950700,0.0,0.0
2003-08-11 00:00:00-04:00,20.08313751220703,20.227517198358026,19.924320958966327,20.08313751220703,1432600,0.0,0.0
2003-08-12 00:00:00-04:00,20.11201279009659,20.23473510286893,19.93875800328387,20.22029685974121,1852700,0.0,0.0
2003-08-13 00:00:00-04:00,20.631777516828954,20.64621576021301,20.343019533681176,20.364675521850582,1631300,0.0,0.0
2003-08-14 00:00:00-04:00,20.06870169456233,20.21308139816915,19.960417605310656,20.010950088500977,3054300,0.0,0.0
2003-08-15 00:00:00-04:00,20.06869967070705,20.09757615927909,19.787160791663503,19.89544486999512,957700,0.0,0.0
2003-08-18 00:00:00-04:00,19.77271871691832,20.234732806220144,19.67887290105295,20.205856323242188,971900,0.0,0.0
2003-08-19 00:00:00-04:00,20.65343340875434,20.848344172909982,20.393550554004705,20.805030822753903,1583900,0.0,0.0
2003-08-20 00:00:00-04:00,20.4946156985977,20.682308720332088,20.357456525600963,20.48017883300781,883600,0.0,0.0
2003-08-21 00:00:00-04:00,20.81225381888376,21.007165996235926,20.5956856508748,20.898881912231445,813400,0.0,0.0
2003-08-22 00:00:00-04:00,21.382549766335902,21.418643998085887,20.667871860907454,20.68231010437012,1748200,0.0,0.0
2003-08-25 00:00:00-04:00,20.61011751951275,20.646213123362912,20.407987645577848,20.429643630981445,581300,0.0,0.0
2003-08-26 00:00:00-04:00,20.40077332025121,20.465744045547144,20.0687005713046,20.263612747192383,1438400,0.0,0.0
2003-08-27 00:00:00-04:00,20.26360754820104,20.523490382707163,20.26360754820104,20.3935489654541,1356900,0.0,0.0
2003-08-28 00:00:00-04:00,20.81946926575076,21.043256516771542,20.754498551437216,21.014381408691406,1673900,0.0,0.0
2003-08-29 00:00:00-04:00,21.54858328865191,21.815683881567832,21.49083169746145,21.61355400085449,1765500,0.0,0.0
2003-09-02 00:00:00-04:00,22.22716717680319,22.48704866810393,22.07556837804666,22.45095443725586,1852300,0.0,0.0
2003-09-03 00:00:00-04:00,23.5193614237498,25.12196788222673,23.418293720298927,24.587766647338867,7080100,0.0,0.0
2003-09-04 00:00:00-04:00,24.587766235566484,25.04977899977973,24.291789136379045,24.90539932250977,2985500,0.0,0.0
2003-09-05 00:00:00-04:00,24.4433873782381,24.83321169379948,24.40729314616317,24.55167007446289,2253900,0.0,0.0
2003-09-08 00:00:00-04:00,24.34953906972234,24.86930480027936,24.30622434090484,24.65273666381836,2038900,0.0,0.0
2003-09-09 00:00:00-04:00,24.414504075338524,24.522789495147027,23.89473846635789,23.95970916748047,2822700,0.0,0.0
2003-09-10 00:00:00-04:00,23.71426797763881,23.75758270248942,23.28113174438477,23.28113174438477,1687300,0.0,0.0
2003-09-11 00:00:00-04:00,23.793676630570765,23.887523822994385,23.512137807112897,23.692611694335938,1612900,0.0,0.0
2003-09-12 00:00:00-04:00,22.93462174312677,23.403852194025497,22.77580384236658,23.1728458404541,4345300,0.0,0.0
2003-09-15 00:00:00-04:00,23.40385259604831,23.432729079194004,23.050125315859084,23.057344436645508,1325000,0.0,0.0
2003-09-16 00:00:00-04:00,23.37498654900768,23.78646693072312,23.338892310119533,23.70705795288086,1172200,0.0,0.0
2003-09-17 00:00:00-04:00,24.183507535565383,24.291792999190427,24.04634833494557,24.169069290161133,1750900,0.0,0.0
2003-09-18 00:00:00-04:00,24.183504833894617,24.67439410754442,24.08965762615801,24.544452667236328,1901800,0.0,0.0
2003-09-19 00:00:00-04:00,24.54445216457565,24.54445216457565,24.1979425821216,24.41451072692871,1910400,0.0,0.0
2003-09-22 00:00:00-04:00,24.16184634439051,24.16184634439051,23.836992777242266,23.96693420410156,1338200,0.0,0.0
2003-09-23 00:00:00-04:00,23.887532192980714,23.894749939320963,23.497707799072707,23.605993270874023,1742000,0.0,0.0
2003-09-24 00:00:00-04:00,23.447169253445605,23.447169253445605,22.55923797712361,22.65308380126953,2007100,0.0,0.0
2003-09-25 00:00:00-04:00,22.977934045181264,23.23059774924901,22.775802806545784,22.783021926879883,1811900,0.0,0.0
2003-09-26 00:00:00-04:00,22.501486911205816,22.65308433305569,22.28491877230409,22.45095443725586,1252800,0.0,0.0
2003-09-29 00:00:00-04:00,22.09000669319334,22.40042203636308,21.9311887723679,22.342670440673828,1682800,0.0,0.0
2003-09-30 00:00:00-04:00,22.248825565442896,22.248825565442896,21.873439465725404,21.95284843444824,1765200,0.0,0.0
2003-10-01 00:00:00-04:00,22.02503840766065,22.8696564484349,22.010600162917584,22.71805763244629,2885100,0.0,0.0
2003-10-02 00:00:00-04:00,22.6242092727174,22.86965389835404,22.342670416154576,22.47261047363281,1981700,0.0,0.0
2003-10-03 00:00:00-04:00,23.65651711257388,24.169062283679,23.60598464521495,23.750364303588867,2574700,0.0,0.0
2003-10-06 00:00:00-04:00,24.42172862204718,24.616638003925445,24.21237824439947,24.47947883605957,2497200,0.0,0.0
2003-10-07 00:00:00-04:00,24.15462699093284,24.47226282889076,24.03912380089721,24.342321395874023,1194600,0.0,0.0
2003-10-08 00:00:00-04:00,26.18315377104246,27.93736030126263,26.18315377104246,27.82907485961914,15386900,0.0,0.0
2003-10-09 00:00:00-04:00,26.91949428689737,27.02777700156795,26.40694894420724,26.479137420654297,5577600,0.0,0.0
2003-10-10 00:00:00-04:00,26.48635167139434,26.59463712558845,26.27700401579975,26.39972496032715,1790400,0.0,0.0
2003-10-13 00:00:00-04:00,26.782324181526857,27.107177734375,26.782324181526857,27.107177734375,1193900,0.0,0.0
2003-10-14 00:00:00-04:00,26.890606272093034,27.33096294964204,26.746226627252145,27.14326858520508,1209300,0.0,0.0
2003-10-15 00:00:00-04:00,27.222682086180185,27.25877631498146,26.78232533489047,26.818422317504883,1876500,0.0,0.0
2003-10-16 00:00:00-04:00,26.26977787439848,26.68125810585368,26.18315118193762,26.421375274658203,3347500,0.0,0.0
2003-10-17 00:00:00-04:00,26.190367234946784,26.34196737923352,25.851078230621063,25.988237380981445,1461700,0.0,0.0
2003-10-20 00:00:00-04:00,25.865516470734697,26.17592899483316,25.67782210307026,25.988237380981445,884900,0.0,0.0
2003-10-21 00:00:00-04:00,25.72836405261419,26.16872090009495,25.64173733380586,26.00990295410156,1445000,0.0,0.0
2003-10-22 00:00:00-04:00,25.62729748091801,26.045998310887462,25.555109012074656,25.908836364746094,1532600,0.0,0.0
2003-10-23 00:00:00-04:00,25.64895331634101,25.865524229193948,25.4973558803948,25.77167701721192,977900,0.0,0.0
2003-10-24 00:00:00-04:00,25.324103720865583,25.887181513283952,25.28800673104292,25.879961013793945,1693300,0.0,0.0
2003-10-27 00:00:00-05:00,25.851084803220587,26.23368862516364,25.829426060637083,26.13262367248535,1704900,0.0,0.0
2003-10-28 00:00:00-05:00,26.060428435436734,26.63794708251953,25.94492525678277,26.63794708251953,2617900,0.0,0.0
2003-10-29 00:00:00-05:00,26.39972173450796,26.767890030730133,26.37084524974285,26.623510360717773,1620100,0.0,0.0
2003-10-30 00:00:00-05:00,26.66682925196786,26.67404975193886,26.096533675883204,26.16872215270996,1658500,0.0,0.0
2003-10-31 00:00:00-05:00,26.074869419610764,26.45747597661852,26.074869419610764,26.37806701660156,983600,0.0,0.0
2003-11-03 00:00:00-05:00,26.80398602979716,26.962801198866373,26.587417887383992,26.84008026123047,1452900,0.0,0.0
2003-11-04 00:00:00-05:00,26.132621577180803,26.565757840734275,26.0748686066733,26.327533721923828,2080000,0.0,0.0
2003-11-05 00:00:00-05:00,26.298661468203463,26.890615742086588,26.298661468203463,26.78955078125,1454600,0.0,0.0
2003-11-06 00:00:00-05:00,27.09996581470086,27.92292648957591,27.063871579696684,27.648605346679688,2902900,0.0,0.0
2003-11-07 00:00:00-05:00,27.742449697292606,28.10339751770618,27.569193531816225,27.886829376220703,2236800,0.0,0.0
2003-11-10 00:00:00-05:00,27.48978957807592,27.821860939163628,27.403160111329385,27.475351333618164,1781700,0.0,0.0
2003-11-11 00:00:00-05:00,27.14328046375539,27.43203987980521,27.09996847901764,27.25156593322754,1516300,0.0,0.0
2003-11-12 00:00:00-05:00,27.468130723658373,28.15393218666024,27.43203648956639,28.139493942260746,1299800,0.0,0.0
2003-11-13 00:00:00-05:00,27.84351166188528,28.11783274706318,27.836293917928533,27.93735885620117,1353800,0.0,0.0
2003-11-14 00:00:00-05:00,28.016771380173,28.211683537607566,27.619726566613654,27.634164810180664,3106800,0.0,0.0
2003-11-17 00:00:00-05:00,27.634159923039466,27.634159923039466,26.825637702968866,27.042205810546875,1182600,0.0,0.0
2003-11-18 00:00:00-05:00,27.20824551337056,27.338186948078743,26.50800861945787,26.515226364135746,1423800,0.0,0.0
2003-11-19 00:00:00-05:00,26.5801980379244,26.955584112387417,26.4719125871667,26.753454208374023,1203200,0.0,0.0
2003-11-20 00:00:00-05:00,26.710139477308264,27.107181540397463,26.55854204929821,26.753454208374023,2184400,0.0,0.0
2003-11-21 00:00:00-05:00,27.07830202438096,27.172149220953496,26.95558109747411,27.13605499267578,817300,0.0,0.0
2003-11-24 00:00:00-05:00,27.26599628727619,27.69913253216587,27.215463817166167,27.684694290161133,1327600,0.0,0.0
2003-11-25 00:00:00-05:00,27.7135707741706,27.843512198400123,27.432031939611004,27.684694290161133,1753700,0.0,0.0
2003-11-26 00:00:00-05:00,27.86516638325461,27.987890055455267,27.59084806433627,27.850730895996094,1149000,0.0,0.0
2003-11-28 00:00:00-05:00,27.72800991611892,27.980672274869484,27.72079217178883,27.82907485961914,320900,0.0,0.0
2003-12-01 00:00:00-05:00,28.197245092126288,28.587066650390625,28.197245092126288,28.587066650390625,2043800,0.0,0.0
2003-12-02 00:00:00-05:00,28.21890058167701,28.680913349093885,28.21890058167701,28.457124710083008,1757200,0.0,0.0
2003-12-03 00:00:00-05:00,28.839725741648333,28.984105392240107,28.709784331497016,28.73866081237793,2740700,0.0,0.0
2003-12-04 00:00:00-05:00,29.30895791905976,29.410025608195685,28.803633242444857,29.19345474243164,1990900,0.0,0.0
2003-12-05 00:00:00-05:00,28.67368711933001,28.83972273637416,28.35605137036513,28.478775024414062,892000,0.0,0.0
2003-12-08 00:00:00-05:00,28.58705984440192,29.03463702377521,28.55096562124283,28.948007583618164,1048100,0.0,0.0
2003-12-09 00:00:00-05:00,29.511098281889584,29.53275427261942,28.76754380567236,28.83973503112793,1707100,0.0,0.0
2003-12-10 00:00:00-05:00,28.96967199785417,29.128487161640265,28.673694903845668,28.92635726928711,1462400,0.0,0.0
2003-12-11 00:00:00-05:00,28.97688948642784,29.583281911944383,28.97688948642784,29.431684494018555,1615100,0.0,0.0
2003-12-12 00:00:00-05:00,29.30896162846457,29.345058613202383,28.774760401629752,29.07795524597168,2402200,0.0,0.0
2003-12-15 00:00:00-05:00,29.5255365136918,29.54719250441189,28.70257306675067,28.76754379272461,1457600,0.0,0.0
2003-12-16 00:00:00-05:00,28.976888117569125,29.26564745086496,28.42824868888276,29.22955322265625,2143000,0.0,0.0
2003-12-17 00:00:00-05:00,29.251214149210814,29.251214149210814,28.89026629853518,29.128490447998047,855300,0.0,0.0
2003-12-18 00:00:00-05:00,29.020204953322583,29.496655960227,28.962451980939843,29.388370513916016,2127200,0.0,0.0
2003-12-19 00:00:00-05:00,29.251212254569182,29.294526985217583,29.142926804854863,29.20067977905273,1633500,0.0,0.0
2003-12-22 00:00:00-05:00,29.229558437981623,29.489438579741645,29.14292897024804,29.453344345092773,1355400,0.0,0.0
2003-12-23 00:00:00-05:00,29.30175103979211,29.655481198391257,29.25843629981651,29.44613075256348,868200,0.0,0.0
2003-12-24 00:00:00-05:00,29.27286950939663,29.74210280670757,29.27286950939663,29.71322631835937,636700,0.0,0.0
2003-12-26 00:00:00-05:00,29.81428641100656,29.958666075385484,29.713221472085227,29.785409927368164,230800,0.0,0.0
2003-12-29 00:00:00-05:00,29.78541522596237,30.17523956298828,29.72766500222532,30.17523956298828,588700,0.0,0.0
2003-12-30 00:00:00-05:00,30.175234846328124,30.25464380114109,29.99476095041251,30.030855178833008,360000,0.0,0.0
2003-12-31 00:00:00-05:00,30.03085355676983,30.2329861818704,29.90813263600606,30.00197982788086,583100,0.0,0.0
2004-01-02 00:00:00-05:00,30.86103981975871,30.96932527152885,30.384588788834268,30.53618621826172,879700,0.0,0.0
2004-01-05 00:00:00-05:00,31.82115164986559,32.18209936229794,31.748960455091623,32.0377197265625,2551600,0.0,0.0
2004-01-06 00:00:00-05:00,32.304835658603245,32.61525105953851,32.13879996221222,32.48530960083008,1780000,0.0,0.0
2004-01-07 00:00:00-05:00,32.18932980858645,32.28317702192374,31.85003794377642,32.10270309448242,1844400,0.0,0.0
2004-01-08 00:00:00-05:00,32.954538872210264,33.084480314831296,32.593591032443726,32.68021774291992,3124700,0.0,0.0
2004-01-09 00:00:00-05:00,32.044940895951164,32.41310914413828,31.94387596627244,32.023284912109375,1483400,0.0,0.0
2004-01-12 00:00:00-05:00,32.023293742079126,32.48530655018266,31.74175485925437,32.08826446533203,1249500,0.0,0.0
2004-01-13 00:00:00-05:00,30.86103275240444,31.15700979847382,30.283516900782825,30.449552536010746,7190100,0.0,0.0
2004-01-14 00:00:00-05:00,30.175230781141213,30.853814300806,30.10304233402539,30.82493782043457,2909800,0.0,0.0
2004-01-15 00:00:00-05:00,30.687773463064943,30.781620639865604,30.21132259026449,30.384578704833984,1584900,0.0,0.0
2004-01-16 00:00:00-05:00,30.030860914839323,30.12470812970828,29.308965193292096,30.103052139282227,1797200,0.0,0.0
2004-01-20 00:00:00-05:00,30.68056820511101,30.716662440471943,30.413467558863744,30.550626754760746,2127900,0.0,0.0
2004-01-21 00:00:00-05:00,30.42789946046934,30.70221779507622,30.146357874194287,30.30517578125,1850300,0.0,0.0
2004-01-22 00:00:00-05:00,31.193110365484245,31.308613559294308,30.82494479578133,30.911571502685547,2344500,0.0,0.0
2004-01-23 00:00:00-05:00,30.528965957419896,30.53618370183017,30.081388697213217,30.36293029785156,2815500,0.0,0.0
2004-01-26 00:00:00-05:00,30.630029599095494,30.868253707885746,30.50730591883565,30.868253707885746,868200,0.0,0.0
2004-01-27 00:00:00-05:00,30.954879384938035,31.06316205615973,30.565055159389345,30.63002586364746,811400,0.0,0.0
2004-01-28 00:00:00-05:00,30.69500497176359,30.95488785994831,30.088612483937087,30.23299217224121,1315800,0.0,0.0
2004-01-29 00:00:00-05:00,30.189667275135715,30.189667275135715,29.2656419871983,29.69877815246582,2882000,0.0,0.0
2004-01-30 00:00:00-05:00,29.641032024202435,29.98032105724601,29.46055813822564,29.92978858947754,1692300,0.0,0.0
2004-02-02 00:00:00-05:00,29.44611839117491,29.56883930553364,29.09238838107052,29.301738739013672,1636500,0.0,0.0
2004-02-03 00:00:00-05:00,29.74931761199568,30.37014828106256,29.677129152072503,30.189674377441406,1018500,0.0,0.0
2004-02-04 00:00:00-05:00,29.74210372991091,29.87204517769771,29.44612659968844,29.453344345092773,1214900,0.0,0.0
2004-02-05 00:00:00-05:00,30.204113560430606,30.5361848925156,30.1607988308404,30.355710983276367,1161200,0.0,0.0
2004-02-06 00:00:00-05:00,30.21132708966322,30.79606346538145,30.21132708966322,30.651683807373047,1528100,0.0,0.0
2004-02-09 00:00:00-05:00,30.88991532668205,31.0703892380268,30.666126685241764,30.702220916748047,696500,0.0,0.0
2004-02-10 00:00:00-05:00,30.796070427084885,31.250865488786985,30.78885268176865,31.14258003234864,1362000,0.0,0.0
2004-02-11 00:00:00-05:00,31.29417768983124,31.864475957324853,31.185894986439944,31.79950523376465,1745800,0.0,0.0
2004-02-12 00:00:00-05:00,31.799495010827627,31.91499817626773,31.66233586243397,31.864465713500977,1483100,0.0,0.0
2004-02-13 00:00:00-05:00,31.99441545601197,32.102700906622346,31.221987319510657,31.373584747314453,752300,0.0,0.0
2004-02-17 00:00:00-05:00,31.207544357755,31.388018245611885,31.041508711384225,31.279735565185547,776700,0.0,0.0
2004-02-18 00:00:00-05:00,31.25087014184156,31.265308388437333,30.68057179347109,30.74554252624512,1571000,0.0,0.0
2004-02-19 00:00:00-05:00,31.06316189896697,31.18588556363916,30.66611993220448,30.82493782043457,2496200,0.0,0.0
2004-02-20 00:00:00-05:00,30.81771729283303,30.81771729283303,29.45333526548456,30.182451248168945,2115300,0.0,0.0
2004-02-23 00:00:00-05:00,30.37736730276127,30.420679275084577,29.47499782851784,29.56162452697754,2709300,0.0,0.0
2004-02-24 00:00:00-05:00,29.22234206007716,29.727669677869955,29.012991614249376,29.44613075256348,2356300,0.0,0.0
2004-02-25 00:00:00-05:00,29.359492432119453,29.554404572598337,28.98410914728584,29.3089599609375,1369200,0.0,0.0
2004-02-26 00:00:00-05:00,28.21168378278329,28.774761517723267,28.08174234336431,28.69535255432129,2539800,0.0,0.0
2004-02-27 00:00:00-05:00,28.608725392492737,28.717008087749857,28.190024593487795,28.587066650390625,2037200,0.0,0.0
2004-03-01 00:00:00-05:00,29.070735881605,29.193456810673496,28.83972951198288,29.04907989501953,2272000,0.0,0.0
2004-03-02 00:00:00-05:00,28.68812535826592,28.89025519574357,28.291080672059813,28.478775024414062,2030400,0.0,0.0
2004-03-03 00:00:00-05:00,28.40659104019824,28.8469478011756,28.29830835141224,28.79641532897949,2601200,0.0,0.0
2004-03-04 00:00:00-05:00,28.80363341141423,29.049078007415424,28.70978621928681,28.99854278564453,1889400,0.0,0.0
2004-03-05 00:00:00-05:00,28.984111483230976,29.511094977895294,28.984111483230976,29.4172477722168,1245000,0.0,0.0
2004-03-08 00:00:00-05:00,29.34505695110796,29.554404580138115,28.91191794310668,28.97688865661621,1898900,0.0,0.0
2004-03-09 00:00:00-05:00,29.12848056074836,29.30895442482688,28.71700037095433,28.87581825256348,2058600,0.0,0.0
2004-03-10 00:00:00-05:00,28.11783147128518,28.24777288711509,27.7929779317104,27.850730895996094,2994000,0.0,0.0
2004-03-11 00:00:00-05:00,27.280437835247195,27.677479900146924,27.16493463902521,27.22268486022949,2523800,0.0,0.0
2004-03-12 00:00:00-05:00,27.525874648246315,27.655816051291744,27.186582900981843,27.48978042602539,1852400,0.0,0.0
2004-03-15 00:00:00-05:00,27.1143988780078,27.1360548641092,26.601850925165472,26.688480377197266,1593100,0.0,0.0
2004-03-16 00:00:00-05:00,27.338185107954025,27.395938076742908,26.500786337207018,26.962799072265625,1853900,0.0,0.0
2004-03-17 00:00:00-05:00,27.338183544124888,27.76410202623314,27.237118608338687,27.619722366333008,1401500,0.0,0.0
2004-03-18 00:00:00-05:00,27.63416492613055,27.88683005889332,27.424817278063948,27.74966812133789,2382600,0.0,0.0
2004-03-19 00:00:00-05:00,27.742444410147986,27.8507298371604,27.44646736396858,27.59084701538086,2061300,0.0,0.0
2004-03-22 00:00:00-05:00,26.977245243565363,27.04221597564237,26.50079412627189,26.93393325805664,1717600,0.0,0.0
2004-03-23 00:00:00-05:00,27.32374585166942,27.35984283272934,26.97001856931157,27.107177734375,1417500,0.0,0.0
2004-03-24 00:00:00-05:00,27.027770298358863,27.47534755353045,26.847296398187044,27.09274101257324,1682500,0.0,0.0
2004-03-25 00:00:00-05:00,27.36706453036784,28.081742449883123,27.33818804287333,27.980674743652344,2233800,0.0,0.0
2004-03-26 00:00:00-05:00,27.374275879627547,27.554749753582303,27.07829883649425,27.359840393066406,3343500,0.0,0.0
2004-03-29 00:00:00-05:00,27.886831487070296,28.34884429156087,27.886831487070296,28.04564666748047,1886800,0.0,0.0
2004-03-30 00:00:00-05:00,28.04564338780687,28.356058720863867,28.009549158016963,28.24777603149414,997900,0.0,0.0
2004-03-31 00:00:00-05:00,28.486000663117576,28.73144528543866,28.37771797180176,28.37771797180176,1818600,0.0,0.0
2004-04-01 00:00:00-05:00,28.731442877681715,29.32339701947025,28.71700463595358,29.31617927551269,2570600,0.0,0.0
2004-04-02 00:00:00-05:00,29.51830959372312,29.807068924980143,29.308959216252426,29.684345245361328,1708200,0.0,0.0
2004-04-05 00:00:00-04:00,29.424454794242315,30.211320877075195,29.424454794242315,30.211320877075195,3312100,0.0,0.0
2004-04-06 00:00:00-04:00,29.4533449861432,29.778198612680622,29.38115651527428,29.72044563293457,1648900,0.0,0.0
2004-04-07 00:00:00-04:00,29.843162536621097,29.85038028053758,29.59050019234892,29.843162536621094,1716600,0.0,0.0
2004-04-08 00:00:00-04:00,30.06695588542563,30.124706107289267,29.799852503639297,29.987546920776367,1393500,0.0,0.0
2004-04-12 00:00:00-04:00,30.15358193654772,30.25464688796181,29.980325767113985,30.07417297363281,1027000,0.0,0.0
2004-04-13 00:00:00-04:00,29.87926199564125,29.944232717517945,29.626599607128284,29.71322631835937,2115700,0.0,0.0
2004-04-14 00:00:00-04:00,28.601508700534577,29.23677772841742,28.58707045514932,29.085180282592773,2048200,0.0,0.0
2004-04-15 00:00:00-04:00,28.774754257393493,28.904695664026185,28.392150534426527,28.70978355407715,1375600,0.0,0.0
2004-04-16 00:00:00-04:00,28.652037823243827,28.774761517723267,28.377719454526787,28.69535255432129,1037100,0.0,0.0
2004-04-19 00:00:00-04:00,28.623166849505782,28.8758292539524,28.42103417213482,28.76754379272461,1196200,0.0,0.0
2004-04-20 00:00:00-04:00,28.940792805890084,28.962448791241943,28.16836478512655,28.23333549499512,1011900,0.0,0.0
2004-04-21 00:00:00-04:00,28.168367336800905,28.44268844263054,27.90848447378475,28.146711349487305,1596400,0.0,0.0
2004-04-22 00:00:00-04:00,28.04564609299351,28.312749477591776,27.71357474079475,28.298311233520508,4183400,0.0,0.0
2004-04-23 00:00:00-04:00,28.247779334805248,28.247779334805248,27.720795807569843,28.04564666748047,1866800,0.0,0.0
2004-04-26 00:00:00-04:00,28.70979039865455,28.745884630476983,28.21168339035284,28.327186584472656,1649600,0.0,0.0
2004-04-27 00:00:00-04:00,28.43546922474264,28.73144633121348,28.399374992990268,28.587066650390625,1797800,0.0,0.0
2004-04-28 00:00:00-04:00,28.12504983111718,28.132270328717546,27.67747536334857,27.691913604736328,1457400,0.0,0.0
2004-04-29 00:00:00-04:00,27.69191083320564,27.987887867499538,27.10717450768285,27.258771896362305,2715500,0.0,0.0
2004-04-30 00:00:00-04:00,27.655818121962977,27.69913009034592,26.854513661124383,26.91226387023925,2167600,0.0,0.0
2004-05-03 00:00:00-04:00,27.20824362735948,27.55475317795766,27.107178685994985,27.27321434020996,1402600,0.0,0.0
2004-05-04 00:00:00-04:00,28.220684874501256,28.40959658075929,27.8791875447385,28.30787467956543,1533600,0.244,0.0
2004-05-05 00:00:00-04:00,28.264288040472515,28.569453818310443,28.148034014860745,28.48952865600586,998000,0.0,0.0
2004-05-06 00:00:00-04:00,27.74114340920986,27.792004371944227,27.297924072483607,27.6103572845459,2093600,0.0,0.0
2004-05-07 00:00:00-04:00,26.941901392921697,27.57403257623669,26.891037650808645,27.12354850769043,3360100,0.0,0.0
2004-05-10 00:00:00-04:00,26.98549310954341,27.19620441369883,26.7965813424586,27.021821975708008,1174600,0.0,0.0
2004-05-11 00:00:00-04:00,27.21072889437581,27.39237594604492,27.02181440848007,27.39237594604492,1218900,0.0,0.0
2004-05-12 00:00:00-04:00,27.17440024742095,27.19619700684042,26.26616498208889,26.8474349975586,1630200,0.0,0.0
2004-05-13 00:00:00-04:00,26.5931231659687,27.370572205813023,26.571326410068977,27.297914505004883,2970500,0.0,0.0
2004-05-14 00:00:00-04:00,27.094473280785945,27.421438508687547,26.86922995229509,27.17439842224121,1932400,0.0,0.0
2004-05-17 00:00:00-04:00,26.67305564880371,26.89829901810944,26.58586582946881,26.67305564880371,1098900,0.0,0.0
2004-05-18 00:00:00-04:00,26.9636936746755,27.283391545673368,26.9564262391332,27.24706268310547,1217500,0.0,0.0
2004-05-19 00:00:00-04:00,27.857398597281453,27.95185586275212,27.37058294143851,27.46504020690918,1244800,0.0,0.0
2004-05-20 00:00:00-04:00,27.71207305101456,27.78473353285387,27.39963990839044,27.57402229309082,1144300,0.0,0.0
2004-05-21 00:00:00-04:00,27.73387479357381,27.73387479357381,27.319719673663656,27.428709030151367,1140300,0.0,0.0
2004-05-24 00:00:00-04:00,27.937320737420528,28.00997845885981,27.66848384203792,27.89372444152832,747900,0.0,0.0
2004-05-25 00:00:00-04:00,28.04630819347433,28.68570669457773,27.95185370700305,28.63484573364257,1626900,0.0,0.0
2004-05-26 00:00:00-04:00,28.55491904469136,28.72930145263672,28.315146351945128,28.72930145263672,921900,0.0,0.0
2004-05-27 00:00:00-04:00,29.13619224735175,29.397764501503737,29.078066619603888,29.237916946411133,1553500,0.0,0.0
2004-05-28 00:00:00-04:00,29.426819922123524,29.50674506168252,29.208844032598705,29.354162216186523,1095200,0.0,0.0
2004-06-01 00:00:00-04:00,28.92548528396817,29.14346125024429,28.88188898202704,29.114397048950195,893300,0.0,0.0
2004-06-02 00:00:00-04:00,29.397757938510512,29.397757938510512,29.041731272286192,29.12165641784668,726600,0.0,0.0
2004-06-03 00:00:00-04:00,29.027204855873592,29.06353371867903,28.70023954719554,28.794696807861328,1009500,0.0,0.0
2004-06-04 00:00:00-04:00,28.918208395160487,29.22337686556707,28.743828787825773,29.07079124450684,2095000,0.0,0.0
2004-06-07 00:00:00-04:00,29.40502530342075,29.99355997077267,29.375961110246475,29.906370162963867,2292400,0.0,0.0
2004-06-08 00:00:00-04:00,29.99357219000904,30.378665977168453,29.90638234667952,30.320537567138672,1289500,0.0,0.0
2004-06-09 00:00:00-04:00,29.71745628929916,29.93543217882398,29.310565929596034,29.354162216186523,2147100,0.0,0.0
2004-06-10 00:00:00-04:00,29.535813611169218,29.702928576855545,29.535813611169218,29.644800186157227,1070300,0.0,0.0
2004-06-14 00:00:00-04:00,28.889144897460938,28.947273282445032,28.79469042943271,28.889144897460938,1785800,0.0,0.0
2004-06-15 00:00:00-04:00,29.390493385502257,29.601204629725647,29.26697194961771,29.40502548217773,1517600,0.0,0.0
2004-06-16 00:00:00-04:00,29.31783785394021,29.35416948762238,29.01993675106216,29.245180130004883,1001300,0.0,0.0
2004-06-17 00:00:00-04:00,29.44862092747733,29.506749317982905,29.21611290888345,29.37596321105957,1345600,0.0,0.0
2004-06-18 00:00:00-04:00,29.383227971443244,29.73925743518488,29.375963308463067,29.644800186157227,1151700,0.0,0.0
2004-06-21 00:00:00-04:00,29.528545395752587,29.76832084347225,29.40502672635578,29.499481201171875,806500,0.0,0.0
2004-06-22 00:00:00-04:00,29.412296316148627,29.434093079878373,28.93274811209187,29.38323211669922,778700,0.0,0.0
2004-06-23 00:00:00-04:00,29.3105701325122,29.49221719511534,29.078062114117305,29.41955947875977,598300,0.0,0.0
2004-06-24 00:00:00-04:00,29.761053101140444,30.00082854638002,29.71745958143443,29.73198890686035,718100,0.0,0.0
2004-06-25 00:00:00-04:00,29.64479228676693,30.051682598089204,29.64479228676693,29.93542861938477,760000,0.0,0.0
2004-06-28 00:00:00-04:00,30.51670597587204,30.61842788565068,30.167943954467773,30.167943954467773,1073800,0.0,0.0
2004-06-29 00:00:00-04:00,30.153408161415072,30.51670223564899,30.117079308334443,30.48037338256836,1529200,0.0,0.0
2004-06-30 00:00:00-04:00,30.45858259305093,30.50217889228538,30.17521357731356,30.378660202026367,835400,0.0,0.0
2004-07-01 00:00:00-04:00,30.589362049742967,30.625693677041053,29.877305947781903,29.949966430664062,1830000,0.0,0.0
2004-07-02 00:00:00-04:00,30.26240200023389,30.429516966669144,30.117083794551075,30.284198760986328,875800,0.0,0.0
2004-07-06 00:00:00-04:00,29.557612515993743,29.557612515993743,28.983607088922337,29.157989501953125,2040500,0.0,0.0
2004-07-07 00:00:00-04:00,28.59850750128725,28.998130394144667,28.59850750128725,28.91820526123047,2251700,0.0,0.0
2004-07-08 00:00:00-04:00,28.08264472560998,28.16256712693892,27.46504287954386,27.581296920776367,6039900,0.0,0.0
2004-07-09 00:00:00-04:00,28.26428954571377,29.24518276581932,28.15530017827325,29.09259986877441,7802700,0.0,0.0
2004-07-12 00:00:00-04:00,28.74383359643759,28.8310234146911,28.482261369962703,28.656641006469727,2859700,0.0,0.0
2004-07-13 00:00:00-04:00,28.64210469470526,28.64210469470526,28.43139622923203,28.591243743896484,790400,0.0,0.0
2004-07-14 00:00:00-04:00,28.27881582469847,28.59124902117104,28.15529714185392,28.22795486450196,1598200,0.0,0.0
2004-07-15 00:00:00-04:00,28.37327308151248,28.547655496268,28.22795486450196,28.22795486450196,811600,0.0,0.0
2004-07-16 00:00:00-04:00,28.736565576834337,28.765629772899047,28.053573599599485,28.06810569763184,1989100,0.0,0.0
2004-07-19 00:00:00-04:00,28.126234003632792,28.424135112454888,27.95911901787548,28.198894500732425,1135500,0.0,0.0
2004-07-20 00:00:00-04:00,28.445928318504297,28.70023307248632,28.191620792808333,28.605775833129883,1680400,0.0,0.0
2004-07-21 00:00:00-04:00,28.627586063583927,28.6929791350094,27.581296920776367,27.581296920776367,2025000,0.0,0.0
2004-07-22 00:00:00-04:00,27.501365672060707,28.039042226298047,27.35605023140976,27.886459350585938,2736600,0.0,0.0
2004-07-23 00:00:00-04:00,28.002715669054822,28.002715669054822,27.574028431765186,27.5958251953125,1131200,0.0,0.0
2004-07-26 00:00:00-04:00,27.77747228277905,27.850132780794425,27.268859883529792,27.5958251953125,633800,0.0,0.0
2004-07-27 00:00:00-04:00,27.900986678491133,28.511320848699185,27.835593632693342,28.242481231689453,1836100,0.0,0.0
2004-07-28 00:00:00-04:00,28.26428651475371,28.642109998810938,28.089904099891992,28.583984375,2246600,0.0,0.0
2004-07-29 00:00:00-04:00,28.954539800642536,29.27424039511936,28.88914674920084,28.99087142944336,1800900,0.0,0.0
2004-07-30 00:00:00-04:00,29.0271977285301,29.28150247744068,29.012665632633222,29.07079124450684,812800,0.0,0.0
2004-08-02 00:00:00-04:00,28.89641541196617,29.0998592376709,28.714768347097177,29.0998592376709,590200,0.0,0.0
2004-08-03 00:00:00-04:00,28.91820897185862,28.969069922655024,28.547650220097108,28.605775833129883,647000,0.0,0.0
2004-08-04 00:00:00-04:00,28.068104697050828,28.54038539355198,28.031775839122155,28.438663482666016,882400,0.0,0.0
2004-08-05 00:00:00-04:00,28.148025827837937,28.213418871456764,27.755667566124995,27.828325271606445,1049000,0.0,0.0
2004-08-06 00:00:00-04:00,27.81380117733381,27.9155231029556,27.37784927560769,27.552228927612305,1400800,0.0,0.0
2004-08-09 00:00:00-04:00,27.399644405222464,27.523165858764663,27.31245458441966,27.421443939208984,1557700,0.0,0.0
2004-08-10 00:00:00-04:00,27.87918702598927,28.031772646654822,27.813793980479428,27.9591121673584,829500,0.0,0.0
2004-08-11 00:00:00-04:00,26.84016984464656,26.956423857621903,26.324292835300625,26.94189453125,2691500,0.0,0.0
2004-08-12 00:00:00-04:00,25.8447433247622,25.93920057149285,25.44512034942905,25.79388236999512,2918300,0.0,0.0
2004-08-13 00:00:00-04:00,26.142645284338784,26.251634632116804,25.97553031700294,26.193506240844727,1365600,0.0,0.0
2004-08-16 00:00:00-04:00,26.45507701190516,26.73844597457981,26.353355104454167,26.58586311340332,1029900,0.0,0.0
2004-08-17 00:00:00-04:00,26.898297053240853,26.94915800844712,26.702117895282058,26.74571418762207,981500,0.0,0.0
2004-08-18 00:00:00-04:00,26.447811474416792,27.297918334321142,26.389683088245206,27.26885414123535,1576300,0.0,0.0
2004-08-19 00:00:00-04:00,27.239792585868965,27.290653537661907,26.920092006925906,27.02908134460449,861500,0.0,0.0
2004-08-20 00:00:00-04:00,26.46960730998824,26.912826538085938,26.46960730998824,26.912826538085938,2020400,0.0,0.0
2004-08-23 00:00:00-04:00,26.963689828268087,27.15986898420697,26.81837162701179,26.92009353637696,1219500,0.0,0.0
2004-08-24 00:00:00-04:00,26.8329085961988,26.92009842409745,26.43328554897244,26.53500747680664,1749800,0.0,0.0
2004-08-25 00:00:00-04:00,26.353361498658096,26.81111296496743,26.28796843204248,26.760251998901367,2699200,0.0,0.0
2004-08-26 00:00:00-04:00,26.956426589506734,27.087212713822733,26.86197209994541,27.0000228881836,834400,0.0,0.0
2004-08-27 00:00:00-04:00,27.145330452171383,27.21072348864974,27.029076473066915,27.07266998291016,676200,0.0,0.0
2004-08-30 00:00:00-04:00,26.985485344246232,27.000017440873307,26.76024477581167,26.81110572814941,1231200,0.0,0.0
2004-08-31 00:00:00-04:00,26.658522362234425,26.760247047258467,26.29522823086278,26.49140739440918,1973900,0.0,0.0
2004-09-01 00:00:00-04:00,26.62946552976604,26.80384519073156,26.49141196214405,26.6367301940918,773900,0.0,0.0
2004-09-02 00:00:00-04:00,26.62946026365134,27.043615341186523,26.54226767869664,27.043615341186523,554000,0.0,0.0
2004-09-03 00:00:00-04:00,26.63671943182901,26.861962738926778,26.324286329476543,26.440540313720703,1540900,0.0,0.0
2004-09-07 00:00:00-04:00,27.101749416072675,27.145345722153497,26.665797442124664,26.81838035583496,1199900,0.0,0.0
2004-09-08 00:00:00-04:00,27.029086351585573,27.26159439477093,26.99275748953433,27.18166923522949,1558200,0.0,0.0
2004-09-09 00:00:00-04:00,26.978215530440803,27.15986254602363,26.70937595174451,27.07266998291016,952900,0.0,0.0
2004-09-10 00:00:00-04:00,28.00996878398162,28.678431231530936,27.93004365497658,28.46772003173828,2766500,0.0,0.0
2004-09-13 00:00:00-04:00,28.81648788905497,29.15071779570353,28.66390503233028,28.70749855041504,1570100,0.0,0.0
2004-09-14 00:00:00-04:00,28.71476739233761,28.751096249760632,28.366005371991097,28.37327003479004,3560300,0.0,0.0
2004-09-15 00:00:00-04:00,28.18435898265345,28.42413166471229,27.97364772419485,28.264284133911133,1961300,0.0,0.0
2004-09-16 00:00:00-04:00,28.089901042533565,28.52585287466636,28.089901042533565,28.416866302490234,1908200,0.0,0.0
2004-09-17 00:00:00-04:00,28.80922359590283,28.85281711454639,28.656637965508203,28.83102035522461,794800,0.0,0.0
2004-09-20 00:00:00-04:00,28.409601650567065,28.831024198390665,28.38780488833978,28.78742790222168,960000,0.0,0.0
2004-09-21 00:00:00-04:00,29.04900094932209,29.31057319023248,28.8964180660292,29.245180130004883,1529800,0.0,0.0
2004-09-22 00:00:00-04:00,28.54038653811497,28.55491863621205,28.26428498941311,28.2788143157959,1072200,0.0,0.0
2004-09-23 00:00:00-04:00,28.329673402973555,28.344202726975613,28.009972840651336,28.17708778381348,1204200,0.0,0.0
2004-09-24 00:00:00-04:00,28.36600485831549,28.424130474796907,28.024507506952045,28.053571701049805,1065100,0.0,0.0
2004-09-27 00:00:00-04:00,27.83559567956669,28.024507397032977,27.755670531968384,27.78473472595215,1442100,0.0,0.0
2004-09-28 00:00:00-04:00,27.95185317798173,28.04630766266536,27.821067060419622,28.03177833557129,1052300,0.0,0.0
2004-09-29 00:00:00-04:00,28.024509078703986,28.40959997109775,27.908255067506943,28.31514549255371,2670100,0.0,0.0
2004-09-30 00:00:00-04:00,28.28607558634429,28.416861669001737,28.060832272497866,28.30060768127441,1972300,0.0,0.0
2004-10-01 00:00:00-04:00,28.94000720700338,29.36869155261512,28.93273977337827,29.325098037719727,2247400,0.0,0.0
2004-10-04 00:00:00-04:00,29.775583134386025,29.891837131734125,29.484949526872736,29.521278381347656,2362600,0.0,0.0
2004-10-05 00:00:00-04:00,29.60120624563537,29.92090407480589,29.46315270553909,29.623003005981445,1933800,0.0,0.0
2004-10-06 00:00:00-04:00,29.354165361180414,29.49948078862345,29.28150487574478,29.46315193176269,1835600,0.0,0.0
2004-10-07 00:00:00-04:00,29.32510257008,29.38322818949544,29.085327114241405,29.143455505371094,1288600,0.0,0.0
2004-10-08 00:00:00-04:00,29.04173468287524,29.1797854594195,28.62757958152812,28.656641006469727,2327100,0.0,0.0
2004-10-11 00:00:00-04:00,28.918210149090417,28.983603198735587,28.700234240844534,28.860084533691406,1222900,0.0,0.0
2004-10-12 00:00:00-04:00,28.2279523004313,28.801957681040456,28.20615553995968,28.751096725463867,1375300,0.0,0.0
2004-10-13 00:00:00-04:00,28.87462164167553,28.940014702669707,28.554921000497576,28.64211082458496,1396700,0.0,0.0
2004-10-14 00:00:00-04:00,28.533124527274023,28.79469677390804,28.37327420506112,28.48226356506348,693900,0.0,0.0
2004-10-15 00:00:00-04:00,28.73656309693317,29.05626368262692,28.56218347902209,28.860084533691406,1220700,0.0,0.0
2004-10-18 00:00:00-04:00,28.918214088335542,29.45589065551757,28.881885227298177,29.45589065551757,1610500,0.0,0.0
2004-10-19 00:00:00-04:00,29.81192169351608,30.02263299846282,29.681135557460493,29.74652862548828,1423100,0.0,0.0
2004-10-20 00:00:00-04:00,29.74652447850916,30.0444255753908,29.5939415982876,29.97903251647949,1719600,0.0,0.0
2004-10-21 00:00:00-04:00,30.502174823152124,31.018051822556902,30.414985008029376,30.90906524658203,2794300,0.0,0.0
2004-10-22 00:00:00-04:00,30.749209433740887,30.7855382858909,30.233332526754896,30.27692604064941,1672200,0.0,0.0
2004-10-25 00:00:00-04:00,30.00809328463047,30.13161472477473,29.7755852732327,30.0589542388916,962900,0.0,0.0
2004-10-26 00:00:00-04:00,29.94997415282136,30.21881107951593,29.819188021626225,30.160682678222656,870500,0.0,0.0
2004-10-27 00:00:00-04:00,30.226072791370225,30.98899273939224,30.167947167469325,30.916332244873047,1758700,0.0,0.0
2004-10-28 00:00:00-04:00,30.691079849371327,31.09070271468773,30.52396216204247,30.923587799072266,2193600,0.0,0.0
2004-10-29 00:00:00-04:00,30.879995732726844,31.141567904760617,30.807338027923585,30.988985061645508,1028500,0.0,0.0
2004-11-01 00:00:00-05:00,31.047121452365857,31.26509741418232,31.02532468769863,31.08345031738281,1696700,0.0,0.0
2004-11-02 00:00:00-05:00,31.09071052742825,31.374079489101568,30.98898862033671,31.13430404663086,1934800,0.0,0.0
2004-11-03 00:00:00-05:00,31.67198019645736,31.72284114943901,31.38134380366448,31.454004287719727,1151100,0.0,0.0
2004-11-04 00:00:00-05:00,31.461273654841825,31.88269621023769,31.36681639730233,31.795503616333008,975800,0.0,0.0
2004-11-05 00:00:00-05:00,31.948086196213296,32.20239097468346,31.679246548442883,31.98441505432129,1854400,0.0,0.0
2004-11-08 00:00:00-05:00,31.860894638721128,31.91175559605624,31.58479309082031,31.584793090820312,1444600,0.0,0.0
2004-11-09 00:00:00-05:00,31.76644103746961,32.107935650204865,31.72284474209912,31.969884872436523,795700,0.0,0.0
2004-11-10 00:00:00-05:00,32.33317528358211,32.471226045402815,32.12973147211706,32.22418594360352,1358500,0.0,0.0
2004-11-11 00:00:00-05:00,32.478497000145154,32.93624839727339,32.478497000145154,32.8563232421875,808700,0.0,0.0
2004-11-12 00:00:00-05:00,32.49303140714163,32.943515401243125,32.31864898622662,32.86359024047852,937800,0.0,0.0
2004-11-15 00:00:00-05:00,32.47122232367578,32.64560469331169,32.39856461982717,32.5511474609375,823400,0.0,0.0
2004-11-16 00:00:00-05:00,32.34770541887707,32.463959414338326,32.231451423415805,32.32590866088867,725800,0.0,0.0
2004-11-17 00:00:00-05:00,32.74733052290091,33.0524990135099,32.71100166661066,32.84905242919922,1103300,0.0,0.0
2004-11-18 00:00:00-05:00,32.195124491664174,32.47849344928675,32.122464007841685,32.28231430053711,863000,0.0,0.0
2004-11-19 00:00:00-05:00,32.5148248924832,32.543889088324775,31.766439865705333,31.7737045288086,1247600,0.0,0.0
2004-11-22 00:00:00-05:00,31.81730319419441,32.173329918791595,31.72284593652569,32.10793685913086,1162300,0.0,0.0
2004-11-23 00:00:00-05:00,32.354967787260115,32.47848920777008,32.042534676910634,32.20238494873047,975100,0.0,0.0
2004-11-24 00:00:00-05:00,32.29685711804618,32.47123679367632,32.10794256911272,32.42037582397461,643900,0.0,0.0
2004-11-26 00:00:00-05:00,32.638349867577105,32.89992213721533,32.638349867577105,32.761871337890625,419400,0.0,0.0
2004-11-29 00:00:00-05:00,33.197811412440906,33.299536081180314,32.79818848624872,32.95077133178711,1016100,0.0,0.0
2004-11-30 00:00:00-05:00,32.74008150936073,32.77641038301537,32.33319091796875,32.33319091796875,1316500,0.0,0.0
2004-12-01 00:00:00-05:00,32.703729331050745,33.059758721451146,32.66013581872139,33.02342987060547,1499600,0.0,0.0
2004-12-02 00:00:00-05:00,33.103362302507705,33.21234887906878,32.7546002684266,32.88538360595703,2326500,0.0,0.0
2004-12-03 00:00:00-05:00,32.84178477285132,33.02343180945812,32.68920192731293,32.95077133178711,1969400,0.0,0.0
2004-12-06 00:00:00-05:00,32.8417934772571,33.02344056200773,32.69647525511368,32.86359024047852,968800,0.0,0.0
2004-12-07 00:00:00-05:00,33.14695920296207,33.197820164884114,32.507563461166534,32.56568908691406,1202500,0.0,0.0
2004-12-08 00:00:00-05:00,32.33317413831906,32.51482118403995,32.18785594739955,32.42763137817383,916300,0.0,0.0
2004-12-09 00:00:00-05:00,32.107930831700685,32.52935330856195,31.810029787328187,32.369503021240234,1481100,0.0,0.0
2004-12-10 00:00:00-05:00,31.73010974096269,32.05707503041259,31.708312978904164,31.72284507751465,1134100,0.0,0.0
2004-12-13 00:00:00-05:00,32.48576090434152,32.81999084351377,32.3331780327691,32.69647216796875,2567400,0.0,0.0
2004-12-14 00:00:00-05:00,32.50029598525147,32.76913289389322,32.471231786556544,32.623817443847656,2034800,0.0,0.0
2004-12-15 00:00:00-05:00,32.78365814527211,32.89264748175474,32.623810629268604,32.72553253173828,1041400,0.0,0.0
2004-12-16 00:00:00-05:00,32.260522429180135,32.318648053330946,31.599327170642187,31.8536319732666,2347100,0.0,0.0
2004-12-17 00:00:00-05:00,31.9117559672792,31.91902340224836,31.214231882814094,31.279624938964844,2532400,0.0,0.0
2004-12-20 00:00:00-05:00,32.08613839889319,32.195127749799575,31.55572928602504,31.65018653869629,1904000,0.0,0.0
2004-12-21 00:00:00-05:00,32.049809241566074,32.11520229715983,31.715579300404293,31.83909797668457,1467500,0.0,0.0
2004-12-22 00:00:00-05:00,31.96261978149414,32.09340312242737,31.810034135595764,31.96261978149414,1172500,0.0,0.0
2004-12-23 00:00:00-05:00,32.22418594360352,32.296846427493925,32.07887051925079,32.22418594360352,597700,0.0,0.0
2004-12-27 00:00:00-05:00,32.594754832531656,32.69647676120327,32.37677887513323,32.47123336791992,811700,0.0,0.0
2004-12-28 00:00:00-05:00,32.72553061816084,32.81272041922027,32.66013757443781,32.74006271362305,784000,0.0,0.0
2004-12-29 00:00:00-05:00,32.58748509297211,32.652878152740335,32.23872303144639,32.40583801269531,1355800,0.0,0.0
2004-12-30 00:00:00-05:00,32.5148253395804,32.5148253395804,32.15879586491114,32.18059539794922,749200,0.0,0.0
2004-12-31 00:00:00-05:00,32.31137770794658,32.31864237029506,32.02074132315577,32.12246322631836,753900,0.0,0.0
2005-01-03 00:00:00-05:00,32.37677143568089,32.45669381004803,31.97714570527498,31.99894523620605,743000,0.0,0.0
2005-01-04 00:00:00-05:00,31.78096652446489,31.78096652446489,30.545766129739224,30.75647735595703,3352000,0.0,0.0
2005-01-05 00:00:00-05:00,31.14883482076704,31.236027398897523,30.66202206558472,30.66928672790528,2461000,0.0,0.0
2005-01-06 00:00:00-05:00,31.19969094220004,31.3159449233297,31.04710811166365,31.09796905517578,1955400,0.0,0.0
2005-01-07 00:00:00-05:00,31.86815782683124,31.90448668127021,31.199695263955675,31.504863739013672,2085200,0.0,0.0
2005-01-10 00:00:00-05:00,31.57752528005497,31.766439780806067,31.432207072949737,31.49033546447754,1222300,0.0,0.0
2005-01-11 00:00:00-05:00,31.410410315393385,31.475803370012127,29.90637283087658,30.08075523376465,7851500,0.0,0.0
2005-01-12 00:00:00-05:00,30.327789306640625,30.36411815824792,29.92816362381931,30.327789306640625,4272200,0.0,0.0
2005-01-13 00:00:00-05:00,30.407716953414777,30.407716953414777,29.92090415954589,29.9209041595459,1734600,0.0,0.0
2005-01-14 00:00:00-05:00,29.95723305067449,30.029893538304705,29.75378922873828,29.862775802612305,2117700,0.0,0.0
2005-01-18 00:00:00-05:00,29.40502669429432,29.69566032464211,29.31783411064724,29.55760955810547,2623600,0.0,0.0
2005-01-19 00:00:00-05:00,29.652069771873524,29.652069771873524,29.02720338510864,29.157989501953125,2043000,0.0,0.0
2005-01-20 00:00:00-05:00,28.77288800496632,28.90367408631092,28.53311537031033,28.57671165466309,2665100,0.0,0.0
2005-01-21 00:00:00-05:00,28.90367408631092,28.92547361434413,28.46772232963803,28.57671165466309,1814500,0.0,0.0
2005-01-24 00:00:00-05:00,28.9836020188417,29.01993087345143,28.60577583312988,28.605775833129883,2050700,0.0,0.0
2005-01-25 00:00:00-05:00,29.339630152202684,29.43408461567958,29.07079054217633,29.28150177001953,2272300,0.0,0.0
2005-01-26 00:00:00-05:00,28.983605441640563,28.983605441640563,28.591247113406776,28.613046646118164,3684500,0.0,0.0
2005-01-27 00:00:00-05:00,28.42413394571593,28.45319814336277,27.97364996904768,27.988182067871094,7432700,0.0,0.0
2005-01-28 00:00:00-05:00,28.227946418360723,28.257010607409363,27.79925933089096,28.09716033935547,2542500,0.0,0.0
2005-01-31 00:00:00-05:00,28.33694297737112,28.40960069683249,28.00997769636628,28.13349914550781,2274400,0.0,0.0
2005-02-01 00:00:00-05:00,27.988182039145773,28.16256168141896,27.864660585130697,28.03177833557129,3007500,0.0,0.0
2005-02-02 00:00:00-05:00,28.29334449768066,28.409598502869613,28.169825829792327,28.293344497680664,2739300,0.0,0.0
2005-02-03 00:00:00-05:00,27.98090635487453,28.10442777247444,27.8283235199396,28.09716033935547,1436800,0.0,0.0
2005-02-04 00:00:00-05:00,28.29334758327404,28.554919816404045,28.27155082108468,28.474994659423828,1580400,0.0,0.0
2005-02-07 00:00:00-05:00,28.692970632226626,28.772893009871613,28.358737937478,28.37327003479004,1297600,0.0,0.0
2005-02-08 00:00:00-05:00,28.46772955000808,28.6639087217826,28.395071829372057,28.49679374694824,1248600,0.0,0.0
2005-02-09 00:00:00-05:00,28.77289418834313,28.8310225799721,28.59851455688477,28.59851455688477,2258000,0.0,0.0
2005-02-10 00:00:00-05:00,28.70749813612355,28.852816328308297,28.62757576355022,28.67116928100586,2888000,0.0,0.0
2005-02-11 00:00:00-05:00,28.671168962487226,29.005398860599275,28.59124381908783,28.96180534362793,1377000,0.0,0.0
2005-02-14 00:00:00-05:00,29.332363944588856,29.506746326713223,29.25970623553683,29.434085845947266,2588600,0.0,0.0
2005-02-15 00:00:00-05:00,29.434087294390977,29.593937588228343,29.346897484895173,29.48495101928711,1466600,0.0,0.0
2005-02-16 00:00:00-05:00,29.20884976272696,29.40502893329944,29.12165994415508,29.296039581298828,1334800,0.0,0.0
2005-02-17 00:00:00-05:00,29.383227825478635,29.4268241182858,28.983604842412657,29.019933700561523,1049800,0.0,0.0
2005-02-18 00:00:00-05:00,28.881884309046363,28.969074127106865,28.743833532807702,28.75836563110352,1179500,0.0,0.0
2005-02-22 00:00:00-05:00,29.252446648084348,29.39050021271327,28.969077626372925,28.97634506225586,1732400,0.0,0.0
2005-02-23 00:00:00-05:00,29.04899717612465,29.28877262305273,29.00540088439752,29.21611213684082,1363500,0.0,0.0
2005-02-24 00:00:00-05:00,29.23790943604378,29.53581047748041,29.099855908639583,29.521278381347656,1224800,0.0,0.0
2005-02-25 00:00:00-05:00,29.50675280774412,29.66660312882573,29.383231349168,29.608474731445312,2115500,0.0,0.0
2005-02-28 00:00:00-05:00,29.681127844641367,29.681127844641367,29.28150487574478,29.46315193176269,898800,0.0,0.0
2005-03-01 00:00:00-05:00,29.55760917697196,29.59393803383272,29.303304407232527,29.46315193176269,1073400,0.0,0.0
2005-03-02 00:00:00-05:00,29.12166217066868,29.354170219113115,29.049001673208185,29.078065872192383,1730400,0.0,0.0
2005-03-03 00:00:00-05:00,29.34689589374273,29.35416332763989,29.019930661218524,29.208845138549805,2041900,0.0,0.0
2005-03-04 00:00:00-05:00,29.470423985576065,29.63753897070169,29.39049882492586,29.55034637451172,1050400,0.0,0.0
2005-03-07 00:00:00-05:00,29.361430402470777,29.644799370038392,29.31783411064724,29.55760955810547,929400,0.0,0.0
2005-03-08 00:00:00-05:00,29.88457951756676,30.08075870405535,29.775590156723787,29.957237243652344,1265800,0.0,0.0
2005-03-09 00:00:00-05:00,29.695660034088743,30.00082853043932,29.695660034088743,29.76105308532715,926200,0.0,0.0
2005-03-10 00:00:00-05:00,29.84824647680046,29.964500485294607,29.673864078202136,29.862775802612305,1263900,0.0,0.0
2005-03-11 00:00:00-05:00,29.87004011726109,30.102548109963585,29.586671174387067,29.68112564086914,1587900,0.0,0.0
2005-03-14 00:00:00-05:00,29.659325041483537,29.88456834286725,29.57213524844068,29.768314361572266,930500,0.0,0.0
2005-03-15 00:00:00-05:00,29.75378514226766,29.75378514226766,29.354162216186523,29.354162216186523,1757000,0.0,0.0
2005-03-16 00:00:00-05:00,29.426831038089283,29.579413941223365,29.259716033935547,29.259716033935547,1794600,0.0,0.0
2005-03-17 00:00:00-05:00,29.31783785394021,29.390498349590043,29.128926108679654,29.245180130004883,804800,0.0,0.0
2005-03-18 00:00:00-05:00,29.245179322611307,29.252443986118475,28.983607088922337,29.157989501953125,1457800,0.0,0.0
2005-03-21 00:00:00-05:00,28.990870648155145,28.990870648155145,28.70023425586582,28.83102035522461,1358000,0.0,0.0
2005-03-22 00:00:00-05:00,28.867351023998992,29.056265522363773,28.45319594059481,28.562185287475582,1326200,0.0,0.0
2005-03-23 00:00:00-05:00,28.62031709477683,28.95454709896348,28.613052430214,28.85282516479492,2509700,0.0,0.0
2005-03-24 00:00:00-05:00,29.16524681787151,29.281500806699405,28.89640998840332,28.89640998840332,935400,0.0,0.0
2005-03-28 00:00:00-05:00,28.990872943773507,29.056265998631,28.801958442312188,28.925479888916016,749800,0.0,0.0
2005-03-29 00:00:00-05:00,28.88914709709463,29.063529493610524,28.66390651741621,28.68570327758789,1474100,0.0,0.0
2005-03-30 00:00:00-05:00,28.998138105865213,29.288774526169423,28.998138105865213,29.23064613342285,1230000,0.0,0.0
2005-03-31 00:00:00-05:00,29.448618890828275,29.49947984314604,29.09259222460395,29.12165641784668,1204900,0.0,0.0
2005-04-01 00:00:00-05:00,29.332373405671586,29.354172942789727,28.780167432307326,28.85282516479492,1330000,0.0,0.0
2005-04-04 00:00:00-04:00,28.51132217560559,28.801955792455377,28.37326864376648,28.70749855041504,1208400,0.0,0.0
2005-04-05 00:00:00-04:00,28.59125058195184,28.642111544924823,28.460464456674263,28.48952865600586,1479000,0.0,0.0
2005-04-06 00:00:00-04:00,28.271550332328005,28.30061452922097,28.12623211957754,28.169828414916992,2255300,0.0,0.0
2005-04-07 00:00:00-04:00,28.315141704602183,28.38053475038449,28.1334946631751,28.25701332092285,2572400,0.0,0.0
2005-04-08 00:00:00-04:00,28.133494268379607,28.30787387354277,28.009972840651336,28.17708778381348,1011700,0.0,0.0
2005-04-11 00:00:00-04:00,28.51132504243521,28.54038646684252,28.32241053935908,28.39507102966309,1444100,0.0,0.0
2005-04-12 00:00:00-04:00,28.21342289226859,28.47499233230744,27.9954442013316,28.45319557189941,1445300,0.0,0.0
2005-04-13 00:00:00-04:00,28.336941785538222,28.336941785538222,27.893722509008093,27.937318801879883,1766700,0.0,0.0
2005-04-14 00:00:00-04:00,27.90099569501295,27.94458922515662,27.515901957883525,27.566762924194336,2671500,0.0,0.0
2005-04-15 00:00:00-04:00,27.377848385635385,27.39238048478247,26.832907140334864,26.85470390319824,3741700,0.0,0.0
2005-04-18 00:00:00-04:00,26.75298231588356,27.181669545089893,26.59313199497845,26.99275779724121,2263300,0.0,0.0
2005-04-19 00:00:00-04:00,27.28338770968136,27.341516098988897,27.05814713040006,27.276123046875,1830500,0.0,0.0
2005-04-20 00:00:00-04:00,27.54495564413978,27.69753848482539,27.10173644544124,27.239789962768555,1706900,0.0,0.0
2005-04-21 00:00:00-04:00,28.66390503233028,28.88914560033892,28.28607883588294,28.70749855041504,3314300,0.0,0.0
2005-04-22 00:00:00-04:00,28.940007807220148,28.99086875679551,28.62757467599213,28.772890090942383,1270300,0.0,0.0
2005-04-25 00:00:00-04:00,28.84554906486632,28.91094210686704,28.700230885785423,28.838281631469727,1028400,0.0,0.0
2005-04-26 00:00:00-04:00,28.75836761898752,28.91821516786196,28.591249862891107,28.64211082458496,1223800,0.0,0.0
2005-04-27 00:00:00-04:00,28.58398446858969,28.95454329027676,28.540388171802903,28.82375717163086,1066400,0.0,0.0
2005-04-28 00:00:00-04:00,28.583981263864946,28.758363659746543,28.40959886798333,28.416866302490234,1030600,0.0,0.0
2005-04-29 00:00:00-04:00,28.787422856932096,28.79469029087712,28.31514220392165,28.64937210083008,2141400,0.0,0.0
2005-05-02 00:00:00-04:00,28.627573418640605,28.75109207026604,28.496787333558533,28.69296646118164,813300,0.0,0.0
2005-05-03 00:00:00-04:00,28.75109861426496,28.809227008293632,28.591248302400505,28.780162811279297,1048700,0.0,0.0
2005-05-04 00:00:00-04:00,29.0199295624204,29.390491069155026,28.95453651839157,29.354162216186523,1359400,0.0,0.0
2005-05-05 00:00:00-04:00,29.637530900820057,29.70292394429966,29.339629874238263,29.514009475708008,1144800,0.0,0.0
2005-05-06 00:00:00-04:00,29.82645183908199,29.88458023872485,29.57214701993109,29.80465507507324,1388700,0.0,0.0
2005-05-09 00:00:00-04:00,29.57213717221732,29.71745535121792,29.492212035181296,29.695655822753903,1524200,0.0,0.0
2005-05-10 00:00:00-04:00,29.42225968756447,29.84739582986732,29.40759953133276,29.576187133789062,1522800,0.357,0.0
2005-05-11 00:00:00-04:00,29.649480802015947,29.862048822172152,29.473561765577447,29.77408790588379,886000,0.0,0.0
2005-05-12 00:00:00-04:00,29.400266889216034,29.744773523887165,29.392935414018744,29.51021385192871,1618900,0.0,0.0
2005-05-13 00:00:00-04:00,29.539537209993416,29.928024347538702,29.436918915745576,29.700796127319336,1666000,0.0,0.0
2005-05-16 00:00:00-04:00,29.884041309422106,30.27252561740879,29.86938115491374,30.20655632019043,1026700,0.0,0.0
2005-05-17 00:00:00-04:00,29.92802893696914,30.34583365398456,29.92802893696914,30.30185317993164,1338700,0.0,0.0
2005-05-18 00:00:00-04:00,30.133259945100068,30.770961321339936,30.125928469387,30.71965217590332,2630300,0.0,0.0
2005-05-19 00:00:00-04:00,30.404471184452422,30.63902811809968,30.382482345716497,30.587718963623047,3729800,0.0,0.0
2005-05-20 00:00:00-04:00,30.48508445507495,30.61702300965756,30.338485750412303,30.56571388244629,1179600,0.0,0.0
2005-05-23 00:00:00-04:00,30.455777522120083,30.68300575388577,30.441117365605624,30.60970497131348,1269200,0.0,0.0
2005-05-24 00:00:00-04:00,30.4924203496436,30.829598289019486,30.433782531581528,30.78561782836914,1990400,0.0,0.0
2005-05-25 00:00:00-04:00,30.756304390312657,30.807613541128138,30.55106778705073,30.60237693786621,1171800,0.0,0.0
2005-05-26 00:00:00-04:00,30.57305080738165,30.785618846681977,30.57305080738165,30.683000564575195,1463200,0.0,0.0
2005-05-27 00:00:00-04:00,30.6829990813399,30.93954477420528,30.64635009609318,30.85891532897949,958900,0.0,0.0
2005-05-31 00:00:00-04:00,30.60237348151929,30.653682626539727,30.21388915603924,30.235877990722656,1995200,0.0,0.0
2005-06-01 00:00:00-04:00,30.04529997750297,30.609700542891435,30.015979668715943,30.49242210388184,1243600,0.0,0.0
2005-06-02 00:00:00-04:00,30.331164618202912,30.74163773799668,30.27252400329613,30.69032859802246,2372200,0.0,0.0
2005-06-03 00:00:00-04:00,30.6023791214934,30.74897790405773,30.52908112828084,30.587718963623047,2511200,0.0,0.0
2005-06-06 00:00:00-04:00,30.675676345825195,30.74164565651868,30.58038951626505,30.675676345825195,868500,0.0,0.0
2005-06-07 00:00:00-04:00,30.785623808019377,31.350027246703068,30.785623808019377,31.144790649414062,2893000,0.0,0.0
2005-06-08 00:00:00-04:00,31.218079890084223,31.247400194665936,31.00551187607401,31.100801467895508,2600700,0.0,0.0
2005-06-09 00:00:00-04:00,30.990852989973494,31.232741318448227,30.85891441010332,31.210752487182617,1679100,0.0,0.0
2005-06-10 00:00:00-04:00,30.82959793850588,30.82959793850588,30.56572076988069,30.65367889404297,1113700,0.0,0.0
2005-06-13 00:00:00-04:00,30.323828840714462,30.441107257749326,30.228542049218536,30.367809295654297,1502900,0.0,0.0
2005-06-14 00:00:00-04:00,30.243207051711224,30.294518993517578,30.052630624394155,30.140588760375977,818600,0.0,0.0
2005-06-15 00:00:00-04:00,30.30917261861106,30.41912237214646,29.840058889651665,30.16257667541504,1288500,0.0,0.0
2005-06-16 00:00:00-04:00,30.38980636431441,30.543733804129463,30.27252791548312,30.485095977783203,1045000,0.0,0.0
2005-06-17 00:00:00-04:00,31.09347540542924,31.254734312557268,30.97619696282848,31.240074157714844,1508700,0.0,0.0
2005-06-20 00:00:00-04:00,30.704989368746347,30.917557407847205,30.66101170282098,30.80760765075684,1466300,0.0,0.0
2005-06-21 00:00:00-04:00,30.690331884767243,31.049498699189755,30.675671729470537,30.99085807800293,1331600,0.0,0.0
2005-06-22 00:00:00-04:00,31.899764467400384,32.06835203972978,31.70185658784716,31.82646369934082,2998100,0.0,0.0
2005-06-23 00:00:00-04:00,31.357347141010408,31.78248316900873,31.26938902340798,31.32802963256836,2195200,0.0,0.0
2005-06-24 00:00:00-04:00,31.203423291809848,31.29138141943513,31.02017556150975,31.11546516418457,1336200,0.0,0.0
2005-06-27 00:00:00-04:00,31.086137959282137,31.17409606739244,30.895561592353523,31.02750015258789,1037700,0.0,0.0
2005-06-28 00:00:00-04:00,31.01284837383524,31.37934385205817,31.00551689843316,31.335363388061523,799500,0.0,0.0
2005-06-29 00:00:00-04:00,31.848452892784263,31.88510187594277,31.54792675706344,31.73117446899414,1597700,0.0,0.0
2005-06-30 00:00:00-04:00,31.99504712608363,32.04635625452397,31.73849868774414,31.73849868774414,1331200,0.0,0.0
2005-07-01 00:00:00-04:00,31.8704357069834,31.943736455600945,31.60655860423552,31.74582862854004,1221500,0.0,0.0
2005-07-05 00:00:00-04:00,30.97619770930289,31.18876576543262,30.873579419071632,31.15211677551269,1219600,0.0,0.0
2005-07-06 00:00:00-04:00,31.130124872422304,31.26206346004035,31.02750659230569,31.06415557861328,1081900,0.0,0.0
2005-07-07 00:00:00-04:00,30.360481418650902,30.690327879432388,30.360481418650902,30.65367889404297,1494100,0.0,0.0
2005-07-08 00:00:00-04:00,30.595043888082323,31.188764775908737,30.58038373335173,31.130126953125,1758900,0.0,0.0
2005-07-11 00:00:00-04:00,31.386666256369605,31.75316166132127,31.379337578571302,31.71651268005371,841600,0.0,0.0
2005-07-12 00:00:00-04:00,32.009718789273265,32.361556964624455,31.95108095747409,32.21495819091797,1038600,0.0,0.0
2005-07-13 00:00:00-04:00,31.753172727117747,31.87045118572762,31.65788310570378,31.811813354492188,877000,0.0,0.0
2005-07-14 00:00:00-04:00,32.28092312883433,32.38354141769389,32.068355075546,32.2442741394043,1395500,0.0,0.0
2005-07-15 00:00:00-04:00,32.119662119767405,32.42751976235486,32.03170399165891,32.30290985107422,696000,0.0,0.0
2005-07-18 00:00:00-04:00,32.126997928577985,32.13432660851792,31.965739008510905,32.00238800048828,1136200,0.0,0.0
2005-07-19 00:00:00-04:00,32.229611749356785,32.66207650537356,32.17830260848517,32.61076736450195,1232200,0.0,0.0
2005-07-20 00:00:00-04:00,32.51548352632881,32.94794835901698,32.339564443481514,32.92595672607422,1982100,0.0,0.0
2005-07-21 00:00:00-04:00,32.4201891411024,32.4201891411024,31.943746704839896,32.13432312011719,2494800,0.0,0.0
2005-07-22 00:00:00-04:00,32.45683933380037,32.50814847813095,32.024374548629325,32.09767532348633,2076300,0.0,0.0
2005-07-25 00:00:00-04:00,31.62122828346273,31.73850672045668,31.40133156361641,31.51861000061035,1951400,0.0,0.0
2005-07-26 00:00:00-04:00,31.46730242736029,31.533271726215624,31.32070367477748,31.38667297363281,1478700,0.0,0.0
2005-07-27 00:00:00-04:00,31.342695930258536,31.54060384842737,31.254737787563148,31.48196601867676,901400,0.0,0.0
2005-07-28 00:00:00-04:00,31.613906741195308,31.71652504721344,31.45264780537304,31.694536209106445,1023600,0.0,0.0
2005-07-29 00:00:00-04:00,31.569920715326667,31.584580870198813,31.35002398452177,31.38667297363281,689200,0.0,0.0
2005-08-01 00:00:00-04:00,31.276723687213742,31.45264275222408,31.18876555277792,31.31337547302246,1049900,0.0,0.0
2005-08-02 00:00:00-04:00,31.55525217747593,31.75316002146567,31.547923500056115,31.70185089111328,1764400,0.0,0.0
2005-08-03 00:00:00-04:00,31.83379931055343,32.11233667309484,31.83379931055343,32.06102752685547,846500,0.0,0.0
2005-08-04 00:00:00-04:00,31.613905503573577,31.863122578206585,31.496627044695632,31.584585189819336,784700,0.0,0.0
2005-08-05 00:00:00-04:00,31.62122447118485,31.657873454051057,31.298709507368773,31.393999099731445,377800,0.0,0.0
2005-08-08 00:00:00-04:00,31.569920099569188,31.591908933379205,31.254733766312235,31.26939392089844,431900,0.0,0.0
2005-08-09 00:00:00-04:00,31.357350090637283,31.7531658512878,31.306040950864634,31.621227264404297,645400,0.0,0.0
2005-08-10 00:00:00-04:00,32.06102226690932,32.22960983348566,31.81180525628814,31.885103225708008,796200,0.0,0.0
2005-08-11 00:00:00-04:00,31.93641760303217,32.11233667309484,31.80447899951986,32.06102752685547,368700,0.0,0.0
2005-08-12 00:00:00-04:00,31.804473781663173,32.03170196068605,31.72384433761833,31.885103225708008,698900,0.0,0.0
2005-08-15 00:00:00-04:00,31.70186563161393,31.9804030374234,31.657885158231647,31.877784729003903,676300,0.0,0.0
2005-08-16 00:00:00-04:00,31.54059117369805,31.61389192660376,31.15943564700185,31.166767120361328,1199800,0.0,0.0
2005-08-17 00:00:00-04:00,30.990860405308386,31.2180886352633,30.880913426534526,31.144790649414062,1148200,0.0,0.0
2005-08-18 00:00:00-04:00,30.74896802882187,30.9761934124894,30.63168959966299,30.82959747314453,1046400,0.0,0.0
2005-08-19 00:00:00-04:00,31.071486334202653,31.18143609661275,31.01284851141892,31.130126953125,448900,0.0,0.0
2005-08-22 00:00:00-04:00,31.100806271217223,31.28405400894717,31.020176819233875,31.12279510498047,724100,0.0,0.0
2005-08-23 00:00:00-04:00,30.990854809859687,31.12279339747773,30.88090785093693,31.06415557861328,537000,0.0,0.0
2005-08-24 00:00:00-04:00,30.91755584588257,31.27671981477421,30.910224371173083,30.93954467773437,400900,0.0,0.0
2005-08-25 00:00:00-04:00,30.888235539321283,30.99818529085696,30.822266247627542,30.93954467773437,559100,0.0,0.0
2005-08-26 00:00:00-04:00,31.071476125836263,31.10079642566441,30.631682812964826,30.66100311279297,619400,0.0,0.0
2005-08-29 00:00:00-04:00,30.6390202445486,30.90289742612596,30.573050949154258,30.87357711791992,516700,0.0,0.0
2005-08-30 00:00:00-04:00,30.81493813546937,30.866247274825582,30.573049796100044,30.78561782836914,744500,0.0,0.0
2005-08-31 00:00:00-04:00,30.88090897324492,31.328033892407262,30.697661238908783,31.276721954345703,963500,0.0,0.0
2005-09-01 00:00:00-04:00,31.591905322553256,31.70185507131369,31.48928704831725,31.606565475463867,1139000,0.0,0.0
2005-09-02 00:00:00-04:00,31.65787143694148,31.804470155203813,31.56991332443928,31.599233627319336,768000,0.0,0.0
2005-09-06 00:00:00-04:00,32.0463684746019,32.29558553468956,32.03903699852172,32.27359390258789,1040300,0.0,0.0
2005-09-07 00:00:00-04:00,32.35421371459961,32.5081411127158,32.18562616483359,32.35421371459961,1164200,0.0,0.0
2005-09-08 00:00:00-04:00,32.163646972448625,32.26626526860638,32.09034619223675,32.14898681640625,435300,0.0,0.0
2005-09-09 00:00:00-04:00,32.2809164875147,32.544793630944,32.2809164875147,32.49348449707031,868200,0.0,0.0
2005-09-12 00:00:00-04:00,32.55945098678955,32.67673220265865,32.38353475526208,32.49348449707031,723500,0.0,0.0
2005-09-13 00:00:00-04:00,32.22228173237508,32.2442733624141,31.89976671856829,31.958404541015625,1043200,0.0,0.0
2005-09-14 00:00:00-04:00,32.002385313884254,32.06835461236094,31.709187810401502,31.819137573242188,577900,0.0,0.0
2005-09-15 00:00:00-04:00,31.61390059600484,31.65787826367033,31.423321382325767,31.540599822998047,570400,0.0,0.0
2005-09-16 00:00:00-04:00,32.05368652786106,32.4348420696397,32.002377396865654,32.4128532409668,1037700,0.0,0.0
2005-09-19 00:00:00-04:00,31.74583724783565,31.870444360111016,31.665207800533512,31.767826080322266,1010200,0.0,0.0
2005-09-20 00:00:00-04:00,31.75317400498047,32.0317114039404,31.45264776793972,31.54793739318848,724100,0.0,0.0
2005-09-21 00:00:00-04:00,31.430652929409995,31.51861106108025,31.14478690437772,31.188764572143555,901500,0.0,0.0
2005-09-22 00:00:00-04:00,30.998186111450195,31.027506418787663,30.75629777012371,30.998186111450195,1381600,0.0,0.0
2005-09-23 00:00:00-04:00,30.30184252861913,30.82226537268647,30.272522222890142,30.71231842041016,1221800,0.0,0.0
2005-09-26 00:00:00-04:00,31.5039498464688,31.67253742488893,31.39400288461488,31.51861000061035,1268200,0.0,0.0
2005-09-27 00:00:00-04:00,31.20342472677836,31.320703167718232,30.990856678781533,31.188764572143555,1005900,0.0,0.0
2005-09-28 00:00:00-04:00,31.48928850416264,31.67253622980996,31.372010071593888,31.55525779724121,763100,0.0,0.0
2005-09-29 00:00:00-04:00,31.50395539899,31.760503947475726,31.24007817021108,31.723852157592773,1258100,0.0,0.0
2005-09-30 00:00:00-04:00,31.62855565814729,31.936410466792893,31.591903879475847,31.76049423217773,719500,0.0,0.0
2005-10-03 00:00:00-04:00,31.657873890804385,31.68719419595712,31.47462617780708,31.56991577148437,645500,0.0,0.0
2005-10-04 00:00:00-04:00,31.731181605833747,31.94374967055641,31.525942220935843,31.53327369689941,528200,0.0,0.0
2005-10-05 00:00:00-04:00,31.555254821105283,31.66520456457912,31.1960908785486,31.26206016540528,1389200,0.0,0.0
2005-10-06 00:00:00-04:00,31.35734786905564,31.474626293961187,31.04216157784605,31.137451171875,1237600,0.0,0.0
2005-10-07 00:00:00-04:00,31.36468756303659,31.54060384842737,31.335367250091814,31.48196601867676,1252900,0.0,0.0
2005-10-10 00:00:00-04:00,31.54793532473304,31.61390463078931,31.29138678067465,31.48196601867676,1343100,0.0,0.0
2005-10-11 00:00:00-04:00,31.58457960202245,31.679869206796027,31.21808413335017,31.276721954345703,1856600,0.0,0.0
2005-10-12 00:00:00-04:00,31.26206346004035,31.3940020476584,31.06415557861328,31.06415557861328,1242600,0.0,0.0
2005-10-13 00:00:00-04:00,30.954206948523968,31.29138210862921,30.800279522754856,31.276721954345703,915200,0.0,0.0
2005-10-14 00:00:00-04:00,31.33535550508885,31.74583134404585,31.29137505215628,31.70185089111328,678300,0.0,0.0
2005-10-17 00:00:00-04:00,31.863119291456645,32.01704672857993,31.833798980726858,31.929088592529297,791900,0.0,0.0
2005-10-18 00:00:00-04:00,31.65788502934875,31.855792964554563,31.61390735228469,31.70919418334961,1188200,0.0,0.0
2005-10-19 00:00:00-04:00,31.25473382662944,31.91442680358887,31.20342468354799,31.914426803588867,1925700,0.0,0.0
2005-10-20 00:00:00-04:00,32.45683411284591,32.486154418072296,31.885102141622426,31.943742752075195,3497000,0.0,0.0
2005-10-21 00:00:00-04:00,32.22227569054513,32.38353456528101,31.929081041006697,31.973058700561523,1450800,0.0,0.0
2005-10-24 00:00:00-04:00,31.89975956898189,32.258923490837375,31.870439266260394,32.236934661865234,1210500,0.0,0.0
2005-10-25 00:00:00-04:00,32.10500541569955,32.251604175726065,31.76050154519685,31.899768829345703,1054200,0.0,0.0
2005-10-26 00:00:00-04:00,31.775154610709645,31.965733811831647,31.5405977448198,31.57724952697754,1120800,0.0,0.0
2005-10-27 00:00:00-04:00,31.57724496835916,31.635882778297223,31.08613967895508,31.08613967895508,729200,0.0,0.0
2005-10-28 00:00:00-04:00,31.07881263591303,31.67986489911621,31.03483217904275,31.32802963256836,1543500,0.0,0.0
2005-10-31 00:00:00-05:00,31.188768113045203,31.58458394470673,31.18143943296506,31.474634170532227,928100,0.0,0.0
2005-11-01 00:00:00-05:00,31.254729050246425,31.481957217837984,31.174099610257866,31.393999099731445,742000,0.0,0.0
2005-11-02 00:00:00-05:00,31.262056381349872,31.73849868774414,31.23273608048745,31.73849868774414,844500,0.0,0.0
2005-11-03 00:00:00-05:00,31.70185773317204,31.848456478449087,31.459969384044133,31.51861000061035,1216800,0.0,0.0
2005-11-04 00:00:00-05:00,31.60656568507956,31.694526603126576,31.174100957832383,31.32069969177246,693100,0.0,0.0
2005-11-07 00:00:00-05:00,31.40133003084528,31.50394830868863,31.1521130148807,31.42331886291504,819700,0.0,0.0
2005-11-08 00:00:00-05:00,31.24740019304191,31.44530805475097,31.15943927930134,31.32802963256836,665500,0.0,0.0
2005-11-09 00:00:00-05:00,31.24007422105,31.49662273710458,31.166776242827908,31.38667297363281,784700,0.0,0.0
2005-11-10 00:00:00-05:00,31.218075525029832,31.33535393082014,30.844251480366275,31.25472450256348,1010700,0.0,0.0
2005-11-11 00:00:00-05:00,31.313378413452703,31.51128633162153,31.298718256980315,31.48196601867676,1061200,0.0,0.0
2005-11-14 00:00:00-05:00,31.21075620216506,31.247405190682784,31.12279527435621,31.188764572143555,711000,0.0,0.0
2005-11-15 00:00:00-05:00,31.09346881869043,31.34268580594105,30.946872893597856,31.012842178344727,499800,0.0,0.0
2005-11-16 00:00:00-05:00,31.005515363143942,31.005515363143942,30.785618646326448,30.84425926208496,627800,0.0,0.0
2005-11-17 00:00:00-05:00,30.92489285886723,31.10081194950772,30.68300725489304,30.9762020111084,1763300,0.0,0.0
2005-11-18 00:00:00-05:00,31.298710140463623,31.32803044580493,31.042161662934493,31.28404998779297,556400,0.0,0.0
2005-11-21 00:00:00-05:00,31.467299323192915,31.55525744761031,31.29871175300193,31.42331886291504,776000,0.0,0.0
2005-11-22 00:00:00-05:00,31.40133655388127,31.81181254666169,31.31337841119223,31.753171920776367,1515000,0.0,0.0
2005-11-23 00:00:00-05:00,31.82647277865497,31.98773171825085,31.804483940033425,31.877784729003903,514600,0.0,0.0
2005-11-25 00:00:00-05:00,32.01705098801637,32.068360140550126,31.951081678167395,31.98040199279785,184300,0.0,0.0
2005-11-28 00:00:00-05:00,32.786686470757815,32.82333546083288,32.3762105119564,32.48616027832031,1026200,0.0,0.0
2005-11-29 00:00:00-05:00,33.13852517640837,33.14585665285171,32.874647947228006,32.93328857421875,967500,0.0,0.0
2005-11-30 00:00:00-05:00,33.19716174558263,33.285119879178296,33.05789167157263,33.09454345703125,1021800,0.0,0.0
2005-12-01 00:00:00-05:00,33.175163361386495,33.35841106682003,33.087205245697064,33.32176208496094,876800,0.0,0.0
2005-12-02 00:00:00-05:00,33.21182426036517,33.453709843974806,33.14585495644639,33.41706085205078,573700,0.0,0.0
2005-12-05 00:00:00-05:00,33.519679698873496,33.55632869139993,33.182504493808,33.38774108886719,657500,0.0,0.0
2005-12-06 00:00:00-05:00,33.46836479047792,33.77622242622583,33.37307518939661,33.61496353149414,591800,0.0,0.0
2005-12-07 00:00:00-05:00,33.29977644579841,33.387734569915835,33.02857059868898,33.20448684692383,603700,0.0,0.0
2005-12-08 00:00:00-05:00,33.36574473040913,33.71025133399566,33.233806150147835,33.409725189208984,1055600,0.0,0.0
2005-12-09 00:00:00-05:00,33.46103177648632,33.68825713929071,33.36574218775071,33.64427947998047,413100,0.0,0.0
2005-12-12 00:00:00-05:00,33.893503903555754,34.0034508720877,33.70292468427852,33.930152893066406,663100,0.0,0.0
2005-12-13 00:00:00-05:00,33.74689494280496,34.120718996574325,33.73956346943699,34.01810073852539,716200,0.0,0.0
2005-12-14 00:00:00-05:00,33.9081630585103,34.06209329643033,33.886174222866934,34.01078414916992,711900,0.0,0.0
2005-12-15 00:00:00-05:00,33.98879540774067,34.09141371098797,33.84219663332779,34.03277587890625,629500,0.0,0.0
2005-12-16 00:00:00-05:00,34.07675109847863,34.07675109847863,33.80554242896229,33.95947265625,427200,0.0,0.0
2005-12-19 00:00:00-05:00,33.94481566477264,34.054762641779966,33.680938446132835,33.69559860229492,730100,0.0,0.0
2005-12-20 00:00:00-05:00,33.37307148970626,33.38773164179652,33.13118597056223,33.30710220336914,742300,0.0,0.0
2005-12-21 00:00:00-05:00,33.3804072333885,33.50501434788661,33.31443793861349,33.461036682128906,602100,0.0,0.0
2005-12-22 00:00:00-05:00,33.39506681803901,33.61496353149414,33.39506681803901,33.61496353149414,519800,0.0,0.0
2005-12-23 00:00:00-05:00,33.461036682128906,33.56365496374816,33.36574707942312,33.461036682128906,435400,0.0,0.0
2005-12-27 00:00:00-05:00,33.548993813226204,33.62962325957155,33.2997767954944,33.33642578125,288600,0.0,0.0
2005-12-28 00:00:00-05:00,33.82019799355104,33.856846977497355,33.468362714617584,33.54899215698242,431000,0.0,0.0
2005-12-29 00:00:00-05:00,33.636951116183006,33.66627142252625,33.351085119682146,33.38040542602539,669700,0.0,0.0
2005-12-30 00:00:00-05:00,33.09454073095932,33.1751673823664,32.92595036092504,33.0359001159668,700100,0.0,0.0
2006-01-03 00:00:00-05:00,33.43171786972278,33.856851169182974,33.28511911964946,33.68093490600586,3219900,0.0,0.0
2006-01-04 00:00:00-05:00,34.05476064473492,34.31863784790039,33.93748219845457,34.31863784790039,1064700,0.0,0.0
2006-01-05 00:00:00-05:00,35.12492343375599,35.21288435709897,35.01497647378494,35.139583587646484,1505300,0.0,0.0
2006-01-06 00:00:00-05:00,35.63801175981218,35.872568591112376,35.41078640231773,35.79927062988281,1882300,0.0,0.0
2006-01-09 00:00:00-05:00,35.78461520817743,35.80660404022504,35.5134093604163,35.777286529541016,1124100,0.0,0.0
2006-01-10 00:00:00-05:00,35.13225478874511,35.87990585777547,34.56785144851224,34.721778869628906,3132200,0.0,0.0
2006-01-11 00:00:00-05:00,33.90816534143429,34.29665250616851,33.834867353595605,34.186702728271484,1890300,0.0,0.0
2006-01-12 00:00:00-05:00,33.768896311918574,33.91549507620652,33.62229754763064,33.71025848388672,1048900,0.0,0.0
2006-01-13 00:00:00-05:00,33.65161759364617,34.02544178329282,33.65161759364617,33.996124267578125,637000,0.0,0.0
2006-01-17 00:00:00-05:00,33.63695444214228,33.74690420373192,33.483027012827655,33.68093490600586,1291700,0.0,0.0
2006-01-18 00:00:00-05:00,33.175168616596814,33.34375899290323,33.079881807896605,33.27045822143555,2079500,0.0,0.0
2006-01-19 00:00:00-05:00,32.89663230802979,33.255796282462,32.85265184750939,33.06521987915039,1404600,0.0,0.0
2006-01-20 00:00:00-05:00,32.79401283356955,32.830661817930704,32.21494937379314,32.2515983581543,1734200,0.0,0.0
2006-01-23 00:00:00-05:00,33.087207733605446,33.10186788667903,32.764692754401445,32.816001892089844,1206400,0.0,0.0
2006-01-24 00:00:00-05:00,33.01390414034924,33.365739365764135,32.947934860825335,33.314430236816406,849500,0.0,0.0
2006-01-25 00:00:00-05:00,36.01917720214568,36.64222122826399,36.011848522465144,36.42965316772461,5341900,0.0,0.0
2006-01-26 00:00:00-05:00,36.957395465496354,37.19195509820607,36.86210867298403,37.03802490234375,2173400,0.0,0.0
2006-01-27 00:00:00-05:00,36.86210814365612,37.074676147539925,36.78147870796654,36.9427375793457,2152700,0.0,0.0
2006-01-30 00:00:00-05:00,37.0013838782814,37.26526107520745,36.97206356836991,37.16997146606445,1169200,0.0,0.0
2006-01-31 00:00:00-05:00,37.45583964952763,37.76369732901009,37.34589267525011,37.65374755859375,1205300,0.0,0.0
2006-02-01 00:00:00-05:00,37.44117760131795,38.30610431598533,37.44117760131795,38.27678680419922,1398700,0.0,0.0
2006-02-02 00:00:00-05:00,37.96893517233567,38.15218293165789,37.3972030580148,37.49249267578125,892500,0.0,0.0
2006-02-03 00:00:00-05:00,36.66420434687468,37.162638371599535,36.649544193660624,36.92808151245117,875100,0.0,0.0
2006-02-06 00:00:00-05:00,36.80347244599912,36.88410189244277,36.67153386020741,36.75949478149414,641100,0.0,0.0
2006-02-07 00:00:00-05:00,36.60556324152248,36.891432031143104,36.371006385529874,36.37833786010742,547700,0.0,0.0
2006-02-08 00:00:00-05:00,36.48096087236361,36.86211651188156,36.40766009776094,36.75216674804688,472800,0.0,0.0
2006-02-09 00:00:00-05:00,37.00871351668682,37.08201149168831,36.74483633285984,36.81813430786133,447000,0.0,0.0
2006-02-10 00:00:00-05:00,36.964740492938056,37.09667911140341,36.53960432318544,36.708194732666016,533200,0.0,0.0
2006-02-13 00:00:00-05:00,36.12912423333903,36.33436080251128,36.00451431909977,36.09980392456055,813700,0.0,0.0
2006-02-14 00:00:00-05:00,36.13646141894471,36.65688443964619,36.048503268042566,36.620235443115234,630100,0.0,0.0
2006-02-15 00:00:00-05:00,36.979395939963865,37.24327314328392,36.68619842602186,36.87677764892578,458700,0.0,0.0
2006-02-16 00:00:00-05:00,37.06002015300758,37.22127624633699,36.898761263539846,37.19928741455078,784800,0.0,0.0
2006-02-17 00:00:00-05:00,37.199294220962784,37.32390135206863,37.06735561382787,37.2432746887207,450500,0.0,0.0
2006-02-21 00:00:00-05:00,37.29457346930973,37.37520290638332,37.04535648023597,37.06001663208008,628000,0.0,0.0
2006-02-22 00:00:00-05:00,37.35321388812669,37.75635830549951,37.35321388812669,37.67573165893555,700500,0.0,0.0
2006-02-23 00:00:00-05:00,38.08621045594547,38.12285944553126,37.91762286693988,38.02757263183594,881700,0.0,0.0
2006-02-24 00:00:00-05:00,37.81500275106675,38.11552892497583,37.785682442358905,38.07154846191406,593500,0.0,0.0
2006-02-27 00:00:00-05:00,37.96160339322006,38.21814911687217,37.90296277287748,38.17417144775391,613100,0.0,0.0
2006-02-28 00:00:00-05:00,37.72704207811774,37.815000202173984,37.235936726848806,37.455833435058594,810800,0.0,0.0
2006-03-01 00:00:00-05:00,37.6903867251686,38.04955345825008,37.68305804724935,38.02023315429688,673200,0.0,0.0
2006-03-02 00:00:00-05:00,37.73437533416758,37.8736426138289,37.345891009333215,37.86631393432617,920400,0.0,0.0
2006-03-03 00:00:00-05:00,37.66107593011414,38.25479681223255,37.595106632530026,38.18882751464844,1706700,0.0,0.0
2006-03-06 00:00:00-05:00,38.3427523754638,38.36474120620265,37.85897852624178,37.96892547607422,1236800,0.0,0.0
2006-03-07 00:00:00-05:00,37.55845404437568,37.73437029031375,37.389863680822415,37.63175201416016,1170000,0.0,0.0
2006-03-08 00:00:00-05:00,37.155307575125306,37.46316520596336,37.06734945037373,37.31656646728516,693900,0.0,0.0
2006-03-09 00:00:00-05:00,37.63908532847829,37.9102940015884,37.57311602909186,37.58777618408203,496900,0.0,0.0
2006-03-10 00:00:00-05:00,37.58777754868608,37.99092483520508,37.49981941169046,37.99092483520508,647700,0.0,0.0
2006-03-13 00:00:00-05:00,37.87364615428847,38.02024492329537,37.83699716107148,37.880977630615234,723400,0.0,0.0
2006-03-14 00:00:00-05:00,37.88097218289671,38.4600356993216,37.83699171967785,38.36474609375,406500,0.0,0.0
2006-03-15 00:00:00-05:00,38.48201940484242,38.84851482774568,38.37206965951617,38.83385467529297,710200,0.0,0.0
2006-03-16 00:00:00-05:00,38.85584006375631,39.10505704109852,38.69458399333813,38.84118270874024,777200,0.0,0.0
2006-03-17 00:00:00-05:00,38.83386242126311,39.12705993652344,38.62862583826413,39.12705993652344,470300,0.0,0.0
2006-03-20 00:00:00-05:00,38.899826747696345,39.20768437896327,38.79720846932016,39.16370391845703,1020200,0.0,0.0
2006-03-21 00:00:00-05:00,38.81186981260719,38.848518799416674,38.38673373642937,38.40139389038086,1344100,0.0,0.0
2006-03-22 00:00:00-05:00,38.364740357826335,38.79720506166897,38.27678224067781,38.716575622558594,577400,0.0,0.0
2006-03-23 00:00:00-05:00,38.60663165110738,38.73124156549154,38.18882703701311,38.36474609375,472600,0.0,0.0
2006-03-24 00:00:00-05:00,38.04222577015316,38.35741205550568,37.97625648261104,38.26945114135742,494000,0.0,0.0
2006-03-27 00:00:00-05:00,37.75635974553868,37.93227879052023,37.53646303641551,37.74903106689453,1062500,0.0,0.0
2006-03-28 00:00:00-05:00,37.96159580536962,38.20348132558745,37.631749372219744,37.71970748901367,893700,0.0,0.0
2006-03-29 00:00:00-05:00,38.020232966204034,38.44536898300794,37.9176146990136,38.30609893798828,693100,0.0,0.0
2006-03-30 00:00:00-05:00,39.27366246259805,39.74277629511669,39.141723847684815,39.52287673950195,1126000,0.0,0.0
2006-03-31 00:00:00-05:00,39.82340584781547,39.91136399257334,39.58884613489613,39.81607437133789,1061600,0.0,0.0
2006-04-03 00:00:00-04:00,39.7207801864719,40.21188559690182,39.66947104157994,40.006649017333984,892700,0.0,0.0
2006-04-04 00:00:00-04:00,40.10926566575304,40.56371927168681,40.101934190417815,40.490421295166016,1174600,0.0,0.0
2006-04-05 00:00:00-04:00,40.05795451408866,40.109263654307824,39.83072632444779,39.969993591308594,1124300,0.0,0.0
2006-04-06 00:00:00-04:00,41.43598039528322,41.78048706054688,41.06948489475212,41.78048706054688,2297700,0.0,0.0
2006-04-07 00:00:00-04:00,42.26426114545653,42.30091013639987,40.89356875197659,40.93021774291992,3012400,0.0,0.0
2006-04-10 00:00:00-04:00,41.670531357679856,41.685191511150016,41.28937855200915,41.44330596923828,1201400,0.0,0.0
2006-04-11 00:00:00-04:00,41.36268254678435,41.39933153772768,40.53440192999884,40.93021774291992,1478800,0.0,0.0
2006-04-12 00:00:00-04:00,40.79827935677712,40.944878117473166,40.42445517333408,40.76895904541016,730100,0.0,0.0
2006-04-13 00:00:00-04:00,40.31449897994858,40.65167411852586,40.277849994649024,40.46109771728516,493300,0.0,0.0
2006-04-17 00:00:00-04:00,40.5783791205337,40.9302144382325,40.5783791205337,40.62968826293945,748300,0.0,0.0
2006-04-18 00:00:00-04:00,40.56372656796783,40.9009017944336,40.39513895473494,40.9009017944336,1508700,0.0,0.0
2006-04-19 00:00:00-04:00,41.43597508786908,41.7218410942854,41.28204766843543,41.6851921081543,1464100,0.0,0.0
2006-04-20 00:00:00-04:00,40.78362370358105,40.93755116104293,40.666345241304505,40.908233642578125,2053600,0.0,0.0
2006-04-21 00:00:00-04:00,40.402458116008994,40.48308756337086,40.22654186370894,40.255859375,1093200,0.0,0.0
2006-04-24 00:00:00-04:00,40.145906892024286,40.32182312011719,39.933338886618834,40.32182312011719,1030400,0.0,0.0
2006-04-25 00:00:00-04:00,40.17523401234247,40.42445104120952,39.99931495826164,40.24120330810547,1195600,0.0,0.0
2006-04-26 00:00:00-04:00,40.66633725092377,40.827596153421005,40.46110068130078,40.62968826293945,732400,0.0,0.0
2006-04-27 00:00:00-04:00,40.08727427266397,40.834925381374106,40.006647616470296,40.60036849975586,1058100,0.0,0.0
2006-04-28 00:00:00-04:00,40.15323995479806,40.24120087458844,39.98465238607399,40.04329299926758,798600,0.0,0.0
2006-05-01 00:00:00-04:00,39.99198627923842,40.52706932436563,39.99198627923842,40.24120330810547,1178500,0.0,0.0
2006-05-02 00:00:00-04:00,40.49042303551117,40.64435047050404,40.27785497987035,40.42445373535156,807200,0.0,0.0
2006-05-03 00:00:00-04:00,40.05795451408866,40.07261187174692,39.72077656904192,39.969993591308594,1153900,0.0,0.0
2006-05-04 00:00:00-04:00,40.53439724331,41.06948027840363,40.51240841051416,40.95220184326172,1020600,0.0,0.0
2006-05-05 00:00:00-04:00,41.29497866861384,41.52398300170898,41.11768235515793,41.52398300170898,569900,0.434,0.0
2006-05-08 00:00:00-04:00,41.3688519047021,41.61263399179463,41.19155558517758,41.42056274414063,909700,0.0,0.0
2006-05-09 00:00:00-04:00,40.96254348754883,41.16200075248352,40.78524720159726,40.96254348754883,631400,0.0,0.0
2006-05-10 00:00:00-04:00,41.01425572619869,41.18416314630698,40.59318020288056,40.777862548828125,966400,0.0,0.0
2006-05-11 00:00:00-04:00,40.836962509260246,40.84435138175077,40.061297161477135,40.09084701538086,893200,0.0,0.0
2006-05-12 00:00:00-04:00,40.09822945572309,40.29768672455206,39.40382485974845,39.61066818237305,1747800,0.0,0.0
2006-05-15 00:00:00-04:00,39.46292694534533,39.92094124584944,39.21176163078599,39.5885124206543,1888900,0.0,0.0
2006-05-16 00:00:00-04:00,39.96526765331444,40.031753425744455,39.53680597834408,39.65500259399414,1504600,0.0,0.0
2006-05-17 00:00:00-04:00,39.16004833205807,39.41860533980071,37.67520332336426,38.41393280029297,2094300,0.0,0.0
2006-05-18 00:00:00-04:00,38.70202529117648,38.93103237514638,38.25139999389648,38.25139999389648,1452100,0.0,0.0
2006-05-19 00:00:00-04:00,38.93842436216624,39.07139587402344,38.41392718652333,39.07139587402344,1824600,0.0,0.0
2006-05-22 00:00:00-04:00,38.8423925711862,39.14527150752548,38.28834553022197,38.82761764526367,2270100,0.0,0.0
2006-05-23 00:00:00-04:00,39.8470623644883,40.06868343636966,39.41860078277758,39.448150634765625,1797300,0.0,0.0
2006-05-24 00:00:00-04:00,39.27823632876985,39.39643572448605,38.1849172806533,38.583831787109375,2937800,0.0,0.0
2006-05-25 00:00:00-04:00,39.558957952288736,39.70670439270459,39.18220720635581,39.677154541015625,1609900,0.0,0.0
2006-05-26 00:00:00-04:00,39.75102997187829,39.817515730504766,39.337340493977,39.669769287109375,918700,0.0,0.0
2006-05-30 00:00:00-04:00,39.2265279554577,39.322563561469,38.72419176436162,38.768516540527344,1219500,0.0,0.0
2006-05-31 00:00:00-04:00,38.79807280204404,38.96059419014347,38.45086904311502,38.87933349609375,1037200,0.0,0.0
2006-06-01 00:00:00-04:00,38.79068028653842,39.61805925914243,38.77590817812502,39.58112335205078,1092700,0.0,0.0
2006-06-02 00:00:00-04:00,40.0760719306258,40.11300783884544,39.233920823889946,39.55157470703125,966800,0.0,0.0
2006-06-05 00:00:00-04:00,39.31518366391538,39.31518366391538,38.39915787259088,38.41393280029297,1274700,0.0,0.0
2006-06-06 00:00:00-04:00,38.0445596646458,38.08888443796872,37.505287603679314,37.889427185058594,1988500,0.0,0.0
2006-06-07 00:00:00-04:00,37.564390487647486,38.074115599234375,37.224575625275655,37.45358276367188,1410600,0.0,0.0
2006-06-08 00:00:00-04:00,36.67791226411567,36.88475557419608,36.07215444056983,36.7000732421875,2491600,0.0,0.0
2006-06-09 00:00:00-04:00,36.68530113330964,36.855208553635634,36.08692931718238,36.24945068359375,2307100,0.0,0.0
2006-06-12 00:00:00-04:00,36.70746599755267,36.75179077981785,36.04999722644664,36.08693313598633,1800200,0.0,0.0
2006-06-13 00:00:00-04:00,36.56710372615344,36.77394704748161,35.79882450689317,35.887474060058594,1790800,0.0,0.0
2006-06-14 00:00:00-04:00,36.19773864549477,36.45629279432247,35.59198079564513,35.953956604003906,1029800,0.0,0.0
2006-06-15 00:00:00-04:00,36.722240188807305,37.45358358236082,36.71485413425914,37.28367614746094,2241300,0.0,0.0
2006-06-16 00:00:00-04:00,37.82294142257668,37.90420209796296,37.23934458846488,37.72690582275391,2338400,0.0,0.0
2006-06-19 00:00:00-04:00,38.28834799636977,38.31789503208896,37.57916559655519,37.74907302856445,1875900,0.0,0.0
2006-06-20 00:00:00-04:00,37.7121371203936,38.04456592998963,37.45358294516844,37.74907302856445,852400,0.0,0.0
2006-06-21 00:00:00-04:00,37.80077369173316,38.39914538798913,37.74906287060308,38.20707702636719,1902900,0.0,0.0
2006-06-22 00:00:00-04:00,38.07410487794449,38.16275159576877,37.69735139564169,37.89680862426758,992800,0.0,0.0
2006-06-23 00:00:00-04:00,37.83771816583031,38.20708284041115,37.7860073368313,37.92636489868164,716900,0.0,0.0
2006-06-26 00:00:00-04:00,37.763851499725824,38.14799118041992,37.6530437648135,38.14799118041992,777600,0.0,0.0
2006-06-27 00:00:00-04:00,38.00762760027176,38.00762760027176,37.10637684457184,37.113765716552734,1266800,0.0,0.0
2006-06-28 00:00:00-04:00,37.30584276772822,37.35016755580431,36.95125291720842,37.239356994628906,1219800,0.0,0.0
2006-06-29 00:00:00-04:00,37.39448529769508,38.6724869534088,37.39448529769508,38.65771484375,1149800,0.0,0.0
2006-06-30 00:00:00-04:00,38.879337331705095,39.03446986217939,38.62816916987688,38.79807662963867,540000,0.0,0.0
2006-07-03 00:00:00-04:00,38.93842037948079,39.24129927705904,38.83499872928753,39.226524353027344,553800,0.0,0.0
2006-07-05 00:00:00-04:00,38.62816320133119,38.76113472634324,38.23663468078272,38.458255767822266,797000,0.0,0.0
2006-07-06 00:00:00-04:00,39.42599667148578,39.51464624956336,39.12311765812829,39.46293258666992,1746900,0.0,0.0
2006-07-07 00:00:00-04:00,38.90887551079408,39.37427581425215,38.76851794157358,38.82761764526367,2080600,0.0,0.0
2006-07-10 00:00:00-04:00,38.84239338401306,38.99752588240244,38.38437912491723,38.57645034790039,1500400,0.0,0.0
2006-07-11 00:00:00-04:00,38.27356623055477,38.6798667838924,37.926362556124914,38.59860610961914,1592900,0.0,0.0
2006-07-12 00:00:00-04:00,38.170142029645966,38.2366277801532,37.03988708905171,37.1876335144043,2700700,0.0,0.0
2006-07-13 00:00:00-04:00,34.74243965721792,35.05270744270291,34.070196076367345,34.594696044921875,17908300,0.0,0.0
2006-07-14 00:00:00-04:00,35.22262057250655,35.26694535421234,34.55776293706588,34.63163757324219,4510000,0.0,0.0
2006-07-17 00:00:00-04:00,34.78677096889649,34.88280658935906,33.96678080362754,34.05542755126953,2758400,0.0,0.0
2006-07-18 00:00:00-04:00,34.58730960291568,34.58730960291568,33.161561663489366,33.43489074707031,5417300,0.0,0.0
2006-07-19 00:00:00-04:00,33.39056425102836,34.39523652967609,33.338853426512244,34.09235763549805,3878600,0.0,0.0
2006-07-20 00:00:00-04:00,34.92713144717991,34.941906376015595,32.962111000505885,33.06553268432617,5785900,0.0,0.0
2006-07-21 00:00:00-04:00,32.577965191734215,32.614903915906794,31.98698223935007,32.18643951416016,4638900,0.0,0.0
2006-07-24 00:00:00-04:00,32.74788175203802,33.41273664501107,32.659232178551306,33.15418243408203,2695300,0.0,0.0
2006-07-25 00:00:00-04:00,33.27237644644092,33.37579812272798,32.79959003025471,33.04336929321289,3056700,0.0,0.0
2006-07-26 00:00:00-04:00,32.903012150292106,33.01381988293867,32.55580838833493,32.73310470581055,4528700,0.0,0.0
2006-07-27 00:00:00-04:00,33.6491266251353,33.67867648011326,32.80697548446862,33.058143615722656,3094400,0.0,0.0
2006-07-28 00:00:00-04:00,33.501377694534824,33.833806493417065,33.346245194399465,33.73038482666016,1091000,0.0,0.0
2006-07-31 00:00:00-04:00,33.74516115876322,33.94461844640125,33.61957568816334,33.70822525024414,1387900,0.0,0.0
2006-08-01 00:00:00-04:00,33.501378706715634,33.54570348724881,33.16156384338206,33.48660659790039,1109900,0.0,0.0
2006-08-02 00:00:00-04:00,33.53831983152682,33.75993811398471,33.53831983152682,33.590030670166016,1207200,0.0,0.0
2006-08-03 00:00:00-04:00,33.006428769907195,33.46444019432302,32.895618236212414,33.294532775878906,1676200,0.0,0.0
2006-08-04 00:00:00-04:00,33.89290235751494,34.03325991534388,33.27236960927696,33.5678596496582,2317300,0.0,0.0
2006-08-07 00:00:00-04:00,33.279765496006874,33.316701409714625,32.910400722870214,33.213279724121094,1366800,0.0,0.0
2006-08-08 00:00:00-04:00,32.644450131733805,33.006428766137,32.496706510862886,32.68138885498047,1893600,0.0,0.0
2006-08-09 00:00:00-04:00,33.08769167641147,33.38318175607923,32.843909613107165,32.85868453979492,1782600,0.0,0.0
2006-08-10 00:00:00-04:00,32.40805913892027,32.99165606195561,32.40805913892027,32.85868453979492,2092800,0.0,0.0
2006-08-11 00:00:00-04:00,32.49669709347431,32.784801015921964,32.35633674908219,32.56318283081055,1441200,0.0,0.0
2006-08-14 00:00:00-04:00,32.63706711397292,32.858685383924325,32.42283489854057,32.44499588012695,1071700,0.0,0.0
2006-08-15 00:00:00-04:00,33.70821907030605,34.21055522455079,33.42750114457431,34.136680603027344,2827500,0.0,0.0
2006-08-16 00:00:00-04:00,35.274325125124456,35.45900745562248,34.949285237938255,35.385135650634766,3764000,0.0,0.0
2006-08-17 00:00:00-04:00,35.37036253312481,35.495945171625785,34.98622292789953,35.259552001953125,1651400,0.0,0.0
2006-08-18 00:00:00-04:00,35.26693985964273,35.274325913095005,34.56514642446754,35.133968353271484,1310000,0.0,0.0
2006-08-21 00:00:00-04:00,34.69073588586366,34.72028574154521,34.46911760431073,34.52821731567383,1224400,0.0,0.0
2006-08-22 00:00:00-04:00,34.712897250472075,34.97883747885418,34.520826020051004,34.79415512084961,987400,0.0,0.0
2006-08-23 00:00:00-04:00,34.63163719092234,34.83848053387409,34.33614428553768,34.41001892089844,1234200,0.0,0.0
2006-08-24 00:00:00-04:00,34.74244228391435,34.83847789359055,34.29181690546716,34.38046646118164,1355100,0.0,0.0
2006-08-25 00:00:00-04:00,34.25488280564419,34.43956516274303,34.17362211763604,34.336143493652344,607900,0.0,0.0
2006-08-28 00:00:00-04:00,34.70550974881319,35.08226335211941,34.631637929905324,35.015777587890625,1396200,0.0,0.0
2006-08-29 00:00:00-04:00,35.25217056274414,35.28910647195993,34.720284452343144,35.25217056274414,1224200,0.0,0.0
2006-08-30 00:00:00-04:00,35.51072350786432,35.69540586553702,35.42207676522958,35.65108108520508,925300,0.0,0.0
2006-08-31 00:00:00-04:00,35.569831539393384,35.569831539393384,35.11920603032729,35.26695251464844,1426600,0.0,0.0
2006-09-01 00:00:00-04:00,35.2595566273406,35.274331554636944,34.9640665355015,35.1709098815918,1155500,0.0,0.0
2006-09-05 00:00:00-04:00,35.385144853614975,35.6436990563456,35.303884156176935,35.57721328735352,1217300,0.0,0.0
2006-09-06 00:00:00-04:00,34.897577193122615,34.93451309856127,34.55037348233559,34.60947036743164,1698000,0.0,0.0
2006-09-07 00:00:00-04:00,34.21795073120475,34.469118877718245,33.93723272791804,34.17362594604492,1028100,0.0,0.0
2006-09-08 00:00:00-04:00,33.88551750616789,34.86802898161752,33.77470978463997,34.18839645385742,868500,0.0,0.0
2006-09-11 00:00:00-04:00,33.944609054919624,34.48388106057905,33.693441001239904,34.284423828125,2171000,0.0,0.0
2006-09-12 00:00:00-04:00,35.030546080690215,35.525496233967864,34.941899343546815,35.39252471923828,2413400,0.0,0.0
2006-09-13 00:00:00-04:00,35.64369182015851,35.95395680044695,35.62891689471208,35.798824310302734,1737100,0.0,0.0
2006-09-14 00:00:00-04:00,35.717565428547424,35.931797631268815,35.60675770916083,35.917022705078125,844200,0.0,0.0
2006-09-15 00:00:00-04:00,36.13864419138108,36.16819404640314,35.776668330463224,35.93180084228516,1716200,0.0,0.0
2006-09-18 00:00:00-04:00,35.72494991377521,36.1238644178515,35.6880140118486,36.01305389404297,743100,0.0,0.0
2006-09-19 00:00:00-04:00,35.67324854827439,35.68063460340707,35.089651561762224,35.355594635009766,1978900,0.0,0.0
2006-09-20 00:00:00-04:00,36.11647656834527,36.47845518073492,36.05737968719664,36.21989822387695,2624700,0.0,0.0
2006-09-21 00:00:00-04:00,36.441527759938495,36.544949439542734,36.10171004662959,36.212520599365234,1944700,0.0,0.0
2006-09-22 00:00:00-04:00,36.15341911889211,36.15341911889211,35.6436968008932,35.93180084228516,1980500,0.0,0.0
2006-09-25 00:00:00-04:00,35.75450434430678,36.12386904696272,35.32603993657195,36.005672454833984,1619300,0.0,0.0
2006-09-26 00:00:00-04:00,36.29378747028114,36.42675902897453,36.13865210645224,36.39720916748047,1465200,0.0,0.0
2006-09-27 00:00:00-04:00,36.54494136237034,36.83304535417088,36.43413083412607,36.76655960083008,1842300,0.0,0.0
2006-09-28 00:00:00-04:00,37.06205790129228,37.10638268606864,36.79611764672241,36.99557495117188,3105500,0.0,0.0
2006-09-29 00:00:00-04:00,36.61882281098268,36.72963336840356,36.45630141157325,36.56711196899414,1348900,0.0,0.0
2006-10-02 00:00:00-04:00,36.21990724411217,36.4563004636358,36.09432457912813,36.27900695800781,2365100,0.0,0.0
2006-10-03 00:00:00-04:00,36.1903535986047,36.54494336315938,35.99089632766226,36.40458297729492,2006900,0.0,0.0
2006-10-04 00:00:00-04:00,36.50061798962815,37.68258385217086,36.45629321302195,37.60132598876953,2551200,0.0,0.0
2006-10-05 00:00:00-04:00,37.571770315091385,37.68996688302839,37.35015210246306,37.5569953918457,2738600,0.0,0.0
2006-10-06 00:00:00-04:00,37.25412964914946,37.70475510396955,37.187643880109945,37.59394454956055,2052400,0.0,0.0
2006-10-09 00:00:00-04:00,37.394482840240734,37.79339740751628,37.35016087811842,37.68997573852539,840500,0.0,0.0
2006-10-10 00:00:00-04:00,37.549610720566896,37.55699677344722,37.24672900993104,37.372314453125,938100,0.0,0.0
2006-10-11 00:00:00-04:00,37.21718618379361,37.68997252633172,37.18763633287775,37.43141555786133,1238700,0.0,0.0
2006-10-12 00:00:00-04:00,37.527454160928926,37.815558185291685,37.43141854679831,37.76384735107422,1006100,0.0,0.0
2006-10-13 00:00:00-04:00,38.19231856940503,38.2957402562536,37.985472377678285,38.17754364013672,1211300,0.0,0.0
2006-10-16 00:00:00-04:00,38.17752942395732,38.49518323986712,38.08888269938647,38.465633392333984,1147300,0.0,0.0
2006-10-17 00:00:00-04:00,38.18492448432182,38.19231335696236,37.67520217526464,38.118438720703125,965500,0.0,0.0
2006-10-18 00:00:00-04:00,38.33266911063885,38.37699389028044,37.84510780669774,38.244022369384766,2166200,0.0,0.0
2006-10-19 00:00:00-04:00,37.357543735208544,37.42402949073094,36.92908216919781,36.98079299926758,4182200,0.0,0.0
2006-10-20 00:00:00-04:00,36.49323713502364,36.58926993764205,36.315940821368585,36.55972290039063,2073700,0.0,0.0
2006-10-23 00:00:00-04:00,36.30855810994251,37.00296286480622,36.30855810994251,36.78873062133789,2503300,0.0,0.0
2006-10-24 00:00:00-04:00,36.78873062133789,36.93647709331707,36.67792288087568,36.78873062133789,1011500,0.0,0.0
2006-10-25 00:00:00-04:00,36.65576403142843,36.95864307179864,36.54495627599345,36.92170715332031,1728900,0.0,0.0
2006-10-26 00:00:00-04:00,36.93646802624359,37.069439536580376,36.81827144128077,36.97340393066406,2339200,0.0,0.0
2006-10-27 00:00:00-04:00,36.62620846959327,36.6853053618089,36.41197624699935,36.55233383178711,2148100,0.0,0.0
2006-10-30 00:00:00-05:00,36.41935530014554,36.67052338434083,36.26422281762076,36.53755187988281,804400,0.0,0.0
2006-10-31 00:00:00-05:00,36.921696530495645,36.921696530495645,36.51539590807181,36.670528411865234,870900,0.0,0.0
2006-11-01 00:00:00-05:00,36.9807925847302,36.9807925847302,36.24944928218189,36.35287094116211,938600,0.0,0.0
2006-11-02 00:00:00-05:00,36.21991085829767,36.31594649394621,36.04261733497854,36.27162170410156,839800,0.0,0.0
2006-11-03 00:00:00-05:00,36.27161306844033,36.367648681224416,36.00567284677753,36.22729110717773,852800,0.0,0.0
2006-11-06 00:00:00-05:00,36.38242139421763,36.78133592948625,36.37503534046624,36.66313934326172,956300,0.0,0.0
2006-11-07 00:00:00-05:00,37.54961616724312,37.8081703259868,37.46835548362968,37.56438827514648,1168400,0.0,0.0
2006-11-08 00:00:00-05:00,37.5717803483877,37.76384876581525,37.18025464092235,37.66042709350586,1437900,0.0,0.0
2006-11-09 00:00:00-05:00,37.490516463513714,37.76384554818974,37.43880563176498,37.56438827514648,1960000,0.0,0.0
2006-11-10 00:00:00-05:00,37.40925337169095,37.49790010354947,37.21718498299271,37.37970352172852,1484100,0.0,0.0
2006-11-13 00:00:00-05:00,37.25412647749689,37.55700543999567,37.135929877937095,37.49790573120117,956500,0.0,0.0
2006-11-14 00:00:00-05:00,37.88203892031357,37.95591354370117,37.38709162474592,37.95591354370117,783900,0.0,0.0
2006-11-15 00:00:00-05:00,37.95591675498064,38.1405991020317,37.80078144175574,37.9706916809082,756000,0.0,0.0
2006-11-16 00:00:00-05:00,38.22924744283757,38.3252830563798,37.88943258633933,38.244022369384766,1398400,0.0,0.0
2006-11-17 00:00:00-05:00,37.84510840466561,38.28095888159269,37.69736195488828,38.229248046875,780700,0.0,0.0
2006-11-20 00:00:00-05:00,37.9854591953488,38.28834091319385,37.963298218151806,38.22185516357422,957800,0.0,0.0
2006-11-21 00:00:00-05:00,38.50258372163216,38.6872661108814,38.4730366810548,38.635555267333984,1380600,0.0,0.0
2006-11-22 00:00:00-05:00,38.74636115439146,39.056626178250845,38.74636115439146,38.96797943115234,1053900,0.0,0.0
2006-11-24 00:00:00-05:00,38.606005970934696,38.95320976954896,38.56168400040839,38.783302307128906,425200,0.0,0.0
2006-11-27 00:00:00-05:00,38.36221897550477,38.52474034954471,38.01501524661184,38.08150100708008,1737900,0.0,0.0
2006-11-28 00:00:00-05:00,37.72690505330049,38.05933380126953,37.69735520503021,38.05933380126953,755700,0.0,0.0
2006-11-29 00:00:00-05:00,38.06673288521287,38.2292542883046,37.96331119889253,38.1701545715332,728000,0.0,0.0
2006-11-30 00:00:00-05:00,38.61338625446514,38.76113269875318,38.41392897738064,38.57645034790039,1428300,0.0,0.0
2006-12-01 00:00:00-05:00,38.2218597856188,38.36960340883646,37.542227283095855,37.9706916809082,1264100,0.0,0.0
2006-12-04 00:00:00-05:00,37.64565171544691,38.36960623097136,37.63087678843263,38.214473724365234,1031300,0.0,0.0
2006-12-05 00:00:00-05:00,38.67247851586782,38.79806396480193,38.50995998281545,38.583831787109375,971700,0.0,0.0
2006-12-06 00:00:00-05:00,38.16276610868078,38.2957376449991,37.99285866072502,38.14799118041992,1146500,0.0,0.0
2006-12-07 00:00:00-05:00,38.48779898768111,38.70942005274661,38.04456249360792,38.05194854736328,1208700,0.0,0.0
2006-12-08 00:00:00-05:00,37.978074521703086,38.3548252378793,37.8894277916667,37.95591354370117,1155600,0.0,0.0
2006-12-11 00:00:00-05:00,37.955922749087584,38.236637931955656,37.911597964305,38.14799118041992,764300,0.0,0.0
2006-12-12 00:00:00-05:00,38.14798796181558,38.34744524946454,37.95591954668835,38.214473724365234,1362700,0.0,0.0
2006-12-13 00:00:00-05:00,38.32527923809303,38.46563679926415,38.22185758059548,38.40653991699219,550900,0.0,0.0
2006-12-14 00:00:00-05:00,37.98547061948646,38.11844215871695,37.80817711253214,37.97808456420898,1662800,0.0,0.0
2006-12-15 00:00:00-05:00,38.19231294762904,38.399156290879546,38.10366620309727,38.140602111816406,905400,0.0,0.0
2006-12-18 00:00:00-05:00,38.679872833528485,38.709422686618375,38.244022363554464,38.32528305053711,693000,0.0,0.0
2006-12-19 00:00:00-05:00,38.23663268062919,38.6650970872616,38.155374813398346,38.57645034790039,1000400,0.0,0.0
2006-12-20 00:00:00-05:00,38.58383318114894,38.66509385962544,38.31789016723633,38.31789016723633,639800,0.0,0.0
2006-12-21 00:00:00-05:00,38.89409677752124,39.26346140857832,38.820222160492726,38.87193298339844,1430700,0.0,0.0
2006-12-22 00:00:00-05:00,39.01968402407649,39.01968402407649,38.36960140731966,38.53950881958008,847600,0.0,0.0
2006-12-26 00:00:00-05:00,38.561672019691215,38.76112927917925,38.50257231997826,38.71680450439453,411600,0.0,0.0
2006-12-27 00:00:00-05:00,38.91626218031506,39.09355564529351,38.90887330875748,39.01968383789063,466000,0.0,0.0
2006-12-28 00:00:00-05:00,39.25608504774299,39.32995968831341,38.96059493954951,39.241310119628906,943700,0.0,0.0
2006-12-29 00:00:00-05:00,39.16003860389901,39.43337047144249,39.0787807487676,39.226524353027344,576300,0.0,0.0
2007-01-03 00:00:00-05:00,39.66976828511511,39.83967570441806,39.07878534448985,39.3004035949707,1355500,0.0,0.0
2007-01-04 00:00:00-05:00,39.18959345683318,39.69931853792315,39.08617179343202,39.6032829284668,1704100,0.0,0.0
2007-01-05 00:00:00-05:00,39.640219445733166,39.65499437187968,39.02707550981275,39.42598724365234,2574000,0.0,0.0
2007-01-08 00:00:00-05:00,40.23859063261228,41.33929584171921,40.164716003056434,41.15461349487305,4099900,0.0,0.0
2007-01-09 00:00:00-05:00,40.25337137718938,40.482375716842895,40.01697534646834,40.342018127441406,3846700,0.0,0.0
2007-01-10 00:00:00-05:00,39.839676500499394,40.03913377532643,39.6106693735434,39.987422943115234,1405600,0.0,0.0
2007-01-11 00:00:00-05:00,40.03174614359939,40.44543563213545,35.79144086272842,35.82837677001953,11604900,0.0,0.0
2007-01-12 00:00:00-05:00,37.069437116798085,37.28366929369279,36.66313655863727,36.95124053955078,10466500,0.0,0.0
2007-01-16 00:00:00-05:00,37.27627439764558,37.32059916371002,36.98078441130063,37.14330291748047,3285200,0.0,0.0
2007-01-17 00:00:00-05:00,36.71485417917788,36.95124737741729,36.67052939774703,36.87737274169922,2066800,0.0,0.0
2007-01-18 00:00:00-05:00,36.61881943854648,36.64098042077792,35.79144322489814,36.17558288574219,3928100,0.0,0.0
2007-01-19 00:00:00-05:00,35.85792640050104,36.315937847732,35.85792640050104,36.22729110717773,1807900,0.0,0.0
2007-01-22 00:00:00-05:00,36.52278261516533,36.59665725021758,35.83576400833991,36.04261016845703,2788500,0.0,0.0
2007-01-23 00:00:00-05:00,37.02511234356959,37.09898696561709,36.72962230946568,36.95124053955078,3410500,0.0,0.0
2007-01-24 00:00:00-05:00,35.27433741989956,35.97613108400612,33.98156065581947,34.35092544555664,10771100,0.0,0.0
2007-01-25 00:00:00-05:00,34.823705624555494,34.83848055163518,34.13668701451071,34.24749755859375,5097900,0.0,0.0
2007-01-26 00:00:00-05:00,34.38047496043768,34.38047496043768,33.91507454098564,34.12930679321289,2623100,0.0,0.0
2007-01-29 00:00:00-05:00,34.35091720847283,34.58731039177699,34.269656523331584,34.44695281982422,2870900,0.0,0.0
2007-01-30 00:00:00-05:00,34.698122747677466,34.698122747677466,34.32136915464791,34.483890533447266,2180900,0.0,0.0
2007-01-31 00:00:00-05:00,34.04065481671443,34.35830589143538,33.91506934333379,34.232723236083984,2600600,0.0,0.0
2007-02-01 00:00:00-05:00,34.49867347965415,34.72029179987719,34.32137713265782,34.54299545288086,2030200,0.0,0.0
2007-02-02 00:00:00-05:00,33.93723054077052,34.16623768896003,33.85597266692514,34.07759094238281,1713600,0.0,0.0
2007-02-05 00:00:00-05:00,34.003713717349925,34.048038496279815,33.649123939997935,33.804256439208984,1767700,0.0,0.0
2007-02-06 00:00:00-05:00,33.656519804000034,33.855977123576395,33.567870227724114,33.81903839111328,1028900,0.0,0.0
2007-02-07 00:00:00-05:00,33.5604684675076,34.21055096584493,33.46443288049646,33.99631881713867,2400600,0.0,0.0
2007-02-08 00:00:00-05:00,34.20317397436225,34.40263126987461,34.09975229921421,34.29920959472656,1265000,0.0,0.0
2007-02-09 00:00:00-05:00,34.720285794157775,34.83109634411683,34.09236685913475,34.20317459106445,1829700,0.0,0.0
2007-02-12 00:00:00-05:00,34.4100203512125,34.4100203512125,34.099752505858845,34.225337982177734,1150900,0.0,0.0
2007-02-13 00:00:00-05:00,34.579927330004736,34.698123931884766,34.417405945658714,34.698123931884766,1381800,0.0,0.0
2007-02-14 00:00:00-05:00,35.02315902758722,35.34819893319249,35.00099804844085,35.1856803894043,1514900,0.0,0.0
2007-02-15 00:00:00-05:00,35.03054065359654,35.08225429511651,34.81631130685848,34.956668853759766,1419900,0.0,0.0
2007-02-16 00:00:00-05:00,34.72028350058836,34.816319116340274,34.6685726654979,34.801544189453125,848300,0.0,0.0
2007-02-20 00:00:00-05:00,34.40262704255202,34.64640909089924,34.29181650820711,34.60947036743164,1086000,0.0,0.0
2007-02-21 00:00:00-05:00,34.21794329258807,34.343528747558594,34.0997467092193,34.343528747558594,1320200,0.0,0.0
2007-02-22 00:00:00-05:00,34.07758192391505,34.21055341760524,33.92983550670056,34.18100357055664,1415700,0.0,0.0
2007-02-23 00:00:00-05:00,33.78209184780187,33.96677417989221,33.486601807274575,33.89290237426758,1257800,0.0,0.0
2007-02-26 00:00:00-05:00,34.070199860076855,34.28443206693822,33.937228339820074,34.18839645385742,1475900,0.0,0.0
2007-02-27 00:00:00-05:00,33.870749145016134,34.17362815141411,33.20589423288941,33.361026763916016,5056300,0.0,0.0
2007-02-28 00:00:00-05:00,34.13667635351778,34.277036707925205,33.75992569374843,33.99631881713867,3073100,0.0,0.0
2007-03-01 00:00:00-05:00,33.30931074828489,36.16080685348927,33.02120671596109,35.10442352294922,8816700,0.0,0.0
2007-03-02 00:00:00-05:00,34.76461017392344,34.77938510161497,34.011105769830856,34.14407730102539,2819600,0.0,0.0
2007-03-05 00:00:00-05:00,33.678672188097565,34.0923616509804,33.545700675671974,33.612186431884766,1886600,0.0,0.0
2007-03-06 00:00:00-05:00,33.89291235085574,34.291824163891185,33.7599408071674,34.15885543823242,1410700,0.0,0.0
2007-03-07 00:00:00-05:00,33.89290800298876,34.062815438565586,33.78209745812034,33.84858322143555,1316700,0.0,0.0
2007-03-08 00:00:00-05:00,34.19579117599372,34.36569863249259,33.99633386148734,34.07020568847656,1286100,0.0,0.0
2007-03-09 00:00:00-05:00,33.9298475041203,34.16624072803951,33.81165089216069,34.003719329833984,1393800,0.0,0.0
2007-03-12 00:00:00-04:00,33.87073622210804,34.29920055540744,33.84857524556791,34.2401008605957,1181900,0.0,0.0
2007-03-13 00:00:00-04:00,33.922454281569095,34.01110384269527,33.10985303078325,33.24282455444336,1681000,0.0,0.0
2007-03-14 00:00:00-04:00,33.139403865241015,33.5013797207834,32.89562179197313,33.449668884277344,2944400,0.0,0.0
2007-03-15 00:00:00-04:00,33.442278412297576,33.567861050644446,33.23543509359504,33.3831787109375,1276700,0.0,0.0
2007-03-16 00:00:00-04:00,33.405345110888085,33.64173829869029,33.264984718235524,33.49399185180664,1092100,0.0,0.0
2007-03-19 00:00:00-04:00,33.471831678548114,33.51615364106206,33.13940286954776,33.40534591674805,1192600,0.0,0.0
2007-03-20 00:00:00-04:00,32.82913803262834,33.38318515876109,32.77004113788281,33.250213623046875,3439800,0.0,0.0
2007-03-21 00:00:00-04:00,33.87074396313477,34.41740499296634,33.427507422861,34.24749755859375,2868500,0.0,0.0
2007-03-22 00:00:00-04:00,34.4026286607188,34.4986642737996,33.88551750616789,34.18839645385742,1887600,0.0,0.0
2007-03-23 00:00:00-04:00,33.67867339415273,33.82641983747528,33.46444119223649,33.66389846801758,1546900,0.0,0.0
2007-03-26 00:00:00-04:00,33.59002645614914,33.81164471080404,33.294533571256615,33.737770080566406,815600,0.0,0.0
2007-03-27 00:00:00-04:00,33.36101672498432,33.53831300568424,33.32408082176356,33.42011642456055,1349000,0.0,0.0
2007-03-28 00:00:00-04:00,32.991665138631305,33.32409403549095,32.7478858262875,32.83653259277344,2686800,0.0,0.0
2007-03-29 00:00:00-04:00,32.86607600372384,33.035983446986975,32.62967997610845,32.96949768066406,1597000,0.0,0.0
2007-03-30 00:00:00-04:00,32.85130047296837,33.08030480541055,32.73310387034455,32.98427200317383,1170200,0.0,0.0
2007-04-02 00:00:00-04:00,33.242822141355006,33.368404783457336,33.03597881646695,33.30192184448242,1286600,0.0,0.0
2007-04-03 00:00:00-04:00,33.46444119223649,33.87813066993382,33.46444119223649,33.66389846801758,1810100,0.0,0.0
2007-04-04 00:00:00-04:00,34.24011050170768,34.30659626807725,34.09236685913475,34.20317459106445,2287000,0.0,0.0
2007-04-05 00:00:00-04:00,34.51344680786133,34.58731863849639,34.38047525829445,34.51344680786133,1093000,0.0,0.0
2007-04-09 00:00:00-04:00,34.439565974571266,34.64641213565766,34.232722631514065,34.24749755859375,698000,0.0,0.0
2007-04-10 00:00:00-04:00,34.27704579600263,34.528213908452,34.166235257146205,34.50605010986328,1522000,0.0,0.0
2007-04-11 00:00:00-04:00,34.13668867469458,34.18839951297375,33.72300196846118,33.82642364501953,2381700,0.0,0.0
2007-04-12 00:00:00-04:00,34.35092282581504,34.49128042072022,34.099754675227686,34.40263366699219,3310600,0.0,0.0
2007-04-13 00:00:00-04:00,35.72495330588092,35.754503157439466,35.21522822959741,35.46639633178711,3358000,0.0,0.0
2007-04-16 00:00:00-04:00,36.02044415623744,36.338098022376094,35.97612219595791,36.31593704223633,2049800,0.0,0.0
2007-04-17 00:00:00-04:00,36.43413683214738,36.5006225964335,36.21990461188887,36.49323654174805,1592300,0.0,0.0
2007-04-18 00:00:00-04:00,36.24945168177496,36.57449160551919,36.0499944042402,36.45629501342773,1393400,0.0,0.0
2007-04-19 00:00:00-04:00,35.82837139575878,36.47106510391303,35.79882154714674,36.33070755004883,2267200,0.0,0.0
2007-04-20 00:00:00-04:00,37.26151095013845,37.37970754468018,36.99557072594136,37.22457504272461,4211600,0.0,0.0
2007-04-23 00:00:00-04:00,36.81088739772742,37.14331337369318,36.581880268969,36.69268798828125,1593800,0.0,0.0
2007-04-24 00:00:00-04:00,36.6483708623806,36.6926928287408,36.101709793693246,36.53017425537109,2655700,0.0,0.0
2007-04-25 00:00:00-04:00,36.59665199776729,36.884755988048646,36.54494116966698,36.840431213378906,1268100,0.0,0.0
2007-04-26 00:00:00-04:00,36.30855502264882,36.39720177108692,36.02044815867365,36.16080856323242,1084800,0.0,0.0
2007-04-27 00:00:00-04:00,35.82837295826199,36.07954104636064,35.569818816702536,35.90963363647461,1113100,0.0,0.0
2007-04-30 00:00:00-04:00,35.835761830650576,35.96873334763495,35.44423615176826,35.45901107788086,1328000,0.0,0.0
2007-05-01 00:00:00-04:00,35.555049896240234,35.67324649777526,35.25955698338804,35.555049896240234,698500,0.0,0.0
2007-05-02 00:00:00-04:00,35.45901027791195,35.62891769733014,35.29648891236892,35.46639633178711,1046600,0.0,0.0
2007-05-03 00:00:00-04:00,35.1265875043348,35.19307327270508,34.934519072392575,35.19307327270508,1484000,0.0,0.0
2007-05-04 00:00:00-04:00,35.66585703740911,35.769278709794634,35.29649231144413,35.40730285644531,848600,0.0,0.0
2007-05-07 00:00:00-04:00,35.695409896891725,35.7397346822296,35.488566534707225,35.57721328735352,784800,0.0,0.0
2007-05-08 00:00:00-04:00,35.1237578605478,35.415585268196715,34.74962323242531,35.2509651184082,1131900,0.614,0.0
2007-05-09 00:00:00-04:00,34.65983244083479,35.969303666462594,34.65983244083479,35.74482345581055,2087700,0.0,0.0
2007-05-10 00:00:00-04:00,35.161177079161256,35.33327868256264,34.56255933151355,34.674800872802734,1923700,0.0,0.0
2007-05-11 00:00:00-04:00,34.54758663082666,35.018997012923315,34.50269230690724,34.959136962890625,985600,0.0,0.0
2007-05-14 00:00:00-04:00,35.415583275901355,35.445511875107805,34.951654307944786,35.14620590209961,822300,0.0,0.0
2007-05-15 00:00:00-04:00,34.74962167535895,35.183619194656345,34.659830167870744,34.76458740234375,1087500,0.0,0.0
2007-05-16 00:00:00-04:00,34.66731492290682,34.84689794028858,34.39045325161066,34.83941650390625,1244300,0.0,0.0
2007-05-17 00:00:00-04:00,34.33058581462252,34.525134517352534,34.278207207948284,34.39793014526367,932400,0.0,0.0
2007-05-18 00:00:00-04:00,34.338077462500195,34.87683226787018,34.2557673834108,34.637386322021484,1350100,0.0,0.0
2007-05-21 00:00:00-04:00,34.47276853059839,34.62242297063367,34.38297700834563,34.51018142700195,1749900,0.0,0.0
2007-05-22 00:00:00-04:00,35.325782775878906,35.53530006043596,35.13123406995453,35.325782775878906,2904800,0.0,0.0
2007-05-23 00:00:00-04:00,36.09651092696522,36.14140525644319,35.69244483513909,35.74482345581055,1464300,0.0,0.0
2007-05-24 00:00:00-04:00,35.65502802003267,36.0441254866673,35.1312390165193,35.23599624633789,2059400,0.0,0.0
2007-05-25 00:00:00-04:00,35.482928703222285,35.63258313354696,35.318311398843896,35.50537872314453,1585900,0.0,0.0
2007-05-29 00:00:00-04:00,35.72984857836644,35.834605792883764,35.340748314144925,35.41557693481445,581000,0.0,0.0
2007-05-30 00:00:00-04:00,34.95913840521892,35.505374585997906,34.95913840521892,35.43803024291992,1193700,0.0,0.0
2007-05-31 00:00:00-04:00,35.655033425660434,35.98427089135146,35.64006769707164,35.72237777709961,1681800,0.0,0.0
2007-06-01 00:00:00-04:00,36.69511713676546,36.80735578846407,36.335948313373805,36.702598571777344,2765400,0.0,0.0
2007-06-04 00:00:00-04:00,36.7549874224881,37.09170918025698,36.7549874224881,36.94205474853516,1543000,0.0,0.0
2007-06-05 00:00:00-04:00,36.9944340661297,37.061778418948016,36.43323207745068,36.725059509277344,2441700,0.0,0.0
2007-06-06 00:00:00-04:00,37.13659684583974,37.18897545535158,36.44070634298805,36.54546356201172,2371300,0.0,0.0
2007-06-07 00:00:00-04:00,36.11147397403288,36.403301389145646,35.729857899532746,35.804683685302734,1844500,0.0,0.0
2007-06-08 00:00:00-04:00,36.47063878771486,36.63525605592105,36.11146709208996,36.597843170166016,1546000,0.0,0.0
2007-06-11 00:00:00-04:00,36.53050162991107,36.88967049860486,36.32846860606699,36.69512176513672,902200,0.0,0.0
2007-06-12 00:00:00-04:00,36.11895539133235,36.43322709186508,35.91692236052394,36.0067138671875,2329200,0.0,0.0
2007-06-13 00:00:00-04:00,35.961818683328175,36.32846899187125,35.88699005087619,36.31350326538086,1045200,0.0,0.0
2007-06-14 00:00:00-04:00,36.261118699482594,36.56042747133349,36.24615297544805,36.50056457519531,823400,0.0,0.0
2007-06-15 00:00:00-04:00,36.41826854637796,36.80736895787459,36.37337421140368,36.537994384765625,1023900,0.0,0.0
2007-06-18 00:00:00-04:00,37.593049473718565,37.593049473718565,37.30122205998341,37.4134635925293,1797800,0.0,0.0
2007-06-19 00:00:00-04:00,37.862425997103294,38.24404494421189,37.81004737368382,38.176700592041016,2399500,0.0,0.0
2007-06-20 00:00:00-04:00,38.39369290897889,38.46103724980402,37.712768064822775,37.787593841552734,1221100,0.0,0.0
2007-06-21 00:00:00-04:00,37.93724937530715,38.27397108942577,37.83249214300813,38.19914245605469,1818300,0.0,0.0
2007-06-22 00:00:00-04:00,38.14676270781328,38.25900422732863,37.56311365694245,37.787593841552734,971100,0.0,0.0
2007-06-25 00:00:00-04:00,37.79507631691897,38.20662666351368,37.518217510099305,37.54066467285156,1263400,0.0,0.0
2007-06-26 00:00:00-04:00,37.89236457473925,38.02705330438957,37.600539945304014,37.74271011352539,2488400,0.0,0.0
2007-06-27 00:00:00-04:00,37.97466552495659,38.42362594604492,37.86990828366402,38.42362594604492,1628400,0.0,0.0
2007-06-28 00:00:00-04:00,38.50593406723612,38.58824413962069,38.04200794174741,38.169212341308594,1660700,0.0,0.0
2007-06-29 00:00:00-04:00,38.34133007030293,38.52839744351896,37.92977956569039,38.2141227722168,1328300,0.0,0.0
2007-07-02 00:00:00-04:00,38.6106917098219,38.86510336604408,38.47600301803247,38.74538040161133,1237900,0.0,0.0
2007-07-03 00:00:00-04:00,38.00459653030339,38.22159530150573,37.75018486685736,38.146766662597656,1941700,0.0,0.0
2007-07-05 00:00:00-04:00,37.94473249145013,38.04200829192921,37.57059787129128,37.88487243652344,1512700,0.0,0.0
2007-07-06 00:00:00-04:00,37.75018342576002,37.92976644344247,37.51821893563121,37.817527770996094,811200,0.0,0.0
2007-07-09 00:00:00-04:00,37.66039364018763,37.83997666608746,37.55563354492188,37.55563354492188,942700,0.0,0.0
2007-07-10 00:00:00-04:00,37.705286009083096,37.81752753525039,37.241359886138085,37.30121994018555,1904600,0.0,0.0
2007-07-11 00:00:00-04:00,37.50325289022472,37.757664541800125,37.50325289022472,37.75018310546875,2094800,0.0,0.0
2007-07-12 00:00:00-04:00,38.363764768244,39.209309819501605,38.22159463841618,39.17189407348633,2171300,0.0,0.0
2007-07-13 00:00:00-04:00,39.1718910944229,39.26916688870752,38.8725851300078,39.01475524902344,1599700,0.0,0.0
2007-07-16 00:00:00-04:00,39.26917019430088,39.50113469114571,39.1718943918278,39.23923873901367,1683900,0.0,0.0
2007-07-17 00:00:00-04:00,39.10454455951507,39.763022211366696,39.05965023730219,39.50112915039063,2734300,0.0,0.0
2007-07-18 00:00:00-04:00,38.91748725976011,39.082107428576776,38.535871150909934,38.87259292602539,3537000,0.0,0.0
2007-07-19 00:00:00-04:00,41.54390649630877,42.05272978274183,41.33439203286709,41.55887222290039,10297200,0.0,0.0
2007-07-20 00:00:00-04:00,41.30446557652953,41.55887725052374,41.22215549752834,41.31943130493164,2237600,0.0,0.0
2007-07-23 00:00:00-04:00,42.39693641453007,42.86086255930565,42.2697320096806,42.801002502441406,2556100,0.0,0.0
2007-07-24 00:00:00-04:00,42.03776457964968,42.29965766221315,41.214669587804046,41.33439254760742,2513300,0.0,0.0
2007-07-25 00:00:00-04:00,41.82825225795787,41.8806308771558,41.154808790526445,41.64866638183594,2290400,0.0,0.0
2007-07-26 00:00:00-04:00,40.46639937428693,41.042564141672216,39.62833582197653,40.1745719909668,2569000,0.0,0.0
2007-07-27 00:00:00-04:00,40.35415571085728,40.51129154816477,39.56098937988281,39.56098937988281,2681000,0.0,0.0
2007-07-30 00:00:00-04:00,40.5786398998736,41.252083346974,40.36912542940706,41.02760314941406,1928600,0.0,0.0
2007-07-31 00:00:00-04:00,40.97522214580851,41.147326582139904,40.197024308999,40.346675872802734,2164800,0.0,0.0
2007-08-01 00:00:00-04:00,40.369126957551096,40.81808736966605,39.77799355987722,40.705848693847656,2051800,0.0,0.0
2007-08-02 00:00:00-04:00,40.85549707052121,41.22963166953485,40.653466898943854,41.19221878051758,1948800,0.0,0.0
2007-08-03 00:00:00-04:00,40.81060251840346,40.9228411848308,40.16709055497315,40.1745719909668,1837200,0.0,0.0
2007-08-06 00:00:00-04:00,40.78815500518228,41.46907989921726,40.57115909500192,41.36432266235352,2692800,0.0,0.0
2007-08-07 00:00:00-04:00,40.58611847986782,41.29697186304862,40.39156690944894,40.975215911865234,1866100,0.0,0.0
2007-08-08 00:00:00-04:00,41.30447042802455,41.5289506715813,40.915370007129646,41.22216033935547,1672200,0.0,0.0
2007-08-09 00:00:00-04:00,40.87046467432182,41.439150889419565,40.60108729395137,40.78815460205078,3251100,0.0,0.0
2007-08-10 00:00:00-04:00,40.84052776907454,41.22214374404703,40.36911744929204,40.95276641845703,3029000,0.0,0.0
2007-08-13 00:00:00-04:00,40.009949882599294,40.21198288310016,39.71064109939355,39.770503997802734,2478000,0.0,0.0
2007-08-14 00:00:00-04:00,39.74805934950204,39.8977137613076,39.29909896850586,39.29909896850586,1707900,0.0,0.0
2007-08-15 00:00:00-04:00,38.88006920776286,39.882750108244224,38.74538051557725,38.90251922607422,3037500,0.0,0.0
2007-08-16 00:00:00-04:00,38.13928351151921,38.7678297779897,37.40598000970708,38.61069107055664,4151500,0.0,0.0
2007-08-17 00:00:00-04:00,39.02972753083981,39.38889646111621,38.66307430890424,39.26169204711914,3303600,0.0,0.0
2007-08-20 00:00:00-04:00,39.08958105764494,39.38140556500093,38.70796219847154,39.06713104248047,1563500,0.0,0.0
2007-08-21 00:00:00-04:00,39.08210274044848,39.33651440063742,38.947414046559,39.02972412109375,696800,0.0,0.0
2007-08-22 00:00:00-04:00,39.20182084642498,39.373922410741656,38.8501334277142,39.276649475097656,1060700,0.0,0.0
2007-08-23 00:00:00-04:00,39.62834163484704,39.673238820655975,38.954900974238285,39.1195182800293,1925600,0.0,0.0
2007-08-24 00:00:00-04:00,39.41133967121775,40.10723029578264,39.36644534345269,40.06233596801758,1558000,0.0,0.0
2007-08-27 00:00:00-04:00,39.43378864794956,39.65826884410756,39.18685843408136,39.35147857666016,1637100,0.0,0.0
2007-08-28 00:00:00-04:00,39.329033360662585,39.38889341720563,38.52838548025699,38.59572982788086,1353700,0.0,0.0
2007-08-29 00:00:00-04:00,39.216791959798336,39.86778541937294,38.984827460676016,39.815406799316406,1259300,0.0,0.0
2007-08-30 00:00:00-04:00,39.35148301862962,39.92016643671722,39.30658583256183,39.48617172241211,1005400,0.0,0.0
2007-08-31 00:00:00-04:00,40.41401853053071,40.64598301181229,40.15960688650013,40.45891571044922,1274400,0.0,0.0
2007-09-04 00:00:00-04:00,40.00995170114097,40.6534636161883,39.97253596072454,40.46639633178711,1028600,0.0,0.0
2007-09-05 00:00:00-04:00,40.47388429854809,40.54122864597679,40.047371049639935,40.25688552856445,1341900,0.0,0.0
2007-09-06 00:00:00-04:00,41.11739624646635,41.67111389821699,40.73577732688891,41.56635665893555,2617900,0.0,0.0
2007-09-07 00:00:00-04:00,41.67111407814098,42.06021443602397,41.22963510039112,41.42418670654297,3129800,0.0,0.0
2007-09-10 00:00:00-04:00,41.6411827920264,41.95545449096311,41.17725382537624,41.68607711791992,1522800,0.0,0.0
2007-09-11 00:00:00-04:00,41.94048654821814,42.34455258643362,41.84321075655433,42.17245101928711,1016500,0.0,0.0
2007-09-12 00:00:00-04:00,42.44182886686809,42.748619116952845,42.37448452638996,42.449310302734375,1290200,0.0,0.0
2007-09-13 00:00:00-04:00,43.100306794742,43.294858394319846,42.88331088594909,43.115272521972656,1930300,0.0,0.0
2007-09-14 00:00:00-04:00,42.82344994786491,43.11527450624153,42.73365843476919,43.01800155639648,1030100,0.0,0.0
2007-09-17 00:00:00-04:00,42.74114623139791,43.06290229349063,42.63638897479491,42.74863052368164,886200,0.0,0.0
2007-09-18 00:00:00-04:00,42.711209672059454,43.96829937162764,42.47924517961868,43.841094970703125,1754000,0.0,0.0
2007-09-19 00:00:00-04:00,43.62409694358042,43.75878563767341,43.17513653288422,43.32479095458984,2749200,0.0,0.0
2007-09-20 00:00:00-04:00,43.78871509388557,43.98326383512699,43.32478897675557,43.422061920166016,2496900,0.0,0.0
2007-09-21 00:00:00-04:00,44.11047402269861,44.1852998079054,43.81864946420309,43.878509521484375,1312000,0.0,0.0
2007-09-24 00:00:00-04:00,43.70640432506988,43.94585024327606,43.48940556968913,43.5866813659668,816200,0.0,0.0
2007-09-25 00:00:00-04:00,43.43702745009895,43.71388626098633,43.33227021648862,43.71388626098633,1668900,0.0,0.0
2007-09-26 00:00:00-04:00,43.27989278264364,43.55675160109834,43.22751416440682,43.47444152832031,1173000,0.0,0.0
2007-09-27 00:00:00-04:00,42.9356908052325,43.302341143022815,42.853380730179786,43.2349967956543,991300,0.0,0.0
2007-09-28 00:00:00-04:00,43.63905831447488,43.90095138549805,43.21254511056836,43.90095138549805,1196100,0.0,0.0
2007-10-01 00:00:00-04:00,43.72137185480647,44.79139709472656,43.59416459990194,44.79139709472656,2131000,0.0,0.0
2007-10-02 00:00:00-04:00,44.0356425492578,44.290054198777845,43.930885314941406,43.930885314941406,2546000,0.0,0.0
2007-10-03 00:00:00-04:00,44.155369172753815,44.18530062916116,43.7887188222367,43.87102890014648,1389200,0.0,0.0
2007-10-04 00:00:00-04:00,43.40710567471852,43.53431295419445,43.070386735728334,43.31731414794922,1807800,0.0,0.0
2007-10-05 00:00:00-04:00,43.96081934584157,44.57439991516604,43.87102783322403,44.31998825073242,2770600,0.0,0.0
2007-10-08 00:00:00-04:00,41.805797868812974,42.2323110687892,41.75341925509101,42.17245101928711,5108400,0.0,0.0
2007-10-09 00:00:00-04:00,42.097623858571474,42.71120722750896,41.91804084937747,42.50168991088867,1890600,0.0,0.0
2007-10-10 00:00:00-04:00,42.12755566977593,42.25476291892205,41.79083395664855,42.06769561767578,1786000,0.0,0.0
2007-10-11 00:00:00-04:00,41.83572922341957,41.83572922341957,40.94528993779789,41.01263427734375,1910800,0.0,0.0
2007-10-12 00:00:00-04:00,41.93300931809336,42.09014517501914,41.63370047730273,41.79083633422852,1890700,0.0,0.0
2007-10-15 00:00:00-04:00,41.63369951746367,41.745941043777655,41.2894963565843,41.38677215576172,1711300,0.0,0.0
2007-10-16 00:00:00-04:00,41.19221795159785,41.37928524734027,40.88542770075709,40.9976692199707,1156800,0.0,0.0
2007-10-17 00:00:00-04:00,42.14251775780872,42.25475927063371,41.38676718197053,42.1275520324707,2952800,0.0,0.0
2007-10-18 00:00:00-04:00,40.97522336819071,41.10991206316863,40.64598592181175,40.91536331176758,3076500,0.0,0.0
2007-10-19 00:00:00-04:00,40.60108333881079,40.70584341885459,40.01743430781119,40.07729721069336,2445300,0.0,0.0
2007-10-22 00:00:00-04:00,39.70316738985765,40.30926365487606,39.6732359348289,40.12968063354492,1902000,0.0,0.0
2007-10-23 00:00:00-04:00,40.27184776420526,40.43646790018322,39.78547164668154,40.32422637939453,1768300,0.0,0.0
2007-10-24 00:00:00-04:00,39.44875002151775,40.16708771171825,39.26168273629343,40.02491760253906,2151900,0.0,0.0
2007-10-25 00:00:00-04:00,39.87526420943505,40.03988148357959,39.60588685520904,39.927642822265625,1774200,0.0,0.0
2007-10-26 00:00:00-04:00,39.86030422827199,40.26437031784396,39.822891335775495,40.18206024169922,1076000,0.0,0.0
2007-10-29 00:00:00-04:00,40.15213034174469,40.8555024529636,40.114717447798526,40.7208137512207,1449400,0.0,0.0
2007-10-30 00:00:00-04:00,40.354156167424186,40.54122345807443,40.27184610283082,40.28681182861328,864600,0.0,0.0
2007-10-31 00:00:00-04:00,40.0398943831275,40.78068234590675,39.950102854264365,40.61606216430664,1220300,0.0,0.0
2007-11-01 00:00:00-04:00,39.71813090553867,40.09226550930107,39.433787807441504,39.50861358642578,1794900,0.0,0.0
2007-11-02 00:00:00-04:00,39.56099001697714,39.99498750348636,39.34399412814288,39.845333099365234,1011900,0.0,0.0
2007-11-05 00:00:00-05:00,39.269167347106176,39.59092333206316,39.11951293594145,39.44126892089844,1192700,0.0,0.0
2007-11-06 00:00:00-05:00,39.95009049029546,40.09974489503232,39.67323169690549,40.05484771728516,993400,0.0,0.0
2007-11-07 00:00:00-05:00,40.54123026414883,40.63850607085534,39.78547668457031,39.78547668457031,1494400,0.0,0.0
2007-11-08 00:00:00-05:00,39.71813110141824,39.95009273006578,38.4236228541261,39.21678924560547,3473900,0.0,0.0
2007-11-09 00:00:00-05:00,39.254201374609245,39.254201374609245,38.49845074187207,38.57327651977539,1991200,0.0,0.0
2007-11-12 00:00:00-05:00,38.05697071355973,38.27396945946386,37.36856158796534,37.51073455810547,2277300,0.0,0.0
2007-11-13 00:00:00-05:00,38.13928336528674,38.47600223347369,37.839974533097696,38.40117645263672,1382800,0.0,0.0
2007-11-14 00:00:00-05:00,38.83517902027965,39.00728062210478,38.251527007110816,38.3113899230957,1193500,0.0,0.0
2007-11-15 00:00:00-05:00,38.01207984630993,38.21411289971922,37.57060084539796,37.892356872558594,1700000,0.0,0.0
2007-11-16 00:00:00-05:00,38.49096778413268,38.60320930929434,37.91480014018254,38.34131622314453,1736500,0.0,0.0
2007-11-19 00:00:00-05:00,38.35627194132698,38.61068354374164,37.76514153507471,37.9671745300293,1825900,0.0,0.0
2007-11-20 00:00:00-05:00,38.99979141212605,39.09706721112354,38.161730674972254,38.61069107055664,2436900,0.0,0.0
2007-11-21 00:00:00-05:00,38.66306702774166,38.83517145044075,38.333829617263326,38.52089691162109,1232000,0.0,0.0
2007-11-23 00:00:00-05:00,38.25900647396976,38.67803541533635,38.16921211131641,38.61069107055664,749000,0.0,0.0
2007-11-26 00:00:00-05:00,38.79026801180354,38.85761234108038,37.83248453268392,37.847450256347656,1357000,0.0,0.0
2007-11-27 00:00:00-05:00,37.97466475789378,38.1692135085901,37.74270026084525,38.07942199707031,2646200,0.0,0.0
2007-11-28 00:00:00-05:00,37.76515457819215,38.67804123379828,37.757670286301526,38.51342391967773,3113800,0.0,0.0
2007-11-29 00:00:00-05:00,38.53586747852738,38.715453359615154,38.42362594604492,38.42362594604492,1797800,0.0,0.0
2007-11-30 00:00:00-05:00,38.70048193168394,38.81272059321466,38.06445143199522,38.32634735107422,1185700,0.0,0.0
2007-12-03 00:00:00-05:00,39.14945282709223,39.23924435137598,38.71545808103648,38.77531814575195,2147300,0.0,0.0
2007-12-04 00:00:00-05:00,39.171891115578624,39.23175402114624,38.6181735111804,38.8651008605957,2290500,0.0,0.0
2007-12-05 00:00:00-05:00,39.20182356861039,39.26168647570543,38.887551869623,38.91748046875,1649800,0.0,0.0
2007-12-06 00:00:00-05:00,38.85014246858616,39.344002969491854,38.745385218486526,39.30658721923828,1558300,0.0,0.0
2007-12-07 00:00:00-05:00,39.35147994932943,39.35896138588009,38.96986388799124,39.17189407348633,1308400,0.0,0.0
2007-12-10 00:00:00-05:00,39.38889326663053,39.72561500346266,39.38889326663053,39.59840774536133,799800,0.0,0.0
2007-12-11 00:00:00-05:00,40.19702766858831,40.331716370805175,39.20182813047708,39.41134262084961,1625300,0.0,0.0
2007-12-12 00:00:00-05:00,39.83036621802202,40.00995206864161,39.097062798964224,39.43378448486328,3170800,0.0,0.0
2007-12-13 00:00:00-05:00,39.54602731881828,39.64330311710762,38.93244678392347,39.35147857666016,1440900,0.0,0.0
2007-12-14 00:00:00-05:00,38.55831632390597,38.797762272845965,38.16173450617801,38.259010314941406,1313900,0.0,0.0
2007-12-17 00:00:00-05:00,37.907319014864896,37.98214479597279,37.32366992984576,37.45087432861328,1984700,0.0,0.0
2007-12-18 00:00:00-05:00,38.26648679887841,38.4834855540238,37.690319166813325,38.19914245605469,1841900,0.0,0.0
2007-12-19 00:00:00-05:00,38.34131310647246,38.371241703584936,37.88486846106846,38.02703857421875,1366300,0.0,0.0
2007-12-20 00:00:00-05:00,38.34879850419249,38.49096863203124,38.01956106657718,38.38621139526367,1399600,0.0,0.0
2007-12-21 00:00:00-05:00,38.55083419591495,38.707970061886776,38.27397535761877,38.47600555419922,1282700,0.0,0.0
2007-12-24 00:00:00-05:00,38.48348482807371,38.909998039771416,38.46103766569608,38.8651008605957,190400,0.0,0.0
2007-12-26 00:00:00-05:00,38.43111389963424,39.08959172047991,38.43111389963424,38.87259292602539,267400,0.0,0.0
2007-12-27 00:00:00-05:00,39.044687410948775,39.06713457372199,38.348796820774254,38.49845123291016,973000,0.0,0.0
2007-12-28 00:00:00-05:00,38.79775937172087,38.9100009007027,38.56579773164206,38.66307067871094,298200,0.0,0.0
2007-12-31 00:00:00-05:00,38.46103839122273,38.52838273404645,37.97466226478244,38.19914245605469,947400,0.0,0.0
2008-01-02 00:00:00-05:00,38.75285245214989,38.8576096561377,37.682827546697695,37.95968627929688,3204100,0.0,0.0
2008-01-03 00:00:00-05:00,37.76514700334985,38.10935014633274,37.64542404690275,37.85493850708008,1761400,0.0,0.0
2008-01-04 00:00:00-05:00,37.50325500633157,37.8399767486544,36.92708732600602,37.05429458618164,3765500,0.0,0.0
2008-01-07 00:00:00-05:00,36.17881060256611,36.350915011067976,35.78222888465693,36.10398483276367,3728700,0.0,0.0
2008-01-08 00:00:00-05:00,36.05909820483832,36.62778449757941,35.72986072522363,35.7523078918457,4145900,0.0,0.0
2008-01-09 00:00:00-05:00,35.842101046234376,36.036649810647454,35.36320629071585,35.99175262451172,3729600,0.0,0.0
2008-01-10 00:00:00-05:00,36.00672063063616,36.90464442919803,35.85706618847233,36.67267990112305,3508200,0.0,0.0
2008-01-11 00:00:00-05:00,36.09651241045886,36.35092408749918,35.77475638201313,35.924407958984375,1994100,0.0,0.0
2008-01-14 00:00:00-05:00,37.151565228683765,38.722929335304805,36.58287906412467,37.43590545654297,8266600,0.0,0.0
2008-01-15 00:00:00-05:00,37.03185039633812,37.03185039633812,36.25364960810455,36.552955627441406,3520000,0.0,0.0
2008-01-16 00:00:00-05:00,37.091704330201885,37.41346031728417,36.50805526266681,37.03932571411133,3971400,0.0,0.0
2008-01-17 00:00:00-05:00,37.16653183729313,37.473324966404256,36.51553839673926,36.57540130615234,3859400,0.0,0.0
2008-01-18 00:00:00-05:00,37.46583120164516,37.59303842477114,36.478116281454746,36.74000930786133,3086000,0.0,0.0
2008-01-22 00:00:00-05:00,33.223158756565574,36.912126711066776,33.16329584119165,34.68976593017578,6104200,0.0,0.0
2008-01-23 00:00:00-05:00,32.4000513578476,34.562548593381365,32.17557119943324,34.36051559448242,9467800,0.0,0.0
2008-01-24 00:00:00-05:00,34.00135997332032,34.7945265524297,33.89660271567631,34.61494064331055,3503800,0.0,0.0
2008-01-25 00:00:00-05:00,35.03396161350588,35.03396161350588,34.03128083149285,34.2482795715332,1799500,0.0,0.0
2008-01-28 00:00:00-05:00,34.39045197665231,34.667313637684366,33.76939002080253,34.570037841796875,1416700,0.0,0.0
2008-01-29 00:00:00-05:00,34.75710842274627,35.90944379223928,34.427868114650686,35.60265350341797,3840800,0.0,0.0
2008-01-30 00:00:00-05:00,35.08634319696346,35.76726807158682,34.809484385370375,35.05641174316406,3774400,0.0,0.0
2008-01-31 00:00:00-05:00,34.60745577037937,36.06658150347413,34.60745577037937,35.699928283691406,2535300,0.0,0.0
2008-02-01 00:00:00-05:00,36.16385204584216,36.335953620452514,35.5278215089738,36.0291633605957,2230900,0.0,0.0
2008-02-04 00:00:00-05:00,35.98427219589769,36.09651373717238,35.69992905124385,35.84210205078125,1703200,0.0,0.0
2008-02-05 00:00:00-05:00,34.89928027983624,35.28089922770382,34.59248997587451,34.682281494140625,3232400,0.0,0.0
2008-02-06 00:00:00-05:00,35.61012665290385,35.69991814584204,34.966614768936594,35.01899337768555,3204300,0.0,0.0
2008-02-07 00:00:00-05:00,34.63738148573569,35.415582128297174,34.57003714446748,35.08634185791016,3061400,0.0,0.0
2008-02-08 00:00:00-05:00,35.228518236797306,35.669994361280246,35.08634525014077,35.46796417236328,2046100,0.0,0.0
2008-02-11 00:00:00-05:00,35.6999262352975,36.133923782610985,35.41558596749288,35.89447784423828,1625400,0.0,0.0
2008-02-12 00:00:00-05:00,36.44070650571493,36.66518666954238,35.90943611862525,36.10398483276367,2959000,0.0,0.0
2008-02-13 00:00:00-05:00,36.20876108113397,36.77744750640819,36.089038073879664,36.61282730102539,2333400,0.0,0.0
2008-02-14 00:00:00-05:00,36.59784888626916,36.70260612451303,36.0740598406291,36.19378280639648,1856200,0.0,0.0
2008-02-15 00:00:00-05:00,35.88699607112988,35.96930615342482,35.45300134778509,35.774757385253906,1828400,0.0,0.0
2008-02-19 00:00:00-05:00,36.67267047338663,36.777430554064544,36.05908998723196,36.12643432617188,2139100,0.0,0.0
2008-02-20 00:00:00-05:00,35.90196035523832,36.45568088830622,35.75230592567233,36.30602645874024,1494300,0.0,0.0
2008-02-21 00:00:00-05:00,36.90464337138554,36.90464337138554,36.18630549489448,36.26113128662109,1732900,0.0,0.0
2008-02-22 00:00:00-05:00,36.26112451489314,36.26860880532071,35.393132362624506,35.9543342590332,3055100,0.0,0.0
2008-02-25 00:00:00-05:00,35.56523753816026,36.02916654137552,35.378170220405295,35.89447784423828,1700200,0.0,0.0
2008-02-26 00:00:00-05:00,35.95433532301935,36.79988033786815,35.834612362419385,36.66519165039063,2026300,0.0,0.0
2008-02-27 00:00:00-05:00,36.46315712419129,36.96449896356283,36.365881330685696,36.8372917175293,1745200,0.0,0.0
2008-02-28 00:00:00-05:00,36.83729848368618,37.09919445977925,36.51554244596274,36.99443435668945,1645400,0.0,0.0
2008-02-29 00:00:00-05:00,36.2311915792942,36.2536415952377,35.355718026846425,35.475440979003906,1808700,0.0,0.0
2008-03-03 00:00:00-05:00,35.87201971921968,36.15636277719298,35.58019522617187,35.969295501708984,2518100,0.0,0.0
2008-03-04 00:00:00-05:00,35.602645243061865,35.97677979405955,35.3257836201411,35.81964111328125,2901600,0.0,0.0
2008-03-05 00:00:00-05:00,35.80468477343918,36.32847385300977,35.66999607142329,36.01420211791992,2105800,0.0,0.0
2008-03-06 00:00:00-05:00,36.20126481202405,36.32846920631259,35.73733585134466,35.87202453613281,1818900,0.0,0.0
2008-03-07 00:00:00-05:00,36.37336935601208,36.695125367675786,35.86454602847046,36.17881774902344,2134900,0.0,0.0
2008-03-10 00:00:00-04:00,36.88219396922016,37.016882669701005,36.30602627370117,36.44819641113281,2846000,0.0,0.0
2008-03-11 00:00:00-04:00,37.00939882843528,37.405983497750256,36.53050693397728,37.3835334777832,2275200,0.0,0.0
2008-03-12 00:00:00-04:00,36.80735578846407,37.14407745240002,36.66518568787781,36.702598571777344,2180800,0.0,0.0
2008-03-13 00:00:00-04:00,36.747504361262685,37.78759819140798,36.48560840371929,37.56311798095703,3327100,0.0,0.0
2008-03-14 00:00:00-04:00,37.23387891581314,37.33115472353829,35.91692621069934,36.51554107666016,2726700,0.0,0.0
2008-03-17 00:00:00-04:00,36.11146544534906,36.97197605057519,35.85705383762812,36.7100830078125,3594800,0.0,0.0
2008-03-18 00:00:00-04:00,36.82233150376132,37.458362120305296,36.754987152701865,37.3835334777832,4053000,0.0,0.0
2008-03-19 00:00:00-04:00,37.05429547102047,37.39849865831621,36.066580239567855,36.08902740478516,2396500,0.0,0.0
2008-03-20 00:00:00-04:00,36.35091943777414,36.92708421514084,36.074057776065416,36.8896713256836,2924700,0.0,0.0
2008-03-24 00:00:00-04:00,37.18149769484981,38.28893583308433,36.88967314649066,37.944732666015625,2276700,0.0,0.0
2008-03-25 00:00:00-04:00,38.124320928608114,38.61069425486673,37.95221933429315,38.47600555419922,2326100,0.0,0.0
2008-03-26 00:00:00-04:00,38.63313625485414,38.96985793662386,38.16920733578465,38.85761642456055,2909400,0.0,0.0
2008-03-27 00:00:00-04:00,37.03933015478369,37.09919306859019,36.373370938000974,36.51554107666016,5012100,0.0,0.0
2008-03-28 00:00:00-04:00,37.39850172087748,37.46584607646502,36.53799368217118,36.75498962402344,4266300,0.0,0.0
2008-03-31 00:00:00-04:00,37.04681195117249,37.2638107341948,36.88967608253738,37.09170913696289,2149600,0.0,0.0
2008-04-01 00:00:00-04:00,36.50057681228821,37.346121949985374,36.45568247955341,37.15157318115234,3656600,0.0,0.0
2008-04-02 00:00:00-04:00,36.91212463378906,37.25632781455591,36.72505731540437,36.91212463378906,2824000,0.0,0.0
2008-04-03 00:00:00-04:00,36.72505380901374,39.65826771110984,36.7175695185173,38.9399299621582,9809300,0.0,0.0
2008-04-04 00:00:00-04:00,39.08210369255046,39.34399965012495,38.745381949623685,39.23175811767578,8971200,0.0,0.0
2008-04-07 00:00:00-04:00,39.590926308729806,39.92764804556194,39.26917029958141,39.59840774536133,5399700,0.0,0.0
2008-04-08 00:00:00-04:00,39.24672380905832,39.47868545608669,39.17189516935502,39.38141250610352,2272500,0.0,0.0
2008-04-09 00:00:00-04:00,39.76303305462349,39.76303305462349,39.17189957931119,39.51610565185547,6354400,0.0,0.0
2008-04-10 00:00:00-04:00,39.47120069693364,39.65826799881484,39.20182332551743,39.50861358642578,2540400,0.0,0.0
2008-04-11 00:00:00-04:00,39.2841338844167,39.34399679188624,37.95221559184533,38.12431716918945,9693900,0.0,0.0
2008-04-14 00:00:00-04:00,38.25901095527357,38.29642385021771,37.54815453365139,37.73522186279297,5440800,0.0,0.0
2008-04-15 00:00:00-04:00,37.89983974901252,38.2590086568567,37.55563371471035,38.22159576416016,3650600,0.0,0.0
2008-04-16 00:00:00-04:00,38.52089737557698,38.97734203601473,38.32634864304667,38.947410583496094,2642000,0.0,0.0
2008-04-17 00:00:00-04:00,38.34880168730212,38.416146038588366,38.04949282504752,38.25152587890625,3950300,0.0,0.0
2008-04-18 00:00:00-04:00,38.73041992407608,38.90252438479588,38.49097396275421,38.87259292602539,1747700,0.0,0.0
2008-04-21 00:00:00-04:00,38.700492351252336,38.91000685938814,38.446080653764106,38.77531814575195,1575800,0.0,0.0
2008-04-22 00:00:00-04:00,38.378742974061815,38.54336032148524,38.07195259616439,38.2141227722168,2406400,0.0,0.0
2008-04-23 00:00:00-04:00,38.13927856856555,38.93992631139129,38.08689995768314,38.64810180664063,1686600,0.0,0.0
2008-04-24 00:00:00-04:00,38.31139230024269,39.03721164785895,38.08691206021271,38.69300842285156,2750200,0.0,0.0
2008-04-25 00:00:00-04:00,38.55830649248392,38.91747532431468,38.34131061900002,38.79775238037109,1936500,0.0,0.0
2008-04-28 00:00:00-04:00,38.26649273610704,38.51342298291327,38.09439113428191,38.3113899230957,2554600,0.0,0.0
2008-04-29 00:00:00-04:00,38.30390603402028,40.03240921657029,38.2215988053073,39.246726989746094,5114800,0.0,0.0
2008-04-30 00:00:00-04:00,37.35360295835567,39.0746246720907,37.21143281562648,37.585567474365234,10614400,0.0,0.0
2008-05-01 00:00:00-04:00,37.75766535507559,38.07193992175358,37.41346218800688,37.944732666015625,1790200,0.0,0.0
2008-05-02 00:00:00-04:00,37.81752500518701,37.91479794330896,37.188978780426375,37.42094039916992,2894400,0.0,0.0
2008-05-05 00:00:00-04:00,37.60053433056842,37.802567394875126,37.458364183576734,37.64543151855469,1503200,0.0,0.0
2008-05-06 00:00:00-04:00,37.20394725637103,37.78759634592317,37.07674000219495,37.66787338256836,2416400,0.0,0.0
2008-05-07 00:00:00-04:00,37.218913634913946,37.50325389384463,36.42574720479523,36.64274597167969,3727600,0.0,0.0
2008-05-08 00:00:00-04:00,36.71756878164565,36.95701469315751,36.612811552161766,36.68763732910156,1555500,0.0,0.0
2008-05-09 00:00:00-04:00,36.46315846866834,36.605328591787554,36.23867827527254,36.4556770324707,1129800,0.0,0.0
2008-05-12 00:00:00-04:00,36.87469784860205,37.44338392473816,36.64273627006907,37.33114242553711,2399200,0.0,0.0
2008-05-13 00:00:00-04:00,37.60052638567242,37.73521506675085,37.40597765434825,37.57807922363281,2325700,0.0,0.0
2008-05-14 00:00:00-04:00,37.510735227036186,37.97466132477104,37.48828521037033,37.49576950073242,2541500,0.0,0.0
2008-05-15 00:00:00-04:00,37.555634764055526,38.13180246182748,37.51074043333357,37.97466659545898,2604800,0.0,0.0
2008-05-16 00:00:00-04:00,38.45355536219533,38.65558839729447,38.131799364195295,38.6181755065918,2116800,0.0,0.0
2008-05-19 00:00:00-04:00,38.692995161222974,39.10454260262779,38.68551372603531,38.79775238037109,3482100,0.0,0.0
2008-05-20 00:00:00-04:00,39.36644047491142,39.50861058595268,39.00727162510698,39.50112915039063,3008500,0.0,0.0
2008-05-21 00:00:00-04:00,39.4487607789136,39.59841236436577,38.98483172986458,39.08210754394531,2810300,0.0,0.0
2008-05-22 00:00:00-04:00,39.29161384334023,39.56847549834651,39.2542009547887,39.45623397827149,1942900,0.0,0.0
2008-05-23 00:00:00-04:00,39.81540369209352,39.81540369209352,39.17937600994551,39.29909896850586,2805000,0.0,0.0
2008-05-27 00:00:00-04:00,39.27665445184111,39.50861609406746,39.09706857469168,39.388893127441406,1530200,0.0,0.0
2008-05-28 00:00:00-04:00,40.825566174089744,41.11739068818774,40.63101459507754,41.02011489868164,3130600,0.0,0.0
2008-05-29 00:00:00-04:00,40.77319195991496,41.53642406938744,40.77319195991496,41.30446243286133,2782400,0.0,0.0
2008-05-30 00:00:00-04:00,41.38718686742914,41.62247175744873,41.364418389300624,41.44031524658203,1477700,0.779,0.0
2008-06-02 00:00:00-04:00,41.03805869651717,41.12154698077348,40.62062017051528,40.833133697509766,1734000,0.0,0.0
2008-06-03 00:00:00-04:00,41.23539260273773,41.44031469371953,40.62061764395391,40.86349105834961,2560800,0.0,0.0
2008-06-04 00:00:00-04:00,41.30369218056295,41.30369218056295,40.83312536879375,41.0076904296875,1834500,0.0,0.0
2008-06-05 00:00:00-04:00,41.04564992375589,41.280931928867645,40.78759654423229,41.212623596191406,1917000,0.0,0.0
2008-06-06 00:00:00-04:00,40.70411428392578,41.022884620067984,40.55231764492852,40.64339447021485,1450500,0.0,0.0
2008-06-09 00:00:00-04:00,40.81795009580296,40.86348994549174,40.02102154556528,40.45363998413086,2412100,0.0,0.0
2008-06-10 00:00:00-04:00,40.225953195905205,40.726880044420376,40.15764485768587,40.54472351074219,1507600,0.0,0.0
2008-06-11 00:00:00-04:00,40.55231370092983,40.62062203707113,40.03620691570219,40.14246368408203,3113500,0.0,0.0
2008-06-12 00:00:00-04:00,39.94512865614088,40.25631042170229,39.80851198879395,40.07415390014648,2262500,0.0,0.0
2008-06-13 00:00:00-04:00,39.85404463409368,40.51435941989412,39.78573630781362,40.377742767333984,2177600,0.0,0.0
2008-06-16 00:00:00-04:00,40.20317533584012,40.529536998386014,40.04378732032572,40.400508880615234,1348300,0.0,0.0
2008-06-17 00:00:00-04:00,40.567491449979634,40.62820835920829,40.26389821799744,40.33979797363281,1187500,0.0,0.0
2008-06-18 00:00:00-04:00,40.157646181983495,40.22595452245547,39.94513263175068,40.11210632324219,1559700,0.0,0.0
2008-06-19 00:00:00-04:00,40.19559409499836,40.26390243458388,39.70225866046291,39.95272064208984,3076500,0.0,0.0
2008-06-20 00:00:00-04:00,39.641535465157816,39.67948389606989,39.079891738987776,39.23927688598633,1819300,0.0,0.0
2008-06-23 00:00:00-04:00,39.178553458119566,39.49732661792474,38.93568004840105,39.32276153564453,1793700,0.0,0.0
2008-06-24 00:00:00-04:00,39.239279777943054,39.70225819691939,39.00399485650002,39.33035659790039,1752100,0.0,0.0
2008-06-25 00:00:00-04:00,39.74020167360756,40.385333652027605,39.74020167360756,40.26389694213867,2405400,0.0,0.0
2008-06-26 00:00:00-04:00,40.005837695708266,40.187994181426525,39.54285940248352,39.573219299316406,4043500,0.0,0.0
2008-06-27 00:00:00-04:00,40.08174532348781,40.59785209006961,39.5125101746355,40.07415390014648,4244300,0.0,0.0
2008-06-30 00:00:00-04:00,39.98307546468419,40.0969236479471,39.482148669830586,39.55045700073242,1817600,0.0,0.0
2008-07-01 00:00:00-04:00,39.19373123554464,39.4062447334484,38.419571199250456,39.38347625732422,4532600,0.0,0.0
2008-07-02 00:00:00-04:00,39.34553164932983,39.73261025739168,38.920501717006616,39.01158142089844,3767400,0.0,0.0
2008-07-03 00:00:00-04:00,39.459377470505615,39.504914424447286,38.98121918716251,39.4973258972168,1563700,0.0,0.0
2008-07-07 00:00:00-04:00,39.6491283125111,40.56749369185321,39.63394836054514,39.77056503295898,5019100,0.0,0.0
2008-07-08 00:00:00-04:00,39.56563984869472,39.74779348091802,38.89773644155649,39.68707656860352,3261800,0.0,0.0
2008-07-09 00:00:00-04:00,39.82369162167362,39.89199995480073,38.920503339739625,39.07229995727539,2223300,0.0,0.0
2008-07-10 00:00:00-04:00,39.45178532692767,39.63394182520314,39.03434685017555,39.62635040283203,2314300,0.0,0.0
2008-07-11 00:00:00-04:00,39.21650839983892,39.46697327381092,38.541016435897326,39.37589645385742,4501300,0.0,0.0
2008-07-14 00:00:00-04:00,39.451795015613015,39.58841169905051,38.96604809462639,39.0191764831543,1886600,0.0,0.0
2008-07-15 00:00:00-04:00,39.42902466793644,39.7326150315491,38.9736347795976,39.24686813354492,2867500,0.0,0.0
2008-07-16 00:00:00-04:00,40.59785885006077,41.14432271516105,40.11210901012249,41.12914276123047,4049400,0.0,0.0
2008-07-17 00:00:00-04:00,41.45549037564996,42.19170196582912,41.34923362970228,42.0474967956543,2689900,0.0,0.0
2008-07-18 00:00:00-04:00,42.08545320934276,42.17653002383368,41.93365658833808,42.07786178588867,1991800,0.0,0.0
2008-07-21 00:00:00-04:00,42.58637582317792,42.58637582317792,42.10062900019278,42.46493911743164,1829700,0.0,0.0
2008-07-22 00:00:00-04:00,42.3131437812431,42.72299376116617,42.21447555008839,42.49530029296875,3840900,0.0,0.0
2008-07-23 00:00:00-04:00,41.84258033534904,42.15376210970863,41.66042380864305,41.81980895996094,2710700,0.0,0.0
2008-07-24 00:00:00-04:00,41.49345220049722,41.538992061444745,41.17468185970493,41.303707122802734,2950900,0.0,0.0
2008-07-25 00:00:00-04:00,40.73447357589896,41.10637521749806,40.53713996085143,40.99252700805664,2208800,0.0,0.0
2008-07-28 00:00:00-04:00,40.65098225456208,41.09118928342866,40.4384658208832,40.77241897583008,5241600,0.0,0.0
2008-07-29 00:00:00-04:00,43.36812486010391,45.0985986577523,43.31499648177467,44.7646484375,9593900,0.0,0.0
2008-07-30 00:00:00-04:00,44.172646477911215,44.36998004820989,43.702079583137774,44.03602981567383,3246000,0.0,0.0
2008-07-31 00:00:00-04:00,44.12710608201942,44.29408264387106,43.68689909433717,43.87664413452149,2856600,0.0,0.0
2008-08-01 00:00:00-04:00,44.04361670745583,44.1574648868513,43.68689800955702,43.92977142333984,2297000,0.0,0.0
2008-08-04 00:00:00-04:00,43.83868918126424,44.09674253036425,43.73243243080175,43.914588928222656,1684600,0.0,0.0
2008-08-05 00:00:00-04:00,43.97530946856288,44.453467780481134,43.70207904274629,44.29408264160156,1970200,0.0,0.0
2008-08-06 00:00:00-04:00,44.013269969115086,44.65081355283388,43.92219024624087,44.44588851928711,2323300,0.0,0.0
2008-08-07 00:00:00-04:00,44.41552044661437,44.49141730644372,44.05121030793025,44.2409553527832,1875600,0.0,0.0
2008-08-08 00:00:00-04:00,43.01899840729091,44.05121195308523,42.99622992754771,43.83869552612305,4231800,0.0,0.0
2008-08-11 00:00:00-04:00,43.755202678565695,43.99048464989472,43.36812121721918,43.55027770996094,2430100,0.0,0.0
2008-08-12 00:00:00-04:00,43.38330749584197,43.6565408271797,43.216330927740096,43.47438430786133,2359200,0.0,0.0
2008-08-13 00:00:00-04:00,43.20114592475564,43.64894429979992,43.10248059630538,43.489559173583984,922600,0.0,0.0
2008-08-14 00:00:00-04:00,43.436432072383816,43.92217888764135,43.39848364530671,43.51992034912109,1548900,0.0,0.0
2008-08-15 00:00:00-04:00,42.98104767183109,43.16320129057125,42.81407110858631,43.07212448120117,2272700,0.0,0.0
2008-08-18 00:00:00-04:00,42.897559572493975,43.05694471338877,42.54083796596596,42.6470947265625,1437000,0.0,0.0
2008-08-19 00:00:00-04:00,42.39662480944242,42.58636981636239,42.1385714842201,42.52565002441406,1105300,0.0,0.0
2008-08-20 00:00:00-04:00,42.12340452892288,42.52566314117797,41.98678785017966,42.30556106567383,1345500,0.0,0.0
2008-08-21 00:00:00-04:00,42.12340413214613,42.60915103186663,42.070275745944194,42.51048278808594,1238100,0.0,0.0
2008-08-22 00:00:00-04:00,42.41181381356223,42.8292523388654,42.3435054806741,42.59396743774414,2258500,0.0,0.0
2008-08-25 00:00:00-04:00,42.64709748083418,42.730585768203255,42.10063369171986,42.28278732299805,1060300,0.0,0.0
2008-08-26 00:00:00-04:00,42.184121979584845,42.63191752951555,42.03232535666473,42.32832717895508,1448200,0.0,0.0
2008-08-27 00:00:00-04:00,42.34349950734353,42.54842447709947,42.26001123500453,42.37385940551758,1528000,0.0,0.0
2008-08-28 00:00:00-04:00,42.79889315218604,43.08730643979048,42.722996290054205,42.83684158325195,1469600,0.0,0.0
2008-08-29 00:00:00-04:00,42.5636100769043,42.76853217858632,42.343505128840334,42.5636100769043,729800,0.0,0.0
2008-09-02 00:00:00-04:00,42.45734107005311,42.67744596964983,41.91846595334032,41.99436569213867,1443200,0.0,0.0
2008-09-03 00:00:00-04:00,42.23725071501911,42.53325253977423,42.13858247500747,42.44976425170898,1560400,0.0,0.0
2008-09-04 00:00:00-04:00,41.99437240245494,42.24483434231352,41.39477739889368,41.66801071166992,3402300,0.0,0.0
2008-09-05 00:00:00-04:00,40.87108157894044,41.18985476042943,40.53713134168116,41.13672637939453,3182800,0.0,0.0
2008-09-08 00:00:00-04:00,41.356838315057765,41.3644268442252,40.44606136511972,40.89385986328125,2090700,0.0,0.0
2008-09-09 00:00:00-04:00,39.98307344660476,40.38533198867914,39.69466018676758,39.69466018676758,2823600,0.0,0.0
2008-09-10 00:00:00-04:00,40.05138158510146,40.08933001233482,39.50491496804693,39.61117172241211,1500900,0.0,0.0
2008-09-11 00:00:00-04:00,38.791474720316906,40.1804068459679,38.624498166033405,40.11968994140625,4258200,0.0,0.0
2008-09-12 00:00:00-04:00,39.99825288252276,40.52953954530591,39.71743104894515,40.37015151977539,3029100,0.0,0.0
2008-09-15 00:00:00-04:00,40.8786701070041,41.36441692508145,40.27907511175513,41.00010681152344,5223700,0.0,0.0
2008-09-16 00:00:00-04:00,41.87294366955939,42.912748812548536,41.81222674833795,42.79890060424805,8463100,0.0,0.0
2008-09-17 00:00:00-04:00,41.95641702311674,42.24483025819524,40.992511994134766,41.493438720703125,4002800,0.0,0.0
2008-09-18 00:00:00-04:00,41.69837804544464,42.84443995843779,41.07601441008578,42.6395149230957,4606000,0.0,0.0
2008-09-19 00:00:00-04:00,43.60341153061648,44.92403541066488,43.14802168951598,44.1195182800293,4580800,0.0,0.0
2008-09-22 00:00:00-04:00,43.87663937530045,43.982896123033456,43.18596761975667,43.55027770996094,2028100,0.0,0.0
2008-09-23 00:00:00-04:00,43.57305328380477,43.884235050833546,42.96586970122175,43.345359802246094,2495300,0.0,0.0
2008-09-24 00:00:00-04:00,44.28649658803378,44.30926796440567,43.05694938930759,43.390899658203125,1803500,0.0,0.0
2008-09-25 00:00:00-04:00,44.1498791495597,44.30167577654173,43.52751558468525,43.70208358764648,1230400,0.0,0.0
2008-09-26 00:00:00-04:00,43.26187239917184,43.6413625079365,43.132847151926136,43.62618255615234,1600800,0.0,0.0
2008-09-29 00:00:00-04:00,42.67745558947543,42.91274048986683,40.55231164384088,41.212623596191406,3439600,0.0,0.0
2008-09-30 00:00:00-04:00,39.892002755237606,40.66616295326472,39.747794655579305,40.55231475830078,4514400,0.0,0.0
2008-10-01 00:00:00-04:00,39.36829503047033,40.11209514427311,38.80665140558703,39.35311508178711,4444400,0.0,0.0
2008-10-02 00:00:00-04:00,37.97936774403428,38.06285602453337,36.81053760760609,37.07617950439453,5223800,0.0,0.0
2008-10-03 00:00:00-04:00,35.60375941236635,36.628381476659975,34.64744567871094,34.64744567871094,4936300,0.0,0.0
2008-10-06 00:00:00-04:00,33.31163246030356,33.58486572948298,28.537647461742864,30.1163272857666,9701600,0.0,0.0
2008-10-07 00:00:00-04:00,28.423810478513605,29.83551418376081,27.550982047120595,27.75590705871582,7616800,0.0,0.0
2008-10-08 00:00:00-04:00,28.689449687473854,29.65335484544953,27.39159429885508,27.558570861816406,6799400,0.0,0.0
2008-10-09 00:00:00-04:00,27.437133583314484,28.12021398121407,26.29866335820234,26.38214874267578,3351100,0.0,0.0
2008-10-10 00:00:00-04:00,24.484698879261813,26.943795890826447,24.12039019468453,25.70665740966797,5710900,0.0,0.0
2008-10-13 00:00:00-04:00,27.573754872239057,29.524333953857425,27.406778284693832,29.524333953857425,3758800,0.0,0.0
2008-10-14 00:00:00-04:00,29.92659530352823,30.146700298949707,28.643919559840768,29.258691787719727,4690300,0.0,0.0
2008-10-15 00:00:00-04:00,27.338466218219928,27.4978513599121,25.41824730425716,25.600400924682617,2989600,0.0,0.0
2008-10-16 00:00:00-04:00,26.63261838733025,27.300521850585938,25.516916438921776,27.300521850585938,4207000,0.0,0.0
2008-10-17 00:00:00-04:00,27.58133906283766,28.27201089093936,26.95897556478028,27.20184898376465,2098800,0.0,0.0
2008-10-20 00:00:00-04:00,28.1278100933414,28.56042861938477,27.69519156729804,28.56042861938477,1671600,0.0,0.0
2008-10-21 00:00:00-04:00,26.52635763828588,27.70277632795117,26.518766215195622,26.898256301879883,1568300,0.0,0.0
2008-10-22 00:00:00-04:00,26.465640904989208,26.670565923005828,25.372710370847155,26.01025390625,2304500,0.0,0.0
2008-10-23 00:00:00-04:00,25.790141984447573,26.76922695265555,25.49414022551938,26.58707046508789,2611200,0.0,0.0
2008-10-24 00:00:00-04:00,23.179255226650195,25.34234756610161,23.08817696873865,24.71998405456543,2136300,0.0,0.0
2008-10-27 00:00:00-04:00,22.83012552352175,23.672594051772656,22.503763789239333,22.93638229370117,2834900,0.0,0.0
2008-10-28 00:00:00-04:00,23.0957693699366,24.40880486244003,22.2457108481603,24.31772804260254,3875700,0.0,0.0
2008-10-29 00:00:00-04:00,25.577630733932583,26.52635588804522,25.311985953613405,25.729427337646484,2667400,0.0,0.0
2008-10-30 00:00:00-04:00,26.56430897634061,26.70092565412704,25.858457106204025,26.6174373626709,2338400,0.0,0.0
2008-10-31 00:00:00-04:00,26.22276699716346,27.19426368368347,25.987484973192423,26.814773559570312,2006400,0.0,0.0
2008-11-03 00:00:00-05:00,26.81477396736687,27.62688261369712,26.807182543412427,27.118364334106445,3610200,0.0,0.0
2008-11-04 00:00:00-05:00,28.65149946024719,29.25109444845452,28.32513777781937,29.129657745361328,2864400,0.0,0.0
2008-11-05 00:00:00-05:00,29.13725085959044,29.501561026222003,27.71036720215693,27.75590705871582,3141400,0.0,0.0
2008-11-06 00:00:00-05:00,27.44472595464077,27.619291066173,25.683891991477527,25.92676544189453,3128000,0.0,0.0
2008-11-07 00:00:00-05:00,26.73887295071989,27.5206216551443,26.458051078448563,27.1790828704834,3875900,0.0,0.0
2008-11-10 00:00:00-05:00,28.11262696204107,28.17334387175952,26.89825691959578,27.33087539672852,1450600,0.0,0.0
2008-11-11 00:00:00-05:00,26.700925535071303,26.746465392557024,25.668711927634064,26.07097053527832,2101800,0.0,0.0
2008-11-12 00:00:00-05:00,26.26830253031541,26.397327761540613,25.53968230682396,25.729427337646484,4419200,0.0,0.0
2008-11-13 00:00:00-05:00,25.600402579710856,27.695189616985665,24.96285907644632,27.550981521606445,4306500,0.0,0.0
2008-11-14 00:00:00-05:00,26.958977307161128,27.77108589724225,26.640204114591867,26.74646377563477,4642200,0.0,0.0
2008-11-17 00:00:00-05:00,26.017840554518006,26.34420227496282,25.403068440180338,25.59281349182129,2983300,0.0,0.0
2008-11-18 00:00:00-05:00,25.45619592402733,25.668709447870736,24.499879276172777,25.220911026000977,2904100,0.0,0.0
2008-11-19 00:00:00-05:00,25.22850248492892,25.56245272219632,23.86233729083929,23.900285720825195,2528100,0.0,0.0
2008-11-20 00:00:00-05:00,23.48284903879777,24.12039255642232,22.38232711137351,22.54171371459961,3520900,0.0,0.0
2008-11-21 00:00:00-05:00,23.892694374954164,23.892694374954164,22.291247269633867,23.642230987548828,4259200,0.0,0.0
2008-11-24 00:00:00-05:00,25.03116369275889,26.3745588355575,24.85659861480599,26.12409400939941,3111600,0.0,0.0
2008-11-25 00:00:00-05:00,27.96841973700314,27.96841973700314,26.389742396908467,26.96656608581543,5211000,0.0,0.0
2008-11-26 00:00:00-05:00,26.017840988771106,27.26256808506623,26.010252460501885,27.0500545501709,2596800,0.0,0.0
2008-11-28 00:00:00-05:00,25.65352579241389,25.99506740304255,25.40306387480567,25.91157913208008,1244800,0.0,0.0
2008-12-01 00:00:00-05:00,25.266448644914288,25.304397071490808,24.340491980994504,24.446748733520508,2024600,0.0,0.0
2008-12-02 00:00:00-05:00,24.826238111073835,25.289216430375504,24.39361969031506,25.084291458129883,1559700,0.0,0.0
2008-12-03 00:00:00-05:00,24.27218544403925,26.154455914706155,24.27218544403925,25.97989082336425,2622800,0.0,0.0
2008-12-04 00:00:00-05:00,25.06911386870319,25.7370172231226,24.60613550581973,25.0159854888916,2105100,0.0,0.0
2008-12-05 00:00:00-05:00,24.795880021328102,25.987481516187188,24.006541420947887,25.737016677856445,2429400,0.0,0.0
2008-12-08 00:00:00-05:00,26.46564107860449,27.36882944859676,26.35179577581283,26.693334579467773,3153000,0.0,0.0
2008-12-09 00:00:00-05:00,26.222761135732995,27.54338774637749,26.025427589226187,26.87548446655273,4356900,0.0,0.0
2008-12-10 00:00:00-05:00,27.012102178423085,27.012102178423085,25.866043488464456,26.404918670654297,5393800,0.0,0.0
2008-12-11 00:00:00-05:00,25.737013444877206,26.02542667528587,25.205726829475704,25.334754943847656,2188500,0.0,0.0
2008-12-12 00:00:00-05:00,25.01598725872033,25.782558899285835,24.818653676213422,25.668710708618164,2762000,0.0,0.0
2008-12-15 00:00:00-05:00,26.11650979969179,26.16963818457871,25.258861322506075,25.638351440429688,2407800,0.0,0.0
2008-12-16 00:00:00-05:00,26.4732332706701,27.67242062082365,26.30625668072871,27.528215408325195,3814900,0.0,0.0
2008-12-17 00:00:00-05:00,26.41250837664452,26.936206527882955,26.22276334104322,26.533945083618164,3246000,0.0,0.0
2008-12-18 00:00:00-05:00,27.14113143711613,27.17149134083231,26.05579238442044,26.215177536010746,3869900,0.0,0.0
2008-12-19 00:00:00-05:00,26.564310322637144,26.670567100682884,26.00266363046388,26.1848201751709,2478300,0.0,0.0
2008-12-22 00:00:00-05:00,26.3517937747508,26.359382302915343,25.433425521734627,25.820507049560547,1789300,0.0,0.0
2008-12-23 00:00:00-05:00,25.866047759800885,26.03302144246057,25.27404120859711,25.45619773864746,946100,0.0,0.0
2008-12-24 00:00:00-05:00,25.72183873593174,25.828095501600668,25.38029706393896,25.54727363586425,487100,0.0,0.0
2008-12-26 00:00:00-05:00,25.46379120275813,25.84328139324717,25.46379120275813,25.676307678222656,778100,0.0,0.0
2008-12-29 00:00:00-05:00,26.29866721832241,26.306255747014024,25.79014893758664,25.96471405029297,1570100,0.0,0.0
2008-12-30 00:00:00-05:00,26.62503094351083,27.171494803646187,26.37456604885201,27.15631484985352,1452700,0.0,0.0
2008-12-31 00:00:00-05:00,27.04246081165133,27.74072108907688,26.69332777765936,27.490259170532227,2110700,0.0,0.0
2009-01-02 00:00:00-05:00,27.05764123026803,27.869749690853464,27.027281331953983,27.79384994506836,2386100,0.0,0.0
2009-01-05 00:00:00-05:00,26.860309670372253,27.353647974199088,26.829949766538032,27.088003158569336,2030300,0.0,0.0
2009-01-06 00:00:00-05:00,27.05004933845848,27.771080986863872,26.78440747102033,27.490259170532227,3153300,0.0,0.0
2009-01-07 00:00:00-05:00,27.83939598689697,27.96083271189396,27.452314435464164,27.725547790527344,3694500,0.0,0.0
2009-01-08 00:00:00-05:00,27.88493122068652,28.58319154981529,27.47508125605212,28.55283164978028,3120400,0.0,0.0
2009-01-09 00:00:00-05:00,28.11262667012061,28.347908673845986,27.79385348774997,27.99118995666504,2892300,0.0,0.0
2009-01-12 00:00:00-05:00,27.831802515491905,27.90770227258125,26.64020383434621,26.80718040466309,4206900,0.0,0.0
2009-01-13 00:00:00-05:00,27.186668677891426,27.816623590654515,27.019692118791905,27.54339027404785,3186400,0.0,0.0
2009-01-14 00:00:00-05:00,26.503591928170948,26.73887687449676,25.58522641700539,26.025436401367188,3801700,0.0,0.0
2009-01-15 00:00:00-05:00,25.87363495191481,26.564306813248063,25.42583652125172,26.260713577270508,3023500,0.0,0.0
2009-01-16 00:00:00-05:00,27.38400945429805,27.497854757309803,26.65538619673503,27.012107849121094,5314500,0.0,0.0
2009-01-20 00:00:00-05:00,25.433423450814534,25.926761704452424,25.182961507862007,25.274038314819336,3947400,0.0,0.0
2009-01-21 00:00:00-05:00,26.108915113871188,26.678150156511293,25.75978208730644,26.58707046508789,3647900,0.0,0.0
2009-01-22 00:00:00-05:00,26.245534273923347,26.96656308089182,26.162045996414303,26.64779281616211,4158600,0.0,0.0
2009-01-23 00:00:00-05:00,25.07670316079712,26.010248334946343,24.909726612561222,25.63075828552246,3688000,0.0,0.0
2009-01-26 00:00:00-05:00,25.33476142611467,26.32143516701278,25.33476142611467,25.850868225097656,1948400,0.0,0.0
2009-01-27 00:00:00-05:00,26.15445555651992,26.473228728507017,25.88122223632512,26.36697196960449,2361500,0.0,0.0
2009-01-28 00:00:00-05:00,28.0367308118303,28.11263057784004,27.285341947654096,27.528215408325195,4757600,0.0,0.0
2009-01-29 00:00:00-05:00,27.672417991864727,27.702777895384344,27.16390263667004,27.28533935546875,4379300,0.0,0.0
2009-01-30 00:00:00-05:00,27.61928702615516,27.65723545436692,26.5718936148896,26.852718353271484,2238400,0.0,0.0
2009-02-02 00:00:00-05:00,26.58708240889738,27.13354922181244,26.58708240889738,27.01970100402832,1883000,0.0,0.0
2009-02-03 00:00:00-05:00,27.262567323359807,27.90011080551284,27.019693891613866,27.733137130737305,1828600,0.0,0.0
2009-02-04 00:00:00-05:00,27.588920651354687,28.26441525423964,27.171482248424027,27.44471549987793,2524800,0.0,0.0
2009-02-05 00:00:00-05:00,28.112631398538188,28.697046585113988,27.60411308490777,28.49971008300781,3591500,0.0,0.0
2009-02-06 00:00:00-05:00,28.423806266625608,29.20555486906001,28.423806266625608,29.023401260375977,1926500,0.0,0.0
2009-02-09 00:00:00-05:00,29.425664552808744,29.630589567135576,29.175199681315988,29.30422782897949,1911900,0.0,0.0
2009-02-10 00:00:00-05:00,28.79570971330493,29.0309946336826,27.839395869883244,28.006372451782227,2385100,0.0,0.0
2009-02-11 00:00:00-05:00,28.416215628387828,28.53765233595566,27.786263612654544,28.19611358642578,1569300,0.0,0.0
2009-02-12 00:00:00-05:00,27.550981485872445,28.013959884643555,27.17149137478528,28.013959884643555,2583600,0.0,0.0
2009-02-13 00:00:00-05:00,27.945655857788665,28.29478611895425,27.74832224351949,28.173349380493164,2483400,0.0,0.0
2009-02-17 00:00:00-05:00,27.20185081710795,27.368827389643368,26.799592232668687,26.974157333374023,2265900,0.0,0.0
2009-02-18 00:00:00-05:00,26.716101143644103,26.936206076117152,26.336611078806207,26.64779281616211,2497000,0.0,0.0
2009-02-19 00:00:00-05:00,26.473228068164044,26.640201730011825,25.759784884278176,25.8432731628418,2824000,0.0,0.0
2009-02-20 00:00:00-05:00,24.65167764845146,25.661122749224173,24.65167764845146,25.45619773864746,2906100,0.0,0.0
2009-02-23 00:00:00-05:00,25.82809103333505,25.83568245544364,24.84141751460153,24.97044563293457,1905800,0.0,0.0
2009-02-24 00:00:00-05:00,25.213323532424475,26.15445737257774,25.09188681449245,26.002660751342773,1934000,0.0,0.0
2009-02-25 00:00:00-05:00,25.653531257770027,25.71425106605304,24.864191121769764,25.228504180908203,1958800,0.0,0.0
2009-02-26 00:00:00-05:00,25.27403998930568,25.36511680229713,24.545419694814623,24.590959548950195,2110100,0.0,0.0
2009-02-27 00:00:00-05:00,24.26459855641449,24.90214354261056,24.03690505591873,24.39362525939941,2364600,0.0,0.0
2009-03-02 00:00:00-05:00,24.310133988480644,24.568187362833505,24.01413218457463,24.05208206176757,1928500,0.0,0.0
2009-03-03 00:00:00-05:00,24.773116675524136,24.92491331547948,24.264599813605816,24.469526290893555,1700000,0.0,0.0
2009-03-04 00:00:00-05:00,24.83383708092463,25.37271241508089,24.37085862091314,25.129838943481445,2112600,0.0,0.0
2009-03-05 00:00:00-05:00,24.689624346894185,25.07670586033272,24.203877494585107,24.38603401184082,1706600,0.0,0.0
2009-03-06 00:00:00-05:00,24.56059984681317,24.674445140162504,23.69536143048766,24.143159866333008,3269200,0.0,0.0
2009-03-09 00:00:00-04:00,23.627051677625225,24.73516346089249,23.627051677625225,24.12038993835449,2628300,0.0,0.0
2009-03-10 00:00:00-04:00,25.16778450488276,26.033021510503826,25.129836072146365,25.638351440429688,2930900,0.0,0.0
2009-03-11 00:00:00-04:00,25.74460483856448,26.06337800141773,25.3954746706657,25.61557960510254,3813300,0.0,0.0
2009-03-12 00:00:00-04:00,25.37270601387695,25.66870780175636,25.015984425776416,25.5776309967041,4564000,0.0,0.0
2009-03-13 00:00:00-04:00,25.26645015462425,25.60040038184279,25.06152516453122,25.44101524353028,1427600,0.0,0.0
2009-03-16 00:00:00-04:00,26.146865909819027,26.275891141455872,25.47896258851462,25.539682388305664,2848200,0.0,0.0
2009-03-17 00:00:00-04:00,25.77496547334433,26.351792014837528,25.5245035267251,26.32143211364746,2542100,0.0,0.0
2009-03-18 00:00:00-04:00,26.344199807776658,27.884931451598856,26.215174574478542,27.520618438720703,2892600,0.0,0.0
2009-03-19 00:00:00-04:00,28.689447677388863,28.871604178336828,28.4541656954603,28.62873077392578,4777800,0.0,0.0
2009-03-20 00:00:00-04:00,28.3479135771153,28.47694173607432,27.209443105821027,27.391599655151367,3645000,0.0,0.0
2009-03-23 00:00:00-04:00,27.755912825294924,28.484533309936523,27.361242672293947,28.484533309936523,2975800,0.0,0.0
2009-03-24 00:00:00-04:00,28.2720153189386,28.50730024711513,27.733140017122672,27.8697566986084,1780600,0.0,0.0
2009-03-25 00:00:00-04:00,28.29478467165245,28.75776311812867,27.588932760677256,28.105039596557617,2214700,0.0,0.0
2009-03-26 00:00:00-04:00,27.953246553769983,28.93232896540176,27.771090003187243,28.66668701171875,1724800,0.0,0.0
2009-03-27 00:00:00-04:00,26.92861712072635,27.254978838011315,26.73887207092252,26.80718040466309,3533400,0.0,0.0
2009-03-30 00:00:00-04:00,26.169639757551632,26.374564780981345,25.835689476006912,26.25312805175781,1869000,0.0,0.0
2009-03-31 00:00:00-04:00,26.65538424241071,27.29292773648485,26.503587620911205,26.784412384033203,1718500,0.0,0.0
2009-04-01 00:00:00-04:00,26.450460894831505,27.30052087037413,26.344204121708657,27.118364334106445,1997500,0.0,0.0
2009-04-02 00:00:00-04:00,27.7027766764782,28.514885240577247,27.4674917774732,27.99118995666504,2462500,0.0,0.0
2009-04-03 00:00:00-04:00,27.62688024832905,28.40862892246933,27.611700296999764,28.385860443115234,2227200,0.0,0.0
2009-04-06 00:00:00-04:00,27.98359843776575,28.24924323804596,27.78626486480526,28.18093490600586,2273600,0.0,0.0
2009-04-07 00:00:00-04:00,27.93805802293648,28.13539157147937,27.710361680791014,27.83938980102539,2485600,0.0,0.0
2009-04-08 00:00:00-04:00,28.492112148427665,29.091707090719087,28.30995566009741,28.772933959960938,1781200,0.0,0.0
2009-04-09 00:00:00-04:00,29.357356391340808,29.47120458730069,28.86401806922117,29.2966365814209,1779700,0.0,0.0
2009-04-13 00:00:00-04:00,28.8943724481653,29.80514915581968,28.605959196764225,29.61540412902832,1189800,0.0,0.0
2009-04-14 00:00:00-04:00,29.07653324730025,29.56228012446791,29.03858192010672,29.35735511779785,1161200,0.0,0.0
2009-04-15 00:00:00-04:00,29.106888805390646,29.75202369689941,28.993043515321773,29.75202369689941,1848400,0.0,0.0
2009-04-16 00:00:00-04:00,29.15242776177609,30.35920632917185,29.14483923411679,29.79755973815918,2217700,0.0,0.0
2009-04-17 00:00:00-04:00,29.182794911157963,29.53192517579049,28.947509961368084,29.258691787719727,1620300,0.0,0.0
2009-04-20 00:00:00-04:00,28.7198121506565,28.76535200696598,28.37827046653499,28.45417022705078,1897000,0.0,0.0
2009-04-21 00:00:00-04:00,28.38586360545194,29.15243241366279,28.35550369941112,29.061355590820312,1626200,0.0,0.0
2009-04-22 00:00:00-04:00,29.02340549244131,29.729254448114983,28.939917203254147,29.32699584960937,1800300,0.0,0.0
2009-04-23 00:00:00-04:00,30.35921401115659,30.53377914428711,29.8810555798024,30.53377914428711,3247700,0.0,0.0
2009-04-24 00:00:00-04:00,31.04988031739008,31.57357562069946,30.807006881483137,31.5432186126709,2481300,0.0,0.0
2009-04-27 00:00:00-04:00,30.594489940278617,31.14095366254652,30.154280077192297,30.27571678161621,2485900,0.0,0.0
2009-04-28 00:00:00-04:00,29.569864698519112,30.807003101374427,29.531916271679982,30.61725807189941,5605300,0.0,0.0
2009-04-29 00:00:00-04:00,29.258688435627327,29.979720261478363,29.07653479463586,29.190380096435547,7504800,0.0,0.0
2009-04-30 00:00:00-04:00,29.16760881454096,29.395302291557776,28.803298672258126,28.909555435180664,3614300,0.0,0.0
2009-05-01 00:00:00-04:00,28.90955545208883,28.90955545208883,28.256832027720467,28.492116928100582,2689700,0.0,0.0
2009-05-04 00:00:00-04:00,29.09171514195221,29.85828394081118,29.07653518911699,29.630590438842773,2832300,0.0,0.0
2009-05-05 00:00:00-04:00,29.023404968876967,29.266278408342064,28.60596353047153,29.213150024414062,3051000,0.0,0.0
2009-05-06 00:00:00-04:00,29.00822720599226,29.12207251073754,28.514888866256065,29.01581573486328,1655400,0.0,0.0
2009-05-07 00:00:00-04:00,29.06135855873853,29.16761534545299,28.15817008110501,28.461763381958008,2703700,0.0,0.0
2009-05-08 00:00:00-04:00,29.554686319148168,29.91899644766469,29.160016289435383,29.79755973815918,3012700,0.0,0.0
2009-05-11 00:00:00-04:00,30.13909823737108,30.677973398507305,29.79755662282021,30.32125473022461,3619900,0.0,0.0
2009-05-12 00:00:00-04:00,30.6628010257699,30.6628010257699,30.07838592838345,30.374387741088867,1532200,0.0,0.0
2009-05-13 00:00:00-04:00,30.88290508676962,30.90567646288045,30.419929569954054,30.556543350219727,3159200,0.0,0.0
2009-05-14 00:00:00-04:00,30.70075260594909,30.98157449613474,30.6324442656034,30.776649475097656,2613200,0.0,0.0
2009-05-15 00:00:00-04:00,30.255663485081264,30.780506852497776,30.15532500311587,30.29425430297852,2245200,0.675,0.0
2009-05-18 00:00:00-04:00,31.35937786515928,31.529178052285207,31.26675636931895,31.49058723449707,3711600,0.0,0.0
2009-05-19 00:00:00-04:00,31.652668249116928,31.992274488489063,31.475148144122613,31.73756980895996,2401500,0.0,0.0
2009-05-20 00:00:00-04:00,31.96911747036324,32.31644069315735,31.691261836418388,31.791597366333008,1936900,0.0,0.0
2009-05-21 00:00:00-04:00,31.5291809083032,31.853350284527338,31.421125430992124,31.830196380615234,1704500,0.0,0.0
2009-05-22 00:00:00-04:00,32.10805344004285,32.47853358430083,31.830197748285965,32.192955017089844,2167600,0.0,0.0
2009-05-26 00:00:00-04:00,31.89193328345181,33.07282920197745,31.88421629880422,33.00336456298828,2050400,0.0,0.0
2009-05-27 00:00:00-04:00,32.53255909766185,32.64061457221689,31.93825104331829,31.9691219329834,2322500,0.0,0.0
2009-05-28 00:00:00-04:00,32.59430740405378,32.856729132943244,32.14664853964892,32.76411056518555,1541900,0.0,0.0
2009-05-29 00:00:00-04:00,33.15002216147798,33.4587516784668,32.85672661769128,33.4587516784668,1912000,0.0,0.0
2009-06-01 00:00:00-04:00,33.68257570848109,34.16882820550218,33.6285479803999,33.91412353515625,2764500,0.0,0.0
2009-06-02 00:00:00-04:00,34.16883178832547,34.74770288785693,34.09164720848021,34.631927490234375,2795000,0.0,0.0
2009-06-03 00:00:00-04:00,33.744333267361306,34.0144719870331,33.64399476678697,33.94500732421875,1569400,0.0,0.0
2009-06-04 00:00:00-04:00,33.281234038550274,33.489628023892045,32.87216599933745,33.43560028076172,3110500,0.0,0.0
2009-06-05 00:00:00-04:00,33.011093401694794,33.103711963914904,32.43222223530983,32.625179290771484,2835200,0.0,0.0
2009-06-08 00:00:00-04:00,32.36276061687676,33.088278153603824,32.223831288353736,32.84129333496094,1887200,0.0,0.0
2009-06-09 00:00:00-04:00,32.84900479321654,33.250355756054454,32.779540146873615,33.049678802490234,1030500,0.0,0.0
2009-06-10 00:00:00-04:00,32.779537345317,32.810408228827235,32.04630012865139,32.45536804199219,2481200,0.0,0.0
2009-06-11 00:00:00-04:00,32.301010087662945,32.84129043484291,32.270139196277164,32.57115173339844,1929700,0.0,0.0
2009-06-12 00:00:00-04:00,31.698982042067207,32.069459202588526,31.660391223234083,32.02315139770508,1929300,0.0,0.0
2009-06-15 00:00:00-04:00,31.452004543785247,31.4828783837097,30.74192389127133,31.0506534576416,1988900,0.0,0.0
2009-06-16 00:00:00-04:00,31.35165737007,31.39796811715564,30.649293899536133,30.649293899536133,1505000,0.0,0.0
2009-06-17 00:00:00-04:00,31.081525160210155,31.189580648223767,30.70332800787129,30.965749740600582,3109900,0.0,0.0
2009-06-18 00:00:00-04:00,30.91943465754288,31.228164130085865,30.819096180428403,30.85768699645996,1754700,0.0,0.0
2009-06-19 00:00:00-04:00,31.089237750110247,31.235886986778457,30.89628070758118,30.927154541015625,1231200,0.0,0.0
2009-06-22 00:00:00-04:00,30.410026707220705,30.479491350313523,30.07042047686009,30.085857391357425,1721300,0.0,0.0
2009-06-23 00:00:00-04:00,30.371434915602112,30.70332123806091,30.178477888325627,30.55667495727539,1289100,0.0,0.0
2009-06-24 00:00:00-04:00,30.88084606073474,31.452000244090947,30.64158119475785,30.819101333618164,2306700,0.0,0.0
2009-06-25 00:00:00-04:00,30.40231924350464,31.05837512933328,30.39460225523701,30.904008865356445,2206200,0.0,0.0
2009-06-26 00:00:00-04:00,30.74191450116652,30.88084084980872,30.433182084807,30.657012939453125,1251700,0.0,0.0
2009-06-29 00:00:00-04:00,30.857688190043792,31.39796846825537,30.73419580739177,31.34394073486328,1795200,0.0,0.0
2009-06-30 00:00:00-04:00,31.289920884632693,31.44428713791131,30.84225904455384,31.019779205322266,1319600,0.0,0.0
2009-07-01 00:00:00-04:00,31.120117745099343,31.45972114724479,31.058373010296258,31.15870857238769,1259900,0.0,0.0
2009-07-02 00:00:00-04:00,30.64157629984891,30.64929328539658,30.255662248073207,30.4100284576416,1194600,0.0,0.0
2009-07-06 00:00:00-04:00,29.831160038160995,30.10129872075917,29.69994771783416,30.062707901000977,1007500,0.0,0.0
2009-07-07 00:00:00-04:00,29.838872759528595,29.869746588638687,29.15966324055863,29.229127883911133,1382400,0.0,0.0
2009-07-08 00:00:00-04:00,30.047274942219897,30.232512079175937,29.6536408736787,30.0704288482666,1757600,0.0,0.0
2009-07-09 00:00:00-04:00,31.25133005738589,31.367102539126304,30.819105137064035,31.019779205322266,1910600,0.0,0.0
2009-07-10 00:00:00-04:00,30.7341997205796,31.189578491643864,30.6261442400374,30.88084602355957,1348400,0.0,0.0
2009-07-13 00:00:00-04:00,31.18186312917947,31.729860491498563,31.01205996845872,31.67583274841309,1050100,0.0,0.0
2009-07-14 00:00:00-04:00,31.24360242962622,31.482870210487647,31.01977156471946,31.289913177490234,1001500,0.0,0.0
2009-07-15 00:00:00-04:00,32.17751506984538,32.64833072057143,32.03858576490028,32.58658599853516,1301900,0.0,0.0
2009-07-16 00:00:00-04:00,32.625175610596656,32.97249886010719,32.378190843009314,32.90303421020508,989300,0.0,0.0
2009-07-17 00:00:00-04:00,32.85672044968213,33.17316983815769,32.69463726286815,33.0882682800293,892300,0.0,0.0
2009-07-20 00:00:00-04:00,33.31981990208861,33.489623037668565,33.02652732427509,33.42015838623047,911500,0.0,0.0
2009-07-21 00:00:00-04:00,33.57452287619848,33.906409199943226,32.80269476410196,33.89868927001953,2292900,0.0,0.0
2009-07-22 00:00:00-04:00,33.94500113877601,34.400379857737576,33.8369456705971,34.24601364135742,1938900,0.0,0.0
2009-07-23 00:00:00-04:00,33.9990328604276,35.03328280389828,33.9990328604276,34.801734924316406,2685000,0.0,0.0
2009-07-24 00:00:00-04:00,34.62420835356505,34.86347317549574,34.30775895658375,34.81716537475586,993700,0.0,0.0
2009-07-27 00:00:00-04:00,34.72455295155664,35.05643637777467,34.40810349877953,34.848045349121094,824900,0.0,0.0
2009-07-28 00:00:00-04:00,34.33091866651268,34.655088048001,33.95272448978246,34.35407257080078,2809000,0.0,0.0
2009-07-29 00:00:00-04:00,34.68596006227316,34.80173547604506,34.36179361457757,34.639652252197266,1840300,0.0,0.0
2009-07-30 00:00:00-04:00,35.3574511577304,36.160150253876246,35.21080191432331,35.67390060424805,1918100,0.0,0.0
2009-07-31 00:00:00-04:00,35.99806782757622,36.63096673450514,35.951760018570845,36.4688835144043,1638300,0.0,0.0
2009-08-03 00:00:00-04:00,36.569221207166095,37.07090777425124,36.360827238331,37.01688003540039,1476600,0.0,0.0
2009-08-04 00:00:00-04:00,37.22526751372247,37.41050754626374,37.02459351073567,37.30245208740234,1104500,0.0,0.0
2009-08-05 00:00:00-04:00,37.163531796611096,37.18668570217556,36.56922368469701,36.99372863769531,646100,0.0,0.0
2009-08-06 00:00:00-04:00,37.2098397041046,37.2098397041046,36.42257452567145,36.661842346191406,837900,0.0,0.0
2009-08-07 00:00:00-04:00,36.87795116184295,36.99372657178208,36.57693862915039,36.57693862915039,591600,0.0,0.0
2009-08-10 00:00:00-04:00,36.45344293010155,36.53834449712657,36.19102124306544,36.47659683227539,450400,0.0,0.0
2009-08-11 00:00:00-04:00,36.08296850307376,36.19874391128128,35.843700700113985,36.06753158569336,583400,0.0,0.0
2009-08-12 00:00:00-04:00,35.959472297545304,36.54606037438256,35.951755311818374,36.337669372558594,724400,0.0,0.0
2009-08-13 00:00:00-04:00,36.60008574537864,36.6541164191428,36.36082092750651,36.63867950439453,523600,0.0,0.0
2009-08-14 00:00:00-04:00,36.39170308073987,36.42257397300697,35.95176121480441,36.21417999267578,648300,0.0,0.0
2009-08-17 00:00:00-04:00,35.426905418756334,35.58898858773932,35.24166540828287,35.411468505859375,941300,0.0,0.0
2009-08-18 00:00:00-04:00,35.17992314273254,35.635298855494014,35.1567662996348,35.51180648803711,457600,0.0,0.0
2009-08-19 00:00:00-04:00,35.32657139217312,36.08296255334552,35.264823732833115,35.92087936401367,451800,0.0,0.0
2009-08-20 00:00:00-04:00,35.928604259187644,36.2296168040138,35.89001343574936,36.144718170166016,356300,0.0,0.0
2009-08-21 00:00:00-04:00,36.53834445112227,36.83935695616602,36.37626124752805,36.8084831237793,1037700,0.0,0.0
2009-08-24 00:00:00-04:00,36.692706214406414,37.06318332520038,36.51518611616911,36.630958557128906,644100,0.0,0.0
2009-08-25 00:00:00-04:00,36.82392070087868,37.21755471014743,36.74673906281736,36.924259185791016,486800,0.0,0.0
2009-08-26 00:00:00-04:00,36.901108299020834,37.00144384784245,36.59237583296244,36.8007698059082,350400,0.0,0.0
2009-08-27 00:00:00-04:00,37.11721670953371,37.93535562739621,36.73130262561021,37.82729721069336,1003000,0.0,0.0
2009-08-28 00:00:00-04:00,37.87361098346221,37.91220180607639,37.464542964027984,37.70380783081055,1236800,0.0,0.0
2009-08-31 00:00:00-04:00,37.626617579167686,37.78098377860696,37.45681446535545,37.63433456420898,792600,0.0,0.0
2009-09-01 00:00:00-04:00,37.46454320776318,37.91992198387163,36.87023511390699,36.91654586791992,838000,0.0,0.0
2009-09-02 00:00:00-04:00,37.24842205859723,37.680646845816725,37.12492968286173,37.47997283935547,905200,0.0,0.0
2009-09-03 00:00:00-04:00,37.27930268508197,37.39507809656838,36.97829014836654,37.35648727416992,851700,0.0,0.0
2009-09-04 00:00:00-04:00,37.063193293995454,37.67293832430583,37.00916555149111,37.60347366333008,611200,0.0,0.0
2009-09-08 00:00:00-04:00,37.8041426593952,37.919918060302734,37.54944089940568,37.919918060302734,799500,0.0,0.0
2009-09-09 00:00:00-04:00,38.08972066525699,39.17799831442745,37.91992046260372,38.96188735961914,2524200,0.0,0.0
2009-09-10 00:00:00-04:00,39.23202326498841,39.88807596439142,39.01590939746689,39.76458358764648,1725600,0.0,0.0
2009-09-11 00:00:00-04:00,39.6874011706177,39.92666895170201,39.41726250188595,39.579345703125,1796800,0.0,0.0
2009-09-14 00:00:00-04:00,39.47900997992716,39.94982266545906,39.42498224643513,39.90351486206055,874800,0.0,0.0
2009-09-15 00:00:00-04:00,39.60250155941734,39.72599393979259,39.2706152351044,39.50988006591797,1484200,0.0,0.0
2009-09-16 00:00:00-04:00,39.30920593739943,39.39410750071456,38.99275652959162,39.1702766418457,2949200,0.0,0.0
2009-09-17 00:00:00-04:00,38.62999874141493,38.93101125212274,38.52966025641541,38.59912490844727,2743800,0.0,0.0
2009-09-18 00:00:00-04:00,38.77664911557177,39.031350884314165,38.54509830579941,38.88470458984375,994000,0.0,0.0
2009-09-21 00:00:00-04:00,38.71490621618268,39.13941117923183,38.59141380976309,38.95417404174805,915300,0.0,0.0
2009-09-22 00:00:00-04:00,39.50216060291186,39.55618833191954,39.20886511380558,39.47128677368164,528100,0.0,0.0
2009-09-23 00:00:00-04:00,39.278329294459255,39.293766208892414,38.498784253472245,38.575965881347656,1271200,0.0,0.0
2009-09-24 00:00:00-04:00,38.68403013782471,38.69946705576941,37.81958334295857,37.981666564941406,1347000,0.0,0.0
2009-09-25 00:00:00-04:00,37.8967597656081,38.11287364275895,37.61890411376953,37.61890411376953,1401500,0.0,0.0
2009-09-28 00:00:00-04:00,37.51083955405519,37.84272582899473,37.46453175848512,37.6497688293457,2100800,0.0,0.0
2009-09-29 00:00:00-04:00,37.34876301206262,37.46453841012343,37.0863413281767,37.2484245300293,1995000,0.0,0.0
2009-09-30 00:00:00-04:00,37.649773634738686,38.08199842906357,37.23298869996135,37.71923828125,2391400,0.0,0.0
2009-10-01 00:00:00-04:00,37.79642912695264,37.84273693611439,37.29473960289956,37.35648727416992,1861200,0.0,0.0
2009-10-02 00:00:00-04:00,37.07862633338077,37.44910350506255,37.06318941652434,37.32561111450195,1108700,0.0,0.0
2009-10-05 00:00:00-04:00,37.1866735387166,37.66520607770197,37.14808272730152,37.54171371459961,917000,0.0,0.0
2009-10-06 00:00:00-04:00,37.64978009029248,37.87361098346221,37.50313378664217,37.70380783081055,878800,0.0,0.0
2009-10-07 00:00:00-04:00,37.89676320940374,38.012538616408655,37.67293527044029,37.7887077331543,486000,0.0,0.0
2009-10-08 00:00:00-04:00,39.0159054694272,39.36322866414535,38.89241310511521,39.15483474731445,1744000,0.0,0.0
2009-10-09 00:00:00-04:00,39.26290097751679,39.409550224598725,39.08538083909903,39.30921173095703,874400,0.0,0.0
2009-10-12 00:00:00-04:00,39.64109969936402,39.857210668871495,39.46357955379843,39.55619812011719,734200,0.0,0.0
2009-10-13 00:00:00-04:00,39.6719693507146,39.84176954700266,39.41726463984626,39.664249420166016,1264100,0.0,0.0
2009-10-14 00:00:00-04:00,40.37433007107159,40.47466560691636,40.22768084372972,40.40520095825195,1049300,0.0,0.0
2009-10-15 00:00:00-04:00,40.02700868583091,40.25083955795,39.94210711748982,40.20452880859375,1085600,0.0,0.0
2009-10-16 00:00:00-04:00,39.463570093299865,39.94981965812435,39.32464080498132,39.75686264038086,980000,0.0,0.0
2009-10-19 00:00:00-04:00,40.18137419802162,40.58272518583132,40.065598798816445,40.42063903808594,1831600,0.0,0.0
2009-10-20 00:00:00-04:00,40.281711164042896,40.281711164042896,39.787741605940845,39.98841857910156,886500,0.0,0.0
2009-10-21 00:00:00-04:00,40.304864811580735,40.69849585185309,40.09647086874576,40.16593551635742,1291000,0.0,0.0
2009-10-22 00:00:00-04:00,39.695123049869416,40.10419103811815,39.47901210427247,39.98841857910156,1635300,0.0,0.0
2009-10-23 00:00:00-04:00,40.328014539635696,40.382042266155146,39.65652497840094,39.94210052490234,1445600,0.0,0.0
2009-10-26 00:00:00-04:00,39.77230495328596,40.07331747073483,39.00819670811436,39.33236312866211,1620200,0.0,0.0
2009-10-27 00:00:00-04:00,39.35551943979012,39.61794113373477,39.03135007936869,39.49444580078125,1661800,0.0,0.0
2009-10-28 00:00:00-04:00,36.44571880183897,36.66954668233398,35.44234005467527,35.5889892578125,6579800,0.0,0.0
2009-10-29 00:00:00-04:00,36.0675270727852,36.383976478760665,35.76651458225862,36.28363800048828,2196700,0.0,0.0
2009-10-30 00:00:00-04:00,35.982625330467265,36.06752689286726,34.840320091564074,34.94065856933594,2402300,0.0,0.0
2009-11-02 00:00:00-05:00,35.41919160671608,36.25276738136207,35.03327755051862,35.504093170166016,1822600,0.0,0.0
2009-11-03 00:00:00-05:00,35.53496791906011,35.99034663490588,35.48094018534032,35.96718978881836,2113200,0.0,0.0
2009-11-04 00:00:00-05:00,36.183305197605534,36.56921928008425,35.82826200406412,35.87457275390625,2362900,0.0,0.0
2009-11-05 00:00:00-05:00,36.43800888009564,36.73130442262792,36.15243326842237,36.34539031982422,1267800,0.0,0.0
2009-11-06 00:00:00-05:00,36.013506496412106,36.5306329616806,35.920887929606984,36.05209732055664,890700,0.0,0.0
2009-11-09 00:00:00-05:00,36.17558435727052,36.515190625656174,36.10611970639989,36.414852142333984,1199000,0.0,0.0
2009-11-10 00:00:00-05:00,36.237334188532266,36.36854356785931,36.06753104418818,36.2296142578125,1627500,0.0,0.0
2009-11-11 00:00:00-05:00,36.88567254558343,37.17124817191246,36.67727856605971,36.81620788574219,1600700,0.0,0.0
2009-11-12 00:00:00-05:00,37.02459388908571,37.24842179431853,36.44572282987819,36.53062438964844,1025700,0.0,0.0
2009-11-13 00:00:00-05:00,36.89339107048436,37.23299739688326,36.623252351113614,37.12493896484375,834500,0.0,0.0
2009-11-16 00:00:00-05:00,37.64978472376468,37.95079729920769,37.60347690864508,37.76556015014648,1187300,0.0,0.0
2009-11-17 00:00:00-05:00,37.91219198464962,38.03568435159804,37.51856098509222,37.8890380859375,1347600,0.0,0.0
2009-11-18 00:00:00-05:00,38.0974452049001,38.120599111633176,37.58031871496152,37.80414962768555,1231600,0.0,0.0
2009-11-19 00:00:00-05:00,37.27929955824512,37.27929955824512,36.80848390931733,37.20211791992188,1226300,0.0,0.0
2009-11-20 00:00:00-05:00,36.90110797014795,37.04003728420695,36.64640324627612,36.84708023071289,944900,0.0,0.0
2009-11-23 00:00:00-05:00,37.56487344511818,37.68064884162952,37.17124239670278,37.34876251220703,1942200,0.0,0.0
2009-11-24 00:00:00-05:00,37.2792992521603,37.34876390379719,36.78532970464948,36.97828674316406,2655000,0.0,0.0
2009-11-25 00:00:00-05:00,37.52628689685626,37.59575155380752,37.19440052967702,37.58031463623047,2004700,0.0,0.0
2009-11-27 00:00:00-05:00,36.63096661868182,37.27158545461341,36.57693887881904,36.86251449584961,1300500,0.0,0.0
2009-11-30 00:00:00-05:00,36.92425287019887,37.06318215037915,36.64639430983832,36.94740676879883,1347800,0.0,0.0
2009-12-01 00:00:00-05:00,37.31018002440933,37.402798595721386,36.94741978235776,37.19440460205078,1963500,0.0,0.0
2009-12-02 00:00:00-05:00,36.38397973725932,36.46116432141622,35.34201287761318,35.77423477172852,3257100,0.0,0.0
2009-12-03 00:00:00-05:00,36.19874265740829,36.29136121419157,35.71249008178711,35.71249008178711,2028500,0.0,0.0
2009-12-04 00:00:00-05:00,35.72791752633593,35.95946532905087,35.35744045313402,35.51952362060547,2303300,0.0,0.0
2009-12-07 00:00:00-05:00,35.38060252889898,35.51181190119553,34.95609763507562,35.02556228637695,1645300,0.0,0.0
2009-12-08 00:00:00-05:00,34.724551234137145,34.732268220475945,34.292326391893184,34.32320022583008,1420400,0.0,0.0
2009-12-09 00:00:00-05:00,34.2151407756072,34.43125169947208,33.806069884203744,34.37722396850586,1542700,0.0,0.0
2009-12-10 00:00:00-05:00,34.44669730078592,34.65509129175769,34.07622007604431,34.17655563354492,1037300,0.0,0.0
2009-12-11 00:00:00-05:00,34.71682806401677,34.77857572612877,34.44668940300321,34.562461853027344,1473500,0.0,0.0
2009-12-14 00:00:00-05:00,35.13361921616217,35.172210036424,34.94837915689819,35.056434631347656,1453700,0.0,0.0
2009-12-15 00:00:00-05:00,34.554754859990815,34.73999201131275,34.438979432196035,34.53160095214844,807400,0.0,0.0
2009-12-16 00:00:00-05:00,35.17993160413239,35.558125782304586,35.156774755465015,35.241676330566406,1741900,0.0,0.0
2009-12-17 00:00:00-05:00,35.15677675039856,35.15677675039856,34.678244052289884,34.7091178894043,1294200,0.0,0.0
2009-12-18 00:00:00-05:00,35.480942039674794,35.76651763916016,35.34972971929018,35.76651763916016,2257100,0.0,0.0
2009-12-21 00:00:00-05:00,36.22961830029155,36.368547625840016,36.05209814971101,36.11384582519531,1163200,0.0,0.0
2009-12-22 00:00:00-05:00,36.03666556666165,36.19875176216406,35.87458231545082,36.013511657714844,924500,0.0,0.0
2009-12-23 00:00:00-05:00,36.16786327498585,36.39941110356631,35.98262324554725,36.1292724609375,737000,0.0,0.0
2009-12-24 00:00:00-05:00,36.26048430209407,36.26048430209407,35.9440348943502,36.16786575317383,297100,0.0,0.0
2009-12-28 00:00:00-05:00,36.60008921768705,36.6078091479388,36.32223355872885,36.47659683227539,649600,0.0,0.0
2009-12-29 00:00:00-05:00,36.79304980744744,36.79304980744744,36.27592631368229,36.46116638183594,516800,0.0,0.0
2009-12-30 00:00:00-05:00,36.35310875010532,36.584659576416016,36.191025527120686,36.584659576416016,316800,0.0,0.0
2009-12-31 00:00:00-05:00,36.52290347509525,36.62324194705325,36.106115617076185,36.1292724609375,588100,0.0,0.0
2010-01-04 00:00:00-05:00,36.45343931406234,36.76217171911179,36.25276531178349,36.36082077026367,1456800,0.0,0.0
2010-01-05 00:00:00-05:00,36.260481965538766,36.46115891027374,35.99034332180753,36.13698959350586,1565600,0.0,0.0
2010-01-06 00:00:00-05:00,36.530627944841406,37.0554683808536,36.44572637680847,36.97828674316406,1753300,0.0,0.0
2010-01-07 00:00:00-05:00,37.54172995696322,38.082010383396245,37.46454830074056,37.95079803466797,3681800,0.0,0.0
2010-01-08 00:00:00-05:00,37.82729913478581,38.39845330353239,37.78870831328868,38.23637008666992,1794900,0.0,0.0
2010-01-11 00:00:00-05:00,38.90013963375221,39.170278306425054,38.65315486322539,39.08537673950195,2293400,0.0,0.0
2010-01-12 00:00:00-05:00,38.26724406765771,38.54509975007216,38.09744091927307,38.24408721923828,1596500,0.0,0.0
2010-01-13 00:00:00-05:00,39.05450876502447,39.093102533444295,38.66859463515549,38.892425537109375,1973800,0.0,0.0
2010-01-14 00:00:00-05:00,39.54846511856715,39.55618210251421,38.429314011686806,38.71488952636719,8310000,0.0,0.0
2010-01-15 00:00:00-05:00,38.33670876771118,38.35214568643018,37.61119125366542,37.7809944152832,2778900,0.0,0.0
2010-01-19 00:00:00-05:00,37.49541051687999,38.02025091621136,37.49541051687999,37.99709701538086,1505400,0.0,0.0
2010-01-20 00:00:00-05:00,37.48768949704151,37.53400024164646,36.76217216397331,37.256141662597656,2978000,0.0,0.0
2010-01-21 00:00:00-05:00,36.98600133935139,37.06318591634436,35.82054219751782,35.944034576416016,4818800,0.0,0.0
2010-01-22 00:00:00-05:00,35.95947072091762,36.19873848803059,35.396036570255305,35.426910400390625,2607100,0.0,0.0
2010-01-25 00:00:00-05:00,36.08297144202494,36.14471911657587,35.565847916971194,35.66618347167969,2458000,0.0,0.0
2010-01-26 00:00:00-05:00,35.29570168477724,35.90544664266644,35.226237032052005,35.542686462402344,3033400,0.0,0.0
2010-01-27 00:00:00-05:00,35.49638325524698,35.69705730895515,35.14134001516149,35.66618347167969,2968100,0.0,0.0
2010-01-28 00:00:00-05:00,35.504097123512025,35.51953404079368,34.624213448494146,34.84032440185547,1757900,0.0,0.0
2010-01-29 00:00:00-05:00,35.35744509828479,35.88228842367896,34.848038687671675,34.979248046875,2484000,0.0,0.0
2010-02-01 00:00:00-05:00,36.005785072980224,36.19874211421958,35.64302489327718,35.87457275390625,2665000,0.0,0.0
2010-02-02 00:00:00-05:00,36.44572794162697,36.56150040313204,36.175586309533415,36.55378341674805,2052700,0.0,0.0
2010-02-03 00:00:00-05:00,36.49974920184974,36.762170856698425,36.36853690228022,36.630958557128906,1824800,0.0,0.0
2010-02-04 00:00:00-05:00,36.26821000520486,36.329954732883394,35.67390191180732,35.69705581665039,2574100,0.0,0.0
2010-02-05 00:00:00-05:00,35.36516155294226,35.5426816538254,34.70910887818761,35.47321701049805,1893200,0.0,0.0
2010-02-08 00:00:00-05:00,34.45440414271444,34.616487328757195,33.27350815255951,33.412437438964844,10072200,0.0,0.0
2010-02-09 00:00:00-05:00,33.70573194966456,34.02990128496467,33.39700247407792,33.88325500488281,7411400,0.0,0.0
2010-02-10 00:00:00-05:00,33.82923434561546,33.91413298175513,33.366135618981126,33.43560028076172,3780600,0.0,0.0
2010-02-11 00:00:00-05:00,32.8258440123533,33.14229337568575,32.416776113098955,33.04195785522461,4881000,0.0,0.0
2010-02-12 00:00:00-05:00,32.60973882679296,33.22720074826463,32.49396342838985,33.18089294433594,3746800,0.0,0.0
2010-02-16 00:00:00-05:00,33.620827406052506,34.2460061769031,33.47417820752505,34.191978454589844,2492400,0.0,0.0
2010-02-17 00:00:00-05:00,34.40037906965975,34.423532971084605,33.86009879685184,34.06077575683594,2362700,0.0,0.0
2010-02-18 00:00:00-05:00,33.96815640412552,34.16111344627283,33.813793125840306,34.14567947387695,1656900,0.0,0.0
2010-02-19 00:00:00-05:00,34.15340217847503,34.477568650299034,33.945008184749035,34.34635925292969,1988600,0.0,0.0
2010-02-22 00:00:00-05:00,34.35406496719092,34.377221810644684,33.92956013154948,33.96043395996094,1762500,0.0,0.0
2010-02-23 00:00:00-05:00,33.89869848350249,34.01447390950034,33.50506733483431,33.74433517456055,1688000,0.0,0.0
2010-02-24 00:00:00-05:00,34.23057908392385,34.5007207172757,34.0221880633859,34.215145111083984,1667000,0.0,0.0
2010-02-25 00:00:00-05:00,33.61311776357222,34.176552000321,33.505062285879426,34.12252426147461,2090400,0.0,0.0
2010-02-26 00:00:00-05:00,34.12251781150852,34.57017949937818,33.85237916833916,34.40809631347656,1177000,0.0,0.0
2010-03-01 00:00:00-05:00,34.693673811967166,34.94065856933594,34.55474451791092,34.94065856933594,1546900,0.0,0.0
2010-03-02 00:00:00-05:00,35.32657623291016,35.50409636140226,35.07959145028715,35.32657623291016,2474100,0.0,0.0
2010-03-03 00:00:00-05:00,35.496384562918124,35.643030878942206,35.20308898657868,35.28799057006836,1832600,0.0,0.0
2010-03-04 00:00:00-05:00,35.52724293747848,35.61986442007782,35.18763966748495,35.55039978027344,1422100,0.0,0.0
2010-03-05 00:00:00-05:00,35.56584414668323,35.82826290283249,35.43463182431774,35.604434967041016,2530300,0.0,0.0
2010-03-08 00:00:00-05:00,35.90544979311117,35.91316677996184,35.61987417097946,35.69705581665039,1198200,0.0,0.0
2010-03-09 00:00:00-05:00,35.42690306854981,35.6584508580633,35.32656461352101,35.44233703613281,2630100,0.0,0.0
2010-03-10 00:00:00-05:00,35.52724949081725,35.92860048991001,35.51953250465562,35.87457275390625,1591400,0.0,0.0
2010-03-11 00:00:00-05:00,35.49637752491832,35.60443299364743,35.203082006731684,35.46550369262695,2349500,0.0,0.0
2010-03-12 00:00:00-05:00,35.60443412895402,35.697052684490735,35.3806032541404,35.542686462402344,1113200,0.0,0.0
2010-03-15 00:00:00-04:00,35.48865112758763,35.59670657662574,35.11817404047546,35.480934143066406,1609800,0.0,0.0
2010-03-16 00:00:00-04:00,35.34973330703268,35.90545058992727,35.19536706797406,35.82054901123047,2337500,0.0,0.0
2010-03-17 00:00:00-04:00,36.26820910979768,36.89338807945423,36.02894130325927,36.57693862915039,3270200,0.0,0.0
2010-03-18 00:00:00-04:00,36.62325203893849,36.77761828195934,36.20646406606954,36.56150436401367,1266500,0.0,0.0
2010-03-19 00:00:00-04:00,36.2296142578125,36.29136192640704,35.650743114047735,36.2296142578125,2710000,0.0,0.0
2010-03-22 00:00:00-04:00,35.8668517633925,36.51518746734498,35.85913183380198,36.26048278808594,2728200,0.0,0.0
2010-03-23 00:00:00-04:00,36.6000893315233,37.10177880498208,36.50747077824917,37.02459716796875,2375200,0.0,0.0
2010-03-24 00:00:00-04:00,36.08296633353107,36.54606204993495,36.00578469556067,36.25276947021485,2908500,0.0,0.0
2010-03-25 00:00:00-04:00,36.816204852372806,36.92426032671377,36.25277063310143,36.26820755004883,3076100,0.0,0.0
2010-03-26 00:00:00-04:00,36.499752571439736,36.70814651755433,36.07524769348362,36.337669372558594,2217400,0.0,0.0
2010-03-29 00:00:00-04:00,36.79304388102537,37.17124094312112,36.785326895562015,37.04774856567383,1879000,0.0,0.0
2010-03-30 00:00:00-04:00,37.10177930876468,37.20983477976685,36.65412050828561,36.924259185791016,1623100,0.0,0.0
2010-03-31 00:00:00-04:00,37.16352873460897,37.418230507705935,37.06319024494488,37.17896270751953,1505900,0.0,0.0
2010-04-01 00:00:00-04:00,37.82728925221941,37.9816554421699,37.34103972866709,37.54171371459961,1912600,0.0,0.0
2010-04-05 00:00:00-04:00,37.55715708296199,37.81957876769312,37.50312934883711,37.796424865722656,780800,0.0,0.0
2010-04-06 00:00:00-04:00,37.10950013414684,37.40279272128608,37.03231554993322,37.38735580444336,1241200,0.0,0.0
2010-04-07 00:00:00-04:00,37.0014364847273,37.22526733086378,36.924254855717,37.08633804321289,2054900,0.0,0.0
2010-04-08 00:00:00-04:00,36.7853257244345,37.46453525091601,36.67727026564458,37.36419677734375,1926900,0.0,0.0
2010-04-09 00:00:00-04:00,37.14037686338022,37.76555884450346,37.14037686338022,37.74240493774414,1928400,0.0,0.0
2010-04-12 00:00:00-04:00,37.86589097451835,37.98938336360224,37.72696166876263,37.82729721069336,1337000,0.0,0.0
2010-04-13 00:00:00-04:00,37.92763792098677,37.943074838563824,37.4027945005308,37.58031463623047,1571800,0.0,0.0
2010-04-14 00:00:00-04:00,38.22093345747552,38.498792085215904,38.08200414360532,38.46020126342773,1514200,0.0,0.0
2010-04-15 00:00:00-04:00,38.08200219530257,38.45247936523889,38.0048205556749,38.32126998901367,1991900,0.0,0.0
2010-04-16 00:00:00-04:00,37.76555104700596,37.98938191376906,37.425947726058645,37.52628326416016,2726800,0.0,0.0
2010-04-19 00:00:00-04:00,37.14037448517887,37.47998079878984,37.00916509622271,37.43367004394531,2284400,0.0,0.0
2010-04-20 00:00:00-04:00,37.688372187660335,37.86589231925454,37.51084911177522,37.7887077331543,2429900,0.0,0.0
2010-04-21 00:00:00-04:00,37.55716485079571,37.7732758319928,37.43367244092719,37.74240493774414,1477700,0.0,0.0
2010-04-22 00:00:00-04:00,37.21755376213552,37.85816958574079,37.02459672760647,37.796424865722656,1572100,0.0,0.0
2010-04-23 00:00:00-04:00,37.81957879688479,38.58368994969751,37.77326804861743,38.52965927124024,2043700,0.0,0.0
2010-04-26 00:00:00-04:00,38.24408469365329,38.66858959229023,38.21321086066023,38.53738021850586,1227100,0.0,0.0
2010-04-27 00:00:00-04:00,38.02024911051623,38.38300924251502,37.39507026346008,37.47225189208984,2190100,0.0,0.0
2010-04-28 00:00:00-04:00,36.885665925832015,36.91653975672976,35.998062425410566,36.28363800048828,3347000,0.0,0.0
2010-04-29 00:00:00-04:00,36.414858052504016,36.83164602537296,36.414858052504016,36.56150436401367,1894700,0.0,0.0
2010-04-30 00:00:00-04:00,37.33332959196811,37.38735733097819,36.54606446659,36.62324905395508,2573900,0.0,0.0
2010-05-03 00:00:00-04:00,36.80076301407508,37.00143701897357,36.56921517941053,36.59236907958984,1550000,0.0,0.0
2010-05-04 00:00:00-04:00,36.36083165546279,36.36083165546279,35.45007402663645,35.57356643676758,3019500,0.0,0.0
2010-05-05 00:00:00-04:00,35.14134130975299,35.54269237624611,34.99469499372891,35.28799057006836,2267300,0.0,0.0
2010-05-06 00:00:00-04:00,34.84804262554431,35.18764595623184,32.764106003261226,34.25373458862305,2789300,0.0,0.0
2010-05-07 00:00:00-04:00,34.5547491906077,34.755423228997195,33.37385297573238,33.7906379699707,3802800,0.0,0.0
2010-05-10 00:00:00-04:00,35.04099917168561,35.33429174866211,34.81716830165824,35.08730697631836,2398800,0.0,0.0
2010-05-11 00:00:00-04:00,34.71682505840468,35.41147147557274,34.678234245070975,35.01783752441406,1499400,0.0,0.0
2010-05-12 00:00:00-04:00,35.31885628003326,35.55812407617577,34.37722790098548,34.655086517333984,6142200,0.0,0.0
2010-05-13 00:00:00-04:00,34.153393114908376,34.67823645368637,34.014463822626524,34.37722396850586,3027100,0.0,0.0
2010-05-14 00:00:00-04:00,34.43125850274114,34.43125850274114,33.35069778132785,33.70573806762695,2592600,0.0,0.0
2010-05-17 00:00:00-04:00,33.57453066020408,33.921853980029965,33.01881334848267,33.78292465209961,2636100,0.0,0.0
2010-05-18 00:00:00-04:00,34.0993681981343,34.122522100661975,33.20404765414482,33.304386138916016,3623000,0.0,0.0
2010-05-19 00:00:00-04:00,33.42015125884666,33.836939078588536,33.08054800440333,33.65169906616211,2288800,0.0,0.0
2010-05-20 00:00:00-04:00,33.26579517085603,33.736610857084806,32.94934571779439,33.296669006347656,3644300,0.0,0.0
2010-05-21 00:00:00-04:00,33.1268691323847,33.620841716242055,32.97250582823878,33.397010803222656,3356500,0.0,0.0
2010-05-24 00:00:00-04:00,32.8644470994887,33.0728381284112,32.54799470201222,32.625179290771484,2209900,0.0,0.0
2010-05-25 00:00:00-04:00,31.861061082596727,32.594298321734136,31.60635935616225,32.52483367919922,3727500,0.0,0.0
2010-05-26 00:00:00-04:00,32.73322915048616,32.918469187411894,31.91509031585747,32.1003303527832,2082100,0.0,0.0
2010-05-27 00:00:00-04:00,32.66376802626486,33.150020599365234,32.43993714959905,33.150020599365234,2098900,0.0,0.0
2010-05-28 00:00:00-04:00,33.08055115765105,33.1886066150788,32.602018584346574,32.74866485595703,1981600,0.0,0.0
2010-06-01 00:00:00-04:00,33.32754284183928,34.19198962556776,33.296669006347656,33.296669006347656,3677000,0.0,0.0
2010-06-02 00:00:00-04:00,34.10708535377668,34.25373458862305,33.67486346822724,34.25373458862305,2768000,0.0,0.0
2010-06-03 00:00:00-04:00,34.56245788400331,34.58561472678136,33.9449960552432,34.22285461425781,3966100,0.0,0.0
2010-06-04 00:00:00-04:00,33.70165786095356,33.85057108680001,33.09032641928322,33.168701171875,2092500,0.675,0.0
2010-06-07 00:00:00-04:00,33.41166955202822,33.6781479114295,32.99627496867001,33.14519119262695,4362500,0.0,0.0
2010-06-08 00:00:00-04:00,33.12950743147099,33.701651386937804,32.878704683589774,33.552738189697266,2461000,0.0,0.0
2010-06-09 00:00:00-04:00,34.038674960049065,34.34434068341031,33.45869162073925,33.62328338623047,2451300,0.0,0.0
2010-06-10 00:00:00-04:00,34.43055528543784,34.54028113774224,34.06218736144,34.40704345703125,1921500,0.0,0.0
2010-06-11 00:00:00-04:00,34.218946676360275,34.65001389190745,34.13273263528968,34.57947540283203,1142300,0.0,0.0
2010-06-14 00:00:00-04:00,35.05756738669517,35.23783174022474,34.71271423078717,34.78325271606445,1366200,0.0,0.0
2010-06-15 00:00:00-04:00,35.36322429808376,35.70024108886719,35.261337725841265,35.70024108886719,1751000,0.0,0.0
2010-06-16 00:00:00-04:00,35.59051990962775,35.74727241258427,35.49646960377596,35.57484436035156,1596900,0.0,0.0
2010-06-17 00:00:00-04:00,36.2802306762841,36.41346836610693,35.904026447024656,36.39779281616211,2908300,0.0,0.0
2010-06-18 00:00:00-04:00,36.38996502608564,36.523202746993626,36.1156503125656,36.21753692626953,1586100,0.0,0.0
2010-06-21 00:00:00-04:00,36.49183515917526,36.53885880508546,35.84915275342978,35.99806594848633,1702800,0.0,0.0
2010-06-22 00:00:00-04:00,36.16266416289314,36.35860404499793,35.794296227798405,35.919700622558594,1498500,0.0,0.0
2010-06-23 00:00:00-04:00,35.966718726077765,36.28805996350939,35.629701941722054,36.05293273925781,1248800,0.0,0.0
2010-06-24 00:00:00-04:00,36.08428749747396,36.14698670173256,35.67673220547495,35.88834762573242,1530200,0.0,0.0
2010-06-25 00:00:00-04:00,35.778627535249825,36.084293306001136,35.480798045115314,35.911865234375,1736400,0.0,0.0
2010-06-28 00:00:00-04:00,36.06860806613681,36.13914653196243,35.70807945849689,35.77077865600586,1122100,0.0,0.0
2010-06-29 00:00:00-04:00,35.22999561254329,35.22999561254329,34.68136327909367,34.88513946533203,2089600,0.0,0.0
2010-06-30 00:00:00-04:00,35.2221484754777,35.37890096285485,34.59514151577413,34.720542907714844,1936300,0.0,0.0
2010-07-01 00:00:00-04:00,35.37107304278168,35.78646469116211,35.04189244251729,35.78646469116211,3533800,0.0,0.0
2010-07-02 00:00:00-04:00,35.5748441830541,35.661058208740776,35.18296442251848,35.29269027709961,1601700,0.0,0.0
2010-07-06 00:00:00-04:00,35.93537628004339,36.366446449680254,35.817814134528824,36.14699172973633,1949400,0.0,0.0
2010-07-07 00:00:00-04:00,36.23320256385841,37.12668794600879,36.194015185480914,37.10317611694336,1423800,0.0,0.0
2010-07-08 00:00:00-04:00,36.554548375301934,36.75048828125,36.35860846935388,36.75048828125,1628400,0.0,0.0
2010-07-09 00:00:00-04:00,36.703462766698905,37.00912852619722,36.58589763313546,36.95426559448242,842700,0.0,0.0
2010-07-12 00:00:00-04:00,36.73480703597453,36.946422460374,36.62508118402042,36.89939880371094,849700,0.0,0.0
2010-07-13 00:00:00-04:00,37.17370522730067,37.4009961503472,37.095330490293726,37.23640441894531,1217800,0.0,0.0
2010-07-14 00:00:00-04:00,37.51073177867339,37.86342416696328,37.4166814717312,37.66748428344727,1302400,0.0,0.0
2010-07-15 00:00:00-04:00,38.13773633159953,38.16908742847968,37.74585659001309,38.0907096862793,1827700,0.0,0.0
2010-07-16 00:00:00-04:00,38.14557398470573,38.14557398470573,37.424516669324746,37.455867767333984,1214400,0.0,0.0
2010-07-19 00:00:00-04:00,37.98882284777123,38.098548696300384,37.66748158144795,37.8163948059082,1258600,0.0,0.0
2010-07-20 00:00:00-04:00,36.860210842999656,37.53424453735352,36.83669901313326,37.53424453735352,2183200,0.0,0.0
2010-07-21 00:00:00-04:00,36.985611711684975,37.26776562518173,36.59373194067401,36.81318664550781,1529200,0.0,0.0
2010-07-22 00:00:00-04:00,37.18154652091956,37.761529818347,37.18154652091956,37.620452880859375,1634200,0.0,0.0
2010-07-23 00:00:00-04:00,37.41668362175835,38.05936623743608,37.29128220869454,38.02801513671875,1601300,0.0,0.0
2010-07-26 00:00:00-04:00,37.7536928036884,38.153411813702455,37.59694329917048,38.09854888916016,1864300,0.0,0.0
2010-07-27 00:00:00-04:00,37.15804000470307,37.24425403324431,36.76616023119225,37.087501525878906,4001700,0.0,0.0
2010-07-28 00:00:00-04:00,36.64075369975321,36.75047954262431,36.40562646648584,36.53886413574219,1466000,0.0,0.0
2010-07-29 00:00:00-04:00,36.74264512239898,36.930745722606,36.17833734216769,36.51535415649414,1828600,0.0,0.0
2010-07-30 00:00:00-04:00,35.63754777784406,36.02942755375242,35.519982649149384,35.9510498046875,3074700,0.0,0.0
2010-08-02 00:00:00-04:00,36.25671109090726,36.63291826052373,36.19401188917455,36.476165771484375,2151800,0.0,0.0
2010-08-03 00:00:00-04:00,36.37428368728612,36.39779551904661,36.09996901739483,36.31158447265625,2280600,0.0,0.0
2010-08-04 00:00:00-04:00,36.67994954418497,36.76616358058029,36.366447490699606,36.42131042480469,1401300,0.0,0.0
2010-08-05 00:00:00-04:00,36.593730957476254,36.75832272913071,36.4291421756271,36.71129608154297,1701000,0.0,0.0
2010-08-06 00:00:00-04:00,36.55454348193216,36.88372403455816,36.35860360221357,36.60157012939453,2122400,0.0,0.0
2010-08-09 00:00:00-04:00,36.99345107621123,37.03263845545169,36.74264826130583,36.92291259765625,849300,0.0,0.0
2010-08-10 00:00:00-04:00,36.46833053354272,36.985611711684975,36.280229917748464,36.81318664550781,1050500,0.0,0.0
2010-08-11 00:00:00-04:00,35.590517905506665,35.614029733194315,35.24566481026542,35.43376541137695,1616100,0.0,0.0
2010-08-12 00:00:00-04:00,34.96351445567117,35.28485575573136,34.90865152564666,35.159454345703125,1255900,0.0,0.0
2010-08-13 00:00:00-04:00,34.90080822271352,35.198637658291275,34.79892164433056,34.82243347167969,769900,0.0,0.0
2010-08-16 00:00:00-04:00,34.8773013110778,35.198642619295505,34.78325099862044,34.97135162353516,915100,0.0,0.0
2010-08-17 00:00:00-04:00,35.731595851035166,35.76294694869936,35.41809085400368,35.5356559753418,1295600,0.0,0.0
2010-08-18 00:00:00-04:00,35.786454202834314,35.95104295982582,35.44160114202285,35.77077865600586,1120900,0.0,0.0
2010-08-19 00:00:00-04:00,35.89619221030822,35.99024253335892,35.12810809414815,35.253509521484375,1237300,0.0,0.0
2010-08-20 00:00:00-04:00,34.81458967206933,35.065395420310026,34.70486383897918,35.05755615234375,878700,0.0,0.0
2010-08-23 00:00:00-04:00,35.206472059771194,35.44160227994247,34.87729453521931,34.90864562988281,1074100,0.0,0.0
2010-08-24 00:00:00-04:00,34.65784625938567,34.76757211169007,34.28947833538783,34.40704345703125,1974500,0.0,0.0
2010-08-25 00:00:00-04:00,34.258128335670705,34.704871028546165,34.14056620006446,34.55595779418945,1409700,0.0,0.0
2010-08-26 00:00:00-04:00,34.58730884465599,34.90081086230699,34.414880791574475,34.501094818115234,1377500,0.0,0.0
2010-08-27 00:00:00-04:00,34.697030235939216,34.89297009293698,33.99164555482532,34.845943450927734,1453400,0.0,0.0
2010-08-30 00:00:00-04:00,34.540285956305546,34.60298816054408,34.28164683833574,34.328670501708984,795000,0.0,0.0
2010-08-31 00:00:00-04:00,34.15624047135665,34.3913677235763,34.01516352206381,34.1248893737793,775500,0.0,0.0
2010-09-01 00:00:00-04:00,34.940002533793994,35.32404304295644,34.86946405397562,35.04972839355469,1565300,0.0,0.0
2010-09-02 00:00:00-04:00,35.653220084397184,35.676731912075155,35.32403954787985,35.49646759033203,1325900,0.0,0.0
2010-09-03 00:00:00-04:00,36.0764425338018,36.17049581005155,35.77861612842501,35.97455596923828,1392300,0.0,0.0
2010-09-07 00:00:00-04:00,35.347546275604735,35.45727509848224,35.01836877638636,35.12025833129883,1633100,0.0,0.0
2010-09-08 00:00:00-04:00,35.24566846772407,35.52782238847576,35.22999291770393,35.26918029785156,1129400,0.0,0.0
2010-09-09 00:00:00-04:00,36.241045826588014,36.37428352571319,35.84132674960119,35.911865234375,1940900,0.0,0.0
2010-09-10 00:00:00-04:00,35.6610612927412,35.84916490958,35.58268652977828,35.6453857421875,1326200,0.0,0.0
2010-09-13 00:00:00-04:00,36.19402139538786,36.4291486957996,36.099971073184335,36.38212203979492,1120600,0.0,0.0
2010-09-14 00:00:00-04:00,37.08749969266735,37.56559347108754,36.89939908497088,37.29127883911133,2671700,0.0,0.0
2010-09-15 00:00:00-04:00,37.15020391182642,37.4088430089472,37.00128768366695,37.30695343017578,1004100,0.0,0.0
2010-09-16 00:00:00-04:00,37.53424739207694,37.659648810577664,37.3696585908833,37.549922943115234,1521600,0.0,0.0
2010-09-17 00:00:00-04:00,38.03585222638702,38.09855442915597,37.64397242849783,37.73018646240234,1200500,0.0,0.0
2010-09-20 00:00:00-04:00,37.67531717038973,38.18476201757499,37.54991577582483,38.10638427734375,1044400,0.0,0.0
2010-09-21 00:00:00-04:00,38.41205867477164,38.60016230405211,37.93396780538672,38.32584762573242,1788300,0.0,0.0
2010-09-22 00:00:00-04:00,38.43557243382116,38.5452983021137,37.94180303669904,38.11423110961914,3210100,0.0,0.0
2010-09-23 00:00:00-04:00,37.93396108537372,38.31800156698839,37.8163959641744,38.02017211914063,1770200,0.0,0.0
2010-09-24 00:00:00-04:00,38.68637859679949,39.00771994861237,38.6158401054354,38.96853256225586,2109200,0.0,0.0
2010-09-27 00:00:00-04:00,39.07040758757584,39.09392240426423,38.764741878872144,38.858795166015625,2092400,0.0,0.0
2010-09-28 00:00:00-04:00,38.992034006678935,39.14094723107811,38.44340177445308,39.06257247924805,1778600,0.0,0.0
2010-09-29 00:00:00-04:00,38.92149544472662,39.01554574466773,38.631505275855176,38.89014434814453,1477300,0.0,0.0
2010-09-30 00:00:00-04:00,39.09392514553917,39.235002096341695,38.3180019161253,38.64718246459961,2059000,0.0,0.0
2010-10-01 00:00:00-04:00,39.78363681325051,39.822827185915344,39.227168203155664,39.40743255615234,4919600,0.0,0.0
2010-10-04 00:00:00-04:00,39.078251703733685,39.187977562539935,38.57664606930204,38.897987365722656,1538500,0.0,0.0
2010-10-05 00:00:00-04:00,39.634716190877874,39.94038190605709,39.47796369878965,39.7993049621582,2049600,0.0,0.0
2010-10-06 00:00:00-04:00,39.799310849459474,40.09714032950292,39.50932063957287,40.05011367797852,2364800,0.0,0.0
2010-10-07 00:00:00-04:00,40.33226648211859,40.34794203218933,39.64256021783893,39.96390151977539,2045000,0.0,0.0
2010-10-08 00:00:00-04:00,39.99525269463153,40.33226957246166,39.86985127426257,40.2538948059082,1677400,0.0,0.0
2010-10-11 00:00:00-04:00,40.22253975099804,40.39496780823928,39.97173693490464,40.08930206298828,734800,0.0,0.0
2010-10-12 00:00:00-04:00,40.42631835453124,40.73982037545551,40.057950415394735,40.66144561767578,1362500,0.0,0.0
2010-10-13 00:00:00-04:00,41.29628847647619,41.61762976353895,41.21791371955565,41.34331512451172,1245700,0.0,0.0
2010-10-14 00:00:00-04:00,42.18977715377337,42.23680081234178,41.56276713467786,41.852760314941406,2515500,0.0,0.0
2010-10-15 00:00:00-04:00,42.20546217271468,42.20546217271468,41.351163908799045,41.49224090576172,3048300,0.0,0.0
2010-10-18 00:00:00-04:00,41.17872634109538,41.36682695362681,41.08467304502433,41.34331512451172,1730600,0.0,0.0
2010-10-19 00:00:00-04:00,40.42632473181616,40.60658909499066,39.94039158954836,40.11281967163086,3384000,0.0,0.0
2010-10-20 00:00:00-04:00,40.37929074089607,40.95143483046856,40.35577891208517,40.49685287475586,1841800,0.0,0.0
2010-10-21 00:00:00-04:00,41.233590150745854,41.49222924595932,40.86522220776944,41.15521240234375,1551700,0.0,0.0
2010-10-22 00:00:00-04:00,41.53142079339398,41.74303324557005,41.30412980128725,41.65682220458984,1075300,0.0,0.0
2010-10-25 00:00:00-04:00,41.946807861328125,42.14274773194917,41.64897842083871,41.946807861328125,1467700,0.0,0.0
2010-10-26 00:00:00-04:00,41.56276187152175,42.840290587416206,41.43736048154349,42.38571166992188,2178200,0.0,0.0
2010-10-27 00:00:00-04:00,40.23037243617532,40.71630243909741,39.767954259099575,40.18334579467773,4629300,0.0,0.0
2010-10-28 00:00:00-04:00,40.56738651616293,40.61441315798538,40.22253344554646,40.45766067504883,1855700,0.0,0.0
2010-10-29 00:00:00-04:00,40.78684315772357,41.06115777375502,40.44198708064964,40.54387664794922,2074800,0.0,0.0
2010-11-01 00:00:00-04:00,40.61441789991249,40.73198302329243,40.19118704351104,40.38712692260742,859500,0.0,0.0
2010-11-02 00:00:00-04:00,41.13169845865264,41.19440065415157,40.84170827898315,40.96710968017578,1172500,0.0,0.0
2010-11-03 00:00:00-04:00,40.849539745330105,40.99061667877477,40.37928529371781,40.92791748046875,1805400,0.0,0.0
2010-11-04 00:00:00-04:00,41.672499531708006,41.75871357235547,41.13170644465457,41.52358627319336,1718100,0.0,0.0
2010-11-05 00:00:00-04:00,41.13954457499807,41.31980893235172,40.88090246022605,41.08467864990234,1517400,0.0,0.0
2010-11-08 00:00:00-05:00,40.52820975660293,40.81820297241211,40.418483886753286,40.81820297241211,748700,0.0,0.0
2010-11-09 00:00:00-05:00,40.95927002338679,41.07683514393258,40.2695638182541,40.46550369262695,1460000,0.0,0.0
2010-11-10 00:00:00-05:00,39.9403867909212,40.15200223265092,39.391754496415125,40.07362747192383,1744400,0.0,0.0
2010-11-11 00:00:00-05:00,39.61120519954407,39.78363025365578,39.39175051006663,39.73660659790039,1109000,0.0,0.0
2010-11-12 00:00:00-05:00,39.58768917850915,39.814980140435104,39.22716054291941,39.41526412963867,1211200,0.0,0.0
2010-11-15 00:00:00-05:00,39.27419062392664,39.344729101393526,38.91366195678711,38.91366195678711,1126000,0.0,0.0
2010-11-16 00:00:00-05:00,38.63934407482622,38.78826029839959,38.18476510396278,38.45907974243164,1597500,0.0,0.0
2010-11-17 00:00:00-05:00,38.41206157053463,38.60800149547876,38.23963646965185,38.39638900756836,1125600,0.0,0.0
2010-11-18 00:00:00-05:00,38.9841977417653,39.21932498714716,38.94500737603071,38.99987030029297,754300,0.0,0.0
2010-11-19 00:00:00-05:00,39.1017646569021,39.18797868838543,38.94501214418746,39.16446685791016,817800,0.0,0.0
2010-11-22 00:00:00-05:00,38.74123567673252,38.92933629871925,38.34151662285113,38.71772384643555,1283700,0.0,0.0
2010-11-23 00:00:00-05:00,38.50611102964248,38.63151244945183,37.92612759439568,38.1612548828125,978600,0.0,0.0
2010-11-24 00:00:00-05:00,37.58126934959409,37.82423288581644,37.502891604195526,37.73802185058594,1824400,0.0,0.0
2010-11-26 00:00:00-05:00,37.77721228842724,38.09855359607757,37.73018563737883,37.91044998168945,965100,0.0,0.0
2010-11-29 00:00:00-05:00,36.96993185575416,37.4088382244919,36.7112927917124,37.32262420654297,1312900,0.0,0.0
2010-11-30 00:00:00-05:00,36.601576914096746,37.09534633966135,36.601576914096746,36.78184127807617,1347300,0.0,0.0
2010-12-01 00:00:00-05:00,37.11884610721389,37.54207690583919,36.93858180183012,37.299110412597656,1605200,0.0,0.0
2010-12-02 00:00:00-05:00,36.96210421890218,37.67532536623171,36.95426793807691,37.589111328125,1576200,0.0,0.0
2010-12-03 00:00:00-05:00,38.27881827481203,38.60799586561021,38.21611607286635,38.41205596923828,1614200,0.0,0.0
2010-12-06 00:00:00-05:00,38.09071350473151,38.38854297533894,38.01233874447951,38.27098083496094,945200,0.0,0.0
2010-12-07 00:00:00-05:00,38.96068428984508,38.984199108071,38.365028381347656,38.365028381347656,850900,0.0,0.0
2010-12-08 00:00:00-05:00,37.98099145742658,38.26314540634839,37.86342930524634,38.208282470703125,769900,0.0,0.0
2010-12-09 00:00:00-05:00,38.14557663820278,38.427730560302734,37.77721167528827,38.427730560302734,1561100,0.0,0.0
2010-12-10 00:00:00-05:00,38.20827979252592,38.44340707021112,38.07504209809967,38.41205596923828,620100,0.0,0.0
2010-12-13 00:00:00-05:00,38.811774157428914,39.046901429815065,38.66286091587229,38.71772384643555,882600,0.0,0.0
2010-12-14 00:00:00-05:00,39.19581016974538,39.344726384004495,38.897983720837416,38.99987030029297,1432200,0.0,0.0
2010-12-15 00:00:00-05:00,38.717722927918686,38.99987385420519,38.5452948703502,38.60799407958984,794500,0.0,0.0
2010-12-16 00:00:00-05:00,38.733395494497714,38.8196095232967,38.66286000526808,38.78826141357422,1030400,0.0,0.0
2010-12-17 00:00:00-05:00,39.51715440748376,39.5406692266537,39.10960207940603,39.1879768371582,1462000,0.0,0.0
2010-12-20 00:00:00-05:00,38.99987493826023,39.00771420826147,38.662861073344246,38.819610595703125,1232100,0.0,0.0
2010-12-21 00:00:00-05:00,39.69741315653408,39.69741315653408,39.25067055628017,39.31336975097656,856300,0.0,0.0
2010-12-22 00:00:00-05:00,39.18797502217132,39.32905197143555,39.1017609987537,39.32905197143555,387700,0.0,0.0
2010-12-23 00:00:00-05:00,39.18797507214902,39.49364079934295,39.18797507214902,39.383914947509766,641000,0.0,0.0
2010-12-27 00:00:00-05:00,39.37608170684575,39.66607190761409,39.219329196498784,39.61904525756836,523100,0.0,0.0
2010-12-28 00:00:00-05:00,39.81498983921961,39.82282911005362,39.40743446021981,39.55635070800781,415400,0.0,0.0
2010-12-29 00:00:00-05:00,39.57202173436608,39.8306608359996,39.43094477354581,39.783634185791016,594200,0.0,0.0
2010-12-30 00:00:00-05:00,39.63472356246342,39.8776901198793,39.28203113711962,39.40743255615234,301600,0.0,0.0
2010-12-31 00:00:00-05:00,39.4466211196679,39.79931053903056,39.40743074880047,39.66607284545898,410900,0.0,0.0
2011-01-03 00:00:00-05:00,39.705260557094135,40.20686621439598,39.66607317570597,40.16767883300781,1049900,0.0,0.0
2011-01-04 00:00:00-05:00,39.9403857886352,40.03443908691406,39.61904449402928,40.03443908691406,1094000,0.0,0.0
2011-01-05 00:00:00-05:00,38.827449279952745,39.47013187930621,38.827449279952745,39.4544563293457,1696600,0.0,0.0
2011-01-06 00:00:00-05:00,39.23500232910589,39.43877848713775,38.85879812133573,38.98419952392578,2072300,0.0,0.0
2011-01-07 00:00:00-05:00,38.91366189779863,39.07825068170343,38.41205328668035,38.67853164672852,1286300,0.0,0.0
2011-01-10 00:00:00-05:00,37.99665474305653,38.28664487925438,37.90260445371218,38.21610641479492,1272400,0.0,0.0
2011-01-11 00:00:00-05:00,39.07041568191334,39.5093221434307,38.94501426288062,39.40743255615234,2477100,0.0,0.0
2011-01-12 00:00:00-05:00,39.736615393292,40.15200705670256,39.60337469628121,40.11281967163086,1653900,0.0,0.0
2011-01-13 00:00:00-05:00,41.05332765982014,42.86381037712693,40.37929394228554,42.7775993347168,7972700,0.0,0.0
2011-01-14 00:00:00-05:00,42.08789160977972,42.18194192573318,41.829249503650665,42.00951385498047,2681000,0.0,0.0
2011-01-18 00:00:00-05:00,42.5738211052422,42.87948686995736,42.39355675655904,42.64435958862305,1544700,0.0,0.0
2011-01-19 00:00:00-05:00,43.23217245562429,43.25568428310088,42.534627002304525,42.63651657104492,1414300,0.0,0.0
2011-01-20 00:00:00-05:00,42.42490785801844,42.761924724193,42.06437617084652,42.64435958862305,1674900,0.0,0.0
2011-01-21 00:00:00-05:00,43.01272568934528,43.0205619694672,42.54246815728197,42.66786956787109,1049500,0.0,0.0
2011-01-24 00:00:00-05:00,42.95001932392319,43.52216339111328,42.93434377539406,43.52216339111328,1341200,0.0,0.0
2011-01-25 00:00:00-05:00,43.287040665056,43.56919458844715,43.177314803694,43.232177734375,1338800,0.0,0.0
2011-01-26 00:00:00-05:00,44.18836128077462,44.282411583275056,43.82782963988007,44.25106048583984,2566300,0.0,0.0
2011-01-27 00:00:00-05:00,44.8467255496971,45.16806686811804,44.66646119934444,44.956451416015625,1852200,0.0,0.0
2011-01-28 00:00:00-05:00,45.591297665623145,45.80291313110772,44.61943736836712,44.85456466674805,3575200,0.0,0.0
2011-01-31 00:00:00-05:00,45.43453974535589,45.685342549337896,45.24643614746675,45.379676818847656,1846500,0.0,0.0
2011-02-01 00:00:00-05:00,45.70884838165859,46.2339687391,45.55209590228183,46.20261764526367,2374100,0.0,0.0
2011-02-02 00:00:00-05:00,46.57883346927292,46.6336964023265,46.24965288114581,46.367218017578125,3215000,0.0,0.0
2011-02-03 00:00:00-05:00,45.96749582166012,46.03803429617674,45.55210125403774,45.84209442138672,2227000,0.0,0.0
2011-02-04 00:00:00-05:00,45.78722880521812,46.24181075280988,45.6931785018494,46.17127227783203,1389500,0.0,0.0
2011-02-07 00:00:00-05:00,45.97533912627434,46.3907307675643,45.92831247280908,46.29668045043945,1092100,0.0,0.0
2011-02-08 00:00:00-05:00,46.32803069670667,46.64937201493408,46.05371304126995,46.53964614868164,735200,0.0,0.0
2011-02-09 00:00:00-05:00,46.32803165246537,46.6572092580137,46.32019238196811,46.52397155761719,643900,0.0,0.0
2011-02-10 00:00:00-05:00,46.03803575876186,46.69639387856394,45.88128325598892,46.55531692504883,896300,0.0,0.0
2011-02-11 00:00:00-05:00,46.90801443932844,47.40178386210829,46.80612783622285,47.158817291259766,1073100,0.0,0.0
2011-02-14 00:00:00-05:00,47.00205919225352,47.30772492552134,46.83746742142791,47.17448425292969,1186300,0.0,0.0
2011-02-15 00:00:00-05:00,46.51612753409435,46.82963254622554,46.3201876489637,46.4769401550293,1264200,0.0,0.0
2011-02-16 00:00:00-05:00,46.58666281035123,47.44880003955313,46.578826530998974,47.37826156616211,910700,0.0,0.0
2011-02-17 00:00:00-05:00,47.2136747322087,47.55852784418135,47.13529698643858,47.4644775390625,595800,0.0,0.0
2011-02-18 00:00:00-05:00,47.07260334054351,47.49583125847895,46.970713753908285,47.2685432434082,847400,0.0,0.0
2011-02-22 00:00:00-05:00,46.88449150747617,47.11961875177523,46.38288592235681,46.42991256713867,1230400,0.0,0.0
2011-02-23 00:00:00-05:00,46.7512566772503,46.96286911713461,46.20262441395933,46.32802581787109,1527200,0.0,0.0
2011-02-24 00:00:00-05:00,46.43775087863244,46.68071740259737,46.04587112438237,46.445587158203125,1062800,0.0,0.0
2011-02-25 00:00:00-05:00,46.24181123031818,46.90016934030815,46.23397495070872,46.7826042175293,717000,0.0,0.0
2011-02-28 00:00:00-05:00,47.98960745498622,48.02879484315416,47.11963368455001,47.339088439941406,1474400,0.0,0.0
2011-03-01 00:00:00-05:00,47.92690022076756,48.00527498400289,46.82963559663955,46.892337799072266,2204500,0.0,0.0
2011-03-02 00:00:00-05:00,47.11178708089173,47.55069051590092,47.11178708089173,47.37042617797852,1602700,0.0,0.0
2011-03-03 00:00:00-05:00,48.24040326696382,48.46769427080195,47.997439701997074,48.33445358276367,1378400,0.0,0.0
2011-03-04 00:00:00-05:00,48.710657740387546,48.773356950347726,47.82500860243356,48.16202545166016,897500,0.0,0.0
2011-03-07 00:00:00-05:00,48.38931532629828,48.55390411218303,47.64474316516512,47.83284378051758,770500,0.0,0.0
2011-03-08 00:00:00-05:00,46.68856452757603,47.37827389241599,46.4926246049356,47.13530731201172,1091500,0.0,0.0
2011-03-09 00:00:00-05:00,46.9236802084151,47.10394453379546,46.4612619859854,46.79827880859375,1339500,0.0,0.0
2011-03-10 00:00:00-05:00,46.84530332668415,47.150969038000525,46.51612279847838,46.61017608642578,2033400,0.0,0.0
2011-03-11 00:00:00-05:00,45.92831247280908,46.437757421029566,45.7088607362492,46.29668045043945,1556000,0.0,0.0
2011-03-14 00:00:00-04:00,45.90479667344791,46.17127504044144,45.69318123585256,46.07722473144531,1257700,0.0,0.0
2011-03-15 00:00:00-04:00,43.66324372737384,44.65861871269971,43.50649121971997,44.32160186767578,3901600,0.0,0.0
2011-03-16 00:00:00-04:00,43.67107612641112,44.60374876601658,42.47192217285559,42.90299224853516,5516800,0.0,0.0
2011-03-17 00:00:00-04:00,44.41564504258614,44.41564504258614,43.77296255525372,43.86701583862305,2011300,0.0,0.0
2011-03-18 00:00:00-04:00,45.62264594622303,45.65399704801536,44.90942482437845,45.12887954711914,2515600,0.0,0.0
2011-03-21 00:00:00-04:00,45.58345235155739,45.97533210113743,45.458050951284,45.84209442138672,2488400,0.0,0.0
2011-03-22 00:00:00-04:00,45.53642070486013,45.66182209136304,45.30913274731449,45.458045959472656,1066200,0.0,0.0
2011-03-23 00:00:00-04:00,45.0583328723599,45.606962104968645,44.97211885300565,45.46588516235352,909500,0.0,0.0
2011-03-24 00:00:00-04:00,46.21830323689013,47.103949406708914,46.092901824095975,46.95503616333008,1620500,0.0,0.0
2011-03-25 00:00:00-04:00,47.53501774749039,48.044459659436,47.17448608342095,47.21367645263672,2205600,0.0,0.0
2011-03-28 00:00:00-04:00,47.38610243642435,47.66042007721289,47.12746333546966,47.14313888549805,844700,0.0,0.0
2011-03-29 00:00:00-04:00,47.16664724858503,47.566363280608016,47.04124584738123,47.52717590332031,856900,0.0,0.0
2011-03-30 00:00:00-04:00,47.71527891322052,48.248235609233625,47.71527891322052,48.10715866088867,829300,0.0,0.0
2011-03-31 00:00:00-04:00,47.97391894726068,48.22472175157798,47.90338047168361,48.09148406982422,1192200,0.0,0.0
2011-04-01 00:00:00-04:00,48.13067277196126,48.75767980000968,47.9895958169247,48.577415466308594,793300,0.0,0.0
2011-04-04 00:00:00-04:00,48.8360547981352,48.92226583042214,48.58525200103366,48.85173034667969,723200,0.0,0.0
2011-04-05 00:00:00-04:00,48.812539524644144,49.557111629626895,48.67146257886614,49.478736877441406,1448100,0.0,0.0
2011-04-06 00:00:00-04:00,49.28279592263888,49.62764901039329,49.10253160473509,49.20441818237305,1258200,0.0,0.0
2011-04-07 00:00:00-04:00,49.079018666812914,49.56495170565047,48.977132085274086,49.2984733581543,1010200,0.0,0.0
2011-04-08 00:00:00-04:00,50.10574032791103,50.10574032791103,49.643322147121445,49.87061309814453,943800,0.0,0.0
2011-04-11 00:00:00-04:00,50.02737915112258,50.238991622448594,49.89413845790373,50.0587272644043,814900,0.0,0.0
2011-04-12 00:00:00-04:00,49.61197740629501,49.86278021547332,49.22009764322821,49.31414794921875,747700,0.0,0.0
2011-04-13 00:00:00-04:00,49.89413351655007,50.28601628672108,49.65900624629183,49.85494613647461,744200,0.0,0.0
2011-04-14 00:00:00-04:00,49.39253183568758,50.340883252450574,49.32982963069584,50.19196701049805,879200,0.0,0.0
2011-04-15 00:00:00-04:00,50.02737433809527,50.34871264950638,49.89413365769522,50.19980239868164,1282900,0.0,0.0
2011-04-18 00:00:00-04:00,49.1965784676947,50.568154443806776,48.365792417723824,49.71385955810547,2385200,0.0,0.0
2011-04-19 00:00:00-04:00,49.49441182041648,49.95683002818685,49.48657255141072,49.94115447998047,1195700,0.0,0.0
2011-04-20 00:00:00-04:00,51.1481478630556,51.39111140036962,51.061933837632445,51.29705810546875,1296600,0.0,0.0
2011-04-21 00:00:00-04:00,52.23756974967085,52.46486071299432,51.72028563046359,52.21405792236328,1121300,0.0,0.0
2011-04-25 00:00:00-04:00,52.31595236646794,52.56675519480814,51.97893550529727,52.488380432128906,628900,0.0,0.0
2011-04-26 00:00:00-04:00,52.48053388227012,52.95078837272641,52.3394569371722,52.93511581420898,1000000,0.0,0.0
2011-04-27 00:00:00-04:00,52.62945065707302,53.60131074498358,52.402159688682346,53.53860855102539,1216400,0.0,0.0
2011-04-28 00:00:00-04:00,49.98817809628372,50.21546906039348,49.53359915786929,49.82358932495117,3467000,0.0,0.0
2011-04-29 00:00:00-04:00,50.57600402832031,50.70924171993707,50.25466571444398,50.57600402832031,1480600,0.0,0.0
2011-05-02 00:00:00-04:00,51.3675992432268,51.41462290057139,50.71707741177744,50.85031509399414,1408400,0.0,0.0
2011-05-03 00:00:00-04:00,51.19517109399517,51.328408775952944,50.50546487596913,50.7405891418457,1377600,0.0,0.0
2011-05-04 00:00:00-04:00,50.90517934561455,50.92085788487782,50.105747251897945,50.22331237792969,1245000,0.0,0.0
2011-05-05 00:00:00-04:00,49.321987939209805,49.557115202523285,48.79686749433118,49.0241584777832,1622600,0.0,0.0
2011-05-06 00:00:00-04:00,49.314146473401536,49.6198151908824,48.29525971788101,48.60092544555664,2018800,0.0,0.0
2011-05-09 00:00:00-04:00,48.88307799753314,49.59629900571964,48.749840320856784,49.478736877441406,1515800,0.0,0.0
2011-05-10 00:00:00-04:00,49.7608980852791,50.50547029973536,49.67468405131604,50.44276809692383,2170200,0.0,0.0
2011-05-11 00:00:00-04:00,50.43492153125271,50.5211355527449,49.18090755447112,49.525760650634766,1952700,0.0,0.0
2011-05-12 00:00:00-04:00,49.31414844820228,50.23898493758226,49.00848270828616,50.22331237792969,1432900,0.0,0.0
2011-05-13 00:00:00-04:00,49.67468238858293,50.00385997290835,48.87524726832842,49.22010040283203,1823400,0.0,0.0
2011-05-16 00:00:00-04:00,49.03983396051485,49.572790684529,48.94578365327863,49.03199768066406,1006700,0.0,0.0
2011-05-17 00:00:00-04:00,48.36579812660948,48.8987548268866,48.25607227475334,48.6087646484375,1776300,0.0,0.0
2011-05-18 00:00:00-04:00,48.49904208870629,49.31414975345518,48.36580140968999,49.23577499389648,1220000,0.0,0.0
2011-05-19 00:00:00-04:00,49.4395562540957,49.651168711860834,49.07118829093869,49.60414505004883,1052300,0.0,0.0
2011-05-20 00:00:00-04:00,48.930106690373854,49.03199626432303,48.20904638291051,48.37363815307617,1641900,0.0,0.0
2011-05-23 00:00:00-04:00,47.06688149458147,47.54350693050362,46.86828705789547,47.24958801269531,1918600,0.825,0.0
2011-05-24 00:00:00-04:00,47.64678236009881,47.86126473999836,47.305199647330376,47.4005241394043,2254400,0.0,0.0
2011-05-25 00:00:00-04:00,47.13837740417558,47.90097934275278,47.13837740417558,47.67855453491211,1733300,0.0,0.0
2011-05-26 00:00:00-04:00,47.66266696047944,47.908925164020445,47.2893084329229,47.7182731628418,1480100,0.0,0.0
2011-05-27 00:00:00-04:00,47.62294732899743,48.05191204677049,47.52762284626253,47.89303588867188,728900,0.0,0.0
2011-05-31 00:00:00-04:00,49.4182428196466,49.45796110407383,48.91778698130388,49.38646697998047,3271100,0.0,0.0
2011-06-01 00:00:00-04:00,49.31497794198312,49.39441451414905,48.25845395637252,48.29022979736328,2514900,0.0,0.0
2011-06-02 00:00:00-04:00,48.46499306183386,48.6238692436875,48.05191923144997,48.472938537597656,996300,0.0,0.0
2011-06-03 00:00:00-04:00,48.27434308669167,49.04489058331836,48.21873687871975,48.71125030517578,1605100,0.0,0.0
2011-06-06 00:00:00-04:00,48.86217726558549,48.917786499609065,48.36172143217077,48.425270080566406,1173600,0.0,0.0
2011-06-07 00:00:00-04:00,49.40235715443632,49.48973920235069,48.87012545213749,48.92573165893555,1443300,0.0,0.0
2011-06-08 00:00:00-04:00,48.536485482487286,48.68741921357172,47.93275964908265,48.06780242919922,1247400,0.0,0.0
2011-06-09 00:00:00-04:00,48.298168451401615,48.83040314013196,48.15518020847769,48.62386322021485,1696900,0.0,0.0
2011-06-10 00:00:00-04:00,48.33788689081423,48.40938101250759,47.36080258121217,47.40846633911133,1184200,0.0,0.0
2011-06-13 00:00:00-04:00,47.82948615818854,48.15518093189456,47.59117342650549,47.75004959106445,885500,0.0,0.0
2011-06-14 00:00:00-04:00,49.02105102621235,49.48179158328979,48.949556906331736,49.12432098388672,1369100,0.0,0.0
2011-06-15 00:00:00-04:00,47.678553319255336,48.18695459867747,47.09865792052005,47.28136444091797,2001900,0.0,0.0
2011-06-16 00:00:00-04:00,47.09071751279799,47.40846986178133,46.62997994011421,47.05894470214844,1534900,0.0,0.0
2011-06-17 00:00:00-04:00,48.59208578448467,48.59208578448467,47.53556494684233,47.85331726074219,2401100,0.0,0.0
2011-06-20 00:00:00-04:00,47.52762438025268,48.33788705511719,47.44024233896258,48.3299446105957,1761600,0.0,0.0
2011-06-21 00:00:00-04:00,48.66358774117249,49.29114699552621,48.60798153183089,49.13227081298828,2466600,0.0,0.0
2011-06-22 00:00:00-04:00,48.66359252098097,48.80658079627851,47.87716003715591,47.94865417480469,2298300,0.0,0.0
2011-06-23 00:00:00-04:00,46.93185154553111,47.45614088031134,46.35989844202125,47.32904052734375,3512600,0.0,0.0
2011-06-24 00:00:00-04:00,46.58231652390831,46.64586820630037,46.02625142422178,46.22484588623047,2013200,0.0,0.0
2011-06-27 00:00:00-04:00,46.16129385486713,46.95567164474869,46.05802389369551,46.82857131958008,982700,0.0,0.0
2011-06-28 00:00:00-04:00,46.8524016047233,47.13837809344908,46.7014709158117,47.11454772949219,1628500,0.0,0.0
2011-06-29 00:00:00-04:00,47.384638612979046,47.50379346889355,47.05099834973439,47.34491729736328,1298800,0.0,0.0
2011-06-30 00:00:00-04:00,47.67061176177325,48.29022852350425,47.559399351550255,48.17901611328125,1032800,0.0,0.0
2011-07-01 00:00:00-04:00,47.79771335293936,48.3855542900246,47.68650093978266,48.29022979736328,741700,0.0,0.0
2011-07-05 00:00:00-04:00,48.47293310004756,48.56825758634207,48.163126246857296,48.32200241088867,895300,0.0,0.0
2011-07-06 00:00:00-04:00,47.87715690427852,48.163133436160514,47.662674505367015,48.0280876159668,1045900,0.0,0.0
2011-07-07 00:00:00-04:00,48.90984157686052,50.037859644150274,48.85423537251992,49.950477600097656,3422200,0.0,0.0
2011-07-08 00:00:00-04:00,49.1878786540079,49.41030652906392,48.51265864371196,48.94956588745117,2115700,0.0,0.0
2011-07-11 00:00:00-04:00,47.63883699911003,47.75004940477419,47.02716573764639,47.13837814331055,1576200,0.0,0.0
2011-07-12 00:00:00-04:00,46.55054156854299,46.92390013392365,46.240734686763744,46.27251052856445,1392800,0.0,0.0
2011-07-13 00:00:00-04:00,46.5505396063042,47.42435703712338,46.4869909556926,46.7491340637207,1812000,0.0,0.0
2011-07-14 00:00:00-04:00,46.33606108912044,46.55054044029923,45.47018911805916,45.56551361083984,2769300,0.0,0.0
2011-07-15 00:00:00-04:00,46.25661877707892,46.26456425202665,45.4940168188806,45.93886947631836,1888600,0.0,0.0
2011-07-18 00:00:00-04:00,45.27953909974743,45.486076014935705,44.68375569054023,45.44635772705078,2296200,0.0,0.0
2011-07-19 00:00:00-04:00,45.91503862151406,46.65381025635495,45.91503862151406,46.49493408203125,2331500,0.0,0.0
2011-07-20 00:00:00-04:00,46.590256148198,46.62997442954941,46.08185184384386,46.343997955322266,1354200,0.0,0.0
2011-07-21 00:00:00-04:00,47.09071872396055,47.75799624973903,46.812687684182464,47.47996520996094,3361500,0.0,0.0
2011-07-22 00:00:00-04:00,48.10751699807983,48.19489600396947,47.5355640559042,48.11545944213867,1361300,0.0,0.0
2011-07-25 00:00:00-04:00,47.72622493585778,48.07575011544802,47.615009486145695,47.916873931884766,1133200,0.0,0.0
2011-07-26 00:00:00-04:00,47.964533758028224,51.49951567325665,47.59911765674104,51.23736953735352,7480900,0.0,0.0
2011-07-27 00:00:00-04:00,50.76869011158957,50.784578032802486,49.64861742372282,49.7042236328125,3559300,0.0,0.0
2011-07-28 00:00:00-04:00,49.66450089586386,50.15701428809948,49.41824268459063,49.64861297607422,2265000,0.0,0.0
2011-07-29 00:00:00-04:00,48.81451972224312,50.10935647242874,48.6238677039936,49.57712173461914,1244400,0.0,0.0
2011-08-01 00:00:00-04:00,50.18084124506389,50.22056255699613,48.09162993472384,48.7827377319336,1643400,0.0,0.0
2011-08-02 00:00:00-04:00,47.71033795545733,48.25845761773438,47.04306039557992,47.09072113037109,1749200,0.0,0.0
2011-08-03 00:00:00-04:00,47.56735112719928,47.67061807590675,46.29634462554658,47.50379943847656,1631000,0.0,0.0
2011-08-04 00:00:00-04:00,45.94682282124232,46.12952939434433,44.26274233978378,44.37395477294922,2952200,0.0,0.0
2011-08-05 00:00:00-04:00,45.0491638986813,45.43841035045781,43.269759339930765,44.76318740844727,3957800,0.0,0.0
2011-08-08 00:00:00-04:00,42.24501029925246,42.80901779199195,40.68803058817837,40.72774887084961,2485300,0.0,0.0
2011-08-09 00:00:00-04:00,42.165576461385086,43.1029395082403,40.727751505319176,43.05527877807617,2161100,0.0,0.0
2011-08-10 00:00:00-04:00,41.68894352049356,41.72866180151617,39.54412301185612,39.726829528808594,3587300,0.0,0.0
2011-08-11 00:00:00-04:00,40.10019245330817,41.80016052290104,39.84599179039583,41.27587127685547,2299200,0.0,0.0
2011-08-12 00:00:00-04:00,41.95109211091544,42.308559691571226,40.96606231961989,41.99081039428711,2407900,0.0,0.0
2011-08-15 00:00:00-04:00,42.68191914724129,42.99967148172467,42.22118159558232,42.70574951171875,1312900,0.0,0.0
2011-08-16 00:00:00-04:00,42.09408319791723,42.904345930410805,41.831937055402086,42.2291259765625,1365800,0.0,0.0
2011-08-17 00:00:00-04:00,41.97492456980103,42.56276549609687,41.180546741478,41.58567810058594,1205100,0.0,0.0
2011-08-18 00:00:00-04:00,39.64740558516881,39.6553480317769,38.37640200606503,38.84508514404297,2961600,0.0,0.0
2011-08-19 00:00:00-04:00,38.43994885139913,39.67123407859136,38.360512267829854,38.70209503173828,2415100,0.0,0.0
2011-08-22 00:00:00-04:00,40.338507275497285,40.338507275497285,39.06750389541386,39.30581665039063,1702300,0.0,0.0
2011-08-23 00:00:00-04:00,40.3305637093587,41.037559509277344,40.06047511980776,41.037559509277344,1765200,0.0,0.0
2011-08-24 00:00:00-04:00,41.74455822782463,42.14174717962184,41.17260819784828,41.86371612548828,2024400,0.0,0.0
2011-08-25 00:00:00-04:00,41.68894880570903,41.86371290073736,40.44971828064729,40.68803405761719,1743500,0.0,0.0
2011-08-26 00:00:00-04:00,41.20437033713001,42.30855485224193,40.77540868334633,42.20528793334961,2833900,0.0,0.0
2011-08-29 00:00:00-04:00,42.62631209709151,43.21415299512346,42.586593813647234,43.1982650756836,1231000,0.0,0.0
2011-08-30 00:00:00-04:00,42.30061589771034,43.03144198543151,42.00669697376253,42.80901718139648,1455500,0.0,0.0
2011-08-31 00:00:00-04:00,43.41274818333789,44.11974394376501,43.07116548532982,43.30153274536133,1916100,0.0,0.0
2011-09-01 00:00:00-04:00,42.7136949867518,43.26976005694229,42.36416984306875,42.70574951171875,3002300,0.0,0.0
2011-09-02 00:00:00-04:00,41.73661271416981,41.9431496205854,41.18054761646645,41.29970550537109,1320200,0.0,0.0
2011-09-06 00:00:00-04:00,39.65534485175201,40.505332025610834,39.623572037556,40.433837890625,1580500,0.0,0.0
2011-09-07 00:00:00-04:00,41.19643294333092,42.0305290222168,41.093162981469376,42.0305290222168,1218800,0.0,0.0
2011-09-08 00:00:00-04:00,41.13288765928864,41.71278317628399,40.616543830336695,40.73569869995117,2162400,0.0,0.0
2011-09-09 00:00:00-04:00,39.86982556468636,40.0922534364868,39.011899011576965,39.10722351074219,2588900,0.0,0.0
2011-09-12 00:00:00-04:00,38.066583279304446,39.05955554385614,38.042752914654685,39.04367065429688,2874900,0.0,0.0
2011-09-13 00:00:00-04:00,38.51143844631913,39.31376178516742,38.40022603031507,39.26609802246094,2660500,0.0,0.0
2011-09-14 00:00:00-04:00,39.04366676672082,40.2590637278156,38.43199554902375,39.949256896972656,4657200,0.0,0.0
2011-09-15 00:00:00-04:00,40.84690374546121,41.164656067659486,40.32261453505157,41.06138610839844,2442600,0.0,0.0
2011-09-16 00:00:00-04:00,40.98195682011346,41.36325785627204,40.5132737283185,41.02167510986328,2487400,0.0,0.0
2011-09-19 00:00:00-04:00,39.178718291424985,40.27496065606608,38.75769896868864,40.08430862426758,2753200,0.0,0.0
2011-09-20 00:00:00-04:00,40.41000112634826,40.8707417423956,39.97309390685201,40.18757629394531,2237100,0.0,0.0
2011-09-21 00:00:00-04:00,40.87074571217431,41.506247459559845,39.86188536243855,39.87777328491211,2644900,0.0,0.0
2011-09-22 00:00:00-04:00,38.598820707014,39.05955829444971,38.26518042686787,38.69414520263672,2324800,0.0,0.0
2011-09-23 00:00:00-04:00,37.67733940890333,38.845075748088846,37.64556356953387,38.74974822998047,2567100,0.0,0.0
2011-09-26 00:00:00-04:00,39.09927297258968,39.66328043552344,38.37638935705627,39.63945007324219,1568900,0.0,0.0
2011-09-27 00:00:00-04:00,40.64036366745811,41.06138288556164,40.425881321355234,40.78335189819336,2917400,0.0,0.0
2011-09-28 00:00:00-04:00,41.92725888720147,42.24501121608896,40.68008599633087,40.7754135131836,2277200,0.0,0.0
2011-09-29 00:00:00-04:00,41.9431432325253,42.12584974545764,40.71185836605312,41.43474197387695,1886800,0.0,0.0
2011-09-30 00:00:00-04:00,40.38617463916983,41.0057884634121,40.17963770785952,40.21141052246094,2541500,0.0,0.0
2011-10-03 00:00:00-04:00,39.5044156242565,40.15580530964323,38.43994903564453,38.43994903564453,1836700,0.0,0.0
2011-10-04 00:00:00-04:00,38.527320946365386,39.7268300177506,38.01891967027336,39.71094512939453,2300000,0.0,0.0
2011-10-05 00:00:00-04:00,39.96515096559742,40.77541674112461,39.64739861155541,40.7436408996582,2762800,0.0,0.0
2011-10-06 00:00:00-04:00,40.41794371623267,41.80810488011936,40.27495546837945,41.776329040527344,1371700,0.0,0.0
2011-10-07 00:00:00-04:00,42.181459198748605,42.538929808292735,41.63333961765479,41.71277618408203,1353300,0.0,0.0
2011-10-10 00:00:00-04:00,42.67397155487157,43.61927993894778,42.63425024511948,43.5001220703125,1212400,0.0,0.0
2011-10-11 00:00:00-04:00,43.28564241226872,43.80198610153896,43.158542100876446,43.77021026611328,1093600,0.0,0.0
2011-10-12 00:00:00-04:00,43.98469857370515,44.691694341081366,43.643115872339656,44.23889923095703,1321000,0.0,0.0
2011-10-13 00:00:00-04:00,44.08796966337538,44.64403475167834,43.7146111127428,44.61225891113281,1116200,0.0,0.0
2011-10-14 00:00:00-04:00,45.6131698113917,46.06596792532397,45.35896916901856,45.79587936401367,1447700,0.0,0.0
2011-10-17 00:00:00-04:00,45.39075474045136,45.42253058513967,45.00151124910934,45.0571174621582,1483200,0.0,0.0
2011-10-18 00:00:00-04:00,45.43046233268677,46.66969271090081,45.04916137715413,46.343997955322266,1506000,0.0,0.0
2011-10-19 00:00:00-04:00,45.56551720819436,46.00242445076948,45.16832825488766,45.23982238769531,1327200,0.0,0.0
2011-10-20 00:00:00-04:00,45.53373781795143,45.72438983402537,44.906178593333856,45.5893440246582,920600,0.0,0.0
2011-10-21 00:00:00-04:00,46.375779079126026,46.757080078125,46.22484535035014,46.757080078125,686700,0.0,0.0
2011-10-24 00:00:00-04:00,46.447273158043146,47.4005241394043,46.439327682688926,47.4005241394043,920100,0.0,0.0
2011-10-25 00:00:00-04:00,47.40052094162091,47.58323049871032,46.59025826818891,47.12248992919922,1175600,0.0,0.0
2011-10-26 00:00:00-04:00,48.457046300369726,48.61592246807245,47.18604301936961,48.155181884765625,2123400,0.0,0.0
2011-10-27 00:00:00-04:00,49.1640482134821,50.38739091838535,48.7271409703913,49.82338333129883,2332700,0.0,0.0
2011-10-28 00:00:00-04:00,49.31497633573794,49.81543217864265,49.21170637103706,49.68038940429688,1440200,0.0,0.0
2011-10-31 00:00:00-04:00,48.63181970560152,48.9177962561966,47.94865417480469,47.94865417480469,2516400,0.0,0.0
2011-11-01 00:00:00-04:00,46.30428562874663,47.38463999017903,46.10569116613952,46.836517333984375,2825900,0.0,0.0
2011-11-02 00:00:00-04:00,47.43229096746159,48.1710624588582,47.20986618478232,47.86125564575195,1526300,0.0,0.0
2011-11-03 00:00:00-04:00,48.33788692393939,49.37058046695353,47.5752849788948,49.23553466796875,2196000,0.0,0.0
2011-11-04 00:00:00-04:00,48.34583093389211,48.74301981369035,48.05985445558767,48.51264953613281,2982700,0.0,0.0
2011-11-07 00:00:00-05:00,48.04397496145592,48.64770386158943,47.71033769846992,48.56032180786133,3846600,0.0,0.0
2011-11-08 00:00:00-05:00,49.02900245241405,49.36263969881647,48.43321905785741,49.283203125,1904800,0.0,0.0
2011-11-09 00:00:00-05:00,47.32903289129485,47.50379395448474,46.185126868832505,46.45521545410156,2498100,0.0,0.0
2011-11-10 00:00:00-05:00,47.35286751142774,47.55940443386852,46.5346592370848,47.41641616821289,1773000,0.0,0.0
2011-11-11 00:00:00-05:00,48.29817101734296,48.78274197407226,48.02808243639437,48.20284652709961,1247100,0.0,0.0
2011-11-14 00:00:00-05:00,47.67854783144993,47.86125433081831,47.24958316494489,47.44023513793945,943100,0.0,0.0
2011-11-15 00:00:00-05:00,47.50379299338182,48.218734242956,47.27342269848449,47.90098190307617,1043300,0.0,0.0
2011-11-16 00:00:00-05:00,47.20192972846832,47.75799482170844,46.73324971265974,46.757080078125,1217900,0.0,0.0
2011-11-17 00:00:00-05:00,47.352863208815805,47.57528803282055,46.43138504182491,46.76502227783203,1270800,0.0,0.0
2011-11-18 00:00:00-05:00,47.08277199974828,47.09865991919327,46.37577625115547,46.51876449584961,902900,0.0,0.0
2011-11-21 00:00:00-05:00,46.11363023537848,46.216900196860976,45.637004772139065,45.92298126220703,1485800,0.0,0.0
2011-11-22 00:00:00-05:00,45.69260664309012,45.946807270092,45.327193620563726,45.605224609375,1076300,0.0,0.0
2011-11-23 00:00:00-05:00,45.42252896848959,45.47019273382562,44.23096210788978,44.3421745300293,2580400,0.0,0.0
2011-11-25 00:00:00-05:00,43.80199432373047,44.30245321954084,43.77816395784318,43.80199432373047,1138100,0.0,0.0
2011-11-28 00:00:00-05:00,45.23981886657636,45.446355772883656,44.96973027813696,45.255706787109375,626300,0.0,0.0
2011-11-29 00:00:00-05:00,45.31925298103043,45.63700531383552,45.04916440723935,45.08094024658203,1431400,0.0,0.0
2011-11-30 00:00:00-05:00,47.130437858849646,47.63883918250743,46.93978584732251,47.63089370727539,1081000,0.0,0.0
2011-12-01 00:00:00-05:00,47.78182395347985,48.12340663611722,47.43229579618912,47.67060852050781,995100,0.0,0.0
2011-12-02 00:00:00-05:00,47.96454170156216,48.02014791590629,47.29726409912109,47.29726409912109,600600,0.0,0.0
2011-12-05 00:00:00-05:00,46.93978958691111,47.186047823437725,46.24073619603416,46.37578201293945,3263700,0.0,0.0
2011-12-06 00:00:00-05:00,46.52670593161352,47.01921930248633,46.486987649017614,46.733245849609375,867500,0.0,0.0
2011-12-07 00:00:00-05:00,46.304283105882654,46.82857233738735,45.97064285111921,46.61408996582031,1488700,0.0,0.0
2011-12-08 00:00:00-05:00,46.12158097277291,46.46316370484989,45.724392031317,45.77205276489258,1575700,0.0,0.0
2011-12-09 00:00:00-05:00,46.10569309938561,46.82857685237408,46.05802933544937,46.69353103637695,1147000,0.0,0.0
2011-12-12 00:00:00-05:00,45.90708798922215,45.90708798922215,45.27952887923544,45.5098991394043,786300,0.0,0.0
2011-12-13 00:00:00-05:00,45.85149203897036,46.08185932030828,44.32628493907483,44.50104904174805,1168500,0.0,0.0
2011-12-14 00:00:00-05:00,44.85056982845141,44.9220639516124,44.08796786827477,44.49309921264648,1515800,0.0,0.0
2011-12-15 00:00:00-05:00,45.35103018872258,45.37486055379319,44.49310068244955,44.572540283203125,1096100,0.0,0.0
2011-12-16 00:00:00-05:00,43.82583116930556,44.09591980043484,43.25388109126999,43.3809814453125,1539800,0.0,0.0
2011-12-19 00:00:00-05:00,43.738441567412565,43.80199021391978,43.08705203158224,43.14265823364258,757900,0.0,0.0
2011-12-20 00:00:00-05:00,44.21506945406109,44.42955182965176,43.95292634854644,44.27067565917969,2326600,0.0,0.0
2011-12-21 00:00:00-05:00,41.871650310744414,42.3800515838976,40.83101740173105,41.498294830322266,6344000,0.0,0.0
2011-12-22 00:00:00-05:00,42.13380499841482,42.27679326438432,41.83988299041574,42.21324157714844,2605400,0.0,0.0
2011-12-23 00:00:00-05:00,41.744552160263176,42.33239305681744,41.67305803811888,42.30061721801758,1124000,0.0,0.0
2011-12-27 00:00:00-05:00,42.57071021610813,42.59454058253187,42.28473369777893,42.3323974609375,592400,0.0,0.0
2011-12-28 00:00:00-05:00,41.95109677559135,41.9669846967688,41.2758737619497,41.47446823120117,1606700,0.0,0.0
2011-12-29 00:00:00-05:00,41.61745947056533,42.03053635981475,41.3870891424685,42.0146484375,626800,0.0,0.0
2011-12-30 00:00:00-05:00,42.09408510754572,42.18940960446161,41.97492721366752,42.06230926513672,651800,0.0,0.0
2012-01-03 00:00:00-05:00,43.11882201783583,43.41274395841749,42.99966717706618,43.237979888916016,2083400,0.0,0.0
2012-01-04 00:00:00-05:00,43.42863394972906,43.47629770982439,42.809020220044296,43.01556015014648,1973000,0.0,0.0
2012-01-05 00:00:00-05:00,42.824911307699175,43.00761785611248,42.63425928352684,42.959957122802734,2471000,0.0,0.0
2012-01-06 00:00:00-05:00,42.705752247392304,42.93612255313443,42.34033916054614,42.89640426635742,1557100,0.0,0.0
2012-01-09 00:00:00-05:00,43.34920684818804,43.53191342299377,43.102948579374285,43.49219512939453,1947500,0.0,0.0
2012-01-10 00:00:00-05:00,42.4356621530186,42.88051482798591,42.411831787857984,42.79313278198242,2576100,0.0,0.0
2012-01-11 00:00:00-05:00,42.04642215150224,42.50715975403751,41.92726425533541,42.41978073120117,4208200,0.0,0.0
2012-01-12 00:00:00-05:00,42.27678685407307,42.49921166505053,42.0623044876402,42.30061721801758,2380400,0.0,0.0
2012-01-13 00:00:00-05:00,43.40480765846592,43.53190800033786,42.90434873658405,43.34125900268555,5496900,0.0,0.0
2012-01-17 00:00:00-05:00,44.270674776129866,44.47721470271706,44.07208032457879,44.2230110168457,3106500,0.0,0.0
2012-01-18 00:00:00-05:00,45.04916378853076,45.4384102393555,44.930008938098446,45.35897064208984,2356500,0.0,0.0
2012-01-19 00:00:00-05:00,44.96973445033298,45.39869925359003,44.842634104587695,45.31925964355469,1837400,0.0,0.0
2012-01-20 00:00:00-05:00,45.2080428286266,45.37486144803034,45.13654870169486,45.287479400634766,1339300,0.0,0.0
2012-01-23 00:00:00-05:00,45.70055609499653,46.06597220386913,45.57345576200505,45.883262634277344,1799000,0.0,0.0
2012-01-24 00:00:00-05:00,45.74027343601888,46.33605676332181,45.708497597954825,46.12157440185547,1970700,0.0,0.0
2012-01-25 00:00:00-05:00,45.88326244287039,46.57437334154504,45.54962520652617,46.45521545410156,2364700,0.0,0.0
2012-01-26 00:00:00-05:00,47.456137811351645,47.60706852376773,47.058948855224976,47.09866714477539,2182100,0.0,0.0
2012-01-27 00:00:00-05:00,47.51968881580943,48.12341775591752,47.49585844696433,47.94070816040039,2272500,0.0,0.0
2012-01-30 00:00:00-05:00,47.55940710732174,48.0122022972471,47.41641883362831,47.94070816040039,1254900,0.0,0.0
2012-01-31 00:00:00-05:00,48.266396843732345,48.2902302398493,47.86126547347628,48.04397201538086,1047600,0.0,0.0
2012-02-01 00:00:00-05:00,48.76685421441958,49.22759480768158,48.71919348429656,48.81451797485352,1559800,0.0,0.0
2012-02-02 00:00:00-05:00,49.29908928213178,49.67244480208549,49.08460690412725,49.18787384033203,1293300,0.0,0.0
2012-02-03 00:00:00-05:00,50.061688503400745,50.27617086954099,49.783654459747495,50.18084335327149,1811900,0.0,0.0
2012-02-06 00:00:00-05:00,49.98224401343147,50.164953553239386,49.79159506017782,50.0378532409668,672300,0.0,0.0
2012-02-07 00:00:00-05:00,50.43504759313996,50.62569656717477,49.95047665280936,50.52242660522461,970400,0.0,0.0
2012-02-08 00:00:00-05:00,50.10936354684584,50.52243742246716,50.029923932063696,50.46683120727539,904400,0.0,0.0
2012-02-09 00:00:00-05:00,50.36355974583248,51.04672522025623,50.24440184947999,50.72102737426758,2939200,0.0,0.0
2012-02-10 00:00:00-05:00,49.87103448709208,50.21261716415249,49.7359917232969,49.96636199951172,1288500,0.0,0.0
2012-02-13 00:00:00-05:00,50.2523436410571,50.35561361453112,50.10935840973072,50.307952880859375,1245900,0.0,0.0
2012-02-14 00:00:00-05:00,50.57803339790161,50.713079200534885,50.30000237823142,50.55420303344727,1286400,0.0,0.0
2012-02-15 00:00:00-05:00,50.72897426911041,50.75280463692299,50.12524535516087,50.21262741088867,886300,0.0,0.0
2012-02-16 00:00:00-05:00,50.506540365348265,51.340633392333984,50.36355212349051,51.340633392333984,895400,0.0,0.0
2012-02-17 00:00:00-05:00,51.5869053086932,51.61868115353448,51.04672806763695,51.18971633911133,616500,0.0,0.0
2012-02-21 00:00:00-05:00,52.10323626359848,52.413049177033855,51.72193831888373,51.9284782409668,1337100,0.0,0.0
2012-02-22 00:00:00-05:00,51.93641260365218,52.38126824337958,51.769594011487264,52.15089797973633,1926200,0.0,0.0
2012-02-23 00:00:00-05:00,52.42893088414196,52.96910799022161,51.8490324667804,52.93733215332031,1588400,0.0,0.0
2012-02-24 00:00:00-05:00,53.819102749047616,53.88265443562539,53.59667790664782,53.83498764038086,2144400,0.0,0.0
2012-02-27 00:00:00-05:00,52.51632091940986,53.47751740474779,52.46071471151832,53.23126220703125,914400,0.0,0.0
2012-02-28 00:00:00-05:00,53.56489923663225,54.18451299651127,53.429856455247766,54.1368522644043,947900,0.0,0.0
2012-02-29 00:00:00-05:00,53.99385841173872,54.41487766337635,53.49339653399314,53.70788192749024,1205500,0.0,0.0
2012-03-01 00:00:00-05:00,53.88265557207025,54.28778394614774,53.71583693675201,54.232177734375,1663300,0.0,0.0
2012-03-02 00:00:00-05:00,53.86675619054029,53.89853202952698,53.5092886080278,53.74760437011719,1006500,0.0,0.0
2012-03-05 00:00:00-05:00,54.27189008967563,54.29572045355293,53.72376747801167,54.09712600708008,1309900,0.0,0.0
2012-03-06 00:00:00-05:00,53.34247112124168,53.445738054655166,52.476596157344034,52.73079681396485,2428100,0.0,0.0
2012-03-07 00:00:00-05:00,52.8181862812144,53.159769029739785,52.6990283809153,52.969120025634766,1069100,0.0,0.0
2012-03-08 00:00:00-05:00,53.89853188990974,54.84384340029494,53.80321043381817,54.65319442749024,1436900,0.0,0.0
2012-03-09 00:00:00-05:00,54.56581701841843,54.91533915479868,54.44665912756562,54.80412673950195,1006200,0.0,0.0
2012-03-12 00:00:00-04:00,54.52609617877716,55.20926162765256,54.44665960438698,55.12187957763672,719200,0.0,0.0
2012-03-13 00:00:00-04:00,55.3204757416129,56.218120574951165,55.30459085049624,56.21812057495117,2876700,0.0,0.0
2012-03-14 00:00:00-04:00,55.97980440365277,56.241950531583605,55.701773386432926,55.948028564453125,2908700,0.0,0.0
2012-03-15 00:00:00-04:00,56.051305438404704,56.837743961690606,56.0036447014623,56.7662467956543,2085400,0.0,0.0
2012-03-16 00:00:00-04:00,56.988665748738434,57.27464226203058,56.89334428472244,57.19520568847656,1402200,0.0,0.0
2012-03-19 00:00:00-04:00,57.1316565772166,57.60828210061855,56.84568005105097,57.44146347045898,1144200,0.0,0.0
2012-03-20 00:00:00-04:00,56.64708746368612,57.06810679105053,56.53587503987751,56.917179107666016,1942500,0.0,0.0
2012-03-21 00:00:00-04:00,56.63914323273976,56.84567711046928,56.4326032943882,56.59147644042969,1725100,0.0,0.0
2012-03-22 00:00:00-04:00,55.81299135214291,56.43260512669373,55.77327003403181,56.04336166381836,1771200,0.0,0.0
2012-03-23 00:00:00-04:00,55.78121644026511,56.03541712279864,55.43963370492733,55.9083137512207,1221900,0.0,0.0
2012-03-26 00:00:00-04:00,56.21017846568131,56.59942191591837,56.17045714885992,56.59147644042969,2349700,0.0,0.0
2012-03-27 00:00:00-04:00,56.575589585363296,56.60736542559252,56.05129731251394,56.06718826293945,855400,0.0,0.0
2012-03-28 00:00:00-04:00,56.535863949281215,56.54380942388676,55.49523101894536,55.77326202392578,1708800,0.0,0.0
2012-03-29 00:00:00-04:00,54.93916907797013,55.56672217830477,54.7961808379976,55.48728561401367,1333200,0.0,0.0
2012-03-30 00:00:00-04:00,55.5190614012105,55.74148620527123,55.32841243496149,55.46345520019531,2315300,0.0,0.0
2012-04-02 00:00:00-04:00,55.757385126996,56.62325410384234,55.61439686670863,56.37699890136719,1582200,0.0,0.0
2012-04-03 00:00:00-04:00,56.2101782865488,56.22606317685352,54.772350258780754,55.082157135009766,2088300,0.0,0.0
2012-04-04 00:00:00-04:00,53.977966716502806,54.25600378279627,52.961164146832665,53.6046142578125,2724600,0.0,0.0
2012-04-05 00:00:00-04:00,52.51632455959182,53.62845485513243,52.45277287170435,53.51724243164063,3228200,0.0,0.0
2012-04-09 00:00:00-04:00,52.40511214369169,52.82613146991775,52.38922119140625,52.38922119140625,1293300,0.0,0.0
2012-04-10 00:00:00-04:00,52.53220385814696,52.83407131316135,51.07055155609249,51.29297637939453,3884000,0.0,0.0
2012-04-11 00:00:00-04:00,52.2303441815333,52.74669100153599,51.99997387535911,52.36538696289063,2572200,0.0,0.0
2012-04-12 00:00:00-04:00,53.17565512739115,53.199485493150846,51.79343330710891,52.30978012084961,5235300,0.0,0.0
2012-04-13 00:00:00-04:00,52.81818091577285,52.83407186653051,51.22942523483596,51.96819686889648,5666500,0.0,0.0
2012-04-16 00:00:00-04:00,50.73691432259335,51.014948398645664,50.347670858555695,50.62570190429688,3275800,0.0,0.0
2012-04-17 00:00:00-04:00,51.05466002656036,51.737825439310846,50.76868655569097,51.5948371887207,2400300,0.0,0.0
2012-04-18 00:00:00-04:00,51.67427918101741,51.99202545784987,51.48362414217183,51.53923034667969,2567100,0.0,0.0
2012-04-19 00:00:00-04:00,51.63455982855464,52.07147006673736,50.84812746044773,51.06260681152344,2270500,0.0,0.0
2012-04-20 00:00:00-04:00,51.86492856211753,52.150905061985554,51.71399483701447,51.80932235717773,3112300,0.0,0.0
2012-04-23 00:00:00-04:00,50.93550130683032,51.08642895157421,50.44298494132765,51.03082275390625,1464400,0.0,0.0
2012-04-24 00:00:00-04:00,51.34858492004272,51.9681986875928,51.06260840261619,51.753719329833984,3258000,0.0,0.0
2012-04-25 00:00:00-04:00,51.99202519668144,52.524262935007926,51.89670373835922,52.397159576416016,4945400,0.0,0.0
2012-04-26 00:00:00-04:00,51.95231140992971,53.421909186581175,51.880814253546966,53.35041809082031,3353300,0.0,0.0
2012-04-27 00:00:00-04:00,53.040607849031645,53.199487059811744,52.81024359948933,52.9770622253418,1179700,0.0,0.0
2012-04-30 00:00:00-04:00,52.56398566939446,52.84996220630139,52.39716703296919,52.6593132019043,1149700,0.0,0.0
2012-05-01 00:00:00-04:00,52.587813491313455,52.93734169963778,52.55604370930423,52.77052307128906,1291800,0.0,0.0
2012-05-02 00:00:00-04:00,52.309779581824,52.48454367642357,51.85698445518965,52.30183410644531,1307400,0.0,0.0
2012-05-03 00:00:00-04:00,51.75372205177781,52.11913516312538,51.23737519812185,51.38036346435547,3209200,0.0,0.0
2012-05-04 00:00:00-04:00,50.44299849643206,50.689256745358215,49.79955128296707,49.98225784301758,1406700,0.0,0.0
2012-05-07 00:00:00-04:00,49.7518818446783,50.18084354831532,49.56917531658441,50.149070739746094,3606100,0.0,0.0
2012-05-08 00:00:00-04:00,49.45796668175284,49.6565611565966,48.68742217997067,49.4818000793457,1685300,0.0,0.0
2012-05-09 00:00:00-04:00,48.79069197951641,49.59301540179861,48.584155046932594,49.41030883789063,1823800,0.0,0.0
2012-05-10 00:00:00-04:00,49.68038928691095,49.75188341148711,48.92572975645392,49.09254837036133,2447800,0.0,0.0
2012-05-11 00:00:00-04:00,49.33881680762726,50.2523496661622,49.23554682177148,49.92665481567383,2159000,0.0,0.0
2012-05-14 00:00:00-04:00,49.23554004281026,49.89487512977893,49.1163851804392,49.362640380859375,1809900,0.0,0.0
2012-05-15 00:00:00-04:00,48.81451905246699,49.20376249851543,48.218735670289554,48.29022979736328,1981200,0.0,0.0
2012-05-16 00:00:00-04:00,48.47294346224132,48.7271441669084,47.83744170057363,47.92482376098633,1454400,0.0,0.0
2012-05-17 00:00:00-04:00,48.22668025034824,48.337892668428246,47.54351479035836,47.55146026611328,1272600,0.0,0.0
2012-05-18 00:00:00-04:00,47.63089463752592,47.63884011291314,46.35194582817101,46.49493408203125,2768500,0.0,0.0
2012-05-21 00:00:00-04:00,47.54459605519516,48.041720370188855,47.18601606004596,47.91132736206055,1566000,1.478,0.0
2012-05-22 00:00:00-04:00,48.416600265332825,48.70183400137929,47.43865114217919,47.82983016967773,2979300,0.0,0.0
2012-05-23 00:00:00-04:00,47.6994367713445,48.05801987523684,47.05562304254739,47.91947555541992,2280800,0.0,0.0
2012-05-24 00:00:00-04:00,47.69129395803949,47.75648891505107,46.80299051845056,47.02302932739258,1826300,0.0,0.0
2012-05-25 00:00:00-04:00,46.51775672034496,46.957831229109935,46.46070685837879,46.50960540771485,1376500,0.0,0.0
2012-05-29 00:00:00-04:00,47.86242695768163,48.06616621926319,47.12081616987734,47.4468002319336,1269000,0.0,0.0
2012-05-30 00:00:00-04:00,46.558505855214456,46.65629984905869,46.16732677102251,46.2569694519043,1827200,0.0,0.0
2012-05-31 00:00:00-04:00,47.308262932957234,47.33271376196671,46.1754729679893,46.71334457397461,3476000,0.0,0.0
2012-06-01 00:00:00-04:00,45.38495863694581,45.743541741557344,44.79819165371567,45.01823043823242,2233500,0.0,0.0
2012-06-04 00:00:00-04:00,44.98562856905713,45.3116095149808,44.684095339153785,45.156768798828125,1390600,0.0,0.0
2012-06-05 00:00:00-04:00,44.74929086458425,45.45015441518133,44.74929086458425,45.38495635986328,2079900,0.0,0.0
2012-06-06 00:00:00-04:00,45.694650375279295,46.88448715209961,45.637603619460165,46.88448715209961,3098800,0.0,0.0
2012-06-07 00:00:00-04:00,47.300110387769685,47.38160485348171,46.24881499248578,46.2895622253418,1284100,0.0,0.0
2012-06-08 00:00:00-04:00,45.96358172854419,46.7540880023245,45.81688920169535,46.70519256591797,1051200,0.0,0.0
2012-06-11 00:00:00-04:00,47.83798395144924,47.87058298262759,46.49330344908208,46.54220199584961,1666400,0.0,0.0
2012-06-12 00:00:00-04:00,46.68889633174104,47.05562767463389,45.91468640981496,47.00672912597656,1042700,0.0,0.0
2012-06-13 00:00:00-04:00,46.90893241831947,47.5282984546688,46.5829483304632,46.92523193359375,1104200,0.0,0.0
2012-06-14 00:00:00-04:00,46.89262937254757,47.08821732348399,46.55034579518719,47.04747009277344,1051000,0.0,0.0
2012-06-15 00:00:00-04:00,47.54459498802607,48.03356798032826,47.30010849187497,47.98467254638672,720200,0.0,0.0
2012-06-18 00:00:00-04:00,47.74018847982152,48.172114748630456,47.56089692273949,47.95207595825195,810200,0.0,0.0
2012-06-19 00:00:00-04:00,48.840385303028185,49.40270465252628,48.75073951351074,49.04412460327149,1817000,0.0,0.0
2012-06-20 00:00:00-04:00,49.11746283577192,49.45159510912488,48.84852551124138,49.14191055297852,899800,0.0,0.0
2012-06-21 00:00:00-04:00,48.64478810438973,48.72628567955212,46.88448089547215,46.91707992553711,1351800,0.0,0.0
2012-06-22 00:00:00-04:00,47.14526583589471,47.16971666228934,46.64814462848395,46.99042510986328,1349900,0.0,0.0
2012-06-25 00:00:00-04:00,45.84948799001058,46.00433183848603,45.55610602678225,45.86578750610352,1615000,0.0,0.0
2012-06-26 00:00:00-04:00,45.84133518593561,46.22436600364318,45.71094217909264,46.05322265625,1096900,0.0,0.0
2012-06-27 00:00:00-04:00,46.32215901629039,46.68889031189866,46.061373008038814,46.63184356689453,885000,0.0,0.0
2012-06-28 00:00:00-04:00,45.68649770046638,45.86578615457591,45.27086782438102,45.816890716552734,1812400,0.0,0.0
2012-06-29 00:00:00-04:00,47.740192706500174,48.52255084679119,47.57720065006915,48.375858306884766,1837100,0.0,0.0
2012-07-02 00:00:00-04:00,48.921875,48.938174515484825,48.37585522092455,48.921875,1795900,0.0,0.0
2012-07-03 00:00:00-04:00,48.94633168753694,49.49235153198242,48.83223506548342,49.49235153198242,574100,0.0,0.0
2012-07-05 00:00:00-04:00,47.55274492994107,48.2943557570513,47.35715696939254,47.93577575683594,2327000,0.0,0.0
2012-07-06 00:00:00-04:00,46.21621112119194,46.39550265755382,45.14861943165528,45.44200134277344,3036500,0.0,0.0
2012-07-09 00:00:00-04:00,45.099728593513895,45.26272064451126,44.64335147248421,45.23012161254883,1849600,0.0,0.0
2012-07-10 00:00:00-04:00,45.5316531179605,45.78429094263608,45.09972684208374,45.27901840209961,2792200,0.0,0.0
2012-07-11 00:00:00-04:00,45.92283266503798,46.66444352305972,45.90653625832516,46.23251724243164,2995000,0.0,0.0
2012-07-12 00:00:00-04:00,48.24546332036073,48.481801637128186,46.827436528570736,47.59349822998047,11270800,0.0,0.0
2012-07-13 00:00:00-04:00,47.99282550093513,49.50049807596995,47.9846772974096,49.35380554199219,3834400,0.0,0.0
2012-07-16 00:00:00-04:00,48.8566780090332,49.14191174608359,48.612191504587926,48.8566780090332,1513400,0.0,0.0
2012-07-17 00:00:00-04:00,49.13376621045979,49.73683274690975,48.58774331570212,49.66348648071289,3230700,0.0,0.0
2012-07-18 00:00:00-04:00,49.28860666133706,51.52159055689811,49.28860666133706,50.78812789916992,4734300,0.0,0.0
2012-07-19 00:00:00-04:00,51.01631341111013,51.24450351397466,50.77997821390758,50.959266662597656,1895400,0.0,0.0
2012-07-20 00:00:00-04:00,50.37250393447332,50.61699046437819,50.03022030555458,50.14431381225586,1426200,0.0,0.0
2012-07-23 00:00:00-04:00,48.090615963433805,49.117463626034976,47.45495043531896,48.954471588134766,1811200,0.0,0.0
2012-07-24 00:00:00-04:00,50.315459641233126,50.40510232315646,49.06042478852591,49.590145111083984,2626200,0.0,0.0
2012-07-25 00:00:00-04:00,50.37250022464639,50.52734095679231,49.63088937689122,49.93242263793945,1050700,0.0,0.0
2012-07-26 00:00:00-04:00,51.20375410358923,52.01055986042877,51.130407843075226,51.83126831054688,2165000,0.0,0.0
2012-07-27 00:00:00-04:00,52.16541503358911,53.23300703572016,52.04317020321883,53.06186676025391,1918500,0.0,0.0
2012-07-30 00:00:00-04:00,51.9616634564123,52.53213404958369,51.9616634564123,52.393592834472656,2201600,0.0,0.0
2012-07-31 00:00:00-04:00,52.25505413532766,52.44249079594272,51.61938545115824,51.635684967041016,1099300,0.0,0.0
2012-08-01 00:00:00-04:00,52.02685372597189,52.03500192789341,51.00815750100284,51.15485000610352,1081400,0.0,0.0
2012-08-02 00:00:00-04:00,50.951119664616094,51.488991241038114,50.43769580704494,50.67403411865234,1079900,0.0,0.0
2012-08-03 00:00:00-04:00,52.075761180062486,53.10260889157831,51.95351636861047,52.84996795654297,1493300,0.0,0.0
2012-08-06 00:00:00-04:00,53.35524828154635,53.62418564676699,53.16780539188744,53.19225311279297,1125400,0.0,0.0
2012-08-07 00:00:00-04:00,53.11890529821153,53.23299879753225,52.76847348811808,52.84996795654297,1450000,0.0,0.0
2012-08-08 00:00:00-04:00,52.866273467554656,53.02111110072799,52.515841638325966,52.69513320922852,1154000,0.0,0.0
2012-08-09 00:00:00-04:00,52.19800524337859,52.80107176223445,52.17355130733516,52.32024383544922,1439500,0.0,0.0
2012-08-10 00:00:00-04:00,51.61938372304617,52.255052385934704,51.47269119382687,52.23059844970703,3372600,0.0,0.0
2012-08-13 00:00:00-04:00,52.32024209055658,52.63807485459902,51.94536568838849,52.36099243164063,1342100,0.0,0.0
2012-08-14 00:00:00-04:00,52.76031790338939,52.79291693164531,52.255048509494834,52.40174102783203,687600,0.0,0.0
2012-08-15 00:00:00-04:00,51.91277299300055,52.24690531248167,51.88832216360394,52.12466049194336,578200,0.0,0.0
2012-08-16 00:00:00-04:00,51.87201525030306,52.67066964316226,51.863863939216735,52.4669303894043,763300,0.0,0.0
2012-08-17 00:00:00-04:00,51.986111961206056,52.31209603097478,51.83941944069158,52.222450256347656,1212000,0.0,0.0
2012-08-20 00:00:00-04:00,52.84996726051028,52.98850847677094,52.57288482798897,52.84181594848633,1021200,0.0,0.0
2012-08-21 00:00:00-04:00,53.63232925487405,53.88497020502913,53.14335619743192,53.34709548950195,1045200,0.0,0.0
2012-08-22 00:00:00-04:00,52.54029569206895,53.11891460215068,52.466946305298606,52.99666976928711,794500,0.0,0.0
2012-08-23 00:00:00-04:00,52.76032336446751,52.80107370841259,52.27135032527419,52.581031799316406,643300,0.0,0.0
2012-08-24 00:00:00-04:00,52.28765421079997,52.94776751874783,52.18985711355116,52.80107498168945,525500,0.0,0.0
2012-08-27 00:00:00-04:00,53.086310115300265,53.6812315914209,52.9477688871728,53.371543884277344,1034200,0.0,0.0
2012-08-28 00:00:00-04:00,53.10260398875006,53.21669747753682,52.744020899632375,52.9151611328125,1416600,0.0,0.0
2012-08-29 00:00:00-04:00,53.14335469517056,53.38784432579525,52.92331900171201,52.98036575317383,847900,0.0,0.0
2012-08-30 00:00:00-04:00,53.12705624917462,53.12705624917462,52.13280757531373,52.23059844970703,1033500,0.0,0.0
2012-08-31 00:00:00-04:00,53.90126967005514,53.99091546106128,53.23300500286495,53.51009368896485,1235700,0.0,0.0
2012-09-04 00:00:00-04:00,54.21094879964561,54.21910011237021,53.45303837463367,53.89311599731445,1230000,0.0,0.0
2012-09-05 00:00:00-04:00,54.51248523133567,54.75697487220168,54.3087459364906,54.39839172363281,1772500,0.0,0.0
2012-09-06 00:00:00-04:00,54.70806977619526,55.7349174986349,54.70806977619526,55.539329528808594,1293100,0.0,0.0
2012-09-07 00:00:00-04:00,55.59636806964543,56.109788746238166,55.52301870577301,56.05274200439453,1243800,0.0,0.0
2012-09-10 00:00:00-04:00,55.49043439559113,56.0446055565953,55.38449219482202,55.62083053588867,882700,0.0,0.0
2012-09-11 00:00:00-04:00,55.677872685285486,56.57432431394032,55.677872685285486,56.33798599243164,1212600,0.0,0.0
2012-09-12 00:00:00-04:00,57.27518667798615,57.49522858717311,57.03884836179214,57.33223342895508,1199900,0.0,0.0
2012-09-13 00:00:00-04:00,57.2670304568167,58.23683135778803,56.9817967264219,58.13903427124024,960300,0.0,0.0
2012-09-14 00:00:00-04:00,58.61985671005991,59.08438194700711,58.48946060681867,58.70135116577149,747000,0.0,0.0
2012-09-17 00:00:00-04:00,58.8154506463043,59.02734122686935,58.31832633284151,58.538368225097656,566400,0.0,0.0
2012-09-18 00:00:00-04:00,58.81545399991203,59.47557349669088,58.70951181240329,59.369625091552734,950400,0.0,0.0
2012-09-19 00:00:00-04:00,59.34517943818405,59.63856450971252,59.20663821485939,59.410377502441406,762800,0.0,0.0
2012-09-20 00:00:00-04:00,58.92140086913962,59.182186892664994,58.63616090978408,59.01919174194336,1092400,0.0,0.0
2012-09-21 00:00:00-04:00,60.12753755638343,60.19273562064079,59.35333075062363,59.410377502441406,1112300,0.0,0.0
2012-09-24 00:00:00-04:00,58.88879460735161,59.149580598852026,58.74210209853086,58.92953872680664,606000,0.0,0.0
2012-09-25 00:00:00-04:00,59.66300416887741,59.98083691715551,58.75025004547721,58.77470397949219,1810200,0.0,0.0
2012-09-26 00:00:00-04:00,57.8375131023849,57.95975792511527,57.49523257284384,57.63377380371094,979600,0.0,0.0
2012-09-27 00:00:00-04:00,58.12273923845798,58.46501972301623,57.67451035322994,58.171634674072266,1327700,0.0,0.0
2012-09-28 00:00:00-04:00,58.1879404577999,58.36723202162818,57.58487392116525,58.13089370727539,1566700,0.0,0.0
2012-10-01 00:00:00-04:00,58.76655640732882,58.92140024446544,57.275183436590666,57.56041717529297,2031700,0.0,0.0
2012-10-02 00:00:00-04:00,57.8701055690836,58.02494319051618,57.26703283675289,57.55227279663086,1301800,0.0,0.0
2012-10-03 00:00:00-04:00,57.853808833907024,58.13089751003058,57.503376995581,57.60932540893555,930600,0.0,0.0
2012-10-04 00:00:00-04:00,56.89216162770072,58.049405607312885,56.663974600564,57.91085815429688,2147200,0.0,0.0
2012-10-05 00:00:00-04:00,58.562821508070265,58.82360754830762,58.1716393388994,58.49762344360352,1367900,0.0,0.0
2012-10-08 00:00:00-04:00,58.47317092901276,58.7176605419,58.10644272731102,58.37537384033203,922200,0.0,0.0
2012-10-09 00:00:00-04:00,57.82935870679525,57.919004490843456,56.87586033206039,56.94920349121094,1322100,0.0,0.0
2012-10-10 00:00:00-04:00,56.22389497131955,56.4031865484957,55.96310891841695,56.272796630859375,2344500,0.0,0.0
2012-10-11 00:00:00-04:00,57.01439619491818,57.209984151892975,56.21574174365419,56.58246994018555,1099900,0.0,0.0
2012-10-12 00:00:00-04:00,57.4952309330122,57.91085461375943,57.06329840933345,57.48707962036133,1877100,0.0,0.0
2012-10-15 00:00:00-04:00,58.02495317983615,58.2612915262804,57.62562587194152,58.2449951171875,990100,0.0,0.0
2012-10-16 00:00:00-04:00,59.09254183081576,59.19033270480545,58.72580740046647,59.01104736328125,1010000,0.0,0.0
2012-10-17 00:00:00-04:00,58.53021878778053,58.66061490849763,58.19608960929418,58.27758407592773,1669600,0.0,0.0
2012-10-18 00:00:00-04:00,58.065698592879365,58.481328492164735,57.48707974599923,57.82120895385742,2072700,0.0,0.0
2012-10-19 00:00:00-04:00,58.2368321836166,58.26127990119298,57.193688116163855,57.21813583374024,2023300,0.0,0.0
2012-10-22 00:00:00-04:00,57.46262884986244,57.53597200693772,56.42762981518416,56.76991653442383,1956900,0.0,0.0
2012-10-23 00:00:00-04:00,55.96310140781464,57.022548102963846,55.620820925121805,56.79436111450195,2008400,0.0,0.0
2012-10-24 00:00:00-04:00,58.73394835835983,59.05993238865981,57.641909007127374,58.033084869384766,3315700,0.0,0.0
2012-10-25 00:00:00-04:00,58.31018895443806,58.64431816643654,57.65822072072072,57.81306457519531,1377500,0.0,0.0
2012-10-26 00:00:00-04:00,58.456884613562494,58.63616998064741,57.82121275385519,58.3427848815918,1899100,0.0,0.0
2012-10-31 00:00:00-04:00,59.70376257396988,59.77710573303718,59.17403918273072,59.410377502441406,992600,0.0,0.0
2012-11-01 00:00:00-04:00,59.9645505436737,60.24978431194449,59.54892064269066,60.20903396606445,1095000,0.0,0.0
2012-11-02 00:00:00-04:00,60.013439515522045,60.013439515522045,59.36147135749882,59.38592529296875,776000,0.0,0.0
2012-11-05 00:00:00-05:00,59.24736778761325,59.55705540794575,58.94583769534604,59.45110702514648,647800,0.0,0.0
2012-11-06 00:00:00-05:00,59.768946076815496,60.233477556578045,59.703754239288585,60.11123275756836,607200,0.0,0.0
2012-11-07 00:00:00-05:00,58.70951110521723,58.97844844445692,58.35092798623096,58.80730819702149,1076900,0.0,0.0
2012-11-08 00:00:00-05:00,58.35091758907948,58.53836042723114,58.00048584459194,58.033084869384766,703800,0.0,0.0
2012-11-09 00:00:00-05:00,57.52782009855975,58.033095751150185,57.44632563011081,57.804908752441406,1221900,0.0,0.0
2012-11-12 00:00:00-05:00,57.81305927722494,58.17978748906541,57.51152290867813,57.98419952392578,915700,0.0,0.0
2012-11-13 00:00:00-05:00,58.02493759587637,58.75024884950267,57.89454770526141,58.33462524414063,969000,0.0,0.0
2012-11-14 00:00:00-05:00,58.73394835835983,58.790995097340215,57.79674660285799,58.033084869384766,1228100,0.0,0.0
2012-11-15 00:00:00-05:00,57.75600530986486,57.99234358795066,57.519667031779065,57.89454650878906,713400,0.0,0.0
2012-11-16 00:00:00-05:00,58.00865310247578,58.22054371306629,57.47892968481449,58.04125213623047,822800,0.0,0.0
2012-11-19 00:00:00-05:00,58.96214660182182,59.97269169334213,58.92954757078834,59.87490081787109,1049500,0.0,0.0
2012-11-20 00:00:00-05:00,59.980842943431625,60.61650850385313,59.75265594406282,60.60021209716797,1784900,0.0,0.0
2012-11-21 00:00:00-05:00,61.10548010531835,61.47220827732668,60.92618856606854,61.30921936035156,772800,0.0,0.0
2012-11-23 00:00:00-05:00,62.61316243905872,63.06138516326086,62.58056340532276,62.92284393310547,702800,0.0,0.0
2012-11-26 00:00:00-05:00,63.0532400977287,63.44441606748451,62.719104665000245,63.42811965942383,770000,0.0,0.0
2012-11-27 00:00:00-05:00,62.76797106642276,62.97986157895749,62.507185134698126,62.73537826538086,848700,0.0,0.0
2012-11-28 00:00:00-05:00,62.40940756725526,63.19991683959961,62.287162775658885,63.19991683959961,550700,0.0,0.0
2012-11-29 00:00:00-05:00,63.7214995858909,64.03933236719314,63.34662005455056,63.91708755493164,893300,0.0,0.0
2012-11-30 00:00:00-05:00,63.82743953126617,64.10452817716562,63.36291423509668,63.558502197265625,1602400,0.0,0.0
2012-12-03 00:00:00-05:00,64.7890746262815,64.96021483200917,64.48753832992638,64.81352233886719,1302600,0.0,0.0
2012-12-04 00:00:00-05:00,65.26177662093743,65.53071399968807,64.92764117140536,65.30252075195312,1331100,0.0,0.0
2012-12-05 00:00:00-05:00,64.45495963721064,64.87874084778821,64.15342946337675,64.30827331542969,1956900,0.0,0.0
2012-12-06 00:00:00-05:00,64.41421861231737,64.7728017742911,64.1289848323974,64.31642150878906,876300,0.0,0.0
2012-12-07 00:00:00-05:00,64.49571308977593,64.60980660174391,64.02303641583421,64.31642150878906,885100,0.0,0.0
2012-12-10 00:00:00-05:00,64.47940570287726,64.74019171692045,64.36531221033518,64.73204040527344,705300,0.0,0.0
2012-12-11 00:00:00-05:00,64.97654544148942,65.21287757670558,64.87059701780925,65.04988861083984,718500,0.0,0.0
2012-12-12 00:00:00-05:00,65.13137722880869,65.28622108477907,64.88689380202538,64.99283599853516,1212900,0.0,0.0
2012-12-13 00:00:00-05:00,64.83799050220698,65.02543338719894,64.16972587103137,64.30827331542969,537200,0.0,0.0
2012-12-14 00:00:00-05:00,64.69946222200224,65.57146632031515,64.62611904643556,65.51441955566406,853600,0.0,0.0
2012-12-17 00:00:00-05:00,65.30251737016235,65.75889762436766,65.30251737016235,65.71814727783203,726000,0.0,0.0
2012-12-18 00:00:00-05:00,65.16396662551627,66.18266296386719,65.14767021985942,66.18266296386719,2134400,0.0,0.0
2012-12-19 00:00:00-05:00,66.18267165199684,66.46790542065335,65.48995929450821,65.59590148925781,1870700,0.0,0.0
2012-12-20 00:00:00-05:00,65.93004698414292,66.13378630967016,65.63666185797322,66.08488464355469,782200,0.0,0.0
2012-12-21 00:00:00-05:00,64.98468823501095,65.2536256150283,64.65055900153537,64.87874603271484,1144700,0.0,0.0
2012-12-24 00:00:00-05:00,65.13951970161375,65.31881125416791,64.78093659650541,65.27806091308594,325700,0.0,0.0
2012-12-26 00:00:00-05:00,65.16397680441686,65.74259566886752,64.91134206268447,65.22102355957031,419300,0.0,0.0
2012-12-27 00:00:00-05:00,65.84854204011516,65.95448423421767,65.01728224210233,65.685546875,900900,0.0,0.0
2012-12-28 00:00:00-05:00,65.09062212401408,65.31065779277884,64.67499228564853,64.6994400024414,524700,0.0,0.0
2012-12-31 00:00:00-05:00,64.88688556413237,65.8159361467446,64.70759401000912,65.5062484741211,1022900,0.0,0.0
2013-01-02 00:00:00-05:00,66.86722448381761,67.15245819091797,66.41084433482854,67.15245819091797,686500,0.0,0.0
2013-01-03 00:00:00-05:00,66.25601193706943,66.41084955158485,65.45735127682292,65.56329345703125,990000,0.0,0.0
2013-01-04 00:00:00-05:00,65.18027956647514,65.72629939803215,65.106930185336,65.53885650634766,1485400,0.0,0.0
2013-01-07 00:00:00-05:00,64.87872863079035,65.14766593867272,64.76463514580304,65.02542114257812,1193300,0.0,0.0
2013-01-08 00:00:00-05:00,65.16397271592972,65.27806621907821,64.29196881750649,65.10692596435547,1359800,0.0,0.0
2013-01-09 00:00:00-05:00,64.7972347774235,65.31880677584206,64.76463575031876,65.23731231689453,1320300,0.0,0.0
2013-01-10 00:00:00-05:00,65.77517886825389,67.55993669181234,65.20471145405317,67.15245819091797,3014100,0.0,0.0
2013-01-11 00:00:00-05:00,66.65534522102698,66.98132932052508,66.41900690433161,66.6471939086914,2475200,0.0,0.0
2013-01-14 00:00:00-05:00,66.76126723475154,66.82646527847338,66.36194009780372,66.72866821289062,1082100,0.0,0.0
2013-01-15 00:00:00-05:00,63.33845803518225,64.01487382673757,62.87393280121876,63.19991683959961,4501900,0.0,0.0
2013-01-16 00:00:00-05:00,63.41179855729667,64.18601139363875,63.37919953304382,63.672584533691406,1411400,0.0,0.0
2013-01-17 00:00:00-05:00,63.737787956781375,63.84373013131547,63.0776747584754,63.29771041870117,1558300,0.0,0.0
2013-01-18 00:00:00-05:00,63.24882134871,63.38736256418058,62.75169701778217,63.06137847900391,1310400,0.0,0.0
2013-01-22 00:00:00-05:00,62.8005889439961,63.240666501741,62.53980293395789,63.17546844482422,1442700,0.0,0.0
2013-01-23 00:00:00-05:00,63.38735518134488,64.3816037273987,63.28956431952224,64.0719223022461,1709300,0.0,0.0
2013-01-24 00:00:00-05:00,64.03117928630412,64.38161108903824,63.835591322666026,63.9741325378418,814000,0.0,0.0
2013-01-25 00:00:00-05:00,65.63664399330044,66.20711146245726,65.51439918772995,66.00337219238281,1365100,0.0,0.0
2013-01-28 00:00:00-05:00,65.95448506235563,65.95448506235563,65.43291296269773,65.48995971679688,719000,0.0,0.0
2013-01-29 00:00:00-05:00,65.54700946597555,66.32936765121116,65.48996270926973,66.19082641601562,1460500,0.0,0.0
2013-01-30 00:00:00-05:00,66.3456538293271,66.72053331154527,66.22340903308391,66.45974731445312,1180000,0.0,0.0
2013-01-31 00:00:00-05:00,66.687935828461,67.10355944062906,66.61458646196566,66.8427734375,967300,0.0,0.0
2013-02-01 00:00:00-05:00,67.8940816791724,68.16301904477663,67.6495982521385,68.10597229003906,1577400,0.0,0.0
2013-02-04 00:00:00-05:00,66.98132739548694,67.32360789218953,66.10117221742657,66.37010955810547,1029200,0.0,0.0
2013-02-05 00:00:00-05:00,66.36194009780372,66.73681952276277,66.28044565196527,66.72866821289062,938800,0.0,0.0
2013-02-06 00:00:00-05:00,65.30251139576916,65.72629257750108,64.87058511957923,65.32696533203125,1261500,0.0,0.0
2013-02-07 00:00:00-05:00,65.13952402100554,65.22916980322702,64.31641557407625,64.98468017578125,1309800,0.0,0.0
2013-02-08 00:00:00-05:00,64.79724136349883,65.2373189476999,64.73204330266252,65.1313705444336,1373100,0.0,0.0
2013-02-11 00:00:00-05:00,64.55275412395414,64.67499893812152,64.03118205329426,64.57720184326172,1645100,0.0,0.0
2013-02-12 00:00:00-05:00,64.8868836392062,65.95447540283203,64.78908655323225,65.95447540283203,939200,0.0,0.0
2013-02-13 00:00:00-05:00,65.8159412346441,66.04412824203037,65.50625353808019,65.74259185791016,723200,0.0,0.0
2013-02-14 00:00:00-05:00,64.7483331100723,65.25360870361328,64.64239093523263,65.25360870361328,816200,0.0,0.0
2013-02-15 00:00:00-05:00,65.38400795527674,65.59589231514222,64.99282582895077,65.22916412353516,894800,0.0,0.0
2013-02-19 00:00:00-05:00,65.1476770354117,65.63665008544922,65.04987993835233,65.63665008544922,705700,0.0,0.0
2013-02-20 00:00:00-05:00,65.72628504476017,65.91372167788235,64.92762442772384,64.95207214355469,1038200,0.0,0.0
2013-02-21 00:00:00-05:00,63.71333734183261,64.0148736646564,63.53404581029568,63.60739517211914,1088900,0.0,0.0
2013-02-22 00:00:00-05:00,63.73779956544139,64.33272103572652,63.37107132572945,64.30827331542969,654300,0.0,0.0
2013-02-25 00:00:00-05:00,65.93003165971585,66.15006734438381,63.76224275551255,63.77854537963867,1629100,0.0,0.0
2013-02-26 00:00:00-05:00,63.31403062887562,63.729654348938205,62.75170813773987,63.45257186889648,1436600,0.0,0.0
2013-02-27 00:00:00-05:00,63.110286442789175,64.13712801995626,63.05323968850211,64.05563354492188,1593400,0.0,0.0
2013-02-28 00:00:00-05:00,64.01487708009351,64.3327098238199,63.69704433636713,63.729637145996094,798000,0.0,0.0
2013-03-01 00:00:00-05:00,63.77038732170726,64.33270965961653,63.33846109249584,64.12081909179688,780000,0.0,0.0
2013-03-04 00:00:00-05:00,64.55275174417734,65.2373189476999,64.40605921611031,65.1313705444336,611200,0.0,0.0
2013-03-05 00:00:00-05:00,65.93002595262423,67.03021671598702,65.91372332990932,66.72053527832031,1375500,0.0,0.0
2013-03-06 00:00:00-05:00,67.58440483209914,67.80444055332376,66.89983751054294,67.3888168334961,1442600,0.0,0.0
2013-03-07 00:00:00-05:00,68.18746719104361,68.48085227941826,67.84518666048318,68.00003051757812,1248100,0.0,0.0
2013-03-08 00:00:00-05:00,67.56810050813182,67.93482873975867,67.266564123316,67.81258392333984,867700,0.0,0.0
2013-03-11 00:00:00-04:00,67.58439828077046,68.03262721081809,67.4703047745092,67.84518432617188,650000,0.0,0.0
2013-03-12 00:00:00-04:00,68.32601046219591,68.33416177534689,67.39695972714938,67.55180358886719,503400,0.0,0.0
2013-03-13 00:00:00-04:00,67.50290448229438,67.65774211798004,67.19321677566343,67.3317642211914,440800,0.0,0.0
2013-03-14 00:00:00-04:00,68.17116983636593,68.9942783349684,67.99187826066739,68.92092895507812,925100,0.0,0.0
2013-03-15 00:00:00-04:00,68.89647049057857,68.9779649529251,68.39934618734706,68.92906951904297,943300,0.0,0.0
2013-03-18 00:00:00-04:00,67.41325436509044,68.19561245886197,67.32360858394301,67.6251449584961,838500,0.0,0.0
2013-03-19 00:00:00-04:00,67.877774942265,68.11411323810894,66.72053739789455,67.3154525756836,851300,0.0,0.0
2013-03-20 00:00:00-04:00,68.016315577982,68.11411266366717,67.5191912732664,67.79627990722656,541200,0.0,0.0
2013-03-21 00:00:00-04:00,66.07672551798046,66.41085470773567,65.73444501599823,65.78334045410156,2148400,0.0,0.0
2013-03-22 00:00:00-04:00,66.08487254503649,66.4842060266559,65.69369659351213,66.04412841796875,1625400,0.0,0.0
2013-03-25 00:00:00-04:00,66.48420873929611,66.68794803583651,64.89503849570302,65.08248138427734,1198600,0.0,0.0
2013-03-26 00:00:00-04:00,64.96838041801865,65.4166030883789,64.61794861948941,65.4166030883789,1016600,0.0,0.0
2013-03-27 00:00:00-04:00,64.13712290009087,64.64239855317733,63.83559274477086,64.52830505371094,1656000,0.0,0.0
2013-03-28 00:00:00-04:00,64.79724520965271,65.75074358987031,64.69129680009765,65.63665008544922,1877500,0.0,0.0
2013-04-01 00:00:00-04:00,65.70999171127974,65.75074205517741,65.06617482699968,65.28621673583984,732100,0.0,0.0
2013-04-02 00:00:00-04:00,65.57144050117299,66.19080957181244,65.57144050117299,65.84037780761719,1425000,0.0,0.0
2013-04-03 00:00:00-04:00,66.12561345540631,66.23155563182291,65.18841161974673,65.39215087890625,989700,0.0,0.0
2013-04-04 00:00:00-04:00,65.02543858384882,65.47366133291413,64.17788231258916,64.87874603271484,1198500,0.0,0.0
2013-04-05 00:00:00-04:00,63.77039289174768,63.917085418031306,63.11027963228596,63.35476303100586,2002000,0.0,0.0
2013-04-08 00:00:00-04:00,63.819283726182746,64.05562201357759,63.3792061790643,63.51775360107422,1261300,0.0,0.0
2013-04-09 00:00:00-04:00,63.26511373374459,63.82743608949098,62.75984434058476,63.46885299682617,1687900,0.0,0.0
2013-04-10 00:00:00-04:00,62.87393193585952,63.770383365847366,62.85762931446924,63.61553955078125,1273100,0.0,0.0
2013-04-11 00:00:00-04:00,63.11843037485944,64.39791288397478,63.03693590132677,64.30827331542969,2358100,0.0,0.0
2013-04-12 00:00:00-04:00,63.15103261070246,63.72150638962414,63.08584075914778,63.57481384277344,2163900,0.0,0.0
2013-04-15 00:00:00-04:00,62.963578554920616,63.15101518005386,62.30345916748047,62.30345916748047,1765100,0.0,0.0
2013-04-16 00:00:00-04:00,64.17786058029249,64.34900079572455,63.51774743253621,64.2756576538086,1176700,0.0,0.0
2013-04-17 00:00:00-04:00,63.4362659477349,63.4362659477349,62.32792986749478,62.653907775878906,1867100,0.0,0.0
2013-04-18 00:00:00-04:00,63.4118202762895,64.08823627155023,62.70281146324077,63.7378044128418,2347800,0.0,0.0
2013-04-19 00:00:00-04:00,61.912293214443245,62.46646430307659,60.926195848333634,61.21142959594727,4379000,0.0,0.0
2013-04-22 00:00:00-04:00,61.22773666465871,61.26033570115264,60.40463430930105,60.86915969848633,2026600,0.0,0.0
2013-04-23 00:00:00-04:00,61.089187398954586,61.77375464015107,61.06473967920287,61.48036956787109,1676300,0.0,0.0
2013-04-24 00:00:00-04:00,62.50720459457751,63.50145321181781,62.352366979729375,63.18362045288086,1467300,0.0,0.0
2013-04-25 00:00:00-04:00,63.73778694400928,64.35715601194303,63.71333922855362,64.0719223022461,1046300,0.0,0.0
2013-04-26 00:00:00-04:00,63.27326157345464,63.73778681908738,63.15916808979948,63.55035018920898,807600,0.0,0.0
2013-04-29 00:00:00-04:00,63.72965931842124,64.38162765514595,63.64816483073837,64.21048736572266,1004400,0.0,0.0
2013-04-30 00:00:00-04:00,64.30011877537801,65.07432556152344,64.186025274633,65.07432556152344,889500,0.0,0.0
2013-05-01 00:00:00-04:00,65.04986427851958,65.36769699541173,64.16156417685389,64.2756576538086,721400,0.0,0.0
2013-05-02 00:00:00-04:00,63.98228239076004,64.31641156195448,63.88448530235651,64.12897491455078,1300500,0.0,0.0
2013-05-03 00:00:00-04:00,65.28621510091791,66.58199393170457,65.2373196635688,66.37010955810547,1347100,0.0,0.0
2013-05-06 00:00:00-04:00,66.27230285997696,66.60643821377656,65.97891784314803,66.1256103515625,531800,0.0,0.0
2013-05-07 00:00:00-04:00,67.03837567276047,67.08727111122393,66.46790194762553,66.7368392944336,654800,0.0,0.0
2013-05-08 00:00:00-04:00,67.39695564799399,67.74738748071454,67.05467512793108,67.43770599365234,1245400,0.0,0.0
2013-05-09 00:00:00-04:00,66.99760548002244,67.16060058932702,66.49232996761972,66.72866821289062,719900,0.0,0.0
2013-05-10 00:00:00-04:00,67.00576429039309,67.33989342102085,66.66348384898073,67.13615417480469,1147800,0.0,0.0
2013-05-13 00:00:00-04:00,67.2584091869768,67.33990365432189,66.81833160215814,66.88352966308594,563800,0.0,0.0
2013-05-14 00:00:00-04:00,67.33991216298668,67.92668235021897,67.31546444145701,67.73109436035156,831000,0.0,0.0
2013-05-15 00:00:00-04:00,66.777602299051,67.2095286677154,66.72055553748457,66.97319030761719,866400,0.0,0.0
2013-05-16 00:00:00-04:00,66.38640382211085,66.88352814454718,65.77518600445592,65.80778503417969,1243600,0.0,0.0
2013-05-17 00:00:00-04:00,65.35141511782152,66.0685751634604,65.26176933491296,65.92188262939453,1876300,0.0,0.0
2013-05-20 00:00:00-04:00,65.22101301912689,65.8240795072339,64.91133157228901,65.53070068359375,1712200,0.0,0.0
2013-05-21 00:00:00-04:00,64.77279484391198,65.29436690499708,64.5446016267615,64.84613800048828,1058900,0.0,0.0
2013-05-22 00:00:00-04:00,65.05803321116547,65.77519329165452,63.94969094828157,64.14527893066406,813600,0.0,0.0
2013-05-23 00:00:00-04:00,63.607398565815714,64.06377251216567,63.43625211830579,63.729637145996094,669500,0.0,0.0
2013-05-24 00:00:00-04:00,62.83319288126736,62.91468734996559,61.63520491675215,61.8307991027832,2917300,0.0,0.0
2013-05-28 00:00:00-04:00,63.5014650138757,63.63186115338152,62.40127401172354,62.759857177734375,1251400,0.0,0.0
2013-05-29 00:00:00-04:00,62.09972911367241,62.311619702590086,61.7004018718743,61.9285888671875,922800,0.0,0.0
2013-05-30 00:00:00-04:00,62.05083493630693,62.5805583105383,62.03453852958063,62.1649284362793,1664400,0.0,0.0
2013-05-31 00:00:00-04:00,61.56450394143712,61.97802155241448,60.73746871948242,60.73746871948242,1311900,1.114,0.0
2013-06-03 00:00:00-04:00,62.03591797334107,62.03591797334107,61.390831466025865,61.91186141967773,1868900,0.0,0.0
2013-06-04 00:00:00-04:00,62.28401821243068,62.44115691784288,61.62239384552549,61.8787727355957,1743500,0.0,0.0
2013-06-05 00:00:00-04:00,61.69682656711735,62.26748289190396,61.58104214031688,61.75471878051758,2860000,0.0,0.0
2013-06-06 00:00:00-04:00,62.7223468812981,62.92083987342042,61.99455817284988,62.639644622802734,1526700,0.0,0.0
2013-06-07 00:00:00-04:00,62.6975328223409,63.48322000221077,62.48250822596923,63.135860443115234,1511600,0.0,0.0
2013-06-10 00:00:00-04:00,63.89673285808821,64.24408608174804,63.43358891676478,64.1365737915039,823200,0.0,0.0
2013-06-11 00:00:00-04:00,63.11932125534674,63.45840868941424,62.79677805745574,62.87120819091797,662200,0.0,0.0
2013-06-12 00:00:00-04:00,63.714800766276575,63.73133869610302,62.84641117058996,62.93738555908203,916000,0.0,0.0
2013-06-13 00:00:00-04:00,62.69754704738812,63.56593667748413,62.64792694616397,63.48323440551758,1178700,0.0,0.0
2013-06-14 00:00:00-04:00,63.14413016127801,63.4749454712923,62.70580255716438,62.7636947631836,750100,0.0,0.0
2013-06-17 00:00:00-04:00,64.11176345116277,64.31852224317602,63.565923521332174,63.9298210144043,973600,0.0,0.0
2013-06-18 00:00:00-04:00,63.71477438667221,64.05385544084432,63.54936360799896,63.83055877685547,1046400,0.0,0.0
2013-06-19 00:00:00-04:00,63.75614076451048,64.16965836597113,63.01181412970358,63.15240859985352,1372200,0.0,0.0
2013-06-20 00:00:00-04:00,62.30882079818526,62.38325723754405,61.26676112537832,61.66373443603516,1629200,0.0,0.0
2013-06-21 00:00:00-04:00,60.365291930344256,60.456266298760895,59.47209879190939,60.166805267333984,3075500,0.0,0.0
2013-06-24 00:00:00-04:00,58.87664254937894,59.50518480789761,58.77739604603363,59.09166717529297,2542400,0.0,0.0
2013-06-25 00:00:00-04:00,59.74502058173304,60.16681029694425,58.89317534241979,60.150272369384766,2210700,0.0,0.0
2013-06-26 00:00:00-04:00,61.55623024400266,62.11861443290184,61.51487596005417,61.76298904418945,1591400,0.0,0.0
2013-06-27 00:00:00-04:00,62.48251676872791,62.66445922673859,62.10207499438088,62.52386474609375,1598500,0.0,0.0
2013-06-28 00:00:00-04:00,60.67129880917732,60.70438097218725,59.89388375288755,60.23297119140625,2327100,0.0,0.0
2013-07-01 00:00:00-04:00,60.13371977560565,60.249504181765445,58.7608448269494,58.8187370300293,2797800,0.0,0.0
2013-07-02 00:00:00-04:00,59.48036464570471,60.05929301877958,59.24052370240221,59.51344680786133,3348000,0.0,0.0
2013-07-03 00:00:00-04:00,58.76911578930231,58.90971656035143,58.45484470355785,58.57062911987305,1206100,0.0,0.0
2013-07-05 00:00:00-04:00,58.23982433773429,58.5292854309082,57.85938885673736,58.5292854309082,1513800,0.0,0.0
2013-07-08 00:00:00-04:00,59.18263108501418,59.455554188577686,59.05858086501004,59.2901496887207,1450200,0.0,0.0
2013-07-09 00:00:00-04:00,59.72848695537533,59.76983493214049,59.34805149633336,59.43902587890625,1066600,0.0,0.0
2013-07-10 00:00:00-04:00,59.4224875833629,59.6375185372935,59.17438076862346,59.3563232421875,1711000,0.0,0.0
2013-07-11 00:00:00-04:00,60.97730010515417,61.75470880093089,60.67129484961607,61.66373443603516,1166200,0.0,0.0
2013-07-12 00:00:00-04:00,61.92013596203572,62.20959705872404,61.448726087492254,62.15997695922852,1099000,0.0,0.0
2013-07-15 00:00:00-04:00,62.50733054837529,62.55695064808762,61.87050982309977,62.085540771484375,1364600,0.0,0.0
2013-07-16 00:00:00-04:00,62.449431167119805,62.606563568115234,62.168235911513605,62.606563568115234,1167600,0.0,0.0
2013-07-17 00:00:00-04:00,62.93738519056856,63.18549830496302,62.441165271558255,62.85468292236328,1564900,0.0,0.0
2013-07-18 00:00:00-04:00,62.42461794252644,62.465965915514,60.51416239281592,61.11790084838867,5043500,0.0,0.0
2013-07-19 00:00:00-04:00,60.26605324868176,60.76227307340526,60.13372459687422,60.216426849365234,3308100,0.0,0.0
2013-07-22 00:00:00-04:00,59.98487166101438,60.24125059497876,59.68713843651046,59.86908721923828,3226400,0.0,0.0
2013-07-23 00:00:00-04:00,60.282604131424016,60.30741418152584,59.885630710237216,59.98487091064453,1538100,0.0,0.0
2013-07-24 00:00:00-04:00,60.93594920260899,60.93594920260899,60.44799519024587,60.50589370727539,1942500,0.0,0.0
2013-07-25 00:00:00-04:00,60.60513824390816,61.22541464183535,60.46454377472467,61.16752243041992,2212700,0.0,0.0
2013-07-26 00:00:00-04:00,60.58859613392761,60.97730365936121,60.266052934052354,60.94422149658203,929300,0.0,0.0
2013-07-29 00:00:00-04:00,60.43147575341269,60.56380444463485,60.23298902635872,60.39012145996094,629700,0.0,0.0
2013-07-30 00:00:00-04:00,61.29157297038584,61.29157297038584,60.439727810208296,60.580322265625,813600,0.0,0.0
2013-07-31 00:00:00-04:00,60.78710011620461,60.85326446061006,60.18336151561838,60.28260803222656,1347400,0.0,0.0
2013-08-01 00:00:00-04:00,61.14271667363256,61.34947548744712,60.79536338077089,61.26677322387695,918500,0.0,0.0
2013-08-02 00:00:00-04:00,61.49833730492522,62.13515162566591,61.38255288297237,61.8787727355957,821000,0.0,0.0
2013-08-05 00:00:00-04:00,61.92011980474097,62.16822654725684,61.837411247458654,62.1020622253418,754300,0.0,0.0
2013-08-06 00:00:00-04:00,63.29299587439522,63.31780591809781,62.54866301443164,62.72233963012695,1242700,0.0,0.0
2013-08-07 00:00:00-04:00,62.10207462419343,62.51559225405684,62.06072664707406,62.441162109375,1168500,0.0,0.0
2013-08-08 00:00:00-04:00,62.13516403619047,62.30884070380894,61.895323025732864,62.217872619628906,876000,0.0,0.0
2013-08-09 00:00:00-04:00,61.98628036337781,62.2343934258636,61.705091448352725,61.8374137878418,668200,0.0,0.0
2013-08-12 00:00:00-04:00,61.19233076071751,61.514873973812136,61.19233076071751,61.47352600097656,748400,0.0,0.0
2013-08-13 00:00:00-04:00,61.63892615311469,62.13514596049519,61.40735733032226,62.02763366699219,415700,0.0,0.0
2013-08-14 00:00:00-04:00,62.86294827098973,63.33435808973957,62.68099951466911,63.03662490844727,903600,0.0,0.0
2013-08-15 00:00:00-04:00,62.482516873444304,62.788515883622,61.98629066599596,62.68100357055664,1504900,0.0,0.0
2013-08-16 00:00:00-04:00,62.71407193593604,62.9208307069422,62.36671871499215,62.59001541137695,1319100,0.0,0.0
2013-08-19 00:00:00-04:00,62.97874088504972,63.02008886518581,62.39981237513564,62.46597671508789,1239600,0.0,0.0
2013-08-20 00:00:00-04:00,62.66445625324475,62.87948717858999,62.26748287852218,62.565216064453125,1172300,0.0,0.0
2013-08-21 00:00:00-04:00,62.49904343047024,62.67272004756455,61.88703921169353,62.02763366699219,1009700,0.0,0.0
2013-08-22 00:00:00-04:00,62.5817635696287,62.887768921380015,62.54041558789732,62.71409225463867,498600,0.0,0.0
2013-08-23 00:00:00-04:00,63.35089626776276,63.656901569126106,63.17721962961965,63.6320915222168,703400,0.0,0.0
2013-08-26 00:00:00-04:00,63.88020708024416,64.06215586228852,63.59901809692383,63.59901809692383,419500,0.0,0.0
2013-08-27 00:00:00-04:00,63.19376534663908,63.35916986975818,62.333647944907874,62.44943237304688,815200,0.0,0.0
2013-08-28 00:00:00-04:00,61.713363206530495,62.18477297468291,61.70509108855526,61.89530563354492,828900,0.0,0.0
2013-08-29 00:00:00-04:00,61.53968836698219,61.8043393618462,61.40735971466147,61.46525192260742,628600,0.0,0.0
2013-08-30 00:00:00-04:00,61.399095848068605,61.45698806379488,60.93595812225838,61.05174255371094,467000,0.0,0.0
2013-09-03 00:00:00-04:00,60.37358076933364,60.54725743629112,59.59616551838007,59.91870880126953,1352600,0.0,0.0
2013-09-04 00:00:00-04:00,58.82701393599602,59.6209670036394,58.70296369869088,59.29842376708984,1682500,0.0,0.0
2013-09-05 00:00:00-04:00,58.04134590306609,58.68643251971292,57.652638246938,58.11577606201172,3386600,0.0,0.0
2013-09-06 00:00:00-04:00,58.33906284702574,58.6285239005146,58.01651962888419,58.30598068237305,1491700,0.0,0.0
2013-09-09 00:00:00-04:00,58.62024735896452,59.52999104382826,58.59543731479137,59.51344680786133,1033800,0.0,0.0
2013-09-10 00:00:00-04:00,59.943508041963575,60.10891254141269,59.67885705697867,59.92696380615234,776300,0.0,0.0
2013-09-11 00:00:00-04:00,59.53827070816088,60.042762756347656,59.43903050837248,60.042762756347656,873500,0.0,0.0
2013-09-12 00:00:00-04:00,60.58860741236538,60.91115067228136,60.43974080703658,60.78709411621094,1217300,0.0,0.0
2013-09-13 00:00:00-04:00,60.38184147593013,60.39010728485685,59.90215954751236,60.07583618164063,713500,0.0,0.0
2013-09-16 00:00:00-04:00,60.90286540163087,60.90286540163087,60.10891244791118,60.29913330078125,817700,0.0,0.0
2013-09-17 00:00:00-04:00,60.45626430447916,60.8118896484375,60.22469548697643,60.8118896484375,566200,0.0,0.0
2013-09-18 00:00:00-04:00,60.81189899693099,62.416349350244666,60.68784245140441,62.26748275756836,1199200,0.0,0.0
2013-09-19 00:00:00-04:00,62.62311772199002,62.62311772199002,61.82089242279183,61.97803115844727,1145600,0.0,0.0
2013-09-20 00:00:00-04:00,62.20131729001921,62.366728117628256,61.15098535125787,61.20887756347656,1585800,0.0,0.0
2013-09-23 00:00:00-04:00,61.27502251940747,61.44043331174689,60.86977712028489,61.1427001953125,1425100,0.0,0.0
2013-09-24 00:00:00-04:00,61.68029579891676,61.90359255944481,61.42391055857269,61.51488494873047,914400,0.0,0.0
2013-09-25 00:00:00-04:00,62.391531552144265,62.74715690659258,62.1599627278109,62.25093078613281,1266100,0.0,0.0
2013-09-26 00:00:00-04:00,61.82089494845096,61.98629950132442,61.46526948097171,61.69683837890625,1039000,0.0,0.0
2013-09-27 00:00:00-04:00,61.663748954808845,61.91186206472053,61.41564215467566,61.49834442138672,1604700,0.0,0.0
2013-09-30 00:00:00-04:00,61.12619082337592,61.2998675041253,60.91943196870578,61.13445663452149,1033900,0.0,0.0
2013-10-01 00:00:00-04:00,61.07653819322925,61.5396821195566,60.87805154467571,61.09308242797852,1148000,0.0,0.0
2013-10-02 00:00:00-04:00,61.51487254233634,61.84568786621094,60.95248838468277,61.84568786621094,894300,0.0,0.0
2013-10-03 00:00:00-04:00,61.69682382100588,61.70509593963144,60.96903512639978,61.29985046386719,544900,0.0,0.0
2013-10-04 00:00:00-04:00,60.77881669471336,60.91941747787694,60.613412174233616,60.73746871948242,622700,0.0,0.0
2013-10-07 00:00:00-04:00,59.46383693438639,59.57134924753122,59.04204718165485,59.108211517333984,1460000,0.0,0.0
2013-10-08 00:00:00-04:00,59.149547848719045,59.19917424559652,58.64506224038536,58.66987228393555,933600,0.0,0.0
2013-10-09 00:00:00-04:00,58.77738622882655,59.05858145311622,58.05786339675152,59.01722717285156,1342200,0.0,0.0
2013-10-10 00:00:00-04:00,59.968326080440974,60.07583838843793,59.46383408715564,59.72848510742188,1252900,0.0,0.0
2013-10-11 00:00:00-04:00,60.67130366536883,61.00211901216949,60.24951394045355,60.99384689331055,1460400,0.0,0.0
2013-10-14 00:00:00-04:00,60.43973284324891,60.80362403405486,60.31567630352468,60.704383850097656,626200,0.0,0.0
2013-10-15 00:00:00-04:00,59.9517803597842,60.25778565774668,59.81118588900869,59.8194580078125,1155200,0.0,0.0
2013-10-16 00:00:00-04:00,59.96005347048705,60.464545459641656,59.89388913851772,60.439735412597656,1077300,0.0,0.0
2013-10-17 00:00:00-04:00,60.22471580831659,60.28260803222656,59.86081822386576,60.28260803222656,1419100,0.0,0.0
2013-10-18 00:00:00-04:00,59.64578176908692,61.64720546805292,59.59615536571117,60.99384689331055,2655300,0.0,0.0
2013-10-21 00:00:00-04:00,63.9711879899541,64.16967472251072,62.97047589651599,63.19377899169922,3373300,0.0,0.0
2013-10-22 00:00:00-04:00,64.64935095517316,65.6335250280152,64.54183863259048,65.31098175048828,3308100,0.0,0.0
2013-10-23 00:00:00-04:00,64.79821220684384,65.15383762568787,64.53356117257236,64.963623046875,1557400,0.0,0.0
2013-10-24 00:00:00-04:00,65.17037063977035,65.1951806840572,64.74858095756206,64.88917541503906,708700,0.0,0.0
2013-10-25 00:00:00-04:00,66.00567996618454,66.07184429921097,65.36059349362218,65.70794677734375,1996600,0.0,0.0
2013-10-28 00:00:00-04:00,66.17935029426862,66.17935029426862,65.69967470003527,65.9891357421875,836400,0.0,0.0
2013-10-29 00:00:00-04:00,65.9643280243194,66.08011244526513,65.41020965576172,65.41020965576172,772300,0.0,0.0
2013-10-30 00:00:00-04:00,65.65831203006087,65.86507079229428,64.90571341661511,65.17036437988281,758000,0.0,0.0
2013-10-31 00:00:00-04:00,65.1786455993362,65.24480993324238,64.76512797708989,64.79821014404297,697200,0.0,0.0
2013-11-01 00:00:00-04:00,64.62453460131633,64.83956553528724,64.1944790431528,64.34334564208984,813700,0.0,0.0
2013-11-04 00:00:00-05:00,64.60800132020196,64.98016468942804,64.5087548105116,64.94708251953125,359600,0.0,0.0
2013-11-05 00:00:00-05:00,64.07869070875398,64.59972061840901,63.7561411725547,64.32679748535156,798300,0.0,0.0
2013-11-06 00:00:00-05:00,65.50945748363618,65.88162710978018,65.17864214143414,65.55081176757812,1138900,0.0,0.0
2013-11-07 00:00:00-05:00,65.21173170205974,65.6583315182131,64.83956834348788,65.095947265625,1288200,0.0,0.0
2013-11-08 00:00:00-05:00,64.7899356857546,65.53426864088102,64.52528466946275,65.51773071289062,1121800,0.0,0.0
2013-11-11 00:00:00-05:00,65.98088028273577,67.41165423772595,65.85682371626949,67.14700317382812,1683100,0.0,0.0
2013-11-12 00:00:00-05:00,66.46882607924567,66.57633839146327,65.6666008679455,66.01395416259766,1071200,0.0,0.0
2013-11-13 00:00:00-05:00,65.6087028190962,66.68384477501922,65.4267540686135,66.6590347290039,614600,0.0,0.0
2013-11-14 00:00:00-05:00,66.56807483771439,66.97332671006559,66.25380367017794,66.77483367919922,827700,0.0,0.0
2013-11-15 00:00:00-05:00,67.4778072205541,68.36274105054476,67.39510495235999,68.27176666259766,1589400,0.0,0.0
2013-11-18 00:00:00-05:00,68.30482994481574,68.30482994481574,67.75899002741937,67.77552795410156,1273400,0.0,0.0
2013-11-19 00:00:00-05:00,68.05673813139471,68.24695272401009,67.65975839629235,67.83343505859375,1000700,0.0,0.0
2013-11-20 00:00:00-05:00,67.9905598948201,68.1394264763361,67.1221767607913,67.18006896972656,629000,0.0,0.0
2013-11-21 00:00:00-05:00,67.27103670901411,67.55223194375985,67.0229299475323,67.51914978027344,668200,0.0,0.0
2013-11-22 00:00:00-05:00,67.4447282201794,67.99884033203125,67.29586162045132,67.99884033203125,1462100,0.0,0.0
2013-11-25 00:00:00-05:00,68.18078686965498,68.41235572615244,67.99883810818467,68.06500244140625,1175200,0.0,0.0
2013-11-26 00:00:00-05:00,67.91612214980434,68.5033162917249,67.85822994735517,68.25520324707031,570300,0.0,0.0
2013-11-27 00:00:00-05:00,68.7596966344144,69.09878404880702,68.67699438766256,68.95818328857422,666700,0.0,0.0
2013-11-29 00:00:00-05:00,68.50332025388055,68.78450916496102,68.09806850352028,68.41234588623047,573500,0.0,0.0
2013-12-02 00:00:00-05:00,67.93266885891131,67.94921309590852,67.49434122515024,67.56877136230469,381200,0.0,0.0
2013-12-03 00:00:00-05:00,67.3620053191407,67.70109273353839,67.10562646127306,67.51087188720703,625400,0.0,0.0
2013-12-04 00:00:00-05:00,66.45228667405308,67.27932199372961,66.32823011414585,67.2131576538086,775800,0.0,0.0
2013-12-05 00:00:00-05:00,67.04774033432807,67.49434007900388,67.00638605231497,67.32066345214844,647700,0.0,0.0
2013-12-06 00:00:00-05:00,67.66802496488236,68.2800292927519,67.62667067782189,67.99884033203125,2208200,0.0,0.0
2013-12-09 00:00:00-05:00,67.98229424416061,68.19732517342524,67.79207967232425,68.147705078125,903500,0.0,0.0
2013-12-10 00:00:00-05:00,67.63494034315774,67.94094565087872,67.23796696480531,67.32894134521484,1018900,0.0,0.0
2013-12-11 00:00:00-05:00,67.86650337801163,67.86650337801163,67.18006898894797,67.32066345214844,537000,0.0,0.0
2013-12-12 00:00:00-05:00,66.70038961518698,66.99812278961785,66.48535869814741,66.91542053222656,888100,0.0,0.0
2013-12-13 00:00:00-05:00,67.03947152161183,67.11390797095028,66.64249815773293,67.08082580566406,461800,0.0,0.0
2013-12-16 00:00:00-05:00,67.81687748100086,68.13942066179906,67.63492875136556,68.10633850097656,659000,0.0,0.0
2013-12-17 00:00:00-05:00,67.246227768702,67.51915088961589,66.92368455663198,67.48606872558594,662400,0.0,0.0
2013-12-18 00:00:00-05:00,67.63494058524404,68.44543789276322,67.1635307531519,68.06500244140625,703500,0.0,0.0
2013-12-19 00:00:00-05:00,68.36273478285075,69.20630793673521,68.3131083786613,69.1153335571289,1538900,0.0,0.0
2013-12-20 00:00:00-05:00,69.24766651788457,69.81005075862248,69.2393943983768,69.63636779785156,778600,0.0,0.0
2013-12-23 00:00:00-05:00,69.82659110801644,70.1904886616295,69.75215464942349,70.1656723022461,315200,0.0,0.0
2013-12-24 00:00:00-05:00,70.18221710772433,70.57092471407637,70.02507837925553,70.42205810546875,147900,0.0,0.0
2013-12-26 00:00:00-05:00,70.4964776935807,71.0092417819167,70.4964776935807,70.88518524169922,228800,0.0,0.0
2013-12-27 00:00:00-05:00,70.77768409384332,71.15811958329955,70.51303304423121,70.95963287353516,865300,0.0,0.0
2013-12-30 00:00:00-05:00,71.1167626785386,71.73703914480164,70.96789607424435,71.64606475830078,256100,0.0,0.0
2013-12-31 00:00:00-05:00,71.770107425198,72.29940940253438,71.6625951300375,72.06784057617188,621500,0.0,0.0
2014-01-02 00:00:00-05:00,70.27318424243649,70.37242443141103,69.63636358421898,70.22356414794922,1541300,0.0,0.0
2014-01-03 00:00:00-05:00,69.50405546227431,69.88449098739906,69.42135318460012,69.743896484375,1265600,0.0,0.0
2014-01-06 00:00:00-05:00,70.19875672365526,70.3310854054974,69.78523905756681,69.81832122802734,517500,0.0,0.0
2014-01-07 00:00:00-05:00,69.6446449504402,69.66945500097803,69.15669713045227,69.61983489990234,710500,0.0,0.0
2014-01-08 00:00:00-05:00,70.3806973156109,70.81075917176977,70.18221062572579,70.67015838623047,1124500,0.0,0.0
2014-01-09 00:00:00-05:00,70.04989216394004,70.0912464556721,69.14015453384583,69.98373413085938,1434200,0.0,0.0
2014-01-10 00:00:00-05:00,68.56949285106845,69.34690166418294,68.28002547737668,69.09052276611328,1844600,0.0,0.0
2014-01-13 00:00:00-05:00,68.67701329494709,69.29728978101802,68.64393112518319,68.66046905517578,1510100,0.0,0.0
2014-01-14 00:00:00-05:00,68.3048439972432,68.46198272705078,67.96576279739057,68.46198272705078,1056100,0.0,0.0
2014-01-15 00:00:00-05:00,68.06498938501103,68.96645459056599,68.04017303247969,68.65218353271484,1248600,0.0,0.0
2014-01-16 00:00:00-05:00,68.71010424445612,68.7845344036015,67.98230903621052,68.48680114746094,924900,0.0,0.0
2014-01-17 00:00:00-05:00,67.9740154208015,68.43715304767528,67.80033881072384,68.08152770996094,1204900,0.0,0.0
2014-01-21 00:00:00-05:00,67.50261798696629,67.61840241480058,66.27860306586045,67.32894134521484,1365300,0.0,0.0
2014-01-22 00:00:00-05:00,66.45227381479586,66.64249467781424,65.95605398096977,66.21243286132812,4826800,0.0,0.0
2014-01-23 00:00:00-05:00,65.5921568140384,65.93124425984925,65.31924000544785,65.87335205078125,2711800,0.0,0.0
2014-01-24 00:00:00-05:00,64.98842890776268,65.08766909560825,63.88847055410262,64.07041931152344,2319700,0.0,0.0
2014-01-27 00:00:00-05:00,64.95534338477557,64.98842554894028,64.14484613718426,64.31025695800781,847000,0.0,0.0
2014-01-28 00:00:00-05:00,63.7148037110359,64.3019980485826,63.64863936911485,64.14485931396484,1482000,0.0,0.0
2014-01-29 00:00:00-05:00,63.62381166867138,64.30198021078633,63.41705288985856,63.61553955078125,717700,0.0,0.0
2014-01-30 00:00:00-05:00,64.22756306446787,64.41777764595753,63.71479891782298,64.1944808959961,945600,0.0,0.0
2014-01-31 00:00:00-05:00,62.79678468964389,63.54938346094838,62.55694371797293,63.202030181884766,1320700,0.0,0.0
2014-02-03 00:00:00-05:00,63.02007168513766,63.185482489925256,62.02763209552015,62.1020622253418,1182200,0.0,0.0
2014-02-04 00:00:00-05:00,62.49906001172244,62.54868011269174,62.12689663489492,62.29230117797852,712300,0.0,0.0
2014-02-05 00:00:00-05:00,61.77125934143604,62.25920706679501,61.69682289447929,62.05244827270508,1132100,0.0,0.0
2014-02-06 00:00:00-05:00,62.39980950672782,63.43360360928977,62.34191728937549,63.08625030517578,734500,0.0,0.0
2014-02-07 00:00:00-05:00,63.17721803334266,63.43359692463161,62.78024467326802,63.425331115722656,475800,0.0,0.0
2014-02-10 00:00:00-05:00,63.20202402248048,63.26818834817155,63.0118094733404,63.11104965209961,423400,0.0,0.0
2014-02-11 00:00:00-05:00,63.69825138024208,64.69896957280294,63.68171345175181,64.57491302490234,834300,0.0,0.0
2014-02-12 00:00:00-05:00,64.10350355701961,64.76512796664008,64.10350355701961,64.51702117919922,1343100,0.0,0.0
2014-02-13 00:00:00-05:00,64.48393210216658,65.54253609194205,64.48393210216658,65.47637176513672,657700,0.0,0.0
2014-02-14 00:00:00-05:00,65.89815772366235,66.37783960112806,65.75756326950841,66.286865234375,852800,0.0,0.0
2014-02-18 00:00:00-05:00,66.70039084593539,66.70039084593539,66.26206319487358,66.36957550048828,1120200,0.0,0.0
2014-02-19 00:00:00-05:00,66.19590628659951,66.55980383837418,65.74103434688116,65.77411651611328,1621700,0.0,0.0
2014-02-20 00:00:00-05:00,65.54253781083251,65.78237876945872,65.23653252366577,65.69967651367188,808600,0.0,0.0
2014-02-21 00:00:00-05:00,65.79065496432982,66.09665396067847,65.47637753917861,65.48464965820312,723400,0.0,0.0
2014-02-24 00:00:00-05:00,65.78238789395667,66.18763342036708,65.69968562669841,65.74930572509766,475800,0.0,0.0
2014-02-25 00:00:00-05:00,66.22071483918454,66.41920154031192,65.74930498039548,66.00568389892578,1073400,0.0,0.0
2014-02-26 00:00:00-05:00,66.0387675601916,66.31996284377529,65.5673576907465,65.77411651611328,714400,0.0,0.0
2014-02-27 00:00:00-05:00,65.45157214271816,66.03876643962263,65.38540780537663,65.94779205322266,609000,0.0,0.0
2014-02-28 00:00:00-05:00,66.46882088511394,66.98157866769014,66.03875905029373,66.40265655517578,1175300,0.0,0.0
2014-03-03 00:00:00-05:00,65.16210593820367,65.31924464960825,64.12003979111175,64.29371643066406,1115600,0.0,0.0
2014-03-04 00:00:00-05:00,65.4267604092989,65.53427272237718,65.12075508930604,65.30270385742188,686200,0.0,0.0
2014-03-05 00:00:00-05:00,64.92225755233551,65.14555426060842,64.64933444573074,64.74858093261719,1008700,0.0,0.0
2014-03-06 00:00:00-05:00,65.56735415055604,65.74930291661938,65.35232321704679,65.55908203125,705500,0.0,0.0
2014-03-07 00:00:00-05:00,65.22828551924809,65.27790562506938,64.36816792959533,64.66590118408203,733500,0.0,0.0
2014-03-10 00:00:00-04:00,64.14483946087132,64.35987035067231,63.57418954031287,63.979434967041016,382100,0.0,0.0
2014-03-11 00:00:00-04:00,64.2689067430629,64.66588642838741,63.97117355651402,64.09523010253906,914700,0.0,0.0
2014-03-12 00:00:00-04:00,63.57419622601975,63.73960073724464,63.29300098520427,63.51630401611328,981900,0.0,0.0
2014-03-13 00:00:00-04:00,63.73959886303939,63.83057323447135,61.6885489113608,61.92012405395508,1502700,0.0,0.0
2014-03-14 00:00:00-04:00,62.10207842413008,62.81332929579783,62.09381261406741,62.30057144165039,1764900,0.0,0.0
2014-03-17 00:00:00-04:00,63.73133711797344,64.17793692957244,63.623824802317166,63.8388557434082,1281300,0.0,0.0
2014-03-18 00:00:00-04:00,63.896739764936335,64.61625633318177,63.8471133634942,64.53355407714844,681900,0.0,0.0
2014-03-19 00:00:00-04:00,64.33505758244715,64.58316431268321,63.359155966721154,63.94635009765625,1578700,0.0,0.0
2014-03-20 00:00:00-04:00,63.03662967166395,63.7396083934761,62.99527538400154,63.65690612792969,607600,0.0,0.0
2014-03-21 00:00:00-04:00,63.938102344444765,64.76513771326606,63.89675436187117,63.99599456787109,984500,0.0,0.0
2014-03-24 00:00:00-04:00,64.40124400120227,64.57492066489992,63.86366976988354,64.434326171875,783900,0.0,0.0
2014-03-25 00:00:00-04:00,64.65760625493138,65.21171827373529,64.43430954772498,65.08766174316406,709700,0.0,0.0
2014-03-26 00:00:00-04:00,65.60870361328125,65.66659582461035,65.0711294739236,65.60870361328125,1415000,0.0,0.0
2014-03-27 00:00:00-04:00,65.6996761496672,66.3034082923661,65.55907537485312,65.757568359375,2055300,0.0,0.0
2014-03-28 00:00:00-04:00,66.35303832615264,66.78309386327328,66.22070966255986,66.53498077392578,707900,0.0,0.0
2014-03-31 00:00:00-04:00,67.1469985100392,67.69283853088804,66.89888539433967,67.2462387084961,675200,0.0,0.0
2014-04-01 00:00:00-04:00,67.37028432393087,67.67628960895448,67.21314562219204,67.62666320800781,957700,0.0,0.0
2014-04-02 00:00:00-04:00,67.27104371503201,67.32894223949627,66.49363487635854,66.98158264160156,1353300,0.0,0.0
2014-04-03 00:00:00-04:00,67.08083025386793,67.14699458882778,66.68385055388701,66.80790710449219,540200,0.0,0.0
2014-04-04 00:00:00-04:00,66.80789870849455,67.27930849372778,66.4688175765508,66.64249420166016,1200300,0.0,0.0
2014-04-07 00:00:00-04:00,66.33649927661979,66.46055583099624,65.41848960792392,65.72449493408203,998100,0.0,0.0
2014-04-08 00:00:00-04:00,66.01394144883116,66.7665464187433,65.89815703957962,66.54324340820312,760600,0.0,0.0
2014-04-09 00:00:00-04:00,66.98986219874946,67.39510774654703,66.47709801904112,67.353759765625,1479500,0.0,0.0
2014-04-10 00:00:00-04:00,67.34547880031188,67.3785609665718,65.93952143804522,66.27860260009766,1044300,0.0,0.0
2014-04-11 00:00:00-04:00,65.28616385394265,65.66659930710642,64.94707637690517,64.99669647216797,708000,0.0,0.0
2014-04-14 00:00:00-04:00,65.40194764169293,66.25379292083818,65.17037878636546,66.22071075439453,837400,0.0,0.0
2014-04-15 00:00:00-04:00,66.05530659948491,66.3282234320519,65.14556279166791,66.1628189086914,1196700,0.0,0.0
2014-04-16 00:00:00-04:00,66.28688908415454,67.56052436716944,66.03050381752348,67.50263214111328,1072500,0.0,0.0
2014-04-17 00:00:00-04:00,65.65005199119992,66.34476484120206,65.3357808863048,65.97259521484375,1594100,0.0,0.0
2014-04-21 00:00:00-04:00,66.02222406551071,66.31168513467006,65.6087064496322,66.22071075439453,557700,0.0,0.0
2014-04-22 00:00:00-04:00,66.11319264106035,66.33648935772699,65.84854164252553,65.93124389648438,848000,0.0,0.0
2014-04-23 00:00:00-04:00,65.88162824704601,65.98086843457524,65.53426866135983,65.79891967773438,533000,0.0,0.0
2014-04-24 00:00:00-04:00,65.60043743129914,65.76584196155746,65.0049710267238,65.38540649414062,1144800,0.0,0.0
2014-04-25 00:00:00-04:00,65.16211291319554,65.17038503304387,64.30199543255132,64.40950775146484,908400,0.0,0.0
2014-04-28 00:00:00-04:00,64.82301684639728,65.00496560036008,64.35160703375634,64.7568588256836,1153400,0.0,0.0
2014-04-29 00:00:00-04:00,65.55081252289763,65.98914017471046,65.36886376710108,65.71621704101562,761400,0.0,0.0
2014-04-30 00:00:00-04:00,66.49363487635854,67.01466480853335,66.34476828005458,66.98158264160156,1104100,0.0,0.0
2014-05-01 00:00:00-04:00,66.90715621115064,67.12218715325068,66.60115088238436,66.68385314941406,492700,0.0,0.0
2014-05-02 00:00:00-04:00,65.65005294980914,66.51844244754741,65.57562280931737,66.17108917236328,864100,0.0,0.0
2014-05-05 00:00:00-04:00,64.591448752584,65.20345304232198,64.40123418742527,64.9222640991211,846500,0.0,0.0
2014-05-06 00:00:00-04:00,65.26962184787651,65.31097613519523,64.45913081856756,64.50875091552734,1215900,0.0,0.0
2014-05-07 00:00:00-04:00,64.81475214953846,65.07940316626775,64.41777246955556,64.7237777709961,866000,0.0,0.0
2014-05-08 00:00:00-04:00,63.7726850020445,63.88019730690424,62.9870040831804,63.15240859985352,1993500,0.0,0.0
2014-05-09 00:00:00-04:00,62.42462159047962,62.83813920318615,62.143426332754615,62.565216064453125,1613600,0.0,0.0
2014-05-12 00:00:00-04:00,63.42532768468392,63.69824448880493,63.32608119514517,63.50802993774414,854900,0.0,0.0
2014-05-13 00:00:00-04:00,63.6817121252267,63.6817121252267,63.135865849745606,63.202030181884766,783200,0.0,0.0
2014-05-14 00:00:00-04:00,63.54937780372678,63.95462956966978,63.491485595703125,63.491485595703125,1099200,0.0,0.0
2014-05-15 00:00:00-04:00,63.31780826204937,63.3426183066704,62.48250731418012,62.67272186279297,973500,0.0,0.0
2014-05-16 00:00:00-04:00,62.59829628280224,62.71408070597501,62.21786084812342,62.69753646850586,631700,0.0,0.0
2014-05-19 00:00:00-04:00,62.19304742323329,62.41635047114693,61.903586351658326,62.374996185302734,1658900,0.0,0.0
2014-05-20 00:00:00-04:00,62.1103472711527,62.38327042352781,61.556235156775365,61.87050628662109,745700,0.0,0.0
2014-05-21 00:00:00-04:00,62.02764900501704,62.48252095496533,61.97802890494222,62.46597671508789,572000,0.0,0.0
2014-05-22 00:00:00-04:00,62.63947330053149,62.87530731172163,62.49628285717046,62.50470733642578,829000,1.366,0.0
2014-05-23 00:00:00-04:00,62.45418273720688,62.87531679959398,62.428915721622985,62.80793380737305,648200,0.0,0.0
2014-05-27 00:00:00-04:00,64.1639857620946,64.18925277758389,63.69231767030574,63.95341873168945,714200,0.0,0.0
2014-05-28 00:00:00-04:00,64.43351311262792,64.45878012882646,63.90288649447072,64.25663757324219,777900,0.0,0.0
2014-05-29 00:00:00-04:00,64.23978217587447,64.53458113797872,64.17240561476054,64.41666412353516,783700,0.0,0.0
2014-05-30 00:00:00-04:00,64.52615219162887,64.61037770668776,64.26505116714786,64.43350219726562,383400,0.0,0.0
2014-06-02 00:00:00-04:00,64.12186467743851,64.16398065056275,63.709155130001164,63.82707214355469,537200,0.0,0.0
2014-06-03 00:00:00-04:00,64.1050245119484,64.40824153685755,64.01237450844864,64.30716705322266,430300,0.0,0.0
2014-06-04 00:00:00-04:00,63.56596936009801,63.79337890114597,63.38066936502444,63.49016189575195,1367500,0.0,0.0
2014-06-05 00:00:00-04:00,63.346981866795815,63.92814890144388,63.14483932578604,63.80180740356445,593700,0.0,0.0
2014-06-06 00:00:00-04:00,63.56596317527302,63.582805706825006,63.14482920053396,63.38908767700195,1112400,0.0,0.0
2014-06-09 00:00:00-04:00,62.97638041054658,63.36382937543284,62.92584638295071,63.20379638671875,544400,0.0,0.0
2014-06-10 00:00:00-04:00,63.09430547736026,63.33855756769759,62.88373845562457,63.19537353515625,697100,0.0,0.0
2014-06-11 00:00:00-04:00,63.119573314486495,63.195374358821454,62.95111583930501,63.11114883422852,298900,0.0,0.0
2014-06-12 00:00:00-04:00,63.33013760742457,63.532280142927966,63.220638646780586,63.46489715576172,882600,0.0,0.0
2014-06-13 00:00:00-04:00,63.99552317282415,64.2650486661203,63.768107222421214,63.987098693847656,388400,0.0,0.0
2014-06-16 00:00:00-04:00,64.70303327151936,65.07363328087834,64.57669177505649,64.77041625976562,676900,0.0,0.0
2014-06-17 00:00:00-04:00,64.90517844866105,65.14101249111417,64.82095292292718,64.98941040039062,443900,0.0,0.0
2014-06-18 00:00:00-04:00,65.58741288309449,65.91589689607532,65.33472990726536,65.8653564453125,425900,0.0,0.0
2014-06-19 00:00:00-04:00,66.27807377866966,66.37072377666665,65.85693976086338,65.9580078125,702500,0.0,0.0
2014-06-20 00:00:00-04:00,65.38526736197817,65.6211078172546,65.26735034733761,65.46107482910156,972000,0.0,0.0
2014-06-23 00:00:00-04:00,65.62112484419595,65.64639186446142,65.1241832169859,65.41897583007812,528500,0.0,0.0
2014-06-24 00:00:00-04:00,65.32630303117931,65.70532748101772,65.20838602705042,65.22523498535156,319800,0.0,0.0
2014-06-25 00:00:00-04:00,64.94728080161327,65.3768392465491,64.87147334615666,64.98097229003906,861100,0.0,0.0
2014-06-26 00:00:00-04:00,64.80410957999467,64.80410957999467,64.11344999599713,64.53458404541016,792300,0.0,0.0
2014-06-27 00:00:00-04:00,64.6019723822536,64.80412138952718,64.45878832159909,64.77885437011719,400200,0.0,0.0
2014-06-30 00:00:00-04:00,65.22525247484566,65.3937035470569,64.79569388691158,64.85465240478516,1023900,0.0,0.0
2014-07-01 00:00:00-04:00,64.72830119032251,65.49476823384688,64.65250014698258,65.1915512084961,865000,0.0,0.0
2014-07-02 00:00:00-04:00,65.31790333511007,65.45266290941846,65.12417881617083,65.27578735351562,638500,0.0,0.0
2014-07-03 00:00:00-04:00,65.48634428566638,65.99170385669105,65.46950175123031,65.90747833251953,361700,0.0,0.0
2014-07-07 00:00:00-04:00,66.46337435996713,66.61497643875713,66.20226689695113,66.51390838623047,724600,0.0,0.0
2014-07-08 00:00:00-04:00,65.82325472608741,66.01697279472624,65.51161320897808,65.63795471191406,580100,0.0,0.0
2014-07-09 00:00:00-04:00,66.07592439226632,66.25280633346654,65.85693933115242,66.12646484375,676200,0.0,0.0
2014-07-10 00:00:00-04:00,65.14943477809221,65.68006778174257,65.1241677638223,65.52003479003906,512500,0.0,0.0
2014-07-11 00:00:00-04:00,65.04836672101253,65.65479434147714,64.89675820939749,65.52003479003906,571000,0.0,0.0
2014-07-14 00:00:00-04:00,66.74132093337414,66.80027944199921,66.39599436171174,66.59813690185547,525700,0.0,0.0
2014-07-15 00:00:00-04:00,65.88221441973859,66.19384951644517,65.59583991287762,65.79798889160156,679500,0.0,0.0
2014-07-16 00:00:00-04:00,66.02539667331395,67.22141584808095,65.89063711714091,67.07823181152344,2512100,0.0,0.0
2014-07-17 00:00:00-04:00,68.3837439840115,68.61957800622491,67.18771848765111,67.95418548583984,3553000,0.0,0.0
2014-07-18 00:00:00-04:00,67.92892823288051,68.63643040117427,67.7604707456705,68.50167083740234,1132200,0.0,0.0
2014-07-21 00:00:00-04:00,68.2405603614251,68.5690508406537,68.08053378805258,68.41744232177734,878900,0.0,0.0
2014-07-22 00:00:00-04:00,68.54376786769295,69.07440082296993,68.48480936443939,68.84698486328125,712200,0.0,0.0
2014-07-23 00:00:00-04:00,69.63029962323219,69.65556663710709,69.30181559086772,69.31866455078125,658200,0.0,0.0
2014-07-24 00:00:00-04:00,68.91437976700487,69.04072127468767,68.53536166995254,68.89753723144531,786900,0.0,0.0
2014-07-25 00:00:00-04:00,68.2574024932557,68.39216203766544,67.48251744141302,67.95418548583984,919500,0.0,0.0
2014-07-28 00:00:00-04:00,67.89522861808321,67.96261160491109,67.31406160218448,67.78573608398438,1233000,0.0,0.0
2014-07-29 00:00:00-04:00,67.82785526391105,68.08895634245556,67.48252865286794,67.6425552368164,625200,0.0,0.0
2014-07-30 00:00:00-04:00,67.73520525036373,67.82785526391105,67.21300309327471,67.6425552368164,594400,0.0,0.0
2014-07-31 00:00:00-04:00,66.66550376526239,66.87607073456138,66.10118582977961,66.10960388183594,876900,0.0,0.0
2014-08-01 00:00:00-04:00,65.31789107519458,65.77271017586463,65.08205061892723,65.1999740600586,1516500,0.0,0.0
2014-08-04 00:00:00-04:00,64.70303316975928,65.08205123255637,64.28189913287567,64.9641342163086,1158800,0.0,0.0
2014-08-05 00:00:00-04:00,65.5705585800816,65.60425006917924,64.97254910708598,65.10731506347656,605800,0.0,0.0
2014-08-06 00:00:00-04:00,64.38297498320769,65.20839411448209,64.38297498320769,64.89675903320312,1013100,0.0,0.0
2014-08-07 00:00:00-04:00,65.55372776414255,65.64637776922065,64.2734766536064,64.50089263916016,606200,0.0,0.0
2014-08-08 00:00:00-04:00,64.31560911858428,64.77043478030679,64.13873354335841,64.75358581542969,652700,0.0,0.0
2014-08-11 00:00:00-04:00,65.14943350676629,65.64637500636093,64.9641335044088,65.39369201660156,865600,0.0,0.0
2014-08-12 00:00:00-04:00,65.09047580060935,65.2168172970444,64.59354072089238,64.9304428100586,1043600,0.0,0.0
2014-08-13 00:00:00-04:00,64.94729786286005,64.98098936013638,64.46720527216543,64.90518188476562,1035600,0.0,0.0
2014-08-14 00:00:00-04:00,65.01467759425131,65.15786163099212,64.82937758152994,64.92202758789062,446700,0.0,0.0
2014-08-15 00:00:00-04:00,65.34315806028798,65.46107507537214,63.70073147705224,64.28189849853516,1224300,0.0,0.0
2014-08-18 00:00:00-04:00,64.9557098232177,65.1999683118923,64.77040983691319,65.09046936035156,488700,0.0,0.0
2014-08-19 00:00:00-04:00,65.58741622451987,65.7474427864357,65.45265025027986,65.65479278564453,459800,0.0,0.0
2014-08-20 00:00:00-04:00,64.61880865238854,65.35157777532335,64.61880865238854,65.1915512084961,1038200,0.0,0.0
2014-08-21 00:00:00-04:00,65.05678162015613,65.74744115602073,65.05678162015613,65.66321563720703,814100,0.0,0.0
2014-08-22 00:00:00-04:00,65.3178959052833,65.40212143289507,64.86307034498472,65.04837036132812,655600,0.0,0.0
2014-08-25 00:00:00-04:00,65.8485301397259,66.33704725285223,65.7053460836016,66.09278869628906,908400,0.0,0.0
2014-08-26 00:00:00-04:00,66.27807470817645,66.61497678635017,66.22753425565419,66.37914276123047,409500,0.0,0.0
2014-08-27 00:00:00-04:00,66.71605365471925,66.74974514894227,66.4381036468759,66.69921112060547,526300,0.0,0.0
2014-08-28 00:00:00-04:00,65.59584045410156,65.80640748917943,65.34316386760568,65.59584045410156,729500,0.0,0.0
2014-08-29 00:00:00-04:00,65.61268769652602,65.86536427640222,65.04836959954051,65.63795471191406,654100,0.0,0.0
2014-09-02 00:00:00-04:00,66.0338163855522,66.24438339798955,65.79798235978161,66.1517333984375,790800,0.0,0.0
2014-09-03 00:00:00-04:00,65.44423186803728,65.66322338358376,65.31789678791041,65.4695053100586,899200,0.0,0.0
2014-09-04 00:00:00-04:00,65.1747022482013,65.67164376096892,65.11574373916062,65.1915512084961,957400,0.0,0.0
2014-09-05 00:00:00-04:00,65.34316053435231,65.68006905848988,64.94729350044032,65.64637756347656,696200,0.0,0.0
2014-09-08 00:00:00-04:00,65.84009534278408,66.22753789476953,65.62111026513728,65.90747833251953,686900,0.0,0.0
2014-09-09 00:00:00-04:00,65.34316407517834,65.67164813686362,65.16628853627056,65.3684310913086,599600,0.0,0.0
2014-09-10 00:00:00-04:00,65.2505077264947,65.6042587699445,65.08205025866481,65.49476623535156,931900,0.0,0.0
2014-09-11 00:00:00-04:00,65.04836545165884,65.55372500518219,65.00624947803382,65.39369201660156,752600,0.0,0.0
2014-09-12 00:00:00-04:00,65.05679437725433,65.34316890857079,64.75357730927053,65.21682739257812,567000,0.0,0.0
2014-09-15 00:00:00-04:00,65.4358172551386,65.57900130414417,65.19998319183617,65.3852767944336,469000,0.0,0.0
2014-09-16 00:00:00-04:00,64.61037830869572,65.27577080805202,64.56826876377136,65.14942932128906,625900,0.0,0.0
2014-09-17 00:00:00-04:00,64.85463938895447,64.98098088075537,64.40823835378713,64.45034790039062,594700,0.0,0.0
2014-09-18 00:00:00-04:00,64.71145278330508,65.25050379589842,64.71145278330508,65.14942932128906,315500,0.0,0.0
2014-09-19 00:00:00-04:00,62.65632139118345,62.71527989921109,62.19307138096951,62.30257034301758,3268600,0.0,0.0
2014-09-22 00:00:00-04:00,62.92584774429216,62.93427222440551,62.55524773125051,62.75739669799805,1178100,0.0,0.0
2014-09-23 00:00:00-04:00,62.69844535539893,62.95112195372009,62.01620376014041,62.04147720336914,1005300,0.0,0.0
2014-09-24 00:00:00-04:00,61.40977217990584,62.30257433756541,61.31712217192277,62.23519134521485,1091400,0.0,0.0
2014-09-25 00:00:00-04:00,61.36766734276738,61.48558438778749,60.719117169159794,60.946533203125,1688500,0.0,0.0
2014-09-26 00:00:00-04:00,61.49400617791524,61.62876575518316,61.12340609493418,61.61192321777344,417800,0.0,0.0
2014-09-29 00:00:00-04:00,60.69384713924062,61.26658979779284,60.62647056399665,61.02233123779297,930200,0.0,0.0
2014-09-30 00:00:00-04:00,60.52538554473468,60.89598556116302,60.35693449690118,60.77806854248047,1381600,0.0,0.0
2014-10-01 00:00:00-04:00,60.50854162515361,60.51696610604578,59.87684050415941,60.0200309753418,1207500,0.0,0.0
2014-10-02 00:00:00-04:00,59.86840851918663,60.25585101212744,59.58203406945106,60.14635848999024,1209100,0.0,0.0
2014-10-03 00:00:00-04:00,59.64099605533137,60.09582155431817,59.55677053907344,59.868412017822266,939600,0.0,0.0
2014-10-06 00:00:00-04:00,59.79260826471791,60.39061782104511,59.75891677092541,60.0621337890625,1396700,0.0,0.0
2014-10-07 00:00:00-04:00,59.843147257453154,59.96106426985049,59.28724726244122,59.30409622192383,1167600,0.0,0.0
2014-10-08 00:00:00-04:00,57.42584928652156,58.43656861162562,57.19843968747202,58.29338455200195,3017900,0.0,0.0
2014-10-09 00:00:00-04:00,58.773469148678345,59.000885142589226,57.9985840104546,58.04911804199219,1308000,0.0,0.0
2014-10-10 00:00:00-04:00,57.98172833110228,58.66396980778971,57.89750281296664,57.93119430541992,3258400,0.0,0.0
2014-10-13 00:00:00-04:00,57.720636304072194,58.284954432234336,57.46795971023649,57.48480224609375,1134000,0.0,0.0
2014-10-14 00:00:00-04:00,57.81327665611672,58.22598618861835,57.58586711706339,57.78800964355469,2446200,0.0,0.0
2014-10-15 00:00:00-04:00,57.19842982350945,57.36688087331155,56.01082871661902,57.30792236328125,1623700,0.0,0.0
2014-10-16 00:00:00-04:00,55.362284227765535,56.322469333591165,55.160135260016055,55.968711853027344,2951400,0.0,0.0
2014-10-17 00:00:00-04:00,57.60271839696604,58.29337802451544,57.35845986178448,58.10807800292969,1245400,0.0,0.0
2014-10-20 00:00:00-04:00,55.37069775161165,55.40438924348,53.989378714984525,55.32016372680664,2877100,0.0,0.0
2014-10-21 00:00:00-04:00,54.94956708276844,55.74972560479648,54.941149028785865,55.64865112304688,1497700,0.0,0.0
2014-10-22 00:00:00-04:00,54.71373468467797,54.94115066890462,53.997808089066936,54.023075103759766,1733800,0.0,0.0
2014-10-23 00:00:00-04:00,55.00853510711021,55.960302303420846,54.91588508931012,55.72446823120117,1403400,0.0,0.0
2014-10-24 00:00:00-04:00,55.4296562558825,55.54757326442421,55.10117224265989,55.32016372680664,681300,0.0,0.0
2014-10-27 00:00:00-04:00,54.52001562746414,55.34543474702849,54.43578367869614,55.09275817871094,881100,0.0,0.0
2014-10-28 00:00:00-04:00,56.07821444379741,56.44880805664773,55.94344845658205,56.41512298583984,1040800,0.0,0.0
2014-10-29 00:00:00-04:00,56.16243817668825,56.36458072505064,55.572853066466365,55.73287963867188,3066800,0.0,0.0
2014-10-30 00:00:00-04:00,55.19382604560784,56.1540111390987,55.16013455141574,55.85921859741211,2786800,0.0,0.0
2014-10-31 00:00:00-04:00,56.63410610632185,57.40899765386732,56.4235390781184,57.38372421264648,1900600,0.0,0.0
2014-11-03 00:00:00-05:00,56.61726551361648,56.66779954580012,56.297199507130905,56.57514953613281,1870600,0.0,0.0
2014-11-04 00:00:00-05:00,56.26351399818737,56.60041611144926,56.04452248377042,56.36458206176758,1094400,0.0,0.0
2014-11-05 00:00:00-05:00,56.61726379394531,56.80256380765169,56.2971977971813,56.61726379394531,748000,0.0,0.0
2014-11-06 00:00:00-05:00,56.70149292483151,57.08051103078245,56.49935036339076,56.84467697143555,675200,0.0,0.0
2014-11-07 00:00:00-05:00,56.10347575187193,56.39826828641807,55.935024710987086,56.30561828613281,1429400,0.0,0.0
2014-11-10 00:00:00-05:00,56.423530970491086,56.76886393160101,56.29718948652417,56.66778945922852,767500,0.0,0.0
2014-11-11 00:00:00-05:00,56.54145549882087,56.81940551533391,56.34773743349045,56.70148849487305,473900,0.0,0.0
2014-11-12 00:00:00-05:00,55.892910809617945,56.297195893125824,55.800260805898326,55.968711853027344,948700,0.0,0.0
2014-11-13 00:00:00-05:00,55.74130130416653,56.40669385266933,55.73287682416144,56.12031936645508,623300,0.0,0.0
2014-11-14 00:00:00-05:00,55.77500080400031,56.40670194915103,55.75815184157167,56.33089447021485,393500,0.0,0.0
2014-11-17 00:00:00-05:00,56.4909198313762,56.97943685969355,56.40669430863073,56.86993789672852,1107800,0.0,0.0
2014-11-18 00:00:00-05:00,57.38372735850293,58.06596893696065,57.26581033032427,57.77959442138672,1459600,0.0,0.0
2014-11-19 00:00:00-05:00,58.24283652669513,58.25967906013692,57.65324504030918,57.88066101074219,857100,0.0,0.0
2014-11-20 00:00:00-05:00,57.39214102752724,57.939616512932325,57.34160700382657,57.79643249511719,551200,0.0,0.0
2014-11-21 00:00:00-05:00,58.71450459695596,58.77346310301707,58.327062067697895,58.41971206665039,728900,0.0,0.0
2014-11-24 00:00:00-05:00,59.354631965961055,59.48097346175571,59.0177234525071,59.26198196411133,1035700,0.0,0.0
2014-11-25 00:00:00-05:00,59.59047145507418,59.84315446980505,59.57362891955693,59.63258743286133,900400,0.0,0.0
2014-11-26 00:00:00-05:00,59.84314110923366,60.04528362029045,59.71679963007521,59.902099609375,1054800,0.0,0.0
2014-11-28 00:00:00-05:00,59.59047376185895,59.69996631194965,59.11880563716515,59.22829818725586,432700,0.0,0.0
2014-12-01 00:00:00-05:00,59.86842238029658,60.036873441969206,59.641006378442825,59.67469787597656,805700,0.0,0.0
2014-12-02 00:00:00-05:00,59.73365551457148,59.82630552493217,59.13564590060449,59.253562927246094,1011600,0.0,0.0
2014-12-03 00:00:00-05:00,58.74819354647331,58.95033606907506,58.487092520362914,58.7060775756836,1081400,0.0,0.0
2014-12-04 00:00:00-05:00,58.69766470294754,58.78189022596573,58.10807318982921,58.25968170166016,898600,0.0,0.0
2014-12-05 00:00:00-05:00,58.48709841048525,59.009300515296,58.32706541656166,58.74819946289063,877300,0.0,0.0
2014-12-08 00:00:00-05:00,59.287256490261626,59.44728950027874,58.69767133650841,58.790321350097656,1155400,0.0,0.0
2014-12-09 00:00:00-05:00,58.6976683283251,59.16933642715527,58.47025233353492,58.866119384765625,990600,0.0,0.0
2014-12-10 00:00:00-05:00,58.7818907788654,58.80715779340897,57.846972684780056,57.89750671386719,807700,0.0,0.0
2014-12-11 00:00:00-05:00,58.83242814724863,59.70838778178612,58.773469634635326,59.14406967163086,1158400,0.0,0.0
2014-12-12 00:00:00-05:00,58.95876807888059,59.14406809243068,57.6785233708916,57.69536590576172,1693000,0.0,0.0
2014-12-15 00:00:00-05:00,58.150194855205,58.26811188416952,56.457234045077136,56.60041809082031,1234600,0.0,0.0
2014-12-16 00:00:00-05:00,56.15401186489115,57.69536400762578,56.078210821475786,56.88678741455078,856100,0.0,0.0
2014-12-17 00:00:00-05:00,57.10578161354513,58.09123378045778,57.00470712488902,57.611141204833984,862000,0.0,0.0
2014-12-18 00:00:00-05:00,58.27653352664926,59.31251972009199,58.225993069557454,59.295677185058594,884500,0.0,0.0
2014-12-19 00:00:00-05:00,58.967196833089154,59.666274535792,58.824006359334206,59.32937240600586,3073000,0.0,0.0
2014-12-22 00:00:00-05:00,59.69154841026891,59.79261647953661,59.472556883528455,59.53993988037109,1043500,0.0,0.0
2014-12-23 00:00:00-05:00,59.53150831283017,59.84314981663341,59.43043382959778,59.7168083190918,650400,0.0,0.0
2014-12-24 00:00:00-05:00,59.89369378413616,60.272711913660544,59.75050972862664,60.1969108581543,304300,0.0,0.0
2014-12-26 00:00:00-05:00,60.340087154796514,60.550654183233405,60.08740415027395,60.390621185302734,473000,0.0,0.0
2014-12-29 00:00:00-05:00,59.96948597026609,60.382201964748745,59.89368492597068,60.070560455322266,1002200,0.0,0.0
2014-12-30 00:00:00-05:00,59.73365378188076,59.91052931671255,59.177760161837405,59.295677185058594,476800,0.0,0.0
2014-12-31 00:00:00-05:00,59.29567198454559,59.489390037420776,58.60501244082597,58.663970947265625,487100,0.0,0.0
2015-01-02 00:00:00-05:00,58.7818875179659,59.26198004564744,58.65554602626124,58.992454528808594,683600,0.0,0.0
2015-01-05 00:00:00-05:00,57.52691821267883,57.57745224623616,56.4825010618558,56.60041809082031,1678800,0.0,0.0
2015-01-06 00:00:00-05:00,55.53073073148754,55.977131753251854,55.05063821785488,55.32016372680664,1478900,0.0,0.0
2015-01-07 00:00:00-05:00,54.7305795424166,55.13486459918697,54.41051357764535,54.82322311401367,1483100,0.0,0.0
2015-01-08 00:00:00-05:00,54.334714275040966,55.850792925355606,54.32628979517388,55.69918441772461,1184700,0.0,0.0
2015-01-09 00:00:00-05:00,54.94114728356752,54.97483235041864,54.25890579892122,54.77268981933594,1142500,0.0,0.0
2015-01-12 00:00:00-05:00,55.387549734304656,57.35845392123748,55.15171570434641,57.02154541015625,3279400,0.0,0.0
2015-01-13 00:00:00-05:00,56.51618521283696,57.10577670701276,55.94344267832078,56.33930969238281,1707100,0.0,0.0
2015-01-14 00:00:00-05:00,56.1624415948918,56.76045122194076,55.85080005995243,56.406700134277344,841200,0.0,0.0
2015-01-15 00:00:00-05:00,56.50777001973748,56.836260527132495,56.09506040418466,56.33089447021485,1060900,0.0,0.0
2015-01-16 00:00:00-05:00,55.78341128641369,56.634097321686994,55.42123579704173,56.52460479736328,1143700,0.0,0.0
2015-01-20 00:00:00-05:00,53.61036159403105,53.70300837875758,52.91127758429292,53.5345573425293,2674100,0.0,0.0
2015-01-21 00:00:00-05:00,53.5766709841327,54.014647541137926,53.39979546538086,53.972537994384766,2283800,0.0,0.0
2015-01-22 00:00:00-05:00,53.8209330957203,54.42736715836435,53.610366069857534,54.199951171875,1517800,0.0,0.0
2015-01-23 00:00:00-05:00,54.14099328586029,54.79796138596692,54.07361029456839,54.34313583374024,1032700,0.0,0.0
2015-01-26 00:00:00-05:00,55.09276283795516,55.93503098890267,54.87377131942991,55.67392349243164,1736100,0.0,0.0
2015-01-27 00:00:00-05:00,55.2696306907922,55.52230724533273,54.93272219207636,55.168556213378906,1302100,0.0,0.0
2015-01-28 00:00:00-05:00,54.907461304014525,55.02537832781916,54.01465271892766,54.06519317626953,981200,0.0,0.0
2015-01-29 00:00:00-05:00,54.75585234173434,55.54758000574291,54.66320233435103,55.438087463378906,1354800,0.0,0.0
2015-01-30 00:00:00-05:00,55.2780534820748,55.58969499464565,54.91587793946379,55.05064392089844,967900,0.0,0.0
2015-02-02 00:00:00-05:00,55.73288248127247,56.44880913048439,55.53073992259999,56.38985061645508,1187300,0.0,0.0
2015-02-03 00:00:00-05:00,57.05523682572092,57.62797936597597,56.81940279608567,57.59428787231445,1299500,0.0,0.0
2015-02-04 00:00:00-05:00,57.44267972050786,57.46795316040745,56.693061653371856,56.76044464111328,1333800,0.0,0.0
2015-02-05 00:00:00-05:00,57.3163483540835,57.89750898941359,57.08893236226214,57.87224197387695,1129300,0.0,0.0
2015-02-06 00:00:00-05:00,56.5751524949775,56.76887700513971,56.00240987162371,56.15401840209961,2718100,0.0,0.0
2015-02-09 00:00:00-05:00,55.84237006330813,56.18769659618139,55.73287111245008,55.85078811645508,1734800,0.0,0.0
2015-02-10 00:00:00-05:00,56.62568201463594,56.82782454088057,55.98555651786706,56.70990753173828,1805900,0.0,0.0
2015-02-11 00:00:00-05:00,56.0360943858484,56.465652906322745,56.00240289149792,56.29719543457031,874800,0.0,0.0
2015-02-12 00:00:00-05:00,57.83855541883009,58.22599801748032,57.77117242097882,58.19230651855469,751700,0.0,0.0
2015-02-13 00:00:00-05:00,58.38603103087799,58.61344061613055,58.07438948531316,58.19230651855469,639600,0.0,0.0
2015-02-17 00:00:00-05:00,58.16703089232752,58.28494790811772,57.72905432310613,58.18387985229492,476500,0.0,0.0
2015-02-18 00:00:00-05:00,57.47637914161702,58.24284627439851,57.4090025705783,58.08281326293945,600900,0.0,0.0
2015-02-19 00:00:00-05:00,57.70379153944855,58.32706815803171,57.560601073209874,58.01542663574219,432600,0.0,0.0
2015-02-20 00:00:00-05:00,57.678514570602665,58.91664311351549,57.53532412907301,58.647117614746094,813000,0.0,0.0
2015-02-23 00:00:00-05:00,58.71449888326951,58.96718184236792,58.55446591410755,58.689231872558594,563100,0.0,0.0
2015-02-24 00:00:00-05:00,58.62185009918068,59.09352453746704,58.37759161395974,58.849266052246094,1113400,0.0,0.0
2015-02-25 00:00:00-05:00,59.01773587342648,59.18618695260809,58.84928479424486,59.11038589477539,568800,0.0,0.0
2015-02-26 00:00:00-05:00,58.80716096261038,59.21145249508198,58.689243937721976,58.832427978515625,646700,0.0,0.0
2015-02-27 00:00:00-05:00,59.21144348242961,59.379894513488345,58.97560304255448,59.11879348754883,527600,0.0,0.0
2015-03-02 00:00:00-05:00,59.11879552138964,59.91894758543833,59.11879552138964,59.893680572509766,2479100,0.0,0.0
2015-03-03 00:00:00-05:00,59.7420727785432,59.80103128474186,59.09352921035784,59.30409622192383,812300,0.0,0.0
2015-03-04 00:00:00-05:00,58.6723991337004,58.925075708978206,58.276532097169934,58.85769271850586,1376500,0.0,0.0
2015-03-05 00:00:00-05:00,59.1103799256965,59.17776292096339,58.79873839208422,58.94192886352539,497500,0.0,0.0
2015-03-06 00:00:00-05:00,58.11649677115528,58.37759781627237,57.552178707065565,57.67852020263672,886800,0.0,0.0
2015-03-09 00:00:00-04:00,57.57744572098071,57.81327975218266,57.35845422372373,57.67852020263672,506000,0.0,0.0
2015-03-10 00:00:00-04:00,56.8109860005616,57.07209350525753,56.28878384316219,56.35616683959961,794000,0.0,0.0
2015-03-11 00:00:00-04:00,56.617258437494456,56.96258499091639,56.31404143029731,56.59199142456055,679000,0.0,0.0
2015-03-12 00:00:00-04:00,57.26581489837282,57.442690454750014,56.92890632270342,57.350040435791016,1227900,0.0,0.0
2015-03-13 00:00:00-04:00,56.92048350636432,57.535335661488254,56.78571751696966,57.34161758422852,663700,0.0,0.0
2015-03-16 00:00:00-04:00,58.15861835309816,58.63028646098381,58.00700982899262,58.52079391479492,777700,0.0,0.0
2015-03-17 00:00:00-04:00,58.13334176038501,58.31022371725255,57.89750771922252,58.12492370605469,859100,0.0,0.0
2015-03-18 00:00:00-04:00,58.61344166664454,60.19691001454757,58.57975659311154,59.77577590942383,2280200,0.0,0.0
2015-03-19 00:00:00-04:00,59.14406285240818,59.44727986117207,59.00087882771278,59.21986389160156,1642200,0.0,0.0
2015-03-20 00:00:00-04:00,61.10655266388348,61.67929522366031,60.72752816676899,61.28342819213867,2766100,0.0,0.0
2015-03-23 00:00:00-04:00,61.39291736413565,61.873009893357086,61.07285781998642,61.65401840209961,1480500,0.0,0.0
2015-03-24 00:00:00-04:00,62.22676122126877,62.46260167310715,61.881434662282814,61.93196868896485,1393000,0.0,0.0
2015-03-25 00:00:00-04:00,61.76351853385575,61.83090152106026,60.67699196266559,60.7359504699707,1389000,0.0,0.0
2015-03-26 00:00:00-04:00,60.26428819961768,60.71910734194289,59.7589221730413,60.4327392578125,835500,0.0,0.0
2015-03-27 00:00:00-04:00,60.70226223388489,61.207621813047545,60.40746968153964,61.09812927246094,1221900,0.0,0.0
2015-03-30 00:00:00-04:00,61.45187167447084,61.61190464861623,61.24130467732997,61.24972915649414,1017000,0.0,0.0
2015-03-31 00:00:00-04:00,61.24973376360119,61.40134226998615,60.73594973785188,60.78648376464844,998100,0.0,0.0
2015-04-01 00:00:00-04:00,61.51926645273282,61.51926645273282,60.64330680553337,60.98863983154297,960100,0.0,0.0
2015-04-02 00:00:00-04:00,61.60348775383918,61.71298029247461,61.098128183682114,61.28342819213867,808700,0.0,0.0
2015-04-06 00:00:00-04:00,60.980209722791095,62.10042780124543,60.94651822877795,61.763519287109375,857000,0.0,0.0
2015-04-07 00:00:00-04:00,61.88144543261796,62.15097099849122,61.40135281759383,61.44346237182617,686200,0.0,0.0
2015-04-08 00:00:00-04:00,61.99935541964013,62.04988944937415,61.199203294205184,61.42661285400391,876100,0.0,0.0
2015-04-09 00:00:00-04:00,61.36764501232773,61.56136304751484,61.10654399707785,61.46871948242188,686800,0.0,0.0
2015-04-10 00:00:00-04:00,61.6708718237692,61.89828138522505,61.435037781964425,61.63718032836914,604600,0.0,0.0
2015-04-13 00:00:00-04:00,61.65401785835292,61.738249803013474,61.114966827700286,61.317115783691406,682400,0.0,0.0
2015-04-14 00:00:00-04:00,62.016197399561705,62.06673785483935,61.70456231766159,61.78878784179688,726100,0.0,0.0
2015-04-15 00:00:00-04:00,61.94882083585083,62.04988889441493,61.23288781571195,61.78878784179688,574600,0.0,0.0
2015-04-16 00:00:00-04:00,61.3087019143461,61.569802995194486,60.97179335538272,61.40135192871094,925500,0.0,0.0
2015-04-17 00:00:00-04:00,60.6433069429827,60.803339948178746,60.0116058289933,60.415897369384766,924400,0.0,0.0
2015-04-20 00:00:00-04:00,61.08127758161235,61.30026907899301,60.70225952068022,60.91282653808594,832100,0.0,0.0
2015-04-21 00:00:00-04:00,62.46259251787895,62.79107649515629,62.16779360278886,62.445743560791016,1563100,0.0,0.0
2015-04-22 00:00:00-04:00,62.31100340053988,62.90058856197659,61.87302034404719,62.69002151489258,1342100,0.0,0.0
2015-04-23 00:00:00-04:00,62.31940964626119,63.2206361799597,62.20149263631897,63.01849365234375,944100,0.0,0.0
2015-04-24 00:00:00-04:00,63.07745778734191,63.51544079992992,62.58894074483824,63.32171630859375,762500,0.0,0.0
2015-04-27 00:00:00-04:00,64.53457529397551,64.9472848071546,64.29031680732,64.34085083007812,1259200,0.0,0.0
2015-04-28 00:00:00-04:00,64.71147506996506,64.84623465652717,64.18084192800931,64.46721649169922,1037700,0.0,0.0
2015-04-29 00:00:00-04:00,64.74516087403579,64.91361194891014,63.8944681661281,64.19768524169922,1304900,0.0,0.0
2015-04-30 00:00:00-04:00,64.22294218533915,64.45877622356535,63.56597409999596,63.75127410888672,1117800,0.0,0.0
2015-05-01 00:00:00-04:00,63.92814727945246,64.73672384897179,63.91972279954211,64.34928131103516,768400,0.0,0.0
2015-05-04 00:00:00-04:00,64.41666310273882,64.55984712858051,64.18924713134766,64.18924713134766,1439200,0.0,0.0
2015-05-05 00:00:00-04:00,63.41436100741653,63.45647055349051,62.5468259611517,62.72370147705078,1375600,0.0,0.0
2015-05-06 00:00:00-04:00,63.229065312663145,63.49859084465096,62.70685678306369,62.93427276611328,1443600,0.0,0.0
2015-05-07 00:00:00-04:00,63.23749529973069,63.91973045629909,63.1448452876046,63.43121337890625,1284700,0.0,0.0
2015-05-08 00:00:00-04:00,63.75127220442874,64.3071657884991,63.71758071054639,64.02079772949219,521000,0.0,0.0
2015-05-11 00:00:00-04:00,63.61652383963484,63.9028984039132,63.52387381230923,63.58283233642578,774200,0.0,0.0
2015-05-12 00:00:00-04:00,63.35540860782679,63.67546817801357,63.09430754862167,63.39751815795898,1065000,0.0,0.0
2015-05-13 00:00:00-04:00,64.18924840105298,64.55984840561655,63.68388884773606,63.77653884887695,794700,0.0,0.0
2015-05-14 00:00:00-04:00,64.53458500658915,65.15786160972475,64.35770947432077,65.0820541381836,1309500,0.0,0.0
2015-05-15 00:00:00-04:00,64.75357348039933,64.92203096709414,64.48404792768366,64.71146392822266,868100,0.0,0.0
2015-05-18 00:00:00-04:00,64.79528461472664,65.06049289244368,64.53008286392806,64.70117950439453,847700,1.188,0.0
2015-05-19 00:00:00-04:00,64.50442519374518,64.85517529834445,64.40176328348929,64.67552185058594,556700,0.0,0.0
2015-05-20 00:00:00-04:00,64.44454078326339,64.89795279862587,64.35043566381997,64.76107025146484,648700,0.0,0.0
2015-05-21 00:00:00-04:00,64.57287530656163,65.0006235341366,64.51299081577794,64.84663391113281,627300,0.0,0.0
2015-05-22 00:00:00-04:00,64.27344573534711,64.29911611137861,63.89703173684424,63.91413879394531,492900,0.0,0.0
2015-05-26 00:00:00-04:00,63.37517584466809,63.42650354083637,62.476902000205335,62.87898635864258,892000,0.0,0.0
2015-05-27 00:00:00-04:00,62.67366455997732,63.55482475801823,62.5624458570158,63.469276428222656,1148300,0.0,0.0
2015-05-28 00:00:00-04:00,63.78580835987519,63.82858578988149,63.18696350130361,63.5291633605957,822600,0.0,0.0
2015-05-29 00:00:00-04:00,63.529159162477335,63.700255817357295,63.09285420753873,63.2211799621582,868300,0.0,0.0
2015-06-01 00:00:00-04:00,63.3751761986105,63.4521677432929,62.69077645358615,63.18696594238281,475600,0.0,0.0
2015-06-02 00:00:00-04:00,63.84569226642677,64.23921981662019,63.64037496348224,63.88846969604492,700400,0.0,0.0
2015-06-03 00:00:00-04:00,64.34187517044403,64.9920541782072,64.3162113260579,64.72685241699219,790100,0.0,0.0
2015-06-04 00:00:00-04:00,64.33333172840038,65.11183664654332,63.8884764372616,64.02535247802734,588000,0.0,0.0
2015-06-05 00:00:00-04:00,62.99018436016101,63.4350460498559,62.62232072430177,62.99874114990234,815000,0.0,0.0
2015-06-08 00:00:00-04:00,62.98165007865248,63.09286226583671,62.53678827607588,62.810546875,733300,0.0,0.0
2015-06-09 00:00:00-04:00,62.25447473494442,62.46834885067476,61.84384008781737,62.22026062011719,721100,0.0,0.0
2015-06-10 00:00:00-04:00,62.95597601892555,63.63181894823496,62.59666910266064,63.38372421264648,648000,0.0,0.0
2015-06-11 00:00:00-04:00,63.70026369457456,63.9312513868375,63.13563944211367,63.47783279418945,587700,0.0,0.0
2015-06-12 00:00:00-04:00,62.81055327773243,63.23830154008733,62.39991860094721,62.92177200317383,638600,0.0,0.0
2015-06-15 00:00:00-04:00,61.6385111131154,62.24591270374589,61.53584920727916,61.99781799316406,665700,0.0,0.0
2015-06-16 00:00:00-04:00,61.72406509678519,62.596668532178754,61.629959972870665,62.4170150756836,690800,0.0,0.0
2015-06-17 00:00:00-04:00,62.34858660900765,62.62234524566385,61.8096261287872,62.35714340209961,805400,0.0,0.0
2015-06-18 00:00:00-04:00,62.083365747295176,63.37516697779014,61.99781742334397,62.67366027832031,1253900,0.0,0.0
2015-06-19 00:00:00-04:00,62.20314459305857,62.322913571010616,61.89516535634765,62.16037368774414,849700,0.0,0.0
2015-06-22 00:00:00-04:00,63.88847500626052,64.64986632292874,63.76014923365937,63.99968719482422,1273300,0.0,0.0
2015-06-23 00:00:00-04:00,64.05101595844872,64.10234365234454,63.67459546476101,63.71737289428711,560700,0.0,0.0
2015-06-24 00:00:00-04:00,63.23827367771723,63.409376823424566,62.79341855271342,62.88752365112305,682900,0.0,0.0
2015-06-25 00:00:00-04:00,63.16130174140741,63.24685007732775,62.622334823961886,62.87898635864258,683300,0.0,0.0
2015-06-26 00:00:00-04:00,63.0415260227677,63.092853713445926,62.16891611972407,62.425567626953125,608800,0.0,0.0
2015-06-29 00:00:00-04:00,61.39897585954502,61.59574291013042,60.32960532291081,60.46648788452149,1262800,0.0,0.0
2015-06-30 00:00:00-04:00,60.68035729456235,60.69746434997953,59.58532299412304,60.08151245117188,1520400,0.0,0.0
2015-07-01 00:00:00-04:00,60.56914236702379,60.73168223032465,60.03017550552387,60.20127868652344,1247300,0.0,0.0
2015-07-02 00:00:00-04:00,60.20127770780395,60.2098279715257,59.64520380070392,59.85052108764648,668500,0.0,0.0
2015-07-06 00:00:00-04:00,58.01121710670006,58.900934273400914,57.94278234535422,58.39619445800781,1698700,0.0,0.0
2015-07-07 00:00:00-04:00,58.06254230149859,59.08057856663597,57.33536514893256,58.89236831665039,2377300,0.0,0.0
2015-07-08 00:00:00-04:00,58.81537368879537,59.19179416901778,58.41328936254309,58.58439254760742,955100,0.0,0.0
2015-07-09 00:00:00-04:00,60.0216312660989,60.34671755224888,59.679431396671774,59.72220230102539,1002400,0.0,0.0
2015-07-10 00:00:00-04:00,62.31435387229783,62.34002424659273,61.64706773285877,61.82672119140625,1495700,0.0,0.0
2015-07-13 00:00:00-04:00,62.29724956492362,62.50256687990517,62.032047761117454,62.10903930664063,1006400,0.0,0.0
2015-07-14 00:00:00-04:00,62.5367847675788,62.870427837332976,62.41701579520137,62.630889892578125,816000,0.0,0.0
2015-07-15 00:00:00-04:00,62.99019302814113,63.9569080674765,62.76776867960441,63.435054779052734,1817800,0.0,0.0
2015-07-16 00:00:00-04:00,63.89703592109366,64.0253551750544,63.67460500269447,63.82003784179688,956100,0.0,0.0
2015-07-17 00:00:00-04:00,63.88846866908738,63.90557572450803,63.2297393412242,63.45216369628906,755000,0.0,0.0
2015-07-20 00:00:00-04:00,64.19645732186036,64.23067796465295,63.56339174749789,63.70026779174805,1477300,0.0,0.0
2015-07-21 00:00:00-04:00,63.751584329301856,63.93124430423382,61.518744888616645,62.28013610839844,3605900,0.0,0.0
2015-07-22 00:00:00-04:00,62.340025983886406,62.65655547956372,61.912277777256826,62.0748176574707,2191800,0.0,0.0
2015-07-23 00:00:00-04:00,62.716441744721095,63.084305473924125,62.51968121917055,62.810546875,1218000,0.0,0.0
2015-07-24 00:00:00-04:00,62.88754551538021,62.99875770356715,61.79251110981066,61.96360778808594,2586200,0.0,0.0
2015-07-27 00:00:00-04:00,62.01492905774904,62.04914969524079,61.22787397619665,61.33053588867188,1819000,0.0,0.0
2015-07-28 00:00:00-04:00,61.210763232133445,61.92937699539616,61.10810132584498,61.81816482543945,2271400,0.0,0.0
2015-07-29 00:00:00-04:00,61.37330327523572,62.08336677695274,61.28775494986569,61.67272567749024,889000,0.0,0.0
2015-07-30 00:00:00-04:00,60.87712707054097,61.39897387074894,60.526370412964944,61.28776168823242,1295600,0.0,0.0
2015-07-31 00:00:00-04:00,61.48452252122711,61.68128301864248,61.1337658990848,61.313419342041016,520100,0.0,0.0
2015-08-03 00:00:00-04:00,61.98070208448451,61.98070208448451,61.03965749387406,61.27064514160156,980900,0.0,0.0
2015-08-04 00:00:00-04:00,61.72406501252714,61.86094103908544,61.39897221147733,61.52729797363281,885400,0.0,0.0
2015-08-05 00:00:00-04:00,61.783948497338855,62.26302437291324,61.71550722170844,61.89516067504883,447000,0.0,0.0
2015-08-06 00:00:00-04:00,62.33146130304408,62.417009628158375,61.71550291915099,61.81816482543945,774500,0.0,0.0
2015-08-07 00:00:00-04:00,61.43319867074347,61.65562957776071,61.13377621528949,61.59574508666992,584000,0.0,0.0
2015-08-10 00:00:00-04:00,61.81816190325485,62.69076522124232,61.80960511307226,62.51966857910156,493700,0.0,0.0
2015-08-11 00:00:00-04:00,61.86948991919406,61.94648797740942,60.97121622588676,61.27064514160156,573900,0.0,0.0
2015-08-12 00:00:00-04:00,60.72313839303845,61.25354199297441,60.08151608195229,61.23643493652344,1114500,0.0,0.0
2015-08-13 00:00:00-04:00,60.50926531675477,60.74024648082305,60.26972083393608,60.46648788452149,721700,0.0,0.0
2015-08-14 00:00:00-04:00,60.23550385972324,60.50070565159912,60.00451617970534,60.415157318115234,661300,0.0,0.0
2015-08-17 00:00:00-04:00,59.49121544562959,60.05583962823774,59.380003272655614,60.02162551879883,675400,0.0,0.0
2015-08-18 00:00:00-04:00,59.67087512357027,59.75642345994055,59.40567332274648,59.6794319152832,709900,0.0,0.0
2015-08-19 00:00:00-04:00,59.48266848112639,60.32105789309671,59.337235647769525,60.03018569946289,1354900,0.0,0.0
2015-08-20 00:00:00-04:00,60.03017348781631,60.0558373323739,58.25073962674421,58.25929641723633,1364400,0.0,0.0
2015-08-21 00:00:00-04:00,58.60150210397092,59.003586447385565,57.87433148543692,57.9256591796875,2103200,0.0,0.0
2015-08-24 00:00:00-04:00,55.530270150071495,58.096759151018205,53.94759997474531,56.00934600830078,2794700,0.0,0.0
2015-08-25 00:00:00-04:00,58.746922435799576,58.95224622299972,56.79639214582435,56.87339019775391,2586500,0.0,0.0
2015-08-26 00:00:00-04:00,57.24126469836329,57.506466481895096,56.2659928411898,57.147159576416016,7063900,0.0,0.0
2015-08-27 00:00:00-04:00,57.75456323108562,58.13953399658203,57.31825824378205,58.13953399658203,1489100,0.0,0.0
2015-08-28 00:00:00-04:00,57.30970760064567,57.805897127523686,57.1214973299733,57.7117919921875,1369200,0.0,0.0
2015-08-31 00:00:00-04:00,57.44658624682444,57.7973363870926,57.207048292120376,57.54069137573242,772600,0.0,0.0
2015-09-01 00:00:00-04:00,56.573975991853615,56.63386048026886,55.8724691874523,56.11200714111328,1081000,0.0,0.0
2015-09-02 00:00:00-04:00,56.33443666156753,56.59108819245814,55.76981243129557,56.573974609375,1495500,0.0,0.0
2015-09-03 00:00:00-04:00,56.64240307602636,57.04448733757914,56.61673923412607,56.950382232666016,2811400,0.0,0.0
2015-09-04 00:00:00-04:00,55.40194558453486,55.76125248592384,55.051188947284295,55.37628173828125,1669100,0.0,0.0
2015-09-08 00:00:00-04:00,56.42853728101003,56.77929391008548,56.18044256147547,56.76218032836914,894400,0.0,0.0
2015-09-09 00:00:00-04:00,56.80495687055003,56.89050519704149,55.56448329220754,55.65858840942383,1251200,0.0,0.0
2015-09-10 00:00:00-04:00,55.5901556586142,56.89906402895407,55.555935021406206,56.44565200805664,1302400,0.0,0.0
2015-09-11 00:00:00-04:00,56.12055634493817,56.51408386230469,56.06067186461977,56.51408386230469,901400,0.0,0.0
2015-09-14 00:00:00-04:00,56.32587441785323,56.514084652032224,56.103450074658895,56.29166030883789,605700,0.0,0.0
2015-09-15 00:00:00-04:00,56.27454636800626,58.17374922525545,56.06067228997224,57.22414779663086,1593800,0.0,0.0
2015-09-16 00:00:00-04:00,57.0273931144796,57.49791221797769,56.83062607078144,57.29259490966797,1332900,0.0,0.0
2015-09-17 00:00:00-04:00,57.26692732088864,57.86577215055409,57.087273871989,57.37813949584961,1212200,0.0,0.0
2015-09-18 00:00:00-04:00,55.78692174670319,56.36010279172925,55.44472186729725,55.57304763793945,1397800,0.0,0.0
2015-09-21 00:00:00-04:00,55.76980854824666,55.95801878753944,55.401944860606896,55.68425369262695,829300,0.0,0.0
2015-09-22 00:00:00-04:00,54.49511641431062,54.66621633156019,53.84493738145416,54.238468170166016,1421800,0.0,0.0
2015-09-23 00:00:00-04:00,54.170032174066,54.469454610822005,53.853499417572536,54.30691146850586,1606700,0.0,0.0
2015-09-24 00:00:00-04:00,53.88771999180001,54.25558044360064,53.52840980466806,54.22136306762695,2312600,0.0,0.0
2015-09-25 00:00:00-04:00,54.76032615985789,55.13674013596007,54.46945399109035,54.623443603515625,1777800,0.0,0.0
2015-09-28 00:00:00-04:00,54.91431676171483,54.91431676171483,54.20425317346453,54.21280670166016,1213800,0.0,0.0
2015-09-29 00:00:00-04:00,54.33257434182328,54.88865156466684,54.18714152185321,54.71754837036133,957400,0.0,0.0
2015-09-30 00:00:00-04:00,55.83824307691655,55.915241141289656,54.92286225686608,55.42760848999024,911000,0.0,0.0
2015-10-01 00:00:00-04:00,55.21373908764032,55.30784421489902,54.264137550334986,54.88865280151367,891600,0.0,0.0
2015-10-02 00:00:00-04:00,55.41049361909815,56.30876736334556,54.99985904172481,56.29166030883789,1206600,0.0,0.0
2015-10-05 00:00:00-04:00,56.7108595959423,57.14716460638049,56.65953189833304,57.035945892333984,687000,0.0,0.0
2015-10-06 00:00:00-04:00,57.39525108106677,57.87433350953211,57.33536659337356,57.592018127441406,1002600,0.0,0.0
2015-10-07 00:00:00-04:00,57.40380271031107,57.83155087734308,57.03593902558679,57.65189743041992,857800,0.0,0.0
2015-10-08 00:00:00-04:00,57.19848791445441,57.85721724859362,57.03594151527281,57.79733276367188,967600,0.0,0.0
2015-10-09 00:00:00-04:00,58.61860930352263,58.81537634349816,58.24219533322945,58.49884033203125,869400,0.0,0.0
2015-10-12 00:00:00-04:00,58.370515929979945,58.91803304460216,58.34484555814425,58.558719635009766,1315500,0.0,0.0
2015-10-13 00:00:00-04:00,58.55871681335367,62.553889337152086,58.55871681335367,61.85238265991211,3456400,0.0,0.0
2015-10-14 00:00:00-04:00,62.29725164732015,62.451241270433634,61.89516726880605,62.263031005859375,925900,0.0,0.0
2015-10-15 00:00:00-04:00,63.00731360914713,63.503503106852726,62.887544630655405,63.39228439331055,1571600,0.0,0.0
2015-10-16 00:00:00-04:00,64.07668051150554,64.45309448242188,63.93979795704911,64.45309448242188,944900,0.0,0.0
2015-10-19 00:00:00-04:00,64.47020568611867,64.5129831145376,63.58904548680997,63.9569091796875,835400,0.0,0.0
2015-10-20 00:00:00-04:00,64.6840813767509,64.94928316414418,64.2905538278411,64.55575561523438,1199000,0.0,0.0
2015-10-21 00:00:00-04:00,65.44547762294624,65.68501558170344,65.08617068481044,65.16316223144531,1353400,0.0,0.0
2015-10-22 00:00:00-04:00,65.64223925034847,66.29241179125931,65.54813412762623,65.89032745361328,1049500,0.0,0.0
2015-10-23 00:00:00-04:00,66.12985797493114,66.42928033549138,65.71066014322888,66.14696502685547,938800,0.0,0.0
2015-10-26 00:00:00-04:00,66.10420572338141,66.40363469292197,65.99299353809931,66.19831085205078,769500,0.0,0.0
2015-10-27 00:00:00-04:00,66.4635064297136,66.73726497143197,65.76199975862788,65.90743255615234,1518400,0.0,0.0
2015-10-28 00:00:00-04:00,66.71160837103155,67.37033768993311,66.21541892063239,66.75437927246094,1107200,0.0,0.0
2015-10-29 00:00:00-04:00,66.3351932608742,66.88271044810536,66.27530877248704,66.83138275146484,463600,0.0,0.0
2015-10-30 00:00:00-04:00,66.91692919859557,67.85797392964373,66.86560150340442,67.33612060546875,992900,0.0,0.0
2015-11-02 00:00:00-05:00,68.15740072682982,68.36272457457906,68.01196789653072,68.3028335571289,779000,0.0,0.0
2015-11-03 00:00:00-05:00,68.3541710709176,69.03001408336921,68.31995042797978,68.6279296875,1249000,0.0,0.0
2015-11-04 00:00:00-05:00,68.37127757731145,68.38839116210242,67.53289467631949,67.6954345703125,1226100,0.0,0.0
2015-11-05 00:00:00-05:00,68.76479822203167,68.91023757036305,68.36272039699655,68.39693450927734,1259200,0.0,0.0
2015-11-06 00:00:00-05:00,67.37034326368239,67.54999672915517,66.78860543537634,67.4045639038086,1575800,0.0,0.0
2015-11-09 00:00:00-05:00,67.64409368537967,67.67831432137153,66.88270248358799,67.44732666015625,934200,0.0,0.0
2015-11-10 00:00:00-05:00,66.42930802047877,67.07948722217589,66.30953902633992,66.98538208007812,1198100,0.0,0.0
2015-11-11 00:00:00-05:00,67.5585544200692,68.07185097495442,67.41312159278702,67.87508392333984,1884700,0.0,0.0
2015-11-12 00:00:00-05:00,67.48155622167437,68.1659559781965,67.37034403518044,67.70398712158203,1123700,0.0,0.0
2015-11-13 00:00:00-05:00,66.88270640030265,67.14790818612133,66.39507373097065,66.69449615478516,785800,0.0,0.0
2015-11-16 00:00:00-05:00,66.30952404146392,66.78859990975597,66.23252597582031,66.75437927246094,683200,0.0,0.0
2015-11-17 00:00:00-05:00,66.99392067484737,67.32756374709747,66.79716015886375,66.8484878540039,808500,0.0,0.0
2015-11-18 00:00:00-05:00,67.37033717042198,68.0119594291879,66.9768096349425,67.91785430908203,863700,0.0,0.0
2015-11-19 00:00:00-05:00,68.43970894089618,68.79901584637526,68.35416061010392,68.57659149169922,753400,0.0,0.0
2015-11-20 00:00:00-05:00,68.69635369032635,68.72201753434298,68.11461596058085,68.24293518066406,591600,0.0,0.0
2015-11-23 00:00:00-05:00,67.81519447436074,68.01196151158467,67.43878050933132,67.66976165771484,1142600,0.0,0.0
2015-11-24 00:00:00-05:00,67.17358318615433,67.48156245233343,66.7458349305634,67.2762451171875,933700,0.0,0.0
2015-11-25 00:00:00-05:00,67.3275617349663,67.78953055818005,67.19068570971,67.58421325683594,486000,0.0,0.0
2015-11-27 00:00:00-05:00,67.44733128895592,67.71253960436387,67.29334820680337,67.62699127197266,377600,0.0,0.0
2015-11-30 00:00:00-05:00,67.3960030110541,67.68687517096765,67.12224443362219,67.58421325683594,1204700,0.0,0.0
2015-12-01 00:00:00-05:00,67.95207008936752,68.24293569296448,67.73819601839845,68.20016479492188,699600,0.0,0.0
2015-12-02 00:00:00-05:00,67.89220163388747,68.00341382734797,67.49867403365774,67.6954345703125,1207200,0.0,0.0
2015-12-03 00:00:00-05:00,67.80662384667578,67.93494956920372,66.83990906029364,67.14788818359375,1427100,0.0,0.0
2015-12-04 00:00:00-05:00,66.79716009335198,67.72109776648585,66.76293945431892,67.56710815429688,1417500,0.0,0.0
2015-12-07 00:00:00-05:00,67.86653503103472,67.90075567230852,67.46445065471758,67.81520080566406,801800,0.0,0.0
2015-12-08 00:00:00-05:00,67.52433294484618,67.76387089903712,67.24201755872696,67.4901123046875,776800,0.0,0.0
2015-12-09 00:00:00-05:00,67.48155487345093,67.89219602454392,66.5405101222241,66.95970153808594,679400,0.0,0.0
2015-12-10 00:00:00-05:00,67.35322914087004,67.47299810528662,66.92548097454828,67.04524993896484,705000,0.0,0.0
2015-12-11 00:00:00-05:00,66.25818899840024,66.56616820330781,65.89032531070059,66.05287170410156,725300,0.0,0.0
2015-12-14 00:00:00-05:00,66.21541797931259,66.703050631726,65.51391124203508,66.28385925292969,1468500,0.0,0.0
2015-12-15 00:00:00-05:00,67.2248999086319,67.36177592077756,66.73726728532283,66.95114135742188,799800,0.0,0.0
2015-12-16 00:00:00-05:00,67.1051378822068,67.47300158529333,66.31807625512258,67.13935852050781,1370200,0.0,0.0
2015-12-17 00:00:00-05:00,67.93497179704082,68.01196333959824,67.05380502839338,67.07947540283203,1038400,0.0,0.0
2015-12-18 00:00:00-05:00,67.0709207050135,67.13080519340068,66.56617442267621,66.83138275146484,1114200,0.0,0.0
2015-12-21 00:00:00-05:00,67.82374415641308,67.9349628502416,66.9682478748702,67.3104476928711,912200,0.0,0.0
2015-12-22 00:00:00-05:00,67.29334769268543,67.80664421003051,66.88270656265777,67.66976165771484,734000,0.0,0.0
2015-12-23 00:00:00-05:00,67.72965107860003,68.35416634694461,67.70398722990036,68.27716827392578,566600,0.0,0.0
2015-12-24 00:00:00-05:00,68.31139495096129,68.74769999817008,68.17451890349444,68.48249816894531,163200,0.0,0.0
2015-12-28 00:00:00-05:00,68.55092828542102,68.72203149181414,68.29428326621128,68.70491790771484,332000,0.0,0.0
2015-12-29 00:00:00-05:00,68.97866386794396,69.47485328515764,68.97011360438144,69.21820831298828,427300,0.0,0.0
2015-12-30 00:00:00-05:00,68.90167435347557,69.01288652531606,68.56803131103516,68.56803131103516,369000,0.0,0.0
2015-12-31 00:00:00-05:00,68.19161496630947,68.2771632980471,67.64409781088548,67.66976165771484,267900,0.0,0.0
2016-01-04 00:00:00-05:00,65.650796327403,66.02721685735403,64.92362564384122,65.99299621582031,1075400,0.0,0.0
2016-01-05 00:00:00-05:00,65.30004747565032,65.95877688927744,65.15461464142253,65.84756469726562,1392000,0.0,0.0
2016-01-06 00:00:00-05:00,65.71067046632714,66.54905973452409,65.58235123944101,66.42929077148438,1031600,0.0,0.0
2016-01-07 00:00:00-05:00,65.78766992701081,66.70305075078633,65.59945968768739,66.05287170410156,1670200,0.0,0.0
2016-01-08 00:00:00-05:00,66.95969983178857,67.02814110971329,65.6679049772868,65.78767395019531,1186800,0.0,0.0
2016-01-11 00:00:00-05:00,66.83993048133499,67.3446767445294,66.50628741198592,67.20779418945312,1519700,0.0,0.0
2016-01-12 00:00:00-05:00,69.2609848061765,69.28664865277457,68.35416074947481,68.74768829345703,3382600,0.0,0.0
2016-01-13 00:00:00-05:00,68.77335260597116,68.95300606029409,66.70305295872285,67.0965805053711,2530400,0.0,0.0
2016-01-14 00:00:00-05:00,67.93496303553421,68.67068383490262,67.5243219474294,68.20016479492188,1988800,0.0,0.0
2016-01-15 00:00:00-05:00,66.07853959099613,66.5319516351383,65.57379985187018,65.78767395019531,1583100,0.0,0.0
2016-01-19 00:00:00-05:00,67.40455427761778,67.64409219737256,66.53194439631815,67.01957702636719,1658900,0.0,0.0
2016-01-20 00:00:00-05:00,66.4463880715477,66.72870338309033,65.06903867187151,66.2752914428711,2242400,0.0,0.0
2016-01-21 00:00:00-05:00,66.24108554957091,66.99392002092956,65.55668582875799,66.72016143798828,2028200,0.0,0.0
2016-01-22 00:00:00-05:00,66.46351857778649,67.07092024927762,66.30097217030307,66.95970153808594,2273300,0.0,0.0
2016-01-25 00:00:00-05:00,67.19923555018981,67.86652160572687,66.89125636656985,66.99391174316406,1356300,0.0,0.0
2016-01-26 00:00:00-05:00,66.69450094599591,67.56711096027841,66.62605966508752,67.53289031982422,867300,0.0,0.0
2016-01-27 00:00:00-05:00,67.61843807355258,68.52526219353824,67.27623819888562,67.4901123046875,992100,0.0,0.0
2016-01-28 00:00:00-05:00,67.43021938105062,67.5072174435056,66.24963681439868,66.47206115722656,1581800,0.0,0.0
2016-01-29 00:00:00-05:00,66.91692235810018,68.29427193823383,66.85703787752561,68.26860809326172,1339400,0.0,0.0
2016-02-01 00:00:00-05:00,67.30188439313662,68.41403206234385,67.19922902650815,68.18304443359375,1213300,0.0,0.0
2016-02-02 00:00:00-05:00,67.13080039888641,67.19068488299659,66.36940916080577,66.48062133789062,1300400,0.0,0.0
2016-02-03 00:00:00-05:00,67.25056883533945,67.86652725384184,66.24108287766481,67.64409637451172,1274600,0.0,0.0
2016-02-04 00:00:00-05:00,66.54905562680327,67.30188999471567,66.33518155930238,66.92547607421875,1283400,0.0,0.0
2016-02-05 00:00:00-05:00,66.2068609301695,66.23252477594605,64.1023407265447,64.50442504882812,1756200,0.0,0.0
2016-02-08 00:00:00-05:00,63.10141465469483,63.623267967311584,62.69933031281772,63.57193374633789,2167700,0.0,0.0
2016-02-09 00:00:00-05:00,62.86188053233887,64.66697199441593,62.81054630824641,64.0595703125,2887200,0.0,0.0
2016-02-10 00:00:00-05:00,64.64986355498874,65.00917048135253,64.04246188606339,64.11945343017578,1645000,0.0,0.0
2016-02-11 00:00:00-05:00,63.80292721380654,63.9911374783124,63.041535890611016,63.554832458496094,1253500,0.0,0.0
2016-02-12 00:00:00-05:00,62.759215659584655,63.05008129911051,62.16037079766704,63.03297424316406,1514000,0.0,0.0
2016-02-16 00:00:00-05:00,64.11946032376059,65.05195490653351,63.700268864601576,64.79530334472656,1720700,0.0,0.0
2016-02-17 00:00:00-05:00,65.12038522466594,65.77911454953365,65.00916652071999,65.67645263671875,1091300,0.0,0.0
2016-02-18 00:00:00-05:00,66.10421046352162,66.1469878985005,65.4797016851193,65.65935516357422,805000,0.0,0.0
2016-02-19 00:00:00-05:00,65.49680474774797,66.5319546472762,65.38559256127495,66.41218566894531,1359700,0.0,0.0
2016-02-22 00:00:00-05:00,66.10419740586171,66.62605068030462,66.10419740586171,66.38651275634766,1417700,0.0,0.0
2016-02-23 00:00:00-05:00,66.14698934156269,66.24965127159955,65.6165791600861,65.68502044677734,562500,0.0,0.0
2016-02-24 00:00:00-05:00,64.25633326792081,65.17171412837207,63.90557662114298,65.04338836669922,1021100,0.0,0.0
2016-02-25 00:00:00-05:00,66.04431631433194,66.80570755180713,65.80477837808166,66.79715728759766,1007300,0.0,0.0
2016-02-26 00:00:00-05:00,66.79715649109413,66.79715649109413,65.3257017266235,65.37702941894531,1389600,0.0,0.0
2016-02-29 00:00:00-05:00,64.47876485657203,65.18882189532663,64.43598742657454,64.45309448242188,791500,0.0,0.0
2016-03-01 00:00:00-05:00,65.69357499820875,66.66028366379196,65.63369050612695,66.6517333984375,892800,0.0,0.0
2016-03-02 00:00:00-05:00,65.95876803625075,66.50628518437796,65.59946113158962,66.48062133789062,1079600,0.0,0.0
2016-03-03 00:00:00-05:00,65.27436716786545,65.67644492695558,64.83806224826904,65.59089660644531,830400,0.0,0.0
2016-03-04 00:00:00-05:00,65.87321184212092,66.23251870389024,65.45402050339005,65.82188415527344,957300,0.0,0.0
2016-03-07 00:00:00-05:00,65.35993481011104,65.69357792757579,65.11184003844642,65.41126251220703,1194600,0.0,0.0
2016-03-08 00:00:00-05:00,65.27437201139738,65.85610977171959,65.20593073914324,65.30858612060547,628900,0.0,0.0
2016-03-09 00:00:00-05:00,66.01865321431808,66.13842218379742,65.633682459123,65.89032745361328,757600,0.0,0.0
2016-03-10 00:00:00-05:00,66.62605187161957,67.14790515539352,65.18881777526029,65.75344848632812,1087800,0.0,0.0
2016-03-11 00:00:00-05:00,66.39508056968187,67.34468215938806,66.31808249453056,67.28479766845703,750100,0.0,0.0
2016-03-14 00:00:00-04:00,67.43022631624189,67.68687784826317,67.21635221519736,67.37889862060547,549100,0.0,0.0
2016-03-15 00:00:00-04:00,67.56710556116758,67.91785567568593,67.40455916372876,67.85797119140625,431200,0.0,0.0
2016-03-16 00:00:00-04:00,67.56710018497672,68.61935697172487,67.44732469902841,68.49958801269531,553000,0.0,0.0
2016-03-17 00:00:00-04:00,67.76387035908049,68.59370292728666,67.63554459123795,68.33705139160156,659100,0.0,0.0
2016-03-18 00:00:00-04:00,68.05474506071337,68.69636739682223,67.76387287434567,68.36272430419922,707700,0.0,0.0
2016-03-21 00:00:00-04:00,68.05473191531685,68.35415430894747,67.91784937713219,68.11461639404297,688600,0.0,0.0
2016-03-22 00:00:00-04:00,67.51577626740487,68.24294692297867,67.43022793032321,68.06329345703125,322700,0.0,0.0
2016-03-23 00:00:00-04:00,68.56803343119196,68.56803343119196,67.86652668861105,68.00340270996094,705800,0.0,0.0
2016-03-24 00:00:00-04:00,67.74676584150036,68.03763150105236,67.644103917995,67.96063995361328,389300,0.0,0.0
2016-03-28 00:00:00-04:00,68.2514973380959,68.84179190457237,67.95207492282492,68.636474609375,797200,0.0,0.0
2016-03-29 00:00:00-04:00,67.49010361528062,68.67924296828281,67.30189338210003,68.61080169677734,1082600,0.0,0.0
2016-03-30 00:00:00-04:00,69.00434256107138,69.49197524661058,68.95300833891177,69.0300064086914,966300,0.0,0.0
2016-03-31 00:00:00-04:00,69.25243858682487,69.500533353345,68.76480584626329,68.79902648925781,608000,0.0,0.0
2016-04-01 00:00:00-04:00,67.34467185838628,68.41404226638423,67.31900801290136,68.20872497558594,842400,0.0,0.0
2016-04-04 00:00:00-04:00,68.35415993444093,68.53381338540464,67.85797048306351,68.04618072509766,710300,0.0,0.0
2016-04-05 00:00:00-04:00,67.0195866222274,67.15646918278256,66.52340365751424,66.60039520263672,1881500,0.0,0.0
2016-04-06 00:00:00-04:00,66.55761811241743,67.74675750732422,66.51484068448933,67.74675750732422,746800,0.0,0.0
2016-04-07 00:00:00-04:00,66.43785186276578,66.65172595731202,65.97588303531558,66.10420227050781,955600,0.0,0.0
2016-04-08 00:00:00-04:00,66.1983107355611,66.27530880748223,65.55668841953707,65.62512969970703,2004800,0.0,0.0
2016-04-11 00:00:00-04:00,65.62512754685397,66.3351911197541,65.62512754685397,65.78767395019531,1991200,0.0,0.0
2016-04-12 00:00:00-04:00,66.08710267292889,67.31046289287028,65.92455625411566,67.22491455078125,1717600,0.0,0.0
2016-04-13 00:00:00-04:00,66.67738904296347,67.09658043594993,66.48062200638327,67.01103210449219,747800,0.0,0.0
2016-04-14 00:00:00-04:00,67.57565790126813,67.68687660900355,67.259128414746,67.60987854003906,932700,0.0,0.0
2016-04-15 00:00:00-04:00,67.49010241782112,67.72964033692129,67.04524721476632,67.1650161743164,515500,0.0,0.0
2016-04-18 00:00:00-04:00,67.60132532560641,68.1916199535303,67.56711121194456,67.87508392333984,690400,0.0,0.0
2016-04-19 00:00:00-04:00,69.2695480268735,69.32943251680052,68.6108121107563,68.97867584228516,1447100,0.0,0.0
2016-04-20 00:00:00-04:00,68.65358863310239,69.20966261900368,68.46537837385088,68.91024017333984,1574100,0.0,0.0
2016-04-21 00:00:00-04:00,68.43971173992564,68.95300827259118,68.20017379314302,68.54237365722656,861100,0.0,0.0
2016-04-22 00:00:00-04:00,69.00433574447433,69.05566343464398,68.26005160241988,68.61080169677734,891000,0.0,0.0
2016-04-25 00:00:00-04:00,68.0205205319126,68.45681899614807,67.85797412744083,68.39693450927734,599500,0.0,0.0
2016-04-26 00:00:00-04:00,67.75531136328881,68.27716468246477,67.56710764041767,68.011962890625,869700,0.0,0.0
2016-04-27 00:00:00-04:00,68.76479214019486,69.45774860060484,68.61080254087253,69.31230926513672,1350900,0.0,0.0
2016-04-28 00:00:00-04:00,68.02906079663812,68.60224826033924,67.75530225019581,67.90074157714844,982700,0.0,0.0
2016-04-29 00:00:00-04:00,67.36178778070732,67.43878585421722,66.87415507154408,67.2591323852539,878700,0.0,0.0
2016-05-02 00:00:00-04:00,68.16594559806734,68.31993519348971,67.71253360235671,68.225830078125,893600,0.0,0.0
2016-05-03 00:00:00-04:00,67.43022023445884,67.5927666252063,66.88270310732103,67.17356872558594,710300,0.0,0.0
2016-05-04 00:00:00-04:00,66.40361717783756,66.45494486105694,66.01863997293816,66.2752914428711,1121700,0.0,0.0
2016-05-05 00:00:00-04:00,65.70211671629741,66.51483556907493,65.59089802300545,65.93309783935547,1288100,0.0,0.0
2016-05-06 00:00:00-04:00,65.86466828625123,66.24964559571659,65.69357161110204,66.1555404663086,467300,0.0,0.0
2016-05-09 00:00:00-04:00,67.07946659288412,67.3275547709326,66.85703573206555,66.99391174316406,933500,0.0,0.0
2016-05-10 00:00:00-04:00,66.87211446831603,67.54205075827775,66.86341210045731,67.50724792480469,620900,1.31,0.0
2016-05-11 00:00:00-04:00,66.9939150467025,67.42023810200693,66.8634060923959,66.87210845947266,974100,0.0,0.0
2016-05-12 00:00:00-04:00,67.76827315968977,67.89878213978719,66.88082404335972,67.21144104003906,559100,0.0,0.0
2016-05-13 00:00:00-04:00,67.07222046092029,67.35933885002999,66.76770397457435,67.02001953125,1193300,0.0,0.0
2016-05-16 00:00:00-04:00,67.19403523059516,67.96838001557279,67.12442956413473,67.716064453125,595600,0.0,0.0
2016-05-17 00:00:00-04:00,67.42024765509089,67.57685709485727,66.73290659378077,66.95912170410156,956100,0.0,0.0
2016-05-18 00:00:00-04:00,66.99391134529006,68.01186918430919,66.87210476479002,67.44633483886719,660900,0.0,0.0
2016-05-19 00:00:00-04:00,67.08963710265746,67.27234702689094,66.60241063803485,66.8199234008789,801000,0.0,0.0
2016-05-20 00:00:00-04:00,67.5681603949393,67.82917169882982,67.40284858923523,67.620361328125,883400,0.0,0.0
2016-05-23 00:00:00-04:00,68.09887345001907,68.3685937128413,67.77695890110988,67.8204574584961,730600,0.0,0.0
2016-05-24 00:00:00-04:00,68.8297379810911,69.36917201301567,68.80363751208812,69.21256256103516,855500,0.0,0.0
2016-05-25 00:00:00-04:00,70.08260862165362,70.2914189968163,69.71718216766624,70.04780578613281,2741800,0.0,0.0
2016-05-26 00:00:00-04:00,70.84823443598076,70.94394055167622,70.46540997319892,70.65682220458984,917200,0.0,0.0
2016-05-27 00:00:00-04:00,70.63943288466076,70.76123947650194,70.26531074173104,70.47412109375,506600,0.0,0.0
2016-05-31 00:00:00-04:00,70.9265468020667,71.01355720287118,70.31751382420498,70.53502655029297,1342500,0.0,0.0
2016-06-01 00:00:00-04:00,70.4480118785091,70.70032739825527,70.32620530179862,70.65682220458984,772300,0.0,0.0
2016-06-02 00:00:00-04:00,70.07390117091619,70.4045181274414,69.82158561016207,70.4045181274414,617300,0.0,0.0
2016-06-03 00:00:00-04:00,70.36101326895538,70.79603868554551,70.04779443797358,70.62202453613281,560900,0.0,0.0
2016-06-06 00:00:00-04:00,70.79604856227692,70.94395563144138,70.50022778598603,70.76124572753906,456700,0.0,0.0
2016-06-07 00:00:00-04:00,71.31808256561803,71.50949485046596,71.17887121737864,71.2571792602539,468100,0.0,0.0
2016-06-08 00:00:00-04:00,71.05706079132393,71.1092683630917,70.63073767666603,70.92655181884766,425100,0.0,0.0
2016-06-09 00:00:00-04:00,70.08260438462126,70.48282701197077,70.08260438462126,70.24790954589844,368500,0.0,0.0
2016-06-10 00:00:00-04:00,68.65572832007679,68.93414437749371,67.81177777910483,68.2468032836914,1258700,0.0,0.0
2016-06-13 00:00:00-04:00,66.75900970151498,67.36804268749502,66.7242068683216,66.81121063232422,1493800,0.0,0.0
2016-06-14 00:00:00-04:00,65.47133721903509,66.23697970315938,65.44523675132073,66.2195816040039,2129900,0.0,0.0
2016-06-15 00:00:00-04:00,66.14997494804358,66.53279950339562,65.94116457147072,65.97596740722656,1329300,0.0,0.0
2016-06-16 00:00:00-04:00,65.13201695205782,66.40229058743785,64.7578947648049,66.29788208007812,1790100,0.0,0.0
2016-06-17 00:00:00-04:00,66.71550150234349,67.02872034904624,65.94985912038197,66.90691375732422,1097200,0.0,0.0
2016-06-20 00:00:00-04:00,68.9689286503955,68.9950357520447,67.91616790789409,67.94226837158203,1038400,0.0,0.0
2016-06-21 00:00:00-04:00,68.8645383072936,69.41266805025143,68.62962081890998,69.09944915771484,994700,0.0,0.0
2016-06-22 00:00:00-04:00,69.61278103126355,69.76939047377334,68.56002013804415,68.58612060546875,1132700,0.0,0.0
2016-06-23 00:00:00-04:00,70.05649589771475,70.6307326808086,69.41266008712358,70.53502655029297,1349100,0.0,0.0
2016-06-24 00:00:00-04:00,64.53168150038243,66.39359012156434,64.314168748955,64.33157348632812,3748700,0.0,0.0
2016-06-27 00:00:00-04:00,62.94818637596713,62.95688874429985,62.11293824100334,62.66106796264648,2168500,0.0,0.0
2016-06-28 00:00:00-04:00,64.10535069131308,64.38376671428883,63.56591674268935,64.25325775146484,1078100,0.0,0.0
2016-06-29 00:00:00-04:00,65.48003164069773,65.60183823389002,64.8622963072336,65.3408203125,949600,0.0,0.0
2016-06-30 00:00:00-04:00,64.72307252352088,65.27990445323036,64.20974578499128,65.27120208740234,1007700,0.0,0.0
2016-07-01 00:00:00-04:00,65.62792946449409,65.7584384068263,65.1232984277218,65.22770690917969,440900,0.0,0.0
2016-07-05 00:00:00-04:00,65.20162610488936,65.23642894253412,64.33157507765769,64.52298736572266,927100,0.0,0.0
2016-07-06 00:00:00-04:00,64.14886434154776,65.04501582610975,63.80084260749471,65.00151062011719,1131600,0.0,0.0
2016-07-07 00:00:00-04:00,64.92320182996586,65.12330982365972,64.71438483050918,64.8970947265625,1220200,0.0,0.0
2016-07-08 00:00:00-04:00,66.3500903904839,66.80251398481543,66.0542696019899,66.64590454101562,1438000,0.0,0.0
2016-07-11 00:00:00-04:00,67.75086821548273,67.98577904555609,67.62906161648738,67.8813705444336,1417600,0.0,0.0
2016-07-12 00:00:00-04:00,68.2380983872708,68.47300923034244,67.90748140569829,68.1336898803711,1122100,0.0,0.0
2016-07-13 00:00:00-04:00,68.05537923151144,68.446899462753,67.88136507698977,67.94226837158203,544900,0.0,0.0
2016-07-14 00:00:00-04:00,68.96024562361487,69.19515647803811,68.6905252939141,68.91674041748047,997400,0.0,0.0
2016-07-15 00:00:00-04:00,68.46431068769621,68.72532198728105,68.35119981704374,68.70792388916016,702400,0.0,0.0
2016-07-18 00:00:00-04:00,68.8210294890663,69.2995601714213,68.56001818429614,69.24735260009766,1182300,0.0,0.0
2016-07-19 00:00:00-04:00,68.82102365636646,69.1255401384377,68.48170434234972,69.01243591308594,1406600,0.0,0.0
2016-07-20 00:00:00-04:00,72.1968366863935,72.9189739894032,72.05762533672838,72.83197021484375,2905100,0.0,0.0
2016-07-21 00:00:00-04:00,73.44969778879945,73.8325223214765,72.98857185878127,73.25828552246094,2115200,0.0,0.0
2016-07-22 00:00:00-04:00,73.03207835847006,73.78901843140223,72.94506795370654,73.47579956054688,1513400,0.0,0.0
2016-07-25 00:00:00-04:00,73.60631567396634,73.77162749350794,73.39750528578293,73.68462371826172,787800,0.0,0.0
2016-07-26 00:00:00-04:00,74.25883791544453,74.43285206633611,74.01522474215744,74.24143981933594,916800,0.0,0.0
2016-07-27 00:00:00-04:00,75.10280209650304,75.18111013828728,74.5024647820192,74.95489501953125,1154900,0.0,0.0
2016-07-28 00:00:00-04:00,75.53782555277903,75.75533829701509,75.23330903844098,75.2942123413086,1969400,0.0,0.0
2016-07-29 00:00:00-04:00,76.18165951067454,76.3730717828862,75.81623970261336,76.03375244140625,1801600,0.0,0.0
2016-08-01 00:00:00-04:00,75.84235079628453,76.23387776375,75.71184180712937,75.93805694580078,692300,0.0,0.0
2016-08-02 00:00:00-04:00,75.39861807328411,75.41601617147933,74.94618786466526,75.28550720214844,1455600,0.0,0.0
2016-08-03 00:00:00-04:00,74.79828557392513,74.98099548747189,74.71128180146891,74.95489501953125,734700,0.0,0.0
2016-08-04 00:00:00-04:00,74.20664391625624,74.93748350434048,74.19794154840902,74.79827880859375,1326200,0.0,0.0
2016-08-05 00:00:00-04:00,74.42416276450564,75.05929627236488,74.3806575596551,75.00709533691406,1115300,0.0,0.0
2016-08-08 00:00:00-04:00,74.19793971047717,74.73737365829275,74.19793971047717,74.71127319335938,547400,0.0,0.0
2016-08-09 00:00:00-04:00,75.09410633895541,76.45139053302096,75.06800586871698,75.93805694580078,1287100,0.0,0.0
2016-08-10 00:00:00-04:00,76.44267844596264,76.49487937980358,76.12075719869873,76.2773666381836,831400,0.0,0.0
2016-08-11 00:00:00-04:00,76.59929313804204,76.68629691306369,76.28607423759415,76.32087707519531,1161100,0.0,0.0
2016-08-12 00:00:00-04:00,76.67758494785723,76.69498968346085,76.02504675991734,76.15555572509766,811300,0.0,0.0
2016-08-15 00:00:00-04:00,76.35566566450407,76.71238306691653,76.2947623695575,76.5644760131836,437300,0.0,0.0
2016-08-16 00:00:00-04:00,76.54708911190764,76.78199995878353,76.32957636414905,76.33827209472656,711700,0.0,0.0
2016-08-17 00:00:00-04:00,76.21645763649465,76.5818774219788,75.91194114859118,76.44267272949219,428000,0.0,0.0
2016-08-18 00:00:00-04:00,76.40787181713719,76.67758547920697,76.2860652189146,76.60798645019531,299500,0.0,0.0
2016-08-19 00:00:00-04:00,76.88640402701844,76.91250449316816,76.49487712088712,76.7210922241211,530200,0.0,0.0
2016-08-22 00:00:00-04:00,75.9293403222462,76.25996391776663,75.80753372535816,76.18165588378906,351700,0.0,0.0
2016-08-23 00:00:00-04:00,76.49486872108687,76.66018050583155,76.2251550832076,76.37306213378906,339500,0.0,0.0
2016-08-24 00:00:00-04:00,76.25996785729211,76.31216879066602,75.90324377800499,76.00765228271484,386600,0.0,0.0
2016-08-25 00:00:00-04:00,75.92064820690027,76.16426141227439,75.80753733443228,76.03375244140625,424700,0.0,0.0
2016-08-26 00:00:00-04:00,76.19906448801643,77.04301497927577,75.59002483469305,75.9293441772461,868900,0.0,0.0
2016-08-29 00:00:00-04:00,75.40731278817587,76.07725572400598,75.39861705817628,75.86843872070312,725000,0.0,0.0
2016-08-30 00:00:00-04:00,77.173510156636,77.42582570759303,77.02560310061473,77.20831298828125,720000,0.0,0.0
2016-08-31 00:00:00-04:00,76.46007544628809,76.7384914860439,76.21646224124699,76.53838348388672,490100,0.0,0.0
2016-09-01 00:00:00-04:00,76.80809974907201,77.02561249491237,76.49488086402492,76.9734115600586,612100,0.0,0.0
2016-09-02 00:00:00-04:00,77.71294749798119,78.13927058789776,77.51283286673612,77.99136352539062,536000,0.0,0.0
2016-09-06 00:00:00-04:00,78.49599372097605,78.7396069123326,78.21757769685973,78.65260314941406,537100,0.0,0.0
2016-09-07 00:00:00-04:00,78.97452305590666,79.17463769826492,78.61780561252287,79.01802825927734,621300,0.0,0.0
2016-09-08 00:00:00-04:00,78.635197475503,78.75700406972746,77.8695550778119,77.90435791015625,1057500,0.0,0.0
2016-09-09 00:00:00-04:00,77.12130973304077,77.19091539678698,76.21645601822456,76.25125885009766,1210500,0.0,0.0
2016-09-12 00:00:00-04:00,76.02504872151684,77.26922183080954,75.93804495513899,77.22572326660156,889200,0.0,0.0
2016-09-13 00:00:00-04:00,76.76459009776384,77.00820327585299,76.29476183803709,76.69498443603516,934800,0.0,0.0
2016-09-14 00:00:00-04:00,76.67758371205096,77.22572002938169,76.62538278200483,76.8428955078125,561300,0.0,0.0
2016-09-15 00:00:00-04:00,76.36437554046641,77.26922940298543,76.15556515310435,77.14742279052734,752100,0.0,0.0
2016-09-16 00:00:00-04:00,75.63351987049745,75.85103258073839,75.4334052563729,75.57261657714844,1034900,0.0,0.0
2016-09-19 00:00:00-04:00,76.74720790069472,76.98212541852385,76.43398896889799,76.6427993774414,476300,0.0,0.0
2016-09-20 00:00:00-04:00,77.75644821261116,77.77384630921219,77.3040180454487,77.46932983398438,699100,0.0,0.0
2016-09-21 00:00:00-04:00,77.82604592408998,78.66999631117099,77.57373701884418,78.58299255371094,714800,0.0,0.0
2016-09-22 00:00:00-04:00,80.54932243657372,80.70593188066019,80.21000308071342,80.35791015625,1825600,0.0,0.0
2016-09-23 00:00:00-04:00,79.83586720356752,79.94897142347912,79.61835449284133,79.64445495605469,726300,0.0,0.0
2016-09-26 00:00:00-04:00,79.14852464471443,79.20072557008827,78.73959969472331,78.94841003417969,628800,0.0,0.0
2016-09-27 00:00:00-04:00,78.09576738871206,79.3138399255525,78.00006126266281,79.2268295288086,731200,0.0,0.0
2016-09-28 00:00:00-04:00,79.56615959290136,80.20129973001919,79.08763553591434,80.11429595947266,926200,0.0,0.0
2016-09-29 00:00:00-04:00,79.13982858755378,79.47914790545929,77.60853715421004,77.90435791015625,952800,0.0,0.0
2016-09-30 00:00:00-04:00,78.31329923590746,79.74888483938615,78.16538550808556,79.5313720703125,1029200,0.0,0.0
2016-10-03 00:00:00-04:00,79.10503418336903,79.44435353742695,78.81791576440858,79.07893371582031,545000,0.0,0.0
2016-10-04 00:00:00-04:00,78.70480046559264,79.27903722281802,78.60039197210767,78.80050659179688,584000,0.0,0.0
2016-10-05 00:00:00-04:00,79.50526666853335,79.5661699796626,79.04414065027426,79.13984680175781,422500,0.0,0.0
2016-10-06 00:00:00-04:00,79.01804049120531,79.19204805570016,78.86143102797472,79.1137466430664,940200,0.0,0.0
2016-10-07 00:00:00-04:00,78.72221527306536,78.77441620750658,77.48673784160543,77.93046569824219,984500,0.0,0.0
2016-10-10 00:00:00-04:00,78.27847930648478,78.50469439556356,78.22627837745179,78.38288116455078,750100,0.0,0.0
2016-10-11 00:00:00-04:00,77.99136625591257,78.04356718851639,77.03431154305822,77.09521484375,897500,0.0,0.0
2016-10-12 00:00:00-04:00,76.22516069321186,76.32086682426979,75.79013523857098,75.8858413696289,921600,0.0,0.0
2016-10-13 00:00:00-04:00,75.25071336126955,76.14686487956892,74.96360155998217,75.90325164794922,651500,0.0,0.0
2016-10-14 00:00:00-04:00,75.6509262433381,75.93804464537952,74.88528380918954,74.93748474121094,1358300,0.0,0.0
2016-10-17 00:00:00-04:00,75.20719138358544,75.39860361684235,74.98967868905906,75.1288833618164,600700,0.0,0.0
2016-10-18 00:00:00-04:00,76.71239033163751,76.73849079794903,76.11205969258697,76.26866912841797,1086800,0.0,0.0
2016-10-19 00:00:00-04:00,75.85973681142359,76.12945045460086,75.60742126479013,75.65962219238281,578100,0.0,0.0
2016-10-20 00:00:00-04:00,75.16371201823323,76.0772683043564,74.99840018943917,75.93805694580078,1157200,0.0,0.0
2016-10-21 00:00:00-04:00,77.62594528468867,77.76514998219328,76.87770095146108,77.27792358398438,3089200,0.0,0.0
2016-10-24 00:00:00-04:00,77.48673411197736,77.60854071178542,76.73848977717813,76.85160064697266,938400,0.0,0.0
2016-10-25 00:00:00-04:00,76.69498568089675,77.11260638212491,76.58187481926139,76.83419036865234,697300,0.0,0.0
2016-10-26 00:00:00-04:00,76.37306521116089,76.88639868228121,76.25996098638727,76.35566711425781,528800,0.0,0.0
2016-10-27 00:00:00-04:00,76.83419693306585,76.90380260187116,76.24256202414452,76.26866912841797,799700,0.0,0.0
2016-10-28 00:00:00-04:00,76.36436439076562,76.93860116962212,76.26866489891776,76.4687728881836,461200,0.0,0.0
2016-10-31 00:00:00-04:00,76.46007291412855,76.8254993475502,76.29476775216057,76.4252700805664,637700,0.0,0.0
2016-11-01 00:00:00-04:00,76.31215638417221,76.35566158021894,74.7025636998576,75.08538818359375,751100,0.0,0.0
2016-11-02 00:00:00-04:00,75.23330922239603,75.52042763860058,74.67647712682717,74.86788940429688,765200,0.0,0.0
2016-11-03 00:00:00-04:00,74.33714349238949,74.47634817055288,73.64980255443774,73.7020034790039,923200,0.0,0.0
2016-11-04 00:00:00-04:00,74.43286427709496,74.71997605673498,74.12834112256776,74.25885009765625,616500,0.0,0.0
2016-11-07 00:00:00-05:00,74.97229506407736,75.46822388170378,74.9287964957018,75.44212341308594,627600,0.0,0.0
2016-11-08 00:00:00-05:00,75.05929755928835,75.54653063771151,75.0418994598272,75.224609375,717500,0.0,0.0
2016-11-09 00:00:00-05:00,73.56280809275891,75.02449390688915,73.56280809275891,74.79827880859375,762300,0.0,0.0
2016-11-10 00:00:00-05:00,73.80642130858821,74.41545429882181,72.7797609550789,73.3887939453125,1319800,0.0,0.0
2016-11-11 00:00:00-05:00,71.866211424382,72.44044827181825,71.57039726997837,72.31864166259766,1386000,0.0,0.0
2016-11-14 00:00:00-05:00,70.85696046658853,71.22238031876017,70.53503918464904,71.00486755371094,1289400,0.0,0.0
2016-11-15 00:00:00-05:00,70.43061890091356,71.24846888500858,70.41322080331996,71.20496368408203,1905500,0.0,0.0
2016-11-16 00:00:00-05:00,71.02226212304443,71.79660699708292,71.01356639220802,71.55299377441406,883600,0.0,0.0
2016-11-17 00:00:00-05:00,71.47468635600184,71.94451466217798,71.37898022115326,71.74440002441406,1081900,0.0,0.0
2016-11-18 00:00:00-05:00,72.14460650977944,72.45782531043807,71.97930138129212,72.40562438964844,870400,0.0,0.0
2016-11-21 00:00:00-05:00,72.94506427483186,73.30178833007812,72.77975911763428,73.30178833007812,683400,0.0,0.0
2016-11-22 00:00:00-05:00,73.77161371663995,74.40674713149227,73.39749157878235,74.3023452758789,1735200,0.0,0.0
2016-11-23 00:00:00-05:00,72.85806350317571,73.24959040705161,72.7101564372048,73.20608520507812,843300,0.0,0.0
2016-11-25 00:00:00-05:00,74.65038109489588,74.69387966365663,74.2588541482737,74.48506927490234,658100,0.0,0.0
2016-11-28 00:00:00-05:00,73.96303724707536,74.15444952883476,73.54540984705827,73.5715103149414,710700,0.0,0.0
2016-11-29 00:00:00-05:00,73.0146833382474,73.77163014986684,72.92767955986835,73.53671264648438,597800,0.0,0.0
2016-11-30 00:00:00-05:00,73.33657842550595,73.33657842550595,72.35342346885881,72.40562438964844,596400,0.0,0.0
2016-12-01 00:00:00-05:00,72.11850754563302,72.1881132001036,71.12665020228933,71.26586151123047,868200,0.0,0.0
2016-12-02 00:00:00-05:00,70.8830464087298,71.70959209132997,70.73513935192116,71.27456665039062,1253500,0.0,0.0
2016-12-05 00:00:00-05:00,72.08371834423261,72.46654287822473,71.85750324342256,72.32733154296875,438800,0.0,0.0
2016-12-06 00:00:00-05:00,71.77050277356878,72.3447396009259,71.73569993815664,72.20552825927734,680400,0.0,0.0
2016-12-07 00:00:00-05:00,72.64925752952564,73.91082880748819,72.60575232492187,73.72811889648438,583900,0.0,0.0
2016-12-08 00:00:00-05:00,73.23218751879007,73.6411125309958,73.1277856521585,73.2930908203125,877400,0.0,0.0
2016-12-09 00:00:00-05:00,73.40618835839341,73.6237010583126,73.26697704422395,73.45838928222656,552500,0.0,0.0
2016-12-12 00:00:00-05:00,73.69331507549751,73.71942218068821,73.11038251418627,73.48450469970703,767000,0.0,0.0
2016-12-13 00:00:00-05:00,74.10223311488274,74.8678821505802,74.10223311488274,74.33715057373047,486500,0.0,0.0
2016-12-14 00:00:00-05:00,74.47635292357339,74.80697650148831,73.70200818260636,73.87602233886719,686900,0.0,0.0
2016-12-15 00:00:00-05:00,73.32788166652855,73.9021183909662,73.20607508339832,73.6759033203125,770800,0.0,0.0
2016-12-16 00:00:00-05:00,73.7890214049186,74.1370431241114,73.74552283874587,73.9630355834961,569100,0.0,0.0
2016-12-19 00:00:00-05:00,74.36325366984255,74.71997109758277,74.05003480560336,74.18923950195312,424300,0.0,0.0
2016-12-20 00:00:00-05:00,74.6242695542686,74.90268560205303,74.45896438205926,74.86788940429688,426400,0.0,0.0
2016-12-21 00:00:00-05:00,75.35512065827703,75.40732159621922,74.69388001317131,74.7808837890625,478200,0.0,0.0
2016-12-22 00:00:00-05:00,74.7808776332848,74.81568046836891,74.45896302519037,74.57206726074219,1020800,0.0,0.0
2016-12-23 00:00:00-05:00,74.3371518842879,74.60686554227551,74.31974714882709,74.5546646118164,349400,0.0,0.0
2016-12-27 00:00:00-05:00,74.61556490525794,74.94618184812121,74.58946444107944,74.6503677368164,320300,0.0,0.0
2016-12-28 00:00:00-05:00,74.7547774754565,74.8504836128429,74.42416049773394,74.54596710205078,363400,0.0,0.0
2016-12-29 00:00:00-05:00,75.15500130685498,75.42472162462761,75.02449897014812,75.26811218261719,529600,0.0,0.0
2016-12-30 00:00:00-05:00,75.62482468081842,75.89454498092923,74.88528272340342,75.19850158691406,834300,0.0,0.0
2017-01-03 00:00:00-05:00,75.04188298754703,75.20719476697144,74.75476462474491,75.08538818359375,803700,0.0,0.0
2017-01-04 00:00:00-05:00,74.52856963132558,75.4334168030278,74.38065592087001,75.39862060546875,1057700,0.0,0.0
2017-01-05 00:00:00-05:00,75.14630352104867,76.52097898780555,75.11150068622467,76.43397521972656,1257900,0.0,0.0
2017-01-06 00:00:00-05:00,76.40787709328123,77.19962667436198,76.32087332253752,76.9734115600586,911400,0.0,0.0
2017-01-09 00:00:00-05:00,77.4084224109227,77.85215018714099,77.3649172147982,77.74774169921875,1230800,0.0,0.0
2017-01-10 00:00:00-05:00,77.46063921915052,77.67815196845196,77.00821562130697,77.11261749267578,579900,0.0,0.0
2017-01-11 00:00:00-05:00,76.41657532305813,77.36492765733789,76.35567202303982,77.25182342529297,1417900,0.0,0.0
2017-01-12 00:00:00-05:00,77.19091697691073,77.97396411518105,77.14741177668841,77.77384948730469,614400,0.0,0.0
2017-01-13 00:00:00-05:00,77.67814096886002,78.02616264605327,77.52153154602114,77.81735229492188,406100,0.0,0.0
2017-01-17 00:00:00-05:00,77.87825929605488,78.07836728933825,77.6781446648098,77.99136352539062,853600,0.0,0.0
2017-01-18 00:00:00-05:00,77.34753154268498,77.76515228553023,77.3214310760024,77.73905181884766,789700,0.0,0.0
2017-01-19 00:00:00-05:00,77.26053659307861,77.86086730918674,77.26053659307861,77.63465881347656,1153600,0.0,0.0
2017-01-20 00:00:00-05:00,77.75646178742053,77.94786743529289,77.70425421258037,77.78256225585938,424300,0.0,0.0
2017-01-23 00:00:00-05:00,77.81735560773942,77.8434560729968,77.29531975074491,77.69554901123047,647000,0.0,0.0
2017-01-24 00:00:00-05:00,78.31328963236894,78.41769150042525,77.70424997087133,77.982666015625,1187700,0.0,0.0
2017-01-25 00:00:00-05:00,79.1224451161286,79.42696165797956,78.79182146672234,79.36605834960938,1012900,0.0,0.0
2017-01-26 00:00:00-05:00,78.86141882028977,79.20944053336906,78.67870891446461,79.01802825927734,763900,0.0,0.0
2017-01-27 00:00:00-05:00,79.36604123478682,79.6618553436621,79.06152475860306,79.27903747558594,786600,0.0,0.0
2017-01-30 00:00:00-05:00,78.88751703930204,79.55745997953365,78.73090760477689,79.46175384521484,1127100,0.0,0.0
2017-01-31 00:00:00-05:00,79.80977469334474,79.87067799289859,79.33994639480277,79.61836242675781,924400,0.0,0.0
2017-02-01 00:00:00-05:00,79.11373741567425,79.183343088539,78.4699015365811,78.92232513427734,1177700,0.0,0.0
2017-02-02 00:00:00-05:00,80.53191020466944,80.601515870666,79.82717109084892,79.93157958984375,1481400,0.0,0.0
2017-02-03 00:00:00-05:00,80.39269897752916,80.54930839431373,80.1055806070973,80.49710083007812,628100,0.0,0.0
2017-02-06 00:00:00-05:00,79.07892439990138,79.46174891341656,79.00931873599654,79.39214324951172,1222100,0.0,0.0
2017-02-07 00:00:00-05:00,79.4878508528678,80.03598053087624,79.44434565262961,80.00988006591797,1533000,0.0,0.0
2017-02-08 00:00:00-05:00,79.80106569964349,80.23609112832627,79.71406194149918,79.86196899414062,653200,0.0,0.0
2017-02-09 00:00:00-05:00,79.95767782046333,80.1925886391844,79.79236602783203,79.79236602783203,548600,0.0,0.0
2017-02-10 00:00:00-05:00,79.78366920184871,79.99248620850615,79.73146826916532,79.80977630615234,417000,0.0,0.0
2017-02-13 00:00:00-05:00,80.81033776276634,80.85384296971303,80.46232265904327,80.50582122802734,400400,0.0,0.0
2017-02-14 00:00:00-05:00,80.47100374869107,80.50580658032366,80.11428634088941,80.45360565185547,439600,0.0,0.0
2017-02-15 00:00:00-05:00,79.55747146586462,80.52322867854322,79.51396625745238,80.43621826171875,699000,0.0,0.0
2017-02-16 00:00:00-05:00,80.46231663680003,80.77552887911575,80.43620953180846,80.69722747802734,597800,0.0,0.0
2017-02-17 00:00:00-05:00,80.25348826429192,80.54930900399566,80.20998970472098,80.44490051269531,729500,0.0,0.0
2017-02-21 00:00:00-05:00,80.52321309943652,81.04524230957031,80.48841026703272,81.04524230957031,604400,0.0,0.0
2017-02-22 00:00:00-05:00,81.4019606582691,81.93269224207724,81.28015406244052,81.79348754882812,606100,0.0,0.0
2017-02-23 00:00:00-05:00,81.71517344614254,82.1762993300952,81.63687205662355,81.90658569335938,449600,0.0,0.0
2017-02-24 00:00:00-05:00,80.9234449290239,81.23666381835938,80.71462791082539,81.23666381835938,630000,0.0,0.0
2017-02-27 00:00:00-05:00,80.81902936960907,81.21925199596568,80.80163127192475,81.10614776611328,512600,0.0,0.0
2017-02-28 00:00:00-05:00,81.05395199886354,81.41937181516985,81.05395199886354,81.07135009765625,596500,0.0,0.0
2017-03-01 00:00:00-05:00,81.74998526171173,82.35902490052106,81.68908196162698,82.2024154663086,1028200,0.0,0.0
2017-03-02 00:00:00-05:00,81.706488772554,82.40252555720373,81.61947836625599,82.18501281738281,555000,0.0,0.0
2017-03-03 00:00:00-05:00,81.88919023803331,82.34161376953125,81.79348411133851,82.34161376953125,490200,0.0,0.0
2017-03-06 00:00:00-05:00,81.95009328280692,82.03709704191034,81.60207160843194,81.86308288574219,380100,0.0,0.0
2017-03-07 00:00:00-05:00,81.74998412723463,82.13280865843292,81.55857186163549,81.80218505859375,517000,0.0,0.0
2017-03-08 00:00:00-05:00,81.94139099121094,82.28941266590743,81.88048769598615,81.94139099121094,345900,0.0,0.0
2017-03-09 00:00:00-05:00,82.53303150789553,82.55042960574112,82.04580511267748,82.28071594238281,611900,0.0,0.0
2017-03-10 00:00:00-05:00,82.60262917043926,82.91584800500117,82.30680843203696,82.81143951416016,1229200,0.0,0.0
2017-03-13 00:00:00-04:00,82.55043743384684,82.8897567966881,82.55043743384684,82.7592544555664,875900,0.0,0.0
2017-03-14 00:00:00-04:00,82.7244376632135,82.80273905467728,82.32421506271113,82.39381408691406,837000,0.0,0.0
2017-03-15 00:00:00-04:00,82.6026376843232,83.66410088441494,82.54173438454556,83.5596923828125,927000,0.0,0.0
2017-03-16 00:00:00-04:00,84.72554532156266,84.77775288387343,84.3427274797287,84.69074249267578,1307700,0.0,0.0
2017-03-17 00:00:00-04:00,84.84736509962718,85.06487783552836,84.56025333308868,84.70816040039062,1412600,0.0,0.0
2017-03-20 00:00:00-04:00,85.3171896847863,85.42159818313158,85.03007793076962,85.3606948852539,1174700,0.0,0.0
2017-03-21 00:00:00-04:00,85.81311897480077,85.95233030680271,84.3253327133288,84.40364074707031,1571700,0.0,0.0
2017-03-22 00:00:00-04:00,84.6820560831598,85.30849379614124,84.59505232034829,84.9604721069336,702700,0.0,0.0
2017-03-23 00:00:00-04:00,84.6820501053632,85.51729811772353,84.62114681189821,85.1518783569336,575100,0.0,0.0
2017-03-24 00:00:00-04:00,85.21279383879215,85.54341081661165,84.90827068994867,85.1692886352539,428900,0.0,0.0
2017-03-27 00:00:00-04:00,84.5167453656066,84.96047319095698,84.34273783776338,84.69945526123047,520200,0.0,0.0
2017-03-28 00:00:00-04:00,85.44770910533603,85.83053367482391,85.37810343125415,85.69132232666016,655400,0.0,0.0
2017-03-29 00:00:00-04:00,85.19538201323513,85.69131075768007,85.06487305144192,85.62171173095703,759800,0.0,0.0
2017-03-30 00:00:00-04:00,85.17799654470804,85.4738107065332,85.06488566333515,85.18669891357422,743000,0.0,0.0
2017-03-31 00:00:00-04:00,85.03878064634559,85.79572738611765,85.03878064634559,85.41290283203125,570300,0.0,0.0
2017-04-03 00:00:00-04:00,85.8044169045174,85.86532019827739,84.96046652101381,85.44769287109375,576700,0.0,0.0
2017-04-04 00:00:00-04:00,85.42161170798309,85.71742587652204,85.36941076952625,85.6739273071289,427200,0.0,0.0
2017-04-05 00:00:00-04:00,85.04747664702438,85.53470303359106,84.62984928856604,84.72555541992188,511700,0.0,0.0
2017-04-06 00:00:00-04:00,84.50803807553955,84.96917060959197,84.34273292510544,84.62984466552734,516400,0.0,0.0
2017-04-07 00:00:00-04:00,84.43844795945738,84.96047720561629,84.40364512465186,84.84736633300781,448700,0.0,0.0
2017-04-10 00:00:00-04:00,84.52545019200412,84.80386622742864,84.42104168948421,84.73426055908203,664500,0.0,0.0
2017-04-11 00:00:00-04:00,84.42973782847085,84.62115008332107,83.5596869522145,84.44713592529297,841300,0.0,0.0
2017-04-12 00:00:00-04:00,84.5080326194903,84.82125144151138,84.31662701755376,84.69074249267578,726700,0.0,0.0
2017-04-13 00:00:00-04:00,84.05561781830251,84.47323853224047,83.6727932988914,83.6814956665039,1023700,0.0,0.0
2017-04-17 00:00:00-04:00,84.02951421054333,84.3079302220758,83.90770762037045,84.20352172851562,685500,0.0,0.0
2017-04-18 00:00:00-04:00,84.22963597108264,84.42104825494106,83.9512199140056,84.41234588623047,488300,0.0,0.0
2017-04-19 00:00:00-04:00,84.48193697564618,84.67334922646059,84.2731266283765,84.43843841552734,921800,0.0,0.0
2017-04-20 00:00:00-04:00,84.43844789219274,84.84736626541743,84.43844789219274,84.52545166015625,681800,0.0,0.0
2017-04-21 00:00:00-04:00,84.6559611808523,84.69075737789407,84.24703616701,84.39494323730469,917200,0.0,0.0
2017-04-24 00:00:00-04:00,87.72724072075306,88.71039592519793,87.53582844566631,88.20576477050781,1920200,0.0,0.0
2017-04-25 00:00:00-04:00,88.64078652246931,88.97141012477559,88.07525872729413,88.8582992553711,1478800,0.0,0.0
2017-04-26 00:00:00-04:00,87.70982922475665,87.927341950054,87.17909764399418,87.22260284423828,1648600,0.0,0.0
2017-04-27 00:00:00-04:00,87.28351114107068,87.74463708303875,87.10080123791137,87.61412811279297,677400,0.0,0.0
2017-04-28 00:00:00-04:00,87.06599125989817,87.39660820449467,87.00508796384194,87.16169738769531,736700,0.0,0.0
2017-05-01 00:00:00-04:00,87.37051443179178,87.97085170886912,87.37051443179178,87.82294464111328,518900,0.0,0.0
2017-05-02 00:00:00-04:00,87.74462945886906,88.20575536076969,87.65762569891898,88.19705963134766,968400,0.0,0.0
2017-05-03 00:00:00-04:00,87.77073946516659,87.89254606993133,87.49232342028115,87.7794418334961,638900,0.0,0.0
2017-05-04 00:00:00-04:00,88.30146397195438,89.14541440692867,88.24056067448002,89.05841064453125,575900,0.0,0.0
2017-05-05 00:00:00-04:00,89.2063149126728,90.39828699789534,89.18021444856655,90.3808822631836,519500,0.0,0.0
2017-05-08 00:00:00-04:00,89.64134316992356,89.9719667602374,89.53694131021314,89.88495635986328,485400,0.0,0.0
2017-05-09 00:00:00-04:00,89.94586557816525,90.52880476442137,89.91976511151955,90.19818115234376,860600,0.0,0.0
2017-05-10 00:00:00-04:00,90.48529089031544,90.52879608919726,89.84145510222507,89.95455932617188,540300,0.0,0.0
2017-05-11 00:00:00-04:00,90.06121563487287,90.18461077269065,89.59407593820116,90.03477478027344,652500,1.331,0.0
2017-05-12 00:00:00-04:00,90.59887224334602,91.2687363919182,90.52835881201612,91.1100845336914,556900,0.0,0.0
2017-05-15 00:00:00-04:00,91.08363963372187,91.38331836342668,91.05719877732788,91.23348236083984,330100,0.0,0.0
2017-05-16 00:00:00-04:00,92.52913519735364,92.61727362405976,91.78875761905452,92.27352905273438,464000,0.0,0.0
2017-05-17 00:00:00-04:00,92.23826908620308,92.6701520690128,91.5860366821289,91.5860366821289,688500,0.0,0.0
2017-05-18 00:00:00-04:00,91.58604321672544,92.03555122651488,91.286364485668,91.60366821289062,1088700,0.0,0.0
2017-05-19 00:00:00-04:00,92.58201470858896,92.93457513156687,92.51150127908724,92.61727142333984,714800,0.0,0.0
2017-05-22 00:00:00-04:00,92.61727088945491,93.21662158770324,92.61727088945491,93.19898986816406,629700,0.0,0.0
2017-05-23 00:00:00-04:00,93.96582016379772,93.9922610219199,93.48104868311924,93.67495727539062,828900,0.0,0.0
2017-05-24 00:00:00-04:00,93.67494239970073,94.03631866873437,93.41052713593682,93.94817352294922,314700,0.0,0.0
2017-05-25 00:00:00-04:00,93.71901510193716,94.29192492767868,93.7013833829436,94.14208221435548,536000,0.0,0.0
2017-05-26 00:00:00-04:00,93.23425059245778,93.7454628885882,93.23425059245778,93.6925811767578,781900,0.0,0.0
2017-05-30 00:00:00-04:00,93.64850506590496,94.0363222034395,93.63088007080374,93.97462463378906,640500,0.0,0.0
2017-05-31 00:00:00-04:00,94.81193933296812,95.1292430061606,94.34479968202638,94.8031234741211,569100,0.0,0.0
2017-06-01 00:00:00-04:00,94.3536237818398,94.56515734093377,94.10682678427784,94.41532135009766,587000,0.0,0.0
2017-06-02 00:00:00-04:00,95.50824642281376,95.82555010325078,95.31433787093223,95.71977996826172,685500,0.0,0.0
2017-06-05 00:00:00-04:00,95.22621185176128,95.61402900601512,95.11163256733674,95.4024887084961,334500,0.0,0.0
2017-06-06 00:00:00-04:00,94.43295073923817,95.0411173150312,94.4065098836873,94.87364959716795,1026500,0.0,0.0
2017-06-07 00:00:00-04:00,94.9000812162915,95.09398977083283,94.22140799992704,94.7326202392578,667500,0.0,0.0
2017-06-08 00:00:00-04:00,94.83838518819428,94.95297118566046,94.2654753744544,94.77668762207033,558900,0.0,0.0
2017-06-09 00:00:00-04:00,94.77669669171098,94.84721012389484,92.95220366227312,93.48104095458984,776500,0.0,0.0
2017-06-12 00:00:00-04:00,91.55077212935085,91.63009468643985,90.74869707684591,91.295166015625,1408500,0.0,0.0
2017-06-13 00:00:00-04:00,92.828793349944,92.97862932545311,92.23825858209288,92.52912139892578,780400,0.0,0.0
2017-06-14 00:00:00-04:00,94.1949744825803,94.33599461761882,92.20301380061416,92.8905029296875,790100,0.0,0.0
2017-06-15 00:00:00-04:00,91.29517809113364,91.9650355213646,90.99549936747788,91.85045623779295,813600,0.0,0.0
2017-06-16 00:00:00-04:00,92.40573301816644,93.26950573584044,92.2558970208195,93.2430648803711,862900,0.0,0.0
2017-06-19 00:00:00-04:00,93.75427521010458,94.0363222034395,93.65732092572097,93.97462463378906,456900,0.0,0.0
2017-06-20 00:00:00-04:00,93.53392891085848,93.63969233406031,92.82880804170176,93.01390075683594,626900,0.0,0.0
2017-06-21 00:00:00-04:00,93.09323045273308,93.70139031237554,92.93457859271092,93.6925811767578,834700,0.0,0.0
2017-06-22 00:00:00-04:00,94.43294781618056,94.6885539528116,94.00106483164642,94.36243438720705,753900,0.0,0.0
2017-06-23 00:00:00-04:00,94.0539402983631,94.83838365116743,93.9481701619232,94.7326202392578,596600,0.0,0.0
2017-06-26 00:00:00-04:00,94.98822310475698,95.1645066719306,94.3095498635974,94.35362243652344,568900,0.0,0.0
2017-06-27 00:00:00-04:00,94.42412467131574,94.49463809484894,93.47222035173822,93.58679962158205,552300,0.0,0.0
2017-06-28 00:00:00-04:00,93.53393112289136,94.28311786125644,93.22543653250769,94.22142028808594,672000,0.0,0.0
2017-06-29 00:00:00-04:00,92.8993137666374,92.94337961447216,90.99549161257303,91.55958557128906,1057400,0.0,0.0
2017-06-30 00:00:00-04:00,92.42335759698568,92.59963443618176,91.81519107005752,92.25588989257812,771900,0.0,0.0
2017-07-03 00:00:00-04:00,91.53314251551126,91.76230778214196,90.8280284463456,90.8544692993164,548200,0.0,0.0
2017-07-05 00:00:00-04:00,90.52834640648308,91.42737572141368,90.39613542198974,91.3304214477539,708200,0.0,0.0
2017-07-06 00:00:00-04:00,89.72629887321295,90.9338095574426,89.64696957432976,90.49311065673828,973700,0.0,0.0
2017-07-07 00:00:00-04:00,90.03476695512752,91.23346823934448,89.97306939158092,91.00430297851562,708400,0.0,0.0
2017-07-10 00:00:00-04:00,91.61248704507034,92.04437007270452,91.5595986057968,91.9033432006836,633500,0.0,0.0
2017-07-11 00:00:00-04:00,90.96024489809716,91.76232007650196,90.96024489809716,91.60366821289062,479000,0.0,0.0
2017-07-12 00:00:00-04:00,91.70943293906734,92.59963977017549,91.56840607996264,92.40573120117188,639400,0.0,0.0
2017-07-13 00:00:00-04:00,92.37929592188726,92.56438864223564,91.67418175739796,91.79757690429688,478300,0.0,0.0
2017-07-14 00:00:00-04:00,91.95622953143446,92.50269183665692,91.91215695380563,92.44099426269533,573900,0.0,0.0
2017-07-17 00:00:00-04:00,91.9209714812713,92.40573620550248,91.832833051823,92.3792953491211,584000,0.0,0.0
2017-07-18 00:00:00-04:00,91.55958978868166,92.1413154929512,91.5507806534272,92.0355453491211,925000,0.0,0.0
2017-07-19 00:00:00-04:00,92.98745599309032,93.09322613637796,92.68778400723802,93.02271270751952,899900,0.0,0.0
2017-07-20 00:00:00-04:00,92.47624905274728,93.55155536898197,92.46743991703008,93.2695083618164,1186400,0.0,0.0
2017-07-21 00:00:00-04:00,91.45382369450884,91.93858837602414,91.03956571562064,91.91214752197266,1320400,0.0,0.0
2017-07-24 00:00:00-04:00,91.268740472039,91.59485333858936,90.86329158603218,91.3921356201172,1592800,0.0,0.0
2017-07-25 00:00:00-04:00,91.93859166417606,92.07080266369256,91.40975439064088,91.55078125,810500,0.0,0.0
2017-07-26 00:00:00-04:00,91.99147369510284,92.89931218430688,91.90332855187388,92.77591705322266,711300,0.0,0.0
2017-07-27 00:00:00-04:00,93.21662212504307,93.40171483408706,91.6653602986587,92.61727142333984,732800,0.0,0.0
2017-07-28 00:00:00-04:00,93.21662567069698,93.81597639519757,93.07559880632932,93.48104095458984,858900,0.0,0.0
2017-07-31 00:00:00-04:00,93.33120092843818,93.34001678821362,92.72303437001725,93.2959442138672,595300,0.0,0.0
2017-08-01 00:00:00-04:00,94.02750568637882,94.4770203904217,93.89529468818613,94.36243438720705,1088900,0.0,0.0
2017-08-02 00:00:00-04:00,94.21259273953204,94.26547444582296,93.2606816791138,93.72782135009766,573500,0.0,0.0
2017-08-03 00:00:00-04:00,94.51227716694036,94.7943241584889,94.18615760112178,94.45938873291016,858600,0.0,0.0
2017-08-04 00:00:00-04:00,94.96178263506046,95.14687533794384,94.46820209403812,94.6268539428711,515200,0.0,0.0
2017-08-07 00:00:00-04:00,94.08919646227976,94.22140745092672,93.80714949128036,93.9569854736328,465800,0.0,0.0
2017-08-08 00:00:00-04:00,94.2743041684898,94.459396892257,93.62207170504388,93.78072357177734,671600,0.0,0.0
2017-08-09 00:00:00-04:00,92.76709775860824,93.33119168682644,92.67895934317352,93.15491485595705,562500,0.0,0.0
2017-08-10 00:00:00-04:00,92.26471271701377,92.40573285411024,91.46263757170252,91.49789428710938,783900,0.0,0.0
2017-08-11 00:00:00-04:00,91.97384649855556,92.27352520630124,91.6036610871027,92.07080078125,573700,0.0,0.0
2017-08-14 00:00:00-04:00,93.26068872124308,93.59562415179067,93.14610944078407,93.16373443603516,653700,0.0,0.0
2017-08-15 00:00:00-04:00,93.12848194566176,93.5691807849476,92.81117824341348,93.3311996459961,533600,0.0,0.0
2017-08-16 00:00:00-04:00,93.2078070637152,93.72782848055122,93.16373448876638,93.56918334960938,520600,0.0,0.0
2017-08-17 00:00:00-04:00,93.04033034817334,93.12847548954436,92.13249187810514,92.1501235961914,377800,0.0,0.0
2017-08-18 00:00:00-04:00,92.34403472468,92.65252930149106,92.09724444285584,92.38810729980467,488300,0.0,0.0
2017-08-21 00:00:00-04:00,92.35284302609077,92.5731924346182,91.97384177444238,92.48505401611328,396300,0.0,0.0
2017-08-22 00:00:00-04:00,92.83762103080797,93.12848388468,92.6525283213978,92.90813446044922,427200,0.0,0.0
2017-08-23 00:00:00-04:00,92.82881066137703,93.29595039245062,92.79355394447114,93.04034423828124,321900,0.0,0.0
2017-08-24 00:00:00-04:00,92.71422282025212,92.80236124211888,92.06198370447076,92.20301055908205,550200,0.0,0.0
2017-08-25 00:00:00-04:00,92.52031585811594,92.95219883990652,92.44098656989198,92.65252685546876,378700,0.0,0.0
2017-08-28 00:00:00-04:00,93.0755967356752,93.15492602624994,92.56438445051188,92.87287902832033,346500,0.0,0.0
2017-08-29 00:00:00-04:00,91.74468529006634,92.75829401123842,91.69180357880671,92.35285186767578,923100,0.0,0.0
2017-08-30 00:00:00-04:00,92.0972429801906,92.33522412283492,91.7975709926008,92.13249969482422,480300,0.0,0.0
2017-08-31 00:00:00-04:00,92.1941976980428,92.63489654624044,91.88570984921058,92.502685546875,764200,0.0,0.0
2017-09-01 00:00:00-04:00,93.17256279065988,93.19900364934767,92.65254130438169,92.84644317626952,378600,0.0,0.0
2017-09-05 00:00:00-04:00,92.66134082231544,93.09323055115688,91.97385166966954,92.3352279663086,354600,0.0,0.0
2017-09-06 00:00:00-04:00,93.44578795666668,93.72783497209352,92.92576650381426,93.48986053466795,684600,0.0,0.0
2017-09-07 00:00:00-04:00,95.11162964075086,95.51707177839032,94.84720763925384,95.19976806640624,1045000,0.0,0.0
2017-09-08 00:00:00-04:00,95.94894857340395,96.13404127268338,95.34959790331948,95.4553680419922,851100,0.0,0.0
2017-09-11 00:00:00-04:00,96.55711423877236,97.23578746339024,96.51304166692054,97.12120819091795,1069100,0.0,0.0
2017-09-12 00:00:00-04:00,96.89204778774172,97.13883806363393,96.59236907806502,96.90086364746094,839000,0.0,0.0
2017-09-13 00:00:00-04:00,96.73339324747184,96.86560424146332,96.48660297843736,96.7774658203125,586400,0.0,0.0
2017-09-14 00:00:00-04:00,95.99302729208752,96.47779199518348,95.81674371634558,96.24862670898438,403400,0.0,0.0
2017-09-15 00:00:00-04:00,96.74219531506763,97.05949896559916,96.36319410607328,96.7245635986328,726500,0.0,0.0
2017-09-18 00:00:00-04:00,96.9273150007696,97.20936202155782,96.8479857037656,97.0066375732422,1057700,0.0,0.0
2017-09-19 00:00:00-04:00,97.51783714243612,97.54427799646795,97.0066248827188,97.2446060180664,641100,0.0,0.0
2017-09-20 00:00:00-04:00,97.16527255144734,97.34155611162689,96.04590052356085,96.8656005859375,636400,0.0,0.0
2017-09-21 00:00:00-04:00,96.6364403713211,96.96255993130238,96.29269581666571,96.62762451171876,459700,0.0,0.0
2017-09-22 00:00:00-04:00,97.2093355129268,97.42086903970068,96.77745260110896,97.19170379638672,464400,0.0,0.0
2017-09-25 00:00:00-04:00,96.82154148537444,96.83035734574251,95.51707658120915,96.02828216552734,482800,0.0,0.0
2017-09-26 00:00:00-04:00,95.27027361631964,95.43774133020462,94.64448205986886,95.12043762207033,768800,0.0,0.0
2017-09-27 00:00:00-04:00,94.68855317043676,95.49062156365872,94.68855317043676,95.17332458496094,663900,0.0,0.0
2017-09-28 00:00:00-04:00,95.49943179039494,96.02826902307248,95.49943179039494,95.89606475830078,414700,0.0,0.0
2017-09-29 00:00:00-04:00,95.86962178771968,96.65407190206564,95.71978579742472,96.64525604248048,549400,0.0,0.0
2017-10-02 00:00:00-04:00,96.9273052497338,97.57953765884136,96.90086439490292,97.44732666015624,557300,0.0,0.0
2017-10-03 00:00:00-04:00,97.53547442505749,98.02023913386418,97.5266585650338,97.78226470947266,378200,0.0,0.0
2017-10-04 00:00:00-04:00,97.03308458182852,97.46497436332888,96.8920644247606,97.05953216552734,545100,0.0,0.0
2017-10-05 00:00:00-04:00,97.2181708977424,97.7822648987924,96.98900560839992,97.76463317871094,574200,0.0,0.0
2017-10-06 00:00:00-04:00,96.81272444196313,97.80870819091795,96.81272444196313,97.80870819091795,787200,0.0,0.0
2017-10-09 00:00:00-04:00,98.22295732190422,98.9897689819336,98.13481217633398,98.9897689819336,789100,0.0,0.0
2017-10-10 00:00:00-04:00,99.13079455266003,99.20130797839172,98.5490688771692,99.0250244140625,561100,0.0,0.0
2017-10-11 00:00:00-04:00,98.8839979763375,99.42165104530032,98.85755712450818,99.29825592041016,522700,0.0,0.0
2017-10-12 00:00:00-04:00,99.20130555198295,99.62437264696432,99.16604883997948,99.28944396972656,322600,0.0,0.0
2017-10-13 00:00:00-04:00,99.34233465276522,99.74777679064864,99.2453803671267,99.35115051269533,345000,0.0,0.0
2017-10-16 00:00:00-04:00,98.79586517253269,98.79586517253269,98.32872546647738,98.57551574707033,515600,0.0,0.0
2017-10-17 00:00:00-04:00,97.94090956642316,98.24939739989142,97.71174429390511,98.1348114013672,328400,0.0,0.0
2017-10-18 00:00:00-04:00,98.85757577511434,98.86638491103274,97.95854629612536,98.51382446289062,533000,0.0,0.0
2017-10-19 00:00:00-04:00,99.06027936729583,100.16202640779386,98.5402579919553,99.95049285888672,1799600,0.0,0.0
2017-10-20 00:00:00-04:00,99.3158984672646,99.34233932376728,98.6019684435678,98.74298858642578,776100,0.0,0.0
2017-10-23 00:00:00-04:00,99.21011447966669,99.72132671585562,98.94569922698736,98.9985809326172,720300,0.0,0.0
2017-10-24 00:00:00-04:00,98.88401037542656,99.1660573711886,98.3816139540839,98.98096466064452,560300,0.0,0.0
2017-10-25 00:00:00-04:00,99.79185573799174,100.14441618786908,98.99859640690056,99.38641357421876,795600,0.0,0.0
2017-10-26 00:00:00-04:00,99.8711635752151,100.46170509956508,99.2894446345879,99.95049285888672,561000,0.0,0.0
2017-10-27 00:00:00-04:00,100.81426708386782,100.8407146636255,100.021014528939,100.6115493774414,582300,0.0,0.0
2017-10-30 00:00:00-04:00,99.9505020088244,100.32068743443295,99.94168614882489,100.30306243896484,400300,0.0,0.0
2017-10-31 00:00:00-04:00,100.68207197181336,100.90242141813444,100.10034620575068,100.65562438964844,303000,0.0,0.0
2017-11-01 00:00:00-04:00,102.55943182488524,103.0353873662302,102.18043056369557,102.4801025390625,916200,0.0,0.0
2017-11-02 00:00:00-04:00,102.24212748103103,102.35670675479088,101.28140726954422,101.81905364990234,587400,0.0,0.0
2017-11-03 00:00:00-04:00,101.51056112481768,101.55463369512756,101.0257964740596,101.28140258789062,917900,0.0,0.0
2017-11-06 00:00:00-05:00,101.78380314044183,101.83668484736332,101.0698664743499,101.35191345214844,688800,0.0,0.0
2017-11-07 00:00:00-05:00,100.92886208460222,101.09632309080769,100.3383204589364,100.67325592041016,1140500,0.0,0.0
2017-11-08 00:00:00-05:00,100.47934141680788,101.17564643181544,100.29424870008906,101.0081787109375,485900,0.0,0.0
2017-11-09 00:00:00-05:00,99.20132470390776,99.46574000818688,98.48738791593162,99.28064727783205,635300,0.0,0.0
2017-11-10 00:00:00-05:00,99.69489520975958,99.70371106970111,98.79586578258449,99.23656463623048,487000,0.0,0.0
2017-11-13 00:00:00-05:00,97.8439546077817,99.06909679829084,97.78225704151612,99.04265594482422,518100,0.0,0.0
2017-11-14 00:00:00-05:00,99.71251525031188,99.80946953125871,99.1484212836378,99.66844940185548,435500,0.0,0.0
2017-11-15 00:00:00-05:00,99.21893349134048,99.97693601059346,99.08672249853488,99.4921646118164,663800,0.0,0.0
2017-11-16 00:00:00-05:00,99.98575380187204,100.48815020461608,99.87116780111234,100.42645263671876,487300,0.0,0.0
2017-11-17 00:00:00-05:00,100.55865176195012,100.72611946247233,100.11795294965404,100.25897979736328,393700,0.0,0.0
2017-11-20 00:00:00-05:00,100.17085436113648,100.70850751977562,100.0650842116476,100.50578308105467,299600,0.0,0.0
2017-11-21 00:00:00-05:00,101.28141193534314,101.8631309148468,101.23733936096572,101.61634063720705,287000,0.0,0.0
2017-11-22 00:00:00-05:00,101.1139482646991,101.92483255922932,100.0738986783996,100.34712982177734,385000,0.0,0.0
2017-11-24 00:00:00-05:00,102.07465641358564,102.65638207166138,101.93363629087438,102.60350036621094,294100,0.0,0.0
2017-11-27 00:00:00-05:00,102.242127613656,102.4712928860034,101.86312635438276,102.0129623413086,394000,0.0,0.0
2017-11-28 00:00:00-05:00,102.3214500418193,102.3655226141664,101.52819753581494,101.81905364990234,282700,0.0,0.0
2017-11-29 00:00:00-05:00,101.6339623596137,101.6339623596137,99.19249379211492,99.57149505615234,614500,0.0,0.0
2017-11-30 00:00:00-05:00,100.00338739543425,100.18848011504171,99.38641166340936,99.90643310546876,796100,0.0,0.0
2017-12-01 00:00:00-05:00,98.3287202241859,98.86637333161214,97.63241526990387,98.52262878417967,660800,0.0,0.0
2017-12-04 00:00:00-05:00,99.2806359715102,99.2806359715102,98.17007299132328,98.22296142578124,569200,0.0,0.0
2017-12-05 00:00:00-05:00,97.65887235768496,98.8046853858565,97.4914046351049,98.09957122802734,533700,0.0,0.0
2017-12-06 00:00:00-05:00,97.588349866829,99.21011833138876,97.3856254464938,98.89281463623048,482100,0.0,0.0
2017-12-07 00:00:00-05:00,98.59315038125516,99.27182367294728,98.4961960932233,99.08673095703124,350800,0.0,0.0
2017-12-08 00:00:00-05:00,99.66846421806048,99.85355694796564,99.08673844590302,99.20132446289062,256900,0.0,0.0
2017-12-11 00:00:00-05:00,98.18771042627618,98.80468615977574,98.108381132237,98.74298858642578,547600,0.0,0.0
2017-12-12 00:00:00-05:00,99.13962974616942,99.57151279507345,98.89283270797829,99.30709075927734,467600,0.0,0.0
2017-12-13 00:00:00-05:00,99.75658640893268,100.02981752889232,99.22774916323998,99.50979614257812,324900,0.0,0.0
2017-12-14 00:00:00-05:00,100.77901128644392,101.29022357392104,100.30306243896484,100.30306243896484,614500,0.0,0.0
2017-12-15 00:00:00-05:00,100.0827034914994,101.09630538551622,99.94167664304436,100.7261199951172,854300,0.0,0.0
2017-12-18 00:00:00-05:00,102.51536780665832,102.60351295926785,102.0746689417348,102.17162322998048,472300,0.0,0.0
2017-12-19 00:00:00-05:00,101.88956295440096,101.96007637749186,100.96409949332084,101.53700256347656,426400,0.0,0.0
2017-12-20 00:00:00-05:00,100.26778983586868,100.32067153842472,99.24536542291962,99.73895263671876,471000,0.0,0.0
2017-12-21 00:00:00-05:00,99.48335547695169,100.01219272364364,99.35996034354125,99.4921646118164,369800,0.0,0.0
2017-12-22 00:00:00-05:00,98.97215416048206,99.28064202809466,98.67247542870756,99.2277603149414,262600,0.0,0.0
2017-12-26 00:00:00-05:00,99.09554919698886,99.15724677044254,98.65485032245356,99.03385162353516,158000,0.0,0.0
2017-12-27 00:00:00-05:00,99.37758546928838,99.90642271668004,99.23655861690102,99.68607330322266,317500,0.0,0.0
2017-12-28 00:00:00-05:00,99.40402811994848,99.61556167782304,98.7429798676262,99.06909942626952,487800,0.0,0.0
2017-12-29 00:00:00-05:00,98.91045647662776,99.32471449461592,98.70773203554782,99.03385162353516,287800,0.0,0.0
2018-01-02 00:00:00-05:00,98.03787718572276,99.08673596222822,97.9497320288551,99.06029510498048,540600,0.0,0.0
2018-01-03 00:00:00-05:00,99.2718193461128,100.20610546965013,99.20131264159716,99.87117004394533,506200,0.0,0.0
2018-01-04 00:00:00-05:00,101.1668192882781,101.62514982339462,101.09630586371703,101.40480041503906,539300,0.0,0.0
2018-01-05 00:00:00-05:00,101.75735527182458,102.68282548748964,101.6780327116689,102.53298950195312,475300,0.0,0.0
2018-01-08 00:00:00-05:00,101.44005527997692,101.73091812687808,101.1491991576064,101.18445587158205,515400,0.0,0.0
2018-01-09 00:00:00-05:00,100.79664581523645,100.88478424409487,99.99457064620304,100.62036895751952,515900,0.0,0.0
2018-01-10 00:00:00-05:00,100.1620258756808,100.3206777176509,99.23655567676694,99.4833526611328,705800,0.0,0.0
2018-01-11 00:00:00-05:00,97.42970337328444,97.5266576590513,96.39846966961603,96.63644409179688,2291200,0.0,0.0
2018-01-12 00:00:00-05:00,96.80390596650793,97.50902005509018,96.52185898616892,97.06832122802734,1603200,0.0,0.0
2018-01-16 00:00:00-05:00,98.69892031958838,99.05147403037545,97.35037615015706,97.5531005859375,927200,0.0,0.0
2018-01-17 00:00:00-05:00,97.02426485276332,98.14363702399665,96.8656129905499,98.00261688232422,977100,0.0,0.0
2018-01-18 00:00:00-05:00,98.52262871840874,98.87518912502294,97.91446218511248,98.42567443847656,898000,0.0,0.0
2018-01-19 00:00:00-05:00,99.67726903647706,99.8182959052661,99.2894585963696,99.77422332763672,821900,0.0,0.0
2018-01-22 00:00:00-05:00,98.87519258005597,99.41284570591068,98.54026388056066,99.4040298461914,671500,0.0,0.0
2018-01-23 00:00:00-05:00,100.49696624127228,101.05225111501284,100.25017595273472,100.71731567382812,524600,0.0,0.0
2018-01-24 00:00:00-05:00,101.32547948767886,101.65159905977136,100.50577935201358,100.80545806884766,562100,0.0,0.0
2018-01-25 00:00:00-05:00,100.62918512535344,100.7261394212324,99.28064756844115,99.45692443847656,639000,0.0,0.0
2018-01-26 00:00:00-05:00,100.32950019801324,100.9905484624259,100.17966420530038,100.95529174804688,1563000,0.0,0.0
2018-01-29 00:00:00-05:00,100.23255781610264,100.61155913501597,99.49218017529287,100.07390594482422,1948500,0.0,0.0
2018-01-30 00:00:00-05:00,99.58030143123425,99.73013740577258,97.1212013789542,97.66766357421876,6145800,0.0,0.0
2018-01-31 00:00:00-05:00,99.02502385735878,99.96811906649437,98.69009517381176,99.81828308105467,5107400,0.0,0.0
2018-02-01 00:00:00-05:00,98.91045460498626,99.21012660622472,98.1524520171664,98.4080581665039,1354200,0.0,0.0
2018-02-02 00:00:00-05:00,97.70293271119375,97.70293271119375,96.04590747279644,96.20455932617188,1298000,0.0,0.0
2018-02-05 00:00:00-05:00,94.99704960070724,96.02828336714688,92.89932535044564,93.31358337402344,1350600,0.0,0.0
2018-02-06 00:00:00-05:00,92.4850606345585,95.61402514937603,92.2470862151122,95.5082550048828,1713100,0.0,0.0
2018-02-07 00:00:00-05:00,93.2518739932691,93.97461979677216,92.40572633228614,92.6260757446289,1971700,0.0,0.0
2018-02-08 00:00:00-05:00,92.34403057121608,92.4321757175008,89.55881744150606,89.60289001464844,1058700,0.0,0.0
2018-02-09 00:00:00-05:00,90.36970096550483,90.86328150304551,87.43464514506374,89.89374542236328,1377200,0.0,0.0
2018-02-12 00:00:00-05:00,90.71344988707251,90.99549688276588,90.06121747038121,90.56361389160156,959300,0.0,0.0
2018-02-13 00:00:00-05:00,90.42258184999103,90.7398855425299,90.06121230959037,90.60768127441406,933900,0.0,0.0
2018-02-14 00:00:00-05:00,90.3256402549152,92.69659552148642,90.29038353958111,92.66133880615234,1121300,0.0,0.0
2018-02-15 00:00:00-05:00,92.8464356575644,93.12848939281156,91.66536590160712,93.04034423828124,1204200,0.0,0.0
2018-02-16 00:00:00-05:00,92.2030044210987,93.05796117780586,92.1501227164051,92.45861053466795,547200,0.0,0.0
2018-02-20 00:00:00-05:00,91.65654747304664,92.4850634857924,91.52433646948684,91.86808776855467,1600800,0.0,0.0
2018-02-21 00:00:00-05:00,91.77993045232007,92.32639938982578,90.96023040832658,91.00430297851562,1195800,0.0,0.0
2018-02-22 00:00:00-05:00,91.16296575472546,92.20301532539072,90.73989189355191,91.78875732421876,1183100,0.0,0.0
2018-02-23 00:00:00-05:00,91.6300946303076,92.51149223936156,91.48025865065564,92.45861053466795,1388100,0.0,0.0
2018-02-26 00:00:00-05:00,91.93860189929984,92.86407227441303,91.40976456689148,92.81999969482422,1813500,0.0,0.0
2018-02-27 00:00:00-05:00,92.94337708578972,93.2430557757527,91.72705078125,91.72705078125,993300,0.0,0.0
2018-02-28 00:00:00-05:00,92.65252518782036,93.15492158909396,92.05317450520184,92.1060562133789,946200,0.0,0.0
2018-03-01 00:00:00-05:00,90.62530315353526,90.82802756522857,89.15337073984419,89.90255737304688,1966200,0.0,0.0
2018-03-02 00:00:00-05:00,89.63814488485947,90.65175360155398,89.09168260550815,90.52835845947266,795800,0.0,0.0
2018-03-05 00:00:00-05:00,90.80159613460654,92.34404224617175,90.76634614107267,92.19420623779295,1018900,0.0,0.0
2018-03-06 00:00:00-05:00,92.65252813809072,92.8376208471347,92.28233599547198,92.61727142333984,656600,0.0,0.0
2018-03-07 00:00:00-05:00,94.6621185707507,95.13807415704228,94.18616298445916,95.11163330078124,1356700,0.0,0.0
2018-03-08 00:00:00-05:00,95.59639361882358,95.96657903848607,95.26146491406188,95.4906234741211,1154100,0.0,0.0
2018-03-09 00:00:00-05:00,95.55232430809464,96.24862254744396,95.42892244814549,96.17811584472656,876200,0.0,0.0
2018-03-12 00:00:00-04:00,95.9048829252355,96.30151593049617,95.3936773627358,96.05472564697266,717900,0.0,0.0
2018-03-13 00:00:00-04:00,96.49541824291887,96.53948409095732,94.6621095063518,94.85601806640624,730900,0.0,0.0
2018-03-14 00:00:00-04:00,95.71979850067046,95.76387107991472,94.66212384412307,95.261474609375,492800,0.0,0.0
2018-03-15 00:00:00-04:00,95.45537226397757,96.07234795553109,95.2350228420612,95.62283325195312,819500,0.0,0.0
2018-03-16 00:00:00-04:00,94.7326256817452,95.41129893710014,94.56515797056008,94.76787567138672,578400,0.0,0.0
2018-03-19 00:00:00-04:00,93.5691951288108,93.6573335652732,92.7583040295745,93.63970184326172,485600,0.0,0.0
2018-03-20 00:00:00-04:00,91.75348975761274,92.7230257826661,91.75348975761274,92.45861053466795,878000,0.0,0.0
2018-03-21 00:00:00-04:00,92.37048005399365,93.29594358828658,92.30878248504077,92.63489532470705,693900,0.0,0.0
2018-03-22 00:00:00-04:00,92.29996930170688,92.9081358736846,91.55078259283232,91.61248016357422,936500,0.0,0.0
2018-03-23 00:00:00-04:00,91.8945323844024,92.00911167242592,90.26394787252907,90.32564544677734,800800,0.0,0.0
2018-03-26 00:00:00-04:00,92.29115673004353,92.65253303192944,90.56361796318822,92.3969268798828,627500,0.0,0.0
2018-03-27 00:00:00-04:00,92.45861799933476,92.846428405948,90.27274879361104,90.8104019165039,815200,0.0,0.0
2018-03-28 00:00:00-04:00,91.62129564335044,92.72304285755396,91.259926053848,91.64774322509766,1044200,0.0,0.0
2018-03-29 00:00:00-04:00,92.3087810201786,93.28712624818256,91.89452303898442,92.68778228759766,670000,0.0,0.0
2018-04-02 00:00:00-04:00,92.61726867452886,92.70540709652477,90.2727476471605,91.03956604003906,452400,0.0,0.0
2018-04-03 00:00:00-04:00,91.56840502673418,91.8063861676034,90.51073049373736,91.37449645996094,1043500,0.0,0.0
2018-04-04 00:00:00-04:00,90.22868650474732,92.32641064560146,90.19342978920383,92.07962036132812,690300,0.0,0.0
2018-04-05 00:00:00-04:00,92.96102642918974,93.51630461869836,92.63490682450794,92.93458557128906,468300,0.0,0.0
2018-04-06 00:00:00-04:00,93.28713423007548,93.8247873932202,92.59964506396416,92.86406707763672,598600,0.0,0.0
2018-04-09 00:00:00-04:00,95.14687785452656,95.26146385781642,94.4153228831708,94.45938873291016,821500,0.0,0.0
2018-04-10 00:00:00-04:00,95.17333229449608,95.5082610196879,94.53872483663272,94.9617919921875,969900,0.0,0.0
2018-04-11 00:00:00-04:00,94.5827759041661,95.1909424103038,94.18614966726857,94.2831039428711,794600,0.0,0.0
2018-04-12 00:00:00-04:00,94.935349718156,95.35842359192551,94.82957956858084,95.11163330078124,602600,0.0,0.0
2018-04-13 00:00:00-04:00,95.66691066077304,95.73742409323712,95.06755993389052,95.30553436279295,483500,0.0,0.0
2018-04-16 00:00:00-04:00,95.53469825183672,95.63165253891698,94.95297925388604,95.14688110351562,390700,0.0,0.0
2018-04-17 00:00:00-04:00,95.58758592242404,96.62763556496398,95.47300663260904,96.46017456054688,587200,0.0,0.0
2018-04-18 00:00:00-04:00,96.5835578999001,96.601182894435,95.8608120824191,96.08116149902344,639000,0.0,0.0
2018-04-19 00:00:00-04:00,95.94895206029432,96.1340447663002,94.38887439969652,95.0763702392578,900300,0.0,0.0
2018-04-20 00:00:00-04:00,94.13326713786996,94.13326713786996,93.30475123526028,93.42814636230467,1004000,0.0,0.0
2018-04-23 00:00:00-04:00,93.82478135578384,94.06276249768176,93.04915380986876,93.41053009033205,1179600,0.0,0.0
2018-04-24 00:00:00-04:00,97.47377084314068,97.94972641993968,95.63165283203124,95.63165283203124,3034900,0.0,0.0
2018-04-25 00:00:00-04:00,95.70216406695248,96.0723494877887,94.84720722035642,95.97539520263672,1009200,0.0,0.0
2018-04-26 00:00:00-04:00,96.36321957634892,97.14766305180076,96.20456770914905,96.84798431396484,1801400,0.0,0.0
2018-04-27 00:00:00-04:00,98.17007183609778,98.33753954827095,97.42970100770604,98.14363098144533,946400,0.0,0.0
2018-04-30 00:00:00-04:00,97.60597344946758,98.284653402724,97.56190760187935,97.685302734375,412400,0.0,0.0
2018-05-01 00:00:00-04:00,97.31512064683224,98.49619030504194,97.10358036290432,98.4697494506836,896400,0.0,0.0
2018-05-02 00:00:00-04:00,99.17486239615974,99.36877095855894,98.4697482982442,98.69891357421876,984800,0.0,0.0
2018-05-03 00:00:00-04:00,99.52742779263416,99.86236322611144,98.4256806552081,99.7213363647461,737600,0.0,0.0
2018-05-04 00:00:00-04:00,99.2630120919354,100.6644312170025,99.21893951681358,100.49696350097656,896300,0.0,0.0
2018-05-07 00:00:00-04:00,100.78782372342812,101.016989003916,100.2766114533131,100.47052001953124,894700,0.0,0.0
2018-05-08 00:00:00-04:00,100.47051918150372,101.44887113960348,100.3647557641074,101.18445587158205,982800,0.0,0.0
2018-05-09 00:00:00-04:00,101.12275995889728,101.6780380829112,100.78782453291016,101.42243194580078,814600,0.0,0.0
2018-05-10 00:00:00-04:00,101.78380939779034,102.85029980829717,101.69566424812848,102.64757537841795,1717800,0.0,0.0
2018-05-11 00:00:00-04:00,102.17162206350308,102.6211367834617,101.9600884936235,102.40078735351562,549000,0.0,0.0
2018-05-14 00:00:00-04:00,102.198078658911,102.4713165668071,101.36075338597011,101.5282211303711,1085900,0.0,0.0
2018-05-15 00:00:00-04:00,100.00338122767164,100.45289593301209,99.24537867534492,100.16203308105467,524700,0.0,0.0
2018-05-16 00:00:00-04:00,100.17085422845102,101.11394953875173,99.66845778697366,100.62036895751952,616500,0.0,0.0
2018-05-17 00:00:00-04:00,100.6996817133908,101.51938179850728,100.44407558743724,100.96410369873048,532500,0.0,0.0
2018-05-18 00:00:00-04:00,100.66610560133014,101.4178162394499,100.33500089650224,101.33727264404295,1224800,1.727,0.0
2018-05-21 00:00:00-04:00,102.18742958276805,102.41115194768172,101.54310807942224,101.76683044433594,397200,0.0,0.0
2018-05-22 00:00:00-04:00,101.48045837910595,101.8921066799713,101.01511207206568,101.22093963623048,649600,0.0,0.0
2018-05-23 00:00:00-04:00,100.24549930625352,101.7578644521602,100.24549930625352,101.68627166748048,779600,0.0,0.0
2018-05-24 00:00:00-04:00,101.9726500643178,102.2500704364062,101.06881663587774,102.04424285888672,1999200,0.0,0.0
2018-05-25 00:00:00-04:00,101.73103291697852,102.2500704364062,101.60574894021528,102.04424285888672,2068300,0.0,0.0
2018-05-29 00:00:00-04:00,99.0374050514378,99.46695495360832,98.18726287996088,98.69734954833984,1017300,0.0,0.0
2018-05-30 00:00:00-04:00,100.12022497137411,100.80929364209535,99.32377394077432,100.5855712890625,671300,0.0,0.0
2018-05-31 00:00:00-04:00,100.83613193808893,101.149341844186,100.11127375148368,100.9345703125,408600,0.0,0.0
2018-06-01 00:00:00-04:00,102.42902983976046,102.42902983976046,101.28357261271036,101.77576446533205,518100,0.0,0.0
2018-06-04 00:00:00-04:00,102.14268667152818,102.84069938699976,102.06214989395762,102.56328582763672,535700,0.0,0.0
2018-06-05 00:00:00-04:00,103.95929312027113,104.20091706575548,103.2165333285434,103.51184844970705,640700,0.0,0.0
2018-06-06 00:00:00-04:00,104.20986891190768,104.64836963794409,103.64609104231504,104.60362243652344,1384900,0.0,0.0
2018-06-07 00:00:00-04:00,105.49851257465843,105.6148457407064,104.2009256540602,104.63941955566406,1074800,0.0,0.0
2018-06-08 00:00:00-04:00,105.65958714080976,106.5544765065581,105.16739525866254,106.2681121826172,911700,0.0,0.0
2018-06-11 00:00:00-04:00,106.76925658594747,107.88786838264032,106.55448503267256,107.39568328857422,722700,0.0,0.0
2018-06-12 00:00:00-04:00,107.90575371825028,108.09367965245217,107.3777654795715,107.55674743652344,755500,0.0,0.0
2018-06-13 00:00:00-04:00,108.2637250355471,108.62167534157508,107.45832319205522,107.83417510986328,460100,0.0,0.0
2018-06-14 00:00:00-04:00,107.97735136294187,109.1317526068094,107.86996218393529,108.62166595458984,536100,0.0,0.0
2018-06-15 00:00:00-04:00,108.29951765864917,108.46059803189064,107.7804869692841,108.44270324707033,544100,0.0,0.0
2018-06-18 00:00:00-04:00,106.00859723556952,106.95717781237268,105.99070245169924,106.91243743896484,1986000,0.0,0.0
2018-06-19 00:00:00-04:00,104.45149188095152,106.25022148699554,104.45149188095152,106.0533447265625,1515600,0.0,0.0
2018-06-20 00:00:00-04:00,106.25915847274052,106.70660314338409,105.71327542835829,106.12492370605467,855200,0.0,0.0
2018-06-21 00:00:00-04:00,106.52763564752632,106.52763564752632,105.18530153930767,105.5432586669922,644500,0.0,0.0
2018-06-22 00:00:00-04:00,105.29269465273632,105.8385709291698,103.95930447306948,105.44482421875,1446000,0.0,0.0
2018-06-25 00:00:00-04:00,104.11142433041248,104.31725188623932,103.23443658549726,104.0487823486328,1453400,0.0,0.0
2018-06-26 00:00:00-04:00,103.45816158463184,103.6908347347094,102.67960536752464,103.10020446777344,1077300,0.0,0.0
2018-06-27 00:00:00-04:00,103.81611446399748,104.39779390171678,102.50957684413817,102.7690887451172,521200,0.0,0.0
2018-06-28 00:00:00-04:00,100.46028263378474,101.56099273600772,100.40658462888464,101.3104248046875,1037500,0.0,0.0
2018-06-29 00:00:00-04:00,102.93017891402688,103.64609318678356,102.91228412956698,103.50291442871094,613000,0.0,0.0
2018-07-02 00:00:00-04:00,101.65048486116608,103.26128853104636,101.59679368132488,103.19864654541016,521700,0.0,0.0
2018-07-03 00:00:00-04:00,103.76241075026998,103.76241075026998,102.9033178486341,103.07334899902344,1279300,0.0,0.0
2018-07-05 00:00:00-04:00,103.47606033940208,104.31725857218385,103.15389960461178,104.20986938476562,896400,0.0,0.0
2018-07-06 00:00:00-04:00,104.236724848651,104.87209553098334,104.0219464675374,104.81839752197266,852600,0.0,0.0
2018-07-09 00:00:00-04:00,106.89455117342278,106.92140359427955,106.08915606181635,106.8319091796875,808800,0.0,0.0
2018-07-10 00:00:00-04:00,106.7245142928326,107.50306371976376,106.7245142928326,107.09141540527344,512000,0.0,0.0
2018-07-11 00:00:00-04:00,105.25689216314524,106.00859597108756,105.13160819515488,105.43586730957033,654000,0.0,0.0
2018-07-12 00:00:00-04:00,105.69537754265323,107.03771151517616,105.69537754265323,106.88558197021484,755400,0.0,0.0
2018-07-13 00:00:00-04:00,106.92139538031472,107.36884010904016,106.54553661931216,107.3061981201172,804200,0.0,0.0
2018-07-16 00:00:00-04:00,107.44937534603434,108.10264764471331,107.44042453989776,107.89682006835938,1450800,0.0,0.0
2018-07-17 00:00:00-04:00,107.1361612012982,109.09597119295698,107.10036480562128,108.8543472290039,741700,0.0,0.0
2018-07-18 00:00:00-04:00,108.8632877878916,109.83871387528288,108.52322547470187,109.14070129394533,1738900,0.0,0.0
2018-07-19 00:00:00-04:00,105.66853632442611,106.28600533464044,104.59466500553076,105.06896209716795,1390500,0.0,0.0
2018-07-20 00:00:00-04:00,104.74680243598236,104.98841955936808,103.96824623402571,104.16512298583984,1451300,0.0,0.0
2018-07-23 00:00:00-04:00,104.82734333761609,104.82734333761609,104.10248511139314,104.5320281982422,715800,0.0,0.0
2018-07-24 00:00:00-04:00,106.13388811591943,106.20548091099086,104.61257877170804,105.04212188720705,738400,0.0,0.0
2018-07-25 00:00:00-04:00,105.6953761721903,106.92137697575164,105.14054234618796,106.7334442138672,645300,0.0,0.0
2018-07-26 00:00:00-04:00,107.00192245419908,107.84312065273402,106.82294730991951,107.11825561523438,952700,0.0,0.0
2018-07-27 00:00:00-04:00,108.2279388223004,108.2279388223004,106.42920900717542,106.5365982055664,794200,0.0,0.0
2018-07-30 00:00:00-04:00,106.50973220684986,106.56343021293216,104.46044151166566,104.49623107910156,708400,0.0,0.0
2018-07-31 00:00:00-04:00,104.60362646293753,104.8005032328236,103.61924944097174,103.8429718017578,1363500,0.0,0.0
2018-08-01 00:00:00-04:00,104.10249064193265,104.27251499358864,103.5834531259068,103.7624282836914,1039400,0.0,0.0
2018-08-02 00:00:00-04:00,102.80488743675312,103.42236328125,102.72435067136516,103.42236328125,751100,0.0,0.0
2018-08-03 00:00:00-04:00,103.3507840498018,103.6103028180874,102.74225893079608,103.54766082763672,448600,0.0,0.0
2018-08-06 00:00:00-04:00,102.91228076331286,103.50291104313732,102.58116922818724,103.1270523071289,290500,0.0,0.0
2018-08-07 00:00:00-04:00,103.78927498596856,103.80716976977564,103.01966956044376,103.44026184082033,321900,0.0,0.0
2018-08-08 00:00:00-04:00,103.82506561279295,104.22776994093503,103.6102940675958,103.82506561279295,330400,0.0,0.0
2018-08-09 00:00:00-04:00,104.06668690160268,104.26356365775229,103.39551986607312,103.52975463867188,457500,0.0,0.0
2018-08-10 00:00:00-04:00,100.46029060105528,101.39992041802596,100.42449420410432,100.99722290039062,820000,0.0,0.0
2018-08-13 00:00:00-04:00,102.43798407302684,102.82278676319252,101.8652554403334,102.10687255859376,635900,0.0,0.0
2018-08-14 00:00:00-04:00,102.48272743043113,102.6080182232317,101.4983504910168,102.16951751708984,690300,0.0,0.0
2018-08-15 00:00:00-04:00,101.01511575931696,101.43571488114154,100.33500471260844,101.3193817138672,1340500,0.0,0.0
2018-08-16 00:00:00-04:00,103.3955277989455,104.50518880446818,103.1449598455176,103.87876892089844,877900,0.0,0.0
2018-08-17 00:00:00-04:00,103.34183041308516,104.63941730578364,103.2523360115493,104.6125717163086,468700,0.0,0.0
2018-08-20 00:00:00-04:00,105.3553207369364,105.49849947525855,104.827332497431,105.3284683227539,748300,0.0,0.0
2018-08-21 00:00:00-04:00,105.7311853475155,105.78487652742363,105.22109865599492,105.5790557861328,426100,0.0,0.0
2018-08-22 00:00:00-04:00,106.54552154674148,106.58131793927132,105.99963850872318,106.56342315673828,829900,0.0,0.0
2018-08-23 00:00:00-04:00,107.15405553383216,107.5299142731236,106.59027766609144,106.75135803222656,525500,0.0,0.0
2018-08-24 00:00:00-04:00,107.61044397206848,108.22791980626003,107.31512884897998,108.19212341308594,324600,0.0,0.0
2018-08-27 00:00:00-04:00,108.88119219091952,109.51656284872544,108.56798226488344,109.36443328857422,394800,0.0,0.0
2018-08-28 00:00:00-04:00,109.62395299797758,109.6329038037899,109.01542792456372,109.20335388183594,493800,0.0,0.0
2018-08-29 00:00:00-04:00,109.26599281428882,109.5881535398858,109.10491245149032,109.22125244140624,1498900,0.0,0.0
2018-08-30 00:00:00-04:00,108.34424881998656,109.07805778333244,108.16527368842458,108.48743438720705,716300,0.0,0.0
2018-08-31 00:00:00-04:00,107.48516426374232,108.1294857114495,106.84084281603518,107.154052734375,443700,0.0,0.0
2018-09-04 00:00:00-04:00,105.3821694447678,106.32179914507736,105.1942435047059,105.93699645996094,926400,0.0,0.0
2018-09-05 00:00:00-04:00,104.9884252859342,105.06001807731054,103.20759727210024,103.27919006347656,863700,0.0,0.0
2018-09-06 00:00:00-04:00,103.7713736875853,103.93245405219162,102.50958318772268,103.20759582519533,618500,0.0,0.0
2018-09-07 00:00:00-04:00,103.4044697573269,104.43358707406868,103.15389499787474,104.2725067138672,569000,0.0,0.0
2018-09-10 00:00:00-04:00,105.64169441016531,105.97279911234848,105.22109530769724,105.82962036132812,533100,0.0,0.0
2018-09-11 00:00:00-04:00,105.57905509547152,106.95717877217098,105.26583834148455,106.75135803222656,395400,0.0,0.0
2018-09-12 00:00:00-04:00,107.76257792864894,108.66641811772566,107.20775088042424,108.32636260986328,655100,0.0,0.0
2018-09-13 00:00:00-04:00,108.80066192218062,109.0243842866394,108.13843880760804,108.43375396728516,723700,0.0,0.0
2018-09-14 00:00:00-04:00,108.45163096057648,108.85432839420136,108.2010630616576,108.63955688476562,429400,0.0,0.0
2018-09-17 00:00:00-04:00,107.6820478792566,107.950510614592,107.13616477503726,107.19880676269533,1791100,0.0,0.0
2018-09-18 00:00:00-04:00,106.73345835608929,108.04894689880184,106.72451437764384,107.63729858398438,490800,0.0,0.0
2018-09-19 00:00:00-04:00,106.7692556281578,107.20775636430224,106.52763848632402,106.93033599853516,770400,0.0,0.0
2018-09-20 00:00:00-04:00,107.17196989604965,107.78049503746291,106.70662352631088,107.5030746459961,835500,0.0,0.0
2018-09-21 00:00:00-04:00,108.4605937040222,109.56131068182816,108.2010817834272,108.8543472290039,715800,0.0,0.0
2018-09-24 00:00:00-04:00,109.1228232102846,109.6329099306626,108.70222407063764,109.21231079101562,424800,0.0,0.0
2018-09-25 00:00:00-04:00,111.25264349136437,113.31983570084805,110.91258799694684,113.30194091796876,2447800,0.0,0.0
2018-09-26 00:00:00-04:00,112.90819549560548,113.7941409294337,112.82765872569256,112.90819549560548,866100,0.0,0.0
2018-09-27 00:00:00-04:00,112.7650138189254,113.0961185232764,112.07594516601944,112.18333435058594,855800,0.0,0.0
2018-09-28 00:00:00-04:00,109.59709798930236,110.73360444107745,109.59709798930236,110.0713882446289,1342000,0.0,0.0
2018-10-01 00:00:00-04:00,110.59043152066596,110.74256107708956,109.95506087842848,110.3130111694336,520600,0.0,0.0
2018-10-02 00:00:00-04:00,109.21230372842302,109.71343961008078,108.69326623529788,109.36443328857422,627800,0.0,0.0
2018-10-03 00:00:00-04:00,110.28617684284734,110.29512764927578,109.6508061357254,109.8655776977539,359500,0.0,0.0
2018-10-04 00:00:00-04:00,110.14298507069138,110.1519290485988,108.65746544237696,109.23019409179688,536500,0.0,0.0
2018-10-05 00:00:00-04:00,107.80733225526684,108.37111014628476,106.903492006443,107.46726989746094,528100,0.0,0.0
2018-10-08 00:00:00-04:00,105.26583056430128,105.63273847073748,104.0487805161899,104.99736785888672,1522400,0.0,0.0
2018-10-09 00:00:00-04:00,105.30164890918392,107.20776796956446,105.30164890918392,106.8319091796875,1796100,0.0,0.0
2018-10-10 00:00:00-04:00,104.12933263562168,104.2635674130552,100.92562689871345,101.13145446777344,2665200,0.0,0.0
2018-10-11 00:00:00-04:00,101.57890159437864,102.2053214673738,99.78912272586152,101.0419692993164,2087900,0.0,0.0
2018-10-12 00:00:00-04:00,102.69751917491917,103.19865510155776,100.5139866474824,102.49169158935548,967400,0.0,0.0
2018-10-15 00:00:00-04:00,101.0419628128952,101.99949417298426,100.90772804088076,101.34622192382812,726800,0.0,0.0
2018-10-16 00:00:00-04:00,103.76243040460172,105.08686981265924,103.25234368427827,105.07791900634766,2058900,0.0,0.0
2018-10-17 00:00:00-04:00,103.98614855083352,104.1293341361498,102.96597515158082,103.61924743652344,963300,0.0,0.0
2018-10-18 00:00:00-04:00,99.02846311556172,99.50275339958476,95.7352698892259,95.76211547851562,2493100,0.0,0.0
2018-10-19 00:00:00-04:00,97.36397447829152,98.25886392449836,97.16709770773166,97.56084442138672,1064200,0.0,0.0
2018-10-22 00:00:00-04:00,98.59890602043748,98.74208476203847,96.67489260777847,97.202880859375,1098100,0.0,0.0
2018-10-23 00:00:00-04:00,95.09094236735888,97.03285057997032,94.74193607393892,96.41537475585938,980000,0.0,0.0
2018-10-24 00:00:00-04:00,95.11779024048391,95.24307420382644,92.45101696191357,92.50471496582033,1336100,0.0,0.0
2018-10-25 00:00:00-04:00,93.80230377395362,96.21850234927444,92.9611055788214,95.34151458740234,1087100,0.0,0.0
2018-10-26 00:00:00-04:00,93.85599464698184,95.43995265491183,92.9163649051678,94.33029174804688,782000,0.0,0.0
2018-10-29 00:00:00-04:00,95.34152093739772,95.4936505022986,92.0035803508042,93.3190689086914,788000,0.0,0.0
2018-10-30 00:00:00-04:00,93.36381539450808,94.53611835704284,92.97006186252683,94.49137115478516,877800,0.0,0.0
2018-10-31 00:00:00-04:00,95.5831355135456,96.58541410870583,95.45785154258364,95.98583984375,827000,0.0,0.0
2018-11-01 00:00:00-04:00,95.797909925876,95.93213786959583,94.8314277663086,95.45784759521484,760600,0.0,0.0
2018-11-02 00:00:00-04:00,96.60331228461708,97.06865861664122,95.7084228449172,96.31694793701172,563600,0.0,0.0
2018-11-05 00:00:00-05:00,96.44223424384934,96.51382703934758,95.52944999737343,96.3080062866211,523400,0.0,0.0
2018-11-06 00:00:00-05:00,95.55629946206771,96.27221379113924,95.34152789433227,95.66368865966795,601200,0.0,0.0
2018-11-07 00:00:00-05:00,96.71964718983348,97.99933929433726,96.53172123668506,97.98143768310548,981800,0.0,0.0
2018-11-08 00:00:00-05:00,96.59435686676652,97.25657306203112,96.11111580726086,96.29904174804688,1311000,0.0,0.0
2018-11-09 00:00:00-05:00,96.57646972796822,97.09550725789228,95.93214821874729,96.92547607421876,912500,0.0,0.0
2018-11-12 00:00:00-05:00,92.2720547355112,92.459980706825,90.40173217392436,90.75968933105467,1350400,0.0,0.0
2018-11-13 00:00:00-05:00,91.4040036979614,93.29222089733238,91.3682073023022,92.8268814086914,1828900,0.0,0.0
2018-11-14 00:00:00-05:00,94.1513114718108,94.35713903465326,92.37943431109804,92.91636657714844,789300,0.0,0.0
2018-11-15 00:00:00-05:00,92.92530430176134,94.93880528454856,92.39732287679084,94.39292907714844,760000,0.0,0.0
2018-11-16 00:00:00-05:00,93.05953993367982,94.23184960392932,92.728435249667,93.6054229736328,1112300,0.0,0.0
2018-11-19 00:00:00-05:00,93.23851649204332,93.31010244574318,90.54489784108074,90.9028549194336,1704300,0.0,0.0
2018-11-20 00:00:00-05:00,88.56720622962153,90.38383064423512,88.441922258094,89.4710464477539,936300,0.0,0.0
2018-11-21 00:00:00-05:00,90.81337963002804,91.4934906606049,90.5628048620918,90.84022521972656,890800,0.0,0.0
2018-11-23 00:00:00-05:00,89.40840257366789,90.911810200246,89.40840257366789,90.3748779296875,524800,0.0,0.0
2018-11-26 00:00:00-05:00,91.49349612864556,91.96778644823652,90.74179226230476,91.9409408569336,832300,0.0,0.0
2018-11-27 00:00:00-05:00,90.92076920784412,91.6456343245793,90.3301457051888,91.1534423828125,764200,0.0,0.0
2018-11-28 00:00:00-05:00,91.92304066750444,94.0439241853203,91.672472726789,93.88285064697266,695900,0.0,0.0
2018-11-29 00:00:00-05:00,93.69491808332212,93.94549285208848,92.68369551236334,93.0595474243164,782600,0.0,0.0
2018-11-30 00:00:00-05:00,92.7910781854934,92.96110251803384,92.17360235386836,92.7821273803711,698900,0.0,0.0
2018-12-03 00:00:00-05:00,94.41082633464949,94.48241912117231,93.7396593227918,94.222900390625,666900,0.0,0.0
2018-12-04 00:00:00-05:00,94.24080007148376,94.3660840406781,91.97673099287462,92.09307098388672,884200,0.0,0.0
2018-12-06 00:00:00-05:00,89.79319942923411,91.02815117508052,89.09518678721535,90.84022521972656,1596300,0.0,0.0
2018-12-07 00:00:00-05:00,91.89619586763185,92.37048616341464,89.73950910836058,90.13326263427734,683700,0.0,0.0
2018-12-10 00:00:00-05:00,90.8760143426393,91.61876729889408,89.9274270085966,91.18922424316406,871700,0.0,0.0
2018-12-11 00:00:00-05:00,92.01251880489556,92.08411158846096,90.41066611680388,90.88495635986328,981800,0.0,0.0
2018-12-12 00:00:00-05:00,92.74633667689216,93.31011453983236,92.43312675303648,92.47786712646484,830900,0.0,0.0
2018-12-13 00:00:00-05:00,92.73739568847796,93.11325446435777,92.04833378305082,92.58526611328124,1071800,0.0,0.0
2018-12-14 00:00:00-05:00,90.90286622208608,91.35031091879551,90.20485358761358,90.3748779296875,673500,0.0,0.0
2018-12-17 00:00:00-05:00,89.80213772536567,90.2764279505416,88.72827332223014,89.14887237548828,789900,0.0,0.0
2018-12-18 00:00:00-05:00,89.7753031577047,89.9990255047711,89.2115253009845,89.56053161621094,724800,0.0,0.0
2018-12-19 00:00:00-05:00,91.29660690484636,91.51138526090791,88.45980935297199,89.58737182617188,854400,0.0,0.0
2018-12-20 00:00:00-05:00,89.94533811761877,90.38383202466224,88.57615838825336,89.57843017578125,854000,0.0,0.0
2018-12-21 00:00:00-05:00,88.88040870498634,89.00569266600765,85.67670323895298,86.03466033935547,2155000,0.0,0.0
2018-12-24 00:00:00-05:00,85.78408590868165,86.74161715381656,85.01448059082031,85.01448059082031,405500,0.0,0.0
2018-12-26 00:00:00-05:00,85.2024247644425,88.12871712535899,84.84446761454144,88.03922271728516,559000,0.0,0.0
2018-12-27 00:00:00-05:00,87.43963341600804,88.64773261563312,86.48210213008728,88.58509063720703,978900,0.0,0.0
2018-12-28 00:00:00-05:00,89.49788287575,89.67685800890622,88.54035157569042,88.77301788330078,534500,0.0,0.0
2018-12-31 00:00:00-05:00,89.80215010070735,89.94533568217116,88.71933474387848,89.08624267578125,429300,0.0,0.0
2019-01-02 00:00:00-05:00,88.20924389760326,89.09518245186642,88.00341634082294,88.755126953125,506300,0.0,0.0
2019-01-03 00:00:00-05:00,86.56264544242761,86.65213300739943,85.41718139741218,85.42613220214844,807800,0.0,0.0
2019-01-04 00:00:00-05:00,87.10852742610854,88.77302218956599,86.72373155390305,88.36137390136719,1038100,0.0,0.0
2019-01-07 00:00:00-05:00,88.9878063828915,89.65897344995282,88.379281302324,89.22942352294922,861600,0.0,0.0
2019-01-08 00:00:00-05:00,90.7149369028755,90.81337527869626,89.87373871948498,90.6254425048828,548600,0.0,0.0
2019-01-09 00:00:00-05:00,91.9767228627374,92.32572914999528,91.53822900931712,91.86038970947266,516400,0.0,0.0
2019-01-10 00:00:00-05:00,91.77091051010387,92.54051593870024,91.35031140058445,92.47786712646484,663800,0.0,0.0
2019-01-11 00:00:00-05:00,91.45768840243583,91.6724667611846,90.90286137766124,91.26081848144533,576900,0.0,0.0
2019-01-14 00:00:00-05:00,90.0706209755494,90.85812120277748,90.0706209755494,90.48226928710938,629000,0.0,0.0
2019-01-15 00:00:00-05:00,90.24959393322705,91.72616279740988,90.24959393322705,91.66352081298828,443100,0.0,0.0
2019-01-16 00:00:00-05:00,91.03710951162604,91.8067081806826,91.01920789870329,91.50244903564452,442500,0.0,0.0
2019-01-17 00:00:00-05:00,91.6098403882814,93.0058658206794,91.54719839650625,92.73739624023438,338000,0.0,0.0
2019-01-18 00:00:00-05:00,94.17815802463696,94.97460904004502,93.62333096927564,94.62560272216795,484400,0.0,0.0
2019-01-22 00:00:00-05:00,92.6300058448928,92.91637018640752,92.07517194619228,92.46892547607422,680400,0.0,0.0
2019-01-23 00:00:00-05:00,93.7575484322174,93.95442516950978,92.7642275960428,93.15797424316406,539100,0.0,0.0
2019-01-24 00:00:00-05:00,94.46452121946464,94.50926841966412,93.71281741385496,94.32134246826172,1999100,0.0,0.0
2019-01-25 00:00:00-05:00,95.30572719873696,95.34152359632334,94.49137451544264,94.8672332763672,1036500,0.0,0.0
2019-01-28 00:00:00-05:00,94.76878476460416,96.92546457590794,94.32134008377736,95.69947052001952,2299600,0.0,0.0
2019-01-29 00:00:00-05:00,92.50471184178195,92.97005128598684,91.41294577455608,91.89618682861328,2048500,0.0,0.0
2019-01-30 00:00:00-05:00,91.24292083109152,92.30784138351405,90.3569822520608,91.74405670166016,1275500,0.0,0.0
2019-01-31 00:00:00-05:00,91.6993115948882,92.84476885560407,91.5561260235668,92.54945373535156,1027200,0.0,0.0
2019-02-01 00:00:00-05:00,92.90740952132688,93.56962571065682,92.60315042777064,93.02374267578124,566200,0.0,0.0
2019-02-04 00:00:00-05:00,92.34363220768977,93.32800910583876,92.11095907004822,93.25641632080078,564900,0.0,0.0
2019-02-05 00:00:00-05:00,94.7150965535947,95.19833767814954,94.5003249962808,95.0998992919922,709500,0.0,0.0
2019-02-06 00:00:00-05:00,94.9298745581102,95.01041133148104,94.16026908439808,94.20500946044922,349900,0.0,0.0
2019-02-07 00:00:00-05:00,92.97006886831498,93.2385384471627,92.08413018206151,92.58526611328124,659600,0.0,0.0
2019-02-08 00:00:00-05:00,92.98796218347256,93.4622524799757,92.64789983695,93.09534454345705,724500,0.0,0.0
2019-02-11 00:00:00-05:00,93.33697301614598,93.533842961447,92.79108990164632,93.14904022216795,636500,0.0,0.0
2019-02-12 00:00:00-05:00,93.54278324292638,94.0081295311906,93.31906090403965,93.63227081298828,794300,0.0,0.0
2019-02-13 00:00:00-05:00,94.24975135988971,95.06410399128848,94.17815856927932,94.19606018066406,385100,0.0,0.0
2019-02-14 00:00:00-05:00,94.58085073778156,95.11778294341002,94.19604807204615,94.80457305908205,494900,0.0,0.0
2019-02-15 00:00:00-05:00,95.52944480620144,95.61893238197902,94.72404296927456,95.5920867919922,328800,0.0,0.0
2019-02-19 00:00:00-05:00,94.91196748918954,95.7263201196,94.91196748918954,95.52049255371094,292700,0.0,0.0
2019-02-20 00:00:00-05:00,95.37731596607456,96.07532862086956,95.37731596607456,95.6278839111328,730400,0.0,0.0
2019-02-21 00:00:00-05:00,95.93213756514584,96.27219989472778,95.58313125765368,95.73526763916016,298400,0.0,0.0
2019-02-22 00:00:00-05:00,96.71964618431034,97.07760330311818,96.5943622168472,96.93441772460938,337100,0.0,0.0
2019-02-25 00:00:00-05:00,96.39749113608084,96.71070107318066,95.96794120272638,96.0484848022461,408200,0.0,0.0
2019-02-26 00:00:00-05:00,95.3415172708648,96.31694343738582,95.28782609177976,96.26325225830078,327300,0.0,0.0
2019-02-27 00:00:00-05:00,95.49364593068996,95.82475746267971,95.07304682524637,95.76211547851562,471400,0.0,0.0
2019-02-28 00:00:00-05:00,95.78896243752216,96.03953037776152,95.51154890760924,95.86949920654295,543300,0.0,0.0
2019-03-01 00:00:00-05:00,96.648050277134,97.16708774128772,96.3974823502912,96.98810577392578,473400,0.0,0.0
2019-03-04 00:00:00-05:00,96.64805294396028,96.6838493384204,95.40415725319347,96.0395278930664,404200,0.0,0.0
2019-03-05 00:00:00-05:00,96.30800587567512,96.88073458228769,96.03058550116938,96.6212158203125,269400,0.0,0.0
2019-03-06 00:00:00-05:00,96.88072424993952,96.89861903309686,96.15585922398316,96.28114318847656,270100,0.0,0.0
2019-03-07 00:00:00-05:00,96.13796808716832,96.1737644823047,94.9567143575249,95.1714859008789,306400,0.0,0.0
2019-03-08 00:00:00-05:00,95.5473443748154,96.69280861550526,95.47575840708738,96.6212158203125,537200,0.0,0.0
2019-03-11 00:00:00-04:00,95.44890328027076,96.57645896832086,95.44890328027076,96.3974838256836,476000,0.0,0.0
2019-03-12 00:00:00-04:00,96.075318255271,96.88072001139496,95.99477466592676,96.65699768066406,410300,0.0,0.0
2019-03-13 00:00:00-04:00,97.1133976187422,97.80246630094628,97.0686572438687,97.41766357421876,472400,0.0,0.0
2019-03-14 00:00:00-04:00,97.83826879280016,98.20516993046522,97.46241684861695,98.00829315185548,394200,0.0,0.0
2019-03-15 00:00:00-04:00,99.90545254957438,100.91667511854338,99.88755776557272,100.66610717773438,769100,0.0,0.0
2019-03-18 00:00:00-04:00,100.21867048656996,100.53188043761766,99.8070221469837,100.3529052734375,429600,0.0,0.0
2019-03-19 00:00:00-04:00,101.41781223510992,101.78471332035828,101.1046023263701,101.51625061035156,506100,0.0,0.0
2019-03-20 00:00:00-04:00,101.82947528237372,102.8317539631159,101.47151812300405,102.49169158935548,679600,0.0,0.0
2019-03-21 00:00:00-04:00,101.39991260708264,102.46483314508204,101.33727062410996,102.40219116210938,385000,0.0,0.0
2019-03-22 00:00:00-04:00,100.82719303061153,101.22094657471904,99.4132660562843,99.97705078125,780000,0.0,0.0
2019-03-25 00:00:00-04:00,99.699627457715,100.15601611820938,99.38641071791248,99.8696517944336,437200,0.0,0.0
2019-03-26 00:00:00-04:00,101.18514462747186,101.99054645648744,101.00616947767476,101.95475006103516,1123000,0.0,0.0
2019-03-27 00:00:00-04:00,101.73997432567351,102.02633865003368,100.80928856463694,101.6236343383789,1172700,0.0,0.0
2019-03-28 00:00:00-04:00,102.30375301361671,102.54537014063304,101.6415367882163,102.20531463623048,1867900,0.0,0.0
2019-03-29 00:00:00-04:00,103.87877038672524,103.94141237596617,103.01967732250786,103.32393646240234,1325700,0.0,0.0
2019-04-01 00:00:00-04:00,103.6013480726305,103.76242844587428,103.26129254132236,103.6460952758789,973200,0.0,0.0
2019-04-02 00:00:00-04:00,103.51185439793902,103.72663276792584,103.18074969227176,103.63713836669922,582000,0.0,0.0
2019-04-03 00:00:00-04:00,104.40675000990618,104.69311435948282,104.1651328636084,104.19197845458984,688800,0.0,0.0
2019-04-04 00:00:00-04:00,104.91683648555666,105.0242256767062,103.5924039320354,103.7624282836914,1130800,0.0,0.0
2019-04-05 00:00:00-04:00,102.46484743674046,102.94808858455887,102.43800184421694,102.56328582763672,686600,0.0,0.0
2019-04-08 00:00:00-04:00,102.34849641687094,102.86752704592456,101.8115573501487,102.8496322631836,868500,0.0,0.0
2019-04-09 00:00:00-04:00,99.69068646049608,99.76227925534972,98.68840781493908,98.76895141601562,1094500,0.0,0.0
2019-04-10 00:00:00-04:00,100.16498674344378,100.57663511360884,99.87862236300435,100.46924591064452,834100,0.0,0.0
2019-04-11 00:00:00-04:00,100.388683938017,100.57660987544836,100.09336882456904,100.52291870117188,508100,0.0,0.0
2019-04-12 00:00:00-04:00,100.81824299680804,100.81824299680804,100.38869308108325,100.51397705078124,354100,0.0,0.0
2019-04-15 00:00:00-04:00,100.46028612556682,101.22989155706536,100.42448973021057,100.94352722167967,638000,0.0,0.0
2019-04-16 00:00:00-04:00,100.42449454792424,100.45134013886322,99.42221591225945,99.51170349121094,1081400,0.0,0.0
2019-04-17 00:00:00-04:00,100.94352849906086,100.94352849906086,100.23656504362349,100.5050277709961,881000,0.0,0.0
2019-04-18 00:00:00-04:00,100.94352017019958,101.43570521017136,100.6571558548181,101.09564971923828,485500,0.0,0.0
2019-04-22 00:00:00-04:00,100.80929438231396,102.01739373206928,100.80929438231396,101.8294677734375,418100,0.0,0.0
2019-04-23 00:00:00-04:00,101.6057367720721,102.822786824133,101.5878351618414,102.7332992553711,770700,0.0,0.0
2019-04-24 00:00:00-04:00,112.59498765214944,116.47881132320332,112.4070616914078,115.5123291015625,4694100,0.0,0.0
2019-04-25 00:00:00-04:00,113.70463890615405,115.70023833818745,113.52566376669895,115.4854736328125,2788400,0.0,0.0
2019-04-26 00:00:00-04:00,115.011183488255,115.02012746601233,114.02679973783566,114.08049774169922,1387200,0.0,0.0
2019-04-29 00:00:00-04:00,113.70463890615405,115.61970157367185,113.66884251277024,115.4854736328125,1894800,0.0,0.0
2019-04-30 00:00:00-04:00,114.12524044372032,115.35123451297711,114.12524044372032,115.31544494628906,903600,0.0,0.0
2019-05-01 00:00:00-04:00,115.49443502713235,116.290886124501,114.39372478131496,114.42057037353516,748600,0.0,0.0
2019-05-02 00:00:00-04:00,113.7135929536126,114.0983956591302,112.44285167584349,112.73816680908205,721500,0.0,0.0
2019-05-03 00:00:00-04:00,113.19455092525014,114.12523665995744,112.85449543327518,114.00890350341795,441100,0.0,0.0
2019-05-06 00:00:00-04:00,112.05806283509008,113.25721147241904,111.9327788529054,113.13192749023438,408300,0.0,0.0
2019-05-07 00:00:00-04:00,111.7179831756525,111.9059159473188,109.85661851654449,110.4919891357422,707500,0.0,0.0
2019-05-08 00:00:00-04:00,110.7246773731864,111.64641243693988,110.50095500518935,111.2347640991211,674200,0.0,0.0
2019-05-09 00:00:00-04:00,111.23475181580493,111.59270210310096,110.25931884877014,111.29739379882812,1096600,0.0,0.0
2019-05-10 00:00:00-04:00,111.64640241734745,112.57708820398751,110.42040149286244,112.53234100341795,867400,0.0,0.0
2019-05-13 00:00:00-04:00,111.29739268118055,111.5390098054255,110.20562656448448,110.28616333007812,509500,0.0,0.0
2019-05-14 00:00:00-04:00,110.6441206480786,112.46969577371787,110.59937344880024,112.04014587402344,924700,0.0,0.0
2019-05-15 00:00:00-04:00,111.32424424013897,113.52567137479524,111.297398650168,112.90819549560548,936900,0.0,0.0
2019-05-16 00:00:00-04:00,115.85257449595514,118.0205010516092,115.81629036659602,117.11341857910156,751500,1.696,0.0
2019-05-17 00:00:00-04:00,116.23355475977036,116.71430739305772,115.39904049366812,115.52603149414062,455500,0.0,0.0
2019-05-20 00:00:00-04:00,113.18575580860086,114.04748835543018,112.73221454831923,113.5576629638672,1040200,0.0,0.0
2019-05-21 00:00:00-04:00,115.45345972448963,115.84350547709226,114.89107300247446,115.11784362792967,705600,0.0,0.0
2019-05-22 00:00:00-04:00,116.07027699451277,117.01364363411486,115.84350636731487,116.74151611328124,695600,0.0,0.0
2019-05-23 00:00:00-04:00,115.1722624098258,115.2085465391119,114.21075720545925,114.83663940429688,431200,0.0,0.0
2019-05-24 00:00:00-04:00,115.75279334877682,116.03398669700113,115.44438171352344,115.6620864868164,271200,0.0,0.0
2019-05-28 00:00:00-04:00,114.86385603676068,115.6258089457184,114.25611241446072,114.29239654541016,500500,0.0,0.0
2019-05-29 00:00:00-04:00,113.3308909773092,113.3308909773092,112.11539681564729,112.70500183105467,640000,0.0,0.0
2019-05-30 00:00:00-04:00,112.65964363391404,113.6302216312511,112.6142936612476,113.312744140625,405100,0.0,0.0
2019-05-31 00:00:00-04:00,111.85234000271078,112.02468789094604,111.444155649037,111.64371490478516,684300,0.0,0.0
2019-06-03 00:00:00-04:00,112.86828262268338,113.11319186757652,110.77292413468518,111.42601776123048,970500,0.0,0.0
2019-06-04 00:00:00-04:00,112.46916336297888,114.18354882771492,111.7888514509252,114.13819885253906,1238500,0.0,0.0
2019-06-05 00:00:00-04:00,115.4353188733311,115.47160300315676,113.95676999501876,114.52823638916016,813900,0.0,0.0
2019-06-06 00:00:00-04:00,113.82071385078748,115.05433966990915,113.53044773090764,114.7368621826172,914600,0.0,0.0
2019-06-07 00:00:00-04:00,116.32426725549112,117.7393137710143,116.07935109981032,117.59417724609376,808100,0.0,0.0
2019-06-10 00:00:00-04:00,117.71209745678544,118.5284661534455,117.39461305198417,117.40367889404295,348600,0.0,0.0
2019-06-11 00:00:00-04:00,117.53975203032346,117.64859750122766,115.8888621568705,116.45125579833984,562000,0.0,0.0
2019-06-12 00:00:00-04:00,115.90700371759569,116.71430660967673,115.88886511214584,116.38775634765624,899900,0.0,0.0
2019-06-13 00:00:00-04:00,117.34925731485896,117.35833699798737,116.4693861921855,116.84129333496094,451700,0.0,0.0
2019-06-14 00:00:00-04:00,116.17913880479648,116.26077291536988,115.5532496084368,115.78909301757812,426600,0.0,0.0
2019-06-17 00:00:00-04:00,116.6598910790198,117.15878926583802,116.3877635370297,116.52383422851562,516700,0.0,0.0
2019-06-18 00:00:00-04:00,119.39926938442284,120.11585844226596,118.90943710201566,119.52626037597656,921900,0.0,0.0
2019-06-19 00:00:00-04:00,118.945738968421,119.69861914430578,118.55568627540497,119.58975982666016,430100,0.0,0.0
2019-06-20 00:00:00-04:00,122.1658777723586,122.274737096091,120.88690182709598,121.91189575195312,908200,0.0,0.0
2019-06-21 00:00:00-04:00,121.52184322351052,121.98445031420144,121.0229450819926,121.86653900146484,1456100,0.0,0.0
2019-06-24 00:00:00-04:00,122.75547282482414,122.81896140067248,122.1840064372884,122.39263153076172,715600,0.0,0.0
2019-06-25 00:00:00-04:00,123.48115376208553,123.4992854478435,120.56941264407423,120.65104675292967,677800,0.0,0.0
2019-06-26 00:00:00-04:00,121.50370279341216,122.50149911829112,121.37671179215312,121.5762710571289,3671600,0.0,0.0
2019-06-27 00:00:00-04:00,121.24972227768544,122.4107868294285,121.05924269395172,122.1658706665039,1819600,0.0,0.0
2019-06-28 00:00:00-04:00,123.30880614525672,124.71478688971156,123.14552408618728,124.08889770507812,3042600,0.0,0.0
2019-07-01 00:00:00-04:00,125.81233611946143,126.09352947127216,125.1229584233778,125.4495086669922,2370200,0.0,0.0
2019-07-02 00:00:00-04:00,125.5946517620216,126.61964559736934,125.56742655272946,126.4019546508789,993200,0.0,0.0
2019-07-03 00:00:00-04:00,127.24551418873877,127.55391887375194,126.85547541198298,127.15480041503906,1097000,0.0,0.0
2019-07-05 00:00:00-04:00,125.21366570950484,125.43137049834236,124.351940078617,125.32252502441406,472200,0.0,0.0
2019-07-08 00:00:00-04:00,125.46765503258892,125.82141664545982,125.1320251037769,125.61277770996094,477100,0.0,0.0
2019-07-09 00:00:00-04:00,124.78735273823534,125.49487601820522,124.66942757791328,125.4313735961914,471600,0.0,0.0
2019-07-10 00:00:00-04:00,124.78735392886809,125.51300890121024,124.45172397112938,124.86898803710938,675900,0.0,0.0
2019-07-11 00:00:00-04:00,124.22494575198893,124.7147780535105,123.72604760820974,124.65127563476562,525600,0.0,0.0
2019-07-12 00:00:00-04:00,123.5899892551442,124.18866702034384,123.39949584222416,124.06167602539062,486500,0.0,0.0
2019-07-15 00:00:00-04:00,124.1070283936474,124.58778098851408,123.81675536377628,124.38822174072266,384000,0.0,0.0
2019-07-16 00:00:00-04:00,122.7373350780965,123.43579250257233,122.4017189706774,122.5649871826172,595700,0.0,0.0
2019-07-17 00:00:00-04:00,123.07295183109592,123.3813704124572,121.50370291941448,121.74861907958984,735500,0.0,0.0
2019-07-18 00:00:00-04:00,114.98178110634046,116.47846863455491,113.93863483391884,115.58045196533205,3146800,0.0,0.0
2019-07-19 00:00:00-04:00,114.455678623547,114.6189537624875,112.90456826385768,113.04969787597656,1481700,0.0,0.0
2019-07-22 00:00:00-04:00,114.1472579572064,114.27425587347784,112.95898210218648,113.23110961914062,1492400,0.0,0.0
2019-07-23 00:00:00-04:00,113.48509199615232,114.08376284679846,113.0315507466818,113.95677185058594,871000,0.0,0.0
2019-07-24 00:00:00-04:00,115.4534687073788,115.78001898708088,114.990854657719,115.7528076171875,748300,0.0,0.0
2019-07-25 00:00:00-04:00,115.01805664526576,115.06340661516312,113.48508510064396,113.73906707763672,669900,0.0,0.0
2019-07-26 00:00:00-04:00,115.0815613264817,115.42625019127556,114.94549756494794,115.1904067993164,366900,0.0,0.0
2019-07-29 00:00:00-04:00,115.7618798112198,115.7618798112198,114.46475146225336,114.68244934082033,440500,0.0,0.0
2019-07-30 00:00:00-04:00,112.34217050355552,112.50544563657036,111.19924457245163,111.57115173339844,708000,0.0,0.0
2019-07-31 00:00:00-04:00,112.72313850936912,113.2401752542442,110.74569839519086,111.59835815429688,465100,0.0,0.0
2019-08-01 00:00:00-04:00,112.08818480694843,113.71186332050144,111.21738643306628,111.6346435546875,618700,0.0,0.0
2019-08-02 00:00:00-04:00,111.18111276581462,111.31717653839608,109.93840712629064,110.37380981445312,656800,0.0,0.0
2019-08-05 00:00:00-04:00,108.8680445221018,108.98596968262495,106.91782257749696,107.69791412353516,759600,0.0,0.0
2019-08-06 00:00:00-04:00,106.9813164845854,107.50741909576564,105.6660426554084,106.71826171875,921500,0.0,0.0
2019-08-07 00:00:00-04:00,107.95189777607912,109.33066022702384,107.30786998671428,109.27623748779295,1024900,0.0,0.0
2019-08-08 00:00:00-04:00,109.56650941173868,110.50080339377809,109.4667297708907,110.22867584228516,475900,0.0,0.0
2019-08-09 00:00:00-04:00,108.26937677689082,108.91340457510576,107.54370794821692,108.62313842773438,403000,0.0,0.0
2019-08-12 00:00:00-04:00,108.38729283266812,108.80454997856197,107.75233781076244,108.03353118896484,240900,0.0,0.0
2019-08-13 00:00:00-04:00,107.75233304166406,110.1742417015134,107.55277378061452,109.69348907470705,681900,0.0,0.0
2019-08-14 00:00:00-04:00,106.65477765590694,107.09924620836792,105.72954949471242,106.01074981689452,776700,0.0,0.0
2019-08-15 00:00:00-04:00,106.56405457377284,107.36228467811738,105.79302891651376,106.27378845214844,589600,0.0,0.0
2019-08-16 00:00:00-04:00,106.98132351689948,108.30566327573528,106.97225075320792,107.92469024658205,295800,0.0,0.0
2019-08-19 00:00:00-04:00,109.0766721982434,109.08574496111154,108.37822170818518,108.57777404785156,279400,0.0,0.0
2019-08-20 00:00:00-04:00,107.83396762407956,107.92468141258786,106.981314760123,107.02666473388672,341500,0.0,0.0
2019-08-21 00:00:00-04:00,110.19239046220336,110.57336346966903,109.7479150330028,109.97468566894533,639100,0.0,0.0
2019-08-22 00:00:00-04:00,109.01318367885392,109.19459742488964,107.71605532527518,108.36915588378906,348800,0.0,0.0
2019-08-23 00:00:00-04:00,108.16052494234324,109.02225754596346,106.41892804900276,106.600341796875,393400,0.0,0.0
2019-08-26 00:00:00-04:00,107.6706997795718,107.8158363146142,107.05388334662342,107.76141357421876,329500,0.0,0.0
2019-08-27 00:00:00-04:00,109.69349412362853,109.87490786721062,108.160522384544,108.80455017089844,447500,0.0,0.0
2019-08-28 00:00:00-04:00,107.2443786640466,107.89747232174425,106.5005712101075,107.40765380859376,461700,0.0,0.0
2019-08-29 00:00:00-04:00,108.48707633180054,109.12203829681356,108.24216707762514,108.74105834960938,322700,0.0,0.0
2019-08-30 00:00:00-04:00,109.5574300144653,109.62092551657037,107.57998976542012,108.07888793945312,598100,0.0,0.0
2019-09-03 00:00:00-04:00,107.77048160810816,108.11517742559558,107.1173810281226,107.3169403076172,514500,0.0,0.0
2019-09-04 00:00:00-04:00,108.68662737392816,109.44858029011472,108.40543400701512,109.34880065917967,532600,0.0,0.0
2019-09-05 00:00:00-04:00,111.3081022873955,112.10633246445424,111.03598166635976,111.8432846069336,568700,0.0,0.0
2019-09-06 00:00:00-04:00,111.40787982018392,111.66186182988278,110.5098700228942,110.60964965820312,329100,0.0,0.0
2019-09-09 00:00:00-04:00,111.17204386407454,111.26275766260736,109.82049269592792,110.26496124267578,513400,0.0,0.0
2019-09-10 00:00:00-04:00,108.3782308676583,109.55743408203124,107.86119406832373,109.55743408203124,600900,0.0,0.0
2019-09-11 00:00:00-04:00,108.84991823831156,109.23089129122768,108.45079965688048,108.7864227294922,1057800,0.0,0.0
2019-09-12 00:00:00-04:00,109.33973519775785,110.06539711061876,108.91340527720048,109.64813995361328,492000,0.0,0.0
2019-09-13 00:00:00-04:00,108.82269523531906,108.88619073735218,107.80676028229864,107.9065399169922,525900,0.0,0.0
2019-09-16 00:00:00-04:00,106.2284360492879,106.7726841852768,105.99259265284618,106.59127044677734,437200,0.0,0.0
2019-09-17 00:00:00-04:00,107.85211609189346,108.95875790517287,107.73419093181217,108.85897827148438,376700,0.0,0.0
2019-09-18 00:00:00-04:00,108.48707833701836,108.96783101111262,107.53464575263096,108.55964660644533,371000,0.0,0.0
2019-09-19 00:00:00-04:00,109.14017294056,109.50300734732228,108.65942029280848,108.67755889892578,299700,0.0,0.0
2019-09-20 00:00:00-04:00,108.49613529283435,109.60277701863814,107.97002579688012,108.30564880371094,1143900,0.0,0.0
2019-09-23 00:00:00-04:00,107.81582768554966,108.26936894052152,107.60719566324686,107.85211181640624,644000,0.0,0.0
2019-09-24 00:00:00-04:00,108.5596399235712,108.79548332444492,107.30786849522428,107.65255737304688,996400,0.0,0.0
2019-09-25 00:00:00-04:00,106.3554215611266,106.58219218279211,105.44833907446454,106.36449432373048,1036200,0.0,0.0
2019-09-26 00:00:00-04:00,106.60033514866836,107.13551743634888,106.12865528132274,106.72733306884766,1813500,0.0,0.0
2019-09-27 00:00:00-04:00,107.91560611357475,107.9972402167253,105.8837432516642,106.52777099609376,1339800,0.0,0.0
2019-09-30 00:00:00-04:00,106.36449528659736,107.3441391214881,106.18307463532852,106.91781616210938,1270000,0.0,0.0
2019-10-01 00:00:00-04:00,107.14458824130888,107.14458824130888,105.51183696016084,106.26471710205078,799100,0.0,0.0
2019-10-02 00:00:00-04:00,104.18750295200506,104.33263256233248,102.44590610513193,103.09900665283205,702700,0.0,0.0
2019-10-03 00:00:00-04:00,103.4527708047782,104.55940573689362,102.40055169230308,104.41427612304688,505500,0.0,0.0
2019-10-04 00:00:00-04:00,104.29635432701136,104.68640009914546,103.79745615783148,104.65011596679688,803700,0.0,0.0
2019-10-07 00:00:00-04:00,103.4709035736232,104.3598474950608,103.4709035736232,103.8881607055664,637700,0.0,0.0
2019-10-08 00:00:00-04:00,103.29855152821628,103.80652242883674,102.31890769803503,102.40961456298828,797800,0.0,0.0
2019-10-09 00:00:00-04:00,105.08551658570585,105.89281953653897,104.84060733161226,105.26693725585938,1061600,0.0,0.0
2019-10-10 00:00:00-04:00,104.2782050060379,105.36670817541456,103.91537061624568,104.541259765625,1062100,0.0,0.0
2019-10-11 00:00:00-04:00,114.03841256573456,116.01585268489777,113.8116419416126,114.47380828857422,2234300,0.0,0.0
2019-10-14 00:00:00-04:00,114.23796604329856,114.80035273355792,114.05654540088436,114.3377456665039,877700,0.0,0.0
2019-10-15 00:00:00-04:00,114.1381948075762,116.00678257857216,113.81164454772389,115.36275482177734,830900,0.0,0.0
2019-10-16 00:00:00-04:00,116.87758396587962,117.26762279155078,116.53288819176626,116.75965881347656,1091500,0.0,0.0
2019-10-17 00:00:00-04:00,117.87536326177816,118.02956561952232,116.42403962602016,116.65081024169922,972200,0.0,0.0
2019-10-18 00:00:00-04:00,117.72117467141244,117.8844567311066,116.06121190959308,117.13157653808594,1655800,0.0,0.0
2019-10-21 00:00:00-04:00,120.62383145677792,120.93225003738362,119.07272807508969,120.3789291381836,1210500,0.0,0.0
2019-10-22 00:00:00-04:00,120.92317943101872,121.53092311330496,119.35393040538466,119.5534896850586,1092200,0.0,0.0
2019-10-23 00:00:00-04:00,118.74617129135942,119.58975135773132,118.70081439896752,119.42648315429688,709100,0.0,0.0
2019-10-24 00:00:00-04:00,119.2541362468508,119.89815706476992,119.18156798662407,119.54439544677734,809400,0.0,0.0
2019-10-25 00:00:00-04:00,119.14528570822716,119.94350885480182,118.78244442252976,119.61695861816406,569200,0.0,0.0
2019-10-28 00:00:00-04:00,120.2519434921458,120.81433025897384,120.07959558850968,120.43335723876952,440900,0.0,0.0
2019-10-29 00:00:00-04:00,119.59884121983492,120.12493692521984,119.42649331866542,119.49906158447266,513800,0.0,0.0
2019-10-30 00:00:00-04:00,119.9707376116714,121.09552499890911,118.99108675975118,120.8506088256836,485100,0.0,0.0
2019-10-31 00:00:00-04:00,120.3970507898445,120.86873754353756,119.9616550854247,120.26099395751952,413800,0.0,0.0
2019-11-01 00:00:00-04:00,121.48555135216758,121.7848902350566,120.91409879481616,121.26786041259766,1526900,0.0,0.0
2019-11-04 00:00:00-05:00,122.44708201802077,122.6647729782121,121.79398145548338,121.97539520263672,468600,0.0,0.0
2019-11-05 00:00:00-05:00,121.15902017425036,121.29507701735628,120.3335717501253,121.14994049072266,486100,0.0,0.0
2019-11-06 00:00:00-05:00,122.32915282519532,122.65570309570955,121.9028229208856,122.55592346191406,457600,0.0,0.0
2019-11-07 00:00:00-05:00,122.18402123016888,123.08203797059404,122.11145296257052,122.52871704101562,269200,0.0,0.0
2019-11-08 00:00:00-05:00,122.8099124928488,123.7623519897461,122.5559304724738,123.7623519897461,327000,0.0,0.0
2019-11-11 00:00:00-05:00,123.32694689802234,124.37915211392584,123.32694689802234,124.07074737548828,448700,0.0,0.0
2019-11-12 00:00:00-05:00,123.11829828575728,123.5899850399161,122.61033432326929,122.791748046875,582600,0.0,0.0
2019-11-13 00:00:00-05:00,121.97538461472064,122.28378934220882,121.66697988723249,121.82118225097656,450700,0.0,0.0
2019-11-14 00:00:00-05:00,121.68511678423762,122.03887841997629,121.36764620092303,121.92096710205078,345400,0.0,0.0
2019-11-15 00:00:00-05:00,121.79397838807031,123.04574290058956,121.62163048827168,122.89154052734376,383800,0.0,0.0
2019-11-18 00:00:00-05:00,121.73047823924954,123.16367036210298,121.24972558398002,122.61941528320312,731900,0.0,0.0
2019-11-19 00:00:00-05:00,124.27936515100716,124.28844483400157,122.79175044284528,123.12738037109376,423600,0.0,0.0
2019-11-20 00:00:00-05:00,122.71917115662816,123.32692854147388,121.77581155565048,122.45612335205078,300900,0.0,0.0
2019-11-21 00:00:00-05:00,122.85525583067488,123.29971739678211,122.60127383833348,122.84617614746094,273500,0.0,0.0
2019-11-22 00:00:00-05:00,123.57184918332592,123.75326292112516,122.65570081080205,122.82804870605467,225800,0.0,0.0
2019-11-25 00:00:00-05:00,123.172723422145,123.58092160944774,122.81896180986811,123.12738037109376,278700,0.0,0.0
2019-11-26 00:00:00-05:00,122.82805167767673,123.23623605784562,122.33821934868897,122.7645492553711,660500,0.0,0.0
2019-11-27 00:00:00-05:00,122.3926391261593,123.01852828640055,122.0298116505608,122.82804870605467,443900,0.0,0.0
2019-11-29 00:00:00-05:00,122.8733942943976,123.59904917882255,122.8098918794716,123.31785583496094,227700,0.0,0.0
2019-12-02 00:00:00-05:00,122.39264927868838,122.39264927868838,120.05238833728458,121.0501708984375,626900,0.0,0.0
2019-12-03 00:00:00-05:00,120.51498627708796,121.7758304483892,120.2700701169126,121.74861907958984,654800,0.0,0.0
2019-12-04 00:00:00-05:00,122.67383969765928,123.01852162852909,122.32914392580923,122.94595336914062,354600,0.0,0.0
2019-12-05 00:00:00-05:00,122.93689308940318,122.98224998369568,122.00259919909747,122.32008361816406,486700,0.0,0.0
2019-12-06 00:00:00-05:00,122.91873039085056,122.95502143760676,122.16585034191677,122.45612335205078,347100,0.0,0.0
2019-12-09 00:00:00-05:00,122.56499909593066,122.9822631908587,122.2747398550531,122.32916259765624,227500,0.0,0.0
2019-12-10 00:00:00-05:00,121.77582899858729,122.60127741829022,121.64883799870844,122.18401336669922,300600,0.0,0.0
2019-12-11 00:00:00-05:00,121.7758263141322,122.59219503235984,121.63976947475446,122.37450408935548,262400,0.0,0.0
2019-12-12 00:00:00-05:00,122.52871487392436,124.17053210647671,122.2837987052343,123.99818420410156,680000,0.0,0.0
2019-12-13 00:00:00-05:00,124.29753073511498,125.84864811063576,123.98004628063956,125.63094329833984,745400,0.0,0.0
2019-12-16 00:00:00-05:00,125.7488395110389,126.51985125852984,125.68533709837418,126.43821716308594,497100,0.0,0.0
2019-12-17 00:00:00-05:00,123.18180886977686,123.24529744880786,121.46742346220852,121.58533477783205,1439300,0.0,0.0
2019-12-18 00:00:00-05:00,120.93225421560872,121.30414754813164,120.28821950439416,120.99574279785156,663700,0.0,0.0
2019-12-19 00:00:00-05:00,120.66918168184426,121.12272292362854,120.43334521886936,120.71453857421876,454100,0.0,0.0
2019-12-20 00:00:00-05:00,121.48555751884852,121.94817847087828,121.10458451428237,121.92096710205078,474300,0.0,0.0
2019-12-23 00:00:00-05:00,120.78711032875276,121.8483952043182,120.66918517336303,121.3404312133789,296800,0.0,0.0
2019-12-24 00:00:00-05:00,121.65789881920364,121.87560359900098,121.18622589111328,121.18622589111328,117900,0.0,0.0
2019-12-26 00:00:00-05:00,121.47648702169374,122.07516479492188,121.47648702169374,122.07516479492188,170000,0.0,0.0
2019-12-27 00:00:00-05:00,123.25437081121258,123.26343665318612,122.22029734604406,122.43798828125,357200,0.0,0.0
2019-12-30 00:00:00-05:00,122.14774153093484,122.14774153093484,120.61476978145,120.99574279785156,257200,0.0,0.0
2019-12-31 00:00:00-05:00,120.79617896719682,121.62162739207037,120.73269038735016,121.5399932861328,299300,0.0,0.0
2020-01-02 00:00:00-05:00,122.8371096832968,124.39729268034078,122.8189641579413,124.09795379638672,2967500,0.0,0.0
2020-01-03 00:00:00-05:00,120.91408964444102,122.383558739255,120.91408964444102,121.53089904785156,507800,0.0,0.0
2020-01-06 00:00:00-05:00,120.78712418043033,121.74862953654085,120.75991280929377,121.73048400878906,442900,0.0,0.0
2020-01-07 00:00:00-05:00,121.6216326635991,121.86654883300834,121.04110037235682,121.2043685913086,621200,0.0,0.0
2020-01-08 00:00:00-05:00,121.45835239516708,122.92783559231572,121.3313613871154,122.52871704101562,513300,0.0,0.0
2020-01-09 00:00:00-05:00,123.80768952196026,124.53334441467835,123.47205960104928,124.38822174072266,457800,0.0,0.0
2020-01-10 00:00:00-05:00,124.76921045738754,125.2408972699644,124.07981884493331,124.25216674804688,464000,0.0,0.0
2020-01-13 00:00:00-05:00,124.85992220138908,125.66722521249096,124.56966294845616,125.47674560546876,555500,0.0,0.0
2020-01-14 00:00:00-05:00,124.72384857566848,125.11388742208877,124.29751867689498,124.49707794189452,342100,0.0,0.0
2020-01-15 00:00:00-05:00,124.56963759782856,124.88710815858616,123.53556413291336,123.72604370117188,491700,0.0,0.0
2020-01-16 00:00:00-05:00,123.97098415759903,124.56966202864268,123.28160632611366,124.53337097167967,1074900,0.0,0.0
2020-01-17 00:00:00-05:00,126.12074838487844,126.98248785777226,125.85770054224518,126.9552764892578,507500,0.0,0.0
2020-01-21 00:00:00-05:00,125.99377035032327,127.16391468078288,125.99377035032327,126.57430267333984,579500,0.0,0.0
2020-01-22 00:00:00-05:00,127.3090378637512,127.59929707431256,126.45637807607196,126.61058044433594,473100,0.0,0.0
2020-01-23 00:00:00-05:00,125.54928319844812,125.67627418575776,123.98910030237,125.30436706542967,622100,0.0,0.0
2020-01-24 00:00:00-05:00,126.69221401876666,127.08226670001932,125.81234286631532,126.1388931274414,595700,0.0,0.0
2020-01-27 00:00:00-05:00,122.3382104487936,127.39973238122248,122.2202991374888,123.5899887084961,1275600,0.0,0.0
2020-01-28 00:00:00-05:00,120.16123411724678,120.3789389257903,118.85503294795004,120.15216827392578,2188800,0.0,0.0
2020-01-29 00:00:00-05:00,119.62605839828886,120.0977313874676,119.1634374114261,119.41741943359376,1368500,0.0,0.0
2020-01-30 00:00:00-05:00,118.2563430989204,119.10900287791968,117.96608389131384,118.80059814453124,1631500,0.0,0.0
2020-01-31 00:00:00-05:00,119.8256078279761,119.8981622503604,118.09307687270444,118.6191864013672,1023600,0.0,0.0
2020-02-03 00:00:00-05:00,119.57162160657916,120.5603382081968,119.4174054017576,120.31542205810548,536300,0.0,0.0
2020-02-04 00:00:00-05:00,122.32915377303776,123.43579559607828,122.16587171602484,122.89154052734376,418400,0.0,0.0
2020-02-05 00:00:00-05:00,124.7147780535105,124.7238438957681,123.64441350494964,124.65127563476562,663700,0.0,0.0
2020-02-06 00:00:00-05:00,123.44486739657276,124.18868177034255,123.09110573711644,123.80770874023438,497800,0.0,0.0
2020-02-07 00:00:00-05:00,123.31787730513072,123.3813797311128,122.12960130787428,122.51057434082033,511700,0.0,0.0
2020-02-10 00:00:00-05:00,122.16586625376048,122.79175540252608,122.16586625376048,122.66476440429688,381200,0.0,0.0
2020-02-11 00:00:00-05:00,123.81676468757588,124.56057900189737,123.53557131932588,123.86212158203124,454100,0.0,0.0
2020-02-12 00:00:00-05:00,125.53115012977028,125.63999560369858,124.8236268672745,125.32252502441406,464800,0.0,0.0
2020-02-13 00:00:00-05:00,123.61721236135348,124.90526795847396,123.60814651834605,124.67849731445312,365800,0.0,0.0
2020-02-14 00:00:00-05:00,124.27937327655918,125.05946481117068,124.0707481687506,124.66942596435548,289800,0.0,0.0
2020-02-18 00:00:00-05:00,124.3065857403352,125.18645691529798,124.27937437129356,124.95968627929688,457000,0.0,0.0
2020-02-19 00:00:00-05:00,125.62185932215276,126.90991480010398,125.58556827151727,126.71942138671876,499500,0.0,0.0
2020-02-20 00:00:00-05:00,125.948415433365,126.44729975448249,124.84177363415778,125.5674285888672,524000,0.0,0.0
2020-02-21 00:00:00-05:00,124.49707913082868,124.68757255504964,123.30880321306228,123.9346923828125,379400,0.0,0.0
2020-02-24 00:00:00-05:00,118.22005843615452,119.66231622283333,118.13842433675306,118.75523376464844,676500,0.0,0.0
2020-02-25 00:00:00-05:00,118.75523610177945,118.93664982879068,115.70743842865762,115.90699768066406,837300,0.0,0.0
2020-02-26 00:00:00-05:00,116.72337112311952,117.75745847522742,114.9273516229472,115.10877227783205,802800,0.0,0.0
2020-02-27 00:00:00-05:00,113.58488172782138,116.35148636387156,112.9589925333236,113.21297454833984,1581300,0.0,0.0
2020-02-28 00:00:00-05:00,109.956545605875,112.6505818324476,109.20366544360571,112.08818817138672,1389900,0.0,0.0
2020-03-02 00:00:00-05:00,112.5961481995682,114.8819999743514,110.52800120747216,114.7731475830078,931600,0.0,0.0
2020-03-03 00:00:00-05:00,115.4171808362981,117.14063905213676,111.53486865944524,112.29682159423828,907000,0.0,0.0
2020-03-04 00:00:00-05:00,113.367177135821,114.06562763577176,111.88862818944024,113.98399353027344,840200,0.0,0.0
2020-03-05 00:00:00-05:00,111.15389702539898,112.31496158753065,109.04946577641266,110.01097106933594,1395200,0.0,0.0
2020-03-06 00:00:00-05:00,109.09481237343252,111.02690258321738,108.55963700484736,110.20145416259766,1255800,0.0,0.0
2020-03-09 00:00:00-04:00,103.05365430420858,105.3939290632381,100.2779837744937,101.13970947265624,1571800,0.0,0.0
2020-03-10 00:00:00-04:00,106.56405763084842,107.552774257077,103.19877538731464,107.02666473388672,1521900,0.0,0.0
2020-03-11 00:00:00-04:00,104.5956948226134,105.23972265312392,100.68617094029948,102.15564727783205,1626600,0.0,0.0
2020-03-12 00:00:00-04:00,95.9874848088576,97.73815458308188,91.32508058702552,92.01446533203124,1746100,0.0,0.0
2020-03-13 00:00:00-04:00,97.70186212195418,98.46381507424438,90.916888419822,98.28239440917967,1819600,0.0,0.0
2020-03-16 00:00:00-04:00,84.74872727995444,93.52928709215185,84.73965451625065,88.43148040771484,1344500,0.0,0.0
2020-03-17 00:00:00-04:00,88.62197005868019,93.42043799511843,86.48125450123916,93.39322662353516,1561500,0.0,0.0
2020-03-18 00:00:00-04:00,86.38147421896687,88.94851257403518,84.56730912028051,87.941650390625,1067200,0.0,0.0
2020-03-19 00:00:00-04:00,83.90514011120453,87.23413157686096,82.45380934202784,85.38368225097656,1753800,0.0,0.0
2020-03-20 00:00:00-04:00,87.56975055558223,89.81931141305034,85.08434629643918,85.53788757324219,1372400,0.0,0.0
2020-03-23 00:00:00-04:00,88.88501018106561,91.60625761811436,88.1139914579998,89.1843490600586,1974900,0.0,0.0
2020-03-24 00:00:00-04:00,97.07598305403556,97.4841744025982,94.12796441432413,96.12355041503906,1608000,0.0,0.0
2020-03-25 00:00:00-04:00,94.753853021177,98.86293632848682,92.97597185327098,96.51359558105467,1012200,0.0,0.0
2020-03-26 00:00:00-04:00,99.41624217609716,104.61382802768152,99.41624217609716,104.541259765625,1978300,0.0,0.0
2020-03-27 00:00:00-04:00,100.24169783427432,102.47312015018662,98.69965329627614,100.03306579589844,881300,0.0,0.0
2020-03-30 00:00:00-04:00,101.67487303973962,102.61823966033172,100.54101992659866,102.40961456298828,605100,0.0,0.0
2020-03-31 00:00:00-04:00,100.81315250872376,102.7180244504396,99.9695654733294,100.2326202392578,1138600,0.0,0.0
2020-04-01 00:00:00-04:00,97.16668346686332,97.91049086741394,95.09852947754872,95.72441864013672,1070500,0.0,0.0
2020-04-02 00:00:00-04:00,94.19145746780616,96.21425478825476,93.6290706633923,95.23460388183594,1026700,0.0,0.0
2020-04-03 00:00:00-04:00,95.02596985177873,95.74256589655693,94.1823828036718,95.416015625,954300,0.0,0.0
2020-04-06 00:00:00-04:00,98.64523418276558,101.67488678893386,98.55452730554632,101.60232543945312,1252400,0.0,0.0
2020-04-07 00:00:00-04:00,103.57975646523418,103.63417920255604,101.18505913620604,101.43904113769533,929400,0.0,0.0
2020-04-08 00:00:00-04:00,103.4709083003858,104.9494503954985,102.46404609582432,104.33263397216795,1214600,0.0,0.0
2020-04-09 00:00:00-04:00,108.92246959056614,110.47357985404216,108.23308494441332,110.12889099121094,1371800,0.0,0.0
2020-04-13 00:00:00-04:00,108.94061146489231,111.24460194261542,108.82269322629082,111.00875854492188,1060800,0.0,0.0
2020-04-14 00:00:00-04:00,113.01341004250293,114.38310661207387,111.39880423278548,111.87049102783205,1110900,0.0,0.0
2020-04-15 00:00:00-04:00,106.5731393781307,108.89527568478516,106.26473459674594,107.62535858154295,1144700,0.0,0.0
2020-04-16 00:00:00-04:00,109.23994649815852,109.36693749538692,107.23529498992136,108.1968002319336,693300,0.0,0.0
2020-04-17 00:00:00-04:00,111.54394328845068,112.1970438376292,110.64593349357558,111.94306182861328,709300,0.0,0.0
2020-04-20 00:00:00-04:00,109.99282450500864,112.60521958079153,109.9746789797622,111.17202758789062,919400,0.0,0.0
2020-04-21 00:00:00-04:00,107.87934059464445,108.12424986683844,103.94259826749852,105.22158813476562,1671500,0.0,0.0
2020-04-22 00:00:00-04:00,106.47334999427812,106.69105479468834,105.58441294765431,106.21936798095705,996500,0.0,0.0
2020-04-23 00:00:00-04:00,104.52312979148644,107.37136856774318,104.4233501530419,104.4505615234375,918200,0.0,0.0
2020-04-24 00:00:00-04:00,105.44834826454358,105.72954164535864,104.26913816091582,105.66604614257812,715700,0.0,0.0
2020-04-27 00:00:00-04:00,105.62070541674848,106.5096425335281,105.31229371873926,106.00167846679688,657300,0.0,0.0
2020-04-28 00:00:00-04:00,108.1514668271981,108.16960543508506,105.89282605800103,106.00167846679688,693500,0.0,0.0
2020-04-29 00:00:00-04:00,106.9359619810716,108.56871335018806,106.79989821356344,108.07888793945312,571800,0.0,0.0
2020-04-30 00:00:00-04:00,109.04945732144724,109.04945732144724,106.63661459244436,107.52555847167967,651600,0.0,0.0
2020-05-01 00:00:00-04:00,106.00166842392872,106.89967821981776,105.2941451350167,106.10144805908205,654300,0.0,0.0
2020-05-04 00:00:00-04:00,105.1762227459984,106.32822150205136,104.72268145443222,106.30101013183594,552900,0.0,0.0
2020-05-05 00:00:00-04:00,105.61162593475429,107.22623183315405,105.40299389462254,105.73861694335938,757700,0.0,0.0
2020-05-06 00:00:00-04:00,104.04237220329026,104.5231317979752,102.51847314746368,102.63639831542967,1047900,0.0,0.0
2020-05-07 00:00:00-04:00,106.1558783078974,106.21937381471496,104.3235744536684,104.5140609741211,801900,0.0,0.0
2020-05-08 00:00:00-04:00,105.3939219811648,106.19215212077724,105.0764375574472,105.90188598632812,476200,0.0,0.0
2020-05-11 00:00:00-04:00,104.20564701974104,105.39392993649986,104.06959016558142,104.5684814453125,408200,0.0,0.0
2020-05-12 00:00:00-04:00,105.43020760174218,105.63883271231276,103.70674937640014,103.78838348388672,652600,0.0,0.0
2020-05-13 00:00:00-04:00,105.60255813064876,105.66605363793327,102.41870308189242,103.47998809814452,696000,0.0,0.0
2020-05-14 00:00:00-04:00,100.32333020593232,102.68174348850756,99.6158069132088,102.61824798583984,653200,0.0,0.0
2020-05-15 00:00:00-04:00,101.88350826886386,102.84501352455644,101.56603077127578,102.69081115722656,749500,0.0,0.0
2020-05-18 00:00:00-04:00,105.59348594681224,106.97224841670018,105.21250600548944,106.5640640258789,621500,0.0,0.0
2020-05-19 00:00:00-04:00,106.58220478757347,107.5346442794035,106.30101139801016,106.33729553222656,742100,0.0,0.0
2020-05-20 00:00:00-04:00,108.96783049300002,109.9293427571079,108.3328754397608,109.12203979492188,865100,0.0,0.0
2020-05-21 00:00:00-04:00,109.23428800987696,109.45512868020754,106.86943172974205,106.91544342041016,948200,1.712,0.0
2020-05-22 00:00:00-04:00,106.39094604491176,107.31112372626072,105.98606561859069,106.80502319335938,802600,0.0,0.0
2020-05-26 00:00:00-04:00,113.66034689716892,113.69715484777292,111.40591433076516,111.77398681640624,957600,0.0,0.0
2020-05-27 00:00:00-04:00,113.724754064417,113.81677744708756,111.86599827308564,113.1634521484375,860300,0.0,0.0
2020-05-28 00:00:00-04:00,113.421097300685,115.21544088148563,113.40268981655473,113.76155853271484,778700,0.0,0.0
2020-05-29 00:00:00-04:00,117.11100732809588,117.91156441710233,114.93939451614432,117.87476348876952,1773300,0.0,0.0
2020-06-01 00:00:00-04:00,117.4698792310887,118.25202178955078,117.02819088115923,118.25202178955078,664600,0.0,0.0
2020-06-02 00:00:00-04:00,119.0249813643658,120.06477253247508,118.5096701002948,120.04637908935548,721400,0.0,0.0
2020-06-03 00:00:00-04:00,121.1229896405269,123.29460947548576,120.782514359255,122.89892578125,774400,0.0,0.0
2020-06-04 00:00:00-04:00,123.02774794245636,124.67487378468614,122.9081343967232,123.61666107177734,842400,0.0,0.0
2020-06-05 00:00:00-04:00,124.96932012149452,126.156357112201,124.52763879603911,124.97853088378906,778700,0.0,0.0
2020-06-08 00:00:00-04:00,124.82209809273628,125.76987999063228,123.9663395802038,125.70547485351562,565500,0.0,0.0
2020-06-09 00:00:00-04:00,126.4140015959604,126.91089131577976,125.36499970674558,125.82508850097656,664000,0.0,0.0
2020-06-10 00:00:00-04:00,126.60723843877638,126.86488705536584,125.2453794595469,125.67786407470705,603700,0.0,0.0
2020-06-11 00:00:00-04:00,124.77609112303756,124.83129953381402,119.04337443028034,119.16300201416016,1119100,0.0,0.0
2020-06-12 00:00:00-04:00,121.39902674087917,121.84991882964012,117.45147092662772,119.75191497802734,1082100,0.0,0.0
2020-06-15 00:00:00-04:00,117.7551348295455,120.90214070326115,117.35945815978135,120.0095672607422,795700,0.0,0.0
2020-06-16 00:00:00-04:00,122.8805193538101,124.0951606126522,121.38063930579963,122.87132263183594,709100,0.0,0.0
2020-06-17 00:00:00-04:00,124.34360412714776,124.90491302724476,123.22098632695378,123.78229522705078,648100,0.0,0.0
2020-06-18 00:00:00-04:00,124.16877337090058,124.77609398496392,123.07375972939757,124.3528060913086,446900,0.0,0.0
2020-06-19 00:00:00-04:00,127.84947677315743,128.41078566544454,125.12574492514231,126.09193420410156,1036100,0.0,0.0
2020-06-22 00:00:00-04:00,128.11632793588464,129.7358495563868,127.49981060655124,129.7266387939453,1635000,0.0,0.0
2020-06-23 00:00:00-04:00,131.21734955959587,131.6314267288169,129.47821421622922,129.80947875976562,1356900,0.0,0.0
2020-06-24 00:00:00-04:00,127.48140779224794,128.23596021867587,124.15036913118054,125.00614166259766,858000,0.0,0.0
2020-06-25 00:00:00-04:00,124.0859643717,126.966110930034,123.38662035663856,126.67166137695312,929700,0.0,0.0
2020-06-26 00:00:00-04:00,127.54582714724408,127.7390706355113,125.10736194290148,125.86190032958984,450300,0.0,0.0
2020-06-29 00:00:00-04:00,127.05813422858871,127.72066327357508,125.84349296584804,127.38018798828124,626600,0.0,0.0
2020-06-30 00:00:00-04:00,127.18694467010376,129.22052923410334,126.8740876665339,128.82485961914062,463800,0.0,0.0
2020-07-01 00:00:00-04:00,127.5550177671522,129.54260480511562,127.35257756657464,128.8984832763672,472000,0.0,0.0
2020-07-02 00:00:00-04:00,131.25414420383996,132.15591440218512,131.03329650512805,131.4473876953125,536500,0.0,0.0
2020-07-06 00:00:00-04:00,135.45936407928613,136.10348565487055,134.74161256272373,135.7814178466797,695300,0.0,0.0
2020-07-07 00:00:00-04:00,133.46256118802606,134.07909257409273,132.43196670528198,132.560791015625,670200,0.0,0.0
2020-07-08 00:00:00-04:00,133.60979708312362,135.45015245352698,133.34295173236592,135.22010803222656,433500,0.0,0.0
2020-07-09 00:00:00-04:00,143.02322130840423,143.17966388220643,139.20448925246498,140.48353576660156,1718400,0.0,0.0
2020-07-10 00:00:00-04:00,140.52033020825078,141.24726434844555,139.25048060248685,141.23806762695312,714100,0.0,0.0
2020-07-13 00:00:00-04:00,143.1980515009306,143.81456888502325,138.42232691403035,138.88241577148438,989100,0.0,0.0
2020-07-14 00:00:00-04:00,139.21368438294348,141.6521638232619,139.0020474337469,141.56935119628906,776300,0.0,0.0
2020-07-15 00:00:00-04:00,143.1060337671736,144.67952970460473,142.3238771390211,144.10902404785156,944200,0.0,0.0
2020-07-16 00:00:00-04:00,143.1336445289874,144.08142643994057,142.18586261803418,142.7379608154297,476100,0.0,0.0
2020-07-17 00:00:00-04:00,143.06921397459232,144.0906117054786,142.3146756192401,143.80535888671875,456800,0.0,0.0
2020-07-20 00:00:00-04:00,145.10282856250865,147.13641348397482,144.86357336647882,147.0167999267578,491600,0.0,0.0
2020-07-21 00:00:00-04:00,149.98896279948227,150.85393207074304,148.85714817726523,149.53807067871094,718300,0.0,0.0
2020-07-22 00:00:00-04:00,151.70048247847788,152.08695539266688,150.5410637359109,151.34161376953125,701900,0.0,0.0
2020-07-23 00:00:00-04:00,150.60548511133678,151.48886189675633,147.95536879587576,148.39706420898438,682700,0.0,0.0
2020-07-24 00:00:00-04:00,144.8911769990507,146.33584858891444,144.45869238610126,145.9585723876953,890400,0.0,0.0
2020-07-27 00:00:00-04:00,149.32642951018843,152.18818259381953,149.14239678638643,151.70968627929688,1168700,0.0,0.0
2020-07-28 00:00:00-04:00,148.903157964972,149.19760751947453,147.42167134801397,147.5596923828125,596100,0.0,0.0
2020-07-29 00:00:00-04:00,150.76189659312303,152.22497562653652,150.52265546866926,151.51644897460938,459300,0.0,0.0
2020-07-30 00:00:00-04:00,145.5353050974155,147.73452918885027,143.82377405264387,147.38485717773438,790300,0.0,0.0
2020-07-31 00:00:00-04:00,147.84495128522056,147.92776390949965,144.39428486561556,146.5106964111328,701000,0.0,0.0
2020-08-03 00:00:00-04:00,147.94617859337717,149.42766534324016,147.6149140393457,149.20681762695312,443700,0.0,0.0
2020-08-04 00:00:00-04:00,145.98618003285918,147.47687738867958,145.97698331095296,147.46766662597656,466400,0.0,0.0
2020-08-05 00:00:00-04:00,149.13320201064175,149.96135629895647,148.18540609113907,148.73751831054688,338100,0.0,0.0
2020-08-06 00:00:00-04:00,147.80815301256746,149.2712322309975,147.27444824517582,149.05038452148438,446400,0.0,0.0
2020-08-07 00:00:00-04:00,148.40624329173258,148.93075126715635,147.23761379975014,148.30502319335938,370900,0.0,0.0
2020-08-10 00:00:00-04:00,146.87874827776216,146.97077165674878,145.33285660452037,146.89715576171875,378800,0.0,0.0
2020-08-11 00:00:00-04:00,149.0135774226484,149.14240173766626,146.22544014413594,146.44627380371094,502300,0.0,0.0
2020-08-12 00:00:00-04:00,147.51368491629947,150.12698621585142,147.51368491629947,149.63009643554688,315400,0.0,0.0
2020-08-13 00:00:00-04:00,148.259012186409,149.52886178260215,147.2376144766006,148.0105743408203,399900,0.0,0.0
2020-08-14 00:00:00-04:00,147.64251332227474,148.1026021852552,146.63032624819638,147.31124877929688,274500,0.0,0.0
2020-08-17 00:00:00-04:00,148.21302046365025,148.72831769986618,146.9799717446517,147.67010498046875,310700,0.0,0.0
2020-08-18 00:00:00-04:00,149.979769469659,150.11779050934496,147.90936962958486,148.86634826660156,641700,0.0,0.0
2020-08-19 00:00:00-04:00,150.82632063436728,151.0471542822853,148.05657694649204,148.43385314941406,554700,0.0,0.0
2020-08-20 00:00:00-04:00,148.02899018134806,150.56868975800626,147.9277700671943,149.97056579589844,430500,0.0,0.0
2020-08-21 00:00:00-04:00,146.50148491844297,147.71611207447066,146.42786902401764,147.513671875,390300,0.0,0.0
2020-08-24 00:00:00-04:00,151.36003459839907,151.4152430137514,149.85094373531405,150.80792236328125,446100,0.0,0.0
2020-08-25 00:00:00-04:00,152.5838695483443,152.60226299255967,150.81711604787148,152.36302185058594,339900,0.0,0.0
2020-08-26 00:00:00-04:00,152.7586762367219,155.18794450593953,152.7586762367219,155.01312255859375,401900,0.0,0.0
2020-08-27 00:00:00-04:00,154.67266982274822,154.72787823950546,151.46125856112266,152.61148071289062,471500,0.0,0.0
2020-08-28 00:00:00-04:00,153.0255296766056,153.66045443389186,152.16975725219515,153.41200256347656,292800,0.0,0.0
2020-08-31 00:00:00-04:00,152.27100914477086,153.38443039295524,151.09318275572187,152.20660400390625,405700,0.0,0.0
2020-09-01 00:00:00-04:00,152.45503662496728,153.17278815805122,151.53485891272348,153.0807647705078,537800,0.0,0.0
2020-09-02 00:00:00-04:00,154.2770001202346,155.78609102150813,153.01634709433333,155.5284423828125,503100,0.0,0.0
2020-09-03 00:00:00-04:00,154.12055919883994,154.2217793016734,147.89095259528173,148.9951629638672,480500,0.0,0.0
2020-09-04 00:00:00-04:00,147.62408076794566,148.42464480132855,141.65213732667922,146.7039031982422,702500,0.0,0.0
2020-09-08 00:00:00-04:00,143.29008238773204,145.82057123616056,142.3238929283542,142.34230041503906,985400,0.0,0.0
2020-09-09 00:00:00-04:00,147.99218100070266,150.6146790181197,147.06280657948992,149.4828643798828,994700,0.0,0.0
2020-09-10 00:00:00-04:00,149.4920635675036,150.09937013075364,145.866561467998,146.30824279785156,503900,0.0,0.0
2020-09-11 00:00:00-04:00,147.66091799313236,147.97377504420314,145.65492328756596,146.832763671875,385800,0.0,0.0
2020-09-14 00:00:00-04:00,148.06578681652093,148.72831583787453,147.08119000616614,147.87254333496094,389100,0.0,0.0
2020-09-15 00:00:00-04:00,147.89095187584672,148.4614575213347,147.0443901293562,147.84494018554688,566500,0.0,0.0
2020-09-16 00:00:00-04:00,148.461471634955,148.7835394568751,146.1794347952629,146.28065490722656,567600,0.0,0.0
2020-09-17 00:00:00-04:00,146.6211094214173,148.17621196050882,146.28064816994657,147.6240997314453,593100,0.0,0.0
2020-09-18 00:00:00-04:00,149.16999412750093,149.22520253802094,146.53828557994356,147.36643981933594,713200,0.0,0.0
2020-09-21 00:00:00-04:00,143.23486142233605,143.70414698570636,140.94361393831053,143.4373016357422,599900,0.0,0.0
2020-09-22 00:00:00-04:00,143.88818153355044,144.76236157558446,142.5999383781277,144.67953491210938,361500,0.0,0.0
2020-09-23 00:00:00-04:00,142.90360032522318,143.21645737497977,139.71058256716086,139.96823120117188,449500,0.0,0.0
2020-09-24 00:00:00-04:00,140.6583552832092,142.6367316023308,139.63695753630356,141.10003662109375,513700,0.0,0.0
2020-09-25 00:00:00-04:00,137.962227813076,140.82398085559072,137.50213898978294,139.92221069335938,632200,0.0,0.0
2020-09-28 00:00:00-04:00,143.4832912065331,145.0568011328825,143.08762156493898,144.54150390625,777100,0.0,0.0
2020-09-29 00:00:00-04:00,143.91577729391642,144.94638579856,143.66733944046533,144.0722198486328,488200,0.0,0.0
2020-09-30 00:00:00-04:00,143.60292344343304,144.4954968973341,142.25026115930652,143.3728790283203,507200,0.0,0.0
2020-10-01 00:00:00-04:00,143.9065928910032,144.85437481816595,143.01401938044444,144.30227661132812,462700,0.0,0.0
2020-10-02 00:00:00-04:00,142.38830384847233,143.44650259826972,141.55093876288447,141.97421264648438,542400,0.0,0.0
2020-10-05 00:00:00-04:00,142.43428968742458,144.23784402673,142.37908127595136,144.09982299804688,290700,0.0,0.0
2020-10-06 00:00:00-04:00,143.26246300231944,143.8881770753385,141.46811936257726,141.7533721923828,667800,0.0,0.0
2020-10-07 00:00:00-04:00,141.14605848252248,142.25947969041948,140.24428825746057,142.0018310546875,880900,0.0,0.0
2020-10-08 00:00:00-04:00,143.1336480872394,143.81457061836775,142.66434846086955,143.65814208984375,377100,0.0,0.0
2020-10-09 00:00:00-04:00,144.1826483005906,145.1212335006025,144.09983567609478,144.5967254638672,282500,0.0,0.0
2020-10-12 00:00:00-04:00,145.53532488891244,146.73155884258853,145.34208137206977,146.0966339111328,313900,0.0,0.0
2020-10-13 00:00:00-04:00,144.50468936244943,145.06599828042135,143.53851408007498,144.09982299804688,357700,0.0,0.0
2020-10-14 00:00:00-04:00,145.7193493222624,146.03220638805186,143.99862141962208,144.87278747558594,369100,0.0,0.0
2020-10-15 00:00:00-04:00,140.55712615694708,141.75335982601638,139.99581726827276,141.5233154296875,574700,0.0,0.0
2020-10-16 00:00:00-04:00,143.2164571524771,144.66114288596344,142.3606986281552,142.7379608154297,679300,0.0,0.0
2020-10-19 00:00:00-04:00,143.602906306289,143.81454321151347,140.05102039918833,140.33627319335938,388300,0.0,0.0
2020-10-20 00:00:00-04:00,139.71057836501834,140.61234855693388,138.37632354170717,138.63397216796875,545700,0.0,0.0
2020-10-21 00:00:00-04:00,136.3979395967601,137.89783377443345,136.2599185549855,136.52676391601562,847600,0.0,0.0
2020-10-22 00:00:00-04:00,134.88885206496354,136.72920755216944,133.77544485805092,135.85504150390625,844500,0.0,0.0
2020-10-23 00:00:00-04:00,136.24150959493755,137.8518205886061,135.4041445084385,137.73219299316406,1204100,0.0,0.0
2020-10-26 00:00:00-04:00,108.82941421483942,109.21589418691644,104.1917247539028,105.83883666992188,11290200,0.0,0.0
2020-10-27 00:00:00-04:00,109.0686588452165,109.19748315826266,104.77143078192348,105.36034393310548,6608600,0.0,0.0
2020-10-28 00:00:00-04:00,100.9158826226869,101.5323999720402,99.10313150319868,99.48040771484376,5486700,0.0,0.0
2020-10-29 00:00:00-04:00,98.2749806057991,101.09992584781791,97.59404405700856,99.95890045166016,2824800,0.0,0.0
2020-10-30 00:00:00-04:00,99.37918797190945,99.5172160259501,97.22597560230932,98.30258178710938,2615900,0.0,0.0
2020-11-02 00:00:00-05:00,97.824089508781,97.8424969942924,96.28739442732017,97.38240814208984,2235600,0.0,0.0
2020-11-03 00:00:00-05:00,99.83928354484024,101.85447501683518,99.69205173848492,100.95269775390624,1834500,0.0,0.0
2020-11-04 00:00:00-05:00,102.7286344694278,104.6978141206808,102.03850121724852,103.4739761352539,1836800,0.0,0.0
2020-11-05 00:00:00-05:00,107.72520583715644,107.78041425405308,105.11190447153284,106.44615936279295,2559800,0.0,0.0
2020-11-06 00:00:00-05:00,107.38473789946411,107.50436549699236,105.7928343636708,105.9308624267578,1770200,0.0,0.0
2020-11-09 00:00:00-05:00,110.46734073285836,110.51334540771796,106.02288055419922,106.02288055419922,3263900,0.0,0.0
2020-11-10 00:00:00-05:00,109.76799913769167,109.77720288044208,107.28351512499006,107.4583511352539,2269500,0.0,0.0
2020-11-11 00:00:00-05:00,109.50114351541376,110.1728763083072,109.0410546771137,109.9704360961914,1725700,0.0,0.0
2020-11-12 00:00:00-05:00,109.82321236222477,110.07166428457325,107.86323629449318,108.05647277832033,1525700,0.0,0.0
2020-11-13 00:00:00-05:00,110.0808599747427,110.81700497133052,109.73119496258292,110.70658111572266,1052100,0.0,0.0
2020-11-16 00:00:00-05:00,110.93661814775857,111.0562457384518,109.01345017859782,109.45513153076172,849100,0.0,0.0
2020-11-17 00:00:00-05:00,108.07486934453688,108.25890909896891,107.13629116832932,107.6515884399414,1367600,0.0,0.0
2020-11-18 00:00:00-05:00,109.03186071411484,109.924434263739,108.47055171941096,108.51656341552734,1600800,0.0,0.0
2020-11-19 00:00:00-05:00,108.49815419883228,109.2066879272461,108.05646582109478,109.2066879272461,1469900,0.0,0.0
2020-11-20 00:00:00-05:00,107.94605161366108,108.31412412458668,107.41235384423815,107.67919921875,1374000,0.0,0.0
2020-11-23 00:00:00-05:00,108.42454138913855,108.58096991513752,106.95225845538592,108.01966094970705,1365400,0.0,0.0
2020-11-24 00:00:00-05:00,107.83562195975894,107.89083037269722,106.4645521950054,107.47675323486328,1705000,0.0,0.0
2020-11-25 00:00:00-05:00,107.2835136752418,108.70979190513384,107.24671274553498,108.66378021240234,1040400,0.0,0.0
2020-11-27 00:00:00-05:00,109.89682581354924,110.4397273006975,109.62076968830166,109.73119354248048,504900,0.0,0.0
2020-11-30 00:00:00-05:00,111.96722069021392,112.1512534185591,110.43972236743444,111.48873138427734,1918100,0.0,0.0
2020-12-01 00:00:00-05:00,112.4089024168734,113.34748050854672,111.96721406641656,113.20024871826172,1288500,0.0,0.0
2020-12-02 00:00:00-05:00,112.68495566190686,113.02542392423814,112.03163036424289,112.72176361083984,582000,0.0,0.0
2020-12-03 00:00:00-05:00,112.05002639398111,113.24626011556605,112.05002639398111,112.63894653320312,602800,0.0,0.0
2020-12-04 00:00:00-05:00,113.87198331633084,114.89338106164855,113.82597162602352,114.6909408569336,624800,0.0,0.0
2020-12-07 00:00:00-05:00,113.29226861724209,113.93639012895724,113.19104851962996,113.38428497314452,537300,0.0,0.0
2020-12-08 00:00:00-05:00,113.1634524552753,114.19404694815503,113.02542440129363,114.09282684326172,516700,0.0,0.0
2020-12-09 00:00:00-05:00,115.24304861330164,115.38107666690904,112.47331890079889,113.1634521484375,871500,0.0,0.0
2020-12-10 00:00:00-05:00,111.38751058642018,113.41189866725024,111.12985493977766,113.18185424804688,765100,0.0,0.0
2020-12-11 00:00:00-05:00,111.45192786773548,112.04084104634344,110.3109024413336,111.20347595214844,1005500,0.0,0.0
2020-12-14 00:00:00-05:00,111.42431454307892,112.39050393814496,111.40591407801804,111.6267547607422,942300,0.0,0.0
2020-12-15 00:00:00-05:00,113.15424523698466,113.41189385229004,112.57452883214933,113.24626159667967,643900,0.0,0.0
2020-12-16 00:00:00-05:00,114.22165206433137,115.46389753965894,114.20325159983987,115.02220916748048,657600,0.0,0.0
2020-12-17 00:00:00-05:00,117.92076514524612,118.50048158195936,117.5987113788033,118.39926147460938,955100,0.0,0.0
2020-12-18 00:00:00-05:00,118.2888438417453,118.2888438417453,116.35646509302248,117.17542266845705,1318200,0.0,0.0
2020-12-21 00:00:00-05:00,114.21245525045347,115.62952970870528,113.3382822492444,115.31666564941406,831600,0.0,0.0
2020-12-22 00:00:00-05:00,116.35646476824677,116.64172462277168,115.55591468011184,115.8779754638672,860400,0.0,0.0
2020-12-23 00:00:00-05:00,116.71532866145884,116.9085721440968,115.7583500923855,115.9423828125,616500,0.0,0.0
2020-12-24 00:00:00-05:00,115.86876480551511,116.22763351747967,115.57430824645704,115.99758911132812,223500,0.0,0.0
2020-12-28 00:00:00-05:00,119.0157636923462,120.54326183036926,117.85634500729007,120.46044921875,1626100,0.0,0.0
2020-12-29 00:00:00-05:00,121.41744277303252,121.79471899381504,119.44826308802745,119.57708740234376,1058500,0.0,0.0
2020-12-30 00:00:00-05:00,120.12920062205528,120.828530614006,119.9267604063437,120.2120132446289,407200,0.0,0.0
2020-12-31 00:00:00-05:00,120.23962037775227,120.4144563901933,119.3010351766886,119.98197174072266,379000,0.0,0.0
2021-01-04 00:00:00-05:00,121.1505953656807,121.2794196778102,117.4422734595574,118.92376708984376,1005400,0.0,0.0
2021-01-05 00:00:00-05:00,118.75812119823064,119.9175539836614,118.60169268797968,119.60468292236328,879800,0.0,0.0
2021-01-06 00:00:00-05:00,118.70292118648784,120.40525551749664,118.18762393019033,119.38385772705078,1000000,0.0,0.0
2021-01-07 00:00:00-05:00,117.83793865812696,119.14458913694077,117.60789426310772,118.51887512207033,981200,0.0,0.0
2021-01-08 00:00:00-05:00,119.77032074468376,120.85612358179476,118.66611042400253,120.69049835205078,909800,0.0,0.0
2021-01-11 00:00:00-05:00,117.8195481143652,119.4022549029116,117.7735434409858,118.9789810180664,1335200,0.0,0.0
2021-01-12 00:00:00-05:00,119.00657875157134,119.24581988908533,117.69992815598542,119.07098388671876,649200,0.0,0.0
2021-01-13 00:00:00-05:00,118.42687248227688,118.7949520032295,117.81955180330364,117.83795928955078,871000,0.0,0.0
2021-01-14 00:00:00-05:00,115.95158069679847,117.12940689498384,115.82275639514684,116.03439331054688,1060600,0.0,0.0
2021-01-15 00:00:00-05:00,115.50990221108682,116.26444762240956,114.43329601817486,115.02220916748048,1564300,0.0,0.0
2021-01-19 00:00:00-05:00,116.36565983921474,117.0926009943188,115.24304203058313,116.93617248535156,892400,0.0,0.0
2021-01-20 00:00:00-05:00,116.62331841883189,117.81034848091092,116.52209831133996,117.44227600097656,917100,0.0,0.0
2021-01-21 00:00:00-05:00,117.41466350891992,117.90236354715069,116.6969260849098,117.6907196044922,797500,0.0,0.0
2021-01-22 00:00:00-05:00,116.39326410510678,118.11399876583953,116.19082390732667,117.3042449951172,934300,0.0,0.0
2021-01-25 00:00:00-05:00,117.48828032590367,122.93573724244422,116.53129474624654,119.28263092041016,1742100,0.0,0.0
2021-01-26 00:00:00-05:00,121.62908017442236,124.2055805114002,121.56467503741648,124.1135711669922,1883900,0.0,0.0
2021-01-27 00:00:00-05:00,121.32541814267678,122.9909372967768,120.22119382675162,121.63827514648438,1829500,0.0,0.0
2021-01-28 00:00:00-05:00,120.3684305820478,121.94194046871192,119.93594598328964,120.02796936035156,1437200,0.0,0.0
2021-01-29 00:00:00-05:00,119.448253167834,119.87154104588907,116.02519133937486,116.12641143798828,2396600,0.0,0.0
2021-02-01 00:00:00-05:00,119.742723950626,119.7519206725823,118.26123734944376,119.2182159423828,1314700,0.0,0.0
2021-02-02 00:00:00-05:00,119.63229308316608,120.06477770865882,118.55568690081084,119.2182159423828,1308600,0.0,0.0
2021-02-03 00:00:00-05:00,119.5954893361676,120.91133662554924,119.33784071949432,120.18440246582033,835300,0.0,0.0
2021-02-04 00:00:00-05:00,120.7641202155874,121.93273572534169,120.3224248328426,121.74870300292967,732700,0.0,0.0
2021-02-05 00:00:00-05:00,120.66289824191668,120.98495199094675,119.80712573680988,119.8899383544922,572500,0.0,0.0
2021-02-08 00:00:00-05:00,121.20580477525478,121.50025433077153,120.2948238200556,121.00336456298828,554800,0.0,0.0
2021-02-09 00:00:00-05:00,120.43285455868254,121.60147005737248,120.32242369364354,121.0401611328125,630300,0.0,0.0
2021-02-10 00:00:00-05:00,120.87452987793525,120.87452987793525,118.79493356040156,119.31942749023438,701500,0.0,0.0
2021-02-11 00:00:00-05:00,121.36223151576836,122.18118907491052,121.04016371712277,121.94194793701172,782000,0.0,0.0
2021-02-12 00:00:00-05:00,120.46045391352352,121.47264085684138,120.3500230529318,121.3990249633789,799700,0.0,0.0
2021-02-16 00:00:00-05:00,120.72729860439912,120.96655376708829,119.98195699312028,120.32241821289062,587900,0.0,0.0
2021-02-17 00:00:00-05:00,116.71533128224168,116.99138738901038,115.27985637600057,116.2276382446289,1692100,0.0,0.0
2021-02-18 00:00:00-05:00,116.9545719877592,118.82253841979067,116.21843411727988,118.408447265625,1197400,0.0,0.0
2021-02-19 00:00:00-05:00,117.92076087734404,117.9667725682555,116.43928131149254,116.69692993164062,773800,0.0,0.0
2021-02-22 00:00:00-05:00,116.02519670474906,116.77054537631506,115.5375036727308,115.69393920898438,740800,0.0,0.0
2021-02-23 00:00:00-05:00,114.43329039735484,115.7215404808331,113.31067256775806,114.89337921142578,1394200,0.0,0.0
2021-02-24 00:00:00-05:00,114.8289608937412,116.51288754773567,114.13882770968422,116.45767211914062,606100,0.0,0.0
2021-02-25 00:00:00-05:00,115.5283034017334,116.05280436614518,113.43949626563176,113.8167724609375,735200,0.0,0.0
2021-02-26 00:00:00-05:00,114.28606349267156,114.45169575363364,113.03462130326892,113.50391387939452,727700,0.0,0.0
2021-03-01 00:00:00-05:00,114.10202957104798,114.81976702089244,114.02841367352588,114.4885025024414,551200,0.0,0.0
2021-03-02 00:00:00-05:00,115.74913660623083,115.77674080988442,114.81975530097408,115.33505249023438,584500,0.0,0.0
2021-03-03 00:00:00-05:00,114.00080049751054,114.75534583674867,112.93339814901655,113.29226684570312,781300,0.0,0.0
2021-03-04 00:00:00-05:00,113.82597609897796,114.81976967732317,111.24027906717843,112.2984848022461,1044800,0.0,0.0
2021-03-05 00:00:00-05:00,112.45490559333196,113.70634771255044,111.37829946765667,113.25546264648438,1146100,0.0,0.0
2021-03-08 00:00:00-05:00,112.74016108775967,114.8197645147789,112.50091995663225,113.24626159667967,817500,0.0,0.0
2021-03-09 00:00:00-05:00,116.53129903857288,117.50668511782092,115.74914942670046,116.1540298461914,927100,0.0,0.0
2021-03-10 00:00:00-05:00,116.55890498100683,116.72453724413796,115.54671093760496,115.8779754638672,901200,0.0,0.0
2021-03-11 00:00:00-05:00,116.96378123491075,117.12020974995582,116.31965969037324,116.72453308105467,890400,0.0,0.0
2021-03-12 00:00:00-05:00,114.4240867578814,114.52530685869957,113.3198764112811,113.93639373779295,789300,0.0,0.0
2021-03-15 00:00:00-04:00,113.0806310599069,113.50391193725656,112.31688192407243,112.97020721435548,797500,0.0,0.0
2021-03-16 00:00:00-04:00,112.78617090276629,113.227859250517,112.40890172816918,112.41809844970705,635100,0.0,0.0
2021-03-17 00:00:00-04:00,112.60213548246962,114.2492542295482,112.0684307893697,113.75235748291016,740000,0.0,0.0
2021-03-18 00:00:00-04:00,112.45490859302524,113.19105351351888,111.93961136091866,112.06843566894533,1071800,0.0,0.0
2021-03-19 00:00:00-04:00,112.47331750501904,113.85358398316734,112.46411376278652,113.3382797241211,789000,0.0,0.0
2021-03-22 00:00:00-04:00,112.675752536047,114.22165129769812,112.64814832929584,113.1358413696289,829600,0.0,0.0
2021-03-23 00:00:00-04:00,112.29848083777236,113.3106748449911,112.10524437442682,112.5561294555664,989700,0.0,0.0
2021-03-24 00:00:00-04:00,111.86599713984504,112.37209765781242,111.24027605417552,111.42430877685548,860800,0.0,0.0
2021-03-25 00:00:00-04:00,111.00103122041683,111.89360469496413,110.49493770770144,111.78318786621094,1008500,0.0,0.0
2021-03-26 00:00:00-04:00,111.74637836492457,112.95180886473352,111.23107409643649,112.91500091552734,936800,0.0,0.0
2021-03-29 00:00:00-04:00,111.93040908047756,113.22786294020112,111.8843973896965,112.67575073242188,1153800,0.0,0.0
2021-03-30 00:00:00-04:00,111.92120678503746,112.12364699445368,111.39670579718565,111.83839416503906,689800,0.0,0.0
2021-03-31 00:00:00-04:00,111.75557521493457,113.06223284185606,111.74637849292137,112.98861694335938,851500,0.0,0.0
2021-04-01 00:00:00-04:00,115.15102477924285,115.80435003550068,114.97618878799145,115.71233367919922,786800,0.0,0.0
2021-04-05 00:00:00-04:00,116.3932780967359,121.58308690788016,116.23684956888266,121.27942657470705,2431300,0.0,0.0
2021-04-06 00:00:00-04:00,118.6108926221079,119.19060903052517,118.14160707864416,118.19681549072266,1741500,0.0,0.0
2021-04-07 00:00:00-04:00,119.43906610962358,119.972770850874,119.0893940968878,119.42985534667967,987200,0.0,0.0
2021-04-08 00:00:00-04:00,121.98795287701618,123.00013982668936,121.06777526415178,122.54924774169922,1591000,0.0,0.0
2021-04-09 00:00:00-04:00,122.0247698287481,123.23939713602871,121.94195720250582,123.1105728149414,972400,0.0,0.0
2021-04-12 00:00:00-04:00,121.69349904390543,122.22720378698988,121.55547800724447,121.8315200805664,704600,0.0,0.0
2021-04-13 00:00:00-04:00,122.50325084856154,123.8190981034838,122.4112274703896,123.69947052001952,1056500,0.0,0.0
2021-04-14 00:00:00-04:00,127.90469137340322,127.90469137340322,124.69326636984472,125.1165542602539,1427600,0.0,0.0
2021-04-15 00:00:00-04:00,127.33417629540368,128.2451431012033,127.04892349597972,128.08871459960938,1148200,0.0,0.0
2021-04-16 00:00:00-04:00,127.61943146814836,128.5396090528453,127.47219968480589,128.1807403564453,636800,0.0,0.0
2021-04-19 00:00:00-04:00,128.0519337591798,128.64084693317028,127.74827342935382,128.39239501953125,699800,0.0,0.0
2021-04-20 00:00:00-04:00,128.3647891515286,128.67764619974096,127.41700724378111,128.00592041015625,553000,0.0,0.0
2021-04-21 00:00:00-04:00,127.56422575496843,130.67441650922004,127.4537948947304,130.5731964111328,914000,0.0,0.0
2021-04-22 00:00:00-04:00,130.9964967827596,133.81223827349427,130.85847574529114,132.27554321289062,1113400,0.0,0.0
2021-04-23 00:00:00-04:00,131.08851937361226,132.54238776212418,130.9780885035096,132.45037841796875,806200,0.0,0.0
2021-04-26 00:00:00-04:00,131.8706544141012,132.08229133838924,131.18052118895662,131.787841796875,572200,0.0,0.0
2021-04-27 00:00:00-04:00,132.00869187255438,132.12830541933587,130.99649084103942,131.26333618164062,518300,0.0,0.0
2021-04-28 00:00:00-04:00,131.53938791204436,132.9564693090568,131.2633318180085,132.57919311523438,1007100,0.0,0.0
2021-04-29 00:00:00-04:00,132.57000575367258,132.6804225827643,131.0977158420629,132.3031463623047,876500,0.0,0.0
2021-04-30 00:00:00-04:00,130.84926511017713,131.10691374090163,128.33718394021457,128.76966857910156,805600,0.0,0.0
2021-05-03 00:00:00-04:00,130.02109158580802,130.51798128853704,129.38616682507995,129.76344299316406,589200,0.0,0.0
2021-05-04 00:00:00-04:00,127.06730984676244,127.46299347995564,124.63804176554028,125.80667114257812,1201700,0.0,0.0
2021-05-05 00:00:00-04:00,128.04272103276247,128.30958042797144,126.90170967359892,127.12254333496094,517100,0.0,0.0
2021-05-06 00:00:00-04:00,129.0825258321893,130.3707689878809,128.41080004677852,130.361572265625,890100,0.0,0.0
2021-05-07 00:00:00-04:00,130.59160484462578,131.33694646287373,130.1499235228485,130.4259796142578,695300,0.0,0.0
2021-05-10 00:00:00-04:00,129.643832899496,129.80026142035229,128.21755468595117,128.38319396972656,833100,0.0,0.0
2021-05-11 00:00:00-04:00,125.68705395456604,127.15934371847185,125.47541703977318,126.8280792236328,1113800,0.0,0.0
2021-05-12 00:00:00-04:00,125.31900690952352,126.19317294217343,124.33441000187088,124.68408203125,705000,0.0,0.0
2021-05-13 00:00:00-04:00,126.78752831907208,127.30193912429635,125.8616031410182,126.4788818359375,611000,2.189,0.0
2021-05-14 00:00:00-04:00,128.23723094799956,129.91138878774396,127.881817238557,129.83657836914062,690800,0.0,0.0
2021-05-17 00:00:00-04:00,128.63938364898374,129.0135070581748,128.10627741399108,128.47103881835938,493600,0.0,0.0
2021-05-18 00:00:00-04:00,129.0322359024979,129.90204619888243,128.78905208267784,129.06964111328125,512800,0.0,0.0
2021-05-19 00:00:00-04:00,127.40483265285346,128.42429234876244,126.88107406674796,128.22789001464844,848800,0.0,0.0
2021-05-20 00:00:00-04:00,129.01351105055207,131.6977805895756,128.89191915488368,131.0991973876953,475000,0.0,0.0
2021-05-21 00:00:00-04:00,131.2395129041195,131.5013921906831,130.55674294075286,130.7999267578125,335900,0.0,0.0
2021-05-24 00:00:00-04:00,132.04384925842373,132.92302157117942,131.95032909470893,132.2870330810547,371700,0.0,0.0
2021-05-25 00:00:00-04:00,132.0999648033086,132.38053953675063,131.4359046343467,131.85678100585938,436200,0.0,0.0
2021-05-26 00:00:00-04:00,132.72662710199992,133.01656388799262,131.91291742849404,132.38992309570312,324700,0.0,0.0
2021-05-27 00:00:00-04:00,130.66897905908306,130.7063842671359,129.3502207014606,129.39698791503906,713700,0.0,0.0
2021-05-28 00:00:00-04:00,130.9402175596143,131.80068013387248,130.7718727015719,130.87474060058594,485400,0.0,0.0
2021-06-01 00:00:00-04:00,132.0625613850906,132.13738608022462,130.49128560132985,130.96827697753906,449300,0.0,0.0
2021-06-02 00:00:00-04:00,129.96751940711812,130.99632679451287,129.92075219147503,130.1358642578125,615700,0.0,0.0
2021-06-03 00:00:00-04:00,128.96676538827444,129.44375677418748,128.58329416966797,128.9199981689453,682700,0.0,0.0
2021-06-04 00:00:00-04:00,130.0610452605603,130.82798767089844,129.7991659671158,130.82798767089844,234400,0.0,0.0
2021-06-07 00:00:00-04:00,131.67909187973984,132.12804005635866,131.4826895399017,131.7913360595703,279800,0.0,0.0
2021-06-08 00:00:00-04:00,133.49355375439754,133.60579793611177,132.1186802670504,132.5021514892578,545300,0.0,0.0
2021-06-09 00:00:00-04:00,131.53879588494695,132.1654366185267,130.79056324423885,130.9121551513672,486800,0.0,0.0
2021-06-10 00:00:00-04:00,131.13663213914575,132.8107900441102,130.89344831948492,132.76402282714844,505800,0.0,0.0
2021-06-11 00:00:00-04:00,133.0820166495128,134.2698354541193,133.03526370404907,134.2230682373047,409200,0.0,0.0
2021-06-14 00:00:00-04:00,135.6166448868303,136.5145268840958,135.1957684983481,136.40228271484375,611700,0.0,0.0
2021-06-15 00:00:00-04:00,136.7389800610073,136.8231524803593,134.45687710513397,134.88711547851562,880200,0.0,0.0
2021-06-16 00:00:00-04:00,135.3641110986705,135.75693000615792,132.78272359031746,133.29713439941406,615800,0.0,0.0
2021-06-17 00:00:00-04:00,131.5387876180834,133.13813496547417,131.50138241050658,132.63307189941406,426500,0.0,0.0
2021-06-18 00:00:00-04:00,131.6042510476682,131.84742055030512,130.59413929069066,131.10853576660156,847100,0.0,0.0
2021-06-21 00:00:00-04:00,131.70714298860557,131.92225503659753,130.65961167867007,131.6697235107422,730500,0.0,0.0
2021-06-22 00:00:00-04:00,130.98698148127087,132.21220548847504,130.69704471881502,132.0999755859375,584100,0.0,0.0
2021-06-23 00:00:00-04:00,131.74456553697968,132.02515457249254,129.64016917765989,129.73370361328125,472200,0.0,0.0
2021-06-24 00:00:00-04:00,132.49278760481795,133.13813805344637,131.86614689608675,132.09060668945312,707800,0.0,0.0
2021-06-25 00:00:00-04:00,131.819384811233,131.98772966280822,130.96827000466772,131.27691650390625,326800,0.0,0.0
2021-06-28 00:00:00-04:00,132.2683115219971,132.6330729520021,131.73520524953588,132.31507873535156,406400,0.0,0.0
2021-06-29 00:00:00-04:00,133.63383386261677,133.83023617407733,133.0539461194416,133.58706665039062,331900,0.0,0.0
2021-06-30 00:00:00-04:00,132.36185507841685,132.76402174403512,131.05244437092423,131.37045288085938,421800,0.0,0.0
2021-07-01 00:00:00-04:00,131.0150391449762,131.83809648836842,130.72510238210413,131.41720581054688,413300,0.0,0.0
2021-07-02 00:00:00-04:00,131.72584710808297,132.59567163367163,131.52944478612278,132.5489044189453,256500,0.0,0.0
2021-07-06 00:00:00-04:00,133.32520392603567,133.74608034558017,131.93162074838477,132.53956604003906,427800,0.0,0.0
2021-07-07 00:00:00-04:00,138.132568359375,138.24479825614318,136.2900514402302,138.132568359375,927000,0.0,0.0
2021-07-08 00:00:00-04:00,135.09288773597632,137.18792196574145,134.99935330585453,136.65481567382812,966200,0.0,0.0
2021-07-09 00:00:00-04:00,137.0476351059053,138.68438773972312,136.7951035607096,138.525390625,503800,0.0,0.0
2021-07-12 00:00:00-04:00,138.77793570007725,139.90962535383548,138.3009300380528,139.32040405273438,589100,0.0,0.0
2021-07-13 00:00:00-04:00,139.1426857137669,140.85426306351087,139.11462823847194,139.91897583007812,611300,0.0,0.0
2021-07-14 00:00:00-04:00,140.46142331686625,140.88231396936504,139.4700211790734,140.48013305664062,547100,0.0,0.0
2021-07-15 00:00:00-04:00,138.7218038601081,139.16137571290022,137.79586439772038,138.132568359375,435000,0.0,0.0
2021-07-16 00:00:00-04:00,138.99303582883763,139.17074268596355,137.8145790566587,138.09515380859375,393200,0.0,0.0
2021-07-19 00:00:00-04:00,135.45765932665697,135.97207018816158,134.8684237697197,135.43894958496094,587100,0.0,0.0
2021-07-20 00:00:00-04:00,133.41872437482266,135.1864167577545,133.29714673331392,134.77490234375,1081400,0.0,0.0
2021-07-21 00:00:00-04:00,127.50771723141868,131.11792672109314,127.28324314541172,129.87399291992188,2498800,0.0,0.0
2021-07-22 00:00:00-04:00,129.4344110140854,131.19275573396146,129.4344110140854,130.31358337402344,848000,0.0,0.0
2021-07-23 00:00:00-04:00,130.9495417927382,130.99630900202914,129.1070250631942,129.789794921875,821700,0.0,0.0
2021-07-26 00:00:00-04:00,130.08910209799382,130.3229239139459,129.31281195647065,129.6869354248047,685800,0.0,0.0
2021-07-27 00:00:00-04:00,132.48342260109982,132.59566676659296,130.98697168423843,132.268310546875,829700,0.0,0.0
2021-07-28 00:00:00-04:00,132.49279357958193,134.0547215547083,132.08126491138563,133.718017578125,642900,0.0,0.0
2021-07-29 00:00:00-04:00,134.354008640684,135.2892958968568,134.33531317093323,134.99935913085938,499000,0.0,0.0
2021-07-30 00:00:00-04:00,134.04538540984558,134.8403710681875,133.82091131559804,134.41949462890625,709400,0.0,0.0
2021-08-02 00:00:00-04:00,133.79284807743483,135.25189394884657,133.5122590395438,134.04537963867188,382800,0.0,0.0
2021-08-03 00:00:00-04:00,135.1583593473493,136.14041384309272,134.6439627617539,136.1217041015625,742400,0.0,0.0
2021-08-04 00:00:00-04:00,136.43971090263307,137.53399529106414,136.20588908618154,136.9167022705078,1003100,0.0,0.0
2021-08-05 00:00:00-04:00,138.91821033133573,139.63838549027247,138.84338564080394,139.3016815185547,574200,0.0,0.0
2021-08-06 00:00:00-04:00,137.4498253381096,137.99227940325926,136.88864725997715,136.8979949951172,490300,0.0,0.0
2021-08-09 00:00:00-04:00,136.926049465476,137.1972907634467,136.5519402691694,137.07569885253906,480600,0.0,0.0
2021-08-10 00:00:00-04:00,137.73039382913407,137.9455201697135,135.74758944710263,136.318115234375,390400,0.0,0.0
2021-08-11 00:00:00-04:00,136.97279968425295,137.14115879164297,135.59792643785653,135.8411102294922,359500,0.0,0.0
2021-08-12 00:00:00-04:00,136.94475643950406,138.31962982874344,136.39294039112926,138.18869018554688,375600,0.0,0.0
2021-08-13 00:00:00-04:00,138.2073934086011,138.7404996909923,137.89874692033248,138.70309448242188,221400,0.0,0.0
2021-08-16 00:00:00-04:00,137.90809129781664,138.8620882136666,137.55269187532332,138.35702514648438,644100,0.0,0.0
2021-08-17 00:00:00-04:00,138.2354570998807,139.34845120029465,138.10451745697029,139.28297424316406,497000,0.0,0.0
2021-08-18 00:00:00-04:00,139.08657275929474,139.41391473288374,137.97357865212044,138.02969360351562,317200,0.0,0.0
2021-08-19 00:00:00-04:00,136.1404100027836,138.0670994568611,136.13106226795782,137.5059356689453,543100,0.0,0.0
2021-08-20 00:00:00-04:00,137.88938648488937,138.3944495701167,137.62750720786417,138.27285766601562,305900,0.0,0.0
2021-08-23 00:00:00-04:00,138.1699684183437,139.4326117953282,137.65555762507782,139.31101989746094,259300,0.0,0.0
2021-08-24 00:00:00-04:00,138.28221958359012,139.0678574141647,138.0483977812989,138.6376190185547,290100,0.0,0.0
2021-08-25 00:00:00-04:00,137.88938223653045,138.13256603724014,137.33756622489665,137.468505859375,358300,0.0,0.0
2021-08-26 00:00:00-04:00,137.7303880563944,138.18868392248666,137.35627888460283,137.6088104248047,261100,0.0,0.0
2021-08-27 00:00:00-04:00,138.00163241125836,139.4139109782896,137.88938824014,139.09591674804688,338100,0.0,0.0
2021-08-30 00:00:00-04:00,139.16137329508666,140.2369621153779,138.927551499982,140.18084716796875,291000,0.0,0.0
2021-08-31 00:00:00-04:00,140.62979082500627,140.9945522799511,139.64773636281606,140.4240264892578,451000,0.0,0.0
2021-09-01 00:00:00-04:00,141.0226063028448,141.67730450449187,140.36790810119774,140.39596557617188,363500,0.0,0.0
2021-09-02 00:00:00-04:00,139.89092641508333,139.98444658100473,139.22686616168968,139.33909606933594,211500,0.0,0.0
2021-09-03 00:00:00-04:00,138.57216620033984,140.2930913625967,138.16063751559335,140.13409423828125,479200,0.0,0.0
2021-09-07 00:00:00-04:00,140.96648948661175,141.1441963399955,139.9283201122622,139.9376678466797,383300,0.0,0.0
2021-09-08 00:00:00-04:00,137.73039653983415,138.226097645098,137.14117527153715,137.2346954345703,544800,0.0,0.0
2021-09-09 00:00:00-04:00,137.03829190696948,137.48722579112552,136.05623743990554,136.2526397705078,345700,0.0,0.0
2021-09-10 00:00:00-04:00,137.17857995114332,137.44982124699618,135.5792467373663,135.68212890625,434400,0.0,0.0
2021-09-13 00:00:00-04:00,136.48644982837385,136.64546120601554,135.31734086621202,135.86917114257812,542100,0.0,0.0
2021-09-14 00:00:00-04:00,135.70082779573656,136.1217042167395,135.12095424997034,135.75694274902344,1336300,0.0,0.0
2021-09-15 00:00:00-04:00,136.13105258596917,136.252630215461,134.02665642041558,134.91517639160156,735800,0.0,0.0
2021-09-16 00:00:00-04:00,135.36411061347508,135.6072944158218,134.4568809001429,135.48570251464844,448800,0.0,0.0
2021-09-17 00:00:00-04:00,135.67277037000744,135.74759506486848,133.17555504834485,134.04537963867188,549300,0.0,0.0
2021-09-20 00:00:00-04:00,130.38839924910377,131.276919284388,129.1818707018576,130.16392517089844,829300,0.0,0.0
2021-09-21 00:00:00-04:00,132.8295012972609,133.57773396311416,132.06255889013974,132.65179443359375,668000,0.0,0.0
2021-09-22 00:00:00-04:00,132.60501688979298,133.31583001775758,132.09060608011794,132.61436462402344,320200,0.0,0.0
2021-09-23 00:00:00-04:00,134.5691226198071,135.616639683635,134.37270603466453,135.50440979003906,297400,0.0,0.0
2021-09-24 00:00:00-04:00,133.03525265667457,133.54030145082018,132.38990222373596,133.3625946044922,451700,0.0,0.0
2021-09-27 00:00:00-04:00,132.94172315832978,133.3625995476093,132.1280278542994,133.27842712402344,360900,0.0,0.0
2021-09-28 00:00:00-04:00,130.05168625121763,130.12651093876528,128.56458304850165,128.66746520996094,716800,0.0,0.0
2021-09-29 00:00:00-04:00,128.63003803714224,128.8077448755205,127.26452681728122,127.5170440673828,432600,0.0,0.0
2021-09-30 00:00:00-04:00,127.04941059734674,127.46093925127136,126.21700555512656,126.30117797851562,458600,0.0,0.0
2021-10-01 00:00:00-04:00,127.29258434742418,127.376756764163,125.29107045621193,127.15228271484376,488700,0.0,0.0
2021-10-04 00:00:00-04:00,126.42276917485113,126.46018865482594,124.47737008531332,125.11337280273438,456300,0.0,0.0
2021-10-05 00:00:00-04:00,124.7205633131004,125.39397129001873,124.60831913604656,124.78602600097656,698800,0.0,0.0
2021-10-06 00:00:00-04:00,124.54284999690417,127.00264568802854,124.3744908757199,126.96524047851562,700100,0.0,0.0
2021-10-07 00:00:00-04:00,126.76882882243318,128.1250067652455,126.6285414421048,126.88107299804688,568700,0.0,0.0
2021-10-08 00:00:00-04:00,127.8911845145275,127.90053224940053,126.60048353450198,126.67530822753906,525300,0.0,0.0
2021-10-11 00:00:00-04:00,126.5069467225942,127.02135755796115,126.19830022137404,126.37600708007812,670200,0.0,0.0
2021-10-12 00:00:00-04:00,126.66594297788492,126.86235957599666,125.76807522713278,125.917724609375,526100,0.0,0.0
2021-10-13 00:00:00-04:00,131.91290318023675,132.68919328510947,131.01503544132763,132.48342895507812,991600,0.0,0.0
2021-10-14 00:00:00-04:00,134.53171091947436,136.065581396487,134.2511218979116,135.654052734375,682000,0.0,0.0
2021-10-15 00:00:00-04:00,136.36487451555433,136.89798079024754,135.85981144337143,136.57998657226562,471400,0.0,0.0
2021-10-18 00:00:00-04:00,135.93465004279955,136.13106665127262,135.48571614374146,135.96270751953125,468400,0.0,0.0
2021-10-19 00:00:00-04:00,136.14039978916756,136.63610085341224,135.0274057603107,135.0741729736328,559400,0.0,0.0
2021-10-20 00:00:00-04:00,135.8691789123761,135.8785266469221,134.25112174084236,134.35400390625,647000,0.0,0.0
2021-10-21 00:00:00-04:00,130.22003906365285,131.88484921725572,128.87322314807506,130.43516540527344,1417300,0.0,0.0
2021-10-22 00:00:00-04:00,132.4460138833888,133.13813151207995,131.64166636352854,132.60501098632812,764800,0.0,0.0
2021-10-25 00:00:00-04:00,134.49430432078813,135.40153406070564,133.6151320556021,135.35476684570312,742800,0.0,0.0
2021-10-26 00:00:00-04:00,136.45838980351448,137.1131022271631,136.1216858578535,136.2993927001953,848800,0.0,0.0
2021-10-27 00:00:00-04:00,135.27993573149752,136.03751605596946,135.205111045317,135.50440979003906,538600,0.0,0.0
2021-10-28 00:00:00-04:00,137.33756809003742,138.31027476338656,137.30016288168554,137.9268035888672,539000,0.0,0.0
2021-10-29 00:00:00-04:00,135.14900938018204,136.1591213358625,134.97130251695802,135.410888671875,609900,0.0,0.0
2021-11-01 00:00:00-04:00,136.22458263858246,137.01958251186744,135.71018606671078,136.7764129638672,615400,0.0,0.0
2021-11-02 00:00:00-04:00,137.63687434035876,137.93615883752813,136.76704978177898,137.45916748046875,443100,0.0,0.0
2021-11-03 00:00:00-04:00,138.24481833619896,140.00316308816713,137.89876658999967,139.75997924804688,427600,0.0,0.0
2021-11-04 00:00:00-04:00,138.85275010418013,139.73190812294968,138.70310072046803,139.28297424316406,456700,0.0,0.0
2021-11-05 00:00:00-04:00,139.61967855535707,139.9750922746872,138.79662121431917,139.85350036621094,550100,0.0,0.0
2021-11-08 00:00:00-05:00,139.27362016034868,140.21825509319234,139.0117408864643,139.06785583496094,390900,0.0,0.0
2021-11-09 00:00:00-05:00,139.6383851428415,139.77867251764553,138.544100805319,138.7311553955078,340200,0.0,0.0
2021-11-10 00:00:00-05:00,137.5994368095583,138.10449984734876,136.2245635986328,136.2245635986328,373400,0.0,0.0
2021-11-11 00:00:00-05:00,136.29005104682363,136.5145251110621,135.532470703125,135.532470703125,292200,0.0,0.0
2021-11-12 00:00:00-05:00,134.653305458592,134.68136293416188,133.18489763746422,133.1942596435547,561900,0.0,0.0
2021-11-15 00:00:00-05:00,133.13814099672814,133.5029024403623,132.1747963053007,132.2309112548828,411800,0.0,0.0
2021-11-16 00:00:00-05:00,132.3711994019708,133.71801528520953,132.2683172366859,133.053955078125,482600,0.0,0.0
2021-11-17 00:00:00-05:00,133.01655191165514,133.0539571217194,132.40862091649362,132.78273010253906,314500,0.0,0.0
2021-11-18 00:00:00-05:00,131.65102467960352,133.2597198486328,131.57619998902652,133.2597198486328,381900,0.0,0.0
2021-11-19 00:00:00-05:00,133.16620354339457,133.63384716952382,131.6603904964044,131.8287353515625,563000,0.0,0.0
2021-11-22 00:00:00-05:00,129.0602989366995,129.23799153476182,127.13359512163204,127.1616668701172,687200,0.0,0.0
2021-11-23 00:00:00-05:00,126.23571029749944,126.93717567400418,125.5061874476425,126.70335388183594,548000,0.0,0.0
2021-11-24 00:00:00-05:00,123.02767935987758,125.04790325771604,122.81256728700204,125.010498046875,652400,0.0,0.0
2021-11-26 00:00:00-05:00,124.01909166639008,124.50543074771518,121.85856619004969,122.22332763671876,536500,0.0,0.0
2021-11-29 00:00:00-05:00,123.72913740496148,124.48673202487323,122.79385020498904,124.32772064208984,740900,0.0,0.0
2021-11-30 00:00:00-05:00,122.36363184066272,122.87804267911432,119.45488794107376,120.1282958984375,1516500,0.0,0.0
2021-12-01 00:00:00-05:00,122.97155774187593,124.23420117741708,121.35351487288222,121.40962982177734,1096300,0.0,0.0
2021-12-02 00:00:00-05:00,121.25064439520489,122.2233369029492,120.53983118844371,121.74634552001952,824500,0.0,0.0
2021-12-03 00:00:00-05:00,122.08303694090878,122.2513960578269,119.77287641772476,120.63333892822266,625300,0.0,0.0
2021-12-06 00:00:00-05:00,122.07369788894098,124.12197928380051,121.63411173244825,124.00973510742188,997900,0.0,0.0
2021-12-07 00:00:00-05:00,124.11260751952835,126.20765596721668,124.11260751952835,125.79612731933594,819900,0.0,0.0
2021-12-08 00:00:00-05:00,125.72130016882215,126.00188917518564,125.14142668799406,125.81483459472656,519400,0.0,0.0
2021-12-09 00:00:00-05:00,125.30978524874604,125.44072489653853,124.1967911068344,124.26226806640624,346800,0.0,0.0
2021-12-10 00:00:00-05:00,126.05799905642304,126.92782351406014,125.78677206635932,126.62852478027344,556400,0.0,0.0
2021-12-13 00:00:00-05:00,129.56532591791617,129.64949833510354,128.29333484102676,129.02285766601562,875600,0.0,0.0
2021-12-14 00:00:00-05:00,127.74152864015996,128.08758034044763,125.9270691723865,126.824951171875,710700,0.0,0.0
2021-12-15 00:00:00-05:00,127.26454103441078,129.50922469194674,127.19906407765193,129.45310974121094,606200,0.0,0.0
2021-12-16 00:00:00-05:00,130.73444538158256,130.80927007112172,128.08758085845454,128.74227905273438,559300,0.0,0.0
2021-12-17 00:00:00-05:00,129.2005786269143,130.9215037215809,128.7703402175723,129.65887451171875,1175200,0.0,0.0
2021-12-20 00:00:00-05:00,127.38611475856533,127.98469800028263,126.82495099708984,127.55447387695312,773600,0.0,0.0
2021-12-21 00:00:00-05:00,127.90986768982154,128.7235772287933,127.07746268290072,128.52716064453125,487300,0.0,0.0
2021-12-22 00:00:00-05:00,128.34947185583746,130.39775332103233,128.26529942417642,130.37904357910156,423200,0.0,0.0
2021-12-23 00:00:00-05:00,130.16391514817096,131.26756144184355,130.16391514817096,131.01502990722656,336400,0.0,0.0
2021-12-27 00:00:00-05:00,130.79992687127975,132.20285773823798,130.79992687127975,132.146728515625,365100,0.0,0.0
2021-12-28 00:00:00-05:00,131.56685542317837,132.45537545423522,131.18338422649197,132.3524932861328,504400,0.0,0.0
2021-12-29 00:00:00-05:00,131.31431932482076,131.64167555872896,130.6689831341723,130.9776153564453,465900,0.0,0.0
2021-12-30 00:00:00-05:00,131.7913213965657,132.2963701998811,131.28625832190036,131.31431579589844,246600,0.0,0.0
2021-12-31 00:00:00-05:00,131.20210320985106,131.80068651969984,130.9402239037517,131.04310607910156,254100,0.0,0.0
2022-01-03 00:00:00-05:00,131.23950566267385,132.4086146529499,130.1545690945737,132.24960327148438,811200,0.0,0.0
2022-01-04 00:00:00-05:00,131.97838690310445,132.17480350869675,130.8841025125645,131.1927490234375,749400,0.0,0.0
2022-01-05 00:00:00-05:00,132.4740832169288,132.5208504328862,130.36968694100028,130.54739379882812,902900,0.0,0.0
2022-01-06 00:00:00-05:00,128.3775172712577,129.6775659219426,127.94729314673332,128.125,837300,0.0,0.0
2022-01-07 00:00:00-05:00,128.19982537814468,129.47180228972934,127.77893471441998,129.31280517578125,632300,0.0,0.0
2022-01-10 00:00:00-05:00,128.23722125746096,129.67755718401412,127.64798578819637,129.64015197753906,803500,0.0,0.0
2022-01-11 00:00:00-05:00,128.8264620695621,129.976861311759,128.56458279932784,129.80850219726562,720400,0.0,0.0
2022-01-12 00:00:00-05:00,130.818626076824,131.32368919530938,130.00493071758228,131.08050537109375,591500,0.0,0.0
2022-01-13 00:00:00-05:00,130.03297484301774,130.3790265310542,127.00263925729536,127.11488342285156,657300,0.0,0.0
2022-01-14 00:00:00-05:00,127.72282349064614,130.04233185494675,127.69476601509275,129.91139221191406,1388800,0.0,0.0
2022-01-18 00:00:00-05:00,127.60123477787876,128.89193577106028,126.92784107638307,127.2926025390625,988000,0.0,0.0
2022-01-19 00:00:00-05:00,128.34010815514037,129.649504500374,127.84440709077695,127.93792724609376,681300,0.0,0.0
2022-01-20 00:00:00-05:00,130.26679792149298,130.7718609931023,128.0314621212883,128.14369201660156,1018100,0.0,0.0
2022-01-21 00:00:00-05:00,128.4804021967439,128.9199883364783,126.95589371661768,127.0120086669922,1414800,0.0,0.0
2022-01-24 00:00:00-05:00,123.60755887630694,125.26300693287044,121.27868862759306,125.0666046142578,1767900,0.0,0.0
2022-01-25 00:00:00-05:00,122.33556923069068,125.24431300820116,121.49380218363916,123.75720977783205,1474600,0.0,0.0
2022-01-26 00:00:00-05:00,124.6925019506636,125.65584666819215,122.83127520144248,123.71979522705078,1572900,0.0,0.0
2022-01-27 00:00:00-05:00,115.90079241653204,117.09795893529235,114.17986732973291,114.46044921875,2149000,0.0,0.0
2022-01-28 00:00:00-05:00,111.95387465707492,114.13309553923956,111.33658881743808,114.07698059082033,1479600,0.0,0.0
2022-01-31 00:00:00-05:00,113.93669187450328,117.12602480435052,113.93669187450328,117.10731506347656,1143000,0.0,0.0
2022-02-01 00:00:00-05:00,118.36060084690516,119.56711508438572,117.21954929388924,119.41747283935548,1289400,0.0,0.0
2022-02-02 00:00:00-05:00,118.78148130258334,119.2210674538364,118.45413219069556,118.9217758178711,989800,0.0,0.0
2022-02-03 00:00:00-05:00,116.23749874860512,117.3224353880258,115.59214826013331,115.79791259765624,1063900,0.0,0.0
2022-02-04 00:00:00-05:00,116.48067651193178,118.25772373757128,116.2468546963391,117.97713470458984,1343100,0.0,0.0
2022-02-07 00:00:00-05:00,119.44553174268071,119.86641527919149,118.34189252164354,118.67859649658205,1121800,0.0,0.0
2022-02-08 00:00:00-05:00,117.17278034524996,117.75266098339308,116.67707926642726,117.5562515258789,711300,0.0,0.0
2022-02-09 00:00:00-05:00,117.42531346559244,118.19224870148192,116.84543281965644,118.11742401123048,945900,0.0,0.0
2022-02-10 00:00:00-05:00,115.54538276738984,117.99583782617222,115.47991294812384,115.83531951904295,679500,0.0,0.0
2022-02-11 00:00:00-05:00,115.62956333989668,116.143974195864,112.25317570335832,112.5524673461914,979100,0.0,0.0
2022-02-14 00:00:00-05:00,110.91571297761006,111.80424015793264,109.88689841652518,110.69124603271484,1384500,0.0,0.0
2022-02-15 00:00:00-05:00,112.4308798899061,112.7582290015046,111.91647618187284,112.46829223632812,703400,0.0,0.0
2022-02-16 00:00:00-05:00,112.10352450295966,113.21651855576668,111.37400162775592,113.08557891845705,766600,0.0,0.0
2022-02-17 00:00:00-05:00,111.8323065181492,112.0287160024949,110.11138124444808,110.2142562866211,724700,0.0,0.0
2022-02-18 00:00:00-05:00,109.99913895630904,110.05525391039922,108.12856437276253,108.22209167480467,831600,0.0,0.0
2022-02-22 00:00:00-05:00,106.21121978759766,107.1184495785562,105.0795230504838,106.21121978759766,1052500,0.0,0.0
2022-02-23 00:00:00-05:00,106.9781504907757,107.09974239715804,103.70464519519372,103.79817962646484,1219500,0.0,0.0
2022-02-24 00:00:00-05:00,100.65561776520724,104.7615282769776,100.42179594956804,104.70540618896484,1878600,0.0,0.0
2022-02-25 00:00:00-05:00,106.2486302665859,107.60480106168744,105.66875673790668,107.57673645019533,909500,0.0,0.0
2022-02-28 00:00:00-05:00,104.9205308651485,106.753693138982,104.25647773041872,105.29464721679688,1295500,0.0,0.0
2022-03-01 00:00:00-05:00,103.94782230093249,104.6773451995339,101.8340711605083,102.1801300048828,1442000,0.0,0.0
2022-03-02 00:00:00-05:00,103.92912139569992,106.09898752206472,103.47082550724724,105.86516571044922,1509900,0.0,0.0
2022-03-03 00:00:00-05:00,104.26582624818865,104.32194120003004,101.62831647651174,101.9556655883789,1281900,0.0,0.0
2022-03-04 00:00:00-05:00,100.18797528624305,100.44985458106288,98.52315794577652,99.23397827148438,1618000,0.0,0.0
2022-03-07 00:00:00-05:00,101.06714308892757,101.44125943507936,98.15839902271917,98.17710876464844,1888000,0.0,0.0
2022-03-08 00:00:00-05:00,99.2246236148552,101.91825553464398,97.40081628222792,99.33686065673828,1672700,0.0,0.0
2022-03-09 00:00:00-05:00,102.5355460835368,105.63135195777384,102.1614368649504,104.61188507080078,1394800,0.0,0.0
2022-03-10 00:00:00-05:00,101.09519578109816,102.35783928155637,100.52467712142337,101.48802185058594,874200,0.0,0.0
2022-03-11 00:00:00-05:00,103.70464729062452,103.94782397262752,100.63690626477258,100.71173095703124,959200,0.0,0.0
2022-03-14 00:00:00-04:00,103.39601891697058,104.49030339883036,102.73195862215704,102.92837524414062,1005100,0.0,0.0
2022-03-15 00:00:00-04:00,103.70464895290507,103.82624086369329,102.011781293551,103.56436157226562,898900,0.0,0.0
2022-03-16 00:00:00-04:00,105.1262924251358,107.08103942871094,104.16294766179104,107.08103942871094,897600,0.0,0.0
2022-03-17 00:00:00-04:00,106.28604726626104,108.24080141661857,106.16446248717378,108.22209167480467,816300,0.0,0.0
2022-03-18 00:00:00-04:00,104.98599333843282,108.07244410376605,104.98599333843282,107.89473724365234,1406200,0.0,0.0
2022-03-21 00:00:00-04:00,105.46299746856911,106.36087241622344,104.1535938273615,104.6305923461914,1329300,0.0,0.0
2022-03-22 00:00:00-04:00,104.5651190815581,105.96804997906196,104.36870247651306,105.4349365234375,911200,0.0,0.0
2022-03-23 00:00:00-04:00,103.3398865158425,103.77011779564944,102.5916609953556,102.68518829345705,1007300,0.0,0.0
2022-03-24 00:00:00-04:00,102.89095492801414,104.09747636678529,102.44201389715778,104.02265167236328,712600,0.0,0.0
2022-03-25 00:00:00-04:00,104.78023823517846,104.78023823517846,103.2089552383958,104.1348876953125,570700,0.0,0.0
2022-03-28 00:00:00-04:00,103.6953053120409,104.69606243560838,103.21830679200755,104.57447052001952,905600,0.0,0.0
2022-03-29 00:00:00-04:00,107.82926832667394,108.49332142046644,106.37957022928543,107.31485748291016,920500,0.0,0.0
2022-03-30 00:00:00-04:00,106.13640530877834,106.80980616678232,105.4629973150986,105.8277587890625,982400,0.0,0.0
2022-03-31 00:00:00-04:00,105.7809942707416,105.98675862247217,103.71401015361592,103.77947998046876,1323100,0.0,0.0
2022-04-01 00:00:00-04:00,103.63918482640308,103.89171639678509,102.33913603273544,103.47083282470705,749800,0.0,0.0
2022-04-04 00:00:00-04:00,103.0125350096416,105.3039858703907,103.00318013934634,105.20111083984376,1238900,0.0,0.0
2022-04-05 00:00:00-04:00,103.92911930787687,104.5370502973242,103.1154168509582,103.63917541503906,1559300,0.0,0.0
2022-04-06 00:00:00-04:00,102.862898383332,103.24636245828611,101.9930809259048,102.61036682128906,766200,0.0,0.0
2022-04-07 00:00:00-04:00,101.90890544786424,102.69455050657544,101.35708935463842,102.11466979980467,1048700,0.0,0.0
2022-04-08 00:00:00-04:00,100.96425394269248,102.3671847921176,100.84266917125208,101.45060729980467,800000,0.0,0.0
2022-04-11 00:00:00-04:00,101.19807820684272,101.50672471376866,100.4592075542752,100.59949493408205,1088400,0.0,0.0
2022-04-12 00:00:00-04:00,99.76709342545374,100.58079593589326,98.05551597367185,98.59798431396484,1398600,0.0,0.0
2022-04-13 00:00:00-04:00,97.54110482579917,99.14979998253808,97.3259856259526,99.06562042236328,1154900,0.0,0.0
2022-04-14 00:00:00-04:00,98.81309199287342,98.88791667983443,97.16698455810548,97.16698455810548,914600,0.0,0.0
2022-04-18 00:00:00-04:00,97.19505031109412,98.00875279583974,96.5216423424323,97.47563934326172,1020800,0.0,0.0
2022-04-19 00:00:00-04:00,97.54110644720498,98.51380602641784,97.4195216756816,98.42962646484376,1106300,0.0,0.0
2022-04-20 00:00:00-04:00,99.65486160018136,100.5433816535471,99.0936835289234,99.9635009765625,1350300,0.0,0.0
2022-04-21 00:00:00-04:00,101.2916119764263,101.7311909897296,99.35556765536334,99.45844268798828,1723500,0.0,0.0
2022-04-22 00:00:00-04:00,98.2519265967626,98.85050985451583,97.07346268620292,97.12957763671876,2378700,0.0,0.0
2022-04-25 00:00:00-04:00,96.2878191967461,97.0641093240954,95.69859080014834,97.01734924316406,1541400,0.0,0.0
2022-04-26 00:00:00-04:00,96.57776926208412,96.671296565594,93.3136114248847,93.3323211669922,1362500,0.0,0.0
2022-04-27 00:00:00-04:00,93.65030511123535,94.52947736588152,92.49990584698676,93.0891342163086,1589600,0.0,0.0
2022-04-28 00:00:00-04:00,94.46401411931969,96.52164325576732,93.86543083832854,96.0633544921875,1185100,0.0,0.0
2022-04-29 00:00:00-04:00,96.80223512491392,97.31664599192533,94.15537036497489,94.27696228027344,1137200,0.0,0.0
2022-05-02 00:00:00-04:00,94.68848431409822,95.7921236142256,94.22084066380144,95.78277587890624,1658100,0.0,0.0
2022-05-03 00:00:00-04:00,94.52948173895652,94.90359806477323,93.14525347413728,93.52872467041016,1990000,0.0,0.0
2022-05-04 00:00:00-04:00,93.33231502740564,95.95111503179204,92.20061831732671,95.92305755615234,2117600,0.0,0.0
2022-05-05 00:00:00-04:00,94.69784326294727,94.87555014112868,92.48120969624529,93.36038208007812,2176800,0.0,0.0
2022-05-06 00:00:00-04:00,90.92863003617914,91.3401587206812,89.34799225768317,89.91851806640625,1988400,0.0,0.0
2022-05-09 00:00:00-04:00,88.89905767740588,91.07827158872595,88.65588098973744,89.76887512207031,2595300,0.0,0.0
2022-05-10 00:00:00-04:00,91.8732692319833,92.06967869718632,89.9372249199245,90.5638656616211,1520600,0.0,0.0
2022-05-11 00:00:00-04:00,90.25522097549624,92.04162307485052,89.1328791129727,89.40410614013672,1568900,0.0,0.0
2022-05-12 00:00:00-04:00,89.10481629770547,91.49915659406857,88.85229187103246,90.69480895996094,1578500,0.0,0.0
2022-05-13 00:00:00-04:00,91.11568316801208,92.62149622765408,90.7696314486012,92.32220458984376,1214000,0.0,0.0
2022-05-16 00:00:00-04:00,91.79844633377904,91.9480885853782,90.6199823838554,91.22792053222656,754300,0.0,0.0
2022-05-17 00:00:00-04:00,93.53807854794384,93.58483862837744,91.4523848702365,92.64955139160156,1174400,0.0,0.0
2022-05-18 00:00:00-04:00,91.05957056723656,91.18115534534822,86.9256024833319,87.20618438720703,2296700,0.0,0.0
2022-05-19 00:00:00-04:00,89.72858703215724,92.8094013953512,89.54566893576803,91.79850769042967,2220400,2.66,0.0
2022-05-20 00:00:00-04:00,93.71438904551916,93.9454550924231,92.25100747457948,93.80104064941406,2173600,0.0,0.0
2022-05-23 00:00:00-04:00,94.96596996259878,96.1212708024925,94.57124499130413,96.11164855957033,1688500,0.0,0.0
2022-05-24 00:00:00-04:00,95.99611780582872,96.22717651022252,94.2631665050394,95.02373504638672,2749800,0.0,0.0
2022-05-25 00:00:00-04:00,93.01158316330996,94.40757230404002,92.655361850641,93.69513702392578,1331400,0.0,0.0
2022-05-26 00:00:00-04:00,93.4255697830637,95.12001744222928,93.33891817705566,94.80230712890624,760900,0.0,0.0
2022-05-27 00:00:00-04:00,96.2849388684566,97.38247680664062,96.27530928086604,97.38247680664062,1034400,0.0,0.0
2022-05-31 00:00:00-04:00,96.02499538186592,96.57376437359902,95.06224224933608,96.12126922607422,1459200,0.0,0.0
2022-06-01 00:00:00-04:00,97.18030506683704,97.56540044968874,95.4184650439185,95.6302719116211,1786100,0.0,0.0
2022-06-02 00:00:00-04:00,95.8131888156908,98.32597508703265,95.63027071469276,98.31635284423828,967700,0.0,0.0
2022-06-03 00:00:00-04:00,96.8433372238056,97.30546197434174,96.29456821423229,96.68930053710938,678900,0.0,0.0
2022-06-06 00:00:00-04:00,98.36448333546998,98.58591978232973,96.8818426669098,97.10327911376952,740600,0.0,0.0
2022-06-07 00:00:00-04:00,96.73744064546555,98.25858505427226,96.56414478304154,98.19119262695312,955900,0.0,0.0
2022-06-08 00:00:00-04:00,96.82408732580622,97.27658249707684,95.919096983265,96.14053344726562,815000,0.0,0.0
2022-06-09 00:00:00-04:00,95.12964134994937,95.745802810386,93.1752535290122,93.18488311767578,940000,0.0,0.0
2022-06-10 00:00:00-04:00,92.02956800645052,92.04882718234124,90.1714615202872,90.66246032714844,1284300,0.0,0.0
2022-06-13 00:00:00-04:00,87.27358194340636,88.35186086222329,86.76332390571989,87.43724822998047,1837900,0.0,0.0
2022-06-14 00:00:00-04:00,88.30372072488117,88.45775741046674,86.56113986138787,87.0040054321289,1629900,0.0,0.0
2022-06-15 00:00:00-04:00,89.31460952114512,90.70097645461108,88.01489419363273,89.82487487792969,1294400,0.0,0.0
2022-06-16 00:00:00-04:00,88.91987471741575,89.59379893275722,88.40961676219678,89.30497741699219,1466000,0.0,0.0
2022-06-17 00:00:00-04:00,89.2183309634096,90.30624670331537,88.56365853995936,89.53604125976562,1435500,0.0,0.0
2022-06-21 00:00:00-04:00,90.81649998820232,91.36526895113512,90.48916012080524,90.58543395996094,1023200,0.0,0.0
2022-06-22 00:00:00-04:00,89.61306343563248,91.70223597262768,89.52641183409489,90.49879455566406,915100,0.0,0.0
2022-06-23 00:00:00-04:00,89.863379060021,90.8742728457109,89.33386921365042,90.7298583984375,919000,0.0,0.0
2022-06-24 00:00:00-04:00,92.222136406324,94.7926858685612,92.15474397138529,94.74455261230467,1276900,0.0,0.0
2022-06-27 00:00:00-04:00,94.10912405771492,94.64826349212636,93.26190389717928,93.67588806152344,835700,0.0,0.0
2022-06-28 00:00:00-04:00,92.96344468137669,93.43519902799092,91.90441765275123,91.91404724121094,1405100,0.0,0.0
2022-06-29 00:00:00-04:00,90.81650684468995,91.65409738832646,90.2773600833119,90.43140411376952,1221400,0.0,0.0
2022-06-30 00:00:00-04:00,86.56114514617346,87.85123092945737,85.64652518415697,87.34097290039062,1805100,0.0,0.0
2022-07-01 00:00:00-04:00,86.4263554977019,87.33134589769831,85.98348988680827,87.32171630859375,1630000,0.0,0.0
2022-07-05 00:00:00-04:00,84.30829187451008,85.8679546000133,84.06760359037077,85.83907318115234,1580400,0.0,0.0
2022-07-06 00:00:00-04:00,86.68629635277927,87.0232584934077,85.67540258567021,86.51300048828125,1459800,0.0,0.0
2022-07-07 00:00:00-04:00,86.53225766080591,87.35060378241613,86.52263541706817,87.33134460449219,805600,0.0,0.0
2022-07-08 00:00:00-04:00,86.72480623171339,87.8512256636706,86.33007391124323,87.21580505371094,860400,0.0,0.0
2022-07-11 00:00:00-04:00,85.84869606396963,86.01236233555086,84.9148243393112,85.03035736083984,1008600,0.0,0.0
2022-07-12 00:00:00-04:00,84.57786542730776,84.770420470518,82.90267695010985,83.13373565673828,1164700,0.0,0.0
2022-07-13 00:00:00-04:00,81.42003006399237,83.30702527457564,81.3333858099644,82.74862670898438,1170200,0.0,0.0
2022-07-14 00:00:00-04:00,81.48742651647217,82.59459411464856,80.38988850651607,82.23837280273438,1142100,0.0,0.0
2022-07-15 00:00:00-04:00,83.75952165777034,84.7415266108252,83.41292994605135,84.72227478027344,1065800,0.0,0.0
2022-07-18 00:00:00-04:00,85.4539720095438,86.15677769867015,84.58749270186013,84.80892181396484,1003100,0.0,0.0
2022-07-19 00:00:00-04:00,87.18692761211338,88.97764915523493,86.83071362835979,88.90062713623047,1548200,0.0,0.0
2022-07-20 00:00:00-04:00,88.35185208923446,89.2761015639093,88.08228238629742,88.89099884033203,1609100,0.0,0.0
2022-07-21 00:00:00-04:00,84.56823696389193,86.98474953545553,84.06760853533291,86.92698669433594,2309800,0.0,0.0
2022-07-22 00:00:00-04:00,91.24975235340992,92.2317647870481,89.7959928813825,90.25811767578124,1907300,0.0,0.0
2022-07-25 00:00:00-04:00,89.53604530086707,89.65157832618102,87.83197541252325,88.5444107055664,1303800,0.0,0.0
2022-07-26 00:00:00-04:00,87.49500755260914,87.57202957091789,86.52263211605089,86.92698669433594,924000,0.0,0.0
2022-07-27 00:00:00-04:00,86.26268192552874,88.1304254119989,86.07013423104105,87.90898895263672,1545200,0.0,0.0
2022-07-28 00:00:00-04:00,87.35059561528988,88.5444074521069,86.4648571442093,88.35185241699219,1051800,0.0,0.0
2022-07-29 00:00:00-04:00,89.09317736730688,89.87300506820299,88.76583747684616,89.73822021484375,763300,0.0,0.0
2022-08-01 00:00:00-04:00,90.28699364134756,91.12459156703602,89.90189089349455,90.29662322998048,1834700,0.0,0.0
2022-08-02 00:00:00-04:00,88.14005639237541,88.68882541007866,87.72607223198708,87.79346466064453,1076300,0.0,0.0
2022-08-03 00:00:00-04:00,88.82360735491775,90.15220405283964,88.82360735491775,90.0077896118164,777200,0.0,0.0
2022-08-04 00:00:00-04:00,91.59633110761212,91.78887879322517,90.86463668088048,91.7407455444336,876800,0.0,0.0
2022-08-05 00:00:00-04:00,90.1618393794233,91.04757056774464,89.94040290973093,91.0379409790039,815200,0.0,0.0
2022-08-08 00:00:00-04:00,91.48080010377996,92.0488282757278,90.61432815421568,90.8165054321289,629900,0.0,0.0
2022-08-09 00:00:00-04:00,90.68172249491256,90.77799634187213,90.0366722953138,90.26773834228516,643700,0.0,0.0
2022-08-10 00:00:00-04:00,92.61685448991264,93.21376411553796,92.14510748067389,92.49169921875,931900,0.0,0.0
2022-08-11 00:00:00-04:00,92.6072316313259,92.6072316313259,91.51931582644907,91.69261169433594,792500,0.0,0.0
2022-08-12 00:00:00-04:00,91.95256088092648,92.4146783070801,91.53857670800085,92.37616729736328,674200,0.0,0.0
2022-08-15 00:00:00-04:00,91.37489925041125,92.32802275235645,91.3074994827318,92.24137115478516,1193300,0.0,0.0
2022-08-16 00:00:00-04:00,90.6817229717538,91.17272179739646,90.20996863229102,90.69134521484376,828000,0.0,0.0
2022-08-17 00:00:00-04:00,89.61306238711623,90.09443894826931,89.10280440752967,89.48789978027344,746900,0.0,0.0
2022-08-18 00:00:00-04:00,89.28572877555605,89.50716524113379,88.67919691019361,89.01615905761719,703600,0.0,0.0
2022-08-19 00:00:00-04:00,88.91025658967989,89.03541920667776,88.06303641759152,88.20745086669922,706800,0.0,0.0
2022-08-22 00:00:00-04:00,86.11826596325446,86.1760361467609,84.94371329523625,85.13626098632812,916700,0.0,0.0
2022-08-23 00:00:00-04:00,84.62601121549346,85.5983940439869,84.03873115181939,84.11575317382812,765400,0.0,0.0
2022-08-24 00:00:00-04:00,83.78840625014983,84.81855183644157,83.58622896819243,84.16387939453125,753000,0.0,0.0
2022-08-25 00:00:00-04:00,84.08685713749638,84.92445502767782,83.66325074351697,84.91482543945312,704800,0.0,0.0
2022-08-26 00:00:00-04:00,84.57786499028302,84.63563517555951,80.90014815404494,81.10232543945312,1116400,0.0,0.0
2022-08-29 00:00:00-04:00,81.21785013033227,81.88215210366369,81.00604327824264,81.42965698242188,959800,0.0,0.0
2022-08-30 00:00:00-04:00,82.49832162963281,82.67161749433976,80.96754026718418,81.37189483642578,734500,0.0,0.0
2022-08-31 00:00:00-04:00,82.15173321372073,83.0856050031291,81.90141532233133,82.04582977294922,1234500,0.0,0.0
2022-09-01 00:00:00-04:00,81.38152245876152,81.53556648821237,79.34049048510302,80.85201263427734,1300300,0.0,0.0
2022-09-02 00:00:00-04:00,81.67997151269398,82.3731549371948,79.68707283986583,80.16844940185547,1080300,0.0,0.0
2022-09-06 00:00:00-04:00,81.67034794539164,81.99768047652829,80.6787134190122,81.03492736816406,1035900,0.0,0.0
2022-09-07 00:00:00-04:00,81.44891784865892,82.5945964874056,81.20822955280283,82.3827896118164,1992400,0.0,0.0
2022-09-08 00:00:00-04:00,80.57281376946924,82.15172835364194,80.3417477240608,82.1324691772461,960200,0.0,0.0
2022-09-09 00:00:00-04:00,83.18187668432523,84.02909684316323,83.16261750729261,83.82691955566406,649500,0.0,0.0
2022-09-12 00:00:00-04:00,85.20365063324405,85.97385606293334,85.08811761522367,85.63688659667969,818800,0.0,0.0
2022-09-13 00:00:00-04:00,83.7691549130827,84.37568676253328,82.52720244925403,82.6619873046875,1077500,0.0,0.0
2022-09-14 00:00:00-04:00,82.35390577555407,83.15299265720743,81.97843263265163,83.09522247314453,1289100,0.0,0.0
2022-09-15 00:00:00-04:00,82.31539627295822,82.7871432709593,81.07344379864114,81.26599884033203,1332700,0.0,0.0
2022-09-16 00:00:00-04:00,79.90851670904613,80.99642519586452,79.81224285675475,80.81350708007812,1093200,0.0,0.0
2022-09-19 00:00:00-04:00,79.6100598878396,81.13120427413628,79.60043029972974,81.12158203125,934900,0.0,0.0
2022-09-20 00:00:00-04:00,79.66782200060517,80.50541987316994,79.30197845322122,79.84111785888672,1331500,0.0,0.0
2022-09-21 00:00:00-04:00,79.97589954115004,80.88088980356154,79.11904987171826,79.27308654785156,1162200,0.0,0.0
2022-09-22 00:00:00-04:00,78.9842686110018,79.22495689637958,77.95412304339379,78.33922576904297,1612700,0.0,0.0
2022-09-23 00:00:00-04:00,76.2307952100805,76.51962409506163,75.30655306145404,76.50999450683594,2048200,0.0,0.0
2022-09-26 00:00:00-04:00,77.09727531435854,78.0696507236873,76.20191457595793,76.66403198242188,2899800,0.0,0.0
2022-09-27 00:00:00-04:00,77.48237958764197,77.9733784236015,75.63388788942902,76.17303466796875,2478700,0.0,0.0
2022-09-28 00:00:00-04:00,76.41372219144331,78.72432393669794,76.06713046061036,78.42587280273438,2057000,0.0,0.0
2022-09-29 00:00:00-04:00,77.26094725166905,77.55939840459936,76.24043117115303,77.48238372802734,2137300,0.0,0.0
2022-09-30 00:00:00-04:00,78.42587112878951,79.53303872613952,78.16593100882493,78.22369384765625,1390600,0.0,0.0
2022-10-03 00:00:00-04:00,79.37899950360739,80.98680295229225,78.97464491684913,80.81350708007812,1686600,0.0,0.0
2022-10-04 00:00:00-04:00,83.5862279490065,85.05923908903803,83.31665824301689,84.76078796386719,1626500,0.0,0.0
2022-10-05 00:00:00-04:00,82.97969958217762,84.19276330988221,82.40204179349097,83.93282318115234,1225200,0.0,0.0
2022-10-06 00:00:00-04:00,83.36479306735629,83.97133226250932,82.96043850073676,83.14336395263672,1249700,0.0,0.0
2022-10-07 00:00:00-04:00,82.20949143441628,82.33464670046325,81.01567957718592,81.38152313232422,1140700,0.0,0.0
2022-10-10 00:00:00-04:00,81.31412803781707,81.38152046274301,80.2743529001969,80.91940307617188,1263900,0.0,0.0
2022-10-11 00:00:00-04:00,80.5246760904881,81.37189625200297,79.68707817229605,79.91814422607422,1287300,0.0,0.0
2022-10-12 00:00:00-04:00,80.16845471225572,80.76536433294291,79.42713798958478,79.436767578125,1115600,0.0,0.0
2022-10-13 00:00:00-04:00,77.96376010876956,82.19986846151374,77.50163532462469,81.97843933105469,1515200,0.0,0.0
2022-10-14 00:00:00-04:00,83.47069236025234,84.31791980470788,81.37189027001452,81.45854187011719,1207800,0.0,0.0
2022-10-17 00:00:00-04:00,83.19150589978005,84.26978476160686,83.14336530263827,83.6151123046875,1362700,0.0,0.0
2022-10-18 00:00:00-04:00,86.85959288862631,86.94623714893312,85.03998996994508,85.70428466796875,1526700,0.0,0.0
2022-10-19 00:00:00-04:00,84.44307431688424,84.69339218191024,83.08559625258302,83.49958038330078,1086400,0.0,0.0
2022-10-20 00:00:00-04:00,83.67288208007812,85.16514509624696,83.48032703767892,83.67288208007812,1103400,0.0,0.0
2022-10-21 00:00:00-04:00,85.14589007899134,87.57202476066003,84.74152817769361,87.49500274658203,1722400,0.0,0.0
2022-10-24 00:00:00-04:00,87.24469743371698,87.79346646268421,85.86796006697827,87.62017059326172,1447700,0.0,0.0
2022-10-25 00:00:00-04:00,92.98270160534692,93.66625546494484,92.45318443125235,92.73238372802734,2401400,0.0,0.0
2022-10-26 00:00:00-04:00,92.6457403577442,95.44734825012864,92.56871834164237,94.1187515258789,1991000,0.0,0.0
2022-10-27 00:00:00-04:00,94.08986823922396,95.21628765777388,93.60849166597458,93.8106689453125,1024800,0.0,0.0
2022-10-28 00:00:00-04:00,92.98270162375056,94.21502448891596,92.95382020428944,94.07061004638672,1438000,0.0,0.0
2022-10-31 00:00:00-04:00,92.88643285307523,93.28115784932037,92.47244867932116,92.48207092285156,986200,0.0,0.0
2022-11-01 00:00:00-04:00,93.58923820743996,93.762534078206,91.62522078716636,92.270263671875,831300,0.0,0.0
2022-11-02 00:00:00-04:00,93.05971784844392,93.54109439677175,90.46990966796876,90.46990966796876,1372400,0.0,0.0
2022-11-03 00:00:00-04:00,89.83448919472086,90.80687188004742,89.21832779981891,89.23758697509766,1126700,0.0,0.0
2022-11-04 00:00:00-04:00,92.11622518154314,92.59760177481098,91.01868713651038,92.4435577392578,1221300,0.0,0.0
2022-11-07 00:00:00-05:00,93.3389195360174,94.09949544327766,92.5590917967106,93.93582916259766,1213200,0.0,0.0
2022-11-08 00:00:00-05:00,94.22465663173529,95.56288296802217,93.1367408343802,94.32093048095705,1403700,0.0,0.0
2022-11-09 00:00:00-05:00,94.29205337098048,94.94672585892816,93.83955817920754,93.91658020019533,947800,0.0,0.0
2022-11-10 00:00:00-05:00,99.94340075525724,103.19751105775468,99.7027124711186,103.18788146972656,2371200,0.0,0.0
2022-11-11 00:00:00-05:00,104.97860464334096,106.43236396046296,104.49722806702992,106.06651306152344,1997100,0.0,0.0
2022-11-14 00:00:00-05:00,105.03637599242155,105.71992990474024,104.32394065841996,104.77643585205078,1133700,0.0,0.0
2022-11-15 00:00:00-05:00,106.22056069643652,106.904114576569,104.05436602952308,105.7199249267578,1627600,0.0,0.0
2022-11-16 00:00:00-05:00,107.03890339211536,107.27959169733732,105.77769902322406,106.92337036132812,1226300,0.0,0.0
2022-11-17 00:00:00-05:00,106.3842259163205,108.00165154532782,106.32646307624933,107.65505981445312,2138300,0.0,0.0
2022-11-18 00:00:00-05:00,105.62365385940478,105.64291303694334,104.21803505327708,104.73792266845705,1214000,0.0,0.0
2022-11-21 00:00:00-05:00,105.3925890820337,105.75843263675368,104.42983592676926,104.4587173461914,889800,0.0,0.0
2022-11-22 00:00:00-05:00,104.41058334766689,105.5851434465415,103.9580955060894,105.5370101928711,735500,0.0,0.0
2022-11-23 00:00:00-05:00,104.997854622375,105.94135592720006,104.91121036587472,105.75843048095705,931600,0.0,0.0
2022-11-25 00:00:00-05:00,105.729553845484,106.53827033552494,105.70067242534394,106.52864074707033,411200,0.0,0.0
2022-11-28 00:00:00-05:00,105.53700345299632,106.085772457317,103.78479300540896,103.9773406982422,808600,0.0,0.0
2022-11-29 00:00:00-05:00,103.34191557959,103.486330015523,102.42730306071984,102.93756103515624,831300,0.0,0.0
2022-11-30 00:00:00-05:00,103.90032170227173,106.79821083853064,103.49596712843758,106.74044799804688,1019500,0.0,0.0
2022-12-01 00:00:00-05:00,107.43362027315348,108.20382572974,106.88485127253324,107.83798217773438,1000900,0.0,0.0
2022-12-02 00:00:00-05:00,107.01964062449152,108.30009669506688,106.51900488745854,107.85723114013672,906900,0.0,0.0
2022-12-05 00:00:00-05:00,106.6345350677536,107.10628202856522,105.85470006452417,106.16278076171876,661200,0.0,0.0
2022-12-06 00:00:00-05:00,105.4118417670708,105.4118417670708,103.28415815812912,103.7559051513672,871000,0.0,0.0
2022-12-07 00:00:00-05:00,103.48633720122152,104.03510621969274,102.77390190509944,103.85218811035156,1010500,0.0,0.0
2022-12-08 00:00:00-05:00,103.16863335734772,104.3239342247637,102.58135333526452,103.80404663085938,902600,0.0,0.0
2022-12-09 00:00:00-05:00,103.46708095392714,104.02547953702496,103.23602225738524,103.29378509521484,543200,0.0,0.0
2022-12-12 00:00:00-05:00,103.226398411249,104.3431882943419,103.1782578135642,104.32393646240234,951700,0.0,0.0
2022-12-13 00:00:00-05:00,108.04016362902593,108.61781407115804,105.23854833411038,105.7199249267578,1050900,0.0,0.0
2022-12-14 00:00:00-05:00,105.7873158735209,106.86560207022173,104.94972531499482,105.62364959716795,707500,0.0,0.0
2022-12-15 00:00:00-05:00,103.87144134985806,104.05436680690234,101.42604735951294,101.6474838256836,928400,0.0,0.0
2022-12-16 00:00:00-05:00,100.80988553284897,101.5704614335412,100.23223508852764,101.43567657470705,1505600,0.0,0.0
2022-12-19 00:00:00-05:00,101.44529904954098,101.57045431104667,100.09744321049187,100.41515350341795,886100,0.0,0.0
2022-12-20 00:00:00-05:00,100.03968461496504,100.64621646290114,99.7412261399158,100.59807586669922,1162300,0.0,0.0
2022-12-21 00:00:00-05:00,100.90615239402898,101.62821723572704,100.5980716887134,100.8965301513672,756700,0.0,0.0
2022-12-22 00:00:00-05:00,100.2996262495102,100.34776684643812,98.8266150642908,100.1070785522461,981500,0.0,0.0
2022-12-23 00:00:00-05:00,99.37537355160852,99.8471205015768,98.83623418021624,99.64494323730467,760600,0.0,0.0
2022-12-27 00:00:00-05:00,99.48128351889903,100.01079333769955,98.9421367668318,99.49090576171876,523500,0.0,0.0
2022-12-28 00:00:00-05:00,99.03841421269388,99.57755359915558,97.98900951236152,98.01789093017578,635400,0.0,0.0
2022-12-29 00:00:00-05:00,99.53904769616771,100.4632898397185,99.43314426193784,100.23223114013672,546800,0.0,0.0
2022-12-30 00:00:00-05:00,98.98065329760172,99.44277806156012,98.5474172993852,99.34650421142578,442500,0.0,0.0
2023-01-03 00:00:00-05:00,100.16484139238057,101.1564759892159,99.43314692137412,100.1070785522461,928800,0.0,0.0
2023-01-04 00:00:00-05:00,103.13012023360024,103.17825348404136,101.78226435244714,102.90868377685548,819200,0.0,0.0
2023-01-05 00:00:00-05:00,103.3130394716313,103.3419208912577,102.05183517978664,102.20587921142578,853400,0.0,0.0
2023-01-06 00:00:00-05:00,102.6102333059912,105.30593774029802,101.5704581328674,105.0459976196289,820900,0.0,0.0
2023-01-09 00:00:00-05:00,106.57677245703152,108.6755746511238,106.57677245703152,107.28921508789062,1481800,0.0,0.0
2023-01-10 00:00:00-05:00,108.126808458972,109.20509467645694,107.84760915234044,109.19546508789062,1093400,0.0,0.0
2023-01-11 00:00:00-05:00,109.95604055281956,110.63959443383308,109.74423367654587,110.59146118164062,785900,0.0,0.0
2023-01-12 00:00:00-05:00,111.01506332162757,112.3436673689196,109.87901431137531,112.33403778076172,1082800,0.0,0.0
2023-01-13 00:00:00-05:00,111.4097962065772,112.78653351122972,111.40016661837022,112.65174865722656,755600,0.0,0.0
2023-01-17 00:00:00-05:00,111.89117560895794,113.0657356622624,111.42905085126192,111.8815460205078,826800,0.0,0.0
2023-01-18 00:00:00-05:00,113.66263306052724,114.37507567082406,112.56509507141683,112.7191390991211,1394900,0.0,0.0
2023-01-19 00:00:00-05:00,110.57219889203728,111.804521760878,110.3796511982398,111.36165618896484,891100,0.0,0.0
2023-01-20 00:00:00-05:00,111.2557523645,112.78653370216104,110.91879022892168,112.75765228271484,728500,0.0,0.0
2023-01-23 00:00:00-05:00,111.332777060472,112.66137380355188,111.29426605187528,112.36292266845705,1059800,0.0,0.0
2023-01-24 00:00:00-05:00,111.71787498899975,112.22813297678547,111.47718670455566,111.86228942871094,1022100,0.0,0.0
2023-01-25 00:00:00-05:00,111.12096953338931,112.17999655529816,110.24486796493495,111.83341217041016,1310900,0.0,0.0
2023-01-26 00:00:00-05:00,108.5504129468353,110.41815632716803,108.11717698624544,109.85012817382812,1869700,0.0,0.0
2023-01-27 00:00:00-05:00,108.35786527148989,109.77310617062804,108.06903640092592,108.99327850341795,957900,0.0,0.0
2023-01-30 00:00:00-05:00,112.17037602055946,112.69988586696682,111.4001705318638,111.7660140991211,1587800,0.0,0.0
2023-01-31 00:00:00-05:00,112.28589514358777,114.15363857018431,112.22813230613788,114.11512756347656,1270400,0.0,0.0
2023-02-01 00:00:00-05:00,114.92384441796122,116.89748393841398,113.89369885688336,116.52201080322266,853900,0.0,0.0
2023-02-02 00:00:00-05:00,118.13944498827694,118.68821402170887,117.63881655321887,118.38976287841795,866500,0.0,0.0
2023-02-03 00:00:00-05:00,115.70367350677836,117.36923968308044,115.6170219040272,116.13690948486328,1098500,0.0,0.0
2023-02-06 00:00:00-05:00,115.48223996814131,115.80957986592465,114.90458953436207,115.26081085205078,519500,0.0,0.0
2023-02-07 00:00:00-05:00,113.71078381018158,115.71331227782696,113.43158449395202,115.3763427734375,538300,0.0,0.0
2023-02-08 00:00:00-05:00,114.22103535049015,115.05863325156568,113.81668078247732,114.19215393066406,872200,0.0,0.0
2023-02-09 00:00:00-05:00,116.04064106875492,116.146544507504,113.77817253636124,114.27880096435548,636000,0.0,0.0
2023-02-10 00:00:00-05:00,113.17163523650584,113.46045677313626,112.44957037709442,112.97908020019533,662000,0.0,0.0
2023-02-13 00:00:00-05:00,113.15237383563878,114.09587513195176,113.07535182262885,114.0669937133789,374200,0.0,0.0
2023-02-14 00:00:00-05:00,113.5952390912388,115.18378321554272,113.25827696674364,114.33656311035156,616000,0.0,0.0
2023-02-15 00:00:00-05:00,113.41231952029447,114.86607143070762,113.34492709627018,114.82756042480467,669500,0.0,0.0
2023-02-16 00:00:00-05:00,113.2005169216186,114.20178107711514,112.75765135489922,113.5663604736328,505000,0.0,0.0
2023-02-17 00:00:00-05:00,112.17037108336184,113.06573180284094,111.84303119424573,112.97908020019533,411000,0.0,0.0
2023-02-21 00:00:00-05:00,110.8706574202614,111.44830784715911,110.44704367943204,110.50480651855467,867000,0.0,0.0
2023-02-22 00:00:00-05:00,111.22687433225693,111.5734660666133,110.51443903173494,110.96693420410156,510600,0.0,0.0
2023-02-23 00:00:00-05:00,111.97782454928266,112.42069014858733,110.58183531984892,111.68900299072266,784500,0.0,0.0
2023-02-24 00:00:00-05:00,109.71535520495662,110.10045795896592,108.37712882732292,108.96440887451172,991700,0.0,0.0
2023-02-27 00:00:00-05:00,110.88990695250848,111.23649867050604,110.46629322046176,110.84176635742188,579900,0.0,0.0
2023-02-28 00:00:00-05:00,109.82124705455416,110.5625637179679,109.52279594067925,109.58055877685548,693500,0.0,0.0
2023-03-01 00:00:00-05:00,110.83213805116856,110.83213805116856,109.176201565823,109.97528839111328,848900,0.0,0.0
2023-03-02 00:00:00-05:00,108.8392438662842,110.37001781139368,108.79110327187983,110.2641143798828,664900,0.0,0.0
2023-03-03 00:00:00-05:00,111.54458843291576,112.61324509258856,111.46756641261656,112.5458526611328,694500,0.0,0.0
2023-03-06 00:00:00-05:00,115.04900268911776,115.73255655170158,114.60613711667855,115.27043914794922,953700,0.0,0.0
2023-03-07 00:00:00-05:00,114.43284164387752,114.50986365983992,112.25701743689396,112.53621673583984,469600,0.0,0.0
2023-03-08 00:00:00-05:00,112.37255554141194,113.17164246639668,111.87191976024538,113.03685760498048,730100,0.0,0.0
2023-03-09 00:00:00-05:00,113.02722427269306,114.0862512966978,111.63122776108442,111.66973876953124,691900,0.0,0.0
2023-03-10 00:00:00-05:00,113.57598968436048,113.62412293447358,110.93804812387464,111.15947723388672,1005300,0.0,0.0
2023-03-13 00:00:00-04:00,110.05230760112964,111.49643729168515,109.40726476886846,110.74549102783205,1144700,0.0,0.0
2023-03-14 00:00:00-04:00,113.67226498266132,114.07661954585252,112.7865338408453,113.72040557861328,862000,0.0,0.0
2023-03-15 00:00:00-04:00,110.08119468787906,111.39053959568656,109.46503324246656,111.29426574707033,1111300,0.0,0.0
2023-03-16 00:00:00-04:00,112.04520832845016,115.91548008321185,111.88154205671572,115.81920623779295,1052700,0.0,0.0
2023-03-17 00:00:00-04:00,114.63501975942914,115.74218737495264,113.69151842009664,114.77943420410156,1040300,0.0,0.0
2023-03-20 00:00:00-04:00,116.82046726288144,116.9552594656036,116.03100994958108,116.85897827148438,771600,0.0,0.0
2023-03-21 00:00:00-04:00,117.86987402881576,119.00592309341056,117.57142288865728,118.88076782226562,594200,0.0,0.0
2023-03-22 00:00:00-04:00,118.2453416443132,119.83388581159844,117.66769122308864,117.68694305419922,480500,0.0,0.0
2023-03-23 00:00:00-04:00,119.41990188179992,120.61371373388016,118.4667783177727,119.13107299804688,599500,0.0,0.0
2023-03-24 00:00:00-04:00,118.52454958545312,118.9385337641542,117.48477434426562,118.69784545898438,907100,0.0,0.0
2023-03-27 00:00:00-04:00,119.23697506163778,119.75686263928236,118.40900677263608,118.6593246459961,571100,0.0,0.0
2023-03-28 00:00:00-04:00,118.94815391136709,119.04442775674832,118.16831886976476,118.87113189697266,631400,0.0,0.0
2023-03-29 00:00:00-04:00,118.9770407108761,119.92053472159232,118.93852970193733,119.6894760131836,915900,0.0,0.0
2023-03-30 00:00:00-04:00,120.83515104771804,121.3742904663086,120.45004831505746,121.3742904663086,746000,0.0,0.0
2023-03-31 00:00:00-04:00,121.15284934207088,122.04821003930506,121.04695325626052,121.83641052246094,668200,0.0,0.0
2023-04-03 00:00:00-04:00,121.4801977460671,121.72088604344438,120.89291771284864,121.61498260498048,876300,0.0,0.0
2023-04-04 00:00:00-04:00,122.22150833450388,123.0976172186835,122.18300467265348,123.04947662353516,788200,0.0,0.0
2023-04-05 00:00:00-04:00,123.2420338673172,123.45384075003132,121.57647491729088,122.01934051513672,665600,0.0,0.0
2023-04-06 00:00:00-04:00,123.23240103097294,124.07962848900392,122.46219558643996,123.91596221923828,989500,0.0,0.0
2023-04-10 00:00:00-04:00,122.84730293320878,122.84730293320878,121.11435163560904,122.70288848876952,604300,0.0,0.0
2023-04-11 00:00:00-04:00,121.9712043038716,122.31779604077693,121.64386439891702,121.82678985595705,1146800,0.0,0.0
2023-04-12 00:00:00-04:00,122.83766669934282,123.34792467622933,122.06746861270744,122.37554931640624,1318400,0.0,0.0
2023-04-13 00:00:00-04:00,122.32741715539623,123.70416184695064,122.32741715539623,123.28054809570312,1132100,0.0,0.0
2023-04-14 00:00:00-04:00,122.96283248178786,123.39606845763475,121.98082016354032,122.67400360107422,980000,0.0,0.0
2023-04-17 00:00:00-04:00,122.99172117705244,123.18426887877038,121.9519459592381,122.4622039794922,1387900,0.0,0.0
2023-04-18 00:00:00-04:00,123.35757284039084,123.52123912236424,122.60661917060736,122.88581848144533,1417100,0.0,0.0
2023-04-19 00:00:00-04:00,122.91469327473172,123.01096712098236,122.32741326381216,122.55847930908205,1512200,0.0,0.0
2023-04-20 00:00:00-04:00,122.20225723360504,122.9628331011064,121.69199924096804,122.1348648071289,1512400,0.0,0.0
2023-04-21 00:00:00-04:00,127.20858177184118,129.62508695363465,126.89087146109225,128.96078491210938,2742800,0.0,0.0
2023-04-24 00:00:00-04:00,127.94026384684156,128.75860988984476,127.00639212828858,127.6032943725586,1406600,0.0,0.0
2023-04-25 00:00:00-04:00,129.45179328947896,130.61671635882055,128.44089955734697,128.46014404296875,1427200,0.0,0.0
2023-04-26 00:00:00-04:00,130.55894967189604,130.55894967189604,128.1616891424249,128.3831329345703,1346400,0.0,0.0
2023-04-27 00:00:00-04:00,130.7322428906219,131.7527735626962,129.981296613936,131.56021118164062,967500,0.0,0.0
2023-04-28 00:00:00-04:00,130.29901350238765,130.65524217299458,129.80801466294292,130.23162841796875,747500,0.0,0.0
2023-05-01 00:00:00-04:00,130.52046629355243,130.52046629355243,129.4325504106097,129.47105407714844,467200,0.0,0.0
2023-05-02 00:00:00-04:00,128.63344965993326,129.49029938048363,128.51792398224697,129.3555145263672,867600,0.0,0.0
2023-05-03 00:00:00-04:00,131.01143933228957,132.2052584258626,130.24123393935358,130.7226104736328,1414800,0.0,0.0
2023-05-04 00:00:00-04:00,128.87413668568743,129.62508296418312,128.46978212730107,129.09556579589844,692500,0.0,0.0
2023-05-05 00:00:00-04:00,129.13407613123692,129.9716666151473,129.00891352910918,129.7406005859375,623800,0.0,0.0
2023-05-08 00:00:00-04:00,130.9921801575935,131.12696499957386,130.18347110571145,130.7226104736328,718500,0.0,0.0
2023-05-09 00:00:00-04:00,128.97042071252469,130.06795873526474,128.8548803429827,129.66358947753906,674800,0.0,0.0
2023-05-10 00:00:00-04:00,129.8176361593207,130.36641252711408,128.86451990644477,129.80801391601562,733600,0.0,0.0
2023-05-11 00:00:00-04:00,129.07631535701648,129.13407819262946,127.86323704735824,128.71046447753906,756900,0.0,0.0
2023-05-12 00:00:00-04:00,128.99039696909972,129.21552186435108,128.50101839887304,128.7848663330078,655500,2.186,0.0
2023-05-15 00:00:00-04:00,127.59076920918592,131.20238510116536,127.336297753509,128.51080322265625,1864700,0.0,0.0
2023-05-16 00:00:00-04:00,128.53038935109623,131.04578732836993,128.42272547286908,130.331298828125,2324800,0.0,0.0
2023-05-17 00:00:00-04:00,130.56619425386037,130.74237830204393,128.8435870935963,129.80276489257812,995600,0.0,0.0
2023-05-18 00:00:00-04:00,130.5661787475231,131.3002465027033,130.2823457867647,131.05555725097656,954700,0.0,0.0
2023-05-19 00:00:00-04:00,131.72113561746627,132.24965789349145,131.42750549316406,131.42750549316406,696700,0.0,0.0
2023-05-22 00:00:00-04:00,130.63471065443164,131.0849305546943,130.4291650932522,130.45852661132812,693500,0.0,0.0
2023-05-23 00:00:00-04:00,129.7146701518601,129.98872093005335,126.95458304730022,127.07202911376952,1170700,0.0,0.0
2023-05-24 00:00:00-04:00,126.87627849170578,126.87627849170578,126.03454684909232,126.46520233154295,717300,0.0,0.0
2023-05-25 00:00:00-04:00,127.04266838281632,127.06224770556472,126.10305504130912,126.69031524658205,1352200,0.0,0.0
2023-05-26 00:00:00-04:00,127.3656765025239,128.83381227125636,127.27757700606644,128.6184844970703,832100,0.0,0.0
2023-05-30 00:00:00-04:00,129.10785789744818,129.26446262413447,127.3558742537742,127.47333526611328,729100,0.0,0.0
2023-05-31 00:00:00-04:00,127.70821872388834,128.08993338503385,126.40647002443114,127.66907501220705,1325000,0.0,0.0
2023-06-01 00:00:00-04:00,128.36398355475785,129.55806837305167,127.8452435032455,129.36231994628906,783400,0.0,0.0
2023-06-02 00:00:00-04:00,130.42915767717594,130.69342625948113,129.69508989772046,130.14532470703125,532500,0.0,0.0
2023-06-05 00:00:00-04:00,129.4895668918986,129.51892841003036,128.47165114783678,128.70655822753906,515100,0.0,0.0
2023-06-06 00:00:00-04:00,129.3525466101901,129.43084897318687,128.7261426408648,129.03933715820312,551900,0.0,0.0
2023-06-07 00:00:00-04:00,129.92999584293574,130.42915655218707,128.68697023207804,128.9022979736328,805200,0.0,0.0
2023-06-08 00:00:00-04:00,129.2057284731911,130.45853645444802,129.15680256247182,130.3802490234375,417100,0.0,0.0
2023-06-09 00:00:00-04:00,130.12574470177566,130.7619457347539,129.24486934490992,129.900634765625,499300,0.0,0.0
2023-06-12 00:00:00-04:00,129.15679672075456,131.0947316455703,128.94146895859186,130.9283447265625,1084100,0.0,0.0
2023-06-13 00:00:00-04:00,131.79943930346326,132.9543655534313,131.18281752969975,132.41604614257812,766600,0.0,0.0
2023-06-14 00:00:00-04:00,131.77985834998722,133.4633217951266,131.6134714313529,132.68031311035156,505900,0.0,0.0
2023-06-15 00:00:00-04:00,132.05390029259783,134.14843979646733,131.76027018866992,134.1288604736328,688500,0.0,0.0
2023-06-16 00:00:00-04:00,136.08637659998223,136.29192215616652,134.2756849791629,134.36376953125,983300,0.0,0.0
2023-06-20 00:00:00-04:00,133.1696836379442,133.9233307583576,132.60200274909428,133.12074279785156,686200,0.0,0.0
2023-06-21 00:00:00-04:00,132.690110556866,132.79775950331447,131.5253871889937,131.92666625976562,824500,0.0,0.0
2023-06-22 00:00:00-04:00,131.52537968553386,132.54328046584942,131.44707732787148,132.2398681640625,697700,0.0,0.0
2023-06-23 00:00:00-04:00,130.8598298146076,131.27090603125035,130.44875359796484,130.6347198486328,477900,0.0,0.0
2023-06-26 00:00:00-04:00,130.27258648261358,130.3802503696762,129.44063690670694,129.61680603027344,474200,0.0,0.0
2023-06-27 00:00:00-04:00,129.67553581185655,130.37044500154516,129.20572164273503,130.18447875976562,682600,0.0,0.0
2023-06-28 00:00:00-04:00,130.90876671781717,132.10285161648244,130.8598258741705,131.417724609375,679700,0.0,0.0
2023-06-29 00:00:00-04:00,131.44708203479388,131.57431030273438,130.70321707768844,131.57431030273438,454400,0.0,0.0
2023-06-30 00:00:00-04:00,132.5824345222328,134.23652136615306,132.44540913472915,133.90374755859375,1073400,0.0,0.0
2023-07-03 00:00:00-04:00,132.78797564774294,133.00330340724375,131.01642766383475,131.6917724609375,612200,0.0,0.0
2023-07-05 00:00:00-04:00,130.859825388016,131.62325475519216,130.63471542965598,131.54495239257812,1265100,0.0,0.0
2023-07-06 00:00:00-04:00,130.00831786261452,130.09640242439775,128.6967868272329,129.61680603027344,817500,0.0,0.0
2023-07-07 00:00:00-04:00,129.94958726956716,131.1534543479249,129.78320035098508,130.42916870117188,1029300,0.0,0.0
2023-07-10 00:00:00-04:00,130.55641696307222,132.1713603030649,130.5368376381723,132.0147705078125,1067600,0.0,0.0
2023-07-11 00:00:00-04:00,132.41603035027694,133.5416098813936,132.04411283911955,133.42416381835938,1114200,0.0,0.0
2023-07-12 00:00:00-04:00,135.74382340062894,137.7992043318531,135.1467809774678,137.5936737060547,1524800,0.0,0.0
2023-07-13 00:00:00-04:00,139.37501228612769,141.09763442953877,139.31628924662937,140.90188598632812,1576400,0.0,0.0
2023-07-14 00:00:00-04:00,140.98017259346295,141.8219043355424,140.98017259346295,141.28359985351562,762700,0.0,0.0
2023-07-17 00:00:00-04:00,139.82524616663852,142.01766754531792,139.73716160800848,141.91000366210938,1143100,0.0,0.0
2023-07-18 00:00:00-04:00,141.3129554861766,141.91978011170474,140.2069551793221,141.83169555664062,928000,0.0,0.0
2023-07-19 00:00:00-04:00,140.57887143946508,141.27378053988585,139.35542520034042,139.96224975585938,1121200,0.0,0.0
2023-07-20 00:00:00-04:00,137.86772484679656,138.5039109839846,130.21383720372,131.08493041992188,2770100,0.0,0.0
2023-07-21 00:00:00-04:00,132.8662803201818,133.24799500327373,130.97728622901238,131.17303466796875,1909500,0.0,0.0
2023-07-24 00:00:00-04:00,130.6836522805306,130.72279599331742,129.4210472570955,129.57765197753906,1096400,0.0,0.0
2023-07-25 00:00:00-04:00,129.30360544227295,130.19427801764795,129.02955463979583,129.79298400878906,996700,0.0,0.0
2023-07-26 00:00:00-04:00,128.65760862280254,129.77339103975743,128.32483481687586,129.52870178222656,841000,0.0,0.0
2023-07-27 00:00:00-04:00,132.56286203236488,133.36543507635324,131.1338701164763,131.2219696044922,909800,0.0,0.0
2023-07-28 00:00:00-04:00,132.9445698460681,133.93310907486975,132.5236965550337,133.90374755859375,1022900,0.0,0.0
2023-07-31 00:00:00-04:00,134.35399173003776,134.77485011575783,133.40459614521794,133.4535369873047,828500,0.0,0.0
2023-08-01 00:00:00-04:00,133.42417055257138,133.78630588830262,132.8369103384661,133.49267578125,807400,0.0,0.0
2023-08-02 00:00:00-04:00,132.29860471082816,132.3083869060422,129.96915787006176,130.3802490234375,829500,0.0,0.0
2023-08-03 00:00:00-04:00,129.40149024497572,129.95937405821869,129.1078601110667,129.39169311523438,463400,0.0,0.0
2023-08-04 00:00:00-04:00,130.2236283733483,131.652605301672,129.69509120341692,130.1355438232422,645600,0.0,0.0
2023-08-07 00:00:00-04:00,132.64117136442923,132.98372740152928,131.61347338383166,132.91522216796875,594800,0.0,0.0
2023-08-08 00:00:00-04:00,130.71302104677082,131.9364674906106,130.35087074383293,131.77008056640625,1218500,0.0,0.0
2023-08-09 00:00:00-04:00,131.87772975649747,133.32628600289803,131.6917635282111,132.6411590576172,1402900,0.0,0.0
2023-08-10 00:00:00-04:00,135.03911778955987,136.5463971468207,134.628041601216,134.9608154296875,1222300,0.0,0.0
2023-08-11 00:00:00-04:00,134.06035872489866,134.80420873079308,133.6688618659327,134.7259063720703,1340100,0.0,0.0
2023-08-14 00:00:00-04:00,134.8433648490776,136.04723185574002,134.64761642326505,135.998291015625,662800,0.0,0.0
2023-08-15 00:00:00-04:00,135.1467903784199,135.655748283071,134.4910248737006,134.76507568359375,808600,0.0,0.0
2023-08-16 00:00:00-04:00,135.38168377223886,136.13531595585118,134.4224911000363,134.50079345703125,710800,0.0,0.0
2023-08-17 00:00:00-04:00,133.5807608477065,133.78630640382968,131.2904728862364,131.48622131347656,1063300,0.0,0.0
2023-08-18 00:00:00-04:00,131.1338685645526,132.77818821453502,130.8010947437798,132.48455810546875,1050800,0.0,0.0
2023-08-21 00:00:00-04:00,133.19905337211696,134.05058222524642,132.64116957765827,133.80589294433594,562900,0.0,0.0
2023-08-22 00:00:00-04:00,135.89063878347983,136.02766418675284,135.09784788349674,135.52850341796875,629600,0.0,0.0
2023-08-23 00:00:00-04:00,135.53828446681104,137.56431891376727,135.53828446681104,137.16302490234375,680700,0.0,0.0
2023-08-24 00:00:00-04:00,135.87106853455498,135.9102122475241,132.5824440631631,132.69989013671875,837000,0.0,0.0
2023-08-25 00:00:00-04:00,134.00164335569363,135.04890572739723,132.5139283241454,134.5399627685547,793300,0.0,0.0
2023-08-28 00:00:00-04:00,135.00974827565963,135.773177570892,134.63781582195514,135.4012451171875,556700,0.0,0.0
2023-08-29 00:00:00-04:00,134.62804314396496,137.1630204684587,134.62804314396496,137.07493591308594,403100,0.0,0.0
2023-08-30 00:00:00-04:00,137.20215471666305,138.1809117567921,137.20215471666305,137.6523895263672,374300,0.0,0.0
2023-08-31 00:00:00-04:00,137.7013370436523,138.33752317673157,136.5170343964141,136.7225799560547,557200,0.0,0.0
2023-09-01 00:00:00-04:00,137.53494604614664,137.632812791211,134.93144868614505,135.2544403076172,533700,0.0,0.0
2023-09-05 00:00:00-04:00,134.88250879020453,135.19571821975634,134.21696115437828,134.7454833984375,443300,0.0,0.0
2023-09-06 00:00:00-04:00,135.35230251765475,135.8514781589537,134.7258986185702,135.79275512695312,550000,0.0,0.0
2023-09-07 00:00:00-04:00,136.3800235555045,137.12388857963583,135.86128343849154,136.97706604003906,623900,0.0,0.0
2023-09-08 00:00:00-04:00,137.3098249596081,138.3766815331826,137.3098249596081,137.47622680664062,574100,0.0,0.0
2023-09-11 00:00:00-04:00,136.16468220522128,136.2723460830002,135.09784055655166,136.213623046875,678600,0.0,0.0
2023-09-12 00:00:00-04:00,132.27902565769466,133.4046053648866,132.1517973810541,132.3769073486328,975500,0.0,0.0
2023-09-13 00:00:00-04:00,132.71946438632452,133.36543270083175,132.0636840083158,132.86627197265625,590400,0.0,0.0
2023-09-14 00:00:00-04:00,132.7488278831753,133.37523181861113,132.15178546544362,133.10118103027344,785300,0.0,0.0
2023-09-15 00:00:00-04:00,132.8662719340853,133.35565046791248,132.14198632754787,132.3671112060547,770400,0.0,0.0
2023-09-18 00:00:00-04:00,131.5645232419472,132.80754889956964,131.5645232419472,132.3671112060547,536200,0.0,0.0
2023-09-19 00:00:00-04:00,131.66240816262558,132.24965345688105,131.09472725725837,131.8385772705078,652400,0.0,0.0
2023-09-20 00:00:00-04:00,131.53516738070851,132.18115065745317,130.6934356689453,130.6934356689453,632100,0.0,0.0
2023-09-21 00:00:00-04:00,130.11596566514342,130.62492351694638,128.27589761722723,128.373779296875,1481800,0.0,0.0
2023-09-22 00:00:00-04:00,129.45040813270325,130.65429011365748,129.18615446974576,129.83212280273438,746600,0.0,0.0
2023-09-25 00:00:00-04:00,128.90229865603573,129.33295414142515,128.4324994604505,129.14698791503906,576000,0.0,0.0
2023-09-26 00:00:00-04:00,126.12263707209452,127.08181482229767,124.23363562179372,124.47832489013672,1159900,0.0,0.0
2023-09-27 00:00:00-04:00,125.54517533546748,125.7800674774324,124.1749139245218,124.96770477294922,739800,0.0,0.0
2023-09-28 00:00:00-04:00,124.49790389355002,126.10306498864824,124.05746617217616,125.23197174072266,1486200,0.0,0.0
2023-09-29 00:00:00-04:00,128.33462681769544,128.44229069662228,126.1520026554309,126.5728759765625,855300,0.0,0.0
2023-10-02 00:00:00-04:00,126.49457260179015,126.8371286249758,125.12430370510344,125.82901000976562,651500,0.0,0.0
2023-10-03 00:00:00-04:00,125.6528387323611,126.09327643151173,124.63492300557304,125.22218322753906,654800,0.0,0.0
2023-10-04 00:00:00-04:00,126.01497773965876,126.69032253417616,124.78174169189948,126.19114685058594,529100,0.0,0.0
2023-10-05 00:00:00-04:00,126.09328126119529,126.83713129414876,125.37879274699992,126.80776977539062,816900,0.0,0.0
2023-10-06 00:00:00-04:00,125.99538992618233,128.67718959967704,125.42770904925364,128.1388702392578,1055100,0.0,0.0
2023-10-09 00:00:00-04:00,126.25965710655969,127.179691106027,125.68219404209304,127.15032958984376,1507600,0.0,0.0
2023-10-10 00:00:00-04:00,128.24654642852627,128.97083208616627,127.79632650904227,128.41293334960938,1052600,0.0,0.0
2023-10-11 00:00:00-04:00,128.9023071884433,129.75383602170012,128.67719723696075,129.57765197753906,995200,0.0,0.0
2023-10-12 00:00:00-04:00,129.72445524411742,130.35085917036085,128.48144452048678,128.8631591796875,1034000,0.0,0.0
2023-10-13 00:00:00-04:00,127.92354486594584,128.02142654588968,125.08515536334474,126.05411529541016,1352400,0.0,0.0
2023-10-16 00:00:00-04:00,126.55328436799572,128.08992510753453,126.24007495619485,127.9235382080078,1988400,0.0,0.0
2023-10-17 00:00:00-04:00,126.0639232431848,128.24654749449127,125.70177294403032,127.71802520751952,1112800,0.0,0.0
2023-10-18 00:00:00-04:00,125.50601742656607,126.37711063898566,124.59578050180484,124.8991928100586,1782900,0.0,0.0
2023-10-19 00:00:00-04:00,131.5645317039603,132.91522132328475,130.31172377155596,130.546630859375,2078600,0.0,0.0
2023-10-20 00:00:00-04:00,129.85169071229774,130.16490012409864,127.87459737058307,127.9235382080078,1356000,0.0,0.0
2023-10-23 00:00:00-04:00,128.3639951138774,130.00831490297836,127.31673272233576,129.39169311523438,732600,0.0,0.0
2023-10-24 00:00:00-04:00,130.14533261254704,130.97728212032453,129.77340013594326,130.83045959472656,675700,0.0,0.0
2023-10-25 00:00:00-04:00,129.67553608660887,130.06703296039123,127.90397315592531,127.933349609375,840700,0.0,0.0
2023-10-26 00:00:00-04:00,129.14699889128977,129.61679812680342,127.85504725996516,128.43251037597656,1082900,0.0,0.0
2023-10-27 00:00:00-04:00,129.75383333294255,130.13554799695876,128.24653906554155,128.59889221191406,690400,0.0,0.0
2023-10-30 00:00:00-04:00,129.9495864619139,131.2415380889063,129.51893094136696,130.81088256835938,878400,0.0,0.0
2023-10-31 00:00:00-04:00,130.99685291383318,131.56453385100693,130.62493535369433,131.15345764160156,758500,0.0,0.0
2023-11-01 00:00:00-04:00,131.38836051200113,133.19905221420916,131.3296225399885,133.18927001953125,618100,0.0,0.0
2023-11-02 00:00:00-04:00,135.9199871488836,136.2233994457206,135.04889396924136,135.6361541748047,712000,0.0,0.0
2023-11-03 00:00:00-04:00,135.79275679489373,136.47788373439428,135.20549659838062,136.02764892578125,764900,0.0,0.0
2023-11-06 00:00:00-05:00,135.49913238858662,135.84168840540312,134.8433669379001,135.60679626464844,488800,0.0,0.0
2023-11-07 00:00:00-05:00,137.11408307748965,138.4647726991305,136.79109143167776,137.67198181152344,461700,0.0,0.0
2023-11-08 00:00:00-05:00,138.6996824177638,139.60991939941997,138.6996824177638,139.14990234375,662700,0.0,0.0
2023-11-09 00:00:00-05:00,140.01119512417003,141.25422072505535,139.36521190468818,139.42393493652344,711500,0.0,0.0
2023-11-10 00:00:00-05:00,140.2656709299969,142.06658032389626,139.97204082705414,142.0176544189453,609300,0.0,0.0
2023-11-13 00:00:00-05:00,140.8431270028646,142.0176473562252,140.6669579106485,141.94912719726562,400200,0.0,0.0
2023-11-14 00:00:00-05:00,144.94412801638177,145.10073272876866,143.8675042216785,144.5232696533203,693700,0.0,0.0
2023-11-15 00:00:00-05:00,145.01265234748752,145.97183010279954,144.4645507730235,145.36500549316406,902600,0.0,0.0
2023-11-16 00:00:00-05:00,145.5216020128901,146.48079474725947,144.95393602351848,145.4335174560547,835400,0.0,0.0
2023-11-17 00:00:00-05:00,146.12843180582186,146.90164331071176,145.77607866741252,146.76461791992188,439900,0.0,0.0
2023-11-20 00:00:00-05:00,149.29960730674736,150.21964140630368,149.24088426799247,150.04347229003906,750700,0.0,0.0
2023-11-21 00:00:00-05:00,149.84772780163243,150.29794773372714,148.99619891328095,149.26046752929688,697800,0.0,0.0
2023-11-22 00:00:00-05:00,151.03199773718129,151.1983846432385,149.7596105874319,149.90643310546875,1184100,0.0,0.0
2023-11-24 00:00:00-05:00,150.99285313681216,151.2473245914037,150.6307028755063,150.91455078125,276100,0.0,0.0
2023-11-27 00:00:00-05:00,151.2766881452014,152.01075593700432,151.15924207760014,151.64862060546875,719900,0.0,0.0
2023-11-28 00:00:00-05:00,152.1967276683038,153.39081251423534,152.06948446737155,152.979736328125,583900,0.0,0.0
2023-11-29 00:00:00-05:00,154.9176676994234,155.700676341618,154.69255775523604,155.26023864746094,584500,0.0,0.0
2023-11-30 00:00:00-05:00,155.76918390543608,155.98451165863358,154.61425771523847,155.7398223876953,920400,0.0,0.0
2023-12-01 00:00:00-05:00,155.0253401209257,156.9437106533295,154.79043303492264,156.68922424316406,810900,0.0,0.0
2023-12-04 00:00:00-05:00,155.39726392188518,156.1117524000713,154.54573511686985,155.8866424560547,670300,0.0,0.0
2023-12-05 00:00:00-05:00,155.09385603260588,156.053033805165,154.89809266565055,155.9747314453125,566900,0.0,0.0
2023-12-06 00:00:00-05:00,156.4347464270191,156.5424103035756,154.7023422077546,154.7415008544922,588900,0.0,0.0
2023-12-07 00:00:00-05:00,155.21130439136147,156.08239762241098,154.92745646588395,155.9551544189453,635000,0.0,0.0
2023-12-08 00:00:00-05:00,154.9862033819616,156.82625670052224,154.8785394961961,156.75775146484375,685400,0.0,0.0
2023-12-11 00:00:00-05:00,153.18526483152115,155.7985444364329,153.18526483152115,155.74961853027344,1078700,0.0,0.0
2023-12-12 00:00:00-05:00,154.43806953604178,155.7985412486193,154.43806953604178,154.89808654785156,736400,0.0,0.0
2023-12-13 00:00:00-05:00,155.11343248200518,156.4445428336986,154.09553159407457,156.37603759765625,859800,0.0,0.0
2023-12-14 00:00:00-05:00,153.3516578097325,153.81167484915483,151.83459622722106,152.69589233398438,1090300,0.0,0.0
2023-12-15 00:00:00-05:00,151.1201027840291,151.48225309658818,149.94559715366967,150.23922729492188,1251200,0.0,0.0
2023-12-18 00:00:00-05:00,151.1983903690292,151.8345914353201,150.38602019599944,151.60946655273438,933300,0.0,0.0
2023-12-19 00:00:00-05:00,151.78565979003906,152.20651819362254,147.79232884756294,151.78565979003906,1018600,0.0,0.0
2023-12-20 00:00:00-05:00,150.19026289196887,150.39580843900092,147.6748650971592,147.92933654785156,901900,0.0,0.0
2023-12-21 00:00:00-05:00,148.1055335858497,148.97662681949288,147.6357194184153,148.94725036621094,759400,0.0,0.0
2023-12-22 00:00:00-05:00,148.80044180575564,149.64217351529348,148.64383708429554,149.45620727539062,448400,0.0,0.0
2023-12-26 00:00:00-05:00,149.28002658277606,150.1804812593372,149.28002658277606,149.92599487304688,279700,0.0,0.0
2023-12-27 00:00:00-05:00,151.5703255029214,152.68610800247666,151.5311817900634,152.58822631835938,911600,0.0,0.0
2023-12-28 00:00:00-05:00,151.8443655142806,152.25544167601558,151.05157470703125,151.05157470703125,1295500,0.0,0.0
2023-12-29 00:00:00-05:00,150.72858246941877,151.76606253063878,150.72858246941877,151.30604553222656,432200,0.0,0.0
2024-01-02 00:00:00-05:00,147.9587177708969,148.06638165565423,146.5493050739455,147.0191192626953,918400,0.0,0.0
2024-01-03 00:00:00-05:00,146.8135625265557,147.2735795505774,146.2556638203238,146.60801696777344,945400,0.0,0.0
2024-01-04 00:00:00-05:00,146.36332696037448,146.5688725181224,145.22798009954806,145.36500549316406,905700,0.0,0.0
2024-01-05 00:00:00-05:00,146.29483081362295,147.8804126002846,146.27525148913426,146.66676330566406,576300,0.0,0.0
2024-01-08 00:00:00-05:00,148.21318302853683,149.446426553881,148.14467779637792,149.31918334960938,606100,0.0,0.0
2024-01-09 00:00:00-05:00,147.94891728886464,149.21150729527844,147.94891728886464,148.91787719726562,466600,0.0,0.0
2024-01-10 00:00:00-05:00,151.5507381882852,152.94057140850862,150.96349291849006,152.5294952392578,961800,0.0,0.0
2024-01-11 00:00:00-05:00,153.32229761687472,153.9193400603529,151.66821062116657,153.18527221679688,484700,0.0,0.0
2024-01-12 00:00:00-05:00,154.6240480519825,155.5538643435817,154.32063572958526,155.17214965820312,603900,0.0,0.0
2024-01-16 00:00:00-05:00,153.4495345905021,154.10530004529,152.9601560480054,153.4886932373047,523800,0.0,0.0
2024-01-17 00:00:00-05:00,153.48868530179348,154.55552688496414,152.5099282674027,154.42828369140625,615700,0.0,0.0
2024-01-18 00:00:00-05:00,155.63215468245818,157.11986959486558,155.56364945429763,157.02198791503906,967100,0.0,0.0
2024-01-19 00:00:00-05:00,157.75606145027064,160.2421128357111,157.70713554322458,159.97784423828125,763800,0.0,0.0
2024-01-22 00:00:00-05:00,159.4199588091941,160.25189337078743,159.2339925734709,159.74295043945312,762700,0.0,0.0
2024-01-23 00:00:00-05:00,157.76586699165722,159.9191297291809,157.6484209130474,159.9093475341797,1157100,0.0,0.0
2024-01-24 00:00:00-05:00,170.8420490602404,172.64295847950498,169.5794440801974,170.90077209472656,2737500,0.0,0.0
2024-01-25 00:00:00-05:00,172.21230538963877,172.23188471295728,168.66920953602826,169.75563049316406,1773700,0.0,0.0
2024-01-26 00:00:00-05:00,169.62838894763163,170.42117980131175,169.373917480601,169.9905242919922,1070500,0.0,0.0
2024-01-29 00:00:00-05:00,170.46034133364674,172.7016885373554,170.2450135753422,172.59402465820312,642000,0.0,0.0
2024-01-30 00:00:00-05:00,172.65274421606165,172.8485075812289,171.5271795395897,171.99697875976562,631600,0.0,0.0
2024-01-31 00:00:00-05:00,171.90890338437333,172.33955891529706,169.37392597738432,169.42286682128906,685900,0.0,0.0
2024-02-01 00:00:00-05:00,171.3901443323882,173.55320394260474,171.23353962307948,173.455322265625,601600,0.0,0.0
2024-02-02 00:00:00-05:00,172.7506197536601,173.77831764563967,171.91867028523677,173.29872131347656,851500,0.0,0.0
2024-02-05 00:00:00-05:00,172.53529429387876,173.7195969142573,172.1046387955593,173.27914428710938,661000,0.0,0.0
2024-02-06 00:00:00-05:00,175.3639063509357,175.6183778183381,174.26770318717402,174.99197387695312,602300,0.0,0.0
2024-02-07 00:00:00-05:00,176.24480121286908,177.71293688825287,176.11755800858168,177.33120727539062,619900,0.0,0.0
2024-02-08 00:00:00-05:00,176.6656622167762,177.3312098974934,176.43075512876794,177.3116455078125,558000,0.0,0.0
2024-02-09 00:00:00-05:00,177.80102325634456,178.0750740571037,177.00823237310212,177.693359375,446900,0.0,0.0
2024-02-12 00:00:00-05:00,176.0686174508551,176.9886515317955,175.28560876911976,175.57923889160156,607300,0.0,0.0
2024-02-13 00:00:00-05:00,169.5696606976015,170.89098870287043,169.41305598363755,170.28414916992188,1023600,0.0,0.0
2024-02-14 00:00:00-05:00,172.13401009829622,173.73917117941662,172.0948663846999,173.7000274658203,583600,0.0,0.0
2024-02-15 00:00:00-05:00,173.49446650706122,173.85661676527786,172.62337334400289,173.82725524902344,581100,0.0,0.0
2024-02-16 00:00:00-05:00,172.86806859075125,174.30684267564683,172.22210027612994,173.15191650390625,456600,0.0,0.0
2024-02-20 00:00:00-05:00,173.3182946706927,173.8468168895678,171.97740233410542,172.84849548339844,471800,0.0,0.0
2024-02-21 00:00:00-05:00,171.6348512764463,172.3101960871155,171.16505203475631,172.18295288085938,494700,0.0,0.0
2024-02-22 00:00:00-05:00,176.49925787728102,177.84015023586718,176.38181181219235,177.8303680419922,573300,0.0,0.0
2024-02-23 00:00:00-05:00,179.60193429294787,180.54154771390023,179.28872484108086,180.306640625,731200,0.0,0.0
2024-02-26 00:00:00-05:00,183.84974031035784,184.14337044362708,183.3114208884724,183.52674865722656,612000,0.0,0.0
2024-02-27 00:00:00-05:00,184.43698551630888,185.79745725253687,184.05527085462325,185.15147399902344,786900,0.0,0.0
2024-02-28 00:00:00-05:00,183.01779929085924,183.11566604209457,182.1369089218508,182.70458984375,533600,0.0,0.0
2024-02-29 00:00:00-05:00,183.3603492935668,184.2020809866876,182.17606158041235,183.87908935546875,591700,0.0,0.0
2024-03-01 00:00:00-05:00,183.05693457764764,184.56422883684,182.84160682633444,184.5250701904297,641300,0.0,0.0
2024-03-04 00:00:00-05:00,185.33744180363144,187.26559445159452,185.16125776270368,186.7664337158203,659300,0.0,0.0
2024-03-05 00:00:00-05:00,187.16771725855688,187.27538113763725,182.6262848826499,183.47781372070312,816100,0.0,0.0
2024-03-06 00:00:00-05:00,186.15959531030856,187.70603330283245,185.92470316716185,186.62939453125,599600,0.0,0.0
2024-03-07 00:00:00-05:00,189.14481885055292,191.82661881254023,189.01757564222564,191.41554260253903,961400,0.0,0.0
2024-03-08 00:00:00-05:00,190.1235636328014,190.68146233950543,188.3030748585454,188.8903350830078,647400,0.0,0.0
2024-03-11 00:00:00-04:00,184.51528547256768,186.06172342237213,184.3684629525089,185.7974548339844,1213400,0.0,0.0
2024-03-12 00:00:00-04:00,187.23622452410817,189.8103453807947,186.61960281052853,189.7124786376953,668200,0.0,0.0
2024-03-13 00:00:00-04:00,188.7826825250416,188.9294901226353,187.28518529099085,188.4205322265625,676500,0.0,0.0
2024-03-14 00:00:00-04:00,187.8822143550142,188.43031592649845,185.47446538353964,186.4042816162109,659000,0.0,0.0
2024-03-15 00:00:00-04:00,184.71104742701533,184.8382906334566,183.22333240240883,184.30975341796875,756500,0.0,0.0
2024-03-18 00:00:00-04:00,184.5935869232568,185.02422748323104,182.6067112923272,182.80245971679688,684500,0.0,0.0
2024-03-19 00:00:00-04:00,183.6931298502117,184.74040714144616,183.12546386082408,184.7012634277344,442600,0.0,0.0
2024-03-20 00:00:00-04:00,184.75997022492533,186.49235942905148,184.05526396287,186.3357696533203,412400,0.0,0.0
2024-03-21 00:00:00-04:00,188.3128532668061,192.4334270802714,187.98987657795803,190.67166137695312,617700,0.0,0.0
2024-03-22 00:00:00-04:00,190.38784036440964,191.7874558862023,189.60483167654343,191.20021057128903,533300,0.0,0.0
2024-03-25 00:00:00-04:00,191.00444014881592,192.07129672729965,190.64230480458585,191.13168334960932,419500,0.0,0.0
2024-03-26 00:00:00-04:00,193.4806822561272,194.3419932204317,192.4040584853936,192.4823608398437,556900,0.0,0.0
2024-03-27 00:00:00-04:00,194.96840679003,195.056491342662,192.11043791678247,192.9032287597656,852700,0.0,0.0
2024-03-28 00:00:00-04:00,191.3372282392922,192.13001908990853,190.3682533470678,190.88699340820312,376200,0.0,0.0
2024-04-01 00:00:00-04:00,192.1985117183549,192.8347127437321,191.22955182430888,191.86573791503903,554200,0.0,0.0
2024-04-02 00:00:00-04:00,188.2443639315526,188.4596916987296,186.28684963696108,188.038818359375,644900,0.0,0.0
2024-04-03 00:00:00-04:00,186.90346005898456,189.4677988499532,186.81536057074945,189.1350250244141,870000,0.0,0.0
2024-04-04 00:00:00-04:00,189.1154500658068,189.89845874105453,186.9719696044922,186.9719696044922,1249400,0.0,0.0
2024-04-05 00:00:00-04:00,187.34389948743183,189.12522963763485,186.8936646516476,187.7451934814453,639300,0.0,0.0
2024-04-08 00:00:00-04:00,188.68478400053243,189.35034656441613,187.52006071472152,187.5592193603516,519600,0.0,0.0
2024-04-09 00:00:00-04:00,185.7681113949051,186.0911030488893,182.74375536393825,183.898681640625,995400,0.0,0.0
2024-04-10 00:00:00-04:00,180.9526239184892,181.88244020991536,179.60193429294787,180.306640625,682400,0.0,0.0
2024-04-11 00:00:00-04:00,180.071728179448,182.01946019685343,178.12401109669077,181.725830078125,1037200,0.0,0.0
2024-04-12 00:00:00-04:00,177.73250340908504,178.8678652626465,176.73418189079862,176.93971252441406,987000,0.0,0.0
2024-04-15 00:00:00-04:00,180.2577032818489,180.53175409023012,176.37203618522648,176.40139770507812,529700,0.0,0.0
2024-04-16 00:00:00-04:00,177.6444145614281,178.46656694533073,176.30352210663588,176.72438049316406,799400,0.0,0.0
2024-04-17 00:00:00-04:00,177.89888385425107,177.89888385425107,175.42262960363485,176.1175537109375,489600,0.0,0.0
2024-04-18 00:00:00-04:00,176.08817940820575,176.988634076267,174.2970522658301,174.84515380859375,1502900,0.0,0.0
2024-04-19 00:00:00-04:00,174.42431790175337,174.83539411172117,171.36080324968168,172.03614807128906,954100,0.0,0.0
2024-04-22 00:00:00-04:00,172.8387229404585,175.1877490803603,172.3982852063047,174.3949432373047,1062900,0.0,0.0
2024-04-23 00:00:00-04:00,180.9036729346873,184.2510203569831,180.893890740358,184.01611328125,1649200,0.0,0.0
2024-04-24 00:00:00-04:00,184.52507953311948,185.2493651819032,182.64586764576973,184.07485961914065,1188900,0.0,0.0
2024-04-25 00:00:00-04:00,177.5171646029553,181.33432612805973,176.33287691435228,181.1581420898437,1557100,0.0,0.0
2024-04-26 00:00:00-04:00,181.7454094209133,182.900335637478,181.6377455418566,182.22499084472656,920900,0.0,0.0
2024-04-29 00:00:00-04:00,180.84495277452092,180.92325513434355,179.18106869857354,179.86619567871094,476700,0.0,0.0
2024-04-30 00:00:00-04:00,178.7699781214999,179.56278391663025,177.07673252228173,177.36058044433594,773200,0.0,0.0
2024-05-01 00:00:00-04:00,177.8401606575812,179.53340624530742,175.3443270856571,176.2447967529297,622200,0.0,0.0
2024-05-02 00:00:00-04:00,177.63462280820363,177.78143039219776,175.8924364497853,176.80267333984375,731400,0.0,0.0
2024-05-03 00:00:00-04:00,179.70959850063116,180.34578466574612,178.94616912863364,179.55299377441406,377200,0.0,0.0
2024-05-06 00:00:00-04:00,180.08152594962644,181.53008228995475,179.81725734836542,181.4713592529297,419200,0.0,0.0
2024-05-07 00:00:00-04:00,183.06671278166652,184.3097384217629,182.6849981280493,183.5560913085937,483600,0.0,0.0
2024-05-08 00:00:00-04:00,184.8774244276057,186.3259807257444,184.6327351573625,186.2672576904297,907600,0.0,0.0
2024-05-09 00:00:00-04:00,186.36513735403577,187.9507190289528,186.14001247490364,187.9115753173828,652600,0.0,0.0
2024-05-10 00:00:00-04:00,185.6702159118572,186.6391908018244,185.3863829286444,186.0127868652344,541800,0.0,0.0
2024-05-13 00:00:00-04:00,186.8545140969829,187.1383470734237,185.68000861073028,185.92469787597656,356200,0.0,0.0
2024-05-14 00:00:00-04:00,185.1319076351708,185.8953370119825,184.52508298556367,185.67022705078125,495700,0.0,0.0
2024-05-15 00:00:00-04:00,185.94427120661103,188.36180245827907,185.80724580886923,188.35202026367188,528300,0.0,0.0
2024-05-16 00:00:00-04:00,190.8246611981643,191.1814360276251,188.9317720995788,188.9615020751953,855300,2.385,0.0
2024-05-17 00:00:00-04:00,189.40746399300392,191.3598130135641,189.0903392171595,191.07241821289065,570000,0.0,0.0
2024-05-20 00:00:00-04:00,192.40040885569155,193.9959830632913,192.11301405300912,193.55001831054688,701800,0.0,0.0
2024-05-21 00:00:00-04:00,193.44100951840892,194.0554491918817,192.84637974777763,192.9752197265625,843000,0.0,0.0
2024-05-22 00:00:00-04:00,192.2616600170946,193.33198447513627,191.8949802468437,192.17247009277344,540800,0.0,0.0
2024-05-23 00:00:00-04:00,194.9870314183796,195.22488635426865,192.23194267976808,193.2725372314453,844100,0.0,0.0
2024-05-24 00:00:00-04:00,192.87610327794692,193.88696780541068,191.52828894868296,193.6293029785156,651800,0.0,0.0
2024-05-28 00:00:00-04:00,192.1724814942632,192.3013063519049,189.95254747305492,190.79493713378903,794900,0.0,0.0
2024-05-29 00:00:00-04:00,188.257869868523,189.4272892186584,188.0398399689956,188.6641845703125,747400,0.0,0.0
2024-05-30 00:00:00-04:00,183.5900700075782,183.86755986179224,178.14925763061743,178.63487243652344,1950600,0.0,0.0
2024-05-31 00:00:00-04:00,180.3493672432284,181.0133619056105,177.82221344803122,180.8052520751953,848700,0.0,0.0
2024-06-03 00:00:00-04:00,182.25216165738647,182.7476814173272,180.2106226659606,182.5891265869141,755000,0.0,0.0
2024-06-04 00:00:00-04:00,182.35127551117608,183.33241010053223,181.5881708305657,182.56930541992188,470500,0.0,0.0
2024-06-05 00:00:00-04:00,184.50183195630643,187.08844579716785,183.7089972886818,187.0587158203125,697700,0.0,0.0
2024-06-06 00:00:00-04:00,192.5688813475256,192.7274512956036,190.9733071598889,191.3102569580078,852100,0.0,0.0
2024-06-07 00:00:00-04:00,190.01200943086187,190.6066392120141,189.19936486015487,189.38766479492188,512900,0.0,0.0
2024-06-10 00:00:00-04:00,187.13800047501195,188.81285973792512,187.06862044776065,188.53536987304688,456300,0.0,0.0
2024-06-11 00:00:00-04:00,185.51268338319275,187.8515371697316,184.7297537226732,187.04879760742188,1006300,0.0,0.0
2024-06-12 00:00:00-04:00,193.42117445384963,195.66091824578768,193.1535895587484,195.4329833984375,1325100,0.0,0.0
2024-06-13 00:00:00-04:00,193.35180972541443,193.76804449479653,188.62454714404407,190.69581604003903,909600,0.0,0.0
2024-06-14 00:00:00-04:00,186.4740042590797,186.99925400772125,184.82887498647327,186.13705444335932,1359700,0.0,0.0
2024-06-17 00:00:00-04:00,187.01907766232245,188.7038418506417,186.4839078440404,188.3173370361328,1070100,0.0,0.0
2024-06-18 00:00:00-04:00,187.1082655836697,188.11913013464,186.7613957006509,186.92987060546875,681600,0.0,0.0
2024-06-20 00:00:00-04:00,188.7831190242568,191.70668251284715,188.5056291751605,189.7543334960937,1168800,0.0,0.0
2024-06-21 00:00:00-04:00,191.15171289762776,192.55898724143705,190.28949820768275,192.4202423095703,650800,0.0,0.0
2024-06-24 00:00:00-04:00,190.4183310886624,191.5976705265921,189.87325633305664,189.9723663330078,709900,0.0,0.0
2024-06-25 00:00:00-04:00,191.28053516650388,194.03562386346408,190.68592051886583,193.986083984375,696100,0.0,0.0
2024-06-26 00:00:00-04:00,195.56182728418625,197.55381124476287,195.2744173594577,196.8105316162109,1205700,0.0,0.0
2024-06-27 00:00:00-04:00,197.8808626187455,199.644911785559,197.82140266603145,198.95118713378903,763100,0.0,0.0
2024-06-28 00:00:00-04:00,199.95212776888977,202.49910658951896,199.08992822702623,199.902587890625,843300,0.0,0.0
2024-07-01 00:00:00-04:00,198.74306185804144,199.04037674319773,196.80063283620524,197.6331024169922,753400,0.0,0.0
2024-07-02 00:00:00-04:00,195.90868402555853,197.5439082982036,195.7798591716383,196.80062866210932,596300,0.0,0.0
2024-07-03 00:00:00-04:00,199.3575172930212,201.42878630022025,199.3079622916589,201.2008514404297,471600,0.0,0.0
2024-07-05 00:00:00-04:00,203.8667459311373,204.23342571379047,201.90447679732657,204.0946807861328,552300,0.0,0.0
2024-07-08 00:00:00-04:00,203.8072740619644,203.8865590393101,200.64587065191097,200.972900390625,544900,0.0,0.0
2024-07-09 00:00:00-04:00,200.8341562034232,200.8341562034232,197.8015776385374,198.4853973388672,654000,0.0,0.0
2024-07-10 00:00:00-04:00,199.466521826742,200.6062111882188,198.7926071119605,200.4773712158203,465900,0.0,0.0
2024-07-11 00:00:00-04:00,201.94412284412928,202.31080261951533,199.5656189744845,199.92239379882807,613000,0.0,0.0
2024-07-12 00:00:00-04:00,201.062096161324,204.4910843213948,200.6557663419554,203.2721099853516,635300,0.0,0.0
2024-07-15 00:00:00-04:00,203.49014632740287,203.86674618382452,201.42878231246053,201.6864471435547,493700,0.0,0.0
2024-07-16 00:00:00-04:00,202.65767125731264,203.0739060294988,201.67653671583363,203.0342559814453,425800,0.0,0.0
2024-07-17 00:00:00-04:00,199.70436319760864,200.34854794260943,197.38533440855605,198.21780395507807,790500,0.0,0.0
2024-07-18 00:00:00-04:00,198.8322662623603,198.9710111920402,194.38249331709363,195.4627227783203,795700,0.0,0.0
2024-07-19 00:00:00-04:00,194.9969369736865,196.8402711468593,194.89784209164017,195.4429168701172,699600,0.0,0.0
2024-07-22 00:00:00-04:00,197.4447963656397,199.49625539977373,197.2564964401418,198.67369079589844,1058500,0.0,0.0
2024-07-23 00:00:00-04:00,210.65536360490933,213.01404256486808,209.1093443317498,212.8356475830078,2594000,0.0,0.0
2024-07-24 00:00:00-04:00,209.951725267715,210.4274199961292,207.09752665310427,207.523666381836,1380700,0.0,0.0
2024-07-25 00:00:00-04:00,208.395786038372,211.85451935703395,207.0281466815145,208.9210357666016,1378100,0.0,0.0
2024-07-26 00:00:00-04:00,209.81298493418484,212.13201379828308,209.02015028809925,211.53738403320312,688300,0.0,0.0
2024-07-29 00:00:00-04:00,209.3769290892357,209.9517338404854,206.8200452462544,207.32546997070312,1005100,0.0,0.0
2024-07-30 00:00:00-04:00,205.92808757322888,206.81011210844923,204.52081332164485,204.9073181152344,1045500,0.0,0.0
2024-07-31 00:00:00-04:00,208.82193968334585,210.5364337840421,207.82098011029933,209.70396423339844,491500,0.0,0.0
2024-08-01 00:00:00-04:00,206.8200371088538,209.19852587652383,202.5189292783201,203.71807861328125,681900,0.0,0.0
2024-08-02 00:00:00-04:00,202.25134019200732,203.15318975389448,200.8539708869378,202.88560485839844,1144600,0.0,0.0
2024-08-05 00:00:00-04:00,193.35181917906587,198.9809164749592,193.18332915082945,197.24659729003903,1473800,0.0,0.0
2024-08-06 00:00:00-04:00,199.4863339999568,202.7171324431966,199.22866917428857,199.92239379882807,898700,0.0,0.0
2024-08-07 00:00:00-04:00,202.0531345129583,204.06494345248709,199.5557107831058,199.7836456298828,715100,0.0,0.0
2024-08-08 00:00:00-04:00,201.2702069646305,205.0956200117433,199.90258274756107,204.4316253662109,1038200,0.0,0.0
2024-08-09 00:00:00-04:00,203.91628481974544,207.11735333570087,203.91628481974544,206.66146850585932,593300,0.0,0.0
2024-08-12 00:00:00-04:00,205.2244573381804,205.9380069735632,203.66851809595147,204.13430786132807,521200,0.0,0.0
2024-08-13 00:00:00-04:00,206.5921068746356,209.46611545998803,206.37407696848464,209.1291656494141,413200,0.0,0.0
2024-08-14 00:00:00-04:00,210.0706420580776,210.88328657699697,208.9408576435372,210.6454467773437,711000,0.0,0.0
2024-08-15 00:00:00-04:00,211.5671137246232,213.5888428255247,211.52747879730063,213.0140380859375,543200,0.0,0.0
2024-08-16 00:00:00-04:00,213.69786226633252,215.15469160955817,213.2320724696788,214.23301696777344,546500,0.0,0.0
2024-08-19 00:00:00-04:00,214.22310228512973,217.09711079081012,213.96542233660563,217.0772857666016,558700,0.0,0.0
2024-08-20 00:00:00-04:00,217.21603403550247,218.14761360083256,215.18441512369537,215.8186798095703,567900,0.0,0.0
2024-08-21 00:00:00-04:00,216.85927359853875,217.5331732091157,215.84840906061035,216.9088134765625,471800,0.0,0.0
2024-08-22 00:00:00-04:00,217.71154817285057,218.1277980665785,215.2042194698263,215.30332946777344,1449600,0.0,0.0
2024-08-23 00:00:00-04:00,216.0763503652776,218.15753945454503,215.511465689202,217.18630981445312,1285100,0.0,0.0
2024-08-26 00:00:00-04:00,215.46191082594265,215.83849556954704,213.92579650878903,213.92579650878903,1566600,0.0,0.0
2024-08-27 00:00:00-04:00,214.60961391793967,216.70070793767024,214.44113901195968,215.87814331054688,1007400,0.0,0.0
2024-08-28 00:00:00-04:00,216.67097003821564,217.07728473916185,214.6492409962601,214.98619079589844,642900,0.0,0.0
2024-08-29 00:00:00-04:00,217.48362052093543,219.2575897372797,216.29437611652867,216.8196258544922,736400,0.0,0.0
2024-08-30 00:00:00-04:00,216.889007886811,217.88004741999805,215.6402883968749,217.7413024902344,355900,0.0,0.0
2024-09-03 00:00:00-04:00,218.3656487986312,218.55394873092027,213.5888460752719,214.55015563964844,779600,0.0,0.0
2024-09-04 00:00:00-04:00,211.8247897243366,214.28256346814808,211.49774487229536,213.4996337890625,586800,0.0,0.0
2024-09-05 00:00:00-04:00,210.60580227493733,212.2707565266634,210.0210925893101,210.69500732421875,1305000,0.0,0.0
2024-09-06 00:00:00-04:00,212.38967967952703,212.88519944551803,208.49490157742812,209.43638610839844,682400,0.0,0.0
2024-09-09 00:00:00-04:00,210.179668244876,212.6176170540496,209.76343345116496,212.0626373291016,836000,0.0,0.0
2024-09-10 00:00:00-04:00,211.48782903984184,212.63743852060304,208.9210402938809,212.003173828125,1422100,0.0,0.0
2024-09-11 00:00:00-04:00,212.89511489609035,215.9772332564476,210.20939116903003,215.6700134277344,732700,0.0,0.0
2024-09-12 00:00:00-04:00,216.50249396273188,219.1981074672637,215.9276892430252,219.02963256835932,562700,0.0,0.0
2024-09-13 00:00:00-04:00,219.2179409751141,220.6549452689624,218.7521511863265,219.29722595214844,549100,0.0,0.0
2024-09-16 00:00:00-04:00,221.5171505731942,221.89373529559984,220.3080811881715,221.596435546875,646000,0.0,0.0
2024-09-17 00:00:00-04:00,221.25948062085084,221.5072405040193,219.3566865327644,220.0702362060547,621800,0.0,0.0
2024-09-18 00:00:00-04:00,220.46665041889543,222.04239957026505,219.1683759914129,219.891845703125,591000,0.0,0.0
2024-09-19 00:00:00-04:00,227.0867946056024,228.12738912417143,226.22459506379005,226.91831970214844,784400,0.0,0.0
2024-09-20 00:00:00-04:00,227.1264301498977,227.22554015081667,224.9758762041106,226.7597503662109,577800,0.0,0.0
2024-09-23 00:00:00-04:00,228.4048825641395,228.78148242604288,227.7111579148937,228.37515258789065,374900,0.0,0.0
2024-09-24 00:00:00-04:00,227.85980382327463,229.05896829196968,226.2146745965589,228.8607482910156,572900,0.0,0.0
2024-09-25 00:00:00-04:00,222.9442490755478,223.89563851226467,221.2891998291016,221.2891998291016,1305200,0.0,0.0
2024-09-26 00:00:00-04:00,227.5823140312,227.5823140312,224.62902050533785,226.06602478027344,1057000,0.0,0.0
2024-09-27 00:00:00-04:00,226.5912806943739,227.62195516624,225.6894310802015,225.9570159912109,618100,0.0,0.0
2024-09-30 00:00:00-04:00,227.54268468754688,227.8300795007608,225.24346569358264,227.0471649169922,488500,0.0,0.0
2024-10-01 00:00:00-04:00,228.563454199152,228.6030891270875,222.72623190705264,223.78663635253903,731600,0.0,0.0
2024-10-02 00:00:00-04:00,221.58652842156533,223.5487976101832,220.3378240377695,222.61721801757807,534700,0.0,0.0
2024-10-03 00:00:00-04:00,219.5449757522113,219.8521955728213,217.8899416280401,218.49447631835932,756900,0.0,0.0
2024-10-04 00:00:00-04:00,218.33591807615667,219.05937270431767,217.5034484939936,218.9008178710937,955300,0.0,0.0
2024-10-07 00:00:00-04:00,218.43502976853136,218.71251963139903,215.5709260880258,216.1754608154297,803200,0.0,0.0
2024-10-08 00:00:00-04:00,221.75499526435928,224.7578437692267,221.25947550946944,224.5992889404297,1102800,0.0,0.0
2024-10-09 00:00:00-04:00,223.55869467568056,226.8588580615101,223.51904462689075,226.84893798828125,762700,0.0,0.0
2024-10-10 00:00:00-04:00,222.8748708277553,223.47940552296603,221.6955314123392,222.7559509277344,685900,0.0,0.0
2024-10-11 00:00:00-04:00,224.1533028654212,226.5813616948946,223.64787817335147,226.10565185546875,553500,0.0,0.0
2024-10-14 00:00:00-04:00,228.20667218535604,230.14910115646023,228.1174671366948,229.72296142578125,678800,0.0,0.0
2024-10-15 00:00:00-04:00,229.5842181264342,229.78242300541203,225.78853496185985,227.46339416503903,1066900,0.0,0.0
2024-10-16 00:00:00-04:00,228.0183741838964,228.1868490873589,226.44262497910293,227.3841094970703,917400,0.0,0.0
2024-10-17 00:00:00-04:00,227.65168913126445,227.9093539561137,225.63986504340008,226.7894744873047,576300,0.0,0.0
2024-10-18 00:00:00-04:00,227.64177788893755,229.52476207639123,227.3345580529904,228.37515258789065,654200,0.0,0.0
2024-10-21 00:00:00-04:00,227.81024136617395,228.7715508754956,226.0759222690357,227.4237365722656,1525500,0.0,0.0
2024-10-22 00:00:00-04:00,234.2916598318167,235.58991920165803,229.01932225303088,230.23831176757807,2155000,0.0,0.0
2024-10-23 00:00:00-04:00,233.0132105590544,234.6880697922236,231.99244104808085,232.4879608154297,1099300,0.0,0.0
2024-10-24 00:00:00-04:00,235.07456911639423,236.3430984814194,234.2024646292287,236.1647186279297,1369300,0.0,0.0
2024-10-25 00:00:00-04:00,236.74942503707285,237.9287644590472,235.32232574063536,235.5601806640625,741500,0.0,0.0
2024-10-28 00:00:00-04:00,238.6621381788485,238.83061307816345,237.58189363773323,238.12696838378903,874600,0.0,0.0
2024-10-29 00:00:00-04:00,238.34499961209136,240.8325033117095,237.84947986237808,240.13877868652344,802300,0.0,0.0
2024-10-30 00:00:00-04:00,236.56113036253703,238.4044644743309,235.0646661315141,235.2232360839844,820800,0.0,0.0
2024-10-31 00:00:00-04:00,233.8357771967771,233.8357771967771,229.376099252317,231.5464782714844,890500,0.0,0.0
2024-11-01 00:00:00-04:00,232.69608419742605,233.44926879475884,231.021224975586,231.021224975586,745700,0.0,0.0
2024-11-04 00:00:00-05:00,230.95183846437453,231.35816828873652,229.60402413926977,230.7437286376953,416600,0.0,0.0
2024-11-05 00:00:00-05:00,231.98252510225103,234.0835239771765,231.9230651525173,233.7862091064453,836200,0.0,0.0
2024-11-06 00:00:00-05:00,227.82017318446853,229.55449237102007,226.2146788544864,229.2274475097656,1821800,0.0,0.0
2024-11-07 00:00:00-05:00,234.61869749910625,238.21616061375605,234.56914249951944,238.03778076171875,839800,0.0,0.0
2024-11-08 00:00:00-05:00,236.9971949958896,237.0863849251964,234.618706148663,235.4313507080078,706600,0.0,0.0
2024-11-11 00:00:00-05:00,235.27277623990383,235.4412662658917,232.51768758125,233.74658203125,856100,0.0,0.0
2024-11-12 00:00:00-05:00,233.7763080951197,234.49976269917605,231.0509494579371,232.36903381347656,888100,0.0,0.0
2024-11-13 00:00:00-05:00,229.52475617620283,230.69417553743264,226.3831476274068,227.9390869140625,1488300,0.0,0.0
2024-11-14 00:00:00-05:00,230.0500078209204,232.14110180576984,229.207618183009,229.3265380859375,831700,0.0,0.0
2024-11-15 00:00:00-05:00,226.8489461533566,227.31473594999372,225.48132186213945,226.2642364501953,824400,0.0,0.0
2024-11-18 00:00:00-05:00,227.64177820466463,229.49503241843985,227.2057183896588,229.2274475097656,609400,0.0,0.0
2024-11-19 00:00:00-05:00,227.92918421289468,231.59602740547032,227.6615993088288,231.11041259765625,614200,0.0,0.0
2024-11-20 00:00:00-05:00,232.01225869915964,232.92401322745656,229.217520041544,232.9141082763672,603900,0.0,0.0
2024-11-21 00:00:00-05:00,232.4384000075364,234.5294939783916,231.16987064457865,233.91505432128903,947100,0.0,0.0
2024-11-22 00:00:00-05:00,233.6276624457408,234.63851187066547,232.1609130647585,234.13308715820312,750700,0.0,0.0
2024-11-25 00:00:00-05:00,235.04484399398527,235.10430394637632,231.16987579450108,231.71495056152344,616800,0.0,0.0
2024-11-26 00:00:00-05:00,232.3095809616128,233.03303558777628,231.239256449474,232.9537506103516,804800,0.0,0.0
2024-11-27 00:00:00-05:00,230.37705407215967,231.1401436166593,229.47520447731867,229.9409942626953,961700,0.0,0.0
2024-11-29 00:00:00-05:00,232.27984461792585,235.79802277206744,231.96270471692063,235.4709930419922,420900,0.0,0.0
2024-12-02 00:00:00-05:00,237.5719928863068,240.0694166892516,236.09533857035493,239.4252319335937,799500,0.0,0.0
2024-12-03 00:00:00-05:00,240.1387893295876,242.8245131457737,239.83156949067927,241.71453857421875,788400,0.0,0.0
2024-12-04 00:00:00-05:00,247.3535414498945,252.4375788473752,246.47151691306263,251.3375244140625,895000,0.0,0.0
2024-12-05 00:00:00-05:00,253.00246900516737,253.8349536835415,251.545654842654,253.250228881836,825300,0.0,0.0
2024-12-06 00:00:00-05:00,252.3285674843281,253.8349517572188,251.45644788601305,251.8627777099609,843500,0.0,0.0
2024-12-09 00:00:00-05:00,251.9222441081597,252.5466038476665,249.60321525008183,250.2771148681641,728000,0.0,0.0
2024-12-10 00:00:00-05:00,251.307796008658,252.08080560207668,249.04822717834747,249.0779571533203,532500,0.0,0.0
2024-12-11 00:00:00-05:00,244.20204427296605,248.73108687717576,244.0732043002521,247.2940826416016,1138400,0.0,0.0
2024-12-12 00:00:00-05:00,248.7806520129479,252.41776527349995,248.37432217634165,251.3573608398437,965200,0.0,0.0
2024-12-13 00:00:00-05:00,250.90147923424385,251.6744888678573,249.276174988946,251.0303192138672,664700,0.0,0.0
2024-12-16 00:00:00-05:00,250.3464895000662,251.71412885349767,249.74195479825144,250.693359375,1033700,0.0,0.0
2024-12-17 00:00:00-05:00,249.7815958371161,249.969895766856,248.2752266433238,248.72119140625,1119000,0.0,0.0
2024-12-18 00:00:00-05:00,250.3564042812576,251.22852391734847,242.18032805909536,242.25961303710932,969000,0.0,0.0
2024-12-19 00:00:00-05:00,245.2128939086276,245.94626857563813,242.7253902310823,243.48849487304688,1499200,0.0,0.0
2024-12-20 00:00:00-05:00,241.605522568382,248.0373746206818,241.0109079181971,245.6786956787109,1647300,0.0,0.0
2024-12-23 00:00:00-05:00,244.360622580325,247.2742660770292,242.5271934129322,246.63009643554688,980200,0.0,0.0
2024-12-24 00:00:00-05:00,246.24359127906305,251.81322855450145,246.14448127802257,251.3672637939453,722200,0.0,0.0
2024-12-26 00:00:00-05:00,250.74289882835595,252.25918805587253,249.95998427588543,251.2384185791016,721400,0.0,0.0
2024-12-27 00:00:00-05:00,247.7202387581029,248.2355684074809,245.96609461824136,247.9085235595703,1384300,0.0,0.0
2024-12-30 00:00:00-05:00,244.6678330828496,247.91844138636893,243.12181390459804,246.6003570556641,572400,0.0,0.0
2024-12-31 00:00:00-05:00,246.60036390053963,248.0571931948052,243.7065303364515,244.0038452148437,522600,0.0,0.0
2025-01-02 00:00:00-05:00,243.14163731065423,244.02366189708405,239.73245887077107,240.9415283203125,839200,0.0,0.0
2025-01-03 00:00:00-05:00,239.8216632968781,241.45687248610952,238.53330887278443,239.2369384765625,746500,0.0,0.0
2025-01-06 00:00:00-05:00,243.00288978996088,246.6102730751449,242.2199752147806,244.83631896972656,1171000,0.0,0.0
2025-01-07 00:00:00-05:00,251.1591345199704,251.17895954425,246.46161694389656,247.27426147460932,978600,0.0,0.0
2025-01-08 00:00:00-05:00,248.7211888532582,251.5753875019899,248.3346840464144,251.21861267089844,1349400,0.0,0.0
2025-01-10 00:00:00-05:00,250.9807580044491,251.545657788459,247.868894521932,249.2761688232422,984800,0.0,0.0
2025-01-13 00:00:00-05:00,245.65887353251068,247.42292261431555,245.202988713566,247.2940826416016,807900,0.0,0.0
2025-01-14 00:00:00-05:00,251.35735560027803,252.48714003607603,250.2672060911472,251.228515625,1250700,0.0,0.0
2025-01-15 00:00:00-05:00,258.2747947657398,259.632544313078,257.54143519912907,259.4442443847656,1026500,0.0,0.0
2025-01-16 00:00:00-05:00,259.8109343828093,260.5145640012518,258.6018649112221,259.2361145019531,622300,0.0,0.0
2025-01-17 00:00:00-05:00,260.94070435428887,262.3380737648118,260.09834492260944,260.47491455078125,799000,0.0,0.0
2025-01-21 00:00:00-05:00,264.68682553101485,266.8770446777344,263.4381362837198,266.8770446777344,955200,0.0,0.0
2025-01-22 00:00:00-05:00,272.27820166315024,272.6349916351386,269.84025279038514,270.5538024902344,992900,0.0,0.0
2025-01-23 00:00:00-05:00,268.9879692779651,272.91247744671574,268.05638967689964,272.9025573730469,1091100,0.0,0.0
2025-01-24 00:00:00-05:00,272.7836414343184,274.87472040824133,272.42688170657186,273.8143310546875,870600,0.0,0.0
2025-01-27 00:00:00-05:00,270.593434455091,273.6260129157229,269.68166480462065,273.1304931640625,1706500,0.0,0.0
2025-01-28 00:00:00-05:00,267.52122258313403,272.5061503850861,265.6481432881904,271.33673095703125,2068800,0.0,0.0
2025-01-29 00:00:00-05:00,276.15315597060675,276.63878590101046,273.06111750982615,274.3494567871094,1677900,0.0,0.0
2025-01-30 00:00:00-05:00,274.0224225448183,278.0163105316378,273.6755526699872,276.8567810058594,1084600,0.0,0.0
2025-01-31 00:00:00-05:00,276.26218352108657,277.8180925664503,273.5368248682377,273.5863647460937,980000,0.0,0.0
2025-02-03 00:00:00-05:00,269.6222170423456,271.9115159789756,266.292338677839,270.11773681640625,2379100,0.0,0.0
2025-02-04 00:00:00-05:00,272.7638126007585,275.6477411764056,272.6547825287622,275.61798095703125,906600,0.0,0.0
2025-02-05 00:00:00-05:00,278.50192717820994,280.870526251572,278.06586735084727,280.6524963378906,610600,0.0,0.0
2025-02-06 00:00:00-05:00,277.9568598743681,281.3164681744948,277.5208000589938,280.692138671875,671900,0.0,0.0
2025-02-07 00:00:00-05:00,280.77140598888946,281.3561156805536,276.6982480498962,277.1343078613281,739000,0.0,0.0
2025-02-10 00:00:00-05:00,276.53967722532866,278.85870608202595,276.3910273455646,278.22442626953125,622300,0.0,0.0
2025-02-11 00:00:00-05:00,281.8714779082076,286.9356754158847,281.81198771149946,286.2815856933594,1084500,0.0,0.0
2025-02-12 00:00:00-05:00,285.2806139013901,289.6808316692786,284.34906460268417,288.3627624511719,823900,0.0,0.0
2025-02-13 00:00:00-05:00,288.6600816031628,291.0683307182468,287.29247241614104,291.05841064453125,757400,0.0,0.0
2025-02-14 00:00:00-05:00,289.264605502764,289.4132553745213,287.3221766088437,288.08526611328125,783900,0.0,0.0
2025-02-18 00:00:00-05:00,290.1268141057363,290.1961941294414,288.3033050520098,290.05743408203125,720500,0.0,0.0
2025-02-19 00:00:00-05:00,288.52133102126305,288.6501709937813,284.6661728952184,285.8851623535156,1081000,0.0,0.0
2025-02-20 00:00:00-05:00,286.4302377097442,287.1735173666822,283.81390904426826,285.3401184082031,679200,0.0,0.0
2025-02-21 00:00:00-05:00,285.9347012920573,286.0833814100905,279.1857248194987,280.4542541503906,1105100,0.0,0.0
2025-02-24 00:00:00-05:00,284.8247432522897,286.6978224047485,280.99934533974704,282.0002746582031,1202900,0.0,0.0
2025-02-25 00:00:00-05:00,284.63643573395416,286.87619459872207,281.17771768578984,284.3688659667969,1500300,0.0,0.0
2025-02-26 00:00:00-05:00,283.8535597150993,287.0545980884051,282.0102104349159,283.3183898925781,1270100,0.0,0.0
2025-02-27 00:00:00-05:00,280.71195135458146,280.8903312142393,271.7826753685888,272.13946533203125,1515800,0.0,0.0
2025-02-28 00:00:00-05:00,272.0502584851601,274.1413372796368,270.52404921114106,272.5358581542969,1382200,0.0,0.0
2025-03-03 00:00:00-05:00,282.9120409301364,284.70581996537874,276.90634411435104,278.1352233886719,1914200,0.0,0.0
2025-03-04 00:00:00-05:00,274.24045181787466,281.5444080982919,269.8600439177743,276.549560546875,1688500,0.0,0.0
2025-03-05 00:00:00-05:00,281.03896798259507,285.1220761259171,280.12722857969453,284.1607666015625,1361900,0.0,0.0
2025-03-06 00:00:00-05:00,277.5009848815772,281.3561128764326,274.9242760881037,276.83697509765625,1048400,0.0,0.0
2025-03-07 00:00:00-05:00,275.7072122177805,277.34242141050163,270.97993425415984,274.3197326660156,2688100,0.0,0.0
2025-03-10 00:00:00-04:00,266.3220629745983,266.94639247153293,256.87745749219505,258.9685363769531,1790200,0.0,0.0
2025-03-11 00:00:00-04:00,260.068608741428,262.1002276956779,256.550400236783,258.33428955078125,1527300,0.0,0.0
2025-03-12 00:00:00-04:00,261.59478697882673,263.5471360709639,258.6117785468935,261.7533569335937,1099200,0.0,0.0
2025-03-13 00:00:00-04:00,255.43052006417048,256.1440697391115,252.1303717201473,252.90338134765625,1558800,0.0,0.0
2025-03-14 00:00:00-04:00,258.1955146214886,262.2587825399951,256.91706522340456,261.5155029296875,954500,0.0,0.0
2025-03-17 00:00:00-04:00,263.5273061684979,268.115823702667,263.1903563817372,267.1346740722656,1464200,0.0,0.0
2025-03-18 00:00:00-04:00,268.5122350445602,268.88883488028915,263.26962780678633,268.2149353027344,2154800,0.0,0.0
2025-03-19 00:00:00-04:00,265.1922736077891,270.40515139857126,264.7760539271396,269.0077819824219,1604800,0.0,0.0
2025-03-20 00:00:00-04:00,266.4508649650645,269.83031328317327,266.29232526018507,269.2555236816406,1989700,0.0,0.0
2025-03-21 00:00:00-04:00,266.3716143092851,270.37542263885433,266.2229644226695,270.0880126953125,1275100,0.0,0.0
2025-03-24 00:00:00-04:00,273.34852617209623,274.4981356383127,271.96107690049894,273.26922607421875,779500,0.0,0.0
2025-03-25 00:00:00-04:00,276.212625182307,277.92713449585256,275.63783554932826,277.7190246582031,706700,0.0,0.0
2025-03-26 00:00:00-04:00,270.2069302038255,270.7817500858019,264.61748280784866,265.5986022949219,1270200,0.0,0.0
2025-03-27 00:00:00-04:00,262.87324472708247,266.768022960584,262.4272648249935,265.74725341796875,598500,0.0,0.0
2025-03-28 00:00:00-04:00,265.83644211139364,266.80767176886536,263.9138229439077,265.5986022949219,1214700,0.0,0.0
2025-03-31 00:00:00-04:00,261.5749598411198,266.95629689865945,259.5433410275236,266.0346374511719,1374900,0.0,0.0
2025-04-01 00:00:00-04:00,266.0544738306247,268.93840260143094,264.3102647577793,267.9176330566406,957600,0.0,0.0
2025-04-02 00:00:00-04:00,263.03178867928034,270.1573648696155,262.99213863222843,268.9879455566406,847900,0.0,0.0
2025-04-03 00:00:00-04:00,265.26163286900044,266.52024213031376,261.43620472008257,261.97137451171875,1937300,0.0,0.0
2025-04-04 00:00:00-04:00,254.05298154339405,255.7971904951202,246.144475455795,246.2733154296875,1877800,0.0,0.0
2025-04-07 00:00:00-04:00,238.24588697476725,253.9142188676457,237.48279745654503,239.37567138671875,4495400,0.0,0.0
2025-04-08 00:00:00-04:00,242.17041293073103,243.59751223088483,232.41858787576373,235.401611328125,2450600,0.0,0.0
2025-04-09 00:00:00-04:00,235.93678319106849,259.6325414830492,234.014164123876,257.28375244140625,2836500,0.0,0.0
2025-04-10 00:00:00-04:00,255.73773779609465,257.472056968015,248.75092122972305,256.1737976074219,2432700,0.0,0.0
2025-04-11 00:00:00-04:00,252.32856817461752,258.4333600133355,250.67353402115123,256.827880859375,1627700,0.0,0.0
2025-04-14 00:00:00-04:00,257.8189379851132,260.6929466881556,255.0440392878573,257.2044982910156,1522300,0.0,0.0
2025-04-15 00:00:00-04:00,259.0676417834918,261.2776707773556,258.80007200383704,259.6127014160156,893900,0.0,0.0
2025-04-16 00:00:00-04:00,259.4640654042847,262.43718409139154,256.4314867629659,258.14599609375,1313200,0.0,0.0
2025-04-17 00:00:00-04:00,257.1053759142729,257.4027059173258,253.9935275423756,255.09356689453125,1503700,0.0,0.0
2025-04-21 00:00:00-04:00,252.903371416391,253.31960619008424,245.3912902216886,248.29502868652344,1653300,0.0,0.0
2025-04-22 00:00:00-04:00,245.71833894548087,252.42768067373245,245.62914901872483,250.13836669921875,2503400,0.0,0.0
2025-04-23 00:00:00-04:00,271.1781532715272,275.4891813050809,267.8383548718438,269.04742431640625,2814400,0.0,0.0
2025-04-24 00:00:00-04:00,267.72931814325386,272.1691860453183,267.4815582652305,271.0988464355469,1609100,0.0,0.0
2025-04-25 00:00:00-04:00,273.9233127615307,276.946001394155,271.8916938766873,275.4594421386719,1850700,0.0,0.0
2025-04-28 00:00:00-04:00,282.1687616271569,284.00219071184927,280.2164126440628,282.7931213378906,1475200,0.0,0.0
2025-04-29 00:00:00-04:00,287.0347705114096,290.56286865395384,286.59871071903893,289.9285888671875,1977100,0.0,0.0
2025-04-30 00:00:00-04:00,283.942741190906,289.6610283059832,283.2291915301647,289.57183837890625,1856300,0.0,0.0
2025-05-01 00:00:00-04:00,292.9413605993241,292.9413605993241,285.8554342612801,286.3410339355469,1340100,0.0,0.0
2025-05-02 00:00:00-04:00,297.7677294854598,299.9678384575143,296.459580288013,299.0164489746094,2751700,0.0,0.0
2025-05-05 00:00:00-04:00,298.134415103387,300.6813940104692,297.7181954282824,299.9183044433594,1441100,0.0,0.0
2025-05-06 00:00:00-04:00,295.8946739590194,297.4208530296791,294.1008948642387,295.0126342773437,1239500,0.0,0.0
2025-05-07 00:00:00-04:00,295.0919414697445,296.50912074548387,292.9017223227366,294.665771484375,1121400,0.0,0.0
2025-05-08 00:00:00-04:00,294.3982063303357,294.7847262720519,291.31608784673534,291.6926574707031,1143100,0.0,0.0
2025-05-09 00:00:00-04:00,293.9224749844219,294.25945502166456,290.9592766242635,291.3358764648437,705600,0.0,0.0
2025-05-12 00:00:00-04:00,285.8752374065579,290.8800048828125,283.47693882285824,290.8800048828125,1303000,0.0,0.0
2025-05-13 00:00:00-04:00,289.1499938964844,291.6700134277344,288.45001220703125,289.7300109863281,1488600,2.63,0.0
2025-05-14 00:00:00-04:00,291.2900085449219,291.7200012207031,287.510009765625,288.4599914550781,1221800,0.0,0.0
2025-05-15 00:00:00-04:00,292.19000244140625,294.7799987792969,290.6499938964844,294.3500061035156,1051900,0.0,0.0
2025-05-16 00:00:00-04:00,297.1099853515625,297.45001220703125,295.3599853515625,296.4100036621094,1223600,0.0,0.0
2025-05-19 00:00:00-04:00,295.8599853515625,299.2900085449219,295.04998779296875,298.739990234375,1011500,0.0,0.0
2025-05-20 00:00:00-04:00,299.79998779296875,300.0299987792969,297.6000061035156,299.2699890136719,830200,0.0,0.0
2025-05-21 00:00:00-04:00,298.989990234375,302.20001220703125,297.95001220703125,298.4100036621094,761600,0.0,0.0
2025-05-22 00:00:00-04:00,298.0400085449219,301.82000732421875,297.7699890136719,299.8399963378906,1577000,0.0,0.0
2025-05-23 00:00:00-04:00,292.70001220703125,296.1600036621094,292.04998779296875,294.8699951171875,1419900,0.0,0.0
2025-05-27 00:00:00-04:00,301.9599914550781,304.42999267578125,300.1000061035156,301.8399963378906,1219600,0.0,0.0
2025-05-28 00:00:00-04:00,297.5299987792969,299.3900146484375,296.8099975585937,298.07000732421875,1069100,0.0,0.0
2025-05-29 00:00:00-04:00,297.9800109863281,298.9100036621094,296.010009765625,296.92999267578125,1103200,0.0,0.0
2025-05-30 00:00:00-04:00,301.7900085449219,303.4599914550781,299.3500061035156,302.8599853515625,1188300,0.0,0.0
2025-06-02 00:00:00-04:00,301.010009765625,304.6600036621094,299.9599914550781,304.6600036621094,830400,0.0,0.0
2025-06-03 00:00:00-04:00,304.1000061035156,307.25,303.29998779296875,306.3900146484375,1256300,0.0,0.0
2025-06-04 00:00:00-04:00,307.1700134277344,310.489990234375,306.67999267578125,309.32000732421875,659500,0.0,0.0
2025-06-05 00:00:00-04:00,311.239990234375,311.3999938964844,307.7099914550781,309.1000061035156,666300,0.0,0.0
2025-06-06 00:00:00-04:00,309.8399963378906,310.8900146484375,309.42999267578125,309.79998779296875,571400,0.0,0.0
2025-06-09 00:00:00-04:00,302.07000732421875,306.2200012207031,300.94000244140625,305.4200134277344,1128700,0.0,0.0
2025-06-10 00:00:00-04:00,304.7699890136719,305.2200012207031,302.70001220703125,304.4100036621094,1022000,0.0,0.0
2025-06-11 00:00:00-04:00,301.4599914550781,303.5799865722656,298.25,299.2099914550781,1869400,0.0,0.0
2025-06-12 00:00:00-04:00,302.75,304.5,301.6400146484375,301.739990234375,884300,0.0,0.0
2025-06-13 00:00:00-04:00,293.7699890136719,296.1600036621094,292.3900146484375,293.3599853515625,1445000,0.0,0.0
2025-06-16 00:00:00-04:00,295.989990234375,298.510009765625,295.4599914550781,295.8399963378906,1137900,0.0,0.0
2025-06-17 00:00:00-04:00,296.3099975585937,296.7099914550781,292.3999938964844,292.6400146484375,727700,0.0,0.0
2025-06-18 00:00:00-04:00,291.4200134277344,292.3800048828125,289.2200012207031,289.8099975585937,1611000,0.0,0.0
2025-06-20 00:00:00-04:00,290.9100036621094,291.0400085449219,287.44000244140625,287.5899963378906,1298400,0.0,0.0
2025-06-23 00:00:00-04:00,286.6000061035156,291.1000061035156,285.489990234375,290.79998779296875,922100,0.0,0.0
2025-06-24 00:00:00-04:00,295.0599975585937,297.79998779296875,293.6700134277344,297.0799865722656,1223000,0.0,0.0
2025-06-25 00:00:00-04:00,295.25,295.9599914550781,293.0,293.2900085449219,970600,0.0,0.0
2025-06-26 00:00:00-04:00,293.8399963378906,296.1700134277344,291.0299987792969,295.54998779296875,1913300,0.0,0.0
2025-06-27 00:00:00-04:00,298.92999267578125,303.25,297.8500061035156,301.0899963378906,1039500,0.0,0.0
2025-06-30 00:00:00-04:00,302.92999267578125,304.6300048828125,301.8599853515625,304.1000061035156,884600,0.0,0.0
2025-07-01 00:00:00-04:00,305.42999267578125,306.9100036621094,299.57000732421875,300.67999267578125,961900,0.0,0.0
2025-07-02 00:00:00-04:00,296.4800109863281,299.54998779296875,295.82000732421875,298.1600036621094,1452100,0.0,0.0
2025-07-03 00:00:00-04:00,298.8500061035156,304.1000061035156,298.760009765625,303.7200012207031,858000,0.0,0.0
2025-07-07 00:00:00-04:00,304.54998779296875,306.9700012207031,303.7799987792969,305.5299987792969,1131600,0.0,0.0
2025-07-08 00:00:00-04:00,309.0899963378906,310.4599914550781,307.760009765625,308.760009765625,1552100,0.0,0.0
2025-07-09 00:00:00-04:00,310.6700134277344,312.260009765625,309.94000244140625,311.92999267578125,795100,0.0,0.0
2025-07-10 00:00:00-04:00,313.2799987792969,313.2799987792969,306.1000061035156,306.2099914550781,1368900,0.0,0.0
2025-07-11 00:00:00-04:00,304.1099853515625,304.19000244140625,300.82000732421875,300.8500061035156,1105100,0.0,0.0
2025-07-14 00:00:00-04:00,297.7200012207031,302.1099853515625,296.8999938964844,300.6400146484375,902400,0.0,0.0
2025-07-15 00:00:00-04:00,303.42999267578125,303.94000244140625,300.7300109863281,301.5799865722656,688600,0.0,0.0
2025-07-16 00:00:00-04:00,305.5,306.2900085449219,302.010009765625,306.0199890136719,1021500,0.0,0.0
2025-07-17 00:00:00-04:00,304.3699951171875,308.6099853515625,304.3699951171875,308.6099853515625,1389000,0.0,0.0
2025-07-18 00:00:00-04:00,309.3399963378906,309.7300109863281,305.29998779296875,305.9700012207031,1021200,0.0,0.0
2025-07-21 00:00:00-04:00,306.3900146484375,308.54998779296875,305.1199951171875,307.2699890136719,936700,0.0,0.0
2025-07-22 00:00:00-04:00,306.69000244140625,307.6600036621094,303.5,306.2900085449219,2078200,0.0,0.0
2025-07-23 00:00:00-04:00,292.9200134277344,294.44000244140625,286.739990234375,290.6300048828125,4638500,0.0,0.0
2025-07-24 00:00:00-04:00,288.2900085449219,290.5599975585937,286.1600036621094,286.1600036621094,2258100,0.0,0.0
2025-07-25 00:00:00-04:00,285.8099975585937,288.4599914550781,285.42999267578125,288.0299987792969,1608900,0.0,0.0
2025-07-28 00:00:00-04:00,285.2699890136719,285.70001220703125,282.0,282.3800048828125,1482300,0.0,0.0
2025-07-29 00:00:00-04:00,285.8599853515625,288.6199951171875,285.8399963378906,287.5400085449219,1521100,0.0,0.0
2025-07-30 00:00:00-04:00,287.75,291.6099853515625,287.1199951171875,290.5,1375500,0.0,0.0
2025-07-31 00:00:00-04:00,290.3900146484375,290.7200012207031,285.6000061035156,286.70001220703125,1323700,0.0,0.0
2025-08-01 00:00:00-04:00,282.0799865722656,284.8399963378906,281.0299987792969,283.0,1578500,0.0,0.0
2025-08-04 00:00:00-04:00,284.2099914550781,284.3800048828125,281.9200134277344,283.7900085449219,1077000,0.0,0.0
2025-08-05 00:00:00-04:00,286.04998779296875,287.1000061035156,283.92999267578125,285.19000244140625,1090100,0.0,0.0
2025-08-06 00:00:00-04:00,288.3699951171875,292.0799865722656,287.9200134277344,291.7799987792969,1135700,0.0,0.0
2025-08-07 00:00:00-04:00,299.2099914550781,299.4800109863281,292.2099914550781,295.4599914550781,1854600,0.0,0.0
2025-08-08 00:00:00-04:00,291.44000244140625,293.0199890136719,289.6199951171875,292.1199951171875,1159700,0.0,0.0
2025-08-11 00:00:00-04:00,288.8800048828125,290.5,286.7099914550781,287.239990234375,1314300,0.0,0.0
2025-08-12 00:00:00-04:00,273.75,276.20001220703125,268.6600036621094,275.8900146484375,5249300,0.0,0.0
2025-08-13 00:00:00-04:00,278.0199890136719,281.0,277.0199890136719,278.82000732421875,1663000,0.0,0.0
2025-08-14 00:00:00-04:00,278.4800109863281,279.8500061035156,278.1000061035156,278.9100036621094,954600,0.0,0.0
2025-08-15 00:00:00-04:00,278.489990234375,279.5299987792969,276.5599975585937,277.8500061035156,1292600,0.0,0.0
2025-08-18 00:00:00-04:00,275.8800048828125,276.7799987792969,275.489990234375,276.7200012207031,1724200,0.0,0.0
2025-08-19 00:00:00-04:00,277.739990234375,278.5199890136719,273.6300048828125,274.2300109863281,1676400,0.0,0.0
2025-08-20 00:00:00-04:00,273.1300048828125,273.4599914550781,270.3099975585937,272.5299987792969,1249100,0.0,0.0
2025-08-21 00:00:00-04:00,270.3699951171875,271.4200134277344,268.1199951171875,269.2099914550781,1593800,0.0,0.0
2025-08-22 00:00:00-04:00,269.4800109863281,272.510009765625,268.32000732421875,271.1099853515625,1450700,0.0,0.0
2025-08-25 00:00:00-04:00,273.1700134277344,273.7099914550781,270.260009765625,270.260009765625,1397300,0.0,0.0
2025-08-26 00:00:00-04:00,271.510009765625,272.3099975585937,269.45001220703125,269.8599853515625,1823800,0.0,0.0
2025-08-27 00:00:00-04:00,270.4700012207031,275.44000244140625,270.1300048828125,275.1099853515625,1111500,0.0,0.0
2025-08-28 00:00:00-04:00,275.739990234375,276.8299865722656,275.1499938964844,275.3999938964844,731000,0.0,0.0
2025-08-29 00:00:00-04:00,272.260009765625,272.6700134277344,270.2099914550781,272.1600036621094,1208000,0.0,0.0
2025-09-02 00:00:00-04:00,266.8299865722656,268.6000061035156,264.17999267578125,266.20001220703125,1594400,0.0,0.0
2025-09-03 00:00:00-04:00,268.8099975585937,270.989990234375,267.8900146484375,270.94000244140625,1063200,0.0,0.0
2025-09-04 00:00:00-04:00,272.8800048828125,273.1199951171875,270.8099975585937,271.989990234375,1012800,0.0,0.0
2025-09-05 00:00:00-04:00,271.6700134277344,272.260009765625,267.2900085449219,269.0,1700400,0.0,0.0
2025-09-08 00:00:00-04:00,268.7200012207031,272.0199890136719,268.7200012207031,270.3299865722656,1939300,0.0,0.0
2025-09-09 00:00:00-04:00,270.04998779296875,271.7300109863281,269.6199951171875,271.4800109863281,3125000,0.0,0.0
2025-09-10 00:00:00-04:00,270.29998779296875,270.29998779296875,259.8299865722656,260.510009765625,3242100,0.0,0.0
2025-09-11 00:00:00-04:00,259.1600036621094,259.44000244140625,256.67999267578125,258.19000244140625,3282000,0.0,0.0
2025-09-12 00:00:00-04:00,258.1700134277344,259.0299987792969,256.9100036621094,257.1600036621094,1499900,0.0,0.0
2025-09-15 00:00:00-04:00,251.1699981689453,253.25,249.13999938964844,252.4199981689453,3535100,0.0,0.0
2025-09-16 00:00:00-04:00,251.509994506836,254.5,248.32000732421875,253.6000061035156,2803800,0.0,0.0
2025-09-17 00:00:00-04:00,259.5899963378906,261.5199890136719,256.4100036621094,261.4200134277344,3737700,0.0,0.0
2025-09-18 00:00:00-04:00,268.20001220703125,271.4200134277344,266.489990234375,269.739990234375,2962200,0.0,0.0
2025-09-19 00:00:00-04:00,269.25,269.67999267578125,266.8099975585937,266.9100036621094,1670700,0.0,0.0
2025-09-22 00:00:00-04:00,263.8299865722656,265.69000244140625,263.3999938964844,265.3800048828125,1548100,0.0,0.0
2025-09-23 00:00:00-04:00,267.239990234375,268.3800048828125,265.1400146484375,265.2699890136719,1197100,0.0,0.0
2025-09-24 00:00:00-04:00,271.760009765625,272.239990234375,267.5599975585937,268.8500061035156,2045400,0.0,0.0
2025-09-25 00:00:00-04:00,261.510009765625,263.8699951171875,260.9200134277344,262.510009765625,1216300,0.0,0.0
2025-09-26 00:00:00-04:00,262.1000061035156,264.5,261.010009765625,264.0799865722656,965100,0.0,0.0
2025-09-29 00:00:00-04:00,262.9200134277344,265.6499938964844,262.5400085449219,263.82000732421875,1150800,0.0,0.0
2025-09-30 00:00:00-04:00,266.739990234375,268.2900085449219,265.8299865722656,267.2099914550781,941100,0.0,0.0
2025-10-01 00:00:00-04:00,265.8399963378906,270.510009765625,265.79998779296875,269.989990234375,1394400,0.0,0.0
2025-10-02 00:00:00-04:00,272.0899963378906,273.8399963378906,270.79998779296875,271.9100036621094,1201300,0.0,0.0
2025-10-03 00:00:00-04:00,269.92999267578125,271.1600036621094,268.0899963378906,270.5299987792969,1027500,0.0,0.0
2025-10-06 00:00:00-04:00,271.7099914550781,274.3999938964844,269.7699890136719,274.2799987792969,1229300,0.0,0.0
2025-10-07 00:00:00-04:00,275.0,275.5799865722656,273.5899963378906,273.82000732421875,1051500,0.0,0.0
2025-10-08 00:00:00-04:00,275.760009765625,277.5,274.8299865722656,277.1499938964844,1092300,0.0,0.0
2025-10-09 00:00:00-04:00,275.5899963378906,276.8299865722656,274.1400146484375,275.7900085449219,1157800,0.0,0.0
2025-10-10 00:00:00-04:00,275.8599853515625,276.1300048828125,265.4800109863281,265.5299987792969,1327600,0.0,0.0
2025-10-13 00:00:00-04:00,267.3900146484375,269.8399963378906,265.6600036621094,269.82000732421875,783500,0.0,0.0
2025-10-14 00:00:00-04:00,265.94000244140625,271.6099853515625,264.5400085449219,270.5199890136719,1040700,0.0,0.0
2025-10-15 00:00:00-04:00,271.5,272.94000244140625,269.260009765625,271.6400146484375,955800,0.0,0.0
2025-10-16 00:00:00-04:00,274.0799865722656,276.260009765625,268.8599853515625,269.739990234375,1247600,0.0,0.0
2025-10-17 00:00:00-04:00,267.94000244140625,273.0199890136719,267.6099853515625,272.8999938964844,1186500,0.0,0.0
2025-10-20 00:00:00-04:00,274.94000244140625,279.3800048828125,274.94000244140625,277.9100036621094,1464800,0.0,0.0
2025-10-21 00:00:00-04:00,276.5899963378906,280.8099975585937,276.0400085449219,280.4599914550781,2020600,0.0,0.0
2025-10-22 00:00:00-04:00,277.0799865722656,278.8500061035156,273.95001220703125,276.2200012207031,3154100,0.0,0.0
2025-10-23 00:00:00-04:00,269.9200134277344,281.3699951171875,269.9200134277344,278.5299987792969,2367400,0.0,0.0
2025-10-24 00:00:00-04:00,276.5299987792969,276.5400085449219,268.8999938964844,269.54998779296875,2207400,0.0,0.0
2025-10-27 00:00:00-04:00,272.5,274.1499938964844,271.2099914550781,272.1600036621094,1970900,0.0,0.0
2025-10-28 00:00:00-04:00,271.9100036621094,273.3999938964844,270.0400085449219,270.0599975585937,1463700,0.0,0.0
2025-10-29 00:00:00-04:00,264.6199951171875,264.7300109863281,258.92999267578125,259.6400146484375,2019700,0.0,0.0
2025-10-30 00:00:00-04:00,259.0599975585937,263.2699890136719,258.8800048828125,259.19000244140625,1445500,0.0,0.0
2025-10-31 00:00:00-04:00,259.0400085449219,260.9700012207031,258.1400146484375,260.010009765625,1972100,0.0,0.0
2025-11-03 00:00:00-05:00,264.0199890136719,265.8800048828125,261.8500061035156,263.9599914550781,1171900,0.0,0.0
2025-11-04 00:00:00-05:00,258.67999267578125,260.3599853515625,258.32000732421875,259.6400146484375,1327500,0.0,0.0
2025-11-05 00:00:00-05:00,259.4599914550781,264.1000061035156,259.2300109863281,261.0599975585937,983600,0.0,0.0
2025-11-06 00:00:00-05:00,257.8500061035156,258.5,250.9900054931641,253.8800048828125,1290800,0.0,0.0
2025-11-07 00:00:00-05:00,250.2100067138672,251.97000122070312,249.0200042724609,251.9600067138672,1127900,0.0,0.0
2025-11-10 00:00:00-05:00,251.52999877929688,251.8300018310547,249.44000244140625,251.759994506836,1028000,0.0,0.0
2025-11-11 00:00:00-05:00,252.1100006103516,254.6100006103516,251.2700042724609,254.3800048828125,940700,0.0,0.0
2025-11-12 00:00:00-05:00,253.17999267578125,255.1999969482422,252.2899932861328,253.33999633789065,1170300,0.0,0.0
2025-11-13 00:00:00-05:00,253.3999938964844,254.6300048828125,251.8099975585937,251.8600006103516,832200,0.0,0.0
2025-11-14 00:00:00-05:00,243.6300048828125,247.259994506836,243.0800018310547,245.02999877929688,2523000,0.0,0.0
2025-11-17 00:00:00-05:00,242.6499938964844,242.8099975585937,237.25,238.8999938964844,2410400,0.0,0.0
2025-11-18 00:00:00-05:00,238.5500030517578,240.44000244140625,236.3099975585937,237.9900054931641,1399600,0.0,0.0
2025-11-19 00:00:00-05:00,239.58999633789065,240.0500030517578,236.63999938964844,237.97000122070312,1183600,0.0,0.0
2025-11-20 00:00:00-05:00,240.66000366210932,241.1000061035156,233.509994506836,233.94000244140625,2092200,0.0,0.0
2025-11-21 00:00:00-05:00,237.5,238.8999938964844,234.75,236.6999969482422,1763400,0.0,0.0
2025-11-24 00:00:00-05:00,239.3300018310547,239.5599975585937,237.1300048828125,238.2899932861328,1856500,0.0,0.0
2025-11-25 00:00:00-05:00,235.72000122070312,238.5399932861328,234.0800018310547,237.8600006103516,2031400,0.0,0.0
2025-11-26 00:00:00-05:00,238.6000061035156,240.94000244140625,237.69000244140625,240.0200042724609,1512200,0.0,0.0
2025-11-28 00:00:00-05:00,240.33999633789065,242.75,239.9499969482422,241.75,628700,0.0,0.0
2025-12-01 00:00:00-05:00,241.5500030517578,244.1000061035156,241.16000366210932,242.0800018310547,1352600,0.0,0.0
2025-12-02 00:00:00-05:00,241.33999633789065,243.0200042724609,240.94000244140625,241.72000122070312,1626100,0.0,0.0
2025-12-03 00:00:00-05:00,241.0800018310547,244.2100067138672,240.38999938964844,243.82000732421875,1527300,0.0,0.0
2025-12-04 00:00:00-05:00,248.6000061035156,248.8600006103516,244.91000366210932,245.47000122070312,1706600,0.0,0.0
2025-12-05 00:00:00-05:00,246.82000732421875,250.2899932861328,246.509994506836,247.259994506836,1407600,0.0,0.0
