Date,Open,High,Low,Close,Volume,Dividends,Stock Splits
2010-01-05 00:00:00-05:00,3.910323250515629,3.9155673505842064,3.8543864609579455,3.891095161437988,76000,0.0,0.0
2010-01-06 00:00:00-05:00,3.9155680651754734,3.91731595993042,3.906827757879168,3.91731595993042,56000,0.0,0.0
2010-01-07 00:00:00-05:00,3.756498348542108,3.758246660232544,3.71804215952583,3.758246660232544,49500,0.0,0.0
2010-01-08 00:00:00-05:00,3.7495056802802265,3.810686576224,3.7495056802802265,3.8089382648468018,26000,0.0,0.0
2010-01-11 00:00:00-05:00,3.8806079852301134,3.884103775024414,3.8683718874284128,3.884103775024414,134000,0.0,0.0
2010-01-12 00:00:00-05:00,3.8369075491356495,3.8369075491356495,3.784466947677768,3.815931558609009,67000,0.0,0.0
2010-01-13 00:00:00-05:00,3.819427230312837,3.889348030090332,3.819427230312837,3.889348030090332,35000,0.0,0.0
2010-01-14 00:00:00-05:00,3.924307632770287,3.933047939347333,3.906827436376951,3.92255973815918,271500,0.0,0.0
2010-01-15 00:00:00-05:00,3.950529042059407,3.980245341069428,3.905080437657898,3.941789150238037,70000,0.0,0.0
2010-01-19 00:00:00-05:00,3.662105041674548,3.693569231526668,3.609664447413816,3.691821336746216,165000,0.0,0.0
2010-01-20 00:00:00-05:00,3.51352329332116,3.5240114959546203,3.429618297394699,3.461082696914673,1448500,0.0,0.0
2010-01-21 00:00:00-05:00,3.433114248238245,3.433114248238245,3.408642053604126,3.408642053604126,61500,0.0,0.0
2010-01-22 00:00:00-05:00,3.3894130425437248,3.3911611453862296,3.2950198650360107,3.2950198650360107,291500,0.0,0.0
2010-01-25 00:00:00-05:00,3.314248785794104,3.384169578552246,3.314248785794104,3.384169578552246,230000,0.0,0.0
2010-01-26 00:00:00-05:00,3.23383966234631,3.2600599585893404,3.225099563598633,3.225099563598633,73000,0.0,0.0
2010-01-27 00:00:00-05:00,3.2058712116450567,3.2058712116450567,3.1464384160847043,3.172658920288086,90000,0.0,0.0
2010-01-28 00:00:00-05:00,3.242579371149373,3.3020121605145696,3.2320911705612896,3.233839273452759,174000,0.0,0.0
2010-01-29 00:00:00-05:00,3.302011978358979,3.3037598727736595,3.253067183901541,3.2862796783447266,27000,0.0,0.0
2010-02-01 00:00:00-05:00,3.214611336212044,3.226847432685508,3.19887924194336,3.19887924194336,38000,0.0,0.0
2010-02-02 00:00:00-05:00,3.200627335688483,3.242579936981201,3.200627335688483,3.242579936981201,26500,0.0,0.0
2010-02-03 00:00:00-05:00,3.4121378974240018,3.4121378974240018,3.3649411967364014,3.403397798538208,38000,0.0,0.0
2010-02-04 00:00:00-05:00,3.309003798282705,3.309003798282705,3.1831462383270264,3.1831462383270264,134500,0.0,0.0
2010-02-05 00:00:00-05:00,3.1429423904819624,3.1429423904819624,3.059037402915416,3.0747694969177246,302500,0.0,0.0
2010-02-08 00:00:00-05:00,3.1272106065552525,3.1272106065552525,3.071273803710937,3.071273803710937,97500,0.0,0.0
2010-02-09 00:00:00-05:00,3.05204553898663,3.067777633666992,3.0502974358530808,3.067777633666992,31000,0.0,0.0
2010-02-10 00:00:00-05:00,3.106233825857602,3.135950326919556,3.085257631516514,3.135950326919556,95000,0.0,0.0
2010-02-11 00:00:00-05:00,3.2443276620934145,3.2932722568511963,3.2443276620934145,3.2932722568511963,40500,0.0,0.0
2010-02-12 00:00:00-05:00,3.321240200049351,3.321240200049351,3.2775397122290366,3.279287815093994,104500,0.0,0.0
2010-02-16 00:00:00-05:00,3.321240841268227,3.401649837733999,3.321240841268227,3.352705240249634,56500,0.0,0.0
2010-02-17 00:00:00-05:00,3.380673240591909,3.42612183466604,3.3736810369910697,3.3911614418029785,58500,0.0,0.0
2010-02-18 00:00:00-05:00,3.3911618550424967,3.408642053604126,3.338721050977206,3.408642053604126,80000,0.0,0.0
2010-02-19 00:00:00-05:00,3.242579658715476,3.2827841533614843,3.1936350655977432,3.2722959518432617,76000,0.0,0.0
2010-02-22 00:00:00-05:00,3.389413595199585,3.389413595199585,3.3649411933160023,3.389413595199585,386500,0.0,0.0
2010-02-23 00:00:00-05:00,3.391161455321704,3.391161455321704,3.364940952189502,3.375429153442383,21000,0.0,0.0
2010-02-24 00:00:00-05:00,3.3527051111194224,3.3911617130490894,3.3527051111194224,3.3736813068389893,40000,0.0,0.0
2010-02-25 00:00:00-05:00,3.2897761394364986,3.345712936200858,3.2897761394364986,3.342216730117798,126000,0.0,0.0
2010-02-26 00:00:00-05:00,3.391161095866805,3.4103891849517822,3.391161095866805,3.4103891849517822,17500,0.0,0.0
2010-03-01 00:00:00-05:00,3.49604289373656,3.49604289373656,3.466326599155612,3.4715704917907715,28000,0.0,0.0
2010-03-02 00:00:00-05:00,3.590435494184968,3.592183805510212,3.555475102330526,3.5799477100372314,56000,0.0,0.0
2010-03-03 00:00:00-05:00,3.5624676951701617,3.592183988080674,3.551979493728624,3.553727388381958,39500,0.0,0.0
2010-03-04 00:00:00-05:00,3.49079862356104,3.4960427243224714,3.4715703235625863,3.482058525085449,62000,0.0,0.0
2010-03-05 00:00:00-05:00,3.583443759792789,3.592184066772461,3.5659635625942205,3.592184066772461,43000,0.0,0.0
2010-03-08 00:00:00-05:00,3.609664167420517,3.61840405740564,3.595679759979248,3.595679759979248,117500,0.0,0.0
2010-03-09 00:00:00-05:00,3.618404154189927,3.618404154189927,3.583443759792789,3.592184066772461,61500,0.0,0.0
2010-03-10 00:00:00-05:00,3.653364431981088,3.714545328603729,3.653364431981088,3.6551127433776855,186000,0.0,0.0
2010-03-11 00:00:00-05:00,3.698812831856531,3.7023090377048895,3.6795847415924072,3.6795847415924072,44000,0.0,0.0
2010-03-12 00:00:00-05:00,3.679585569873161,3.679585569873161,3.6446251705628896,3.6603574752807617,58000,0.0,0.0
2010-03-15 00:00:00-04:00,3.808938947277713,3.810687258968149,3.7372702540339686,3.758246660232544,49500,0.0,0.0
2010-03-16 00:00:00-04:00,3.7075539564265423,3.775726859811079,3.7075539564265423,3.758246660232544,56000,0.0,0.0
2010-03-17 00:00:00-04:00,3.749505281635346,3.793205976486206,3.749505281635346,3.793205976486206,113500,0.0,0.0
2010-03-18 00:00:00-04:00,3.5659640318540102,3.5659640318540102,3.524011636408913,3.564216136932373,436000,0.0,0.0
2010-03-19 00:00:00-04:00,3.548483279186852,3.548483279186852,3.5047829956324965,3.525758981704712,225500,0.0,0.0
2010-03-22 00:00:00-04:00,3.546735365700522,3.5851919651031494,3.4977905649371084,3.5851919651031494,229000,0.0,0.0
2010-03-23 00:00:00-04:00,3.5904359666780272,3.606168270111084,3.539743683550621,3.606168270111084,160500,0.0,0.0
2010-03-24 00:00:00-04:00,3.6079158734822143,3.6079158734822143,3.544987498354521,3.553727388381958,190500,0.0,0.0
2010-03-25 00:00:00-04:00,3.583443943210476,3.590435939095632,3.5449877574617195,3.5659637451171875,108000,0.0,0.0
2010-03-26 00:00:00-04:00,3.55372757103303,3.600924063184943,3.546735575299559,3.5991761684417725,170500,0.0,0.0
2010-03-29 00:00:00-04:00,3.627144134066644,3.627144134066644,3.5747035472001327,3.623647928237915,95000,0.0,0.0
2010-03-30 00:00:00-04:00,3.5729553594004524,3.5729553594004524,3.532750866403765,3.562467575073242,122000,0.0,0.0
2010-03-31 00:00:00-04:00,3.5292549740816286,3.5292549740816286,3.501286577584617,3.511774778366089,31500,0.0,0.0
2010-04-01 00:00:00-04:00,3.5012870465830184,3.5012870465830184,3.4768146442749552,3.483806848526001,57000,0.0,0.0
2010-04-05 00:00:00-04:00,3.461082446618464,3.53100323677063,3.461082446618464,3.53100323677063,29500,0.0,0.0
2010-04-06 00:00:00-04:00,3.4942947385885863,3.53100323677063,3.4942947385885863,3.53100323677063,76500,0.0,0.0
2010-04-07 00:00:00-04:00,3.537994804564431,3.537994804564431,3.4855542182922363,3.4855542182922363,76000,0.0,0.0
2010-04-08 00:00:00-04:00,3.531003168197083,3.592184066772461,3.531003168197083,3.592184066772461,130000,0.0,0.0
2010-04-09 00:00:00-04:00,3.63588385598606,3.663852251045129,3.632388067079125,3.6341359615325928,97500,0.0,0.0
2010-04-12 00:00:00-04:00,3.6603566307769895,3.662104525310985,3.620152139169924,3.623647928237915,195000,0.0,0.0
2010-04-13 00:00:00-04:00,3.642876700869344,3.642876700869344,3.59218400483926,3.60966420173645,177500,0.0,0.0
2010-04-14 00:00:00-04:00,3.644624948501587,3.6533648394162297,3.641128742079245,3.644624948501587,74500,0.0,0.0
2010-04-15 00:00:00-04:00,3.625395620196188,3.625395620196188,3.583443236399294,3.5939314365386963,41000,0.0,0.0
2010-04-16 00:00:00-04:00,3.548483390356846,3.5816958902959866,3.5047831054334098,3.506531000137329,28500,0.0,0.0
2010-04-19 00:00:00-04:00,3.503034603745596,3.5047829151153564,3.478562412176508,3.5047829151153564,16500,0.0,0.0
2010-04-20 00:00:00-04:00,3.5554750695000474,3.5554750695000474,3.5152705775626045,3.539743185043335,38000,0.0,0.0
2010-04-21 00:00:00-04:00,3.551978980695104,3.551978980695104,3.513522386550904,3.513522386550904,13000,0.0,0.0
2010-04-22 00:00:00-04:00,3.5310028787800585,3.539743185043335,3.5152705775626045,3.539743185043335,25000,0.0,0.0
2010-04-23 00:00:00-04:00,3.665600334959712,3.6795847415924072,3.635884043911252,3.6795847415924072,4925000,0.0,0.0
2010-04-26 00:00:00-04:00,3.728529431301162,3.728529431301162,3.700561449243948,3.7162933349609375,196000,0.0,0.0
2010-04-27 00:00:00-04:00,3.637632669339117,3.637632669339117,3.543239270889603,3.548483371734619,384000,0.0,0.0
2010-04-28 00:00:00-04:00,3.5677112180852344,3.618403911590576,3.558971328452312,3.618403911590576,96500,0.0,0.0
2010-04-29 00:00:00-04:00,3.6341370402153017,3.653365135192871,3.606168636854665,3.653365135192871,120500,0.0,0.0
2010-04-30 00:00:00-04:00,3.670844306369333,3.670844306369333,3.616655826568604,3.616655826568604,34500,0.0,0.0
2010-05-03 00:00:00-04:00,3.74843907283609,3.76771603274415,3.69937135920302,3.765963315963745,50500,0.0104,0.0
2010-05-04 00:00:00-04:00,3.723904481768892,3.723904481768892,3.583710564389999,3.5907201766967773,478000,0.0,0.0
2010-05-05 00:00:00-04:00,3.597729815208693,3.6327782948087024,3.567938649329769,3.604739427566528,72000,0.0,0.0
2010-05-06 00:00:00-04:00,3.487326977745099,3.508356232117219,3.303322255421525,3.4067153930664062,104000,0.0,0.0
2010-05-07 00:00:00-04:00,3.3962008159882693,3.4487737437888226,3.32435134993608,3.3856863975524902,133500,0.0,0.0
2010-05-10 00:00:00-04:00,3.461040738873874,3.5311379077061225,3.455783425098279,3.4873270988464355,169000,0.0,0.0
2010-05-11 00:00:00-04:00,3.499594060296572,3.5311379432678223,3.490831940217476,3.5311379432678223,183000,0.0,0.0
2010-05-12 00:00:00-04:00,3.434754270121753,3.469802748975173,3.434754270121753,3.468050241470337,59500,0.0,0.0
2010-05-13 00:00:00-04:00,3.590720784923618,3.6117500432168974,3.506604169561396,3.580206155776977,144500,0.0,0.0
2010-05-14 00:00:00-04:00,3.631025890878615,3.652055145153143,3.5521666051599574,3.588967800140381,271000,0.0,0.0
2010-05-17 00:00:00-04:00,3.490832144936334,3.5048515796661377,3.438259421378646,3.5048515796661377,68500,0.0,0.0
2010-05-18 00:00:00-04:00,3.508356404149342,3.5363948542726007,3.4172301878162186,3.457535982131958,158000,0.0,0.0
2010-05-19 00:00:00-04:00,3.401458368414826,3.401458368414826,3.366409886691269,3.376924514770508,275500,0.0,0.0
2010-05-20 00:00:00-04:00,3.32960841596237,3.32960841596237,3.224462985992432,3.224462985992432,94500,0.0,0.0
2010-05-21 00:00:00-04:00,3.2244632896259326,3.310332190863851,3.1999292283127763,3.308579683303833,211000,0.0,0.0
2010-05-24 00:00:00-04:00,3.2857978363894347,3.336618253136112,3.2857978363894347,3.294559955596924,51500,0.0,0.0
2010-05-25 00:00:00-04:00,3.168385254211042,3.219205670674236,3.1543658217761816,3.21570086479187,145500,0.0,0.0
2010-05-26 00:00:00-04:00,3.31383676195288,3.3646569707225424,3.3033221351496507,3.326103687286377,199500,0.0,0.0
2010-05-27 00:00:00-04:00,3.3734190905692407,3.461040493162649,3.3734190905692407,3.443516254425049,50500,0.0,0.0
2010-05-28 00:00:00-04:00,3.347132688639737,3.373419046401977,3.3296084501315755,3.373419046401977,754000,0.0,0.0
2010-06-01 00:00:00-04:00,3.3909435731167514,3.4032107082394063,3.33311353934359,3.3348660469055176,133500,0.0,0.0
2010-06-02 00:00:00-04:00,3.434754795248121,3.4557838439941406,3.396201295490734,3.4557838439941406,361500,0.0,0.0
2010-06-03 00:00:00-04:00,3.4294971293641496,3.4294971293641496,3.3839340209960938,3.3839340209960938,88500,0.0,0.0
2010-06-04 00:00:00-04:00,3.3296088037652587,3.3541428656256573,3.2752835750579834,3.2752835750579834,59500,0.0,0.0
2010-06-07 00:00:00-04:00,3.3068268102934666,3.3103318250261498,3.2279677391052246,3.2279677391052246,274500,0.0,0.0
2010-06-08 00:00:00-04:00,3.2262152885350104,3.2419872283935547,3.198176632517709,3.2419872283935547,102500,0.0,0.0
2010-06-09 00:00:00-04:00,3.1123077412705413,3.1210698604513767,3.042210578918457,3.042210578918457,147000,0.0,0.0
2010-06-10 00:00:00-04:00,2.9002647413766387,2.944075345993042,2.8564541367602354,2.944075345993042,80500,0.0,0.0
2010-06-11 00:00:00-04:00,2.984380992147172,3.0124198612369586,2.9615996460303293,3.010667562484741,136000,0.0,0.0
2010-06-14 00:00:00-04:00,2.980875856347913,2.994895289343647,2.9528369903564453,2.9528369903564453,95000,0.0,0.0
2010-06-15 00:00:00-04:00,2.893254526902074,2.9353126150308144,2.8634631548300367,2.928303003311157,155000,0.0,0.0
2010-06-16 00:00:00-04:00,2.8669680570154905,2.931807694045097,2.8669680570154905,2.900264024734497,159000,0.0,0.0
2010-06-17 00:00:00-04:00,2.8354243128365986,2.837176611198736,2.8056329427210343,2.8249096870422363,1917500,0.0,0.0
2010-06-18 00:00:00-04:00,2.926550546759914,2.9440747852688345,2.9160361289978027,2.9160361289978027,98500,0.0,0.0
2010-06-21 00:00:00-04:00,2.956342277955694,3.0071624922339284,2.952837262704428,2.996648073196411,112000,0.0,0.0
2010-06-22 00:00:00-04:00,2.863463745405914,2.865216253149974,2.8038814067840576,2.8038814067840576,78000,0.0,0.0
2010-06-23 00:00:00-04:00,2.7881096474825977,2.8073863983154297,2.7881096474825977,2.8073863983154297,69000,0.0,0.0
2010-06-24 00:00:00-04:00,2.819653142300222,2.863463746869701,2.793366779558535,2.847692012786865,164500,0.0,0.0
2010-06-25 00:00:00-04:00,2.931808341044253,2.947580283632841,2.907274486669252,2.942322969436645,40000,0.0,0.0
2010-06-28 00:00:00-04:00,2.947580098045436,2.947580098045436,2.917788722444546,2.938817977905273,23000,0.0,0.0
2010-06-29 00:00:00-04:00,2.8476918258864483,2.8564539462252663,2.8214054648699936,2.82666277885437,37500,0.0,0.0
2010-06-30 00:00:00-04:00,2.9107795298335986,2.9615999593216715,2.9072747230529785,2.9072747230529785,137000,0.0,0.0
2010-07-01 00:00:00-04:00,2.909026624757754,2.92655086517334,2.858206411114725,2.92655086517334,254500,0.0,0.0
2010-07-02 00:00:00-04:00,2.8932548909614755,2.942322805889505,2.891502383358344,2.9177887439727783,533000,0.0,0.0
2010-07-06 00:00:00-04:00,3.0579829974448827,3.073754730876933,3.014172394683152,3.0334489345550537,52000,0.0,0.0
2010-07-07 00:00:00-04:00,3.0632401116874592,3.1263274591102093,3.0457158717261863,3.1123080253601074,32000,0.0,0.0
2010-07-08 00:00:00-04:00,3.1088033509250743,3.1193177700042725,3.08602179622867,3.1193177700042725,52000,0.0,0.0
2010-07-09 00:00:00-04:00,3.1070505886984527,3.1578710079193115,3.1070505886984527,3.1578710079193115,37500,0.0,0.0
2010-07-12 00:00:00-04:00,3.1052985731844456,3.154366492690196,3.1052985731844456,3.128080129623413,36000,0.0,0.0
2010-07-13 00:00:00-04:00,3.154366310853115,3.1894150018271805,3.154366310853115,3.185909986495972,88500,0.0,0.0
2010-07-14 00:00:00-04:00,3.1070503617369445,3.12106979390846,3.0930309295654297,3.0930309295654297,42500,0.0,0.0
2010-07-15 00:00:00-04:00,3.0877742763997627,3.0877742763997627,3.0492209863663766,3.079012155532837,120000,0.0,0.0
2010-07-16 00:00:00-04:00,3.0790116735802115,3.114060151561835,3.0492205090769136,3.052725315093994,110500,0.0,0.0
2010-07-19 00:00:00-04:00,3.156118525387978,3.163128137588501,3.122822345171965,3.163128137588501,155500,0.0,0.0
2010-07-20 00:00:00-04:00,3.0965364521621845,3.145604371667935,3.0930316455343685,3.128080129623413,200500,0.0,0.0
2010-07-21 00:00:00-04:00,3.119317207738274,3.150860877100886,3.0842687326476805,3.091278553009033,107500,0.0,0.0
2010-07-22 00:00:00-04:00,3.0912793466731827,3.136842250645674,3.0912793466731827,3.128080129623413,139500,0.0,0.0
2010-07-23 00:00:00-04:00,3.0860221906621024,3.1368424116372764,3.0860221906621024,3.135090112686157,40000,0.0,0.0
2010-07-26 00:00:00-04:00,3.0947838948636885,3.140347003936768,3.0947838948636885,3.140347003936768,30500,0.0,0.0
2010-07-27 00:00:00-04:00,3.2525021997856056,3.2525021997856056,3.1999294757843018,3.1999294757843018,132500,0.0,0.0
2010-07-28 00:00:00-04:00,3.278788936235572,3.303322791779371,3.270026815126294,3.277036428451538,59500,0.0,0.0
2010-07-29 00:00:00-04:00,3.3225988813204355,3.3821812094576544,3.312084254517207,3.326103687286377,58000,0.0,0.0
2010-07-30 00:00:00-04:00,3.366409258749432,3.404962539672852,3.366409258749432,3.404962539672852,76000,0.0,0.0
2010-08-02 00:00:00-04:00,3.447021060391488,3.468050105095528,3.425992015687448,3.443516254425049,86500,0.0,0.0
2010-08-03 00:00:00-04:00,3.434754078452441,3.440011391768163,3.397953094147787,3.4294967651367188,54500,0.0,0.0
2010-08-04 00:00:00-04:00,3.4645455450891323,3.496089218837289,3.4645455450891323,3.4873270988464355,130000,0.0,0.0
2010-08-05 00:00:00-04:00,3.4785651612777766,3.4785651612777766,3.452278799926712,3.464545726776123,145000,0.0,0.0
2010-08-06 00:00:00-04:00,3.42423934210846,3.448773400493958,3.417229730515685,3.4189820289611816,77500,0.0,0.0
2010-08-09 00:00:00-04:00,3.4890800834951627,3.496089696884156,3.4698033333172607,3.496089696884156,70500,0.0,0.0
2010-08-10 00:00:00-04:00,3.473307903750438,3.5399000620379297,3.473307903750438,3.5048515796661377,77500,0.0,0.0
2010-08-11 00:00:00-04:00,3.364656911286916,3.373419030499692,3.3033220767974854,3.3033220767974854,43500,0.0,0.0
2010-08-12 00:00:00-04:00,3.198176632517709,3.243739526885349,3.198176632517709,3.2419872283935547,33500,0.0,0.0
2010-08-13 00:00:00-04:00,3.243739952467964,3.263016700744629,3.243739952467964,3.263016700744629,85000,0.0,0.0
2010-08-16 00:00:00-04:00,3.285798549560816,3.2910558640074714,3.2630169928956048,3.277036428451538,40500,0.0,0.0
2010-08-17 00:00:00-04:00,3.336618605518125,3.340123411790185,3.3138370513916016,3.3138370513916016,94000,0.0,0.0
2010-08-18 00:00:00-04:00,3.31558942534162,3.3243515456733888,3.289303064346313,3.289303064346313,108500,0.0,0.0
2010-08-19 00:00:00-04:00,3.3401230590380275,3.3401230590380275,3.294559955596924,3.294559955596924,22000,0.0,0.0
2010-08-20 00:00:00-04:00,3.3225989917684573,3.345380544662476,3.3225989917684573,3.345380544662476,47500,0.0,0.0
2010-08-23 00:00:00-04:00,3.348885426062864,3.3541427397574783,3.329608678817749,3.329608678817749,61500,0.0,0.0
2010-08-24 00:00:00-04:00,3.2051868434847,3.2051868434847,3.1543664174249284,3.196424722671509,52500,0.0,0.0
2010-08-25 00:00:00-04:00,3.128079573041906,3.128079573041906,3.094783602643868,3.117565155029297,80500,0.0,0.0
2010-08-26 00:00:00-04:00,3.1175652873675035,3.1824049323665733,3.1175652873675035,3.124574899673462,71500,0.0,0.0
2010-08-27 00:00:00-04:00,3.1543662355531987,3.2016818523406982,3.1543662355531987,3.2016818523406982,53500,0.0,0.0
2010-08-30 00:00:00-04:00,3.20693929766107,3.248997393299939,3.1999294757843018,3.1999294757843018,141000,0.0,0.0
2010-08-31 00:00:00-04:00,3.198176887007569,3.212196111679077,3.198176887007569,3.212196111679077,70500,0.0,0.0
2010-09-01 00:00:00-04:00,3.2384831371704155,3.259512186050415,3.1999296371673966,3.259512186050415,50500,0.0,0.0
2010-09-02 00:00:00-04:00,3.1981766264746447,3.224462983950483,3.1981766264746447,3.21570086479187,42500,0.0,0.0
2010-09-03 00:00:00-04:00,3.266521435549813,3.3138370513916016,3.266521435549813,3.3138370513916016,40500,0.0,0.0
2010-09-07 00:00:00-04:00,3.403210656822425,3.403210656822425,3.3558950424194336,3.3558950424194336,68500,0.0,0.0
2010-09-08 00:00:00-04:00,3.3856868203384414,3.390943925760102,3.3716673851013184,3.3716673851013184,72500,0.0,0.0
2010-09-09 00:00:00-04:00,3.425992247967113,3.425992247967113,3.3891912605609105,3.408468008041382,56000,0.0,0.0
2010-09-10 00:00:00-04:00,3.394448780256274,3.396201079011905,3.3804293456840657,3.3821816444396973,67500,0.0,0.0
2010-09-13 00:00:00-04:00,3.427744628028489,3.4750602440760865,3.427744628028489,3.436506748199463,70000,0.0,0.0
2010-09-14 00:00:00-04:00,3.490832090377808,3.499594210833812,3.450526294499103,3.490832090377808,76000,0.0,0.0
2010-09-15 00:00:00-04:00,3.4680501852773,3.485574424420064,3.440011527992123,3.454030752182007,180000,0.0,0.0
2010-09-16 00:00:00-04:00,3.4768127627040712,3.499594318370809,3.4768127627040712,3.492584705352783,24000,0.0,0.0
2010-09-17 00:00:00-04:00,3.480317277510501,3.501346532612885,3.473307665079986,3.4873270988464355,240500,0.0,0.0
2010-09-20 00:00:00-04:00,3.532890453929466,3.57494854927063,3.5241281244191702,3.57494854927063,240500,0.0,0.0
2010-09-21 00:00:00-04:00,3.5802062849305107,3.631026715765318,3.5802062849305107,3.6222643852233887,183000,0.0,0.0
2010-09-22 00:00:00-04:00,3.55391965680005,3.5714438977449543,3.539900013357609,3.5696911811828613,53000,0.0,0.0
2010-09-23 00:00:00-04:00,3.5136136490391774,3.56618636870472,3.506603618835103,3.5258805751800537,72500,0.0,0.0
2010-09-24 00:00:00-04:00,3.6538083252589937,3.669580269770038,3.62752175107392,3.6625702381134033,100500,0.0,0.0
2010-09-27 00:00:00-04:00,3.785239223809648,3.823792297288575,3.776476895775749,3.8027634620666495,277000,0.0,0.0
2010-09-28 00:00:00-04:00,3.837813083532711,3.86760425567627,3.811526509399617,3.8676042556762695,258000,0.0,0.0
2010-09-29 00:00:00-04:00,3.822041195591823,3.829050809527366,3.794002322038721,3.820288896560669,149000,0.0,0.0
2010-09-30 00:00:00-04:00,3.8290499109831497,3.8553364793365583,3.806268357680472,3.843069553375244,273500,0.0,0.0
2010-10-01 00:00:00-04:00,3.8553365313152894,3.8553365313152894,3.820288051578765,3.8308026790618896,68000,0.0,0.0
2010-10-04 00:00:00-04:00,3.9184231489292496,3.9184231489292496,3.8535830974578857,3.8535830974578857,215500,0.0,0.0
2010-10-05 00:00:00-04:00,3.823793279793797,3.8465748371625903,3.776477866123504,3.834307909011841,202500,0.0,0.0
2010-10-06 00:00:00-04:00,3.822040956569121,3.8623467564415126,3.822040956569121,3.855337142944336,118500,0.0,0.0
2010-10-07 00:00:00-04:00,3.765963054549765,3.80802156938538,3.765963054549765,3.804516553878784,56000,0.0,0.0
2010-10-08 00:00:00-04:00,3.874612738229993,3.9166708267522408,3.871108141242772,3.9079089164733887,51000,0.0,0.0
2010-10-11 00:00:00-04:00,3.956976718337448,3.99728250940054,3.956976718337448,3.99202561378479,144000,0.0,0.0
2010-10-12 00:00:00-04:00,4.090162717844517,4.1514973640441895,4.090162717844517,4.1514973640441895,79000,0.0,0.0
2010-10-13 00:00:00-04:00,4.261899286934821,4.270661616233985,4.226850805359881,4.267156600952148,61000,0.0,0.0
2010-10-14 00:00:00-04:00,4.147992767788729,4.147992767788729,4.102429648984474,4.133973121643066,163000,0.0,0.0
2010-10-15 00:00:00-04:00,4.183040005041477,4.183040005041477,4.146238810503104,4.181287288665772,121500,0.0,0.0
2010-10-18 00:00:00-04:00,4.181288481662037,4.228604316711426,4.181288481662037,4.228604316711426,67500,0.0,0.0
2010-10-19 00:00:00-04:00,4.1655151690497565,4.169019765677331,4.13572359085083,4.13572359085083,97000,0.0,0.0
2010-10-20 00:00:00-04:00,4.07789450695485,4.14098185668968,4.07789450695485,4.118200302124023,230000,0.0,0.0
2010-10-21 00:00:00-04:00,4.221593076968023,4.221593076968023,4.156753434199867,4.163763046264648,1517000,0.0,0.0
2010-10-22 00:00:00-04:00,4.1882981964196775,4.1882981964196775,4.144487380628131,4.162011623382568,164500,0.0,0.0
2010-10-25 00:00:00-04:00,4.207573675526177,4.212830988805918,4.181287109127474,4.204068660736084,770000,0.0,0.0
2010-10-26 00:00:00-04:00,4.116448003406927,4.119953018651972,4.084904537444939,4.118200302124023,125000,0.0,0.0
2010-10-27 00:00:00-04:00,4.07088518029428,4.07088518029428,4.009550542778054,4.035836696624756,69000,0.0,0.0
2010-10-28 00:00:00-04:00,3.9604820470236826,3.999035542602876,3.9604820470236826,3.9937782287597656,85500,0.0,0.0
2010-10-29 00:00:00-04:00,3.9885206633159607,4.065627231799528,3.9885206633159607,4.049855709075928,803000,0.0,0.0
2010-11-01 00:00:00-04:00,4.200563697757197,4.240869484182789,4.188296773776899,4.214582920074463,537000,0.0,0.0
2010-11-02 00:00:00-04:00,4.19004991860035,4.263651895162194,4.19004991860035,4.256641864776611,269000,0.0,0.0
2010-11-03 00:00:00-04:00,4.240871319492027,4.265405178070068,4.240871319492027,4.265405178070068,168500,0.0,0.0
2010-11-04 00:00:00-04:00,4.107686597605789,4.13572505177385,4.0743904110175855,4.091914653778076,356500,0.0,0.0
2010-11-05 00:00:00-04:00,4.112942041528567,4.1497432307934,4.112942041528567,4.13572359085083,76000,0.0,0.0
2010-11-08 00:00:00-05:00,4.070883746690324,4.070883746690324,3.997281789779663,3.997281789779663,790000,0.0,0.0
2010-11-09 00:00:00-05:00,4.153248337763468,4.232107620924559,4.135724099039982,4.144486427307129,1250500,0.0,0.0
2010-11-10 00:00:00-05:00,4.04985652656329,4.04985652656329,4.013055324554443,4.013055324554443,139500,0.0,0.0
2010-11-11 00:00:00-05:00,3.995529286559495,4.027073159821684,3.970995441451601,4.006043910980225,825500,0.0,0.0
2010-11-12 00:00:00-05:00,3.988520402573484,3.9920254172889367,3.934194972443303,3.967491149902344,345000,0.0,0.0
2010-11-15 00:00:00-05:00,4.079647697267945,4.098924238827216,4.007798009981751,4.013055324554443,818000,0.0,0.0
2010-11-16 00:00:00-05:00,3.899147784504657,3.9341962719933017,3.799259636943111,3.820288896560669,1357000,0.0,0.0
2010-11-17 00:00:00-05:00,3.792249412372994,3.808021354546537,3.758953229276912,3.801011323928833,247000,0.0,0.0
2010-11-18 00:00:00-05:00,3.927185047377662,4.004292022477075,3.927185047377662,3.965738534927368,133000,0.0,0.0
2010-11-19 00:00:00-05:00,4.007797748015191,4.018312376473296,3.9692446674166417,4.016560077667236,161500,0.0,0.0
2010-11-22 00:00:00-05:00,3.9832633017831487,3.985015600328909,3.942957510554989,3.953472137451172,88500,0.0,0.0
2010-11-23 00:00:00-05:00,3.7852395743335774,3.8483269214630127,3.7852395743335774,3.8483269214630127,122500,0.0,0.0
2010-11-24 00:00:00-05:00,3.8027642041482856,3.871108872030796,3.8027642041482856,3.869356155395508,181000,0.0,0.0
2010-11-26 00:00:00-05:00,3.77472511599344,3.783487027420551,3.7501912626245,3.778229713439941,41500,0.0,0.0
2010-11-29 00:00:00-05:00,3.853583947663426,3.899147056453276,3.827297795860574,3.837812423706055,60000,0.0,0.0
2010-11-30 00:00:00-05:00,3.890384748387363,3.9008993751605785,3.874612808227539,3.874612808227539,129500,0.0,0.0
2010-12-01 00:00:00-05:00,3.9517202867932615,4.000787994122365,3.92017640252953,3.962234497070313,193000,0.0,0.0
2010-12-02 00:00:00-05:00,4.018312376473296,4.039341633389504,4.013055062244243,4.016560077667236,357000,0.0,0.0
2010-12-03 00:00:00-05:00,3.8816234811837225,3.914919669130171,3.872861568351506,3.902652740478516,191500,0.0,0.0
2010-12-06 00:00:00-05:00,3.9832639448024656,3.997283171053296,3.930691219645535,3.969244718551636,88000,0.0,0.0
2010-12-07 00:00:00-05:00,4.02181684295168,4.077894157389358,4.016559529440208,4.049855709075928,229000,0.0,0.0
2010-12-08 00:00:00-05:00,3.969244689443824,3.978006601333618,3.934195788452016,3.978006601333618,38500,0.0,0.0
2010-12-09 00:00:00-05:00,3.972749342457436,4.035836696624756,3.972749342457436,4.035836696624756,186500,0.0,0.0
2010-12-10 00:00:00-05:00,4.077894253322613,4.156753540039063,4.077894253322613,4.156753540039063,391500,0.0,0.0
2010-12-13 00:00:00-05:00,4.077893750874545,4.083151063861929,4.034083366394043,4.034083366394043,148000,0.0,0.0
2010-12-14 00:00:00-05:00,4.100676061520507,4.132219945293348,4.076142208237754,4.118200302124023,191500,0.0,0.0
2010-12-15 00:00:00-05:00,4.04109382492084,4.042846123680383,4.021817285133279,4.023569583892822,98500,0.0,0.0
2010-12-16 00:00:00-05:00,3.942958462410382,3.95522539081364,3.89914764570368,3.935948848724365,137000,0.0,0.0
2010-12-17 00:00:00-05:00,3.9166715154622542,3.934195756912232,3.883375749174909,3.934195756912232,154000,0.0,0.0
2010-12-20 00:00:00-05:00,3.8640985812566218,3.899147062253124,3.855336669912921,3.890385150909424,239000,0.0,0.0
2010-12-21 00:00:00-05:00,3.902651977980474,3.969244340862592,3.881622722794365,3.949967384338379,698500,0.0,0.0
2010-12-22 00:00:00-05:00,3.9166715154622542,3.953472714974817,3.9166715154622542,3.934195756912232,231000,0.0,0.0
2010-12-23 00:00:00-05:00,3.918424606323242,3.927186518979644,3.916671889543232,3.918424606323242,89500,0.0,0.0
2010-12-27 00:00:00-05:00,3.916671092113896,3.946462675388505,3.907909181241408,3.921928405761719,91000,0.0,0.0
2010-12-28 00:00:00-05:00,3.906157780629688,3.906157780629688,3.8570896479064953,3.899147748947144,113000,0.0,0.0
2010-12-29 00:00:00-05:00,3.862346232941367,3.921928566307965,3.862346232941367,3.920176267623901,168500,0.0,0.0
2010-12-30 00:00:00-05:00,3.872860276162134,3.8938891106296833,3.865850664672952,3.892136812210083,125500,0.0,0.0
2010-12-31 00:00:00-05:00,3.834307224653832,3.853583762905778,3.8325549260338807,3.843069553375244,123500,0.0,0.0
2011-01-03 00:00:00-05:00,3.9341962913462143,3.976254810788223,3.918424764366391,3.951720952987671,312000,0.0,0.0
2011-01-04 00:00:00-05:00,4.027075445537126,4.030580043792725,4.01305579908188,4.030580043792725,112000,0.0,0.0
2011-01-05 00:00:00-05:00,4.011302584417572,4.074389934539795,4.011302584417572,4.074389934539795,70000,0.0,0.0
2011-01-06 00:00:00-05:00,4.08315184598993,4.08315184598993,4.046351065839823,4.074389934539795,286500,0.0,0.0
2011-01-07 00:00:00-05:00,4.013054406053354,4.048102883308866,3.9867682570171232,4.039340972900391,501000,0.0,0.0
2011-01-10 00:00:00-05:00,4.051607894357421,4.051607894357421,4.021816730499268,4.021816730499268,2744000,0.0,0.0
2011-01-11 00:00:00-05:00,4.076141858822473,4.081399172333946,4.048102992698226,4.049855709075928,236500,0.0,0.0
2011-01-12 00:00:00-05:00,4.179535893656368,4.249632865135659,4.179535893656368,4.240870952606201,189500,0.0,0.0
2011-01-13 00:00:00-05:00,4.342511390410209,4.389827222148051,4.342511390410209,4.3810648918151855,131000,0.0,0.0
2011-01-14 00:00:00-05:00,4.5563063621521,4.5563063621521,4.5037336446439005,4.5563063621521,174500,0.0,0.0
2011-01-18 00:00:00-05:00,4.547544771974039,4.552802085876465,4.521258202461908,4.552802085876465,689000,0.0,0.0
2011-01-19 00:00:00-05:00,4.528267900681631,4.528267900681631,4.468685153428703,4.486209392547607,303500,0.0,0.0
2011-01-20 00:00:00-05:00,4.428380305742121,4.428380305742121,4.346016406105536,4.3810648918151855,524000,0.0,0.0
2011-01-21 00:00:00-05:00,4.282928254686159,4.310967121620764,4.282928254686159,4.296947479248047,867000,0.0,0.0
2011-01-24 00:00:00-05:00,4.286432903540097,4.309214454865048,4.284680187261475,4.307461738586426,178000,0.0,0.0
2011-01-25 00:00:00-05:00,4.477447000832755,4.477447000832755,4.437141213408683,4.468684673309326,239000,0.0,0.0
2011-01-26 00:00:00-05:00,4.582593254784992,4.582593254784992,4.547544773960738,4.570326328277588,145000,0.0,0.0
2011-01-27 00:00:00-05:00,4.523010590461146,4.524762889031068,4.487962112197796,4.5037336349487305,161000,0.0,0.0
2011-01-28 00:00:00-05:00,4.573830598064821,4.591354837221743,4.530020209077924,4.538782119750977,294000,0.0,0.0
2011-01-31 00:00:00-05:00,4.556306393221381,4.566821020356883,4.538782153932484,4.56506872177124,220000,0.0,0.0
2011-02-01 00:00:00-05:00,4.530020317734778,4.549296855926514,4.508991063117739,4.549296855926514,157000,0.0,0.0
2011-02-02 00:00:00-05:00,4.687738558025399,4.712272410311517,4.6614524070933685,4.707015514373779,155500,0.0,0.0
2011-02-03 00:00:00-05:00,4.717530280284094,4.728044909020976,4.6737198842949335,4.726292610168457,67500,0.0,0.0
2011-02-04 00:00:00-05:00,4.717529406261713,4.728044033050537,4.678976331783768,4.728044033050537,173000,0.0,0.0
2011-02-07 00:00:00-05:00,4.594859526445471,4.617641077515556,4.594859526445471,4.610631465911865,159500,0.0,0.0
2011-02-08 00:00:00-05:00,4.346015173527876,4.396835588736911,4.337252845680103,4.3933305740356445,177500,0.0,0.0
2011-02-09 00:00:00-05:00,4.31972964961559,4.326739680708784,4.293443495354227,4.316225051879883,127000,0.0,0.0
2011-02-10 00:00:00-05:00,4.239117944482193,4.256642186147514,4.216336388536188,4.253137588500977,188000,0.0,0.0
2011-02-11 00:00:00-05:00,4.41085475723835,4.479199409484863,4.41085475723835,4.479199409484863,97500,0.0,0.0
2011-02-14 00:00:00-05:00,4.556306396315756,4.5843452627591965,4.556306396315756,4.582592964172363,129000,0.0,0.0
2011-02-15 00:00:00-05:00,4.573829572502049,4.573829572502049,4.526514179168692,4.57207727432251,120500,0.0,0.0
2011-02-16 00:00:00-05:00,4.538782626744631,4.5650691973217,4.538782626744631,4.547544956207275,66000,0.0,0.0
2011-02-17 00:00:00-05:00,4.60712660718365,4.614136219024658,4.554553891659888,4.614136219024658,86500,0.0,0.0
2011-02-18 00:00:00-05:00,4.680729313681061,4.721035110382181,4.680729313681061,4.714025497436523,168000,0.0,0.0
2011-02-22 00:00:00-05:00,4.438894347832132,4.451161274426728,4.382816610990397,4.423122406005859,142000,0.0,0.0
2011-02-23 00:00:00-05:00,4.323232919142486,4.370548311952431,4.309213698239805,4.337252140045166,133500,0.0,0.0
2011-02-24 00:00:00-05:00,4.416112447601585,4.433636686766241,4.381063969272272,4.38982629776001,273500,0.0,0.0
2011-02-25 00:00:00-05:00,4.514248081897332,4.540534648451571,4.4984761419647885,4.526515007019043,191000,0.0,0.0
2011-02-28 00:00:00-05:00,4.617641126456493,4.69474769053589,4.617641126456493,4.689490795135498,185500,0.0,0.0
2011-03-01 00:00:00-05:00,4.731549231983174,4.749073471376004,4.717529589782416,4.722786903381348,191000,0.0,0.0
2011-03-02 00:00:00-05:00,4.742064262880941,4.763093101256063,4.740311546324869,4.756083488464356,181000,0.0,0.0
2011-03-03 00:00:00-05:00,4.766597571070848,4.819170287708553,4.761340257625997,4.80690336227417,109500,0.0,0.0
2011-03-04 00:00:00-05:00,4.997917861207835,4.997917861207835,4.948849739992376,4.966374397277832,183000,0.0,0.0
2011-03-07 00:00:00-05:00,4.889267444610596,4.927820938857225,4.862981294114444,4.889267444610596,203000,0.0,0.0
2011-03-08 00:00:00-05:00,4.971631641925469,5.053995949265072,4.971631641925469,5.052243232727051,139000,0.0,0.0
2011-03-09 00:00:00-05:00,5.071519817696509,5.080281728500027,5.031214025254348,5.045233249664307,122000,0.0,0.0
2011-03-10 00:00:00-05:00,4.9348305511354775,4.9348305511354775,4.862981294114444,4.889267444610596,181000,0.0,0.0
2011-03-11 00:00:00-05:00,4.843704994306308,4.922564292100208,4.843704994306308,4.9190592765808105,209000,0.0,0.0
2011-03-14 00:00:00-04:00,5.032966720301074,5.046986363626187,4.999670537441142,5.025957107543945,64000,0.0,0.0
2011-03-15 00:00:00-04:00,4.731549534553052,4.819170737120342,4.714025294039594,4.815665721893311,664000,0.0,0.0
2011-03-16 00:00:00-04:00,4.847209301667623,4.878752765490276,4.7315492379665205,4.757835388183594,141000,0.0,0.0
2011-03-17 00:00:00-04:00,4.365292976460002,4.451161892353662,4.347768733490534,4.407351493835449,352500,0.0,0.0
2011-03-18 00:00:00-04:00,4.335501194000244,4.346015821861817,4.32148196872538,4.335501194000244,135000,0.0,0.0
2011-03-21 00:00:00-04:00,4.296948747776132,4.375808058197062,4.296948747776132,4.346016883850098,186500,0.0,0.0
2011-03-22 00:00:00-04:00,4.3109677374654325,4.323234665162187,4.293443495354227,4.316225051879883,233500,0.0,0.0
2011-03-23 00:00:00-04:00,4.235613501628769,4.275919300713094,4.23210848604326,4.274166584014893,347500,0.0,0.0
2011-03-24 00:00:00-04:00,4.346016193794264,4.414360862932583,4.346016193794264,4.395083904266357,221000,0.0,0.0
2011-03-25 00:00:00-04:00,4.449408633866501,4.45992326094284,4.398588214871409,4.424874782562256,367500,0.0,0.0
2011-03-28 00:00:00-04:00,4.337254261498334,4.351273907069073,4.302205774287873,4.34075927734375,251500,0.0,0.0
2011-03-29 00:00:00-04:00,4.249632076839508,4.31447172164917,4.249632076839508,4.31447172164917,260000,0.0,0.0
2011-03-30 00:00:00-04:00,4.398588000991589,4.4318841791773735,4.367044539107181,4.421369552612305,183000,0.0,0.0
2011-03-31 00:00:00-04:00,4.293443758173661,4.302205670860172,4.275919514989724,4.277671813964844,462500,0.0,0.0
2011-04-01 00:00:00-04:00,4.337253054388569,4.389826188383449,4.337253054388569,4.379311561584473,277500,0.0,0.0
2011-04-04 00:00:00-04:00,4.398587714116571,4.452912724078629,4.398587714116571,4.43363618850708,574500,0.0,0.0
2011-04-05 00:00:00-04:00,4.433637725669315,4.451161968940304,4.407351569668291,4.444152355194092,170000,0.0,0.0
2011-04-06 00:00:00-04:00,4.59135517395749,4.64042329788208,4.59135517395749,4.64042329788208,165500,0.0,0.0
2011-04-07 00:00:00-04:00,4.652690409351639,4.666710052949156,4.608880015410201,4.635166168212891,147500,0.0,0.0
2011-04-08 00:00:00-04:00,4.643928683823103,4.670214837679379,4.6421759671713705,4.664957523345947,602000,0.0,0.0
2011-04-11 00:00:00-04:00,4.542287124852427,4.542287124852427,4.486209392547607,4.486209392547607,205500,0.0,0.0
2011-04-12 00:00:00-04:00,4.363539218902588,4.391578081843344,4.328490744679336,4.363539218902588,230500,0.0,0.0
2011-04-13 00:00:00-04:00,4.519506562420625,4.519506562420625,4.4932199890775895,4.4949727058410645,83000,0.0,0.0
2011-04-14 00:00:00-04:00,4.526515007019043,4.526515007019043,4.494971544964757,4.526515007019043,96000,0.0,0.0
2011-04-15 00:00:00-04:00,4.517753283449161,4.55981137386361,4.514248268493449,4.538782119750977,133500,0.0,0.0
2011-04-18 00:00:00-04:00,4.4914664441268535,4.4914664441268535,4.4459033415127305,4.4897141456604,168500,0.0,0.0
2011-04-19 00:00:00-04:00,4.5072389490874345,4.563316685155532,4.5072389490874345,4.561563968658447,272500,0.0,0.0
2011-04-20 00:00:00-04:00,4.831437592033247,4.89627723919018,4.831437592033247,4.866486072540283,291000,0.0,0.0
2011-04-21 00:00:00-04:00,4.899782110843255,4.968126771173313,4.898029812212484,4.9506025314331055,250500,0.0,0.0
2011-04-25 00:00:00-04:00,4.994412255865984,4.994412255865984,4.924315306252686,4.955859184265137,154500,0.0,0.0
2011-04-26 00:00:00-04:00,5.046986112950952,5.131102297480299,5.046986112950952,5.1170830726623535,309500,0.0,0.0
2011-04-27 00:00:00-04:00,4.959364445054016,4.989155610847241,4.906791725805236,4.9681267738342285,353500,0.0,0.0
2011-04-28 00:00:00-04:00,4.989155140634451,5.041728272739204,4.989155140634451,5.003174781799316,110500,0.0,0.0
2011-04-29 00:00:00-04:00,5.0244329558550325,5.0244329558550325,4.998081268348719,5.00686502456665,100000,0.0142,0.0
2011-05-02 00:00:00-04:00,5.026189798763903,5.026189798763903,4.980513095855713,4.980513095855713,253000,0.0,0.0
2011-05-03 00:00:00-04:00,4.919024699519011,4.952403890085713,4.871591333372889,4.892673015594482,322000,0.0,0.0
2011-05-04 00:00:00-04:00,4.787264935064505,4.787264935064505,4.720506974014544,4.752129077911377,224500,0.0,0.0
2011-05-05 00:00:00-04:00,4.7609136675686825,4.787265353309546,4.727534474701262,4.743345737457275,85000,0.0,0.0
2011-05-06 00:00:00-04:00,4.83118515873935,4.83118515873935,4.7784813709063085,4.81361722946167,135000,0.0,0.0
2011-05-09 00:00:00-04:00,4.7679395047957245,4.778480343867284,4.715235728290308,4.760912418365479,206000,0.0,0.0
2011-05-10 00:00:00-04:00,4.767940166088785,4.789021847155844,4.767940166088785,4.7784810066223145,113000,0.0,0.0
2011-05-11 00:00:00-04:00,4.778481089413287,4.875104904174805,4.769696915865672,4.875104904174805,405500,0.0,0.0
2011-05-12 00:00:00-04:00,4.924295259427063,5.008621571847325,4.924295259427063,4.998080730438232,310500,0.0,0.0
2011-05-13 00:00:00-04:00,4.976998671990297,4.976998671990297,4.904970292551836,4.919024467468262,162500,0.0,0.0
2011-05-16 00:00:00-04:00,4.924295665297735,4.980513211544809,4.924295665297735,4.945377349853516,228500,0.0,0.0
2011-05-17 00:00:00-04:00,4.822400750199336,4.834698677062988,4.790778646578032,4.834698677062988,160000,0.0,0.0
2011-05-18 00:00:00-04:00,4.961187837142516,4.971728678661317,4.919024889919791,4.955917835235596,165000,0.0,0.0
2011-05-19 00:00:00-04:00,5.020919499316976,5.031460341605241,4.945377354721089,4.992810726165772,315000,0.0,0.0
2011-05-20 00:00:00-04:00,5.003351685868677,5.003351685868677,4.95064789204305,4.9594316482543945,112000,0.0,0.0
2011-05-23 00:00:00-04:00,4.875106694445602,4.883890452366401,4.86105209537868,4.86807918548584,129000,0.0,0.0
2011-05-24 00:00:00-04:00,4.841726599972436,4.843483267462115,4.787265719267124,4.824158668518066,131500,0.0,0.0
2011-05-25 00:00:00-04:00,4.86632091281749,4.892673015594482,4.822400881139991,4.892673015594482,120500,0.0,0.0
2011-05-26 00:00:00-04:00,4.941863713825861,4.941863713825861,4.89618700876896,4.913754940032959,84000,0.0,0.0
2011-05-27 00:00:00-04:00,4.883889494971039,4.883889494971039,4.848753632470368,4.866321563720703,144000,0.0,0.0
2011-05-31 00:00:00-04:00,5.0279461178960805,5.068352396989046,5.0279461178960805,5.0420002937316895,270500,0.0,0.0
2011-06-01 00:00:00-04:00,5.0841636494751175,5.08592031673818,4.994566917419434,4.994566917419434,296500,0.0,0.0
2011-06-02 00:00:00-04:00,5.0068648438010905,5.008621930063256,4.941863542266106,4.989296913146973,178000,0.0,0.0
2011-06-03 00:00:00-04:00,4.9857839952836205,5.008622348929172,4.943620623105654,4.984026908874512,110000,0.0,0.0
2011-06-06 00:00:00-04:00,4.980513993303947,4.980513993303947,4.920783102823677,4.929566860198975,299500,0.0,0.0
2011-06-07 00:00:00-04:00,4.875105977566834,4.908484755380683,4.875105977566834,4.88740348815918,165500,0.0,0.0
2011-06-08 00:00:00-04:00,4.876861633849376,4.929565419253216,4.866320792998118,4.8838887214660645,133000,0.0,0.0
2011-06-09 00:00:00-04:00,4.778482259242177,4.787266016087711,4.732805550858259,4.764427661895752,170500,0.0,0.0
2011-06-10 00:00:00-04:00,4.595774703075645,4.648478492419456,4.553611755371094,4.553611755371094,156500,0.0,0.0
2011-06-13 00:00:00-04:00,4.662532500639786,4.688884182568319,4.604558297774097,4.634423732757568,169000,0.0,0.0
2011-06-14 00:00:00-04:00,4.553610802832681,4.597530827524773,4.553610802832681,4.555367469787598,341000,0.0,0.0
2011-06-15 00:00:00-04:00,4.553613067816417,4.553613067816417,4.523747620465668,4.5395588874816895,105500,0.0,0.0
2011-06-16 00:00:00-04:00,4.4657712448545785,4.4657712448545785,4.418337885482023,4.427121639251709,198500,0.0,0.0
2011-06-17 00:00:00-04:00,4.281308711165868,4.305903729530522,4.25847036015512,4.286579132080078,142500,0.0,0.0
2011-06-20 00:00:00-04:00,4.4113110367379065,4.46401482376143,4.4113110367379065,4.444690227508545,88000,0.0,0.0
2011-06-21 00:00:00-04:00,4.60982859639397,4.62563943759327,4.557124815073987,4.62388277053833,106000,0.0,0.0
2011-06-22 00:00:00-04:00,4.697669685442632,4.741589307372331,4.6783450853017685,4.716994285583496,359500,0.0,0.0
2011-06-23 00:00:00-04:00,4.609828949875789,4.643207720741234,4.585233514958548,4.61158561706543,134000,0.0,0.0
2011-06-24 00:00:00-04:00,4.7117232653589785,4.746859125980104,4.694155335048415,4.701182842254639,166500,0.0,0.0
2011-06-27 00:00:00-04:00,4.699426115423611,4.736319065093994,4.666046919625059,4.736319065093994,329000,0.0,0.0
2011-06-28 00:00:00-04:00,4.701183023334922,4.732805131570957,4.666046742507918,4.720507621765137,149500,0.0,0.0
2011-06-29 00:00:00-04:00,4.597532215323887,4.646722255729105,4.597532215323887,4.637938499450684,305000,0.0,0.0
2011-06-30 00:00:00-04:00,4.790778879515438,4.820644317402247,4.746858846895,4.81361722946167,160500,0.0,0.0
2011-07-01 00:00:00-04:00,4.794292700688575,4.864564418792725,4.780238105756258,4.864564418792725,153000,0.0,0.0
2011-07-05 00:00:00-04:00,4.880375140494756,4.880375140494756,4.815373431480468,4.857536792755127,105500,0.0,0.0
2011-07-06 00:00:00-04:00,4.818886834292361,4.880374785780565,4.818886834292361,4.869833946228027,200000,0.0,0.0
2011-07-07 00:00:00-04:00,4.875104673352862,4.899699687957764,4.8505092398955325,4.899699687957764,242500,0.0,0.0
2011-07-08 00:00:00-04:00,4.699425942142919,4.776725173652753,4.699425942142919,4.769697666168213,118000,0.0,0.0
2011-07-11 00:00:00-04:00,4.6906410184202985,4.699424772310655,4.609828472137451,4.609828472137451,113500,0.0,0.0
2011-07-12 00:00:00-04:00,4.471041756545708,4.54658388346812,4.471041756545708,4.523745536804199,493000,0.0,0.0
2011-07-13 00:00:00-04:00,4.64672208124583,4.699425873494917,4.64672208124583,4.671317100524902,72500,0.0,0.0
2011-07-14 00:00:00-04:00,4.745102819908058,4.745102819908058,4.692399024963379,4.692399024963379,98500,0.0,0.0
2011-07-15 00:00:00-04:00,4.757398665724164,4.799562022010404,4.757398665724164,4.760912418365479,76000,0.0,0.0
2011-07-18 00:00:00-04:00,4.715237617985022,4.7609143263657465,4.694155931393134,4.716994285583496,81500,0.0,0.0
2011-07-19 00:00:00-04:00,4.650234716920537,4.716992670178333,4.650234716920537,4.699424743652344,104500,0.0,0.0
2011-07-20 00:00:00-04:00,4.702938912846738,4.702938912846738,4.65901888321735,4.694154739379883,232000,0.0,0.0
2011-07-21 00:00:00-04:00,4.569423091594757,4.655506074568375,4.569423091594757,4.651992321014404,59000,0.0,0.0
2011-07-22 00:00:00-04:00,4.669559462692315,4.669559462692315,4.615099014341812,4.6203694343566895,110500,0.0,0.0
2011-07-25 00:00:00-04:00,4.60455846786499,4.620369728917632,4.578206366110587,4.60455846786499,46500,0.0,0.0
2011-07-26 00:00:00-04:00,4.69766938369798,4.699426051183617,4.641451835632324,4.641451835632324,110000,0.0,0.0
2011-07-27 00:00:00-04:00,4.67131666668903,4.67131666668903,4.585233688354492,4.585233688354492,165500,0.0,0.0
2011-07-28 00:00:00-04:00,4.595774946025613,4.644965403325054,4.576450347900391,4.576450347900391,119000,0.0,0.0
2011-07-29 00:00:00-04:00,4.565909505703903,4.579964101583389,4.537800732797438,4.576450347900391,126500,0.0,0.0
2011-08-01 00:00:00-04:00,4.699425750330122,4.724020768964596,4.611586098883787,4.655506134033203,330500,0.0,0.0
2011-08-02 00:00:00-04:00,4.620370086275489,4.687128051129225,4.59401798248291,4.59401798248291,104000,0.0,0.0
2011-08-03 00:00:00-04:00,4.597531087243029,4.646721115578655,4.57644940718352,4.6203694343566895,176500,0.0,0.0
2011-08-04 00:00:00-04:00,4.550097737740487,4.562395245988258,4.418338481455834,4.435906410217285,482500,0.0,0.0
2011-08-05 00:00:00-04:00,4.427122410960457,4.506178302930191,4.344553184411389,4.409554481506348,216000,0.0,0.0
2011-08-08 00:00:00-04:00,4.279551835897262,4.309417273725166,4.11089921254121,4.130224227905273,173500,0.0,0.0
2011-08-09 00:00:00-04:00,4.116170063864529,4.309417724609375,4.084547955459517,4.309417724609375,199000,0.0,0.0
2011-08-10 00:00:00-04:00,4.2918498091291655,4.2918498091291655,3.7595410346984863,3.7595410346984863,497500,0.0,0.0
2011-08-11 00:00:00-04:00,4.037114862357193,4.24793004989624,4.037114862357193,4.24793004989624,367500,0.0,0.0
2011-08-12 00:00:00-04:00,4.21103721641213,4.230361814898009,4.1477925809053735,4.174144268035889,214000,0.0,0.0
2011-08-15 00:00:00-04:00,4.235632009144371,4.2953628877021,4.235632009144371,4.286579132080078,164000,0.0,0.0
2011-08-16 00:00:00-04:00,4.109142834481601,4.110899501873799,4.063466131464419,4.066979885101318,206500,0.0,0.0
2011-08-17 00:00:00-04:00,4.075763042033854,4.100358476173162,4.058195114135742,4.058195114135742,226500,0.0,0.0
2011-08-18 00:00:00-04:00,3.9264350551228016,4.005490932231098,3.9088671289712256,3.931705474853516,266000,0.0,0.0
2011-08-19 00:00:00-04:00,3.8737319683028,3.942247018182675,3.8262986011098006,3.8614344596862793,151000,0.0,0.0
2011-08-22 00:00:00-04:00,3.847379479610868,3.847379479610868,3.7771077771462216,3.7823781967163086,156000,0.0,0.0
2011-08-23 00:00:00-04:00,3.9194087473901726,3.979140043258667,3.8684616257694646,3.979140043258667,213000,0.0,0.0
2011-08-24 00:00:00-04:00,3.9527878251768978,4.023059541719203,3.912381546279825,3.994950771331787,206000,0.0,0.0
2011-08-25 00:00:00-04:00,3.9352204784228535,4.00197887032924,3.8825166832163793,3.910625457763672,382000,0.0,0.0
2011-08-26 00:00:00-04:00,3.92467917408019,4.007248401641846,3.894813735527197,4.007248401641846,134000,0.0,0.0
2011-08-29 00:00:00-04:00,4.042385105601279,4.123197255510854,4.042385105601279,4.093331813812256,131500,0.0,0.0
2011-08-30 00:00:00-04:00,4.100358549711664,4.116169391906818,4.044141011888488,4.110898971557617,131000,0.0,0.0
2011-08-31 00:00:00-04:00,4.207522868219133,4.207522868219133,4.158332835803797,4.205766201019287,153500,0.0,0.0
2011-09-01 00:00:00-04:00,4.237388304878795,4.286578756146588,4.172387011107477,4.205766201019287,233500,0.0,0.0
2011-09-02 00:00:00-04:00,4.15833247219598,4.207522500310102,4.147791632213691,4.172386646270752,356500,0.0,0.0
2011-09-06 00:00:00-04:00,4.074006110390377,4.167116164090338,4.065221937585423,4.1653594970703125,97500,0.0,0.0
2011-09-07 00:00:00-04:00,4.265497389208623,4.30414700242546,4.196982337127522,4.283065319061279,140500,0.0,0.0
2011-09-08 00:00:00-04:00,4.226846423022118,4.226846423022118,4.142520554262201,4.156574726104736,129000,0.0,0.0
2011-09-09 00:00:00-04:00,4.156576324740192,4.156576324740192,4.035357475280762,4.035357475280762,123500,0.0,0.0
2011-09-12 00:00:00-04:00,3.9984646402103214,3.9984646402103214,3.9264358354769127,3.979140043258667,161000,0.0,0.0
2011-09-13 00:00:00-04:00,3.9967081580109234,4.072250300860228,3.965085631877261,4.021303176879883,106500,0.0,0.0
2011-09-14 00:00:00-04:00,4.014275862202102,4.089818000793457,3.9984646000264767,4.089818000793457,84500,0.0,0.0
2011-09-15 00:00:00-04:00,3.9615726487888105,3.996708512821536,3.9334638737921233,3.987924337387085,133500,0.0,0.0
2011-09-16 00:00:00-04:00,4.003735542868191,4.0458984953157415,3.994951367563163,4.005492210388184,249000,0.0,0.0
2011-09-19 00:00:00-04:00,3.873732745013944,3.9334640516524906,3.871976077388637,3.914139032363892,104500,0.0,0.0
2011-09-20 00:00:00-04:00,3.8983272811395793,3.900083948357123,3.8491368293762207,3.8491368293762207,128000,0.0,0.0
2011-09-21 00:00:00-04:00,3.822785604453266,3.822785604453266,3.6892688274383545,3.6892688274383545,478000,0.0,0.0
2011-09-22 00:00:00-04:00,3.5627799766416883,3.5627799766416883,3.388857126235962,3.388857126235962,195500,0.0,0.0
2011-09-23 00:00:00-04:00,3.541698634614153,3.590888678184566,3.531157791319764,3.5821049213409424,166500,0.0,0.0
2011-09-26 00:00:00-04:00,3.561022158512626,3.561022158512626,3.508318376821775,3.54872465133667,178000,0.0,0.0
2011-09-27 00:00:00-04:00,3.580347494313622,3.689268401645576,3.580347494313622,3.64886212348938,299500,0.0,0.0
2011-09-28 00:00:00-04:00,3.70156638567464,3.7525130868199823,3.631294250488281,3.631294250488281,96000,0.0,0.0
2011-09-29 00:00:00-04:00,3.7068360329854926,3.7437289737298167,3.6031855545007714,3.6664297580718994,108000,0.0,0.0
2011-09-30 00:00:00-04:00,3.715620504291992,3.715620504291992,3.6383217012832754,3.64886212348938,410000,0.0,0.0
2011-10-03 00:00:00-04:00,3.381829821728068,3.392370663982728,3.3115580985003428,3.3203420639038086,295000,0.0,0.0
2011-10-04 00:00:00-04:00,3.220204690763297,3.3203420639038086,3.207907181083696,3.3203420639038086,364000,0.0,0.0
2011-10-05 00:00:00-04:00,3.260610433627083,3.4081813630531728,3.260610433627083,3.381829261779785,300500,0.0,0.0
2011-10-06 00:00:00-04:00,3.652376180662516,3.715620813423262,3.643592006098733,3.698052883148194,220500,0.0,0.0
2011-10-07 00:00:00-04:00,3.870218747623097,3.8719754149478622,3.7946766075758807,3.826298713684082,123000,0.0,0.0
2011-10-10 00:00:00-04:00,3.819270856187324,3.866704215221001,3.819270856187324,3.8403525352478014,89500,0.0,0.0
2011-10-11 00:00:00-04:00,3.798190533610432,3.861435174526623,3.798190533610432,3.83684015274048,64500,0.0,0.0
2011-10-12 00:00:00-04:00,3.900083558282138,3.994950280180555,3.900083558282138,3.949273586273194,107500,0.0,0.0
2011-10-13 00:00:00-04:00,3.880759716742292,3.928193086888812,3.8368396813607,3.882516384124756,141000,0.0,0.0
2011-10-14 00:00:00-04:00,3.891299784301317,3.9580581649645343,3.891299784301317,3.894813537597656,70000,0.0,0.0
2011-10-17 00:00:00-04:00,3.993194570411987,4.014276255377653,3.8737323870274105,3.875489473342896,185000,0.0,0.0
2011-10-18 00:00:00-04:00,3.8069732815081054,3.884272071924872,3.724403652568213,3.814000368118286,285000,0.0,0.0
2011-10-19 00:00:00-04:00,3.768324849223384,3.82102864347481,3.722648143768311,3.722648143768311,126500,0.0,0.0
2011-10-20 00:00:00-04:00,3.705079965669197,3.705079965669197,3.638321998269773,3.652376174926758,114500,0.0,0.0
2011-10-21 00:00:00-04:00,3.673457566678567,3.743729282080999,3.673457566678567,3.691025495529175,152500,0.0,0.0
2011-10-24 00:00:00-04:00,3.870219409763331,3.9440044762568864,3.870219409763331,3.914139032363892,175000,0.0,0.0
2011-10-25 00:00:00-04:00,3.970355204644912,3.97562562454118,3.924678511445536,3.944003105163574,123500,0.0,0.0
2011-10-26 00:00:00-04:00,3.984409631572523,4.02832966054726,3.901840412706553,3.989680051803589,201500,0.0,0.0
2011-10-27 00:00:00-04:00,4.216307406264835,4.276038284745652,4.160089862487306,4.242659091949463,132000,0.0,0.0
2011-10-28 00:00:00-04:00,4.2426592070482965,4.256713802800211,4.198739590098259,4.207523345947266,126500,0.0,0.0
2011-10-31 00:00:00-04:00,4.149549117182181,4.149549117182181,4.040627780649624,4.068736553192139,86000,0.0,0.0
2011-11-01 00:00:00-04:00,3.901840284632272,4.005491181020261,3.901840284632272,3.952787399291992,139500,0.0,0.0
2011-11-02 00:00:00-04:00,4.130224057987671,4.191711598382439,4.121439884301301,4.163602828979492,132500,0.0,0.0
2011-11-03 00:00:00-04:00,4.168873483472496,4.186441412979091,4.07400674790738,4.139008045196533,162500,0.0,0.0
2011-11-04 00:00:00-04:00,4.056439103560174,4.105629142095607,4.009005732443146,4.074007034301758,817000,0.0,0.0
2011-11-07 00:00:00-05:00,3.95278793936779,3.996707972901758,3.917652080081608,3.979140043258667,175000,0.0,0.0
2011-11-08 00:00:00-05:00,3.806974469443219,3.806974469443219,3.708593969644693,3.789406538009644,120500,0.0,0.0
2011-11-09 00:00:00-05:00,3.701566551902269,3.701566551902269,3.531157255172729,3.531157255172729,193000,0.0,0.0
2011-11-10 00:00:00-05:00,3.678727854127229,3.678727854127229,3.589131127033901,3.6330511569976807,87000,0.0,0.0
2011-11-11 00:00:00-05:00,3.5469684675121784,3.608456011769088,3.5469684675121784,3.592645168304444,235000,0.0,0.0
2011-11-14 00:00:00-05:00,3.5873749170052034,3.640078708366284,3.501291932126356,3.5171031951904297,340000,0.0,0.0
2011-11-15 00:00:00-05:00,3.503047956767448,3.56980633155398,3.503047956767448,3.54872465133667,111500,0.0,0.0
2011-11-16 00:00:00-05:00,3.492508141892042,3.532914216419088,3.464399367987239,3.4679129123687744,368500,0.0,0.0
2011-11-17 00:00:00-05:00,3.4556151826274704,3.496021464011924,3.378316164016724,3.378316164016724,177000,0.0,0.0
2011-11-18 00:00:00-05:00,3.362504690751308,3.413451598249035,3.355477393886165,3.360747814178467,177000,0.0,0.0
2011-11-21 00:00:00-05:00,3.413451609862731,3.434533291103663,3.388856594316608,3.4064245223999023,1528000,0.0,0.0
2011-11-22 00:00:00-05:00,3.603185518947246,3.603185518947246,3.5012912897001467,3.54872465133667,2789000,0.0,0.0
2011-11-23 00:00:00-05:00,3.506562283903561,3.506562283903561,3.434533686695268,3.443317651748657,333000,0.0,0.0
2011-11-25 00:00:00-05:00,3.4257500454421823,3.431020257431357,3.383586883544922,3.383586883544922,152500,0.0,0.0
2011-11-28 00:00:00-05:00,3.3625055252073794,3.3625055252073794,3.299260884857105,3.325612783432007,384000,0.0,0.0
2011-11-29 00:00:00-05:00,3.297503649711294,3.323855545424156,3.283449263445851,3.292233228683472,244000,0.0,0.0
2011-11-30 00:00:00-05:00,3.299260653473378,3.4362905583379435,3.299260653473378,3.394127607345581,331000,0.0,0.0
2011-12-01 00:00:00-05:00,3.5575090562131853,3.5575090562131853,3.4784531690987963,3.52237319946289,639000,0.0,0.0
2011-12-02 00:00:00-05:00,3.4169653379332443,3.466155578090562,3.399397200552712,3.4257493019104004,239000,0.0,0.0
2011-12-05 00:00:00-05:00,3.436290651069599,3.460885881000753,3.4187227194443173,3.427506685256958,120500,0.0,0.0
2011-12-06 00:00:00-05:00,3.4521012973994925,3.494264241984176,3.4521012973994925,3.481966733932495,291500,0.0,0.0
2011-12-07 00:00:00-05:00,3.494264241984176,3.4960211186027985,3.4521012973994925,3.481966733932495,247500,0.0,0.0
2011-12-08 00:00:00-05:00,3.4608857876053705,3.4784537187565645,3.394127607345581,3.394127607345581,602500,0.0,0.0
2011-12-09 00:00:00-05:00,3.3888567453746234,3.4204790592193604,3.3660183959630783,3.4204790592193604,233500,0.0,0.0
2011-12-12 00:00:00-05:00,3.329125747186937,3.329125747186937,3.190338979917645,3.2483131885528564,391500,0.0,0.0
2011-12-13 00:00:00-05:00,3.330882720530008,3.380072965933318,3.279935598373413,3.279935598373413,371500,0.0,0.0
2011-12-14 00:00:00-05:00,3.344937140643769,3.346693807988859,3.302773982967925,3.3062875270843506,328500,0.0,0.0
2011-12-15 00:00:00-05:00,3.378316491455512,3.4204796537187767,3.364262104034424,3.364262104034424,365000,0.0,0.0
2011-12-16 00:00:00-05:00,3.413451966938872,3.441560738583049,3.3906136161562586,3.3958840370178223,351000,0.0,0.0
2011-12-19 00:00:00-05:00,3.4468309273273205,3.496021169678928,3.4310196658073946,3.4415605068206787,650500,0.0,0.0
2011-12-20 00:00:00-05:00,3.450344660613651,3.534670974496977,3.450344660613651,3.504805326461792,505000,0.0,0.0
2011-12-21 00:00:00-05:00,3.481966733932495,3.506561959462083,3.455614841210512,3.481966733932495,275500,0.0,0.0
2011-12-22 00:00:00-05:00,3.497778387920867,3.539941546665481,3.497778387920867,3.5171031951904297,449000,0.0,0.0
2011-12-23 00:00:00-05:00,3.599672493724962,3.599672493724962,3.546968701378708,3.571563720703125,243500,0.0,0.0
2011-12-27 00:00:00-05:00,3.5557518069234693,3.6102126755826767,3.5557518069234693,3.578590154647827,257500,0.0,0.0
2011-12-28 00:00:00-05:00,3.5206163794235144,3.573320168530912,3.488994064073828,3.504805326461792,208000,0.0,0.0
2011-12-29 00:00:00-05:00,3.487237489196542,3.539941489127221,3.487237489196542,3.5346710681915283,254000,0.0,0.0
2011-12-30 00:00:00-05:00,3.4995354715009794,3.568050324648174,3.4995354715009794,3.538184881210327,372500,0.0,0.0
2012-01-03 00:00:00-05:00,3.582104921265151,3.650619983824678,3.582104921265151,3.60494327545166,636000,0.0,0.0
2012-01-04 00:00:00-05:00,3.5276436275305603,3.618997033667717,3.5276436275305603,3.589131593704224,641500,0.0,0.0
2012-01-05 00:00:00-05:00,3.5522390634400725,3.582104503387831,3.534671132950068,3.568049907684326,183000,0.0,0.0
2012-01-06 00:00:00-05:00,3.47669655516735,3.541698062607467,3.47669655516735,3.504805326461792,166500,0.0,0.0
2012-01-09 00:00:00-05:00,3.4766966473251566,3.5364277355525946,3.4766966473251566,3.5346710681915283,583000,0.0,0.0
2012-01-10 00:00:00-05:00,3.6383218809445617,3.678728161096031,3.6383218809445617,3.662916898727417,182000,0.0,0.0
2012-01-11 00:00:00-05:00,3.738458530559189,3.810486906813969,3.738458530559189,3.7946760654449454,91500,0.0,0.0
2012-01-12 00:00:00-05:00,3.828055976626852,3.828055976626852,3.782379687108656,3.812245130538941,327000,0.0,0.0
2012-01-13 00:00:00-05:00,3.799946967662661,3.8631911788681417,3.796433214216811,3.8192715644836426,467000,0.0,0.0
2012-01-17 00:00:00-05:00,4.001978754494007,4.014276264467652,3.970356226973901,3.9914379119873047,350500,0.0,0.0
2012-01-18 00:00:00-05:00,4.075763354866223,4.137251316655298,4.075763354866223,4.131980895996094,139000,0.0,0.0
2012-01-19 00:00:00-05:00,4.107385930259993,4.119683439001321,4.0757634059087415,4.089818000793457,155500,0.0,0.0
2012-01-20 00:00:00-05:00,4.068736618322825,4.124954164307763,4.068736618322825,4.121440410614014,276500,0.0,0.0
2012-01-23 00:00:00-05:00,4.082790503234438,4.154819307408212,4.082790503234438,4.139008045196533,397500,0.0,0.0
2012-01-24 00:00:00-05:00,4.140764776949579,4.151305198669434,4.1196830958049855,4.151305198669434,221000,0.0,0.0
2012-01-25 00:00:00-05:00,4.1425214440941485,4.19522522810319,4.110898922377257,4.151305198669434,272500,0.0,0.0
2012-01-26 00:00:00-05:00,4.198740065757722,4.198740065757722,4.114413738250732,4.114413738250732,87000,0.0,0.0
2012-01-27 00:00:00-05:00,4.066979540928771,4.135494589656383,4.066979540928771,4.128467082977295,357000,0.0,0.0
2012-01-30 00:00:00-05:00,4.137252033056904,4.198740005493164,4.137252033056904,4.198740005493164,189000,0.0,0.0
2012-01-31 00:00:00-05:00,4.269011201983541,4.323471659627059,4.269011201983541,4.286579132080078,153000,0.0,0.0
2012-02-01 00:00:00-05:00,4.223333835601807,4.233874675772079,4.14427795317719,4.223333835601807,251500,0.0,0.0
2012-02-02 00:00:00-05:00,4.225091280799028,4.25847047453474,4.225091280799028,4.251443386077881,197000,0.0,0.0
2012-02-03 00:00:00-05:00,4.19874000701148,4.270768403764891,4.19874000701148,4.24793004989624,126000,0.0,0.0
2012-02-06 00:00:00-05:00,4.191711901851058,4.242659023904053,4.189955234527588,4.189955234527588,125500,0.0,0.0
2012-02-07 00:00:00-05:00,4.124953346555901,4.204008809894069,4.124953346555901,4.179413795471191,124000,0.0,0.0
2012-02-08 00:00:00-05:00,4.258470286372738,4.258470286372738,4.189955234527588,4.189955234527588,175000,0.0,0.0
2012-02-09 00:00:00-05:00,4.272524183162424,4.321714634673973,4.272524183162424,4.2988762855529785,489000,0.0,0.0
2012-02-10 00:00:00-05:00,4.200495538016207,4.200495538016207,4.174143437277897,4.186440944671631,332500,0.0,0.0
2012-02-13 00:00:00-05:00,4.23211729996045,4.279551077477668,4.23211729996045,4.244414806365967,200500,0.0,0.0
2012-02-14 00:00:00-05:00,4.258470653118513,4.258470653118513,4.191712262847501,4.226848125457764,166500,0.0,0.0
2012-02-15 00:00:00-05:00,4.353337167678536,4.3832026074292045,4.342796325683594,4.342796325683594,178000,0.0,0.0
2012-02-16 00:00:00-05:00,4.499151358204967,4.560638903826326,4.499151358204967,4.558882236480713,195000,0.0,0.0
2012-02-17 00:00:00-05:00,4.520232188907546,4.537800117234393,4.464014650720654,4.472798824310303,147500,0.0,0.0
2012-02-21 00:00:00-05:00,4.374418613902275,4.453474505714854,4.355094017196913,4.362121105194092,149000,0.0,0.0
2012-02-22 00:00:00-05:00,4.4464477291755005,4.511449455669981,4.423609375294207,4.432393550872803,178000,0.0,0.0
2012-02-23 00:00:00-05:00,4.488610630955573,4.529016912903092,4.483340209931765,4.527259826660156,302000,0.0,0.0
2012-02-24 00:00:00-05:00,4.532529830932617,4.539557337553204,4.520232322625284,4.532529830932617,317500,0.0,0.0
2012-02-27 00:00:00-05:00,4.427123426036541,4.479827226483098,4.421853004106628,4.464015960693359,137000,0.0,0.0
2012-02-28 00:00:00-05:00,4.532530071327399,4.551855087280273,4.514962141549095,4.551855087280273,148000,0.0,0.0
2012-02-29 00:00:00-05:00,4.55361097039877,4.646721024074013,4.523745536804199,4.523745536804199,270500,0.0,0.0
2012-03-01 00:00:00-05:00,4.5465844253213294,4.5465844253213294,4.511448567628244,4.532529830932617,112500,0.0,0.0
2012-03-02 00:00:00-05:00,4.49915170730446,4.516719638681198,4.49739462097002,4.500908374786377,351500,0.0,0.0
2012-03-05 00:00:00-05:00,4.513206424948862,4.513206424948862,4.448205112961642,4.460502624511719,83000,0.0,0.0
2012-03-06 00:00:00-05:00,4.420095130783146,4.420095130783146,4.341039242250413,4.348066329956055,310000,0.0,0.0
2012-03-07 00:00:00-05:00,4.369148260870608,4.427122470737209,4.369148260870608,4.4130682945251465,96500,0.0,0.0
2012-03-08 00:00:00-05:00,4.4446899323250735,4.4903666284824455,4.4446899323250735,4.458744525909424,740000,0.0,0.0
2012-03-09 00:00:00-05:00,4.462258043168356,4.523746002560149,4.462258043168356,4.476312637329102,186000,0.0,0.0
2012-03-12 00:00:00-04:00,4.521989701148154,4.521989701148154,4.479826749054852,4.506178855895996,131500,0.0,0.0
2012-03-13 00:00:00-04:00,4.541314306467111,4.558882236480713,4.514962202020464,4.558882236480713,132500,0.0,0.0
2012-03-14 00:00:00-04:00,4.583478094826211,4.583478094826211,4.506179272368909,4.550098896026611,115000,0.0,0.0
2012-03-15 00:00:00-04:00,4.690641940970992,4.716993626677294,4.662533169059109,4.69766902923584,120500,0.0,0.0
2012-03-16 00:00:00-04:00,4.901456770618504,4.919024699519011,4.880375507249374,4.892673015594482,1873000,0.0,0.0
2012-03-19 00:00:00-04:00,4.943619856108747,4.998080730438232,4.943619856108747,4.998080730438232,2202000,0.0,0.0
2012-03-20 00:00:00-04:00,4.889158847740683,4.901456355043134,4.8505092398955325,4.899699687957764,2462500,0.0,0.0
2012-03-21 00:00:00-04:00,4.919025778240298,4.919025778240298,4.866321979981061,4.904971599578857,1626500,0.0,0.0
2012-03-22 00:00:00-04:00,4.945377474483573,5.029703377126799,4.920782454450342,5.00686502456665,899500,0.0,0.0
2012-03-23 00:00:00-04:00,5.033216710636944,5.033216710636944,4.985783342004392,5.008621692657471,129000,0.0,0.0
2012-03-26 00:00:00-04:00,5.015648780815536,5.033216710636944,4.945377061529905,5.008621692657471,291000,0.0,0.0
2012-03-27 00:00:00-04:00,5.047270581631247,5.047270581631247,4.968215111643415,4.982269287109375,342000,0.0,0.0
2012-03-28 00:00:00-04:00,4.968216000530488,4.976999757055141,4.910241783369154,4.927809715270996,272500,0.0,0.0
2012-03-29 00:00:00-04:00,4.882132043746002,4.882132043746002,4.789021981181446,4.838212013244629,166000,0.0,0.0
2012-03-30 00:00:00-04:00,4.8768617547817215,4.906727192032563,4.86105049311276,4.894429683685303,149000,0.0,0.0
2012-04-02 00:00:00-04:00,4.855780609343959,4.961188194417841,4.855780609343959,4.945377349853516,629000,0.0,0.0
2012-04-03 00:00:00-04:00,5.024432009626885,5.050784111022949,4.996323659941007,5.050784111022949,214500,0.0,0.0
2012-04-04 00:00:00-04:00,4.975242620557687,5.026189743926549,4.971728866967508,5.020919322967529,264500,0.0,0.0
2012-04-05 00:00:00-04:00,4.996324191256711,5.068352577978143,4.996324191256711,5.056055068969727,89500,0.0,0.0
2012-04-09 00:00:00-04:00,4.998081445508391,4.999838113043738,4.975243092138724,4.976999759674072,135000,0.0,0.0
2012-04-10 00:00:00-04:00,4.9541604228017535,4.99808045328671,4.834698677062988,4.834698677062988,951000,0.0,0.0
2012-04-11 00:00:00-04:00,5.022675379399027,5.022675379399027,4.9401061591719175,4.962944507598877,384000,0.0,0.0
2012-04-12 00:00:00-04:00,4.999838001103388,5.105245590209961,4.999838001103388,5.105245590209961,189000,0.0,0.0
2012-04-13 00:00:00-04:00,5.11402874631651,5.11402874631651,5.059568295119605,5.0947041511535645,170000,0.0,0.0
2012-04-16 00:00:00-04:00,5.175517031278901,5.2352479065455695,5.175517031278901,5.217679977416992,739000,0.0,0.0
2012-04-17 00:00:00-04:00,5.186057342845771,5.259842811149954,5.180786922334582,5.2528157234191895,175500,0.0,0.0
2012-04-18 00:00:00-04:00,5.307276905394023,5.374035295130937,5.305520237933321,5.3230881690979,431000,0.0,0.0
2012-04-19 00:00:00-04:00,5.395116549163253,5.395116549163253,5.25281602489889,5.279168128967285,314000,0.0,0.0
2012-04-20 00:00:00-04:00,5.252815261318853,5.321330303084446,5.252815261318853,5.300248622894287,81000,0.0,0.0
2012-04-23 00:00:00-04:00,5.29146486871667,5.319573636019407,5.28092402862159,5.300248622894287,406000,0.0,0.0
2012-04-24 00:00:00-04:00,5.361737431948428,5.403900380195053,5.361737431948428,5.377548694610596,127500,0.0,0.0
2012-04-25 00:00:00-04:00,5.1807873800614574,5.1807873800614574,5.138624431099276,5.157949447631836,499500,0.0,0.0
2012-04-26 00:00:00-04:00,5.244032444561666,5.294979572296143,5.244032444561666,5.294979572296143,183000,0.0,0.0
2012-04-27 00:00:00-04:00,5.340655144388371,5.342411811534665,5.29146511347262,5.324843883514404,80000,0.0,0.0
2012-04-30 00:00:00-04:00,5.479442239748051,5.551471042275453,5.479442239748051,5.488226413726807,136000,0.0,0.0
2012-05-01 00:00:00-04:00,5.481198443401227,5.565524747284565,5.481198443401227,5.533902645111084,154000,0.0,0.0
2012-05-02 00:00:00-04:00,5.481198959858836,5.481198959858836,5.424981837492072,5.4495768547058105,562000,0.0,0.0
2012-05-03 00:00:00-04:00,5.574309166943125,5.574309166943125,5.537416224115304,5.558497905731201,291000,0.0,0.0
2012-05-04 00:00:00-04:00,5.486469135269055,5.486469135269055,5.389845738005084,5.426738262176514,119500,0.0,0.0
2012-05-07 00:00:00-04:00,5.265112645860908,5.296735165409697,5.219435952414267,5.2879509925842285,162500,0.0,0.0
2012-05-08 00:00:00-04:00,5.21065324492738,5.256329947547542,5.1438948583740665,5.205382823944092,225000,0.0,0.0
2012-05-09 00:00:00-04:00,5.038487379711621,5.080650329589844,5.015649027933312,5.080650329589844,152000,0.0,0.0
2012-05-10 00:00:00-04:00,5.033216538547552,5.071866150374184,5.026189450629747,5.0420002937316895,374500,0.0,0.0
2012-05-11 00:00:00-04:00,5.0244325439316695,5.092947595994974,5.0244325439316695,5.056055068969727,124500,0.0,0.0
2012-05-14 00:00:00-04:00,5.033216365211158,5.087676818264198,5.033216365211158,5.068352222442627,123500,0.0,0.0
2012-05-15 00:00:00-04:00,5.163219261263502,5.177273856306139,5.096461296081543,5.096461296081543,233000,0.0,0.0
2012-05-16 00:00:00-04:00,5.041288480098146,5.041288480098146,4.979594657008705,5.023661613464356,189000,0.0194,0.0
2012-05-17 00:00:00-04:00,5.108272386684552,5.108272386684552,4.986646843662116,4.990172386169434,197500,0.0,0.0
2012-05-18 00:00:00-04:00,5.0501030755670175,5.094170460587708,4.998985026615182,5.007798671722412,355000,0.0,0.0
2012-05-21 00:00:00-04:00,4.90379955540902,4.909087657928467,4.861494735253438,4.909087657928467,590000,0.0,0.0
2012-05-22 00:00:00-04:00,4.824479080187809,4.824479080187809,4.722242978210747,4.7592597007751465,1549500,0.0,0.0
2012-05-23 00:00:00-04:00,4.805088364128483,4.805088364128483,4.688750964824559,4.76807165145874,131000,0.0,0.0
2012-05-24 00:00:00-04:00,4.880885278624553,4.8949866071764525,4.812140356354101,4.829767227172852,156000,0.0,0.0
2012-05-25 00:00:00-04:00,4.882648251746688,4.937291850077406,4.85444517200467,4.857970714569092,119500,0.0,0.0
2012-05-29 00:00:00-04:00,4.8579702645787854,4.91261343759016,4.8562077035887325,4.879122257232666,141000,0.0,0.0
2012-05-30 00:00:00-04:00,4.83329207834423,4.847393404879831,4.817427770798411,4.820952892303467,122500,0.0,0.0
2012-05-31 00:00:00-04:00,4.812139562953657,4.8632576059772825,4.792750134327185,4.838579654693604,86000,0.0,0.0
2012-06-01 00:00:00-04:00,4.690514254368071,4.83152920386407,4.690514254368071,4.80332612991333,393000,0.0,0.0
2012-06-04 00:00:00-04:00,4.745157370873551,4.78746219147965,4.731056044176649,4.776885986328125,174000,0.0,0.0
2012-06-05 00:00:00-04:00,4.753971711739439,4.796276118285706,4.74692104735802,4.7574968338012695,205000,0.0,0.0
2012-06-06 00:00:00-04:00,4.8914605282752,4.988408088684082,4.8914605282752,4.988408088684082,171000,0.0,0.0
2012-06-07 00:00:00-04:00,4.961967709577546,5.12413504807085,4.961967709577546,5.046576499938965,936000,0.0,0.0
2012-06-08 00:00:00-04:00,4.984884259767529,5.053629186412866,4.984884259767529,5.044815540313721,148500,0.0,0.0
2012-06-11 00:00:00-04:00,5.217558580704641,5.236948011692771,5.132949352264404,5.132949352264404,182500,0.0,0.0
2012-06-12 00:00:00-04:00,5.180542136621648,5.180542136621648,5.085357117258335,5.157627582550049,105000,0.0,0.0
2012-06-13 00:00:00-04:00,5.12942305245854,5.145286937688608,5.108270645141602,5.108270645141602,167000,0.0,0.0
2012-06-14 00:00:00-04:00,5.076542888824437,5.166439787098646,5.076542888824437,5.1417622566223145,210000,0.0,0.0
2012-06-15 00:00:00-04:00,5.185829188538925,5.261624760509242,5.185829188538925,5.235184669494629,61500,0.0,0.0
2012-06-18 00:00:00-04:00,5.35857360417624,5.35857360417624,5.270439252842631,5.296879768371582,114000,0.0,0.0
2012-06-19 00:00:00-04:00,5.370912074495089,5.466097504880823,5.370912074495089,5.414979457855225,244500,0.0,0.0
2012-06-20 00:00:00-04:00,5.3938264886906495,5.437893867492676,5.3938264886906495,5.437893867492676,216000,0.0,0.0
2012-06-21 00:00:00-04:00,5.21755744322716,5.21755744322716,5.08006763458252,5.08006763458252,1107500,0.0,0.0
2012-06-22 00:00:00-04:00,5.104746028590559,5.104746028590559,5.021899785353866,5.0430521965026855,844000,0.0,0.0
2012-06-25 00:00:00-04:00,4.988408386877968,5.041288992150512,4.961968294370542,4.974307060241699,529000,0.0,0.0
2012-06-26 00:00:00-04:00,4.93552784444192,4.961968357543665,4.92671462024647,4.946104049682617,1244000,0.0,0.0
2012-06-27 00:00:00-04:00,5.136474395645616,5.143525058933274,5.101220658949631,5.127660751342773,621500,0.0,0.0
2012-06-28 00:00:00-04:00,4.935528382787434,4.961968898773193,4.917901512216177,4.961968898773193,609000,0.0,0.0
2012-06-29 00:00:00-04:00,5.122372827121584,5.185829639434815,5.122372827121584,5.185829639434815,591000,0.0,0.0
2012-07-02 00:00:00-04:00,5.0976951401868975,5.18406692155923,5.0976951401868975,5.177016258239746,88000,0.0,0.0
2012-07-03 00:00:00-04:00,5.270439510905805,5.337421873353732,5.231660226317124,5.332133769989014,205500,0.0,0.0
2012-07-05 00:00:00-04:00,5.328607474423379,5.374437416934043,5.328607474423379,5.351522445678711,49000,0.0,0.0
2012-07-06 00:00:00-04:00,5.312743186950684,5.333895597500651,5.291591196658416,5.312743186950684,107500,0.0,0.0
2012-07-09 00:00:00-04:00,5.175253854264032,5.219320816539129,5.173490873187479,5.185829639434815,52500,0.0,0.0
2012-07-10 00:00:00-04:00,5.228133949196299,5.281014550902834,5.164677143096924,5.164677143096924,82500,0.0,0.0
2012-07-11 00:00:00-04:00,5.199932544370466,5.199932544370466,5.111798179942044,5.145288944244385,134000,0.0,0.0
2012-07-12 00:00:00-04:00,4.9989854872297,5.023663023391404,4.970782408648709,5.018374919891357,66000,0.0,0.0
2012-07-13 00:00:00-04:00,5.032476749486567,5.117085986577507,5.032476749486567,5.099458694458008,195500,0.0,0.0
2012-07-16 00:00:00-04:00,5.117085986577507,5.117085986577507,5.076544139269765,5.099458694458008,149000,0.0,0.0
2012-07-17 00:00:00-04:00,5.164677648835542,5.2263714800722205,5.138237135264318,5.185829639434815,135500,0.0,0.0
2012-07-18 00:00:00-04:00,5.083593517217572,5.085356077880277,5.01484860828004,5.076542854309082,67000,0.0,0.0
2012-07-19 00:00:00-04:00,5.148812836507664,5.191117233821359,5.138236632114824,5.164677143096924,104500,0.0,0.0
2012-07-20 00:00:00-04:00,5.221082325268152,5.247522833511402,5.1787779323365735,5.192879676818848,68000,0.0,0.0
2012-07-23 00:00:00-04:00,5.120610499212345,5.17877921145712,5.094170404696207,5.155864238739014,34500,0.0,0.0
2012-07-24 00:00:00-04:00,5.127661163066134,5.168203005547575,5.120610499212345,5.155864238739014,278000,0.0,0.0
2012-07-25 00:00:00-04:00,5.14881287151344,5.14881287151344,5.067729197627281,5.087118625640869,392000,0.0,0.0
2012-07-26 00:00:00-04:00,5.129422471600715,5.129422471600715,5.078304439878496,5.12589693069458,71000,0.0,0.0
2012-07-27 00:00:00-04:00,5.17525362379843,5.28101483285813,5.17525362379843,5.259862422943115,98000,0.0,0.0
2012-07-30 00:00:00-04:00,5.19288028942339,5.251048994163086,5.19288028942339,5.196405410766602,274000,0.0,0.0
2012-07-31 00:00:00-04:00,5.263387781450351,5.263387781450351,5.201693534851074,5.201693534851074,297500,0.0,0.0
2012-08-01 00:00:00-04:00,5.191117308494114,5.208744175983183,5.178778543277533,5.196405410766602,554000,0.0,0.0
2012-08-02 00:00:00-04:00,5.217559301192574,5.217559301192574,5.129424938724684,5.147051811218262,150500,0.0,0.0
2012-08-03 00:00:00-04:00,5.2845395949666685,5.303929442822732,5.243997758891707,5.30216646194458,56500,0.0,0.0
2012-08-06 00:00:00-04:00,5.268676394612373,5.353285199015557,5.268676394612373,5.310980796813965,153000,0.0,0.0
2012-08-07 00:00:00-04:00,5.33565781071279,5.379725189735304,5.332132689355899,5.344471454620361,58500,0.0,0.0
2012-08-08 00:00:00-04:00,5.349760319510863,5.372675292627826,5.340946674346924,5.340946674346924,236000,0.0,0.0
2012-08-09 00:00:00-04:00,5.390301258688186,5.451995083458131,5.390301258688186,5.4114532470703125,422000,0.0,0.0
2012-08-10 00:00:00-04:00,5.273963893525736,5.279251575469971,5.254574045366214,5.279251575469971,87000,0.0,0.0
2012-08-13 00:00:00-04:00,5.155865037336156,5.221084423536615,5.147051811218262,5.147051811218262,110000,0.0,0.0
2012-08-14 00:00:00-04:00,5.20874450443089,5.235185017460589,5.199931280259456,5.203456401824951,69000,0.0,0.0
2012-08-15 00:00:00-04:00,5.282778325111841,5.312743964270167,5.226372168897484,5.298642635345459,213000,0.0,0.0
2012-08-16 00:00:00-04:00,5.54894279066833,5.577145860719463,5.526027822517888,5.573620319366455,307500,0.0,0.0
2012-08-17 00:00:00-04:00,5.681145490755799,5.681145490755799,5.607112471462535,5.622976779937744,120000,0.0,0.0
2012-08-20 00:00:00-04:00,5.640602938844508,5.681144775225394,5.640602938844508,5.652941703796387,521000,0.0,0.0
2012-08-21 00:00:00-04:00,5.624739233960845,5.6599929719532485,5.596536159515381,5.596536159515381,408000,0.0,0.0
2012-08-22 00:00:00-04:00,5.5418924979051525,5.61416252827279,5.5418924979051525,5.59124755859375,267000,0.0,0.0
2012-08-23 00:00:00-04:00,5.667042752515907,5.667042752515907,5.573620319366455,5.573620319366455,52000,0.0,0.0
2012-08-24 00:00:00-04:00,5.526028895391123,5.5789095044071,5.526028895391123,5.561282634735107,137500,0.0,0.0
2012-08-27 00:00:00-04:00,5.563045411625963,5.575384599107412,5.526029109954834,5.526029109954834,51000,0.0,0.0
2012-08-28 00:00:00-04:00,5.5172157307357566,5.5172157307357566,5.473148345947266,5.473148345947266,161500,0.0,0.0
2012-08-29 00:00:00-04:00,5.481961570750328,5.508402085674968,5.473148345947266,5.473148345947266,129000,0.0,0.0
2012-08-30 00:00:00-04:00,5.450232289787264,5.450232289787264,5.340945550250593,5.342708110809326,108500,0.0,0.0
2012-08-31 00:00:00-04:00,5.367386953338492,5.404403252779226,5.367386953338492,5.370912075042725,70000,0.0,0.0
2012-09-04 00:00:00-04:00,5.434369392050706,5.434369392050706,5.332133708774615,5.376200675964356,134500,0.0,0.0
2012-09-05 00:00:00-04:00,5.337420875273333,5.362098406188895,5.312742924100092,5.321556568145752,52500,0.0,0.0
2012-09-06 00:00:00-04:00,5.430843263761654,5.552468776702881,5.430843263761654,5.552468776702881,385000,0.0,0.0
2012-09-07 00:00:00-04:00,5.552469232213588,5.571858662154528,5.524266157590042,5.547181129455566,175500,0.0,0.0
2012-09-10 00:00:00-04:00,5.538367612898329,5.608875090959469,5.534842491149902,5.534842491149902,112000,0.0,0.0
2012-09-11 00:00:00-04:00,5.626501581771223,5.642365889344515,5.619450918491213,5.631789684295654,208000,0.0,0.0
2012-09-12 00:00:00-04:00,5.672331219215572,5.70934793490102,5.659992454072979,5.674094200134277,72000,0.0,0.0
2012-09-13 00:00:00-04:00,5.658230447381483,5.8080590449379565,5.614163064479799,5.765754222869873,303000,0.0,0.0
2012-09-14 00:00:00-04:00,5.81687261504444,5.915583171973217,5.774568210720031,5.866228103637695,323500,0.0,0.0
2012-09-17 00:00:00-04:00,5.834498721837379,5.834498721837379,5.765753811143455,5.781618118286133,155000,0.0,0.0
2012-09-18 00:00:00-04:00,5.772804789510303,5.8221598504908645,5.772804789510303,5.7992448806762695,34000,0.0,0.0
2012-09-19 00:00:00-04:00,5.767517132626485,5.852125935200761,5.767517132626485,5.778093338012695,207000,0.0,0.0
2012-09-20 00:00:00-04:00,5.681144594410864,5.744601398042066,5.681144594410864,5.737550735473633,74500,0.0,0.0
2012-09-21 00:00:00-04:00,5.769279764794783,5.804533503013047,5.753415456519252,5.765754222869873,111000,0.0,0.0
2012-09-24 00:00:00-04:00,5.670568808802747,5.788668781374763,5.670568808802747,5.781618118286133,208000,0.0,0.0
2012-09-25 00:00:00-04:00,5.867990330057991,5.869752890895857,5.755178451538086,5.755178451538086,297500,0.0,0.0
2012-09-26 00:00:00-04:00,5.785144244393611,5.786906805279409,5.746364963102014,5.763991832733154,86000,0.0,0.0
2012-09-27 00:00:00-04:00,5.922632678106064,5.963174513566175,5.917344996324776,5.961411952972412,132500,0.0,0.0
2012-09-28 00:00:00-04:00,6.035445005819494,6.035445005819494,5.949073232222651,5.971988201141357,78500,0.0,0.0
2012-10-01 00:00:00-04:00,5.949073358455313,6.053072001099615,5.949073358455313,5.959649562835693,304500,0.0,0.0
2012-10-02 00:00:00-04:00,5.975514590506456,6.010768329190222,5.9437859735364365,5.945548534393311,148500,0.0,0.0
2012-10-03 00:00:00-04:00,5.963176250457764,6.040734822780909,5.957888567136334,5.963176250457764,171500,0.0,0.0
2012-10-04 00:00:00-04:00,6.05483579481105,6.058361337075041,5.975515086319862,5.994904518127441,153000,0.0,0.0
2012-10-05 00:00:00-04:00,6.040734533878766,6.040734533878766,5.966701507568359,5.966701507568359,149000,0.0,0.0
2012-10-08 00:00:00-04:00,5.952598768088758,5.952598768088758,5.905005849431728,5.927920818328857,199500,0.0,0.0
2012-10-09 00:00:00-04:00,5.896192407369533,5.931446139709691,5.843311808859297,5.848599910736084,300000,0.0,0.0
2012-10-10 00:00:00-04:00,5.867990195322233,5.9208708015634,5.862702092672346,5.882091522216797,75000,0.0,0.0
2012-10-11 00:00:00-04:00,5.883854409189169,5.896193175089041,5.843312569693435,5.845075130462647,189000,0.0,0.0
2012-10-12 00:00:00-04:00,5.90148129936154,5.90676940194632,5.848600693771424,5.850363254547119,60500,0.0,0.0
2012-10-15 00:00:00-04:00,5.855651924811528,5.913820638625625,5.855651924811528,5.887380123138428,130000,0.0,0.0
2012-10-16 00:00:00-04:00,5.894430836616716,5.977277079501781,5.894430836616716,5.957887649536133,90000,0.0,0.0
2012-10-17 00:00:00-04:00,5.961412475022621,6.016056060791016,5.940260065014509,6.016056060791016,104500,0.0,0.0
2012-10-18 00:00:00-04:00,5.869752883911133,5.949074005128648,5.869752883911133,5.869752883911133,196000,0.0,0.0
2012-10-19 00:00:00-04:00,5.905006273043927,5.9402600092212055,5.873278078587451,5.9014811515808105,214000,0.0,0.0
2012-10-22 00:00:00-04:00,6.074224768055636,6.074224768055636,5.99314109003479,6.016056060791016,185000,0.0,0.0
2012-10-23 00:00:00-04:00,6.03015858980345,6.03015858980345,5.912058590975026,5.942024230957031,64500,0.0,0.0
2012-10-24 00:00:00-04:00,6.120054131008793,6.167647052296005,6.120054131008793,6.121817111968994,97500,0.0,0.0
2012-10-25 00:00:00-04:00,6.16940975189209,6.215239693250883,6.146494781212692,6.16940975189209,97500,0.0,0.0
2012-10-26 00:00:00-04:00,6.105952727186856,6.111240829484821,6.023106491614859,6.046021461486816,198500,0.0,0.0
2012-10-31 00:00:00-04:00,6.231104896588718,6.25754499255398,6.091852491748944,6.197613716125488,467000,0.0,0.0
2012-11-01 00:00:00-04:00,6.229341190078132,6.372119120543828,6.229341190078132,6.370356559753418,158500,0.0,0.0
2012-11-02 00:00:00-04:00,6.372118789164127,6.372118789164127,6.285747011060278,6.319238185882568,205500,0.0,0.0
2012-11-05 00:00:00-05:00,6.3104255605871735,6.3104255605871735,6.23639295619626,6.291036128997803,101500,0.0,0.0
2012-11-06 00:00:00-05:00,6.312187701405689,6.333339691162109,6.275170983880997,6.333339691162109,45500,0.0,0.0
2012-11-07 00:00:00-05:00,6.310424608773262,6.310424608773262,6.11652906135197,6.148257255554199,193500,0.0,0.0
2012-11-08 00:00:00-05:00,6.187037070944319,6.187037070944319,6.104190826416016,6.104190826416016,129500,0.0,0.0
2012-11-09 00:00:00-05:00,6.007242708227574,6.090088951019282,6.007242708227574,6.07246208190918,197500,0.0,0.0
2012-11-12 00:00:00-05:00,6.134155994006724,6.195850242602225,6.134155994006724,6.164121627807617,249000,0.0,0.0
2012-11-13 00:00:00-05:00,6.169410271039624,6.266358264399552,6.134156531682872,6.179986476898193,310500,0.0,0.0
2012-11-14 00:00:00-05:00,6.134156518093982,6.134156518093982,5.912057876586914,5.912057876586914,170500,0.0,0.0
2012-11-15 00:00:00-05:00,5.711110273631758,5.714635815074499,5.60006097140606,5.621212959289551,1692500,0.0,0.0
2012-11-16 00:00:00-05:00,5.608875032318319,5.63884066815524,5.589485602131539,5.622976779937744,1152000,0.0,0.0
2012-11-19 00:00:00-05:00,5.568331673077595,5.640602111816406,5.568331673077595,5.640602111816406,869000,0.0,0.0
2012-11-20 00:00:00-05:00,5.71111118181233,5.753415584564209,5.688196209434705,5.753415584564209,222000,0.0,0.0
2012-11-21 00:00:00-05:00,5.825685794380839,5.897955830166457,5.825685794380839,5.882091522216797,107000,0.0,0.0
2012-11-23 00:00:00-05:00,5.864464888111849,5.864464888111849,5.815109821748437,5.852126121520996,58500,0.0,0.0
2012-11-26 00:00:00-05:00,5.772804860868791,5.772804860868791,5.711110613622806,5.7163987159729,188500,0.0,0.0
2012-11-27 00:00:00-05:00,5.684669413779376,5.719923145007648,5.684669413779376,5.707584381103516,77500,0.0,0.0
2012-11-28 00:00:00-05:00,5.781618702364294,5.781618702364294,5.695246915094391,5.763991832733154,163000,0.0,0.0
2012-11-29 00:00:00-05:00,5.82921083486769,5.82921083486769,5.790431976318359,5.790431976318359,167500,0.0,0.0
2012-11-30 00:00:00-05:00,5.753415363417633,5.753415363417633,5.719924186574924,5.728737831115723,64500,0.0,0.0
2012-12-03 00:00:00-05:00,5.57009571519748,5.622976318854262,5.515452130571763,5.540129661560059,890500,0.0,0.0
2012-12-04 00:00:00-05:00,5.531316998318493,5.598299355226698,5.5277914562810055,5.561282634735107,192500,0.0,0.0
2012-12-05 00:00:00-05:00,5.654703864684454,5.730499429928997,5.654703864684454,5.684669494628906,549500,0.0,0.0
2012-12-06 00:00:00-05:00,5.707585314708479,5.762228901230838,5.707585314708479,5.746364593505859,246500,0.0,0.0
2012-12-07 00:00:00-05:00,5.739314143420956,5.739314143420956,5.6758573304208,5.711111068725586,271000,0.0,0.0
2012-12-10 00:00:00-05:00,5.797481985193351,5.797481985193351,5.742838404826083,5.74812650680542,162000,0.0,0.0
2012-12-11 00:00:00-05:00,5.735788715062783,5.778093538072381,5.735788715062783,5.753415584564209,631000,0.0,0.0
2012-12-12 00:00:00-05:00,5.755177716269919,5.79043145006956,5.728737205791359,5.735787868499756,161500,0.0,0.0
2012-12-13 00:00:00-05:00,5.779854824301814,5.779854824301814,5.684669413779376,5.707584381103516,139500,0.0,0.0
2012-12-14 00:00:00-05:00,5.709348486561507,5.716399150144586,5.682907972802825,5.705822944641113,162000,0.0,0.0
2012-12-17 00:00:00-05:00,5.704060704262386,5.704060704262386,5.649417112843818,5.697010040283203,105000,0.0,0.0
2012-12-18 00:00:00-05:00,5.697009741506755,5.728737937877979,5.6617555829442585,5.711111068725586,142000,0.0,0.0
2012-12-19 00:00:00-05:00,5.658230781555176,5.686433857846994,5.654705239422047,5.658230781555176,323000,0.0,0.0
2012-12-20 00:00:00-05:00,5.640603160931796,5.697009306010687,5.640603160931796,5.677619457244873,130500,0.0,0.0
2012-12-21 00:00:00-05:00,5.640603584967252,5.654704912168211,5.6141630711433175,5.651179790496826,283000,0.0,0.0
2012-12-24 00:00:00-05:00,5.645891881099601,5.645891881099601,5.570096299218659,5.61063814163208,218500,0.0,0.0
2012-12-26 00:00:00-05:00,5.596534740371453,5.647652773575471,5.596534740371453,5.640602111816406,118000,0.0,0.0
2012-12-27 00:00:00-05:00,5.601823871947524,5.656467456208994,5.577146341123726,5.617688179016113,204500,0.0,0.0
2012-12-28 00:00:00-05:00,5.640603584967252,5.68467054766353,5.640603584967252,5.651179790496826,149000,0.0,0.0
2012-12-31 00:00:00-05:00,5.7022974238250095,5.755178451538086,5.677619891064047,5.755178451538086,160500,0.0,0.0
2013-01-02 00:00:00-05:00,5.882092279393086,5.93144777039278,5.880329718368803,5.922634124755859,362500,0.0,0.0
2013-01-03 00:00:00-05:00,5.934972677927082,5.934972677927082,5.869752883911133,5.869752883911133,355000,0.0,0.0
2013-01-04 00:00:00-05:00,5.86799056381006,5.94202358529977,5.862702460828101,5.899718761444092,101000,0.0,0.0
2013-01-07 00:00:00-05:00,5.808058895704303,5.8168721199035645,5.778093261014494,5.8168721199035645,83000,0.0,0.0
2013-01-08 00:00:00-05:00,5.809821405593024,5.809821405593024,5.76399146343682,5.790431976318359,49000,0.0,0.0
2013-01-09 00:00:00-05:00,5.772804693315337,5.772804693315337,5.734025417292757,5.762228488922119,130500,0.0,0.0
2013-01-10 00:00:00-05:00,5.7692802796330165,5.820398330688477,5.760466634163085,5.820398330688477,148500,0.0,0.0
2013-01-11 00:00:00-05:00,5.78866859324623,5.823922327801334,5.78866859324623,5.822159767150879,180500,0.0,0.0
2013-01-14 00:00:00-05:00,5.808059173127156,5.811584294872159,5.767517331255587,5.797482967376709,181000,0.0,0.0
2013-01-15 00:00:00-05:00,5.890905595529047,5.890905595529047,5.825686218443272,5.85565185546875,146000,0.0,0.0
2013-01-16 00:00:00-05:00,6.04073351893617,6.098902225494385,6.04073351893617,6.098902225494385,124500,0.0,0.0
2013-01-17 00:00:00-05:00,6.118292182143904,6.16059658503869,6.091852087931307,6.125342845916748,139000,0.0,0.0
2013-01-18 00:00:00-05:00,6.10419070559192,6.187036948480396,6.10419070559192,6.17646074295044,134000,0.0,0.0
2013-01-22 00:00:00-05:00,6.141206413196305,6.141206413196305,6.114766322175712,6.134155750274658,99000,0.0,0.0
2013-01-23 00:00:00-05:00,6.144732539348962,6.150020642107685,6.09361449285312,6.11652946472168,105000,0.0,0.0
2013-01-24 00:00:00-05:00,6.153545686265201,6.2046637321171625,6.153545686265201,6.199375629425049,201000,0.0,0.0
2013-01-25 00:00:00-05:00,6.118291302898639,6.118291302898639,6.08127500821744,6.0865631103515625,135000,0.0,0.0
2013-01-28 00:00:00-05:00,6.114766159576427,6.114766159576427,6.0565974565686975,6.08127498626709,141000,0.0,0.0
2013-01-29 00:00:00-05:00,6.08832561050266,6.116528681518624,6.056597418270735,6.1147661209106445,195500,0.0,0.0
2013-01-30 00:00:00-05:00,6.162359088665587,6.178223396118483,6.135918576244096,6.16940975189209,151000,0.0,0.0
2013-01-31 00:00:00-05:00,6.187036343755463,6.206425771826774,6.169409476347633,6.188798904418945,172500,0.0,0.0
2013-02-01 00:00:00-05:00,6.142969017507414,6.153545222093862,6.107715282391036,6.144731998443604,170500,0.0,0.0
2013-02-04 00:00:00-05:00,6.083038459813864,6.1094789743571685,6.019581645167653,6.026632308959961,97500,0.0,0.0
2013-02-05 00:00:00-05:00,6.009004510394343,6.0724613152305125,6.009004510394343,6.031919479370117,231000,0.0,0.0
2013-02-06 00:00:00-05:00,6.024867808385472,6.061884096571077,6.024867808385472,6.060121536254883,196000,0.0,0.0
2013-02-07 00:00:00-05:00,6.151782840546098,6.176460371794601,6.125342328310071,6.1588335037231445,79000,0.0,0.0
2013-02-08 00:00:00-05:00,6.169410420552798,6.192325393715794,6.118292371169366,6.172935962677002,81000,0.0,0.0
2013-02-11 00:00:00-05:00,6.187036884247411,6.187036884247411,6.130630735511717,6.1605963706970215,125000,0.0,0.0
2013-02-12 00:00:00-05:00,6.187036598406716,6.194087261608511,6.144732198938259,6.164121627807617,78000,0.0,0.0
2013-02-13 00:00:00-05:00,6.165883852195376,6.213476771791098,6.165883852195376,6.211713790893555,97500,0.0,0.0
2013-02-14 00:00:00-05:00,6.178223037447523,6.217001893070857,6.17646005654998,6.211713790893555,170000,0.0,0.0
2013-02-15 00:00:00-05:00,6.257544538740468,6.28045951105264,6.243443211282694,6.2628326416015625,183500,0.0,0.0
2013-02-19 00:00:00-05:00,6.283984874220951,6.283984874220951,6.2487311363220215,6.2487311363220215,115000,0.0,0.0
2013-02-20 00:00:00-05:00,6.252255777150219,6.271645625683918,6.199375174368416,6.204663276672363,107500,0.0,0.0
2013-02-21 00:00:00-05:00,6.19584991268072,6.19584991268072,6.116528800175642,6.157070636749268,213000,0.0,0.0
2013-02-22 00:00:00-05:00,5.982564812377955,6.10771544938561,5.982564812377955,6.098902225494385,427500,0.0,0.0
2013-02-25 00:00:00-05:00,6.058361027774609,6.061886149600881,5.9402606211822,5.9931416511535645,136500,0.0,0.0
2013-02-26 00:00:00-05:00,6.047782773526348,6.088324602601928,6.037206571114007,6.060121536254883,141000,0.0,0.0
2013-02-27 00:00:00-05:00,5.966700867248568,6.090088951019282,5.966700867248568,6.07246208190918,98000,0.0,0.0
2013-02-28 00:00:00-05:00,6.051310824529886,6.123580870562874,6.051310824529886,6.1077165603637695,152000,0.0,0.0
2013-03-01 00:00:00-05:00,6.113004378439412,6.125343145710217,6.081276179779874,6.111241817474365,164000,0.0,0.0
2013-03-04 00:00:00-05:00,6.1958499482474725,6.269882538735682,6.192324406685224,6.2222900390625,282500,0.0,0.0
2013-03-05 00:00:00-05:00,6.224053022986474,6.328051673182136,6.224053022986474,6.3104248046875,139000,0.0,0.0
2013-03-06 00:00:00-05:00,6.380932365377992,6.380932365377992,6.319238534937241,6.331577301025391,143500,0.0,0.0
2013-03-07 00:00:00-05:00,6.322763466761167,6.389745818095264,6.322763466761167,6.372118949890137,130000,0.0,0.0
2013-03-08 00:00:00-05:00,6.4355753634591935,6.491981506347656,6.4355753634591935,6.491981506347656,108000,0.0,0.0
2013-03-11 00:00:00-04:00,6.4426259849960665,6.4426259849960665,6.363304873333256,6.382694721221924,143500,0.0,0.0
2013-03-12 00:00:00-04:00,6.282221858886816,6.368593642345495,6.282221858886816,6.342153549194336,300000,0.0,0.0
2013-03-13 00:00:00-04:00,6.285747641100778,6.356255119210045,6.285747641100778,6.328052043914795,162500,0.0,0.0
2013-03-14 00:00:00-04:00,6.261069476972099,6.292797670821368,6.261069476972099,6.275170803070068,122000,0.0,0.0
2013-03-15 00:00:00-04:00,6.245204964597249,6.254018608311974,6.202900567436493,6.211713790893555,132000,0.0,0.0
2013-03-18 00:00:00-04:00,6.021343506916296,6.021343506916296,5.95436157828003,6.001954078674316,125500,0.0,0.0
2013-03-19 00:00:00-04:00,5.873278160734168,5.9067693366483125,5.8327363215374906,5.834498882293701,316000,0.0,0.0
2013-03-20 00:00:00-04:00,5.957888411642744,5.991379173093271,5.954362869262695,5.954362869262695,1222000,0.0,0.0
2013-03-21 00:00:00-04:00,5.739313615126253,5.84507482030546,5.71111054302693,5.7992448806762695,1782000,0.0,0.0
2013-03-22 00:00:00-04:00,5.64060434652438,5.658231218034297,5.587723731994629,5.587723731994629,1110500,0.0,0.0
2013-03-25 00:00:00-04:00,5.476673594721013,5.476673594721013,5.344471867693304,5.372674942016602,1136500,0.0,0.0
2013-03-26 00:00:00-04:00,5.473148816209712,5.652943072372317,5.473148816209712,5.637078762054443,505500,0.0,0.0
2013-03-27 00:00:00-04:00,5.684670440624907,5.684670440624907,5.635315376093166,5.668806552886963,125500,0.0,0.0
2013-03-28 00:00:00-04:00,5.647653991868946,5.647653991868946,5.58595974258905,5.631789684295654,114000,0.0,0.0
2013-04-01 00:00:00-04:00,5.563044429531493,5.635314879414618,5.501350604304312,5.520740032196045,426000,0.0,0.0
2013-04-02 00:00:00-04:00,5.561281515426017,5.561281515426017,5.492536611464092,5.508400917053223,122000,0.0,0.0
2013-04-03 00:00:00-04:00,5.485487769373789,5.5524701350280505,5.422030946217355,5.427319049835205,211000,0.0,0.0
2013-04-04 00:00:00-04:00,5.46785980805703,5.46785980805703,5.411453660876076,5.439656734466553,161500,0.0,0.0
2013-04-05 00:00:00-04:00,5.340946439268171,5.370912075042725,5.259862756462807,5.370912075042725,899000,0.0,0.0
2013-04-08 00:00:00-04:00,5.436131528786503,5.483724030871039,5.434368547787222,5.462571620941162,598500,0.0,0.0
2013-04-09 00:00:00-04:00,5.580670983690664,5.672330856323242,5.578908423142388,5.672330856323242,98500,0.0,0.0
2013-04-10 00:00:00-04:00,5.691721702280627,5.728738001836609,5.652942421609326,5.726975440979004,140500,0.0,0.0
2013-04-11 00:00:00-04:00,5.649416132799304,5.719923600875167,5.649416132799304,5.702296733856201,236000,0.0,0.0
2013-04-12 00:00:00-04:00,5.695247306995315,5.707586074560395,5.614163617061002,5.638841152191162,148000,0.0,0.0
2013-04-15 00:00:00-04:00,5.587723323878495,5.593011426971014,5.492537888470884,5.515452861785889,198000,0.0,0.0
2013-04-16 00:00:00-04:00,5.552468776702881,5.566570102728962,5.522502723446529,5.552468776702881,169000,0.0,0.0
2013-04-17 00:00:00-04:00,5.617688677760995,5.626501902298652,5.559519966936226,5.578909397125244,489500,0.0,0.0
2013-04-18 00:00:00-04:00,5.596535376279983,5.631789109338626,5.571857847190464,5.594772815704346,259000,0.0,0.0
2013-04-19 00:00:00-04:00,5.7040595944452415,5.763990856994299,5.700534053012735,5.758702754974365,285500,0.0,0.0
2013-04-22 00:00:00-04:00,5.744601821877564,5.816871853986964,5.744601821877564,5.781618118286133,212500,0.0,0.0
2013-04-23 00:00:00-04:00,5.709347778278852,5.760465398107973,5.709347778278852,5.735787868499756,354500,0.0,0.0
2013-04-24 00:00:00-04:00,5.730500075442624,5.79043176234018,5.730500075442624,5.781618118286133,101000,0.0,0.0
2013-04-25 00:00:00-04:00,5.783381587335332,5.839787741418919,5.783381587335332,5.815110206604004,163000,0.0,0.0
2013-04-26 00:00:00-04:00,5.808058780354154,5.934972400261486,5.808058780354154,5.933209419250488,454500,0.0,0.0
2013-04-29 00:00:00-04:00,5.913820427509878,6.03368339300999,5.896193557900248,6.026632308959961,396500,0.0,0.0
2013-04-30 00:00:00-04:00,6.058360017187823,6.090088209620376,6.0178181811443245,6.08127498626709,157500,0.0,0.0
2013-05-01 00:00:00-04:00,6.047783681179534,6.079511872920746,6.026631273180294,6.049546241760254,115000,0.0,0.0
2013-05-02 00:00:00-04:00,6.2029016871407,6.254019737243652,6.2029016871407,6.254019737243652,180500,0.0,0.0
2013-05-03 00:00:00-04:00,6.2311034299317605,6.271645265092604,6.1799853907711055,6.246967315673828,6056000,0.0,0.0
2013-05-06 00:00:00-04:00,6.202901221608957,6.28045936129275,6.202901221608957,6.269883155822754,65500,0.0,0.0
2013-05-07 00:00:00-04:00,6.280458800266653,6.292797565460205,6.250493167616931,6.292797565460205,55000,0.0,0.0
2013-05-08 00:00:00-04:00,6.246966736281191,6.268119142318974,6.195849122119233,6.264593601226807,71500,0.0,0.0
2013-05-09 00:00:00-04:00,6.213477113087888,6.25049341010459,6.183511059017962,6.208189010620117,330000,0.0,0.0
2013-05-10 00:00:00-04:00,6.25401826233275,6.299847778237926,6.232865854793714,6.243442058563232,65500,0.0,0.0
2013-05-13 00:00:00-04:00,6.118292219006604,6.118292219006604,6.067174170894486,6.075987815856934,146000,0.0,0.0
2013-05-14 00:00:00-04:00,6.181749759094763,6.181749759094763,6.08656473577659,6.1658854484558105,158000,0.0,0.0
2013-05-15 00:00:00-04:00,6.317475909314022,6.521947668583757,6.269882985988205,6.51842212677002,272500,0.0,0.0
2013-05-16 00:00:00-04:00,6.649141169850234,6.688055778154441,6.613764023176125,6.650909900665283,238000,0.0258,0.0
2013-05-17 00:00:00-04:00,6.677442257288496,6.721663475036621,6.634989348437421,6.721663475036621,206500,0.0,0.0
2013-05-20 00:00:00-04:00,7.040058585677474,7.096662186232454,7.022370013220147,7.094893455505371,275000,0.0,0.0
2013-05-21 00:00:00-04:00,6.972841069045673,6.978147682431963,6.923313239745352,6.969303607940674,464500,0.0,0.0
2013-05-22 00:00:00-04:00,6.949847202509529,6.949847202509529,6.827795914943786,6.863173484802246,307500,0.0,0.0
2013-05-23 00:00:00-04:00,6.627913707256916,6.716356560519499,6.615531749973034,6.7128190994262695,125000,0.0,0.0
2013-05-24 00:00:00-04:00,6.790649451026285,6.827795326844201,6.767654264549813,6.8101067543029785,129500,0.0,0.0
2013-05-28 00:00:00-04:00,6.930390128104203,7.002913579392646,6.918008168019834,6.960460662841797,233500,0.0,0.0
2013-05-29 00:00:00-04:00,6.872016361317966,6.939233184067425,6.857865673227974,6.886167049407959,164500,0.0,0.0
2013-05-30 00:00:00-04:00,7.068361334740773,7.068361334740773,7.004682381001007,7.047134876251221,167000,0.0,0.0
2013-05-31 00:00:00-04:00,6.983456134796143,7.032984398867706,6.944541522020882,6.983456134796143,125500,0.0,0.0
2013-06-03 00:00:00-04:00,6.969305161032852,6.969305161032852,6.88793763328224,6.960460662841797,206500,0.0,0.0
2013-06-04 00:00:00-04:00,6.912700245084904,6.965765959000836,6.864941144733445,6.898549556732178,155000,0.0,0.0
2013-06-05 00:00:00-04:00,6.863172604978332,6.863172604978332,6.783573821026481,6.787111282348633,162500,0.0,0.0
2013-06-06 00:00:00-04:00,6.788880538900356,6.880861282348633,6.788880538900356,6.880861282348633,108500,0.0,0.0
2013-06-07 00:00:00-04:00,6.907394063947791,6.907394063947791,6.813644587987713,6.831333160400391,116000,0.0,0.0
2013-06-10 00:00:00-04:00,6.933926620879879,6.985223181874654,6.909162283949627,6.953383922576904,149500,0.0,0.0
2013-06-11 00:00:00-04:00,6.854328744667817,6.9693046828900735,6.854328744667817,6.933927536010742,183000,0.0,0.0
2013-06-12 00:00:00-04:00,6.979917926231288,6.979917926231288,6.8755552161953455,6.893243789672852,190000,0.0,0.0
2013-06-13 00:00:00-04:00,6.783573890904818,6.907393894760768,6.783573890904818,6.887936592102051,174500,0.0,0.0
2013-06-14 00:00:00-04:00,6.820720353077951,6.891474647090392,6.799494317911533,6.804800510406494,145000,0.0,0.0
2013-06-17 00:00:00-04:00,6.861404047808599,6.893243732842929,6.834871398675512,6.8401780128479,184500,0.0,0.0
2013-06-18 00:00:00-04:00,6.808337784181688,6.896780643778086,6.808337784181688,6.854328155517578,128000,0.0,0.0
2013-06-19 00:00:00-04:00,6.854329000135614,6.854329000135614,6.739353057628088,6.748197555541992,164000,0.0,0.0
2013-06-20 00:00:00-04:00,6.624376414417703,6.739352344763486,6.438646616889135,6.447490692138672,227500,0.0,0.0
2013-06-21 00:00:00-04:00,6.53770356616041,6.53770356616041,6.4209588897453225,6.516477108001709,338000,0.0,0.0
2013-06-24 00:00:00-04:00,6.364354420220862,6.364354420220862,6.212232615303591,6.272373676300049,498000,0.0,0.0
2013-06-25 00:00:00-04:00,6.544778823235325,6.571311473846436,6.488175216729269,6.571311473846436,351500,0.0,0.0
2013-06-26 00:00:00-04:00,6.596074822572196,6.6845176808468185,6.596074822572196,6.666829109191895,157500,0.0,0.0
2013-06-27 00:00:00-04:00,6.780036245186372,6.854328418792438,6.780036245186372,6.843715190887451,192500,0.0,0.0
2013-06-28 00:00:00-04:00,6.893243876396126,6.92508314036466,6.820720429015741,6.891474723815918,98000,0.0,0.0
2013-07-01 00:00:00-04:00,6.893242943167704,6.948077387695526,6.893242943167704,6.898549556732178,109500,0.0,0.0
2013-07-02 00:00:00-04:00,6.903856409928854,6.930389056943363,6.797724556684355,6.854328155517578,180000,0.0,0.0
2013-07-03 00:00:00-04:00,6.7853424820704,6.916238249409822,6.7853424820704,6.889705181121826,137500,0.0,0.0
2013-07-05 00:00:00-04:00,7.036520971991802,7.041827586105126,6.921545457480055,6.995837211608887,175000,0.0,0.0
2013-07-08 00:00:00-04:00,6.92685171328746,6.953384784097018,6.877323876748091,6.907394409179688,113000,0.0,0.0
2013-07-09 00:00:00-04:00,6.91623879990226,6.930389489629627,6.898550226878626,6.902087688446045,247000,0.0,0.0
2013-07-10 00:00:00-04:00,6.935696088554868,6.935696088554868,6.898550211805056,6.916238784790039,117000,0.0,0.0
2013-07-11 00:00:00-04:00,7.050671466836314,7.146189669063756,7.050671466836314,7.139113903045654,145500,0.0,0.0
2013-07-12 00:00:00-04:00,7.078973361875634,7.087817859180899,7.002912878040336,7.038290023803711,153500,0.0,0.0
2013-07-15 00:00:00-04:00,7.284161850189495,7.360222339630127,7.163879714421275,7.360222339630127,127500,0.0,0.0
2013-07-16 00:00:00-04:00,7.517650058406394,7.535339051638774,7.508805561790205,7.531800746917725,175500,0.0,0.0
2013-07-17 00:00:00-04:00,7.568947618579489,7.58840534500923,7.568947618579489,7.57248592376709,248000,0.0,0.0
2013-07-18 00:00:00-04:00,7.5194213165839745,7.5194213165839745,7.441591238423758,7.503501892089844,106000,0.0,0.0
2013-07-19 00:00:00-04:00,7.653853642313391,7.653853642313391,7.579561039893566,7.602556228637695,3773000,0.0,0.0
2013-07-22 00:00:00-04:00,7.491118411429209,7.499962065767638,7.457509994569981,7.484042644500732,407000,0.0,0.0
2013-07-23 00:00:00-04:00,7.606094199331867,7.641471346346808,7.581329437309463,7.627319812774658,1456500,0.0,0.0
2013-07-24 00:00:00-04:00,7.586635704136821,7.586635704136821,7.517650147932724,7.524725914001465,299000,0.0,0.0
2013-07-25 00:00:00-04:00,7.586636563835048,7.680386046716739,7.581329527817706,7.673310279846191,143500,0.0,0.0
2013-07-26 00:00:00-04:00,7.76882790459133,7.931562921488653,7.76882790459133,7.876728057861328,752000,0.0,0.0
2013-07-29 00:00:00-04:00,7.924488207718061,7.993473768175855,7.896186828613281,7.896186828613281,3649000,0.0,0.0
2013-07-30 00:00:00-04:00,8.249957658417275,8.313636178297727,8.248188927789709,8.295948028564453,504500,0.0,0.0
2013-07-31 00:00:00-04:00,8.065998133656553,8.067766864712997,7.959866679149499,8.01823902130127,478000,0.0,0.0
2013-08-01 00:00:00-04:00,8.265877957518104,8.313637063377339,8.225194618380044,8.310099601745605,1961500,0.0,0.0
2013-08-02 00:00:00-04:00,8.251728006887879,8.251728006887879,8.180973707167379,8.246421813964844,309000,0.0,0.0
2013-08-05 00:00:00-04:00,8.352552698128612,8.455146678815685,8.352552698128612,8.402080535888672,234500,0.0,0.0
2013-08-06 00:00:00-04:00,8.428613436923067,8.54358938047817,8.428613436923067,8.479910850524902,272500,0.0,0.0
2013-08-07 00:00:00-04:00,8.212814801810357,8.258805188851921,8.136753452680875,8.239347457885742,277500,0.0,0.0
2013-08-08 00:00:00-04:00,8.225193953931116,8.225193953931116,8.119062522433264,8.191585540771484,196000,0.0,0.0
2013-08-09 00:00:00-04:00,8.097837305125136,8.172129065491179,8.0801483087764,8.126138687133789,465500,0.0,0.0
2013-08-12 00:00:00-04:00,8.405616804287888,8.405616804287888,8.30479241222677,8.357857704162598,96000,0.0,0.0
2013-08-13 00:00:00-04:00,8.472833581307686,8.472833581307686,8.389697339197134,8.467527389526367,152500,0.0,0.0
2013-08-14 00:00:00-04:00,8.407387369520613,8.407387369520613,8.048309674922569,8.136752128601074,234500,0.0,0.0
2013-08-15 00:00:00-04:00,8.22519421335776,8.31186792327123,8.22519421335776,8.269415855407715,555000,0.0,0.0
2013-08-16 00:00:00-04:00,8.370240972172825,8.393236160533519,8.303024137971146,8.340170860290527,167500,0.0,0.0
2013-08-19 00:00:00-04:00,8.375548887355023,8.460453882729936,8.375548887355023,8.407387733459473,125500,0.0,0.0
2013-08-20 00:00:00-04:00,8.264109528229103,8.34724578381213,8.264109528229103,8.340170860290527,67500,0.0,0.0
2013-08-21 00:00:00-04:00,8.251727665640296,8.251727665640296,8.108450341150139,8.149133682250977,262000,0.0,0.0
2013-08-22 00:00:00-04:00,8.193354369326412,8.267646119225144,8.180972411009957,8.264108657836914,513500,0.0,0.0
2013-08-23 00:00:00-04:00,8.142057967584314,8.159746118335523,8.08368563622729,8.154439926147461,299500,0.0,0.0
2013-08-26 00:00:00-04:00,8.163284762818632,8.163284762818632,8.103143692016602,8.103143692016602,140500,0.0,0.0
2013-08-27 00:00:00-04:00,8.13675205685905,8.216350854888335,8.127907558531845,8.15090274810791,230500,0.0,0.0
2013-08-28 00:00:00-04:00,8.083685280303621,8.13498184302698,8.074840783588606,8.119062423706055,81000,0.0,0.0
2013-08-29 00:00:00-04:00,8.20750543948733,8.278259731283606,8.200430516382315,8.218118667602539,56500,0.0,0.0
2013-08-30 00:00:00-04:00,8.235807683701635,8.265877793891535,8.232269378682235,8.251727104187012,120500,0.0,0.0
2013-09-03 00:00:00-04:00,8.667411319311556,8.667411319311556,8.561279855416872,8.607270240783691,187000,0.0,0.0
2013-09-04 00:00:00-04:00,8.605498449382335,8.702786232151738,8.605498449382335,8.69217300415039,190500,0.0,0.0
2013-09-05 00:00:00-04:00,8.826606031044403,8.881440903121147,8.826606031044403,8.870827674865723,158500,0.0,0.0
2013-09-06 00:00:00-04:00,8.800074559587411,8.915050511523582,8.800074559587411,8.861985206604004,346000,0.0,0.0
2013-09-09 00:00:00-04:00,8.85313754703732,9.028254508972168,8.85313754703732,9.028254508972168,176500,0.0,0.0
2013-09-10 00:00:00-04:00,9.074246314054616,9.178609015623405,9.070708009225786,9.169764518737791,191000,0.0,0.0
2013-09-11 00:00:00-04:00,9.180379355246563,9.240520426385167,9.13085151353922,9.235214233398438,128500,0.0,0.0
2013-09-12 00:00:00-04:00,9.371416113579782,9.445708722099637,9.334270231048768,9.351959228515623,102500,0.0,0.0
2013-09-13 00:00:00-04:00,9.327193300897685,9.415636590293408,9.327193300897685,9.394410133361816,138000,0.0,0.0
2013-09-16 00:00:00-04:00,9.576603377930535,9.691579322443973,9.55183945810576,9.684503555297852,244000,0.0,0.0
2013-09-17 00:00:00-04:00,9.569527555993089,9.578372054010655,9.521768447539072,9.53061294555664,329000,0.0,0.0
2013-09-18 00:00:00-04:00,9.22459959718963,9.410329818725586,9.14853827177481,9.410329818725586,598500,0.0,0.0
2013-09-19 00:00:00-04:00,9.445705533956216,9.445705533956216,9.328960889143994,9.436861038208008,117500,0.0,0.0
2013-09-20 00:00:00-04:00,9.403254298100553,9.43686271314282,9.224599838256836,9.224599838256836,414000,0.0,0.0
2013-09-23 00:00:00-04:00,9.251133318534162,9.325425078386615,9.24936458760307,9.286510467529297,196500,0.0,0.0
2013-09-24 00:00:00-04:00,9.224599057571018,9.228136518815766,9.134387048169003,9.221060752868652,315500,0.0,0.0
2013-09-25 00:00:00-04:00,9.31127173484883,9.339573952056751,9.277663326359283,9.297121047973633,137000,0.0,0.0
2013-09-26 00:00:00-04:00,9.339575940868627,9.364339859037948,9.286509799464584,9.336037635803224,249500,0.0,0.0
2013-09-27 00:00:00-04:00,9.486389778602131,9.542993376002212,9.39087157700221,9.484621047973633,203000,0.0,0.0
2013-09-30 00:00:00-04:00,9.281203817916744,9.313042660024829,9.215755715941096,9.293585777282717,249000,0.0,0.0
2013-10-01 00:00:00-04:00,9.323657001260218,9.380260612313212,9.297124348517752,9.351959228515623,188000,0.0,0.0
2013-10-02 00:00:00-04:00,9.417405401585638,9.528843879699709,9.417405401585638,9.528843879699709,303500,0.0,0.0
2013-10-03 00:00:00-04:00,9.534149767392584,9.580140141847492,9.43155579026566,9.498772621154783,165500,0.0,0.0
2013-10-04 00:00:00-04:00,9.580140751554726,9.640281819640762,9.51999968346869,9.611980438232422,210000,0.0,0.0
2013-10-07 00:00:00-04:00,9.47577821011116,9.569527697493458,9.47577821011116,9.555377006530762,73500,0.0,0.0
2013-10-08 00:00:00-04:00,9.65620107688006,9.71457340796791,9.491697311401367,9.491697311401367,275000,0.0,0.0
2013-10-09 00:00:00-04:00,9.43509465280011,9.43509465280011,9.316581248073785,9.39617919921875,207000,0.0,0.0
2013-10-10 00:00:00-04:00,9.419175058565822,9.504080895365856,9.410331403447325,9.49523639678955,1697500,0.0,0.0
2013-10-11 00:00:00-04:00,9.52000015394036,9.65443383091797,9.52000015394036,9.638513565063477,412000,0.0,0.0
2013-10-14 00:00:00-04:00,9.518229870370694,9.726955275763483,9.518229870370694,9.640280723571776,119000,0.0,0.0
2013-10-15 00:00:00-04:00,9.64912428193168,9.679195231359444,9.58721449600108,9.62082290649414,173500,0.0,0.0
2013-10-16 00:00:00-04:00,9.680964879766618,9.726955251806253,9.573064715926572,9.72164821624756,296500,0.0,0.0
2013-10-17 00:00:00-04:00,9.62259285602084,9.649125504286898,9.564220523760907,9.636743545532228,273500,0.0,0.0
2013-10-18 00:00:00-04:00,9.847238205642205,9.852545241649098,9.772946449207495,9.84546947479248,518500,0.0,0.0
2013-10-21 00:00:00-04:00,10.17270736694003,10.257612344153108,10.17270736694003,10.19570255279541,208000,0.0,0.0
2013-10-22 00:00:00-04:00,10.064806586468178,10.124947643448955,10.052424628956183,10.082494735717772,298500,0.0,0.0
2013-10-23 00:00:00-04:00,9.859619162970798,9.859619162970798,9.734030007369691,9.77825164794922,241000,0.0,0.0
2013-10-24 00:00:00-04:00,9.719879271544931,9.755256415145936,9.70219112147325,9.711034774780272,583500,0.0,0.0
2013-10-25 00:00:00-04:00,9.765869347066555,9.765869347066555,9.695115062005506,9.723417282104492,140500,0.0,0.0
2013-10-28 00:00:00-04:00,9.905611038208008,9.925068765447136,9.834856739921062,9.905611038208008,351500,0.0,0.0
2013-10-29 00:00:00-04:00,9.588984367877718,9.610210823711173,9.581908601447342,9.59782886505127,189000,0.0,0.0
2013-10-30 00:00:00-04:00,9.734031149227972,9.760564642762803,9.680965849073784,9.702192306518556,1629000,0.0,0.0
2013-10-31 00:00:00-04:00,9.700423822028906,9.700423822028906,9.615517990093242,9.63143825531006,403500,0.0,0.0
2013-11-01 00:00:00-04:00,9.597828656285932,9.689809400591749,9.574833470209477,9.640280723571776,252500,0.0,0.0
2013-11-04 00:00:00-05:00,9.535918660461023,9.555376386433126,9.489928285223488,9.504079818725586,245000,0.0,0.0
2013-11-05 00:00:00-05:00,9.451014679676684,9.451014679676684,9.337807460392646,9.36080265045166,365500,0.0,0.0
2013-11-06 00:00:00-05:00,9.419173597742272,9.472239737512243,9.419173597742272,9.454550743103027,217500,0.0,0.0
2013-11-07 00:00:00-05:00,9.34841891696705,9.383796060851727,9.164458274841309,9.164458274841309,169000,0.0,0.0
2013-11-08 00:00:00-05:00,9.15915091208768,9.235212232623663,9.14500022373096,9.215754508972168,248500,0.0,0.0
2013-11-11 00:00:00-05:00,9.374953269958496,9.4085608428018,9.350188507849015,9.374953269958496,216000,0.0,0.0
2013-11-12 00:00:00-05:00,9.30419900580465,9.374953300312404,9.259977360872874,9.293585777282717,121000,0.0,0.0
2013-11-13 00:00:00-05:00,8.915048743944228,9.1909909738802,8.915048743944228,9.169764518737791,360500,0.0,0.0
2013-11-14 00:00:00-05:00,9.401486799664196,9.443939717589148,9.318350538276002,9.44217014312744,210500,0.0,0.0
2013-11-15 00:00:00-05:00,9.626129681903016,9.928604551227664,9.624360951263094,9.83485507965088,456000,0.0,0.0
2013-11-18 00:00:00-05:00,9.872000710890244,9.948062030741244,9.7623318227913,9.852543830871582,344500,0.0,0.0
2013-11-19 00:00:00-05:00,9.643820124910118,9.684503466116825,9.551839370146386,9.611980438232422,517500,0.0,0.0
2013-11-20 00:00:00-05:00,9.528842856795226,9.619054868112256,9.516460898718147,9.542993545532228,111000,0.0,0.0
2013-11-21 00:00:00-05:00,9.643818500546407,9.723417282104492,9.603134322734618,9.723417282104492,130000,0.0,0.0
2013-11-22 00:00:00-05:00,9.689809964737558,9.822474053348287,9.668583508129991,9.801247596740724,152000,0.0,0.0
2013-11-25 00:00:00-05:00,9.988747101348205,10.031200016873974,9.928606033325195,9.928606033325195,284500,0.0,0.0
2013-11-26 00:00:00-05:00,10.013508744300868,10.015278318260249,9.92860377601062,10.00820255279541,173500,0.0,0.0
2013-11-27 00:00:00-05:00,10.082495325915142,10.229310937531606,10.082495325915142,10.224004745483398,222000,0.0,0.0
2013-11-29 00:00:00-05:00,10.275300481805411,10.315983814605683,10.259381063484884,10.268224716186523,177000,0.0,0.0
2013-12-02 00:00:00-05:00,10.324830462518724,10.367283378164332,10.25938320159912,10.25938320159912,206500,0.0,0.0
2013-12-03 00:00:00-05:00,10.17978372721432,10.21516087340576,10.04358133482132,10.107260704040527,265000,0.0,0.0
2013-12-04 00:00:00-05:00,10.077188903015308,10.162093878045113,10.006434616580863,10.11787223815918,132000,0.0,0.0
2013-12-05 00:00:00-05:00,10.215161374810643,10.25938302058496,10.165633536403126,10.220467567443848,150000,0.0,0.0
2013-12-06 00:00:00-05:00,10.503486207543476,10.637919040134928,10.503486207543476,10.630844116210938,242500,0.0,0.0
2013-12-09 00:00:00-05:00,10.58485290885776,10.644993974795977,10.50879157842038,10.62199878692627,490000,0.0,0.0
2013-12-10 00:00:00-05:00,10.591928535960488,10.742281632524412,10.591928535960488,10.692753791809082,496000,0.0,0.0
2013-12-11 00:00:00-05:00,10.887327201477598,10.887327201477598,10.655606604950046,10.65737533569336,394000,0.0,0.0
2013-12-12 00:00:00-05:00,10.662681076187406,10.662681076187406,10.5565496449659,10.602540016174316,1185500,0.0,0.0
2013-12-13 00:00:00-05:00,10.68037100975604,10.68037100975604,10.528249193938017,10.56893253326416,449000,0.0,0.0
2013-12-16 00:00:00-05:00,10.657375865056013,10.958082036255217,10.613154220445944,10.899709701538086,392500,0.0,0.0
2013-12-17 00:00:00-05:00,10.671523399368215,10.671523399368215,10.599000395990611,10.639683723449709,236000,0.0,0.0
2013-12-18 00:00:00-05:00,10.708670957913943,10.843104604057617,10.576006885815405,10.82541561126709,299000,0.0,0.0
2013-12-19 00:00:00-05:00,10.604309317164638,10.683908105726166,10.556550212719255,10.648530960083008,297000,0.0,0.0
2013-12-20 00:00:00-05:00,10.576007938033184,10.68213937496266,10.576007938033184,10.648530960083008,251500,0.0,0.0
2013-12-23 00:00:00-05:00,10.64853133614976,10.74051208676193,10.636149376910254,10.717516899108888,967500,0.0,0.0
2013-12-24 00:00:00-05:00,10.745817369894462,10.784732818603516,10.701596572614166,10.784732818603516,559500,0.0,0.0
2013-12-26 00:00:00-05:00,10.790039276190669,10.834260918016964,10.75643086214099,10.800652503967283,188500,0.0,0.0
2013-12-27 00:00:00-05:00,10.913860802969465,11.088977813720703,10.913860802969465,11.088977813720703,203500,0.0,0.0
2013-12-30 00:00:00-05:00,11.320696717005502,11.382606506347656,11.31362095102742,11.382606506347656,234000,0.0,0.0
2013-12-31 00:00:00-05:00,11.327773133789398,11.394989967346191,11.315391174287644,11.394989967346191,211000,0.0,0.0
2014-01-02 00:00:00-05:00,11.47281999790462,11.51881037405795,11.391452474207014,11.42329216003418,230000,0.0,0.0
2014-01-03 00:00:00-05:00,11.370227038190892,11.370227038190892,11.258788549515971,11.313623428344728,254000,0.0,0.0
2014-01-06 00:00:00-05:00,11.348999050810292,11.348999050810292,11.249943379511691,11.26763153076172,249000,0.0,0.0
2014-01-07 00:00:00-05:00,11.232256019485051,11.310086089302123,11.219874058770726,11.304779052734377,239500,0.0,0.0
2014-01-08 00:00:00-05:00,11.402065561789996,11.451593399047852,11.354306455368818,11.451593399047852,340000,0.0,0.0
2014-01-09 00:00:00-05:00,11.290628135964951,11.290628135964951,11.156195301823193,11.207491874694824,262000,0.0,0.0
2014-01-10 00:00:00-05:00,11.27647639435096,11.458669165852282,11.274707663514285,11.451593399047852,277500,0.0,0.0
2014-01-13 00:00:00-05:00,11.366688454792945,11.37730168330818,11.232254789238423,11.255249977111816,291500,0.0,0.0
2014-01-14 00:00:00-05:00,11.258787328334687,11.412678718566896,11.258787328334687,11.412678718566896,259500,0.0,0.0
2014-01-15 00:00:00-05:00,11.5771815791304,11.692157508285964,11.564799620871929,11.64793586730957,310000,0.0,0.0
2014-01-16 00:00:00-05:00,11.709846424106276,11.709846424106276,11.653242821171082,11.670931816101074,237500,0.0,0.0
2014-01-17 00:00:00-05:00,12.03001064984181,12.139679553695103,12.028241918991265,12.104302406311035,374000,0.0,0.0
2014-01-21 00:00:00-05:00,11.902653676716966,11.946875325252382,11.791215189884335,11.86904525756836,468000,0.0,0.0
2014-01-22 00:00:00-05:00,12.042391894832573,12.152060792179704,12.017627977478629,12.148523330688477,450500,0.0,0.0
2014-01-23 00:00:00-05:00,11.936260320469444,11.945103974094891,11.670931312179697,11.7257661819458,734500,0.0,0.0
2014-01-24 00:00:00-05:00,11.38968274393964,11.38968274393964,11.055368180733767,11.073057174682615,2652500,0.0,0.0
2014-01-27 00:00:00-05:00,11.088977294578616,11.175651008718727,10.956312361959352,10.995227813720703,2263500,0.0,0.0
2014-01-28 00:00:00-05:00,11.419753067391827,11.532960269110212,11.419753067391827,11.481663703918455,345000,0.0,0.0
2014-01-29 00:00:00-05:00,12.081308049264372,12.081308049264372,11.74876300967396,11.81597900390625,894500,0.0,0.0
2014-01-30 00:00:00-05:00,12.382012005952914,12.382012005952914,12.18389983410065,12.231658935546877,833000,0.0,0.0
2014-01-31 00:00:00-05:00,12.205126288845111,12.240503432266673,12.072461368421038,12.231658935546877,262000,0.0,0.0
2014-02-03 00:00:00-05:00,12.251117039877848,12.251117039877848,11.897344751224551,11.9026517868042,370000,0.0,0.0
2014-02-04 00:00:00-05:00,11.76291161262686,11.838972091674805,11.642628649836016,11.838972091674805,597000,0.0,0.0
2014-02-05 00:00:00-05:00,11.678008343185144,11.736380680722746,11.550650439152392,11.693927764892578,905000,0.0,0.0
2014-02-06 00:00:00-05:00,11.63555455095024,11.782369327465412,11.552418299926218,11.73284149169922,1052500,0.0,0.0
2014-02-07 00:00:00-05:00,11.955718361824577,12.109609758244943,11.929185711458754,12.072463035583496,191500,0.0,0.0
2014-02-10 00:00:00-05:00,12.208665508132745,12.208665508132745,12.03531722736858,12.05831241607666,385500,0.0,0.0
2014-02-11 00:00:00-05:00,12.127297775505635,12.205127838296717,12.063619246645835,12.196283340454102,248000,0.0,0.0
2014-02-12 00:00:00-05:00,12.304180751795824,12.380242066628073,12.217507054085049,12.249346733093262,323500,0.0,0.0
2014-02-13 00:00:00-05:00,12.217509824059409,12.43507974809036,12.217509824059409,12.431541442871094,171000,0.0,0.0
2014-02-14 00:00:00-05:00,12.5553609337883,12.69863824579597,12.5553609337883,12.695100784301758,311000,0.0,0.0
2014-02-18 00:00:00-05:00,13.289438196660846,13.37611191311422,13.252292318180828,13.337197303771973,555500,0.0,0.0
2014-02-19 00:00:00-05:00,13.305357262960664,13.390263089744693,13.285900380537417,13.301819801330566,570000,0.0,0.0
2014-02-20 00:00:00-05:00,12.87729311265574,13.020570419835456,12.85606665749038,13.01880168914795,381000,0.0,0.0
2014-02-21 00:00:00-05:00,13.269980359138447,13.269980359138447,13.204533100495349,13.23106575012207,362500,0.0,0.0
2014-02-24 00:00:00-05:00,13.271746234547903,13.37257146227756,13.236369094837814,13.346038818359377,398000,0.0,0.0
2014-02-25 00:00:00-05:00,13.2257606682119,13.399108114223877,13.128472872314637,13.28943920135498,1267000,0.0,0.0
2014-02-26 00:00:00-05:00,13.35488534026441,13.390262485341683,13.284131050109863,13.284131050109863,495000,0.0,0.0
2014-02-27 00:00:00-05:00,13.995211060116054,14.051813812634515,13.894385825709543,14.035894393920898,447500,0.0,0.0
2014-02-28 00:00:00-05:00,14.23223770616143,14.23223770616143,14.149102303749732,14.168560028076172,493500,0.0,0.0
2014-03-03 00:00:00-05:00,13.65559012796718,13.768797325255749,13.607831026117422,13.756415367126465,498000,0.0,0.0
2014-03-04 00:00:00-05:00,14.062427689054616,14.134951550551332,14.062427689054616,14.120800018310549,506000,0.0,0.0
2014-03-05 00:00:00-05:00,14.200398937010643,14.272922799194484,14.126107187602004,14.26938533782959,331000,0.0,0.0
2014-03-06 00:00:00-05:00,14.474572890600893,14.722213764423596,14.456885582189974,14.702756881713867,556500,0.0,0.0
2014-03-07 00:00:00-05:00,14.476341748814782,14.47811132302606,14.234007922960329,14.368441581726074,599000,0.0,0.0
2014-03-10 00:00:00-04:00,14.157946147841963,14.157946147841963,13.97929169552278,14.145565032958984,387500,0.0,0.0
2014-03-11 00:00:00-04:00,14.150870822071743,14.177404312152625,13.975753836134574,13.981060028076172,766500,0.0,0.0
2014-03-12 00:00:00-04:00,13.721039830816215,13.82186508178711,13.675049454246096,13.82186508178711,456500,0.0,0.0
2014-03-13 00:00:00-04:00,13.501699457402076,13.53707660076213,13.093093156383278,13.137314796447754,931500,0.0,0.0
2014-03-14 00:00:00-04:00,12.870216862798271,12.912669771533654,12.73755278818662,12.762316703796388,611000,0.0,0.0
2014-03-17 00:00:00-04:00,12.470456883588266,12.617271668037452,12.452767887882873,12.546517372131348,703000,0.0,0.0
2014-03-18 00:00:00-04:00,13.119624686047723,13.338963293588852,13.119624686047723,13.328350067138672,432500,0.0,0.0
2014-03-19 00:00:00-04:00,13.087787294276772,13.087787294276772,12.580124472981003,12.741090774536133,618500,0.0,0.0
2014-03-20 00:00:00-04:00,12.673874496026372,12.806538581848145,12.56774305867742,12.806538581848145,380000,0.0,0.0
2014-03-21 00:00:00-04:00,13.213374032983976,13.399104229028978,13.177996892949572,13.20276165008545,351500,0.0,0.0
2014-03-24 00:00:00-04:00,13.3389647922071,13.42740807474259,13.236370820634075,13.287668228149414,374000,0.0,0.0
2014-03-25 00:00:00-04:00,12.78000574230118,12.92328389751915,12.78000574230118,12.829533576965332,783000,0.0,0.0
2014-03-26 00:00:00-04:00,12.741090970081489,12.74462843152365,12.479299423835371,12.488143920898438,1480500,0.0,0.0
2014-03-27 00:00:00-04:00,12.097228424198128,12.097228424198128,11.81421037964613,11.86904525756836,849500,0.0,0.0
2014-03-28 00:00:00-04:00,12.169748980564645,12.355479191876228,12.169748980564645,12.288262367248535,615000,0.0,0.0
2014-03-31 00:00:00-04:00,12.344867217395006,12.344867217395006,12.219278051994916,12.22281551361084,873000,0.0,0.0
2014-04-01 00:00:00-04:00,12.78000708137266,12.93212890625,12.78000708137266,12.93212890625,571500,0.0,0.0
2014-04-02 00:00:00-04:00,12.84899025077925,12.87198543548584,12.76054781660917,12.87198543548584,228500,0.0,0.0
2014-04-03 00:00:00-04:00,12.489914154696914,12.489914154696914,12.328947831300118,12.44746208190918,483000,0.0,0.0
2014-04-04 00:00:00-04:00,12.116682992342248,12.29356870921326,11.718689918518066,11.718689918518066,1453000,0.0,0.0
2014-04-07 00:00:00-04:00,11.435674738206506,11.485202578756551,11.170345695540474,11.272939682006836,1103500,0.0,0.0
2014-04-08 00:00:00-04:00,11.525884918183236,11.791213937762368,11.51173422832276,11.785907745361328,913500,0.0,0.0
2014-04-09 00:00:00-04:00,12.035317771267394,12.22104802023266,11.980482893379785,12.219279289245604,1407500,0.0,0.0
2014-04-10 00:00:00-04:00,12.824227948581374,12.995807490163427,12.470456480486352,12.55889892578125,713000,0.0,0.0
2014-04-11 00:00:00-04:00,11.83897275390141,12.021165517208216,11.81597756714342,11.904420852661133,469000,0.0,0.0
2014-04-14 00:00:00-04:00,12.037084620049752,12.121990441814162,11.96986863576314,12.051236152648926,427000,0.0,0.0
2014-04-15 00:00:00-04:00,11.815977905558686,11.835435631359704,11.435673791238855,11.73814868927002,715000,0.0,0.0
2014-04-16 00:00:00-04:00,11.953947734704968,12.01939582824707,11.851353767851512,12.01939582824707,1366000,0.0,0.0
2014-04-17 00:00:00-04:00,11.982249244901327,12.102531354246011,11.946872104302445,12.063616752624512,598500,0.0,0.0
2014-04-21 00:00:00-04:00,12.093689299832285,12.097227605026816,11.957487744930456,12.095458030700684,297500,0.0,0.0
2014-04-22 00:00:00-04:00,11.978711445030926,12.093687367685105,11.938028111184307,12.061847686767578,351000,0.0,0.0
2014-04-23 00:00:00-04:00,11.98225215578594,12.054775185113252,11.900884628295898,11.900884628295898,479000,0.0,0.0
2014-04-24 00:00:00-04:00,12.074231560250183,12.132603892054975,11.930953405123754,11.99993896484375,279000,0.0,0.0
2014-04-25 00:00:00-04:00,11.91503506418974,11.984020630158136,11.621404647827148,11.621404647827148,908500,0.0,0.0
2014-04-28 00:00:00-04:00,11.612557971319626,11.612557971319626,11.34546025552737,11.428596496582031,759500,0.0,0.0
2014-04-29 00:00:00-04:00,11.62140352928422,11.732841156575171,11.532960244978478,11.731072425842283,278000,0.0,0.0
2014-04-30 00:00:00-04:00,11.055368308803434,11.087207992205611,10.931547880100076,11.002302169799805,594000,0.0,0.0
2014-05-01 00:00:00-04:00,11.011146799308507,11.20925898154199,10.966925156849904,11.20395278930664,626500,0.0,0.0
2014-05-02 00:00:00-04:00,11.276477143915333,11.338386944602888,11.214567343227776,11.272939682006836,230000,0.0,0.0
2014-05-05 00:00:00-04:00,11.23225366337612,11.27647530384744,11.143811225891112,11.143811225891112,184500,0.0,0.0
2014-05-06 00:00:00-04:00,11.205723202719671,11.257019775861508,11.011148452758787,11.011148452758787,402500,0.0,0.0
2014-05-07 00:00:00-04:00,10.855487641651443,10.855487641651443,10.648530960083008,10.648530960083008,505500,0.0,0.0
2014-05-08 00:00:00-04:00,10.763505746397552,10.851949022802126,10.713977916470636,10.786500930786133,399000,0.0,0.0
2014-05-09 00:00:00-04:00,10.816571921817433,10.91562843322754,10.816571921817433,10.91562843322754,733500,0.0,0.0
2014-05-12 00:00:00-04:00,11.51881176623792,11.617867453950808,11.515274304093268,11.584259033203123,417000,0.0,0.0
2014-05-13 00:00:00-04:00,11.619632805552488,11.62493984068379,11.543572330817032,11.58602523803711,276500,0.0,0.0
2014-05-14 00:00:00-04:00,12.184360866164866,12.600238938088392,12.184360866164866,12.57546329498291,812500,0.0062,0.0
2014-05-15 00:00:00-04:00,12.522374110670864,12.552458461478222,12.168434267651584,12.331246376037598,239000,0.0,0.0
2014-05-16 00:00:00-04:00,12.28169331369497,12.302929819353457,12.154275123601064,12.299389839172363,175500,0.0,0.0
2014-05-19 00:00:00-04:00,12.30646959733646,12.405573014290974,12.30646959733646,12.366639137268066,487500,0.0,0.0
2014-05-20 00:00:00-04:00,12.609087532444908,13.03381428638114,12.609087532444908,12.77720832824707,285800,0.0,5.0
2014-05-21 00:00:00-04:00,12.963027643013938,12.963027643013938,12.74181556143447,12.936482429504396,375700,0.0,0.0
2014-05-22 00:00:00-04:00,13.03381188623086,13.03381188623086,12.830297231744158,12.980721473693848,338000,0.0,0.0
2014-05-23 00:00:00-04:00,12.812603365644472,12.812603365644472,12.68872513997426,12.741815567016602,183600,0.0,0.0
2014-05-27 00:00:00-04:00,12.732967413572002,12.741815255291185,12.653330931099651,12.715270042419434,323100,0.0,0.0
2014-05-28 00:00:00-04:00,12.83030087770695,12.95417994859062,12.80375566389514,12.91878604888916,281700,0.0,0.0
2014-05-29 00:00:00-04:00,12.6179366293242,12.65333052664088,12.476361040057478,12.609087944030762,193300,0.0,0.0
2014-05-30 00:00:00-04:00,12.476359223832178,12.55599484830908,12.414419279651986,12.49405574798584,116700,0.0,0.0
2014-06-02 00:00:00-04:00,12.555996894836426,12.591390792769625,12.547149053245946,12.555996894836426,151100,0.0,0.0
2014-06-03 00:00:00-04:00,12.600239969760858,12.75951293860213,12.600239969760858,12.741815567016602,182700,0.0,0.0
2014-06-04 00:00:00-04:00,12.520601451242063,12.555995344805904,12.396723245697116,12.485207557678224,209800,0.0,0.0
2014-06-05 00:00:00-04:00,12.414421756148505,12.56484603881836,12.387876542694151,12.56484603881836,285100,0.0,0.0
2014-06-06 00:00:00-04:00,12.44096787083485,12.47636177022292,12.352482700436113,12.46751308441162,117300,0.0,0.0
2014-06-09 00:00:00-04:00,12.555997981543648,12.750664858952968,12.555997981543648,12.7329683303833,251800,0.0,0.0
2014-06-10 00:00:00-04:00,12.9187823777817,12.980721473693848,12.847994598494424,12.980721473693848,441200,0.0,0.0
2014-06-11 00:00:00-04:00,13.051511403385462,13.175390459477311,13.051511403385462,13.122299194335938,459200,0.0,0.0
2014-06-12 00:00:00-04:00,13.157693490097342,13.201936071751607,12.971875322235082,13.033814430236816,296500,0.0,0.0
2014-06-13 00:00:00-04:00,13.166541872389448,13.228480978966678,13.15769318749069,13.20193576812744,132800,0.0,0.0
2014-06-16 00:00:00-04:00,13.193087724004572,13.228481621461617,13.122299929090486,13.17539119720459,138500,0.0,0.0
2014-06-17 00:00:00-04:00,13.219632329671208,13.219632329671208,13.060360220349798,13.18423843383789,178700,0.0,0.0
2014-06-18 00:00:00-04:00,13.27272504647348,13.37890674558241,13.148845975584493,13.370058059692385,155800,0.0,0.0
2014-06-19 00:00:00-04:00,13.272725016610949,13.281573702481069,13.148845946000678,13.19308853149414,136300,0.0,0.0
2014-06-20 00:00:00-04:00,13.175390459477311,13.255026091403826,13.095753983693768,13.122299194335938,151400,0.0,0.0
2014-06-23 00:00:00-04:00,13.060359035109244,13.060359035109244,12.936479989006257,13.042661666870115,142500,0.0,0.0
2014-06-24 00:00:00-04:00,13.007271352935122,13.237332140198516,13.007271352935122,13.09575653076172,242400,0.0,0.0
2014-06-25 00:00:00-04:00,13.051512298345592,13.228481787856827,13.051512298345592,13.219633102416992,155200,0.0,0.0
2014-06-26 00:00:00-04:00,13.387754389074,13.493936079915406,13.3700570186719,13.485087394714355,180100,0.0,0.0
2014-06-27 00:00:00-04:00,13.3789066130167,13.5204822104258,13.3789066130167,13.502785682678224,108400,0.0,0.0
2014-06-30 00:00:00-04:00,13.49393554960493,13.529329445161084,13.449692969195471,13.511632919311523,115500,0.0,0.0
2014-07-01 00:00:00-04:00,13.555875231733404,13.679754293371,13.53817870513207,13.662056922912598,156200,0.0,0.0
2014-07-02 00:00:00-04:00,14.042541406385071,14.069086617189503,13.962904930114746,13.962904930114746,209400,0.0,0.0
2014-07-03 00:00:00-04:00,14.157572309748195,14.263754844665527,14.157572309748195,14.263754844665527,201500,0.0,0.0
2014-07-07 00:00:00-04:00,14.35223789540202,14.35223789540202,14.228359681437416,14.237208366394045,187000,0.0,0.0
2014-07-08 00:00:00-04:00,14.290298639955362,14.299147324820058,13.945208368802543,13.980602264404297,364300,0.0,0.0
2014-07-09 00:00:00-04:00,13.91866394106829,13.97175521260492,13.76824050007163,13.936361312866213,246500,0.0,0.0
2014-07-10 00:00:00-04:00,13.927511484119336,13.927511484119336,13.626662939098438,13.777087211608888,195800,0.0,0.0
2014-07-11 00:00:00-04:00,13.918664436344764,13.93636180877242,13.768240989995494,13.927513122558594,185200,0.0,0.0
2014-07-14 00:00:00-04:00,14.069087304649564,14.13987509949165,13.980602983025491,14.113329887390137,202800,0.0,0.0
2014-07-15 00:00:00-04:00,14.13987543003628,14.13987543003628,13.945209411598418,14.060239791870115,139600,0.0,0.0
2014-07-16 00:00:00-04:00,14.157573748443102,14.290300664791896,14.157573748443102,14.254907608032228,116600,0.0,0.0
2014-07-17 00:00:00-04:00,13.980602348066316,14.060238824611073,13.812480710059155,13.865571975708008,247300,0.0,0.0
2014-07-18 00:00:00-04:00,13.980601760939708,14.095632128467225,13.980601760939708,14.069086074829102,95300,0.0,0.0
2014-07-21 00:00:00-04:00,13.812480662461246,13.989450984776214,13.732845030047956,13.962904930114746,106200,0.0,0.0
2014-07-22 00:00:00-04:00,14.157572911227357,14.263755450655813,14.157572911227357,14.201814651489258,123500,0.0,0.0
2014-07-23 00:00:00-04:00,14.228359766238995,14.246057136257726,14.113329392688389,14.122178077697754,228600,0.0,0.0
2014-07-24 00:00:00-04:00,14.14872274808573,14.28144964272502,14.131026222600433,14.22835922241211,216700,0.0,0.0
2014-07-25 00:00:00-04:00,14.25490619561772,14.26375488085946,14.157572345672694,14.246057510375977,144100,0.0,0.0
2014-07-28 00:00:00-04:00,14.71502588867473,14.856603163620855,14.599996356941526,14.84775447845459,227100,0.0,0.0
2014-07-29 00:00:00-04:00,14.90969088977516,14.99817603771693,14.865447471947364,14.891993522644045,220300,0.0,0.0
2014-07-30 00:00:00-04:00,14.688481862390397,14.83005745291396,14.599996696384624,14.661935806274414,173900,0.0,0.0
2014-07-31 00:00:00-04:00,14.520358837877374,14.591146626421926,14.32569284130836,14.361085891723633,260500,0.0,0.0
2014-08-01 00:00:00-04:00,14.546907055660467,14.74157308119052,14.467270570735844,14.617694854736328,248000,0.0,0.0
2014-08-04 00:00:00-04:00,14.812359483025164,14.865449905395508,14.670783898228189,14.865449905395508,122800,0.0,0.0
2014-08-05 00:00:00-04:00,15.095511270416903,15.201693807217303,15.007026104368933,15.05126953125,276500,0.0,0.0
2014-08-06 00:00:00-04:00,15.00702317633058,15.042417910929526,14.953932762145996,14.953932762145996,601600,0.0,0.0
2014-08-07 00:00:00-04:00,14.759269897226604,14.759269897226604,14.43187528400519,14.52920913696289,241700,0.0,0.0
2014-08-08 00:00:00-04:00,14.82120616661855,14.927388684734696,14.741569699959909,14.918540000915527,905500,0.0,0.0
2014-08-11 00:00:00-04:00,14.95393154611636,15.13090182929248,14.95393154611636,15.122053146362305,868000,0.0,0.0
2014-08-12 00:00:00-04:00,15.237088584106836,15.29902938874496,15.139756409389925,15.281332015991213,219400,0.0,0.0
2014-08-13 00:00:00-04:00,15.573331412888017,15.608724469538728,15.307875893293325,15.546785354614258,1216000,0.0,0.0
2014-08-14 00:00:00-04:00,14.909693390891055,14.998178553676302,14.865449965641384,14.962783813476562,813800,0.0,0.0
2014-08-15 00:00:00-04:00,14.98933073236309,14.98933073236309,14.838906453274443,14.883148193359377,373200,0.0,0.0
2014-08-18 00:00:00-04:00,14.856604229869566,14.865451227956648,14.72387563056386,14.794663429260254,266400,0.0,0.0
2014-08-19 00:00:00-04:00,14.759269314506058,14.87429884623926,14.759269314506058,14.84775447845459,234900,0.0,0.0
2014-08-20 00:00:00-04:00,15.01587070175923,15.086658477783203,14.953931608702469,15.086658477783203,208700,0.0,0.0
2014-08-21 00:00:00-04:00,15.042420023861762,15.06896607853976,14.838905334472656,14.838905334472656,255900,0.0,0.0
2014-08-22 00:00:00-04:00,14.80351112466616,14.953935397796482,14.7858137542475,14.812359809875488,177800,0.0,0.0
2014-08-25 00:00:00-04:00,14.90969223688586,14.90969223688586,14.78581234348914,14.803509712219238,113600,0.0,0.0
2014-08-26 00:00:00-04:00,14.821208495084818,14.821208495084818,14.7858137542475,14.812359809875488,212200,0.0,0.0
2014-08-27 00:00:00-04:00,14.741573043511142,14.75042172933729,14.62654350319973,14.63539218902588,255800,0.0,0.0
2014-08-28 00:00:00-04:00,14.520360857014538,14.582299969639749,14.42302700133821,14.44072437286377,173900,0.0,0.0
2014-08-29 00:00:00-04:00,14.440722862072226,14.493813283380328,14.290298595270889,14.352237701416016,231000,0.0,0.0
2014-09-02 00:00:00-04:00,14.423025917462432,14.43187460256024,14.299147701521331,14.3787841796875,350300,0.0,0.0
2014-09-03 00:00:00-04:00,14.431874978153049,14.847754750002869,14.431874978153049,14.697330474853516,332600,0.0,0.0
2014-09-04 00:00:00-04:00,14.83890285578262,14.865447218312571,14.6884786131623,14.750417709350586,242300,0.0,0.0
2014-09-05 00:00:00-04:00,14.688478678124133,14.715023040771484,14.564598797485893,14.715023040771484,217900,0.0,0.0
2014-09-08 00:00:00-04:00,14.440723485908896,14.458420856347477,14.246057474226948,14.263754844665527,386000,0.0,0.0
2014-09-09 00:00:00-04:00,14.281450504947411,14.307996560563565,14.13987491708954,14.148723602294922,438200,0.0,0.0
2014-09-10 00:00:00-04:00,13.93636008203543,13.945208767152891,13.768239284088937,13.892117500305176,861400,0.0,0.0
2014-09-11 00:00:00-04:00,13.785937124184304,13.94521009604816,13.759391910159374,13.821331024169922,521900,0.0,0.0
2014-09-12 00:00:00-04:00,13.874420515355274,14.060238677395104,13.847874460880275,13.883268356323242,435600,0.0,0.0
2014-09-15 00:00:00-04:00,14.06024057083195,14.086785785024656,13.900967597961426,13.900967597961426,488600,0.0,0.0
2014-09-16 00:00:00-04:00,13.865570351696825,14.015994602250178,13.732843468905951,13.909812927246094,566400,0.0,0.0
2014-09-17 00:00:00-04:00,14.042540874309164,14.157571241912544,13.98060177016004,13.989450454711914,329100,0.0,0.0
2014-09-18 00:00:00-04:00,14.077936172485352,14.122178755799515,14.024845747594023,14.077936172485352,1218200,0.0,0.0
2014-09-19 00:00:00-04:00,14.237208233295345,14.272601285076888,14.131026546379609,14.17526912689209,725900,0.0,0.0
2014-09-22 00:00:00-04:00,13.856722994124624,13.856722994124624,13.591268359277707,13.626662254333496,645900,0.0,0.0
2014-09-23 00:00:00-04:00,13.591269269514342,13.644360537582171,13.431997153025012,13.44969367980957,199400,0.0,0.0
2014-09-24 00:00:00-04:00,13.485086540779156,13.60011690953738,13.423147436008197,13.564723014831545,211900,0.0,0.0
2014-09-25 00:00:00-04:00,13.467388572836873,13.467388572836873,13.228479176269756,13.281570434570312,504600,0.0,0.0
2014-09-26 00:00:00-04:00,13.2373311467705,13.423149331175416,13.2373311467705,13.370058059692385,176500,0.0,0.0
2014-09-29 00:00:00-04:00,13.228481711610687,13.228481711610687,12.971875742334149,13.0603609085083,1095100,0.0,0.0
2014-09-30 00:00:00-04:00,13.03381547312434,13.166543228707209,13.03381547312434,13.113451957702637,854400,0.0,0.0
2014-10-01 00:00:00-04:00,13.069208484986014,13.095753695043086,12.768359958149135,12.803753852844238,514100,0.0,0.0
2014-10-02 00:00:00-04:00,12.768361587073054,12.812603328193312,12.502906921065897,12.759512901306152,604100,0.0,0.0
2014-10-03 00:00:00-04:00,13.27272355960343,13.27272355960343,13.122299291752697,13.20193576812744,463000,0.0,0.0
2014-10-06 00:00:00-04:00,13.626662713289198,13.688602664615772,13.263875065784177,13.63551139831543,206100,0.0,0.0
2014-10-07 00:00:00-04:00,13.608965992658437,13.679753784142829,13.449693039890034,13.476238250732422,283200,0.0,0.0
2014-10-08 00:00:00-04:00,13.449692257361182,13.715146881911512,13.370055785610385,13.653207778930664,268000,0.0,0.0
2014-10-09 00:00:00-04:00,13.485086749813613,13.485086749813613,13.095753902014293,13.237329483032228,176400,0.0,0.0
2014-10-10 00:00:00-04:00,13.104601007487595,13.157691422042602,12.936479392397253,12.97187328338623,407300,0.0,0.0
2014-10-13 00:00:00-04:00,12.989571707546652,13.18423770189419,12.918783919809911,13.05151081085205,530700,0.0,0.0
2014-10-14 00:00:00-04:00,12.91878604888916,13.03381559002605,12.847998249486244,12.91878604888916,338100,0.0,0.0
2014-10-15 00:00:00-04:00,12.85684530779546,13.007269583321428,12.60908802498796,12.963027000427246,446700,0.0,0.0
2014-10-16 00:00:00-04:00,12.617936455281065,13.00726932039436,12.609087770109678,12.83914852142334,342300,0.0,0.0
2014-10-17 00:00:00-04:00,12.971876328802823,13.06921018476635,12.918785901783744,12.936482429504396,277100,0.0,0.0
2014-10-20 00:00:00-04:00,12.918784899335613,13.042663115339082,12.918784899335613,13.033814430236816,124200,0.0,0.0
2014-10-21 00:00:00-04:00,13.290422418253533,13.38775543147244,13.246179832660529,13.370058059692385,311900,0.0,0.0
2014-10-22 00:00:00-04:00,13.511632358685564,13.635510566063632,13.423147201538086,13.423147201538086,227500,0.0,0.0
2014-10-23 00:00:00-04:00,13.564722303056165,13.741691767299312,13.529328410207532,13.706297874450684,546300,0.0,0.0
2014-10-24 00:00:00-04:00,13.626662254333496,13.706298729173271,13.538177938622535,13.626662254333496,425400,0.0,0.0
2014-10-27 00:00:00-04:00,13.414297071106716,13.440842277846816,13.316964083821745,13.431994438171388,421500,0.0,0.0
2014-10-28 00:00:00-04:00,13.564722989973763,13.86557151635057,13.564722989973763,13.856722831726074,516500,0.0,0.0
2014-10-29 00:00:00-04:00,13.918662433227269,13.971753699012396,13.785935534550008,13.847874641418455,554400,0.0,0.0
2014-10-30 00:00:00-04:00,13.892116924371509,14.865449462799791,13.803632608436406,14.015995979309082,334500,0.0,0.0
2014-10-31 00:00:00-04:00,14.21066333708448,14.237209393870144,14.095633799775008,14.201814651489258,356800,0.0,0.0
2014-11-03 00:00:00-05:00,14.192966334594692,14.23720807074502,13.98945080410368,13.998298645019531,409700,0.0,0.0
2014-11-04 00:00:00-05:00,13.945208681274782,14.015996474064435,13.82132962196436,14.007147789001465,365900,0.0,0.0
2014-11-05 00:00:00-05:00,14.11332871924436,14.201813033544676,14.095632193927102,14.166419982910156,443200,0.0,0.0
2014-11-06 00:00:00-05:00,14.175267679554963,14.201812043752344,14.095631211535022,14.18411636352539,262900,0.0,0.0
2014-11-07 00:00:00-05:00,14.033692189757287,14.06908608410779,13.918661822153908,13.989450454711914,298200,0.0,0.0
2014-11-10 00:00:00-05:00,14.307996219491748,14.423025748991412,14.281450164508396,14.334542274475098,261100,0.0,0.0
2014-11-11 00:00:00-05:00,14.52035801808048,14.56459975053025,14.33454071653474,14.555752754211426,453900,0.0,0.0
2014-11-12 00:00:00-05:00,14.387634726151791,14.405332098636965,14.051392243647978,14.281452178955078,497400,0.0,0.0
2014-11-13 00:00:00-05:00,14.688478678124133,14.768115141493784,14.57344748093961,14.715023040771484,477800,0.0,0.0
2014-11-14 00:00:00-05:00,15.05126951828529,15.360966755329349,15.042420832916696,15.32557201385498,1020200,0.0,0.0
2014-11-17 00:00:00-05:00,14.891997285360638,14.909694656963298,14.688482575072788,14.794663429260254,373800,0.0,0.0
2014-11-18 00:00:00-05:00,14.36108441178515,14.476115611137104,14.27259926329453,14.387630462646484,826800,0.0,0.0
2014-11-19 00:00:00-05:00,14.24605602878243,14.334541184283234,14.095631770745252,14.139873504638672,290000,0.0,0.0
2014-11-20 00:00:00-05:00,14.22836034217528,14.325694193504086,14.18411860305173,14.272602081298828,333700,0.0,0.0
2014-11-21 00:00:00-05:00,14.378782835122603,14.635389615821335,14.378782835122603,14.467267990112305,372300,0.0,0.0
2014-11-24 00:00:00-05:00,14.219510671592497,14.37878362174453,14.219510671592497,14.290298461914062,336600,0.0,0.0
2014-11-25 00:00:00-05:00,14.343389745670828,14.343389745670828,14.20181415651006,14.210662841796877,300400,0.0,0.0
2014-11-26 00:00:00-05:00,14.299147701521331,14.405330234980928,14.237208593550784,14.3787841796875,282000,0.0,0.0
2014-11-28 00:00:00-05:00,14.254906137045394,14.263754822250778,14.069087123160603,14.148723602294922,155700,0.0,0.0
2014-12-01 00:00:00-05:00,13.83902661596036,13.847874456925805,13.564723293462931,13.608965873718262,252300,0.0,0.0
2014-12-02 00:00:00-05:00,13.608966412609773,13.785935896781751,13.608966412609773,13.777087211608888,336100,0.0,0.0
2014-12-03 00:00:00-05:00,13.715149355921024,13.759391941969618,13.493937269535202,13.54702854156494,230900,0.0,0.0
2014-12-04 00:00:00-05:00,13.58242139138802,13.58242139138802,13.431997116768466,13.46739101409912,322800,0.0,0.0
2014-12-05 00:00:00-05:00,13.547027079624256,13.63551139831543,13.476238443271448,13.63551139831543,255200,0.0,0.0
2014-12-08 00:00:00-05:00,13.440845231747897,13.573572982331852,13.27272442697006,13.316967010498049,306000,0.0,0.0
2014-12-09 00:00:00-05:00,13.246179713285503,13.246179713285503,12.963027674356328,13.113451957702637,345500,0.0,0.0
2014-12-10 00:00:00-05:00,13.16654319687275,13.184239724593404,12.918785901783744,12.936482429504396,340100,0.0,0.0
2014-12-11 00:00:00-05:00,12.918785901783744,13.033815441610797,12.909937215994852,12.936482429504396,271200,0.0,0.0
2014-12-12 00:00:00-05:00,12.91878475674953,12.93648128290168,12.768360487099518,12.77720832824707,722400,0.0,0.0
2014-12-15 00:00:00-05:00,12.812601248834527,12.812601248834527,12.467510998501371,12.502904891967772,265500,0.0,0.0
2014-12-16 00:00:00-05:00,12.140117389227823,12.511753696112338,12.069329601617152,12.290541648864746,1468600,0.0,0.0
2014-12-17 00:00:00-05:00,12.078177442175743,12.370177277034006,11.9896931295909,12.290541648864746,387100,0.0,0.0
2014-12-18 00:00:00-05:00,12.94532971329606,12.963026239100154,12.76836023596995,12.847996711730955,659600,0.0,0.0
2014-12-19 00:00:00-05:00,13.18423925991409,13.370057435645956,13.11345146381215,13.316967010498049,393000,0.0,0.0
2014-12-22 00:00:00-05:00,12.99841926772487,13.03381316082974,12.830298486440988,13.007267951965332,383300,0.0,0.0
2014-12-23 00:00:00-05:00,12.91878604888916,12.998421690324593,12.821452191817302,12.91878604888916,353200,0.0,0.0
2014-12-24 00:00:00-05:00,12.909936315080303,12.91878500025169,12.741814672252218,12.83914852142334,151600,0.0,0.0
2014-12-26 00:00:00-05:00,12.874542646891188,13.2992694163757,12.874542646891188,13.17539119720459,178600,0.0,0.0
2014-12-29 00:00:00-05:00,12.989571648164391,12.989571648164391,12.839147388947245,12.874541282653809,233400,0.0,0.0
2014-12-30 00:00:00-05:00,12.86569330857134,12.86569330857134,12.73296641080818,12.812602043151855,495800,0.0,0.0
2014-12-31 00:00:00-05:00,12.768360727766376,12.95417889708017,12.768360727766376,12.83914852142334,440000,0.0,0.0
2015-01-02 00:00:00-05:00,12.75066248890168,12.768359858038982,12.626784280368591,12.724117279052734,305100,0.0,0.0
2015-01-05 00:00:00-05:00,12.812603505927656,12.91878604888916,12.688725278901115,12.91878604888916,418700,0.0,0.0
2015-01-06 00:00:00-05:00,13.626661340161824,13.706297809659029,13.316964990164534,13.52932834625244,625000,0.0,0.0
2015-01-07 00:00:00-05:00,14.1575712106223,14.378783260788271,14.113328631817703,14.361085891723633,1378100,0.0,0.0
2015-01-08 00:00:00-05:00,14.59114748301595,14.697330015923376,14.555754430522878,14.688481330871582,1044900,0.0,0.0
2015-01-09 00:00:00-05:00,14.635391767468205,14.688482193181622,14.53805791389844,14.608845710754396,1013900,0.0,0.0
2015-01-12 00:00:00-05:00,14.573450018468876,14.626542128435576,14.299147534497296,14.334542274475098,513700,0.0,0.0
2015-01-13 00:00:00-05:00,14.582297613522092,14.74157055608929,14.467268092620207,14.546904563903809,1128700,0.0,0.0
2015-01-14 00:00:00-05:00,14.272603911218358,14.334544716732715,14.157574362120457,14.307998657226562,244400,0.0,0.0
2015-01-15 00:00:00-05:00,14.307996619354032,14.4230261520684,14.192967086639664,14.246057510375977,306500,0.0,0.0
2015-01-16 00:00:00-05:00,13.874420577599045,13.980602264404297,13.812480627403202,13.980602264404297,548900,0.0,0.0
2015-01-20 00:00:00-05:00,14.316845377524528,14.36993580153128,14.131027205786747,14.210662841796877,604600,0.0,0.0
2015-01-21 00:00:00-05:00,14.59114748301595,14.70617870097517,14.5203596903157,14.688481330871582,966200,0.0,0.0
2015-01-22 00:00:00-05:00,15.033570357939226,15.148601566323345,14.94508520250082,15.130904197692873,1105000,0.0,0.0
2015-01-23 00:00:00-05:00,15.122053146362305,15.21938697088054,15.015870638913892,15.122053146362305,1129800,0.0,0.0
2015-01-26 00:00:00-05:00,15.529085190878714,15.688358136461304,15.511389509591536,15.644116401672363,616800,0.0,0.0
2015-01-27 00:00:00-05:00,15.39635940767832,15.467147201067323,15.263632506038205,15.414056777954102,372700,0.0,0.0
2015-01-28 00:00:00-05:00,15.458298019963603,15.644117026469226,15.41405628340773,15.42290496826172,497700,0.0,0.0
2015-01-29 00:00:00-05:00,15.307876471230742,15.369817276208044,15.17514955027954,15.360968589782717,1215900,0.0,0.0
2015-01-30 00:00:00-05:00,15.042421158007848,15.077815900247153,14.874299507799549,14.883148193359377,562100,0.0,0.0
2015-02-02 00:00:00-05:00,14.953937007100295,15.431755933540876,14.953937007100295,15.35211944580078,844200,0.0,0.0
2015-02-03 00:00:00-05:00,15.475997839591829,15.475997839591829,15.281331805129772,15.396361351013184,490300,0.0,0.0
2015-02-04 00:00:00-05:00,15.422907247379277,15.484846362796173,15.29902901654549,15.35211944580078,380200,0.0,0.0
2015-02-05 00:00:00-05:00,15.42290496826172,15.47599538967158,15.369814546851854,15.42290496826172,243500,0.0,0.0
2015-02-06 00:00:00-05:00,15.431753354868292,15.431753354868292,15.166297877521265,15.183995246887209,169400,0.0,0.0
2015-02-09 00:00:00-05:00,15.042420845873789,15.113208641169331,15.02472347512136,15.05126953125,254200,0.0,0.0
2015-02-10 00:00:00-05:00,15.148605088589596,15.201695519111336,15.086664283980816,15.166300773620604,391500,0.0,0.0
2015-02-11 00:00:00-05:00,15.139753809283295,15.139753809283295,14.91854175099553,15.015873908996582,399000,0.0,0.0
2015-02-12 00:00:00-05:00,14.79466102785419,14.865448815060612,14.741570609377868,14.803509712219238,329000,0.0,0.0
2015-02-13 00:00:00-05:00,14.830057566117906,14.874299305601424,14.794662824359747,14.856603622436523,255300,0.0,0.0
2015-02-17 00:00:00-05:00,14.856599211791783,14.998174761364938,14.830053163354188,14.945082664489746,505800,0.0,0.0
2015-02-18 00:00:00-05:00,14.93623889829723,14.93623889829723,14.723875504033012,14.7327241897583,494800,0.0,0.0
2015-02-19 00:00:00-05:00,14.776967745371842,14.838906858266904,14.72387563056386,14.794663429260254,214600,0.0,0.0
2015-02-20 00:00:00-05:00,14.723872332321571,14.936235680839994,14.679630600939602,14.918540000915527,498600,0.0,0.0
2015-02-23 00:00:00-05:00,15.086660626216116,15.343267405666468,15.086660626216116,15.228236198425291,542100,0.0,0.0
2015-02-24 00:00:00-05:00,15.272483118874996,15.44060478228706,15.272483118874996,15.396361351013184,430300,0.0,0.0
2015-02-25 00:00:00-05:00,15.484844039005662,15.493692723839352,15.378661508715435,15.44060230255127,1093500,0.0,0.0
2015-02-26 00:00:00-05:00,15.35211944580078,15.44060461970248,15.35211944580078,15.35211944580078,277700,0.0,0.0
2015-02-27 00:00:00-05:00,15.520239810419858,15.520239810419858,15.405208587646486,15.405208587646484,337200,0.0,0.0
2015-03-02 00:00:00-05:00,15.440603586384512,15.53793575221982,15.440603586384512,15.52908706665039,290600,0.0,0.0
2015-03-03 00:00:00-05:00,15.467148990472968,15.467148990472968,15.272482958060683,15.35211944580078,249000,0.0,0.0
2015-03-04 00:00:00-05:00,15.148604393005373,15.219392193022086,15.068967907022284,15.148604393005373,364000,0.0,0.0
2015-03-05 00:00:00-05:00,15.157449455566876,15.157449455566876,15.015873873613437,15.033571243286133,483100,0.0,0.0
2015-03-06 00:00:00-05:00,14.945085251903675,15.024721723290094,14.785812309130838,14.821207046508787,303200,0.0,0.0
2015-03-09 00:00:00-04:00,15.060117430844077,15.16629827439018,14.945086214669372,15.095510482788086,249000,0.0,0.0
2015-03-10 00:00:00-04:00,14.78581234348914,14.971631339727232,14.78581234348914,14.803509712219238,221200,0.0,0.0
2015-03-11 00:00:00-04:00,14.909693258946238,15.04242015809247,14.874298519059726,14.90084457397461,980900,0.0,0.0
2015-03-12 00:00:00-04:00,15.148599258553674,15.148599258553674,14.998175023538517,15.086658477783203,362500,0.0,0.0
2015-03-13 00:00:00-04:00,15.13090419769287,15.166297247239854,15.007024304993514,15.130904197692873,1444600,0.0,0.0
2015-03-16 00:00:00-04:00,15.396360158537368,15.599874863491618,15.378662787398511,15.52908706665039,2469700,0.0,0.0
2015-03-17 00:00:00-04:00,15.414055248564578,15.679509025506366,15.175145836688596,15.61756992340088,3932700,0.0,0.0
2015-03-18 00:00:00-04:00,15.635266624436452,15.75029613947679,15.281327707719402,15.290176391601562,2157900,0.0,0.0
2015-03-19 00:00:00-04:00,16.33430017319361,16.51127052307129,16.32545317464263,16.51127052307129,1898000,0.0,0.0
2015-03-20 00:00:00-04:00,16.325447862623978,16.520113833977014,16.254660083248893,16.44047737121582,732400,0.0,0.0
2015-03-23 00:00:00-04:00,16.61744873170966,16.874053815546702,16.599751363799825,16.812114715576172,715700,0.0,0.0
2015-03-24 00:00:00-04:00,16.378541319688168,16.405087374780905,16.316602212185884,16.325450897216797,654600,0.0,0.0
2015-03-25 00:00:00-04:00,16.254666205507437,16.29890795138768,16.05999847311975,16.077695846557617,336700,0.0,0.0
2015-03-26 00:00:00-04:00,15.900722693718745,16.245814664263925,15.900722693718745,16.059995651245117,358800,0.0,0.0
2015-03-27 00:00:00-04:00,16.35199327893788,16.564356630749735,16.192720343150516,16.52011489868164,1024000,0.0,0.0
2015-03-30 00:00:00-04:00,16.546660105485753,16.63514356510294,16.475872325163717,16.599750518798828,419900,0.0,0.0
2015-03-31 00:00:00-04:00,16.803267514124542,16.812116198860153,16.69708667272529,16.78557014465332,444000,0.0,0.0
2015-04-01 00:00:00-04:00,16.767875017515436,16.874055862426758,16.72363159237397,16.874055862426758,838400,0.0,0.0
2015-04-02 00:00:00-04:00,17.095266479418644,17.21914468391143,16.98908564348596,17.15720558166504,515600,0.0,0.0
2015-04-06 00:00:00-04:00,17.095269959282984,17.369572476944946,17.086421273201722,17.32533073425293,363200,0.0,0.0
2015-04-07 00:00:00-04:00,17.34302287213136,17.387264601470815,17.307628138488766,17.316476821899414,597500,0.0,0.0
2015-04-08 00:00:00-04:00,17.935873950004822,18.19247905798979,17.856237474630234,17.953571319580078,567200,0.0,0.0
2015-04-09 00:00:00-04:00,18.37830165477474,18.944604090142967,18.36945296825781,18.732240676879883,1642900,0.0,0.0
2015-04-10 00:00:00-04:00,18.599512301380088,18.64375404279374,18.36060284723215,18.62605667114257,756200,0.0,0.0
2015-04-13 00:00:00-04:00,19.49320640351704,19.59938724212451,19.13041877746582,19.13041877746582,784200,0.0,0.0
2015-04-14 00:00:00-04:00,18.289812646862803,18.44908559538199,18.183630118612,18.378297805786133,628200,0.0,0.0
2015-04-15 00:00:00-04:00,17.98011575704426,18.006661811511695,17.82969149049026,17.918176651000977,513100,0.0,0.0
2015-04-16 00:00:00-04:00,18.280964392269368,18.378298238146268,18.139388809747004,18.27211570739746,1359100,0.0,0.0
2015-04-17 00:00:00-04:00,17.62618052843738,17.670422274187278,17.38727105087333,17.564241409301758,1836400,0.0,0.0
2015-04-20 00:00:00-04:00,17.3518779918163,17.581938782687484,17.3518779918163,17.564241409301758,463700,0.0,0.0
2015-04-21 00:00:00-04:00,18.13939099590804,18.29866396736981,18.13939099590804,18.236724853515625,345800,0.0,0.0
2015-04-22 00:00:00-04:00,18.449083545011955,18.643749522837524,18.440234861331632,18.60835647583008,1060000,0.0,0.0
2015-04-23 00:00:00-04:00,18.413691747940472,18.608359444536426,18.37829869528656,18.55526733398437,341900,0.0,0.0
2015-04-24 00:00:00-04:00,18.484481490363773,18.652603149414062,18.413693689876432,18.652603149414062,328400,0.0,0.0
2015-04-27 00:00:00-04:00,18.652601679899497,18.74108684546609,18.53757214606284,18.54641914367676,287900,0.0,0.0
2015-04-28 00:00:00-04:00,18.581811685437,18.71453857421875,18.546416948314413,18.71453857421875,681300,0.0,0.0
2015-04-29 00:00:00-04:00,18.705690383911133,18.8384189639119,18.62605391099628,18.705690383911133,333800,0.0,0.0
2015-04-30 00:00:00-04:00,18.316358926944247,18.35175197832204,18.22787376692869,18.24557113647461,420500,0.0,0.0
2015-05-01 00:00:00-04:00,18.31635822692677,18.31635822692677,18.077448810329656,18.09514617919922,1092300,0.0,0.0
2015-05-04 00:00:00-04:00,18.15708703384136,18.219026143145072,18.024360129945663,18.19248008728028,382800,0.0,0.0
2015-05-05 00:00:00-04:00,18.050905714720965,18.050905714720965,17.741208459614764,17.785451889038086,245700,0.0,0.0
2015-05-06 00:00:00-04:00,17.73235680624568,17.803144587025123,17.519991776193528,17.573083877563477,362700,0.0,0.0
2015-05-07 00:00:00-04:00,17.56423913509975,17.635026931762695,17.511148709531092,17.635026931762695,421800,0.0,0.0
2015-05-08 00:00:00-04:00,17.750056285939376,17.865087509155273,17.626178064981495,17.865087509155273,270900,0.0,0.0
2015-05-11 00:00:00-04:00,18.165931476640893,18.219021888257554,17.997809870855413,18.00665855407715,341000,0.0,0.0
2015-05-12 00:00:00-04:00,17.811997750153555,17.873938556531737,17.758907318115234,17.758907318115234,456400,0.0,0.0
2015-05-13 00:00:00-04:00,18.55355231290964,18.71319117840864,18.45599485252882,18.53581428527832,849000,0.046,0.0
2015-05-14 00:00:00-04:00,18.589023329073257,18.60676135351031,18.52694193513468,18.56241798400879,466300,0.0,0.0
2015-05-15 00:00:00-04:00,18.615629832878653,18.677711225040227,18.57128646464641,18.651105880737305,261600,0.0,0.0
2015-05-18 00:00:00-04:00,18.553550245268948,18.562419258096224,18.447123782932827,18.52694320678711,442500,0.0,0.0
2015-05-19 00:00:00-04:00,18.52694157001736,18.535810582061096,18.40277878458712,18.41164779663086,768200,0.0,0.0
2015-05-20 00:00:00-04:00,18.05689799033741,18.20766783041437,18.0480289772045,18.181060791015625,442700,0.0,0.0
2015-05-21 00:00:00-04:00,17.977078946466353,18.092372736466267,17.87065247819685,18.08350372314453,311500,0.0,0.0
2015-05-22 00:00:00-04:00,18.216537502058607,18.393912696354963,18.154454407883964,18.34956932067871,504000,0.0,0.0
2015-05-26 00:00:00-04:00,18.14558422969187,18.287486744248334,18.003683406726655,18.02142143249512,351500,0.0,0.0
2015-05-27 00:00:00-04:00,18.243137454105444,18.243137454105444,17.932728841423348,18.118974685668945,308900,0.0,0.0
2015-05-28 00:00:00-04:00,17.81743971694605,17.879521117307537,17.702144237767897,17.799701690673828,668200,0.0,0.0
2015-05-29 00:00:00-04:00,17.737618764947747,17.870650567366624,17.675537369925014,17.7021427154541,248100,0.0,0.0
2015-06-01 00:00:00-04:00,17.870650727566865,17.95047014805196,17.666668515923256,17.71101188659668,583300,0.0,0.0
2015-06-02 00:00:00-04:00,17.914995193481445,17.941600538363407,17.78196170270724,17.914995193481445,752400,0.0,0.0
2015-06-03 00:00:00-04:00,18.14558442277326,18.18106047468768,17.959340224996364,18.16332244873047,500400,0.0,0.0
2015-06-04 00:00:00-04:00,18.145585096046737,18.145585096046737,17.888390476489324,17.950471878051758,217900,0.0,0.0
2015-06-05 00:00:00-04:00,17.773096342856785,17.799701690673828,17.60458847645326,17.799701690673828,550800,0.0,0.0
2015-06-08 00:00:00-04:00,17.808568003359643,17.835175038733347,17.604585806934352,17.613454818725586,296000,0.0,0.0
2015-06-09 00:00:00-04:00,17.69327777355839,17.817440580297724,17.56024426166182,17.72875213623047,220000,0.0,0.0
2015-06-10 00:00:00-04:00,17.640060371897356,17.76422484685745,17.47155422063682,17.755355834960938,567300,0.0,0.0
2015-06-11 00:00:00-04:00,17.76422985899325,17.86178563419789,17.71988478699884,17.835180282592773,244400,0.0,0.0
2015-06-12 00:00:00-04:00,17.994814713875638,17.994814713875638,17.83517587730957,17.93273162841797,170100,0.0,0.0
2015-06-15 00:00:00-04:00,17.5779803586051,17.799700598631077,17.569111346013116,17.595718383789062,286500,0.0,0.0
2015-06-16 00:00:00-04:00,17.70214554550434,17.70214554550434,17.524770344452495,17.62232780456543,120600,0.0,0.0
2015-06-17 00:00:00-04:00,17.6489313450354,17.861782579431633,17.542506573632906,17.64006233215332,867100,0.0,0.0
2015-06-18 00:00:00-04:00,17.657798655841717,17.808568477121568,17.595717263242555,17.78196144104004,1079700,0.0,0.0
2015-06-19 00:00:00-04:00,17.648933567788042,17.77309807218354,17.595721175385087,17.65780258178711,730800,0.0,0.0
2015-06-22 00:00:00-04:00,17.86178327943357,18.003684107925473,17.86178327943357,17.94160270690918,620100,0.0,0.0
2015-06-23 00:00:00-04:00,18.092372351277778,18.198798817281453,18.05689799033741,18.181060791015625,646400,0.0,0.0
2015-06-24 00:00:00-04:00,18.589027010522862,18.75753489286468,18.58015968813933,18.68658447265625,486200,0.0,0.0
2015-06-25 00:00:00-04:00,18.580158780741183,18.61563314331722,18.455994282746666,18.491470336914062,418100,0.0,0.0
2015-06-26 00:00:00-04:00,18.27861349742493,18.43825230918092,18.11010567483908,18.118974685668945,2724300,0.0,0.0
2015-06-29 00:00:00-04:00,17.52476692974365,17.577979310531607,17.2587016426217,17.276439666748047,401800,0.0,0.0
2015-06-30 00:00:00-04:00,17.87064986972073,17.87064986972073,17.64892964381454,17.78196144104004,642300,0.0,0.0
2015-07-01 00:00:00-04:00,17.90612677737853,17.90612677737853,17.666668515923256,17.71101188659668,419400,0.0,0.0
2015-07-02 00:00:00-04:00,17.959340316238205,18.04802875488356,17.719882039373125,17.9061279296875,238300,0.0,0.0
2015-07-06 00:00:00-04:00,16.850742496399263,16.983774335684092,16.451645286953163,16.85961151123047,475600,0.0,0.0
2015-07-07 00:00:00-04:00,16.531458854790337,16.5669349015096,15.884036226482875,16.336345672607422,1333000,0.0,0.0
2015-07-08 00:00:00-04:00,15.316433963606084,15.431727739427076,15.227745532887024,15.254352569580078,1538200,0.0,0.0
2015-07-09 00:00:00-04:00,16.69109864461248,16.762049050552523,16.442773069617893,16.53145980834961,5167600,0.0,0.0
2015-07-10 00:00:00-04:00,17.116798979305386,17.161144034819365,16.85073541258514,17.019243240356445,2007300,0.0,0.0
2015-07-13 00:00:00-04:00,17.063590080102724,17.29417934097332,17.063590080102724,17.249835968017578,214000,0.0,0.0
2015-07-14 00:00:00-04:00,17.249837449371608,17.560244469900923,17.232099422029535,17.489294052124023,271000,0.0,0.0
2015-07-15 00:00:00-04:00,17.294174731893264,17.294174731893264,16.948291778564453,16.948291778564453,479800,0.0,0.0
2015-07-16 00:00:00-04:00,17.063590080102724,17.249835968017578,17.063590080102724,17.249835968017578,368400,0.0,0.0
2015-07-17 00:00:00-04:00,17.50703272698586,17.666671595786177,17.49816371298679,17.65780258178711,141400,0.0,0.0
2015-07-20 00:00:00-04:00,17.7110146016832,17.92386585840968,17.6755402380245,17.888391494750977,405000,0.0,0.0
2015-07-21 00:00:00-04:00,17.87952216612219,17.914998220747663,17.817440762119,17.87065315246582,292300,0.0,0.0
2015-07-22 00:00:00-04:00,17.87064939430725,17.87064939430725,17.51589738061304,17.613454818725586,275800,0.0,0.0
2015-07-23 00:00:00-04:00,17.515900360727553,17.737620618458283,17.427211919317,17.436080932617188,238800,0.0,0.0
2015-07-24 00:00:00-04:00,17.33852397237813,17.33852397237813,17.019247942422652,17.081329345703125,1014300,0.0,0.0
2015-07-27 00:00:00-04:00,16.522588766405804,16.540326788609526,16.25652519971357,16.26539421081543,720300,0.0,0.0
2015-07-28 00:00:00-04:00,16.850737847851576,16.850737847851576,16.55806720552622,16.68222999572754,519100,0.0,0.0
2015-07-29 00:00:00-04:00,16.540329180757134,16.70883703288117,16.451640748502843,16.68222999572754,474500,0.0,0.0
2015-07-30 00:00:00-04:00,16.292001781601044,16.478245946111702,16.265394747417684,16.425033569335938,215600,0.0,0.0
2015-07-31 00:00:00-04:00,16.495989002866825,16.673364210111387,16.487119988765876,16.504858016967773,220800,0.0,0.0
2015-08-03 00:00:00-04:00,16.27426640512548,16.407298214492307,16.203315994023757,16.229921340942383,203100,0.0,0.0
2015-08-04 00:00:00-04:00,16.336345672607422,16.4427721211742,16.22105190395184,16.336345672607422,196000,0.0,0.0
2015-08-05 00:00:00-04:00,16.274266655245768,16.433905505575954,16.247659616326985,16.36295509338379,109400,0.0,0.0
2015-08-06 00:00:00-04:00,16.123498900124726,16.25653072871625,15.919516650178291,15.990467071533203,175900,0.0,0.0
2015-08-07 00:00:00-04:00,16.043675843497294,16.185576654179247,16.034806831380784,16.13236427307129,184700,0.0,0.0
2015-08-10 00:00:00-04:00,16.194444764246768,16.487115381425102,16.194444764246768,16.460508346557617,183400,0.0,0.0
2015-08-11 00:00:00-04:00,15.963858539961011,16.05254698127906,15.875170098642965,16.02593994140625,178800,0.0,0.0
2015-08-12 00:00:00-04:00,15.573628877382433,15.617973939464198,15.218876838684082,15.218876838684082,1207700,0.0,0.0
2015-08-13 00:00:00-04:00,16.425038820644097,16.487120228662587,16.318612341475617,16.3984317779541,308800,0.0,0.0
2015-08-14 00:00:00-04:00,16.32747829003964,16.48711713302264,16.309740264910157,16.451641082763672,930600,0.0,0.0
2015-08-17 00:00:00-04:00,16.167836780285857,16.27426322191729,15.97272361081761,16.26539421081543,1827100,0.0,0.0
2015-08-18 00:00:00-04:00,15.93725156445089,15.972727617757906,15.804219747732228,15.963858604431152,294800,0.0,0.0
2015-08-19 00:00:00-04:00,15.954989308202636,15.96385832137213,15.62684427888778,15.751007080078123,1224000,0.0,0.0
2015-08-20 00:00:00-04:00,15.307567031094583,15.413991809143662,15.201140561454157,15.210009574890137,688200,0.0,0.0
2015-08-21 00:00:00-04:00,14.94394447495058,15.006025871332444,14.63353580145007,14.722224235534668,1117900,0.0,0.0
2015-08-24 00:00:00-04:00,13.223394871187544,14.367472112286396,13.214525858668424,13.8264741897583,1545900,0.0,0.0
2015-08-25 00:00:00-04:00,15.34304139324716,15.688926150885036,15.094715783405077,15.210009574890137,1148200,0.0,0.0
2015-08-26 00:00:00-04:00,14.899597173738808,14.961680252385085,14.580321227226886,14.952811241149902,1382100,0.0,0.0
2015-08-27 00:00:00-04:00,15.023762950975946,15.49380874633789,15.01489393896652,15.49380874633789,857600,0.0,0.0
2015-08-28 00:00:00-04:00,14.997160583375107,15.121323406975218,14.926210156804816,15.032636642456056,487000,0.0,0.0
2015-08-31 00:00:00-04:00,14.97054932258162,15.032632408487462,14.855255546224452,14.943943977355955,493700,0.0,0.0
2015-09-01 00:00:00-04:00,14.491634703459315,14.527109061452803,14.20783307314681,14.261045455932615,483100,0.0,0.0
2015-09-02 00:00:00-04:00,14.544846376949316,14.589191436767578,14.367471212449477,14.589191436767578,399700,0.0,0.0
2015-09-03 00:00:00-04:00,14.748828888217044,14.881862378884849,14.633535113441528,14.802042961120604,299300,0.0,0.0
2015-09-04 00:00:00-04:00,14.52710938446723,14.52710938446723,14.12801396731295,14.278783798217772,263100,0.0,0.0
2015-09-08 00:00:00-04:00,14.828648509407662,15.059237753713123,14.633535314191253,14.943943977355955,465600,0.0,0.0
2015-09-09 00:00:00-04:00,15.17453311807226,15.325302942489248,14.87299346923828,14.87299346923828,1212100,0.0,0.0
2015-09-10 00:00:00-04:00,14.535978354797887,14.864125053433556,14.340865153084714,14.722224235534668,921200,0.0,0.0
2015-09-11 00:00:00-04:00,14.473898213014692,14.695618471649333,14.473898213014692,14.686749458312988,617800,0.0,0.0
2015-09-14 00:00:00-04:00,14.686748403509684,14.695617416209055,14.482766186197752,14.669012069702148,364000,0.0,0.0
2015-09-15 00:00:00-04:00,14.952817201115526,15.19227383354551,14.71335887709394,15.032636642456056,2234900,0.0,0.0
2015-09-16 00:00:00-04:00,15.440595110759434,15.75100373949292,15.440595110759434,15.72439670562744,2503900,0.0,0.0
2015-09-17 00:00:00-04:00,15.06810761410549,15.69779398814955,15.06810761410549,15.449466705322266,281000,0.0,0.0
2015-09-18 00:00:00-04:00,15.52928729222007,15.52928729222007,15.16566619930158,15.210009574890137,330800,0.0,0.0
2015-09-21 00:00:00-04:00,15.254355273263412,15.360780055716123,15.2100102042486,15.24548625946045,244900,0.0,0.0
2015-09-22 00:00:00-04:00,14.748829305915722,14.881862800351142,14.713354947899788,14.837517738342283,578800,0.0,0.0
2015-09-23 00:00:00-04:00,15.014892235922217,15.014892235922217,14.748826980590822,14.74882698059082,1189400,0.0,0.0
2015-09-24 00:00:00-04:00,14.722222023807946,14.961680252385085,14.633533603047052,14.952811241149902,706400,0.0,0.0
2015-09-25 00:00:00-04:00,14.961681739790386,15.210007312698895,14.828648249628149,14.864124298095703,516100,0.0,0.0
2015-09-28 00:00:00-04:00,14.855253193882634,14.855253193882634,14.50937022799086,14.606925964355469,296000,0.0,0.0
2015-09-29 00:00:00-04:00,14.642406621103484,14.71335703880924,14.527111135087008,14.651275634765623,555500,0.0,0.0
2015-09-30 00:00:00-04:00,14.67787987474547,15.00602658907652,14.67787987474547,14.970550537109377,446500,0.0,0.0
2015-10-01 00:00:00-04:00,15.014896354072594,15.254354642070044,15.006027340636614,15.210009574890137,1176500,0.0,0.0
2015-10-02 00:00:00-04:00,15.227747449323564,15.875170199346988,15.227747449323564,15.76874542236328,597000,0.0,0.0
2015-10-05 00:00:00-04:00,15.96385527310306,16.22991885101839,15.96385527310306,16.185575485229492,377400,0.0,0.0
2015-10-06 00:00:00-04:00,16.185577351784524,16.185577351784524,15.901775718188643,16.05254554748535,445100,0.0,0.0
2015-10-07 00:00:00-04:00,16.203316243053603,16.380691427738384,16.17670920413482,16.36295509338379,616000,0.0,0.0
2015-10-08 00:00:00-04:00,16.407299539499885,16.62901980354718,16.283136732942637,16.566938400268555,753800,0.0,0.0
2015-10-09 00:00:00-04:00,16.407296286080122,16.584673138782268,16.327476871523263,16.478246688842773,963100,0.0,0.0
2015-10-12 00:00:00-04:00,16.45163965346014,16.504853724225406,16.39842727428591,16.478246688842773,507200,0.0,0.0
2015-10-13 00:00:00-04:00,16.39842849950581,16.41616652441954,16.194446287771395,16.30974006652832,557000,0.0,0.0
2015-10-14 00:00:00-04:00,16.309741816142658,16.42503729885897,16.283136467509156,16.300872802734375,169900,0.0,0.0
2015-10-15 00:00:00-04:00,16.504855861489336,16.788657509290278,16.49598684854665,16.75318145751953,280000,0.0,0.0
2015-10-16 00:00:00-04:00,16.76205270939174,16.93942960875542,16.76205270939174,16.903953552246094,457200,0.0,0.0
2015-10-19 00:00:00-04:00,16.850742496399263,16.966036306021685,16.65562924488762,16.85961151123047,855000,0.0,0.0
2015-10-20 00:00:00-04:00,16.77978501535368,17.116798979305386,16.770916004250886,17.019243240356445,2126500,0.0,0.0
2015-10-21 00:00:00-04:00,16.992638486583328,17.134539300082015,16.921688079833984,16.921688079833984,2733000,0.0,0.0
2015-10-22 00:00:00-04:00,16.93942788561371,17.090197727258527,16.788658043968898,17.045852661132812,1117800,0.0,0.0
2015-10-23 00:00:00-04:00,17.42720710600668,17.498157501220703,17.347387699942043,17.498157501220703,1624700,0.0,0.0
2015-10-26 00:00:00-04:00,17.205489751105976,17.205489751105976,17.02811457957175,17.054719924926758,440400,0.0,0.0
2015-10-27 00:00:00-04:00,17.054722305043764,17.143410748983598,17.00150991531641,17.081329345703125,795800,0.0,0.0
2015-10-28 00:00:00-04:00,17.10793404216115,17.223227819370933,17.054719968134048,17.18775177001953,1063900,0.0,0.0
2015-10-29 00:00:00-04:00,16.966032148273957,16.966032148273957,16.770918944577353,16.841869354248047,285900,0.0,0.0
2015-10-30 00:00:00-04:00,16.72657600969366,16.762050369659814,16.673361932357555,16.735445022583008,562000,0.0,0.0
2015-11-02 00:00:00-05:00,16.806393775017828,17.09019539309582,16.788655750990184,17.0103759765625,573200,0.0,0.0
2015-11-03 00:00:00-05:00,17.20549384124103,17.391739760956643,17.152281446290083,17.320789337158203,223800,0.0,0.0
2015-11-04 00:00:00-05:00,17.409466944609502,17.56023672735793,17.26756617162165,17.35625457763672,462000,0.0,0.0
2015-11-05 00:00:00-05:00,17.533637490018762,17.533637490018762,17.249835845301998,17.373998641967773,568000,0.0,0.0
2015-11-06 00:00:00-05:00,17.560243664446354,17.631194078968896,17.40947382213704,17.551376342773438,967100,0.0,0.0
2015-11-09 00:00:00-05:00,17.427211151431788,17.427211151431788,17.11680246596786,17.249835968017578,563300,0.0,0.0
2015-11-10 00:00:00-05:00,17.35626236443422,17.43608179649929,17.20549251404368,17.365131378173828,1262500,0.0,0.0
2015-11-11 00:00:00-05:00,17.427210391030446,17.471555453642527,17.311916611421385,17.33852195739746,783500,0.0,0.0
2015-11-12 00:00:00-05:00,17.498159998142714,17.569110403481098,17.39173523593069,17.400604248046875,608800,0.0,0.0
2015-11-13 00:00:00-05:00,17.31191491875672,17.31191491875672,17.02811331215268,17.090194702148438,384200,0.0,0.0
2015-11-16 00:00:00-05:00,17.099062673400304,17.418338615607798,16.983767220488257,17.409469604492188,225200,0.0,0.0
2015-11-17 00:00:00-05:00,17.44494676743749,17.498159145951966,17.382865377238762,17.471553802490234,631800,0.0,0.0
2015-11-18 00:00:00-05:00,17.365130291125197,17.54250717163086,17.267572837687954,17.54250717163086,364800,0.0,0.0
2015-11-19 00:00:00-05:00,17.515898329451524,17.586848736033758,17.480422280364845,17.56024169921875,356900,0.0,0.0
2015-11-20 00:00:00-05:00,17.63119244779335,17.959339141845703,17.52476768165124,17.959339141845703,1894100,0.0,0.0
2015-11-23 00:00:00-05:00,17.941603570125377,17.96821061109448,17.835178789431737,17.87065315246582,1022600,0.0,0.0
2015-11-24 00:00:00-05:00,17.711011240938397,17.968207517923368,17.586848454306256,17.92386245727539,803400,0.0,0.0
2015-11-25 00:00:00-05:00,18.074632920431515,18.074632920431515,17.888388733887243,17.959339141845703,404500,0.0,0.0
2015-11-27 00:00:00-05:00,17.560238885584116,17.613452950687776,17.489288490370093,17.498157501220703,245500,0.0,0.0
2015-11-30 00:00:00-05:00,17.524767599204885,17.755356846882847,17.524767599204885,17.693275451660156,809800,0.0,0.0
2015-12-01 00:00:00-05:00,17.755358316584562,17.808570703809938,17.60458847645326,17.799701690673828,937000,0.0,0.0
2015-12-02 00:00:00-05:00,17.702142467485945,17.702142467485945,17.38286648447122,17.427209854125977,611800,0.0,0.0
2015-12-03 00:00:00-05:00,17.444945648954633,17.6577968409566,17.24983247918389,17.409469604492188,435700,0.0,0.0
2015-12-04 00:00:00-05:00,17.311920322734455,17.329658351581948,17.09906905133914,17.320789337158203,987000,0.0,0.0
2015-12-07 00:00:00-05:00,17.294176261497007,17.311914284157293,17.11679941807604,17.30304527282715,668500,0.0,0.0
2015-12-08 00:00:00-05:00,16.983773062712665,17.107937569451497,16.903953626806086,17.028118133544922,1165400,0.0,0.0
2015-12-09 00:00:00-05:00,17.072456940861716,17.294177160872906,17.072456940861716,17.11680030822754,841900,0.0,0.0
2015-12-10 00:00:00-05:00,17.23209887463203,17.23209887463203,17.06359100341797,17.06359100341797,389900,0.0,0.0
2015-12-11 00:00:00-05:00,16.85074110894742,16.85074110894742,16.504858016967773,16.504858016967773,411000,0.0,0.0
2015-12-14 00:00:00-05:00,16.62901897322712,16.779788812914695,16.584675599268362,16.770919799804688,672500,0.0,0.0
2015-12-15 00:00:00-05:00,16.912817852225405,17.152276092144195,16.912817852225405,17.090194702148438,775500,0.0,0.0
2015-12-16 00:00:00-05:00,17.36512430816474,17.569106466352558,17.311911938983293,17.524763107299805,758500,0.0,0.0
2015-12-17 00:00:00-05:00,17.40060670073877,17.40060670073877,17.27644220520175,17.311918258666992,944400,0.0,0.0
2015-12-18 00:00:00-05:00,17.44494298365179,17.44494298365179,17.23209182417001,17.35625457763672,371900,0.0,0.0
2015-12-21 00:00:00-05:00,17.338519626556774,17.35625764921706,17.143406452066472,17.30304527282715,742200,0.0,0.0
2015-12-22 00:00:00-05:00,17.20549251404368,17.46268883771812,17.20549251404368,17.365131378173828,732800,0.0,0.0
2015-12-23 00:00:00-05:00,17.427214150682985,17.604591056215288,17.391739784531445,17.58685302734375,377900,0.0,0.0
2015-12-24 00:00:00-05:00,17.471553483249465,17.498158826225065,17.391734071140707,17.453815460205078,63000,0.0,0.0
2015-12-28 00:00:00-05:00,17.30304924530068,17.338523607174594,17.072459972550597,17.311918258666992,130500,0.0,0.0
2015-12-29 00:00:00-05:00,17.294175843171047,17.427207626723412,17.294175843171047,17.409469604492188,618300,0.0,0.0
2015-12-30 00:00:00-05:00,17.214359600239383,17.32078606160639,17.205490587492864,17.232097625732422,254700,0.0,0.0
2015-12-31 00:00:00-05:00,17.37399721169832,17.436078604920517,17.30304680635994,17.400604248046875,382600,0.0,0.0
2016-01-04 00:00:00-05:00,16.966033935546875,17.081329420651958,16.7886587384803,16.966033935546875,469100,0.0,0.0
2016-01-05 00:00:00-05:00,16.930557092126545,17.05471988104011,16.79752529092042,16.921688079833984,170300,0.0,0.0
2016-01-06 00:00:00-05:00,16.531462031215504,16.59354343331179,16.433906267174777,16.5492000579834,333400,0.0,0.0
2016-01-07 00:00:00-05:00,16.00819980434343,16.141233294577358,15.884037017822266,15.884037017822266,548200,0.0,0.0
2016-01-08 00:00:00-05:00,16.256527822136814,16.256527822136814,15.928381124796534,15.937250137329102,1168100,0.0,0.0
2016-01-11 00:00:00-05:00,15.75100437524896,15.946117556698312,15.6179725837339,15.706659317016602,496200,0.0,0.0
2016-01-12 00:00:00-05:00,15.653450418023365,15.804220266343,15.600238027908016,15.742138862609863,403400,0.0,0.0
2016-01-13 00:00:00-05:00,15.742138797230805,15.910646672086184,15.280960240569437,15.28982925415039,1863300,0.0,0.0
2016-01-14 00:00:00-05:00,15.39625655151765,15.66232020685471,15.29869908848471,15.600238800048828,784700,0.0,0.0
2016-01-15 00:00:00-05:00,15.236611087385882,15.298692467323402,15.023759916918358,15.15679168701172,433800,0.0,0.0
2016-01-19 00:00:00-05:00,15.954986568344784,16.01706795827908,15.564758513855072,15.706659317016602,906100,0.0,0.0
2016-01-20 00:00:00-05:00,15.236614545118044,15.351908320939035,14.86412448937089,15.254352569580078,647800,0.0,0.0
2016-01-21 00:00:00-05:00,15.245484075182333,15.529285709850129,15.21000802505327,15.360777854919434,364000,0.0,0.0
2016-01-22 00:00:00-05:00,15.919512168042964,16.070281982421875,15.919512168042964,16.070281982421875,938800,0.0,0.0
2016-01-25 00:00:00-05:00,16.345216816227204,16.407298214492307,16.203315994023757,16.229921340942383,1064400,0.0,0.0
2016-01-26 00:00:00-05:00,16.088020081511104,16.52259154914761,16.088020081511104,16.442773818969727,360800,0.0,0.0
2016-01-27 00:00:00-05:00,16.017071309132607,16.15897214198052,15.875170476284692,15.981596946716309,391900,0.0,0.0
2016-01-28 00:00:00-05:00,16.105758444219727,16.283135316666208,16.09688943143828,16.21218490600586,664800,0.0,0.0
2016-01-29 00:00:00-05:00,16.49598492156711,16.62901671698478,16.407296494091646,16.620147705078125,455600,0.0,0.0
2016-02-01 00:00:00-05:00,16.540328922043894,16.673360722548956,16.495985552405912,16.655624389648438,597400,0.0,0.0
2016-02-02 00:00:00-05:00,16.504858976128617,16.504858976128617,16.318613052368164,16.318613052368164,917100,0.0,0.0
2016-02-03 00:00:00-05:00,16.052543854539383,16.19444465637207,15.830823640226937,16.19444465637207,1978200,0.0,0.0
2016-02-04 00:00:00-05:00,16.141237200029014,16.336350439141036,16.03481072040968,16.150104522705078,1341000,0.0,0.0
2016-02-05 00:00:00-05:00,16.345217390143862,16.345217390143862,15.963858282735028,15.999334335327148,1177200,0.0,0.0
2016-02-08 00:00:00-05:00,15.85743134166551,15.963857804663414,15.476073937268527,15.591367721557615,650700,0.0,0.0
2016-02-09 00:00:00-05:00,15.360778073446346,15.653448724810026,15.227746266752163,15.307565689086914,1118800,0.0,0.0
2016-02-10 00:00:00-05:00,15.520415146594848,15.644577926458483,15.440595733370792,15.51154613494873,974800,0.0,0.0
2016-02-11 00:00:00-05:00,15.165666447199785,15.28982925415039,15.041501948657798,15.28982925415039,1006100,0.0,0.0
2016-02-12 00:00:00-05:00,15.413991670498772,15.413991670498772,15.183404089602728,15.387386322021484,984600,0.0,0.0
2016-02-16 00:00:00-05:00,15.866299470457085,15.96385691513653,15.662317260301103,15.857430458068848,421400,0.0,0.0
2016-02-17 00:00:00-05:00,15.954990252375126,16.132367143079122,15.901777861800486,16.079153060913086,910800,0.0,0.0
2016-02-18 00:00:00-05:00,16.141236156773463,16.29200600639444,16.079153060913086,16.079153060913086,1982200,0.0,0.0
2016-02-19 00:00:00-05:00,15.999333164083916,16.141233980881857,15.990464151585147,16.05254554748535,248600,0.0,0.0
2016-02-22 00:00:00-05:00,16.371824264526367,16.380693278501354,16.05254821938404,16.371824264526367,591800,0.0,0.0
2016-02-23 00:00:00-05:00,16.176708077623783,16.18557708997909,15.963856855869787,15.972725868225098,712100,0.0,0.0
2016-02-24 00:00:00-05:00,15.96385885409363,16.043678283691406,15.653450149167984,16.043678283691406,308100,0.0,0.0
2016-02-25 00:00:00-05:00,15.830828200586785,16.034810450533218,15.79535214411359,15.990467071533203,866100,0.0,0.0
2016-02-26 00:00:00-05:00,16.24765793496635,16.318608339816336,16.141233173486913,16.256526947021484,379600,0.0,0.0
2016-02-29 00:00:00-05:00,16.22992213031537,16.354086624475784,16.141235380818195,16.274267196655273,256500,0.0,0.0
2016-03-01 00:00:00-05:00,16.46938030511464,16.96603320370552,16.45164227869571,16.91282081604004,1201300,0.0,0.0
2016-03-02 00:00:00-05:00,16.850740199874565,16.95716667175293,16.779789782486116,16.95716667175293,328000,0.0,0.0
2016-03-03 00:00:00-05:00,16.77091825404274,16.96603144970565,16.76204924175018,16.921688079833984,319700,0.0,0.0
2016-03-04 00:00:00-05:00,16.948296898838855,17.081328714033386,16.806396070419183,17.045852661132812,546600,0.0,0.0
2016-03-07 00:00:00-05:00,16.602411620676374,16.84186989535514,16.425036436596415,16.75318145751953,404700,0.0,0.0
2016-03-08 00:00:00-05:00,16.71770568118666,16.71770568118666,16.495985451175144,16.53145980834961,205800,0.0,0.0
2016-03-09 00:00:00-05:00,16.59354136156081,16.602410373837433,16.495985609700192,16.540328979492188,520700,0.0,0.0
2016-03-10 00:00:00-05:00,16.58467611151918,16.833001719904317,16.31861078477482,16.5492000579834,508800,0.0,0.0
2016-03-11 00:00:00-05:00,16.850736776408915,17.107933044433594,16.71770498228179,17.107933044433594,524500,0.0,0.0
2016-03-14 00:00:00-04:00,17.125670827326033,17.498160897393,17.125670827326033,17.46268653869629,360700,0.0,0.0
2016-03-15 00:00:00-04:00,17.320784304556803,17.320784304556803,17.12566942710861,17.240964889526367,306400,0.0,0.0
2016-03-16 00:00:00-04:00,17.240960833930583,17.427204964130645,17.090191051182156,17.35625457763672,656300,0.0,0.0
2016-03-17 00:00:00-04:00,17.44494789662132,18.092370567158977,17.44494789662132,18.0568962097168,822200,0.0,0.0
2016-03-18 00:00:00-04:00,18.110110692022875,18.32296193613506,18.06576731717957,18.19879913330078,999900,0.0,0.0
2016-03-21 00:00:00-04:00,18.198797182722,18.22540252813984,18.06576538085937,18.06576538085937,1293300,0.0,0.0
2016-03-22 00:00:00-04:00,18.26974837088997,18.278617383605468,18.06576615320723,18.252010345458984,929500,0.0,0.0
2016-03-23 00:00:00-04:00,18.136714089291765,18.278614890200423,18.11897606628044,18.207664489746094,1062800,0.0,0.0
2016-03-24 00:00:00-04:00,18.18105809244088,18.18105809244088,17.91499450430987,17.994813919067383,389400,0.0,0.0
2016-03-28 00:00:00-04:00,17.91499429160827,18.25200827867898,17.91499429160827,18.243139266967773,424300,0.0,0.0
2016-03-29 00:00:00-04:00,18.003682751351512,18.24314101573521,17.85291292099043,18.234272003173828,260300,0.0,0.0
2016-03-30 00:00:00-04:00,18.305223012067184,18.305223012067184,18.02142136716556,18.136716842651367,871900,0.0,0.0
2016-03-31 00:00:00-04:00,18.02142310595518,18.15445492838944,18.02142310595518,18.127849578857425,1428700,0.0,0.0
2016-04-01 00:00:00-04:00,18.03915880159703,18.269748053419345,17.888388971235948,18.234272003173828,215100,0.0,0.0
2016-04-04 00:00:00-04:00,18.22540384798944,18.322961299162817,18.154453435751865,18.16332244873047,611200,0.0,0.0
2016-04-05 00:00:00-04:00,17.799702553166,17.9327343734712,17.719883122664605,17.72875213623047,556000,0.0,0.0
2016-04-06 00:00:00-04:00,18.056900211172792,18.331832885742188,18.00368612583046,18.331832885742188,771400,0.0,0.0
2016-04-07 00:00:00-04:00,18.43825302208759,18.43825302208759,18.18992578402228,18.28748321533203,450600,0.0,0.0
2016-04-08 00:00:00-04:00,18.181061106726936,18.429388403986813,18.181061106726936,18.19879913330078,347100,0.0,0.0
2016-04-11 00:00:00-04:00,18.358437989282752,18.37617432426528,18.16332308015309,18.19879913330078,312800,0.0,0.0
2016-04-12 00:00:00-04:00,18.28748706272433,18.482600274801595,18.16332257177402,18.42051887512207,421600,0.0,0.0
2016-04-13 00:00:00-04:00,18.757533255605715,18.98812252405389,18.757533255605715,18.9526481628418,593200,0.0,0.0
2016-04-14 00:00:00-04:00,18.91717291292419,18.96151628921917,18.757534051716085,18.890565872192383,373500,0.0,0.0
2016-04-15 00:00:00-04:00,18.775270462036133,18.828482847325983,18.713189063932766,18.775270462036133,220800,0.0,0.0
2016-04-18 00:00:00-04:00,18.952644404785595,19.112281535973068,18.89943033613213,19.085676193237305,481500,0.0,0.0
2016-04-19 00:00:00-04:00,18.899428482743257,18.98811689687741,18.855085121471586,18.970378875732425,319900,0.0,0.0
2016-04-20 00:00:00-04:00,18.65110836231794,18.784140176306,18.44712444317221,18.695451736450195,920600,0.0,0.0
2016-04-21 00:00:00-04:00,18.46485868916183,18.686578897613035,18.402777301450044,18.447120666503903,290700,0.0,0.0
2016-04-22 00:00:00-04:00,18.35843615053656,18.61563074373192,18.35843615053656,18.46486091613769,175100,0.0,0.0
2016-04-25 00:00:00-04:00,18.15445137023925,18.3406972384174,18.12784602592172,18.15445137023925,524800,0.0,0.0
2016-04-26 00:00:00-04:00,18.43825690119944,18.447124222646856,18.349568462403862,18.42051887512207,367500,0.0,0.0
2016-04-27 00:00:00-04:00,18.20766744690912,18.27861785888672,18.127848021985407,18.27861785888672,238200,0.0,0.0
2016-04-28 00:00:00-04:00,18.207665388382825,18.46485996837695,18.207665388382825,18.269746780395508,251900,0.0,0.0
2016-04-29 00:00:00-04:00,18.25201230548591,18.25201230548591,17.87952218939063,18.003684997558594,367200,0.0,0.0
2016-05-02 00:00:00-04:00,18.074632542642327,18.110108591675623,17.923862717433035,18.0568962097168,433700,0.0,0.0
2016-05-03 00:00:00-04:00,17.524766603508056,17.70214176669631,17.4804215440177,17.507028579711914,561500,0.0,0.0
2016-05-04 00:00:00-04:00,17.42721102745436,17.489292425787244,17.33852259058256,17.373998641967773,518800,0.0,0.0
2016-05-05 00:00:00-04:00,17.533635886283548,17.57797925486791,17.32965368424976,17.391735076904297,373300,0.0,0.0
2016-05-06 00:00:00-04:00,17.436081898130865,17.63119512676532,17.40947485675695,17.62232780456543,153600,0.0,0.0
2016-05-09 00:00:00-04:00,17.8085722582239,17.8085722582239,17.515901565551758,17.515901565551758,513700,0.0,0.0
2016-05-10 00:00:00-04:00,17.702143129336918,17.861781972608444,17.675537783185785,17.844045639038086,443100,0.0,0.0
2016-05-11 00:00:00-04:00,17.737620447689302,17.87952127594351,17.702144394830096,17.808570861816406,354700,0.0,0.0
2016-05-12 00:00:00-04:00,17.60458883096881,17.773096700765695,17.524769402727724,17.56911277770996,307500,0.0,0.0
2016-05-13 00:00:00-04:00,17.675539245895184,17.737620647506848,17.48042433615416,17.56911277770996,445100,0.0,0.0
2016-05-16 00:00:00-04:00,18.092374576476185,18.35843992841336,18.030293168501625,18.331832885742188,654100,0.0,0.0
2016-05-17 00:00:00-04:00,18.37617026746316,18.49146572314872,18.3673012561342,18.447120666503903,842300,0.0,0.0
2016-05-18 00:00:00-04:00,18.385746889513413,18.41243218361791,17.771998697641756,18.012161254882812,2430400,0.061,0.0
2016-05-19 00:00:00-04:00,17.896530600310143,17.941004399451412,17.75421071061137,17.789791107177734,770700,0.0,0.0
2016-05-20 00:00:00-04:00,17.967688773137727,18.234534947399865,17.967688773137727,18.163375854492188,586400,0.0,0.0
2016-05-23 00:00:00-04:00,18.06552984324485,18.305692396454106,18.06552984324485,18.234533309936523,309200,0.0,0.0
2016-05-24 00:00:00-04:00,18.341278166444905,18.714863904355173,18.341278166444905,18.6614933013916,546300,0.0,0.0
2016-05-25 00:00:00-04:00,18.670385798896486,18.946127089497168,18.670385798896486,18.90165328979492,884600,0.0,0.0
2016-05-26 00:00:00-04:00,18.85717802820628,18.87496652876812,18.75043854200238,18.79491233825684,1430900,0.0,0.0
2016-05-27 00:00:00-04:00,19.39976597098824,19.666613845132154,19.39087087219344,19.56876945495605,928200,0.0,0.0
2016-05-31 00:00:00-04:00,19.56876710519721,19.90677233597957,19.55987200747052,19.835613250732425,1648600,0.0,0.0
2016-06-01 00:00:00-04:00,19.524297657342885,19.55098125989373,19.40866305773321,19.47982215881348,1395800,0.0,0.0
2016-06-02 00:00:00-04:00,19.453140101365324,19.542087712355386,19.364190793808334,19.49761390686035,566400,0.0,0.0
2016-06-03 00:00:00-04:00,19.4442436196275,19.68440452743325,19.4442436196275,19.639930725097656,1211200,0.0,0.0
2016-06-06 00:00:00-04:00,19.8534063681532,20.10246405145704,19.8534063681532,20.0490951538086,1174300,0.0,0.0
2016-06-07 00:00:00-04:00,20.12914977645039,20.34262878270829,20.12914977645039,20.280363082885746,427900,0.0,0.0
2016-06-08 00:00:00-04:00,20.280362199082614,20.280362199082614,20.14693909841104,20.155834197998047,210200,0.0,0.0
2016-06-09 00:00:00-04:00,19.995724559593487,20.06688365531363,19.9690409590526,20.0490951538086,395500,0.0,0.0
2016-06-10 00:00:00-04:00,19.808928946831617,19.924561820017104,19.80003384942253,19.871192932128903,932000,0.0,0.0
2016-06-13 00:00:00-04:00,19.310815181123303,19.39976446560232,19.23076269131534,19.2574462890625,964500,0.0,0.0
2016-06-14 00:00:00-04:00,19.230768673437503,19.23966207774204,19.026184746525846,19.1240291595459,681700,0.0,0.0
2016-06-15 00:00:00-04:00,19.71108967230126,19.862302974250778,19.6666158703142,19.684404373168945,1162000,0.0,0.0
2016-06-16 00:00:00-04:00,19.390871226162105,19.55987471321498,19.150710340585192,19.55097961425781,520000,0.0,0.0
2016-06-17 00:00:00-04:00,19.39976743291656,19.435347830777,19.23965903567808,19.33750343322754,1034900,0.0,0.0
2016-06-20 00:00:00-04:00,19.63103118057176,19.791139547235986,19.568767192772658,19.586557388305664,920000,0.0,0.0
2016-06-21 00:00:00-04:00,19.737776006021168,19.81783021104749,19.58656269614556,19.76445960998535,1162700,0.0,0.0
2016-06-22 00:00:00-04:00,20.34262831545215,20.39599721750736,20.164729713179053,20.182519912719727,685100,0.0,0.0
2016-06-23 00:00:00-04:00,20.342623941467515,20.591679895218725,20.27146485517196,20.538311004638672,1138900,0.0,0.0
2016-06-24 00:00:00-04:00,19.63992718434512,20.057986619257704,19.63992718434512,19.71108627319336,1690100,0.0,0.0
2016-06-27 00:00:00-04:00,19.3375003454838,19.346395443528564,18.946124514346213,19.14181327819824,995500,0.0,0.0
2016-06-28 00:00:00-04:00,19.62214001449461,19.73777461206245,19.506507113493537,19.702194213867188,1181800,0.0,0.0
2016-06-29 00:00:00-04:00,19.88008872898944,19.986826508521244,19.88008872898944,19.969038009643555,733000,0.0,0.0
2016-06-30 00:00:00-04:00,20.146939370781265,20.458261074268272,20.129149171366738,20.431575775146484,937600,0.0,0.0
2016-07-01 00:00:00-04:00,20.41378614074539,20.57389283690088,20.3693106446744,20.44046974182129,643900,0.0,0.0
2016-07-05 00:00:00-04:00,20.129146367392675,20.21809565550794,20.01351348043942,20.102462768554688,372600,0.0,0.0
2016-07-06 00:00:00-04:00,19.84451341373892,20.120256423950195,19.800039610319985,20.120256423950195,605900,0.0,0.0
2016-07-07 00:00:00-04:00,20.23588507139597,20.26257036577054,20.06688160015668,20.09356689453125,1378900,0.0,0.0
2016-07-08 00:00:00-04:00,20.26257514734771,20.680634678471,20.26257514734771,20.67173957824707,389400,0.0,0.0
2016-07-11 00:00:00-04:00,20.62726531512518,20.80516222594821,20.58278981499428,20.778478622436523,498200,0.0,0.0
2016-07-12 00:00:00-04:00,20.947477132632464,20.97416242850632,20.76958024983985,20.920793533325195,573300,0.0,0.0
2016-07-13 00:00:00-04:00,20.92969036915182,20.92969036915182,20.6717375773271,20.76068687438965,305600,0.0,0.0
2016-07-14 00:00:00-04:00,21.21432453173292,21.223219630160497,21.00084725917077,21.187639236450195,480200,0.0,0.0
2016-07-15 00:00:00-04:00,21.267694353874045,21.294379650321343,21.125376165955046,21.152061462402344,241500,0.0,0.0
2016-07-18 00:00:00-04:00,21.16985032100142,21.241009416162715,21.027532130678832,21.1342716217041,714900,0.0,0.0
2016-07-19 00:00:00-04:00,21.178743738287125,21.178743738287125,20.938582871541687,21.00084686279297,311300,0.0,0.0
2016-07-20 00:00:00-04:00,21.267697154651497,21.436700661274138,21.11648384800321,21.276592254638672,1110500,0.0,0.0
2016-07-21 00:00:00-04:00,21.214329388361566,21.214329388361566,21.04532587268051,21.0631160736084,227800,0.0,0.0
2016-07-22 00:00:00-04:00,21.24100908855005,21.40111747433518,21.16095659222412,21.35664367675781,791800,0.0,0.0
2016-07-25 00:00:00-04:00,21.516757412800825,21.61460013111348,21.294384976486626,21.32996368408203,385900,0.0,0.0
2016-07-26 00:00:00-04:00,21.33885528916453,21.45448988718098,21.23211748729819,21.445594787597656,351800,0.0,0.0
2016-07-27 00:00:00-04:00,21.570117950439453,21.70354102112889,21.427799782161863,21.570117950439453,383300,0.0,0.0
2016-07-28 00:00:00-04:00,21.490069624366456,21.632387831423173,21.48117452435456,21.525650024414062,381900,0.0,0.0
2016-07-29 00:00:00-04:00,21.4189105208381,21.525650024414062,21.329961217285938,21.525650024414062,344000,0.0,0.0
2016-08-01 00:00:00-04:00,21.21432367407668,21.30327295818982,21.0809005961902,21.26769256591797,1014100,0.0,0.0
2016-08-02 00:00:00-04:00,21.125374551479428,21.258797630386,21.00084657070883,21.089794158935547,558300,0.0,0.0
2016-08-03 00:00:00-04:00,20.885212783184546,21.03642606409496,20.725104403800977,20.93858337402344,414900,0.0,0.0
2016-08-04 00:00:00-04:00,20.965266741651927,21.080901323960983,20.929688044718286,21.072006225585938,175600,0.0,0.0
2016-08-05 00:00:00-04:00,21.32996002231457,21.32996002231457,21.169851624203822,21.28548622131348,444600,0.0,0.0
2016-08-08 00:00:00-04:00,21.57901799771884,21.712441099012228,21.43669979679699,21.56122779846192,638700,0.0,0.0
2016-08-09 00:00:00-04:00,21.64128226099121,21.69465116284241,21.4722787591345,21.632387161254883,180500,0.0,0.0
2016-08-10 00:00:00-04:00,21.49006462097168,21.59680409969617,21.481169523030765,21.49006462097168,277200,0.0,0.0
2016-08-11 00:00:00-04:00,21.6057019798707,21.78359887189791,21.570121583525253,21.74802017211914,441100,0.0,0.0
2016-08-12 00:00:00-04:00,21.44559540721724,21.605703811209487,21.44559540721724,21.498964309692383,372300,0.0,0.0
2016-08-15 00:00:00-04:00,21.92591708918505,22.12160587617513,21.792493995870604,21.95260238647461,629200,0.0,0.0
2016-08-16 00:00:00-04:00,22.45961214028146,22.566351637536528,22.19276594199393,22.32618904113769,1047400,0.0,0.0
2016-08-17 00:00:00-04:00,23.22456903309321,23.349097007565646,22.81540302236515,23.31351661682129,973500,0.0,0.0
2016-08-18 00:00:00-04:00,23.411363160334044,23.544786244834093,23.34909916733846,23.518102645874023,729800,0.0,0.0
2016-08-19 00:00:00-04:00,23.144519558173386,23.29573285646148,23.03778006079548,23.277942657470703,557400,0.0,0.0
2016-08-22 00:00:00-04:00,23.35799479303192,23.455839182271344,23.26015040379249,23.32241439819336,537000,0.0,0.0
2016-08-23 00:00:00-04:00,23.48252485616437,23.52700035364132,23.24236225948915,23.277942657470703,398800,0.0,0.0
2016-08-24 00:00:00-04:00,23.100043361634,23.117833560086403,22.93104156603628,22.975515365600582,456200,0.0,0.0
2016-08-25 00:00:00-04:00,22.72645889362736,22.91325259424417,22.72645889362736,22.87767219543457,279200,0.0,0.0
2016-08-26 00:00:00-04:00,23.073362814550347,23.27794503413171,22.85988549456541,22.96662330627441,695500,0.0,0.0
2016-08-29 00:00:00-04:00,23.100043534713368,23.188992831075144,23.01109593491832,23.13562393188477,414700,0.0,0.0
2016-08-30 00:00:00-04:00,23.45583865287844,23.58926173737849,23.34909916733846,23.518102645874023,412400,0.0,0.0
2016-08-31 00:00:00-04:00,23.19788646308781,23.277940655093257,22.94882878834123,23.02888298034668,374800,0.0,0.0
2016-09-01 00:00:00-04:00,23.304623515850377,23.304623515850377,23.064460964932053,23.09114456176757,834100,0.0,0.0
2016-09-02 00:00:00-04:00,23.28683421513553,23.38467859813633,23.224570224704664,23.349098205566406,450600,0.0,0.0
2016-09-06 00:00:00-04:00,24.59438359568856,24.7278066773608,24.50543430905156,24.57659339904785,1026900,0.0,0.0
2016-09-07 00:00:00-04:00,24.612175314804144,24.612175314804144,24.30085364059997,24.38980293273925,571000,0.0,0.0
2016-09-08 00:00:00-04:00,24.549909591674805,24.683332672211293,24.443170109305704,24.549909591674805,904600,0.0,0.0
2016-09-09 00:00:00-04:00,24.46096066132336,24.46096066132336,23.98063552853089,24.03400611877441,691100,0.0,0.0
2016-09-12 00:00:00-04:00,23.50031201078343,24.158534019071347,23.491416912440364,24.122955322265625,880100,0.0,0.0
2016-09-13 00:00:00-04:00,23.873898860308547,23.989531751456934,23.491418095133195,23.687105178833008,570700,0.0,0.0
2016-09-14 00:00:00-04:00,23.95395706662401,24.087380177710777,23.83832245953308,23.847217559814453,345700,0.0,0.0
2016-09-15 00:00:00-04:00,24.5232242969409,24.63885887755464,24.41648651113832,24.549909591674805,1933600,0.0,0.0
2016-09-16 00:00:00-04:00,24.54101829400433,24.58549209554848,24.32754099277223,24.3453311920166,1029700,0.0,0.0
2016-09-19 00:00:00-04:00,24.176325858954936,24.21190455817884,24.05179786682129,24.05179786682129,898800,0.0,0.0
2016-09-20 00:00:00-04:00,24.0162182778315,24.06958717674356,23.9272689819336,23.9272689819336,1794900,0.0,0.0
2016-09-21 00:00:00-04:00,24.22969531598544,24.407593905915885,24.08737712266776,24.39869880676269,2434100,0.0,0.0
2016-09-22 00:00:00-04:00,24.60328196401002,24.79007566043097,24.55880816306381,24.77228546142578,1725100,0.0,0.0
2016-09-23 00:00:00-04:00,25.05692031968435,25.1191843158101,24.91460212952074,24.95907592773437,1470300,0.0,0.0
2016-09-26 00:00:00-04:00,24.50543546644946,24.549910960151813,24.380907477216084,24.4075927734375,948200,0.0,0.0
2016-09-27 00:00:00-04:00,24.65665095932412,24.798969158779663,24.50543766033176,24.68333625793457,998500,0.0,0.0
2016-09-28 00:00:00-04:00,24.95018032286499,25.074710009158057,24.683334145860712,25.021339416503903,1030200,0.0,0.0
2016-09-29 00:00:00-04:00,24.994652869144872,25.03912666121196,24.78117561340332,24.78117561340332,1245000,0.0,0.0
2016-09-30 00:00:00-04:00,24.78118076621304,24.816759467951385,24.68333636744073,24.798969268798828,1355400,0.0,0.0
2016-10-03 00:00:00-04:00,25.012449881699627,25.012449881699627,24.7811823674731,24.861236572265625,620700,0.0,0.0
2016-10-04 00:00:00-04:00,25.03023156348525,25.03023156348525,24.69222633270273,24.78117561340332,1033600,0.0,0.0
2016-10-05 00:00:00-04:00,25.11029014899785,25.11029014899785,24.781179958239782,24.923498153686523,498100,0.0,0.0
2016-10-06 00:00:00-04:00,24.97686792503841,24.985763024635293,24.78118082360736,24.84344482421875,848600,0.0,0.0
2016-10-07 00:00:00-04:00,24.825653318406744,24.88791731574107,24.621071128146333,24.69223022460937,441900,0.0,0.0
2016-10-10 00:00:00-04:00,24.85233828316212,24.994656474183376,24.638860996630232,24.91460227966309,440100,0.0,0.0
2016-10-11 00:00:00-04:00,24.772280895942927,24.78117599380617,24.416485464245376,24.4698543548584,796300,0.0,0.0
2016-10-12 00:00:00-04:00,24.469859554237285,24.54991375545003,24.31864625156508,24.32754135131836,603800,0.0,0.0
2016-10-13 00:00:00-04:00,24.02511161086105,24.04290180804612,23.80273923574745,23.882793426513672,1031000,0.0,0.0
2016-10-14 00:00:00-04:00,24.087375789535688,24.12295618417923,23.989531400832536,24.04290199279785,982600,0.0,0.0
2016-10-17 00:00:00-04:00,24.00732189299007,24.140744981408748,23.891689002111647,23.980636596679688,701300,0.0,0.0
2016-10-18 00:00:00-04:00,24.30085563659668,24.46985913588607,24.140747236908496,24.30085563659668,533200,0.0,0.0
2016-10-19 00:00:00-04:00,24.30975151062012,24.443174615755066,24.2563826078795,24.30975151062012,561300,0.0,0.0
2016-10-20 00:00:00-04:00,24.612176120279862,24.63886141776496,24.38090863177576,24.603281021118164,525600,0.0,0.0
2016-10-21 00:00:00-04:00,24.594386848994507,24.61217704798847,24.47875394866724,24.567703247070312,527600,0.0,0.0
2016-10-24 00:00:00-04:00,24.763389321072417,24.798968021020595,24.638861326403763,24.69223022460937,604000,0.0,0.0
2016-10-25 00:00:00-04:00,24.621068681065363,24.763386859846488,24.47875050228424,24.549909591674805,616400,0.0,0.0
2016-10-26 00:00:00-04:00,24.38980467175698,24.4609637712288,24.22969627380371,24.22969627380371,617900,0.0,0.0
2016-10-27 00:00:00-04:00,24.291960258154308,24.35422425808128,24.01621895994914,24.02511405944824,357000,0.0,0.0
2016-10-28 00:00:00-04:00,23.79384048052304,24.034003015913576,23.66041741527262,23.704891204833984,561100,0.0,0.0
2016-10-31 00:00:00-04:00,23.66042379082921,23.73158289124177,23.589264690416645,23.598159790039062,631500,0.0,0.0
2016-11-01 00:00:00-04:00,23.78494881487412,23.82052920890964,23.4291533573518,23.518102645874023,739900,0.0,0.0
2016-11-02 00:00:00-04:00,23.4647346571736,23.52700035364132,23.19788845857896,23.277942657470703,1730500,0.0,0.0
2016-11-03 00:00:00-04:00,23.242360322393548,23.269045618655674,23.011094541054927,23.0733585357666,1062900,0.0,0.0
2016-11-04 00:00:00-04:00,22.762039281493543,23.704897794126367,22.610825979759028,22.6730899810791,804700,0.0,0.0
2016-11-07 00:00:00-05:00,23.393572399643887,23.633734963897155,23.144516433662595,23.53589057922364,1520600,0.0,0.0
2016-11-08 00:00:00-05:00,23.580363236809102,23.85610446453548,23.544782847906955,23.704891204833984,1249200,0.0,0.0
2016-11-09 00:00:00-05:00,23.41136219599728,23.526996775283035,23.162306234273792,23.349098205566406,1182600,0.0,0.0
2016-11-10 00:00:00-05:00,23.79384860466928,23.79384860466928,23.21568066013088,23.3935775756836,1409900,0.0,0.0
2016-11-11 00:00:00-05:00,22.59303298526452,22.619718281057523,22.352870412827283,22.548559188842773,2093400,0.0,0.0
2016-11-14 00:00:00-05:00,22.03265475129441,22.30839601411112,21.70354289833264,21.86365127563477,1306100,0.0,0.0
2016-11-15 00:00:00-05:00,21.997076903971543,22.53966609061733,21.9348129048286,22.459611892700195,1668800,0.0,0.0
2016-11-16 00:00:00-05:00,22.361764359348246,22.708666400518528,21.792491650959164,22.219446182250977,1073000,0.0,0.0
2016-11-17 00:00:00-05:00,22.255029941823235,22.548561438566225,22.21944954388263,22.32618904113769,656700,0.0,0.0
2016-11-18 00:00:00-05:00,22.37066295233652,22.46850735058903,22.290608753142045,22.44182205200196,575000,0.0,0.0
2016-11-21 00:00:00-05:00,22.19276292120671,22.34397619873825,22.174972724657938,22.335081100463867,768900,0.0,0.0
2016-11-22 00:00:00-05:00,22.512979299898745,22.539664596290866,22.441820206086376,22.48629570007324,607900,0.0,0.0
2016-11-23 00:00:00-05:00,22.14829001136084,22.14829001136084,22.05934071481587,22.094921112060547,807000,0.0,0.0
2016-11-25 00:00:00-05:00,22.07713353875056,22.33508635974887,21.81028731395024,22.05934333801269,545900,0.0,0.0
2016-11-28 00:00:00-05:00,22.20165372666379,22.628609911073724,22.19276032599592,22.237234115600582,576900,0.0,0.0
2016-11-29 00:00:00-05:00,22.13938974259072,22.58413442490273,22.086020855751848,22.237234115600582,1039100,0.0,0.0
2016-11-30 00:00:00-05:00,22.28171301443076,22.36176721132876,22.166080117004043,22.18387031555176,751400,0.0,0.0
2016-12-01 00:00:00-05:00,22.24613178889629,22.299500681915184,21.934810135914137,21.997074127197266,1230800,0.0,0.0
2016-12-02 00:00:00-05:00,21.81028170536026,21.863650597282945,21.587909343021515,21.60569953918457,1386400,0.0,0.0
2016-12-05 00:00:00-05:00,21.75691676936417,21.970395785650176,21.59681005200005,21.89923667907715,581500,0.0,0.0
2016-12-06 00:00:00-05:00,21.792494062349384,21.93481225519449,21.61459547300965,21.65907096862793,960200,0.0,0.0
2016-12-07 00:00:00-05:00,21.899231941122228,21.9703910322998,21.685752971022943,21.93481063842773,665100,0.0,0.0
2016-12-08 00:00:00-05:00,22.10381565274024,22.10381565274024,21.70354467668733,21.74802017211914,739200,0.0,0.0
2016-12-09 00:00:00-05:00,21.78359887189791,21.828074367329723,21.570121583525253,21.74802017211914,1208800,0.0,0.0
2016-12-12 00:00:00-05:00,21.28548362258697,21.33885251658587,21.14316544087887,21.187639236450195,1164500,0.0,0.0
2016-12-13 00:00:00-05:00,21.28548690625748,21.65907261501522,21.258801606858068,21.5879135131836,1326600,0.0,0.0
2016-12-14 00:00:00-05:00,21.543437262264213,21.596807859200272,21.21432706399228,21.241010665893555,1359800,0.0,0.0
2016-12-15 00:00:00-05:00,21.06311148341317,21.20542966668759,20.91189820161328,21.05421638488769,971900,0.0,0.0
2016-12-16 00:00:00-05:00,21.045324679801205,21.0986935829929,20.742898067436844,20.82295227050781,852500,0.0,0.0
2016-12-19 00:00:00-05:00,20.84963398284052,20.90300287684916,20.680630505818847,20.689525604248047,699100,0.0,0.0
2016-12-20 00:00:00-05:00,20.94747635591441,20.991951847388385,20.769579479718097,20.91189765930176,1070000,0.0,0.0
2016-12-21 00:00:00-05:00,20.920791836206945,20.983055824961763,20.858527847452127,20.94747543334961,787700,0.0,0.0
2016-12-22 00:00:00-05:00,20.733999843457266,20.79626383722732,20.53831276352758,20.5827865600586,1169300,0.0,0.0
2016-12-23 00:00:00-05:00,20.60947164729585,20.636156942884288,20.45825836542785,20.556102752685547,679800,0.0,0.0
2016-12-27 00:00:00-05:00,20.573889975523297,20.61836546540873,20.50273088827307,20.60947036743164,487600,0.0,0.0
2016-12-28 00:00:00-05:00,21.03642606409496,21.152060647679345,20.894107881657693,20.93858337402344,639500,0.0,0.0
2016-12-29 00:00:00-05:00,21.490064463571752,21.73022701651799,21.48116936569599,21.6679630279541,863600,0.0,0.0
2016-12-30 00:00:00-05:00,21.7924956618055,21.7924956618055,21.490069055671427,21.543437957763672,632900,0.0,0.0
2017-01-03 00:00:00-05:00,21.659070877822195,21.828074367329723,21.570121583525253,21.74802017211914,802200,0.0,0.0
2017-01-04 00:00:00-05:00,21.774705373993967,21.86365467483172,21.65907247050166,21.83696937561035,977800,0.0,0.0
2017-01-05 00:00:00-05:00,22.30839729309082,22.397346585199017,22.19276440094681,22.30839729309082,805500,0.0,0.0
2017-01-06 00:00:00-05:00,22.53076922712529,22.54855942450656,22.29060665217802,22.41513633728028,745600,0.0,0.0
2017-01-09 00:00:00-05:00,22.504084201101367,22.504084201101367,22.343977512448514,22.48629570007324,455300,0.0,0.0
2017-01-10 00:00:00-05:00,22.54856104195379,23.23346842116267,22.4329264472475,23.046674728393555,2412300,0.0,0.0
2017-01-11 00:00:00-05:00,23.13562005077084,23.153410246372147,23.019985475928788,23.09114456176757,1066300,0.0,0.0
2017-01-12 00:00:00-05:00,22.9310410326603,22.9310410326603,22.735352247369,22.83319664001465,894700,0.0,0.0
2017-01-13 00:00:00-05:00,22.815402765525103,23.10893419959604,22.815402765525103,22.94882583618164,248300,0.0,0.0
2017-01-17 00:00:00-05:00,22.81540689120293,22.81540689120293,22.68198379641968,22.726457595825195,423700,0.0,0.0
2017-01-18 00:00:00-05:00,22.993303740442897,23.037777536479965,22.79761496612004,22.886564254760746,490000,0.0,0.0
2017-01-19 00:00:00-05:00,22.90435396979764,23.02888195333408,22.681981601158824,22.788721084594727,823800,0.0,0.0
2017-01-20 00:00:00-05:00,22.68198027749112,22.770929559069074,22.548557203407395,22.63750648498535,694600,0.0,0.0
2017-01-23 00:00:00-05:00,22.66418986038409,22.81540312861901,22.59303077513039,22.77092933654785,559600,0.0,0.0
2017-01-24 00:00:00-05:00,22.92214697625495,23.108938974456525,22.859882976854426,22.91325187683105,829000,0.0,0.0
2017-01-25 00:00:00-05:00,23.01999001323925,23.27794281060217,23.01999001323925,23.23346900939941,778400,0.0,0.0
2017-01-26 00:00:00-05:00,23.509208946253484,23.62484184061638,23.38468095285242,23.580368041992188,882200,0.0,0.0
2017-01-27 00:00:00-05:00,23.446943787927328,23.571471775158937,23.37578469571404,23.384679794311523,1245800,0.0,0.0
2017-01-30 00:00:00-05:00,23.349099486035463,23.393573282620324,23.206781301084,23.295730590820312,360100,0.0,0.0
2017-01-31 00:00:00-05:00,23.286835492190026,23.349099486035463,23.206781301084,23.295730590820312,391000,0.0,0.0
2017-02-01 00:00:00-05:00,23.83832106569712,23.83832106569712,23.44694685560199,23.78495216369629,1132800,0.0,0.0
2017-02-02 00:00:00-05:00,23.57147080762121,23.82942356666032,23.57147080762121,23.71378898620605,765900,0.0,0.0
2017-02-03 00:00:00-05:00,23.61594545962765,23.6871045515036,23.52699786720764,23.63373565673828,451500,0.0,0.0
2017-02-06 00:00:00-05:00,23.63373937195736,23.96285128397409,23.571475368848827,23.72268867492676,294100,0.0,0.0
2017-02-07 00:00:00-05:00,23.70489627891999,23.70489627891999,23.40246969478192,23.446945190429688,358200,0.0,0.0
2017-02-08 00:00:00-05:00,23.34909693093752,23.438046210940087,23.26904274859185,23.4024658203125,562000,0.0,0.0
2017-02-09 00:00:00-05:00,23.500311527527494,23.57147061624217,23.429152438812817,23.553680419921875,352900,0.0,0.0
2017-02-10 00:00:00-05:00,23.286836533921285,23.411364527182894,23.26015123683665,23.37578582763672,463200,0.0,0.0
2017-02-13 00:00:00-05:00,23.39357417879486,23.47362837296764,23.349100380506272,23.420259475708008,491800,0.0,0.0
2017-02-14 00:00:00-05:00,23.340203107423925,23.349098205566406,23.15341113613131,23.349098205566406,437800,0.0,0.0
2017-02-15 00:00:00-05:00,23.61594410330844,23.82052796519784,23.45583742820777,23.776052474975582,988200,0.0,0.0
2017-02-16 00:00:00-05:00,24.14963940083897,24.380906872656784,23.92726702754107,24.22079849243164,609700,0.0,0.0
2017-02-17 00:00:00-05:00,24.21190710845664,24.31864661050469,24.149643105831448,24.30975151062012,329500,0.0,0.0
2017-02-21 00:00:00-05:00,24.122958791162315,24.3453311920166,24.069588193429208,24.3453311920166,756000,0.0,0.0
2017-02-22 00:00:00-05:00,24.61217594456632,24.6388612418609,24.43427735573579,24.443172454833984,1240000,0.0,0.0
2017-02-23 00:00:00-05:00,24.62107260365949,24.73670550612918,24.416490401138702,24.46096420288086,915500,0.0,0.0
2017-02-24 00:00:00-05:00,24.14074495530573,24.30085333986167,23.980636570749795,24.11406135559082,502600,0.0,0.0
2017-02-27 00:00:00-05:00,24.06069225028676,24.10516774683845,24.016218450301768,24.087377548217773,272900,0.0,0.0
2017-02-28 00:00:00-05:00,23.74937521404267,23.90948193186184,23.5803716992388,23.624845504760746,729900,0.0,0.0
2017-03-01 00:00:00-05:00,23.95395278930664,24.016216783591226,23.793844405965377,23.95395278930664,727100,0.0,0.0
2017-03-02 00:00:00-05:00,23.704896755009912,23.704896755009912,23.544788360595703,23.544788360595703,748700,0.0,0.0
2017-03-03 00:00:00-05:00,23.82052838610052,23.94505636779024,23.776052895092395,23.802738189697266,605400,0.0,0.0
2017-03-06 00:00:00-05:00,23.86500601777382,24.096273518501807,23.838320718878244,24.00732421875,535500,0.0,0.0
2017-03-07 00:00:00-05:00,24.06069206576477,24.33643505257048,24.06069206576477,24.265275955200195,839000,0.0,0.0
2017-03-08 00:00:00-05:00,24.37201348559795,24.37201348559795,24.14964109668453,24.194116592407227,855700,0.0,0.0
2017-03-09 00:00:00-05:00,23.9539509620452,24.03400514760912,23.722683503367936,23.8650016784668,1178700,0.0,0.0
2017-03-10 00:00:00-05:00,24.26527565316211,24.389803647868387,24.2385903557679,24.354223251342773,563000,0.0,0.0
2017-03-13 00:00:00-04:00,24.66554528465352,24.692230582426365,24.567702585953167,24.674440383911133,881600,0.0,0.0
2017-03-14 00:00:00-04:00,24.656646320287194,24.656646320287194,24.3809050727924,24.4698543548584,851600,0.0,0.0
2017-03-15 00:00:00-04:00,24.48764906360982,24.92349875983636,24.443173566096853,24.77228546142578,1791400,0.0,0.0
2017-03-16 00:00:00-04:00,25.35045206569465,25.43940135962445,25.30597826701308,25.368242263793945,1250400,0.0,0.0
2017-03-17 00:00:00-04:00,25.43939929950453,25.519453487901785,25.403818906187293,25.4127140045166,732100,0.0,0.0
2017-03-20 00:00:00-04:00,26.106516283709315,26.33778374949637,26.106516283709315,26.29330825805664,1319800,0.0,0.0
2017-03-21 00:00:00-04:00,26.27552317863636,26.34668227763702,25.79519798795685,25.90193748474121,1718400,0.0,0.0
2017-03-22 00:00:00-04:00,25.50166815948408,25.830780074229505,25.305981048582403,25.697355270385746,1602700,0.0,0.0
2017-03-23 00:00:00-04:00,25.57282213264298,25.732930507880603,25.40381865916254,25.679561614990234,953600,0.0,0.0
2017-03-24 00:00:00-04:00,25.78629917206097,25.88414355529759,25.74182537780788,25.81298446655273,629800,0.0,0.0
2017-03-27 00:00:00-04:00,25.732932032329103,25.9286191155642,25.61729744488871,25.857460021972656,934000,0.0,0.0
2017-03-28 00:00:00-04:00,25.88414441224194,26.35557275457172,25.88414441224194,26.23104476928711,1174500,0.0,0.0
2017-03-29 00:00:00-04:00,26.25773057024781,26.266625668877488,26.08872708941704,26.16878128051757,981300,0.0,0.0
2017-03-30 00:00:00-04:00,25.937516904316187,25.973097303085314,25.83077910114239,25.866357803344727,663200,0.0,0.0
2017-03-31 00:00:00-04:00,25.79519563607101,25.79519563607101,25.59061345716781,25.67066764831543,666000,0.0,0.0
2017-04-03 00:00:00-04:00,25.82188245438649,25.937515350324663,25.732933159359675,25.84856605529785,856500,0.0,0.0
2017-04-04 00:00:00-04:00,25.795195022322705,26.035357590051337,25.795195022322705,25.98198699951172,650700,0.0,0.0
2017-04-05 00:00:00-04:00,26.29331076532594,26.33778626100676,26.07093837662191,26.14209747314453,1300900,0.0,0.0
2017-04-06 00:00:00-04:00,26.106519097298587,26.257732391357425,26.106519097298587,26.257732391357425,907800,0.0,0.0
2017-04-07 00:00:00-04:00,26.124307570321843,26.15099116973253,25.96419918759132,26.079832077026367,983200,0.0,0.0
2017-04-10 00:00:00-04:00,26.070935720232065,26.070935720232065,25.90193394356475,25.97309303283692,616600,0.0,0.0
2017-04-11 00:00:00-04:00,25.89304433824743,25.946413242381524,25.67067192502736,25.76851463317871,711200,0.0,0.0
2017-04-12 00:00:00-04:00,26.33778643621005,26.551263727198005,26.275522438409403,26.30220603942871,1208400,0.0,0.0
2017-04-13 00:00:00-04:00,26.37336194306276,26.48899652203405,26.32888814903779,26.35557174682617,379700,0.0,0.0
2017-04-17 00:00:00-04:00,26.462312342076725,26.542366531946147,26.284413765352102,26.4801025390625,649800,0.0,0.0
2017-04-18 00:00:00-04:00,26.19546729122797,26.19546729122797,26.008673608040613,26.133201599121094,727500,0.0,0.0
2017-04-19 00:00:00-04:00,26.275525736025006,26.41784394787811,26.12431242386021,26.15989112854004,496500,0.0,0.0
2017-04-20 00:00:00-04:00,26.99600974388488,27.30733144371224,26.91595554402736,27.28954124450684,1315700,0.0,0.0
2017-04-21 00:00:00-04:00,27.17390301515932,27.21837850722983,27.04047993208088,27.11163902282715,818200,0.0,0.0
2017-04-24 00:00:00-04:00,27.39627972527772,27.46743882729532,27.28954192053473,27.387386322021484,747800,0.0,0.0
2017-04-25 00:00:00-04:00,27.867709396191835,27.938868497085128,27.7609698965685,27.903289794921875,1097800,0.0,0.0
2017-04-26 00:00:00-04:00,27.716497006468323,27.7520774063688,27.66312810318446,27.68981170654297,918600,0.0,0.0
2017-04-27 00:00:00-04:00,28.00113141571824,28.15234471134113,27.88549851744977,27.983341217041016,804600,0.0,0.0
2017-04-28 00:00:00-04:00,28.09008215985236,28.09008215985236,27.86770975462979,27.88549995422364,966000,0.0,0.0
2017-05-01 00:00:00-04:00,27.93887024863403,28.18792796565792,27.93887024863403,28.152347564697266,813500,0.0,0.0
2017-05-02 00:00:00-04:00,28.534825530291943,28.534825530291943,28.01002487936106,28.39250564575196,1740400,0.0,0.0
2017-05-03 00:00:00-04:00,28.436978815374346,28.45476901261985,28.30355572916621,28.339136123657227,936900,0.0,0.0
2017-05-04 00:00:00-04:00,27.921073786767263,27.92996888501268,27.663122723916423,27.80544090270996,1486800,0.0,0.0
2017-05-05 00:00:00-04:00,27.85881344679752,28.2235040398232,27.80544454689704,28.18792533874512,1222200,0.0,0.0
2017-05-08 00:00:00-04:00,28.001130343144204,28.081184537558507,27.97444674271721,28.036710739135746,1105400,0.0,0.0
2017-05-09 00:00:00-04:00,28.73940664635966,28.899515026026645,28.67714265350396,28.81056404113769,1441700,0.0,0.0
2017-05-10 00:00:00-04:00,28.7216198949947,28.87283149774645,28.7216198949947,28.828357696533203,617500,0.0,0.0
2017-05-11 00:00:00-04:00,28.93509562678827,29.12189102172852,28.84614802396609,29.12189102172852,936000,0.0,0.0
2017-05-12 00:00:00-04:00,29.60220737999824,29.89574052293624,29.57552378268857,29.76231575012207,1581500,0.0,0.0
2017-05-15 00:00:00-04:00,29.75342302589617,30.002478988142503,29.71784263325156,29.99358558654785,1955600,0.0,0.0
2017-05-16 00:00:00-04:00,29.76231799008399,29.88684597774517,29.67337039693548,29.8779525756836,3047400,0.0,0.0
2017-05-17 00:00:00-04:00,30.269361006802075,30.53683626466021,29.689828447165773,29.75223922729492,3194400,0.079,0.0
2017-05-18 00:00:00-04:00,30.3139377193283,30.519002183999657,30.03754470983271,30.3763484954834,2525300,0.0,0.0
2017-05-19 00:00:00-04:00,31.062873261170434,31.062873261170434,30.875640915666228,31.053958892822266,2130000,0.0,0.0
2017-05-22 00:00:00-04:00,31.847469867058106,32.177355909369155,31.42842313687077,32.079280853271484,3275200,0.0,0.0
2017-05-23 00:00:00-04:00,31.75831331396365,31.82964187355132,31.52650229756957,31.72265243530273,2498800,0.0,0.0
2017-05-24 00:00:00-04:00,31.46409199134116,31.473006360859955,31.17878455087804,31.2590274810791,1684200,0.0,0.0
2017-05-25 00:00:00-04:00,31.588912559273,31.8920521301939,31.526501771242184,31.82964134216309,1517200,0.0,0.0
2017-05-26 00:00:00-04:00,31.74048209049549,31.8028928813702,31.61566050874608,31.713735580444336,1088400,0.0,0.0
2017-05-30 00:00:00-04:00,31.4105864760998,31.56215792309661,31.294679299117767,31.53540802001953,1218700,0.0,0.0
2017-05-31 00:00:00-04:00,30.91129751988516,30.91129751988516,30.49225424276048,30.715150833129883,1809500,0.0,0.0
2017-06-01 00:00:00-04:00,30.955877553205937,31.24118489830289,30.88454901636578,31.20552062988281,1626100,0.0,0.0
2017-06-02 00:00:00-04:00,30.964800252349782,31.20552902726749,30.964800252349782,31.12528610229492,1731000,0.0,0.0
2017-06-05 00:00:00-04:00,31.16094207763672,31.232267213534367,31.09853130830184,31.16094207763672,1678700,0.0,0.0
2017-06-06 00:00:00-04:00,31.490833799527525,31.517580305223703,31.303601457389355,31.38384437561035,1183600,0.0,0.0
2017-06-07 00:00:00-04:00,31.26793580225341,31.26793580225341,31.071785699452644,31.214439392089844,1578000,0.0,0.0
2017-06-08 00:00:00-04:00,31.82072301227521,31.90988370870351,31.517583446684583,31.7583122253418,3009600,0.0,0.0
2017-06-09 00:00:00-04:00,31.96337563458432,32.08820060532393,31.071789107526094,31.11637115478516,6065900,0.0,0.0
2017-06-12 00:00:00-04:00,30.938051419568545,30.938051419568545,30.00188629932504,30.78647994995117,2468200,0.0,0.0
2017-06-13 00:00:00-04:00,31.29468699889989,31.29468699889989,30.96480092292761,31.0896224975586,1877500,0.0,0.0
2017-06-14 00:00:00-04:00,31.7404736328397,31.936623723969515,31.544326942842,31.615652084350582,1893300,0.0,0.0
2017-06-15 00:00:00-04:00,31.285764452419443,31.294678819220444,30.67948547599334,31.036121368408203,2674600,0.0,0.0
2017-06-16 00:00:00-04:00,31.250105330844413,31.294683974456817,31.04504084932136,31.187694549560547,847700,0.0,0.0
2017-06-19 00:00:00-04:00,31.88312842616769,32.14168930053711,31.74047473705564,32.14168930053711,1811900,0.0,0.0
2017-06-20 00:00:00-04:00,32.07927496517851,32.16843563668952,31.918789157590563,32.00794982910156,1619900,0.0,0.0
2017-06-21 00:00:00-04:00,32.01687173374099,32.06145037942616,31.92771444237064,32.05253601074219,1232600,0.0,0.0
2017-06-22 00:00:00-04:00,32.293263291717984,32.498327773332825,32.0703666724237,32.39133834838867,1956000,0.0,0.0
2017-06-23 00:00:00-04:00,32.18626960568742,32.27543029170243,32.03470154116051,32.11494445800781,1943300,0.0,0.0
2017-06-26 00:00:00-04:00,32.58748950376626,32.74797536363032,32.47158229361266,32.578575134277344,1689400,0.0,0.0
2017-06-27 00:00:00-04:00,32.97086277305562,33.051105680499155,32.71230191561181,32.739051818847656,2289600,0.0,0.0
2017-06-28 00:00:00-04:00,32.39133269873265,32.95302963256836,32.382414930882106,32.95302963256836,1999400,0.0,0.0
2017-06-29 00:00:00-04:00,32.391338436332106,32.47157795440871,31.731562944931422,31.945545196533203,3481000,0.0,0.0
2017-06-30 00:00:00-04:00,31.89205833022072,32.15953367394217,31.87422618715482,32.061458587646484,4438600,0.0,0.0
2017-07-03 00:00:00-04:00,32.14168431304693,32.14168431304693,31.820712712067568,31.83854484558105,880700,0.0,0.0
2017-07-05 00:00:00-04:00,31.04504084932136,31.19661231896253,30.7953977241859,31.187694549560547,2664000,0.0,0.0
2017-07-06 00:00:00-04:00,31.009378548141825,31.009378548141825,30.54575314256536,30.56358528137207,2265200,0.0,0.0
2017-07-07 00:00:00-04:00,30.7240677443822,30.973714259037944,30.679489102843355,30.90238571166992,1403300,0.0,0.0
2017-07-10 00:00:00-04:00,31.03612416301536,31.2768529019017,30.99154212160022,31.25010299682617,1054200,0.0,0.0
2017-07-11 00:00:00-04:00,31.8653022773241,31.9901238402866,31.7404773132291,31.945545196533203,1196700,0.0,0.0
2017-07-12 00:00:00-04:00,32.31109152199713,32.72122043562966,32.27542725095114,32.658809661865234,1625000,0.0,0.0
2017-07-13 00:00:00-04:00,32.61423021126206,32.623144578235475,32.31109071718604,32.33783721923828,2026700,0.0,0.0
2017-07-14 00:00:00-04:00,32.792547852935684,33.167015922648616,32.587483381884546,33.04219436645508,1895300,0.0,0.0
2017-07-17 00:00:00-04:00,32.70339507457863,32.854963156223086,32.66773079614483,32.78363800048828,1975500,0.0,0.0
2017-07-18 00:00:00-04:00,32.84604203598664,33.131349402549205,32.60531330773722,33.06002426147461,1840100,0.0,0.0
2017-07-19 00:00:00-04:00,34.1477624339236,34.41523770498286,34.10318378893583,34.28150177001953,2293100,0.0,0.0
2017-07-20 00:00:00-04:00,34.112095056528936,34.18342360293135,33.844619809784454,34.0229377746582,1391400,0.0,0.0
2017-07-21 00:00:00-04:00,33.91595050062282,34.112097213366845,33.86245408743854,34.049686431884766,1624700,0.0,0.0
2017-07-24 00:00:00-04:00,34.61138606700664,34.78970403903682,34.5043966442415,34.7540397644043,1282000,0.0,0.0
2017-07-25 00:00:00-04:00,34.63812803266444,34.71837093950459,34.522224256997994,34.61138153076172,1548600,0.0,0.0
2017-07-26 00:00:00-04:00,34.548976713555206,34.70946255489588,34.37065873416196,34.63813400268555,1617500,0.0,0.0
2017-07-27 00:00:00-04:00,35.45839489614808,35.45839489614808,34.50439762983855,34.76295852661133,1680300,0.0,0.0
2017-07-28 00:00:00-04:00,34.959103355778545,35.21766423861227,34.77187102040199,35.10175704956055,1019100,0.0,0.0
2017-07-31 00:00:00-04:00,35.70804291844204,35.85961441017161,35.476231897196385,35.62779998779297,1566900,0.0,0.0
2017-08-01 00:00:00-04:00,35.84177083192408,36.10033168162838,35.84177083192408,36.02900314331055,1764300,0.0,0.0
2017-08-02 00:00:00-04:00,35.93093340855375,35.93093340855375,35.28007570540404,35.467308044433594,2153200,0.0,0.0
2017-08-03 00:00:00-04:00,35.262238963286165,35.342481869695945,34.97693160741404,35.146331787109375,1439700,0.0,0.0
2017-08-04 00:00:00-04:00,35.5832161401495,35.60104827781494,35.30682310803395,35.52080535888672,893400,0.0,0.0
2017-08-07 00:00:00-04:00,36.546126567489736,36.72444111943596,36.43021938781904,36.62636947631836,1790900,0.0,0.0
2017-08-08 00:00:00-04:00,37.50904074360429,37.74976948723428,37.32180841004728,37.553619384765625,2813400,0.0,0.0
2017-08-09 00:00:00-04:00,37.45554381540492,37.75868333269389,37.2772292532262,37.7230224609375,1576300,0.0,0.0
2017-08-10 00:00:00-04:00,37.259401152634,37.268315521255616,36.11816810450742,36.20732879638672,2748500,0.0,0.0
2017-08-11 00:00:00-04:00,34.8877773155136,35.681288679414344,34.45089847636358,35.67237091064453,2915700,0.0,0.0
2017-08-14 00:00:00-04:00,36.75119148280052,37.25047767630608,36.75119148280052,37.12565612792969,2033600,0.0,0.0
2017-08-15 00:00:00-04:00,36.55503928409916,36.55503928409916,36.171656892687565,36.43021774291992,1979600,0.0,0.0
2017-08-16 00:00:00-04:00,38.32038730973556,39.14064865720867,38.30255517162391,38.6591911315918,3834000,0.0,0.0
2017-08-17 00:00:00-04:00,37.544710687614405,37.78543946760328,37.42880348218284,37.437721252441406,3189100,0.0,0.0
2017-08-18 00:00:00-04:00,37.26830979406366,37.53578502633215,37.00083456179518,37.34855270385742,2202000,0.0,0.0
2017-08-21 00:00:00-04:00,37.32180545031077,37.49120563374281,37.19698390450484,37.42879486083984,1551600,0.0,0.0
2017-08-22 00:00:00-04:00,37.17023545546744,37.73193583470508,37.15240331949283,37.71410369873047,2721900,0.0,0.0
2017-08-23 00:00:00-04:00,37.60711945660139,38.50762033981749,37.544708672672186,38.222312927246094,2894800,0.0,0.0
2017-08-24 00:00:00-04:00,37.65170131108968,37.8032728000735,37.49121545269876,37.63386917114258,2697300,0.0,0.0
2017-08-25 00:00:00-04:00,37.69627258377888,37.75868336081436,37.437715107974284,37.500125885009766,2343200,0.0,0.0
2017-08-28 00:00:00-04:00,37.13457991651181,37.16132642374795,36.82252259384852,36.92951202392578,1974900,0.0,0.0
2017-08-29 00:00:00-04:00,36.3767228965034,36.80468394221143,36.25190134998006,36.67094802856445,1914200,0.0,0.0
2017-08-30 00:00:00-04:00,37.402048443911326,37.48229135227441,36.956255264368,37.38421630859375,1992200,0.0,0.0
2017-08-31 00:00:00-04:00,37.54470606272225,37.76760267586961,37.53578829356221,37.7408561706543,1671200,0.0,0.0
2017-09-01 00:00:00-04:00,37.33071758406004,37.47337125660852,37.25047468068078,37.446624755859375,2130100,0.0,0.0
2017-09-05 00:00:00-04:00,36.79577719624847,36.90276662955217,36.3410661527254,36.492637634277344,2465700,0.0,0.0
2017-09-06 00:00:00-04:00,37.12566132911474,37.24156852647338,36.91168247367236,37.23265075683594,1277300,0.0,0.0
2017-09-07 00:00:00-04:00,36.777938993778726,37.04541423350704,36.69769608174701,36.91167831420898,1343500,0.0,0.0
2017-09-08 00:00:00-04:00,36.84926893871867,36.91167971698938,36.39455795288086,36.39455795288086,1271100,0.0,0.0
2017-09-11 00:00:00-04:00,37.77651616399335,38.11531996040287,37.67844111231173,38.08857345581055,1554600,0.0,0.0
2017-09-12 00:00:00-04:00,38.177733518864336,38.35605149844141,38.08857622964208,38.30255508422852,1881500,0.0,0.0
2017-09-13 00:00:00-04:00,38.159895447033605,38.159895447033605,37.990495263399566,38.05290603637695,1383400,0.0,0.0
2017-09-14 00:00:00-04:00,38.32038978595397,38.43629699060321,38.18665384317359,38.32930755615234,1399500,0.0,0.0
2017-09-15 00:00:00-04:00,38.66810157042459,38.98907322155034,38.51653351357756,38.92666244506836,1165900,0.0,0.0
2017-09-18 00:00:00-04:00,39.62209699914191,39.86282572681778,39.45269681350278,39.844993591308594,2679600,0.0,0.0
2017-09-19 00:00:00-04:00,39.49727390544237,39.604263313176894,39.28329508997332,39.38136672973633,2051900,0.0,0.0
2017-09-20 00:00:00-04:00,39.55077271383718,39.782583678207175,39.18522243082118,39.49727630615234,1686400,0.0,0.0
2017-09-21 00:00:00-04:00,39.80041607777192,39.81824821378499,39.34570851340098,39.36354064941406,1664100,0.0,0.0
2017-09-22 00:00:00-04:00,39.42594818166338,39.61318049270049,39.36353741131768,39.5953483581543,1007000,0.0,0.0
2017-09-25 00:00:00-04:00,38.98015988763284,39.00690639222516,37.9815806351766,38.08857345581055,3033000,0.0,0.0
2017-09-26 00:00:00-04:00,38.33821806887222,38.68593624671103,38.31147156323307,38.55220031738281,2066900,0.0,0.0
2017-09-27 00:00:00-04:00,38.855339760640206,38.87316849693603,38.266889428904506,38.596778869628906,1838500,0.0,0.0
2017-09-28 00:00:00-04:00,38.00833268749306,38.32038659580176,37.95483627415477,38.11532211303711,1282400,0.0,0.0
2017-09-29 00:00:00-04:00,38.35604449394776,39.22088432622533,38.33821235913327,39.158470153808594,1609600,0.0,0.0
2017-10-02 00:00:00-04:00,39.301131878077314,39.62210013928385,39.238717698282656,39.25654983520508,1895400,0.0,0.0
2017-10-03 00:00:00-04:00,39.86282982720123,40.16596935977484,39.68451185489927,40.11247634887695,1677300,0.0,0.0
2017-10-04 00:00:00-04:00,39.95198746584002,40.12138765597991,39.67559445980236,40.03223037719727,1569400,0.0,0.0
2017-10-05 00:00:00-04:00,40.20163266104571,40.60284723872727,40.08572547168607,40.5047721862793,1380900,0.0,0.0
2017-10-06 00:00:00-04:00,40.29078997824869,40.36211852595515,39.94307181101062,40.28187561035156,1441600,0.0,0.0
2017-10-09 00:00:00-04:00,40.1481372224314,40.2462122772541,40.07681207419007,40.11247634887695,1345800,0.0,0.0
2017-10-10 00:00:00-04:00,40.35319842499918,40.38886269679144,40.21946250747642,40.34428405761719,1473300,0.0,0.0
2017-10-11 00:00:00-04:00,40.37103576521263,40.52260723930308,40.1748890473338,40.45127868652344,1766400,0.0,0.0
2017-10-12 00:00:00-04:00,40.210549302328246,40.210549302328246,39.853916747329,39.862831115722656,1599600,0.0,0.0
2017-10-13 00:00:00-04:00,40.29970850775005,40.49585521537946,40.076811893659766,40.20163345336914,3213700,0.0,0.0
2017-10-16 00:00:00-04:00,40.576101286573405,40.83466219528847,40.52260827175834,40.63851547241211,1489000,0.0,0.0
2017-10-17 00:00:00-04:00,40.56718358250142,40.61176222489307,40.24621191546967,40.29079055786133,1304800,0.0,0.0
2017-10-18 00:00:00-04:00,40.64742261874786,40.77224416598104,40.42452602693659,40.73657989501953,1186000,0.0,0.0
2017-10-19 00:00:00-04:00,39.83607946517012,39.97873314897471,39.657761510131344,39.93415451049805,1620100,0.0,0.0
2017-10-20 00:00:00-04:00,40.13030700823878,40.13030700823878,39.88958164539723,40.05006408691406,1316200,0.0,0.0
2017-10-23 00:00:00-04:00,39.98764911826335,40.023313390926354,39.67559523529259,39.72909164428711,894200,0.0,0.0
2017-10-24 00:00:00-04:00,39.94307345538402,39.98765209896959,39.76475547990926,39.85391616821289,760600,0.0,0.0
2017-10-25 00:00:00-04:00,40.22837750214248,40.32645255053441,39.63101624540207,39.90740585327149,2540400,0.0,0.0
2017-10-26 00:00:00-04:00,39.89849534570063,39.94307398988273,39.675598723657615,39.684513092041016,1061600,0.0,0.0
2017-10-27 00:00:00-04:00,39.82716754557763,40.54935383903122,39.63993519580053,40.406700134277344,2560900,0.0,0.0
2017-10-30 00:00:00-04:00,39.97874072698121,40.1748908548175,39.91632994105743,40.15705871582031,1416300,0.0,0.0
2017-10-31 00:00:00-04:00,40.18380198619329,40.26404490464918,40.0144017810675,40.16596984863281,1385600,0.0,0.0
2017-11-01 00:00:00-04:00,41.23587029482351,41.28044893383472,41.030805834466186,41.05755233764648,1890400,0.0,0.0
2017-11-02 00:00:00-04:00,41.53901299913209,41.556845136335625,41.11105190964442,41.49443435668945,1832500,0.0,0.0
2017-11-03 00:00:00-04:00,42.18096071159622,42.28795014478872,41.81541036381682,42.1274642944336,1522500,0.0,0.0
2017-11-06 00:00:00-05:00,43.20627762743481,43.68773511641811,43.20627762743481,43.58074569702149,2039900,0.0,0.0
2017-11-07 00:00:00-05:00,45.11427783537864,45.11427783537864,44.34751626331008,44.3653450012207,2827600,0.0,0.0
2017-11-08 00:00:00-05:00,44.258348948154456,44.44558127840549,44.10678089065569,44.3742561340332,1527500,0.0,0.0
2017-11-09 00:00:00-05:00,44.25834498982204,44.25834498982204,43.57182310583645,44.017616271972656,2467100,0.0,0.0
2017-11-10 00:00:00-05:00,44.115692945619074,44.47232885218149,43.9641248960659,44.43666458129883,1599300,0.0,0.0
2017-11-13 00:00:00-05:00,44.311844493925925,44.8378806028099,44.22268381378243,44.72197341918945,2118200,0.0,0.0
2017-11-14 00:00:00-05:00,44.50799423732787,44.50799423732787,43.64315768804312,43.776893615722656,3554000,0.0,0.0
2017-11-15 00:00:00-05:00,44.90029196060256,45.00728137702998,44.32967720481331,44.73088836669922,3109200,0.0,0.0
2017-11-16 00:00:00-05:00,45.21234072683149,45.89886259006867,45.13209782330684,45.64921951293945,4109700,0.0,0.0
2017-11-17 00:00:00-05:00,46.38033122773203,46.92419954969014,46.37141345788827,46.629974365234375,4322500,0.0,0.0
2017-11-20 00:00:00-05:00,48.41314406044568,48.83219078468497,46.93311067403213,48.46664047241211,4545800,0.0,0.0
2017-11-21 00:00:00-05:00,49.84859790064813,49.9734194585084,49.70594420578892,49.83968353271485,5301600,0.0,0.0
2017-11-22 00:00:00-05:00,49.25123959615777,49.25123959615777,48.60037846028002,48.93918228149414,4043000,0.0,0.0
2017-11-24 00:00:00-05:00,48.27048419500626,48.27048419500626,47.79794452031402,47.90493392944336,2679100,0.0,0.0
2017-11-27 00:00:00-05:00,47.432399695833055,47.476978337989664,47.182753177717736,47.25408172607422,3804400,0.0,0.0
2017-11-28 00:00:00-05:00,48.18133625474504,48.3864007457736,48.029764778077954,48.27941131591797,3584500,0.0,0.0
2017-11-29 00:00:00-05:00,47.19167497627552,47.20058934501503,45.78296663614422,46.36249923706055,5081900,0.0,0.0
2017-11-30 00:00:00-05:00,45.82754736526948,45.89887251653239,45.470911405557175,45.63139724731445,2931600,0.0,0.0
2017-12-01 00:00:00-05:00,43.94629572902309,44.026538643363125,43.13495221786604,43.714481353759766,5799100,0.0,0.0
2017-12-04 00:00:00-05:00,44.62390087402834,44.73980806414866,43.50941781822777,43.54508209228516,4872500,0.0,0.0
2017-12-05 00:00:00-05:00,42.79614796608399,43.47375214571546,42.61783000266552,42.81398010253906,4876000,0.0,0.0
2017-12-06 00:00:00-05:00,41.84215539178985,42.76048841323542,41.717333823958334,42.46626663208008,7116900,0.0,0.0
2017-12-07 00:00:00-05:00,43.24193937174289,43.42025732772908,42.98337850561952,43.33109664916992,4462500,0.0,0.0
2017-12-08 00:00:00-05:00,45.27476517868035,45.27476517868035,44.97162560721175,45.00728988647461,4752000,0.0,0.0
2017-12-11 00:00:00-05:00,46.21092593740403,46.62105487571912,46.2020081685398,46.47840118408203,2827600,0.0,0.0
2017-12-12 00:00:00-05:00,45.03402593894877,45.11426884809226,44.5793183878904,45.01619720458984,3240300,0.0,0.0
2017-12-13 00:00:00-05:00,45.42632664666602,45.845369931623885,45.38174800798524,45.69380187988281,3284300,0.0,0.0
2017-12-14 00:00:00-05:00,45.3906656025847,45.3906656025847,45.02511529759997,45.0607795715332,2887900,0.0,0.0
2017-12-15 00:00:00-05:00,44.70414523624132,45.025116910876285,44.44558434265954,44.855716705322266,3209500,0.0,0.0
2017-12-18 00:00:00-05:00,45.33716961070032,45.64922690880165,45.248012326175584,45.56006622314453,2974500,0.0,0.0
2017-12-19 00:00:00-05:00,45.75621410535149,45.80079274544602,45.051860028008456,45.35499954223633,2062300,0.0,0.0
2017-12-20 00:00:00-05:00,45.50657361251785,45.5422378870939,44.935958823830745,45.15885543823242,1622500,0.0,0.0
2017-12-21 00:00:00-05:00,45.95236632887661,46.39815955270863,45.84537350634161,46.22875595092773,2723500,0.0,0.0
2017-12-22 00:00:00-05:00,46.35358647103303,46.60322961796327,46.00586485778087,46.55865097045898,1723300,0.0,0.0
2017-12-26 00:00:00-05:00,46.62997058678438,46.70129913522393,46.36249533240085,46.407073974609375,1291000,0.0,0.0
2017-12-27 00:00:00-05:00,45.85428602423665,46.21092192291341,45.83645388918961,45.94344329833984,1704000,0.0,0.0
2017-12-28 00:00:00-05:00,46.701295557629614,46.71912769337345,46.17525945714877,46.27333450317383,1742700,0.0,0.0
2017-12-29 00:00:00-05:00,46.54081090373303,46.54081090373303,46.166342845989625,46.29116439819336,1646500,0.0,0.0
2018-01-02 00:00:00-05:00,47.940599722274285,48.59145736694336,47.24516343914635,48.59145736694336,2411200,0.0,0.0
2018-01-03 00:00:00-05:00,48.60037105369556,48.8678496829677,48.591456686581445,48.85001754760742,2988400,0.0,0.0
2018-01-04 00:00:00-05:00,49.42063603870255,49.64353264598476,49.27798234608723,49.51871109008789,3059100,0.0,0.0
2018-01-05 00:00:00-05:00,49.500880973014254,49.82185264477752,49.48304883556825,49.81293487548828,2837100,0.0,0.0
2018-01-08 00:00:00-05:00,50.169567171483855,50.46378891510241,49.88425979537342,50.34788513183594,2915400,0.0,0.0
2018-01-09 00:00:00-05:00,50.83825616894031,51.00765635797631,50.5083701582356,50.87392044067383,3178700,0.0,0.0
2018-01-10 00:00:00-05:00,50.18739926834358,50.19631363584472,49.72377393224401,49.94667053222656,2633200,0.0,0.0
2018-01-11 00:00:00-05:00,49.126415201743065,49.36714396689881,48.948100621152975,49.34931182861328,2286100,0.0,0.0
2018-01-12 00:00:00-05:00,50.51728874806591,50.82042828087432,50.29439213279892,50.74909973144531,2107500,0.0,0.0
2018-01-16 00:00:00-05:00,50.93633051496196,51.266216521128754,50.23197646300866,50.28547286987305,3833000,0.0,0.0
2018-01-17 00:00:00-05:00,51.36430020407251,51.68527189697029,50.92742131070992,51.64068984985352,2636700,0.0,0.0
2018-01-18 00:00:00-05:00,51.27513198004245,51.31971402061133,50.92741383085112,51.19488906860352,2572400,0.0,0.0
2018-01-19 00:00:00-05:00,51.738756002009545,51.89032745361328,51.49802727379097,51.89032745361328,2107400,0.0,0.0
2018-01-22 00:00:00-05:00,52.63034442778105,53.10288753546127,52.5144406438824,53.03155899047852,3198900,0.0,0.0
2018-01-23 00:00:00-05:00,54.11929295575577,54.253028869628906,53.94988936993157,54.253028869628906,3928200,0.0,0.0
2018-01-24 00:00:00-05:00,53.914232383682496,54.18170763182706,53.1563818792852,53.58434295654297,4159200,0.0,0.0
2018-01-25 00:00:00-05:00,52.853241989648616,53.08505636392309,52.30045936051547,52.63926315307617,4178600,0.0,0.0
2018-01-26 00:00:00-05:00,53.94989018637286,54.38676900768684,53.70916485753183,54.351104736328125,2570900,0.0,0.0
2018-01-29 00:00:00-05:00,53.7715803981246,53.7715803981246,53.04939414419096,53.33470153808594,4327300,0.0,0.0
2018-01-30 00:00:00-05:00,52.139972774731824,52.35395500932659,51.54261151342234,52.09539413452149,5398100,0.0,0.0
2018-01-31 00:00:00-05:00,53.03156577496182,53.307958820431445,52.353961516598815,52.75517272949219,2631900,0.0,0.0
2018-02-01 00:00:00-05:00,51.92599241170864,52.1310568715415,51.58718863405201,51.63176727294922,3531100,0.0,0.0
2018-02-02 00:00:00-05:00,50.954162439807085,50.998741078110285,49.705940160524925,49.750518798828125,5099500,0.0,0.0
2018-02-05 00:00:00-05:00,49.63461182771479,50.41029442221743,47.95843189274537,48.14566421508789,6110700,0.0,0.0
2018-02-06 00:00:00-05:00,46.49623493241504,49.54545897228012,46.36249560387398,49.2244873046875,9918400,0.0,0.0
2018-02-07 00:00:00-05:00,47.87819302811543,48.57362937050452,47.47697844553234,47.6107177734375,6263600,0.0,0.0
2018-02-08 00:00:00-05:00,48.19025502495813,48.19025502495813,45.720559736093925,45.7383918762207,7279100,0.0,0.0
2018-02-09 00:00:00-05:00,46.014777303642674,46.98660667177116,44.42775450841967,46.54081344604492,7757100,0.0,0.0
2018-02-12 00:00:00-05:00,47.3432388498619,48.17241451546647,46.98660631268584,47.74445343017578,4801400,0.0,0.0
2018-02-13 00:00:00-05:00,48.09217142600855,48.92134708862356,47.92277122654561,48.85893630981445,3335300,0.0,0.0
2018-02-14 00:00:00-05:00,48.85893486689874,50.80259352389321,48.78760972228004,50.44596099853516,5175700,0.0,0.0
2018-02-15 00:00:00-05:00,52.20238262058784,52.76408300039439,51.08789962953714,52.264793395996094,4495400,0.0,0.0
2018-02-16 00:00:00-05:00,51.92599711542798,52.54119055065392,51.62285758188207,51.908164978027344,2692700,0.0,0.0
2018-02-20 00:00:00-05:00,50.88283551551728,51.596103954444274,50.71343532412593,51.23947143554688,3237400,0.0,0.0
2018-02-21 00:00:00-05:00,52.55009921834685,52.995892401607406,51.80116653442383,51.80116653442383,2950500,0.0,0.0
2018-02-22 00:00:00-05:00,51.596108519232494,52.09539817122042,51.27513684303543,51.38212966918945,2729600,0.0,0.0
2018-02-23 00:00:00-05:00,51.85466678419613,52.2469635901342,51.68526658640904,52.20238494873047,1612600,0.0,0.0
2018-02-26 00:00:00-05:00,51.73875679972599,52.345035813224456,51.54261010792271,52.21129989624024,2344600,0.0,0.0
2018-02-27 00:00:00-05:00,50.829345465392585,51.025495586058405,50.01800187691025,50.06258392333984,2818100,0.0,0.0
2018-02-28 00:00:00-05:00,49.37606116157019,49.679200706628606,48.81436071608172,48.93918228149414,2999600,0.0,0.0
2018-03-01 00:00:00-05:00,50.62427312151984,50.642105257098414,49.03725046748003,49.70594024658203,3404800,0.0,0.0
2018-03-02 00:00:00-05:00,48.37748164825923,49.88426499923103,48.16350279442052,49.83076858520508,2872900,0.0,0.0
2018-03-05 00:00:00-05:00,48.52012858722845,49.75051872924196,48.46663558179226,49.57220077514648,3379600,0.0,0.0
2018-03-06 00:00:00-05:00,50.597533604100704,50.61536574214114,49.92884373268088,50.18740463256836,2648500,0.0,0.0
2018-03-07 00:00:00-05:00,49.88426187261954,50.34788722838803,49.5276259370646,50.19631576538086,2806400,0.0,0.0
2018-03-08 00:00:00-05:00,50.54403480342312,50.74909927950669,50.15173798845443,50.47270965576172,1491500,0.0,0.0
2018-03-09 00:00:00-05:00,51.27513191364064,51.86357879638672,51.07898522014672,51.86357879638672,2947500,0.0,0.0
2018-03-12 00:00:00-04:00,52.309375183396405,52.4520322799229,51.83683545511571,52.30046081542969,2627400,0.0,0.0
2018-03-13 00:00:00-04:00,52.88890572844189,52.88890572844189,51.32862950624141,51.56044387817383,3037700,0.0,0.0
2018-03-14 00:00:00-04:00,52.70167481249104,52.755167821963234,51.85466701748037,52.29154586791992,2658600,0.0,0.0
2018-03-15 00:00:00-04:00,53.093969741403946,53.49518430390971,52.87999090882235,53.25445556640625,3607300,0.0,0.0
2018-03-16 00:00:00-04:00,52.85323657139472,52.95131161190804,52.56792921779158,52.84432220458984,3773000,0.0,0.0
2018-03-19 00:00:00-04:00,52.20238507073648,52.24696371224439,51.364295046537706,51.93490982055664,4057000,0.0,0.0
2018-03-20 00:00:00-04:00,53.12963791047116,53.35253452808496,52.96915207369862,53.20988082885742,4025500,0.0,0.0
2018-03-21 00:00:00-04:00,51.88141262405723,51.97057330685461,51.13247989422074,51.61393737792969,6467300,0.0,0.0
2018-03-22 00:00:00-04:00,47.75337061176016,47.77120274856943,45.99694424906838,46.08610153198242,27203300,0.0,0.0
2018-03-23 00:00:00-04:00,47.815781381572805,47.967349442726345,46.61213765565202,46.71021270751953,9625400,0.0,0.0
2018-03-26 00:00:00-04:00,48.52904335532144,49.46520830503062,47.93167875620255,49.26905822753906,7169400,0.0,0.0
2018-03-27 00:00:00-04:00,49.358226360885446,49.48304791956443,47.53047482065954,47.833614349365234,5481300,0.0,0.0
2018-03-28 00:00:00-04:00,46.84395133353687,47.04009803321075,46.27333656879056,46.9687728881836,7811000,0.0,0.0
2018-03-29 00:00:00-04:00,46.74587702895228,47.7533706521687,46.46056964202712,47.51264190673828,4925900,0.0,0.0
2018-04-02 00:00:00-04:00,47.18275810838336,47.18275810838336,45.48874572147869,45.836463928222656,5505700,0.0,0.0
2018-04-03 00:00:00-04:00,46.53189119689771,46.763705556590864,46.08609801409157,46.576473236083984,3736800,0.0,0.0
2018-04-04 00:00:00-04:00,44.93594876431624,46.91526794433594,44.89136673051025,46.91526794433594,6980200,0.0,0.0
2018-04-05 00:00:00-04:00,47.18275790535949,47.38782580186569,46.79046105348841,46.906368255615234,5849700,0.0,0.0
2018-04-06 00:00:00-04:00,46.175259926578015,46.76370680757854,45.43524159078001,45.70271682739258,3260700,0.0,0.0
2018-04-09 00:00:00-04:00,46.58538978293258,47.04009735417211,46.07718580284571,46.38032531738281,3744600,0.0,0.0
2018-04-10 00:00:00-04:00,47.378903123919216,47.87819275732453,47.20950292384551,47.74445343017578,7083000,0.0,0.0
2018-04-11 00:00:00-04:00,47.48589285009904,47.86927529584784,47.28974614378811,47.387821197509766,4010200,0.0,0.0
2018-04-12 00:00:00-04:00,47.09359732656747,47.69096203326884,47.05793305130389,47.53939056396485,5352100,0.0,0.0
2018-04-13 00:00:00-04:00,46.67454853259666,46.78154135365962,45.82754413987508,46.04152297973633,3743400,0.0,0.0
2018-04-16 00:00:00-04:00,45.97019886282811,45.97019886282811,45.497655728716666,45.827545166015625,2888400,0.0,0.0
2018-04-17 00:00:00-04:00,45.44416559822873,46.27334132635575,45.38175481448864,46.17526626586914,5305900,0.0,0.0
2018-04-18 00:00:00-04:00,45.72946398602636,46.13067851742042,45.52439953689872,45.889949798583984,3168300,0.0,0.0
2018-04-19 00:00:00-04:00,46.12176208817119,46.13067985642322,45.56897949616746,45.81862258911133,1996700,0.0,0.0
2018-04-20 00:00:00-04:00,45.50657405419464,45.52440619165574,44.90029498504708,45.03403091430664,2961000,0.0,0.0
2018-04-23 00:00:00-04:00,45.04294279765978,45.32825015749019,44.75763543782936,44.96269989013672,2734300,0.0,0.0
2018-04-24 00:00:00-04:00,45.25692477729222,45.37283196317097,44.02653797752921,44.3742561340332,4181100,0.0,0.0
2018-04-25 00:00:00-04:00,43.82147565941492,44.57932278632956,43.25085747079867,43.776893615722656,4419800,0.0,0.0
2018-04-26 00:00:00-04:00,43.66990718190047,44.12461821007331,43.5807498906793,44.08003616333008,3994600,0.0,0.0
2018-04-27 00:00:00-04:00,44.29401008869136,44.31184222380651,43.598573824860594,44.11569213867188,2941800,0.0,0.0
2018-04-30 00:00:00-04:00,44.47232434981213,44.47232434981213,43.77688474253482,43.80363464355469,2155400,0.0,0.0
2018-05-01 00:00:00-04:00,43.75906502173594,43.94629736177489,43.21519673779503,43.9106330871582,3687000,0.0,0.0
2018-05-02 00:00:00-04:00,44.61498389669033,44.61498389669033,43.97304060573209,44.14244079589844,3260200,0.0,0.0
2018-05-03 00:00:00-04:00,43.643159209131966,43.76798077310289,42.68916194034557,43.61640930175781,5208400,0.0,0.0
2018-05-04 00:00:00-04:00,43.41134046096732,44.4544983144172,43.1616973580808,44.23160171508789,3416500,0.0,0.0
2018-05-07 00:00:00-04:00,43.17952947714307,43.62532267562596,43.09928656537086,43.60749053955078,7049400,0.0,0.0
2018-05-08 00:00:00-04:00,44.45449530177799,44.60606334650684,43.955205728709146,44.55257034301758,3056000,0.0,0.0
2018-05-09 00:00:00-04:00,45.03403338471933,45.16777272244783,44.62390440401313,45.10536193847656,2706000,0.0,0.0
2018-05-10 00:00:00-04:00,46.36249597433999,47.218418160671405,46.24658878208706,46.99552154541016,6335600,0.0,0.0
2018-05-11 00:00:00-04:00,46.87070011535484,46.96877517052364,46.37141047137384,46.72804641723633,2451900,0.0,0.0
2018-05-14 00:00:00-04:00,46.89744188144095,47.10250974032381,46.558641508356445,46.67454528808594,4901900,0.0,0.0
2018-05-15 00:00:00-04:00,44.846798844860366,44.971620406713214,44.4990806650896,44.90029525756836,4293600,0.0,0.0
2018-05-16 00:00:00-04:00,46.99552064611585,48.46663963914212,46.99552064611585,47.96735000610352,9869300,0.0,0.0
2018-05-17 00:00:00-04:00,47.004220276364734,47.57602548333626,46.92380995612013,47.03995895385742,5623300,0.112,0.0
2018-05-18 00:00:00-04:00,46.512825674919405,46.66470994285309,46.1911843919682,46.65577697753906,3836800,0.0,0.0
2018-05-21 00:00:00-04:00,46.74511997688455,47.06676125786301,46.45921737339879,47.03995895385742,4268600,0.0,0.0
2018-05-22 00:00:00-04:00,47.218639472641335,47.42413513777106,46.54855469256661,46.58429336547852,4469400,0.0,0.0
2018-05-23 00:00:00-04:00,46.45922274564391,47.03996439325577,46.14651780199339,46.94168472290039,3148100,0.0,0.0
2018-05-24 00:00:00-04:00,46.53068886434612,46.63790147508482,45.82486540984248,46.30732727050781,2602200,0.0,0.0
2018-05-25 00:00:00-04:00,46.155446736824736,46.36987539961881,45.84274182048751,46.360939025878906,3030900,0.0,0.0
2018-05-29 00:00:00-04:00,45.90527750487706,46.12863910740029,45.11904370969159,45.521095275878906,3976400,0.0,0.0
2018-05-30 00:00:00-04:00,45.03863096998938,45.56576445987388,44.94035132485758,45.449615478515625,4333300,0.0,0.0
2018-05-31 00:00:00-04:00,45.45855375361328,45.92314629026649,45.14584546890163,45.6283073425293,3982600,0.0,0.0
2018-06-01 00:00:00-04:00,46.226920027689474,46.914870783118886,46.14650971224312,46.7451171875,5390600,0.0,0.0
2018-06-04 00:00:00-04:00,47.29011648489284,47.772578341118056,47.28118011261417,47.602821350097656,3788800,0.0,0.0
2018-06-05 00:00:00-04:00,47.987000439586055,48.23716772370665,47.799377532666,48.1031494140625,3717200,0.0,0.0
2018-06-06 00:00:00-04:00,48.5588125309714,48.89832313163798,48.34438729450765,48.8447151184082,4025400,0.0,0.0
2018-06-07 00:00:00-04:00,48.93405313623413,48.996594103139735,47.84404758463304,48.2014274597168,4322400,0.0,0.0
2018-06-08 00:00:00-04:00,47.34372584417894,47.95126625558642,47.17396884831688,47.88872528076172,5313500,0.0,0.0
2018-06-11 00:00:00-04:00,47.4866823632385,47.94233857405987,47.4866823632385,47.89766693115234,2475700,0.0,0.0
2018-06-12 00:00:00-04:00,47.74577133477202,47.74577133477202,47.36158913468971,47.62068939208984,3066300,0.0,0.0
2018-06-13 00:00:00-04:00,47.55815197492717,47.56708834763078,46.977413853612646,47.120365142822266,4876600,0.0,0.0
2018-06-14 00:00:00-04:00,47.18290679380936,47.272250072758126,46.92380651333926,47.2633171081543,4170900,0.0,0.0
2018-06-15 00:00:00-04:00,46.664701706116695,46.87913032631157,46.10182956030405,46.81658935546875,3471300,0.0,0.0
2018-06-18 00:00:00-04:00,46.182237480691846,46.19117385219469,45.66404040502181,46.11076354980469,3749500,0.0,0.0
2018-06-19 00:00:00-04:00,45.00289381544757,45.50322502198185,44.806337926781694,45.40494537353516,6168600,0.0,0.0
2018-06-20 00:00:00-04:00,45.699787095332674,45.789130376679005,45.297735512818726,45.39601516723633,3262600,0.0,0.0
2018-06-21 00:00:00-04:00,45.34240513872494,45.34240513872494,44.54723838210116,44.60977935791016,5418200,0.0,0.0
2018-06-22 00:00:00-04:00,45.56576617380577,45.56576617380577,44.94928938782795,45.07437133789063,3083000,0.0,0.0
2018-06-25 00:00:00-04:00,44.359619716871286,44.359619716871286,43.18920358470904,43.59125518798828,8402200,0.0,0.0
2018-06-26 00:00:00-04:00,43.93075646502344,43.93969283734872,43.38575704114186,43.74313354492188,5701100,0.0,0.0
2018-06-27 00:00:00-04:00,43.618053432662464,43.72526604748284,42.53698409530242,42.733543395996094,6211400,0.0,0.0
2018-06-28 00:00:00-04:00,43.01051050487556,43.77887497838403,42.88542855025375,43.73420333862305,6826400,0.0,0.0
2018-06-29 00:00:00-04:00,44.83314231088019,45.163716537009726,44.80634000850494,44.89568328857422,6186600,0.0,0.0
2018-07-02 00:00:00-04:00,44.09157979954868,44.31494140625,43.88608753037079,44.31494140625,2408300,0.0,0.0
2018-07-03 00:00:00-04:00,44.67231697318932,44.75272728007016,44.14518349657659,44.19879150390625,1287400,0.0,0.0
2018-07-05 00:00:00-04:00,44.22560119628906,44.30601151661143,43.644859615268864,44.22560119628906,3099700,0.0,0.0
2018-07-06 00:00:00-04:00,44.0737132537181,44.851010679861545,43.88608691646064,44.47576141357422,2576500,0.0,0.0
2018-07-09 00:00:00-04:00,45.35133827669561,45.55683395025724,45.199454022929054,45.521095275878906,3175000,0.0,0.0
2018-07-10 00:00:00-04:00,44.08264702329047,44.261336991060695,43.769942135863324,43.98436737060547,6785600,0.0,0.0
2018-07-11 00:00:00-04:00,42.921163394662166,43.50190147617969,42.88542472275198,43.07304763793945,3976200,0.0,0.0
2018-07-12 00:00:00-04:00,43.57338125117801,43.77887351378603,43.33215031466577,43.72526550292969,5567800,0.0,0.0
2018-07-13 00:00:00-04:00,43.3500194511538,43.62698906028948,43.15346015381702,43.52870941162109,3136200,0.0,0.0
2018-07-16 00:00:00-04:00,43.42149284989027,43.42149284989027,43.06411634163185,43.278541564941406,2550700,0.0,0.0
2018-07-17 00:00:00-04:00,42.91223769807424,43.45724065149218,42.84076374470026,43.2874870300293,3251600,0.0,0.0
2018-07-18 00:00:00-04:00,43.04625177453314,43.421497661016055,42.98371079345265,43.341087341308594,4554500,0.0,0.0
2018-07-19 00:00:00-04:00,42.83182009235779,42.894361069018565,40.99132265080747,42.54591751098633,3247800,0.0,0.0
2018-07-20 00:00:00-04:00,42.84075583024024,43.26960969594168,42.76927848184288,43.06411743164063,4347900,0.0,0.0
2018-07-23 00:00:00-04:00,42.34936247592425,42.46550805880712,42.12600086668041,42.35829544067383,3536400,0.0,0.0
2018-07-24 00:00:00-04:00,43.05518431716681,43.49297458866137,42.89436367933027,43.17133331298828,5455700,0.0,0.0
2018-07-25 00:00:00-04:00,43.36789110476593,44.002237260495896,43.18026816995471,43.87715530395508,3011600,0.0,0.0
2018-07-26 00:00:00-04:00,42.68886627281989,42.88542556395412,42.43870238099627,42.52804565429688,4147600,0.0,0.0
2018-07-27 00:00:00-04:00,42.465501850261965,42.57271786094773,41.90263313118399,42.00984573364258,3693000,0.0,0.0
2018-07-30 00:00:00-04:00,41.99198001364003,42.367225858663794,41.02705628376039,41.09853363037109,5735000,0.0,0.0
2018-07-31 00:00:00-04:00,40.60714374806613,41.13427731474042,40.43738673329929,40.83050537109375,6370200,0.0,0.0
2018-08-01 00:00:00-04:00,40.41058408487704,40.73222536461293,40.24976344500909,40.60714340209961,4591200,0.0,0.0
2018-08-02 00:00:00-04:00,39.258033504924704,39.74943175045388,39.150820891458125,39.642215728759766,8409800,0.0,0.0
2018-08-03 00:00:00-04:00,39.99959660929939,40.53566309769892,39.99066023649708,40.41951751708984,5918600,0.0,0.0
2018-08-06 00:00:00-04:00,40.34803901460074,40.50885963817053,40.16041608984516,40.330169677734375,3596500,0.0,0.0
2018-08-07 00:00:00-04:00,41.08066637809382,41.16107669299703,40.78583082893381,40.94665145874024,4553900,0.0,0.0
2018-08-08 00:00:00-04:00,41.39337362449807,41.54525787756359,41.05386303592609,41.46484756469727,5095400,0.0,0.0
2018-08-09 00:00:00-04:00,42.64420000277534,42.77821833781934,42.438707721741615,42.48337936401367,6609100,0.0,0.0
2018-08-10 00:00:00-04:00,41.991976163209046,42.125994471701645,41.76861458787283,42.03664779663086,5724700,0.0,0.0
2018-08-13 00:00:00-04:00,41.54526419717757,41.581002876827306,40.80370193147203,40.87517929077149,5048200,0.0,0.0
2018-08-14 00:00:00-04:00,39.69582199597786,39.73156066830608,39.40098306161108,39.49032974243164,8239100,0.0,0.0
2018-08-15 00:00:00-04:00,35.73785585345644,37.256715408873845,35.55916589254365,36.85466384887695,26774300,0.0,0.0
2018-08-16 00:00:00-04:00,37.16736723807692,38.1412239074707,37.16736723807692,38.1412239074707,11702300,0.0,0.0
2018-08-17 00:00:00-04:00,38.21270021790664,39.75836197093552,37.95359996236869,39.42778778076172,10522600,0.0,0.0
2018-08-20 00:00:00-04:00,40.11574110463256,40.11574110463256,39.64221223775272,39.91918182373047,5668600,0.0,0.0
2018-08-21 00:00:00-04:00,40.07107166997242,40.57140290582241,40.06213870514818,40.37484359741211,8162400,0.0,0.0
2018-08-22 00:00:00-04:00,41.09853583796762,41.37550545862023,40.8930435677651,41.196815490722656,6116500,0.0,0.0
2018-08-23 00:00:00-04:00,41.312968976964775,41.42018160607964,40.026403794674266,40.071075439453125,7584600,0.0,0.0
2018-08-24 00:00:00-04:00,40.66074401311533,41.06279557326515,40.55353139981789,40.93771362304688,5538500,0.0,0.0
2018-08-27 00:00:00-04:00,41.37550421698838,41.85796268513782,41.3308291701839,41.51845550537109,6589200,0.0,0.0
2018-08-28 00:00:00-04:00,41.71501938827661,41.7418251031401,41.27723247483543,41.43805313110352,2897700,0.0,0.0
2018-08-29 00:00:00-04:00,40.9555804512695,41.32189331513949,40.78582687326103,41.2772216796875,3312700,0.0,0.0
2018-08-30 00:00:00-04:00,40.59820712917768,40.6071435026524,37.9714756852099,38.40032958984375,16532000,0.0,0.0
2018-08-31 00:00:00-04:00,38.49860229116442,38.55221029764097,37.774909540753626,38.54327392578125,8848800,0.0,0.0
2018-09-04 00:00:00-04:00,38.08761908886863,38.15016006109478,37.363926313959375,37.58728790283203,7326400,0.0,0.0
2018-09-05 00:00:00-04:00,36.64023547312206,37.51581594696088,36.04162801929471,36.11310195922852,14577100,0.0,0.0
2018-09-06 00:00:00-04:00,35.880803306183445,36.23818318981806,35.61277009757106,36.19350814819336,6836700,0.0,0.0
2018-09-07 00:00:00-04:00,35.76465479868921,36.58662717846613,35.68424449423524,36.1399040222168,5383200,0.0,0.0
2018-09-10 00:00:00-04:00,35.90761007324387,35.916546445971804,34.82654073264052,35.094573974609375,7539700,0.0,0.0
2018-09-11 00:00:00-04:00,34.701455347406615,35.81826325198558,34.44235509556975,35.72891998291016,7561800,0.0,0.0
2018-09-12 00:00:00-04:00,35.148181595617864,35.961217685215374,34.81760738113823,35.58597183227539,7035600,0.0,0.0
2018-09-13 00:00:00-04:00,37.66769875557184,37.97147065715821,37.21204260730601,37.48007583618164,7741000,0.0,0.0
2018-09-14 00:00:00-04:00,37.52475328087041,37.5604919591126,36.51515777400983,36.94401168823242,5039300,0.0,0.0
2018-09-17 00:00:00-04:00,36.40793469291168,36.5776882534752,36.05055482956777,36.122032165527344,2885200,0.0,0.0
2018-09-18 00:00:00-04:00,36.300728883854525,36.675974743116,36.229251534531805,36.66704177856445,3043500,0.0,0.0
2018-09-19 00:00:00-04:00,36.78318964042295,37.480080206635066,36.774256675317325,37.37286758422852,4734500,0.0,0.0
2018-09-20 00:00:00-04:00,37.38180121300216,37.63196513913474,37.26565221520009,37.51581954956055,5233400,0.0,0.0
2018-09-21 00:00:00-04:00,38.480740790028825,38.62369209484273,38.11442785842896,38.21270751953125,5876700,0.0,0.0
2018-09-24 00:00:00-04:00,37.65876510291006,37.67663103071133,37.185236218720014,37.33712387084961,2364200,0.0,0.0
2018-09-25 00:00:00-04:00,37.65876746157564,37.828521052138605,37.417536522421386,37.6855697631836,2591900,0.0,0.0
2018-09-26 00:00:00-04:00,37.70343948202802,38.09655467857719,37.51581655241781,37.551551818847656,4269100,0.0,0.0
2018-09-27 00:00:00-04:00,37.33711964992411,37.33711964992411,36.979739786207865,37.1137580871582,4430100,0.0,0.0
2018-09-28 00:00:00-04:00,36.63130119752911,36.7653195164208,36.30072699468436,36.48834991455078,4068600,0.0,0.0
2018-10-01 00:00:00-04:00,36.66703742748345,36.95293997439259,36.5419554892391,36.77425003051758,2820400,0.0,0.0
2018-10-02 00:00:00-04:00,36.184578865666616,36.184578865666616,35.737855669794186,35.9433479309082,4038000,0.0,0.0
2018-10-03 00:00:00-04:00,36.18458391330807,36.27392720165467,35.56810704396934,35.67531967163086,3943300,0.0,0.0
2018-10-04 00:00:00-04:00,35.36260918211595,35.36260918211595,34.326208114523986,34.50489807128906,6321800,0.0,0.0
2018-10-05 00:00:00-04:00,34.62105115633438,34.826543438081416,34.07604825733112,34.7818717956543,5033900,0.0,0.0
2018-10-08 00:00:00-04:00,33.9420336096611,34.48703310492618,33.73653791799337,34.39768981933594,4614400,0.0,0.0
2018-10-09 00:00:00-04:00,33.62932549290155,33.65612779709186,33.05752028198902,33.10219192504883,8261600,0.0,0.0
2018-10-10 00:00:00-04:00,32.43209988131334,32.43209988131334,31.431440983536675,31.62800025939941,11682900,0.0,0.0
2018-10-11 00:00:00-04:00,30.618407194925734,31.851364127186656,30.60947082271001,31.31529426574707,14372100,0.0,0.0
2018-10-12 00:00:00-04:00,33.504237970633376,33.87055083611654,32.87882484686942,33.83481216430664,6899400,0.0,0.0
2018-10-15 00:00:00-04:00,32.405308339990654,32.7269496588159,32.04792833946744,32.298095703125,4890500,0.0,0.0
2018-10-16 00:00:00-04:00,32.40529841949181,33.298744739053554,32.235544845736875,33.191532135009766,4229800,0.0,0.0
2018-10-17 00:00:00-04:00,33.03965056399066,33.03965056399066,32.27128604255844,32.57505798339844,2745300,0.0,0.0
2018-10-18 00:00:00-04:00,31.89603645808134,31.967510396226448,31.074064015934127,31.279556274414062,6378000,0.0,0.0
2018-10-19 00:00:00-04:00,32.33382551498338,32.47677680940065,31.72628166165308,31.913908004760746,3590300,0.0,0.0
2018-10-22 00:00:00-04:00,33.27195309366794,33.48637837041377,32.878834405920045,33.325557708740234,3585400,0.0,0.0
2018-10-23 00:00:00-04:00,31.359971449856893,32.67333892326272,31.27062816125878,32.25341796875,7775600,0.0,0.0
2018-10-24 00:00:00-04:00,31.53865626256572,31.56546197133109,30.42184829711914,30.42184829711914,6904600,0.0,0.0
2018-10-25 00:00:00-04:00,30.654151183765595,31.25275871339641,30.511199877568085,31.21702003479004,5014500,0.0,0.0
2018-10-26 00:00:00-04:00,29.54627265108735,30.046603870105454,29.197829094793217,29.590944290161133,9837200,0.0,0.0
2018-10-29 00:00:00-04:00,29.69816292004024,29.742834563034275,28.349056807316064,28.724306106567383,10730900,0.0,0.0
2018-10-30 00:00:00-04:00,28.40266252694965,28.94766538879563,28.179300921814583,28.902990341186523,5641800,0.0,0.0
2018-10-31 00:00:00-04:00,30.46652615897578,30.877514164485547,29.0459460003474,30.672021865844727,7051500,0.0,0.0
2018-11-01 00:00:00-04:00,31.8871013535094,33.26300965184059,31.49398615751232,33.21833801269531,11069400,0.0,0.0
2018-11-02 00:00:00-04:00,34.567439217901374,34.61211426348679,33.218336683617515,33.81694412231445,8930700,0.0,0.0
2018-11-05 00:00:00-05:00,33.504243270771084,34.02244386930839,33.459571628055635,33.79014587402344,6735700,0.0,0.0
2018-11-06 00:00:00-05:00,33.146861262530194,33.8348154241289,33.066450947324434,33.41489791870117,4414600,0.0,0.0
2018-11-07 00:00:00-05:00,34.14751796067418,34.5585024320827,33.93308935355007,34.531700134277344,5928700,0.0,0.0
2018-11-08 00:00:00-05:00,33.370222154976034,33.388091492219445,32.43210410317629,32.61079406738281,7969100,0.0,0.0
2018-11-09 00:00:00-05:00,31.520790622293266,31.52972699567209,30.60947480663969,31.109806060791016,8848100,0.0,0.0
2018-11-12 00:00:00-05:00,30.6362774783038,30.663079779324825,29.841110737889863,30.13594627380371,4188900,0.0,0.0
2018-11-13 00:00:00-05:00,31.047263299654592,32.10153035486223,30.77923005353332,31.359968185424805,6534200,0.0,0.0
2018-11-14 00:00:00-05:00,32.79841009268555,33.25406957591631,32.57504853649745,32.700130462646484,9505300,0.0,0.0
2018-11-15 00:00:00-05:00,32.74481470822298,33.64719414934984,32.619729338673395,33.620391845703125,5070900,0.0,0.0
2018-11-16 00:00:00-05:00,33.12005615981505,33.70973061872287,33.01284355134837,33.47743606567383,3011200,0.0,0.0
2018-11-19 00:00:00-05:00,33.14686574856984,33.34342508083651,32.39637050782122,32.59292984008789,4382200,0.0,0.0
2018-11-20 00:00:00-05:00,31.154475661805225,32.20874270839543,30.645211475869164,31.744150161743164,4423400,0.0,0.0
2018-11-21 00:00:00-05:00,33.68292692912328,33.72759856345592,32.887760250029686,33.191532135009766,3188600,0.0,0.0
2018-11-23 00:00:00-05:00,33.08431625366211,33.30767783443645,32.950301350133856,33.08431625366211,794500,0.0,0.0
2018-11-26 00:00:00-05:00,34.45128825704054,34.55850085158579,34.16538573276858,34.218990325927734,3587900,0.0,0.0
2018-11-27 00:00:00-05:00,34.469167204319135,34.86228243277656,34.20113053085993,34.70146179199219,3010600,0.0,0.0
2018-11-28 00:00:00-05:00,35.988025610759635,36.72065150233034,34.70146381761238,36.64917755126953,6287100,0.0,0.0
2018-11-29 00:00:00-05:00,35.55916390736221,35.84506646557042,35.0320304266232,35.48768997192383,5179200,0.0,0.0
2018-11-30 00:00:00-05:00,35.86294222509016,35.86294222509016,35.157118666990364,35.8093376159668,3858500,0.0,0.0
2018-12-03 00:00:00-05:00,37.87319522152881,38.09655683845996,36.944010077120566,37.04228973388672,6944400,0.0,0.0
2018-12-04 00:00:00-05:00,37.480080576066776,37.62303187676048,35.97015384124739,36.27392578125,5935900,0.0,0.0
2018-12-06 00:00:00-05:00,34.57637772589883,35.246462552337846,34.01350551738631,35.210723876953125,5508700,0.0,0.0
2018-12-07 00:00:00-05:00,35.84506522511751,36.30072475464959,35.308998799085046,35.45195007324219,8242100,0.0,0.0
2018-12-10 00:00:00-05:00,34.8890850070724,35.62171086155242,34.18326145685476,34.97843170166016,6641100,0.0,0.0
2018-12-11 00:00:00-05:00,36.00589082923764,36.07736818034501,35.30900369707921,35.7646598815918,3944000,0.0,0.0
2018-12-12 00:00:00-05:00,36.6849130029042,36.95294626019636,36.1845817565918,36.1845817565918,4802100,0.0,0.0
2018-12-13 00:00:00-05:00,36.1041749934954,36.22032399944187,35.60384369791903,35.907615661621094,4015800,0.0,0.0
2018-12-14 00:00:00-05:00,35.45196372776248,35.66638901747167,34.93376302921298,35.2464714050293,4190200,0.0,0.0
2018-12-17 00:00:00-05:00,35.10351409149659,35.112447056949726,34.156459566750534,34.18326187133789,5361000,0.0,0.0
2018-12-18 00:00:00-05:00,34.61211110070947,34.74612600053734,34.11177994662818,34.3172721862793,3104800,0.0,0.0
2018-12-19 00:00:00-05:00,34.48703553096958,34.93375880680197,33.38809668140926,33.86162567138672,4614200,0.0,0.0
2018-12-20 00:00:00-05:00,34.30834129470021,34.99629198679309,33.86161811850999,34.16539001464844,5663000,0.0,0.0
2018-12-21 00:00:00-05:00,35.988026135923924,36.27392876079542,35.139254635464994,35.32687759399414,9151500,0.0,0.0
2018-12-24 00:00:00-05:00,34.72826020868664,35.183919775980044,34.66571923407421,34.75506591796875,2329700,0.0,0.0
2018-12-26 00:00:00-05:00,35.02309887422511,35.71998596191406,34.21899576671674,35.71998596191406,4585300,0.0,0.0
2018-12-27 00:00:00-05:00,34.656787784847,35.6038388179377,34.44235914235368,35.594905853271484,3796000,0.0,0.0
2018-12-28 00:00:00-05:00,35.66906597135935,35.829898713209886,35.034672049884655,35.22230911254883,3809900,0.003,0.0
2018-12-31 00:00:00-05:00,35.69586915302673,35.740544151519344,35.08827962977218,35.26698303222656,3526300,0.0,0.0
2019-01-02 00:00:00-05:00,34.73088224414618,35.54397970777218,34.695144280750014,35.302730560302734,3838100,0.0,0.0
2019-01-03 00:00:00-05:00,34.62365598743525,34.85596805045657,34.10541640367989,34.3019905090332,4245600,0.0,0.0
2019-01-04 00:00:00-05:00,35.35633645334363,36.70554403448029,35.222308036401714,36.294525146484375,6018000,0.0,0.0
2019-01-07 00:00:00-05:00,36.17837158224807,36.67873707792872,35.91925178856528,36.54471206665039,2376200,0.0,0.0
2019-01-08 00:00:00-05:00,36.544707651813695,36.63405764853852,36.09795085122176,36.41961288452149,3312500,0.0,0.0
2019-01-09 00:00:00-05:00,37.32206837767434,38.19771141154066,37.32206837767434,37.82243728637695,6503500,0.0,0.0
2019-01-10 00:00:00-05:00,37.66160355598639,38.036877671299216,37.34887171807479,37.92965698242188,3390500,0.0,0.0
2019-01-11 00:00:00-05:00,37.38460922544655,37.67946694154844,37.27738854763531,37.625858306884766,2886800,0.0,0.0
2019-01-14 00:00:00-05:00,36.76809219600452,37.3756818190156,36.57151808018197,36.93785858154297,3006300,0.0,0.0
2019-01-15 00:00:00-05:00,37.43821668484915,37.7241407296613,37.33099261168199,37.61691665649414,3156300,0.0,0.0
2019-01-16 00:00:00-05:00,37.53650750829449,38.37641253351262,37.51864023448844,38.09048843383789,5530100,0.0,0.0
2019-01-17 00:00:00-05:00,37.67053215885098,38.69807413276321,37.67053215885098,38.33173370361328,3583300,0.0,0.0
2019-01-18 00:00:00-05:00,38.876772271784205,39.33246608178702,38.51936890412773,38.84996795654297,5836100,0.0,0.0
2019-01-22 00:00:00-05:00,38.42109432740677,38.42109432740677,37.47396844949061,37.71521759033203,4023800,0.0,0.0
2019-01-23 00:00:00-05:00,38.0636824009956,38.331739238799855,37.48290053888305,37.69734191894531,2764100,0.0,0.0
2019-01-24 00:00:00-05:00,37.89391461212258,38.42108781381428,37.849239610314974,38.27812576293945,2730000,0.0,0.0
2019-01-25 00:00:00-05:00,39.14483940927457,39.40395581158697,39.04655234942162,39.37715148925781,6127600,0.0,0.0
2019-01-28 00:00:00-05:00,38.45682322957576,38.84996795654297,38.20663712288423,38.84996795654297,4462500,0.0,0.0
2019-01-29 00:00:00-05:00,39.18057497285705,39.36821544313666,38.93932926968271,39.03761291503906,4655700,0.0,0.0
2019-01-30 00:00:00-05:00,39.32353414440404,40.10089347218671,39.243117779753554,39.8953857421875,3364100,0.0,0.0
2019-01-31 00:00:00-05:00,39.57372173834538,40.01154153316053,39.53798037307927,39.85964584350586,4195900,0.0,0.0
2019-02-01 00:00:00-05:00,39.58265451145865,39.67200792267362,39.16270540844268,39.546913146972656,4137400,0.0,0.0
2019-02-04 00:00:00-05:00,39.49330332947048,39.94006014675298,39.403949920923566,39.77029037475586,2207700,0.0,0.0
2019-02-05 00:00:00-05:00,40.06515775460003,40.690618077973625,40.01154570111616,40.654876708984375,2912700,0.0,0.0
2019-02-06 00:00:00-05:00,40.949730004432105,40.96759727700135,39.88644663691583,40.04727935791016,3830700,0.0,0.0
2019-02-07 00:00:00-05:00,39.40395790989154,39.80603980866282,38.86785098385297,39.22525787353516,2144500,0.0,0.0
2019-02-08 00:00:00-05:00,39.13589991503633,39.62733177507927,39.01080854067824,39.520111083984375,1806300,0.0,0.0
2019-02-11 00:00:00-05:00,40.14556659135063,40.395749310322586,39.904317508706,39.93112182617188,2945700,0.0,0.0
2019-02-12 00:00:00-05:00,40.02941260126402,40.16344101806048,39.72561781054503,39.86857986450195,2992200,0.0,0.0
2019-02-13 00:00:00-05:00,39.5111719679282,39.654134005726206,38.96612813367209,39.18950653076172,3377500,0.0,0.0
2019-02-14 00:00:00-05:00,38.43001733366695,38.6444620912472,38.1530303070437,38.33173370361328,5024300,0.0,0.0
2019-02-15 00:00:00-05:00,38.349606644250045,38.6980798528877,38.26025663699996,38.304931640625,2446200,0.0,0.0
2019-02-19 00:00:00-05:00,38.33174138137509,38.894652591866,38.18877931718121,38.635536193847656,3154400,0.0,0.0
2019-02-20 00:00:00-05:00,38.81423451386672,39.25205773351352,38.73381814325748,38.796363830566406,2882100,0.0,0.0
2019-02-21 00:00:00-05:00,38.97506680410756,39.082290902668746,38.26919356857667,38.48363494873047,3531200,0.0,0.0
2019-02-22 00:00:00-05:00,39.31460061984944,39.53797903246223,38.95719379627536,39.475433349609375,2688400,0.0,0.0
2019-02-25 00:00:00-05:00,39.53797785540587,39.797097624358805,39.35034081243332,39.45756149291992,3973500,0.0,0.0
2019-02-26 00:00:00-05:00,39.0912246451972,39.448631491061285,39.00187463797332,39.33247375488281,2560300,0.0,0.0
2019-02-27 00:00:00-05:00,38.8231664728204,39.02867419112013,36.27665067618341,38.95719146728516,4333900,0.0,0.0
2019-02-28 00:00:00-05:00,38.34067370883703,38.62659782745301,38.21558233300309,38.25132369995117,3352500,0.0,0.0
2019-03-01 00:00:00-05:00,38.376416762829,38.44789609138308,37.911789197531725,38.09942626953125,2850300,0.0,0.0
2019-03-04 00:00:00-05:00,39.475434743625065,39.52904679159963,38.6534003837694,39.13589859008789,2941500,0.0,0.0
2019-03-05 00:00:00-05:00,40.842509093869445,41.80750549486982,40.49403930744736,41.610931396484375,7615900,0.0,0.0
2019-03-06 00:00:00-05:00,41.55732157281491,41.55732157281491,40.96760265458792,41.0390853881836,2347400,0.0,0.0
2019-03-07 00:00:00-05:00,40.33320949959413,40.33320949959413,39.54691645750123,39.7166862487793,4581000,0.0,0.0
2019-03-08 00:00:00-05:00,38.84997655153993,39.13590067231515,38.644468802763015,38.984004974365234,5227100,0.0,0.0
2019-03-11 00:00:00-04:00,40.36894654652456,40.75315768458075,40.25278881889538,40.68167495727539,4059700,0.0,0.0
2019-03-12 00:00:00-04:00,40.69061949887512,40.87825657989405,40.35108329858991,40.86038589477539,3464900,0.0,0.0
2019-03-13 00:00:00-04:00,40.78890031814819,41.05695373692072,40.73528827100002,40.76209259033203,1884000,0.0,0.0
2019-03-14 00:00:00-04:00,40.80677241446185,40.824643098956464,40.342148251539854,40.654876708984375,1686700,0.0,0.0
2019-03-15 00:00:00-04:00,40.86037971610995,41.14630381780342,40.84250903369359,41.06588745117188,3000400,0.0,0.0
2019-03-18 00:00:00-04:00,41.95047517742436,41.9862165488117,41.71815967189143,41.85218811035156,2734500,0.0,0.0
2019-03-19 00:00:00-04:00,42.09343446748307,42.16491379704033,41.86111897733175,42.04875946044922,2876000,0.0,0.0
2019-03-20 00:00:00-04:00,41.959402524352825,42.43296710301365,41.45903703389737,41.99514389038086,3969400,0.0,0.0
2019-03-21 00:00:00-04:00,40.50297974247639,41.99514606223211,40.44043064445036,41.90579605102539,4916600,0.0,0.0
2019-03-22 00:00:00-04:00,41.20885203623842,41.35181409587689,40.36895036192295,40.4404296875,4217500,0.0,0.0
2019-03-25 00:00:00-04:00,40.11876344916968,40.5833875384477,39.99366867753512,40.190242767333984,2739000,0.0,0.0
2019-03-26 00:00:00-04:00,40.23491639624224,40.34214048256106,39.814967321187176,40.04727935791016,2416600,0.0,0.0
2019-03-27 00:00:00-04:00,40.40468753879493,40.53871253853451,39.92218935937081,40.190242767333984,2237000,0.0,0.0
2019-03-28 00:00:00-04:00,40.1187685145081,40.2885348990063,39.80603665866264,40.27066421508789,2966300,0.0,0.0
2019-03-29 00:00:00-04:00,41.00334293893128,41.28926704879716,40.8067688352169,41.08375930786133,3690100,0.0,0.0
2019-04-01 00:00:00-04:00,41.46797238069454,42.18278268830227,41.46797238069454,42.14704132080078,3604900,0.0,0.0
2019-04-02 00:00:00-04:00,41.95047291225472,42.09343498159988,41.843252212367,41.87899017333984,2229200,0.0,0.0
2019-04-03 00:00:00-04:00,42.88865661621094,43.17458072097361,42.70995319861322,42.88865661621094,3994200,0.0,0.0
2019-04-04 00:00:00-04:00,42.73675984912365,43.06735894782836,42.62953575617825,42.93333053588867,4026700,0.0,0.0
2019-04-05 00:00:00-04:00,43.192454553566165,43.54986141482694,43.06736317467023,43.48731231689453,2445200,0.0,0.0
2019-04-08 00:00:00-04:00,43.20138130151107,43.55878810577251,42.98693994574133,43.43369674682617,2294300,0.0,0.0
2019-04-09 00:00:00-04:00,43.639209863441074,43.71068918804332,43.42476507266571,43.46050643920898,2124900,0.0,0.0
2019-04-10 00:00:00-04:00,44.28253709239787,45.7836402757662,44.28253709239787,45.03308868408203,9060400,0.0,0.0
2019-04-11 00:00:00-04:00,44.47910818052255,44.59526590880851,44.193184086652536,44.31827545166016,2357400,0.0,0.0
2019-04-12 00:00:00-04:00,45.21179183546983,45.30114525051862,44.72929702814344,44.84545135498047,4097900,0.0,0.0
2019-04-15 00:00:00-04:00,44.23786136135647,44.425501826997966,43.81791224416894,44.05022430419922,1730400,0.0,0.0
2019-04-16 00:00:00-04:00,44.77397065936535,45.033090442339926,44.61313792569037,44.9437370300293,2406900,0.0,0.0
2019-04-17 00:00:00-04:00,45.0777638804392,45.21178888152937,44.77396910609047,44.91693115234375,2318800,0.0,0.0
2019-04-18 00:00:00-04:00,44.9347996762473,45.14030739483689,44.6488755974719,45.00627899169922,2289400,0.0,0.0
2019-04-22 00:00:00-04:00,44.41656201184244,44.5684611023205,44.21999132976097,44.48804473876953,3040300,0.0,0.0
2019-04-23 00:00:00-04:00,44.65781128460945,44.96160605832043,44.51484923865628,44.85438537597656,1719200,0.0,0.0
2019-04-24 00:00:00-04:00,44.7203641996997,44.7203641996997,44.21999866217715,44.3004150390625,2041300,0.0,0.0
2019-04-25 00:00:00-04:00,43.62133997274467,43.66601497749333,43.15671242469295,43.46944427490234,2815800,0.0,0.0
2019-04-26 00:00:00-04:00,43.91620201601236,44.23786410171437,43.61240720577898,44.09490203857422,2535200,0.0,0.0
2019-04-29 00:00:00-04:00,44.50592179446645,44.58633816953434,44.14851492561261,44.40763473510742,1383700,0.0,0.0
2019-04-30 00:00:00-04:00,44.1485120574051,44.37189048380535,43.87152158161445,43.99661636352539,1320500,0.0,0.0
2019-05-01 00:00:00-04:00,44.05916146221372,44.72035968678272,43.87152099609375,43.87152099609375,1983700,0.0,0.0
2019-05-02 00:00:00-04:00,44.05916469620606,44.26467245181791,43.701757829107926,43.9787483215332,2868000,0.0,0.0
2019-05-03 00:00:00-04:00,44.202126278872136,44.73823316518311,44.18425559486385,44.46124267578125,2016000,0.0,0.0
2019-05-06 00:00:00-04:00,42.41509322118385,43.19244912700441,42.21851913133892,43.15670776367188,5470600,0.0,0.0
2019-05-07 00:00:00-04:00,42.84398165032774,42.88865665264407,42.05768865732036,42.406158447265625,6144300,0.0,0.0
2019-05-08 00:00:00-04:00,43.86258541632033,44.18425087715534,43.52304927338515,43.83578109741211,6302500,0.0,0.0
2019-05-09 00:00:00-04:00,42.31680920841161,42.995878117967415,41.74496098805214,42.65634536743164,5542800,0.0,0.0
2019-05-10 00:00:00-04:00,43.0673629153116,43.57666547402621,42.441902616114085,43.29967498779297,3782900,0.0,0.0
2019-05-13 00:00:00-04:00,41.6913502027421,42.03088637205238,41.21778901999561,41.70922088623047,6897100,0.0,0.0
2019-05-14 00:00:00-04:00,42.00406999792205,42.26318974244866,41.771757977353005,42.05768203735352,4197100,0.0,0.0
2019-05-15 00:00:00-04:00,41.55732462778737,41.78964012056702,40.6102021974099,41.5751953125,8520900,0.0,0.0
2019-05-16 00:00:00-04:00,41.814413478725456,42.30719376419942,41.73378043326214,41.93088912963867,3543800,0.127,0.0
2019-05-17 00:00:00-04:00,40.54214985030848,40.54214985030848,39.99561424470289,40.12104797363281,5606000,0.0,0.0
2019-05-20 00:00:00-04:00,38.57103823358519,38.795028006623205,38.1409782794897,38.25745391845703,4912400,0.0,0.0
2019-05-21 00:00:00-04:00,39.03694178639353,39.04590329230363,38.311213609263966,38.83087158203125,4226100,0.0,0.0
2019-05-22 00:00:00-04:00,38.51728331886634,38.64271704636159,38.23953476668918,38.49040222167969,3363200,0.0,0.0
2019-05-23 00:00:00-04:00,37.21814542394399,37.34357916319196,36.76120432489715,37.200225830078125,5497400,0.0,0.0
2019-05-24 00:00:00-04:00,37.253982199598425,37.29877947245607,36.59992902818804,36.60889053344727,6120000,0.0,0.0
2019-05-28 00:00:00-04:00,37.44213323702967,37.44213323702967,36.6447301502135,36.84183883666992,3005600,0.0,0.0
2019-05-29 00:00:00-04:00,36.806008236065225,37.13751220703125,36.6716129792289,37.13751220703125,2844300,0.0,0.0
2019-05-30 00:00:00-04:00,37.05686926834128,37.451090045604126,37.05686926834128,37.262939453125,3161000,0.0,0.0
2019-05-31 00:00:00-04:00,36.96727310952455,37.54068983779599,36.85080088058405,37.41525268554688,2840100,0.0,0.0
2019-06-03 00:00:00-04:00,38.31121248659612,38.526244190567226,38.17682066220053,38.329132080078125,3087500,0.0,0.0
2019-06-04 00:00:00-04:00,37.7646775399083,38.30225163431748,37.44213171613769,37.97970581054688,5930200,0.0,0.0
2019-06-05 00:00:00-04:00,38.04242387458336,38.07826306009147,37.1912620167364,37.460052490234375,3168800,0.0,0.0
2019-06-06 00:00:00-04:00,37.61236803217959,38.006588862620085,37.28982216281318,37.72884368896485,2292100,0.0,0.0
2019-06-07 00:00:00-04:00,38.35601043701172,38.6158359793926,38.07826188461722,38.35601043701172,3266900,0.0,0.0
2019-06-10 00:00:00-04:00,39.3684469877486,39.50284223818576,38.89358969374683,38.92046737670898,4475500,0.0,0.0
2019-06-11 00:00:00-04:00,39.57451322729708,39.717869969544246,39.08173638816741,39.33260726928711,3455400,0.0,0.0
2019-06-12 00:00:00-04:00,38.60688065232977,38.60688065232977,38.16785915655304,38.329132080078125,2363400,0.0,0.0
2019-06-13 00:00:00-04:00,38.42768536182544,38.45456304120208,37.82739440366228,37.97970581054688,1984400,0.0,0.0
2019-06-14 00:00:00-04:00,37.63027976425043,37.75571348328126,37.298775875695725,37.42420959472656,2616400,0.0,0.0
2019-06-17 00:00:00-04:00,37.791556482518494,37.9438678944943,37.50484983354168,37.5586051940918,2567500,0.0,0.0
2019-06-18 00:00:00-04:00,38.39184688713093,39.46699851363648,38.29329425499057,39.26988983154297,5141800,0.0,0.0
2019-06-19 00:00:00-04:00,39.64619260760393,40.04041340537988,39.28780757848912,40.00457763671875,3332200,0.0,0.0
2019-06-20 00:00:00-04:00,40.81093843633673,40.963253268492586,40.40775613688052,40.75718307495117,2275900,0.0,0.0
2019-06-21 00:00:00-04:00,40.35399904114662,40.76613941051634,40.31815985655462,40.70342254638672,2958200,0.0,0.0
2019-06-24 00:00:00-04:00,40.85573934229178,40.85573934229178,40.40775972924993,40.45256042480469,2746800,0.0,0.0
2019-06-25 00:00:00-04:00,39.8432993328013,40.02248840533837,39.243005002802185,39.368438720703125,3252900,0.0,0.0
2019-06-26 00:00:00-04:00,40.30024270191534,40.569029766988045,40.27336502075195,40.27336502075195,2638700,0.0,0.0
2019-06-27 00:00:00-04:00,40.1658516519708,40.69446428670206,40.13897055247666,40.64070892333984,1847900,0.0,0.0
2019-06-28 00:00:00-04:00,40.434637086183976,40.65862687196503,40.28232225459016,40.55110931396485,1633200,0.0,0.0
2019-07-01 00:00:00-04:00,41.77857553559199,42.45950297620509,41.4022709206065,41.64418029785156,3366800,0.0,0.0
2019-07-02 00:00:00-04:00,41.697943271095625,41.71586286578449,41.30371902356708,41.40227508544922,1979800,0.0,0.0
2019-07-03 00:00:00-04:00,41.07076861888365,41.36643336865222,41.06181053099315,41.35747528076172,609400,0.0,0.0
2019-07-05 00:00:00-04:00,41.07972467494734,41.11556386036273,40.69446197626405,40.900535583496094,1678200,0.0,0.0
2019-07-08 00:00:00-04:00,40.3271160882888,40.36295527123179,39.96873451229672,40.1748046875,2360800,0.0,0.0
2019-07-09 00:00:00-04:00,39.88809532644759,40.398791686048135,39.87913382241958,40.33607482910156,2150400,0.0,0.0
2019-07-10 00:00:00-04:00,40.94533424809984,41.3664327286989,40.676547183974,40.81990051269531,3305000,0.0,0.0
2019-07-11 00:00:00-04:00,40.96325556303667,40.97221365116508,40.533195558798006,40.63174819946289,1415800,0.0,0.0
2019-07-12 00:00:00-04:00,40.70342332773617,40.7840597857097,40.55110849920269,40.694461822509766,1547200,0.0,0.0
2019-07-15 00:00:00-04:00,41.1962044177633,41.438113816668455,41.07077067414133,41.30371856689453,2001200,0.0,0.0
2019-07-16 00:00:00-04:00,41.32163816138527,41.52770837130896,41.21412401225403,41.30371856689453,1414400,0.0,0.0
2019-07-17 00:00:00-04:00,41.61730055510591,41.62625864219869,41.14243991168395,41.18724060058594,2530100,0.0,0.0
2019-07-18 00:00:00-04:00,40.82885938247837,40.98117421968197,40.613831094184256,40.81093978881836,2525500,0.0,0.0
2019-07-19 00:00:00-04:00,41.3753922158467,41.54562321733233,40.88261538601966,40.97220993041992,2366200,0.0,0.0
2019-07-22 00:00:00-04:00,41.07972696539771,41.14244383446507,40.7482230263541,40.77510070800781,2854900,0.0,0.0
2019-07-23 00:00:00-04:00,41.17828276263467,41.509790117404265,40.99013215661713,41.35747528076172,2614400,0.0,0.0
2019-07-24 00:00:00-04:00,41.79649513989641,42.10112138342012,41.769614041653256,42.020484924316406,1948800,0.0,0.0
2019-07-25 00:00:00-04:00,42.531180607521485,42.54013869490226,41.93984772381853,42.26239013671875,2527300,0.0,0.0
2019-07-26 00:00:00-04:00,42.450548225886784,42.6566184335594,42.29823338328598,42.4326286315918,2321500,0.0,0.0
2019-07-29 00:00:00-04:00,42.6655745109368,42.78205015945804,42.33407057663649,42.584938049316406,2498600,0.0,0.0
2019-07-30 00:00:00-04:00,42.33406850701623,42.45950223722401,42.1190368139366,42.26239013671875,1997900,0.0,0.0
2019-07-31 00:00:00-04:00,42.12799707059567,42.14591666263896,41.06180697761511,41.6620979309082,1910300,0.0,0.0
2019-08-01 00:00:00-04:00,42.25343700070125,42.58494095764152,40.70342794841887,40.92741775512695,5596000,0.0,0.0
2019-08-02 00:00:00-04:00,40.25544367738932,40.60486718857501,40.09417076179395,40.2196044921875,4900600,0.0,0.0
2019-08-05 00:00:00-04:00,38.16785503805148,38.25745299579345,37.56756410133702,37.92594909667969,7300400,0.0,0.0
2019-08-06 00:00:00-04:00,38.75918742325281,38.76814892782589,38.07826004163984,38.33808898925781,4398800,0.0,0.0
2019-08-07 00:00:00-04:00,38.32017683636407,39.03694353977784,37.97075328206319,38.8846321105957,3722200,0.0,0.0
2019-08-08 00:00:00-04:00,39.11757383069358,39.35052169083964,38.99214010462935,39.278846740722656,4670200,0.0,0.0
2019-08-09 00:00:00-04:00,38.64271812430479,38.92046326641694,38.23057432813578,38.51728439331055,3389400,0.0,0.0
2019-08-12 00:00:00-04:00,38.33809094845049,38.4814442686323,37.96178634684026,38.32017135620117,4262300,0.0,0.0
2019-08-13 00:00:00-04:00,38.01554693378783,39.55659776248264,37.97074965993778,38.84878921508789,5033500,0.0,0.0
2019-08-14 00:00:00-04:00,37.41525422848528,37.41525422848528,36.9314388639673,37.16438674926758,10273500,0.0,0.0
2019-08-15 00:00:00-04:00,37.45108991084364,37.58548514373813,37.12854408614703,37.43317031860352,3962200,0.0,0.0
2019-08-16 00:00:00-04:00,37.24502019335041,37.639240974132925,37.04790809405276,37.5317268371582,4240200,0.0,0.0
2019-08-19 00:00:00-04:00,38.82191286628277,38.83982904218715,38.09618470088639,38.29329681396485,4409700,0.0,0.0
2019-08-20 00:00:00-04:00,37.95283012692618,38.09618345416107,37.76467952577031,37.827396392822266,2580000,0.0,0.0
2019-08-21 00:00:00-04:00,38.21265756327056,38.2574548353893,37.93490900763393,38.07826232910156,2143100,0.0,0.0
2019-08-22 00:00:00-04:00,37.899071665390345,38.0155473128121,37.52277045992259,37.71987915039063,2856900,0.0,0.0
2019-08-23 00:00:00-04:00,37.648206261012426,38.1141054584526,36.83288351994542,37.0568733215332,5718000,0.0,0.0
2019-08-26 00:00:00-04:00,37.28981955900243,37.406295207654615,36.91351834955949,36.9672737121582,2729000,0.0,0.0
2019-08-27 00:00:00-04:00,37.28086000069902,37.49588827823845,36.9314364863378,36.94935607910156,3395200,0.0,0.0
2019-08-28 00:00:00-04:00,36.31321628462365,36.537206029123546,36.15194339515874,36.35801696777344,4941400,0.0,0.0
2019-08-29 00:00:00-04:00,36.93143626110376,37.08374767194754,36.62681002160334,36.64472961425781,3974500,0.0,0.0
2019-08-30 00:00:00-04:00,37.00310829929612,37.08374475098338,36.78808004000515,36.97623062133789,2222300,0.0,0.0
2019-09-03 00:00:00-04:00,37.433168873630365,38.06034090657373,37.3973331083462,37.92594909667969,4442700,0.0,0.0
2019-09-04 00:00:00-04:00,38.97421957212598,39.19820933978188,38.72335212605142,39.08173370361328,4464600,0.0,0.0
2019-09-05 00:00:00-04:00,39.27884823251439,39.42220155600553,39.07277804360917,39.16237258911133,3185000,0.0,0.0
2019-09-06 00:00:00-04:00,39.26988689901886,39.38635911498144,39.17133085642549,39.2250862121582,3890900,0.0,0.0
2019-09-09 00:00:00-04:00,39.010063697402565,39.40428450800815,39.00110219158593,39.20717239379883,3543500,0.0,0.0
2019-09-10 00:00:00-04:00,38.95630413981527,39.12653515099623,38.7412758538828,38.83982849121094,4004700,0.0,0.0
2019-09-11 00:00:00-04:00,39.58347066932625,39.84329961125837,39.42219776866581,39.538673400878906,3606400,0.0,0.0
2019-09-12 00:00:00-04:00,39.98666280257514,40.25544989749503,39.73579188521169,39.82538986206055,2741700,0.0,0.0
2019-09-13 00:00:00-04:00,39.9149779232491,40.03145356528461,39.80746378634628,39.9508171081543,2823900,0.0,0.0
2019-09-16 00:00:00-04:00,39.55659762658773,39.717870546144205,39.2250902820478,39.39532470703125,3232300,0.0,0.0
2019-09-17 00:00:00-04:00,39.24301167937533,39.601396721047934,39.216133997484455,39.547637939453125,2331600,0.0,0.0
2019-09-18 00:00:00-04:00,39.26989542400686,39.29677310770801,38.66960095144585,38.94734954833984,4042200,0.0,0.0
2019-09-19 00:00:00-04:00,38.7233525863241,39.054856489407605,38.63375462750919,38.66959381103516,2629200,0.0,0.0
2019-09-20 00:00:00-04:00,38.53519962756752,38.67855294774933,38.13202076430243,38.32017135620117,2857700,0.0,0.0
2019-09-23 00:00:00-04:00,38.14993781043903,38.51728088250188,38.13201821938566,38.40976333618164,2350400,0.0,0.0
2019-09-24 00:00:00-04:00,38.30224849192213,38.347045759812175,37.79155211878816,37.872188568115234,1718000,0.0,0.0
2019-09-25 00:00:00-04:00,37.567571875969904,37.91699543894549,37.40629893647143,37.854278564453125,2780000,0.0,0.0
2019-09-26 00:00:00-04:00,37.76467594548018,37.89906775450207,37.52276658786566,37.62132263183594,2944300,0.0,0.0
2019-09-27 00:00:00-04:00,37.60340249203054,37.92594829747952,36.34905845257617,36.6357650756836,5930500,0.0,0.0
2019-09-30 00:00:00-04:00,37.54069174209357,37.657163976942265,37.28982084268255,37.29878234863281,3637600,0.0,0.0
2019-10-01 00:00:00-04:00,37.37941845846351,37.567569067876775,37.02999492160656,37.16438674926758,2266000,0.0,0.0
2019-10-02 00:00:00-04:00,36.67161095669405,36.89560076052541,36.43865964673408,36.8149642944336,3348800,0.0,0.0
2019-10-03 00:00:00-04:00,37.08374936002482,37.415253294690814,36.77016501882901,37.34357833862305,2675000,0.0,0.0
2019-10-04 00:00:00-04:00,36.82391956714599,37.17334650536834,36.64473047203247,37.110626220703125,2473900,0.0,0.0
2019-10-07 00:00:00-04:00,36.922472177250825,37.003108629658,36.66264322862632,36.73432159423828,1749300,0.0,0.0
2019-10-08 00:00:00-04:00,36.56409035510087,36.779118614855925,36.37593635554949,36.42969512939453,3577800,0.0,0.0
2019-10-09 00:00:00-04:00,36.42073578379092,36.6178444454513,36.19674602723086,36.3400993347168,3148800,0.0,0.0
2019-10-10 00:00:00-04:00,36.60889110464958,36.94935653574301,36.41177899962503,36.671607971191406,4892000,0.0,0.0
2019-10-11 00:00:00-04:00,37.22710844983532,37.47797937942026,37.19126925734982,37.32566452026367,1631900,0.0,0.0
2019-10-14 00:00:00-04:00,37.2539877581422,37.48693566244703,37.12855059048675,37.1733512878418,3517700,0.0,0.0
2019-10-15 00:00:00-04:00,37.460054763058906,37.73779992306636,37.370456793852426,37.71092224121094,4626200,0.0,0.0
2019-10-16 00:00:00-04:00,37.77363739473391,37.77363739473391,37.37941660157359,37.52276992797852,3409400,0.0,0.0
2019-10-17 00:00:00-04:00,37.7377962090688,37.809474577379696,37.54964561897177,37.675079345703125,2424800,0.0,0.0
2019-10-18 00:00:00-04:00,37.70196268979066,37.83635451166437,37.28086079539796,37.31669998168945,3268800,0.0,0.0
2019-10-21 00:00:00-04:00,37.10167044548925,37.22710418701172,36.88663873301278,37.22710418701172,2249000,0.0,0.0
2019-10-22 00:00:00-04:00,37.34357557133448,37.40629243492611,36.94039329266495,36.9941520690918,2324200,0.0,0.0
2019-10-23 00:00:00-04:00,36.31322272771679,36.42074028497852,36.02651607731124,36.366981506347656,3758200,0.0,0.0
2019-10-24 00:00:00-04:00,36.33114324584577,36.420741212512354,36.11611496147188,36.18778991699219,5436500,0.0,0.0
2019-10-25 00:00:00-04:00,36.02650919462042,36.42969141279373,35.98171192989277,36.39385223388672,5175600,0.0,0.0
2019-10-28 00:00:00-04:00,36.90455384407241,36.97623221212818,36.77016203068689,36.823917388916016,5281400,0.0,0.0
2019-10-29 00:00:00-04:00,36.21466903659979,36.21466903659979,35.96380155559433,35.97276306152344,4333500,0.0,0.0
2019-10-30 00:00:00-04:00,36.09819351739273,36.232585333782936,35.8742037389296,36.16986846923828,2229400,0.0,0.0
2019-10-31 00:00:00-04:00,36.46553511982374,36.537210068725805,36.16090889691151,36.28634262084961,2433200,0.0,0.0
2019-11-01 00:00:00-04:00,36.77016701722996,36.92247844328495,36.68953055113814,36.8149642944336,3218000,0.0,0.0
2019-11-04 00:00:00-05:00,37.621328407659774,37.621328407659774,37.3883771010911,37.60340881347656,3684300,0.0,0.0
2019-11-05 00:00:00-05:00,37.97074890136719,38.16785758593222,37.94386780334385,37.97074890136719,2907300,0.0,0.0
2019-11-06 00:00:00-05:00,38.13202110633171,38.23057373786783,37.94386709493256,38.07826232910156,2183800,0.0,0.0
2019-11-07 00:00:00-05:00,38.20370080236684,38.35601564786064,38.123064335414405,38.2753791809082,3161400,0.0,0.0
2019-11-08 00:00:00-05:00,37.59444244662468,37.59444244662468,37.27189662865731,37.44213104248047,2835300,0.0,0.0
2019-11-11 00:00:00-05:00,37.09270590705412,37.47796857062814,37.029989047199045,37.35253143310547,3286400,0.0,0.0
2019-11-12 00:00:00-05:00,37.70196841706895,37.89011904696171,37.56757315696644,37.80948257446289,3586100,0.0,0.0
2019-11-13 00:00:00-05:00,36.10715666763677,37.18230843858005,36.0892370727095,36.50138092041016,5947000,0.0,0.0
2019-11-14 00:00:00-05:00,36.66264011375542,36.779115739072765,36.52824831636983,36.62680435180664,3649400,0.0,0.0
2019-11-15 00:00:00-05:00,36.626811372676016,36.78808429470242,36.59993027379631,36.698486328125,2863800,0.0,0.0
2019-11-18 00:00:00-05:00,38.03346318807376,38.06034086646172,37.477969521909415,37.54964447021485,4090700,0.0,0.0
2019-11-19 00:00:00-05:00,38.39184502476106,38.481442983014304,38.32017007597111,38.364967346191406,4271600,0.0,0.0
2019-11-20 00:00:00-05:00,38.3291233906083,38.3291233906083,37.91698308739605,38.0334587097168,2880900,0.0,0.0
2019-11-21 00:00:00-05:00,37.85427073048611,37.97074636664437,37.71987550277945,37.92594909667969,1679700,0.0,0.0
2019-11-22 00:00:00-05:00,38.09617936206999,38.21265499600367,38.03346250175475,38.16785430908203,1880500,0.0,0.0
2019-11-25 00:00:00-05:00,38.714390621370114,39.14445056513192,38.66063526453277,39.08173370361328,3442800,0.0,0.0
2019-11-26 00:00:00-05:00,38.42768642987692,38.52624248074749,38.2484939208225,38.51728439331055,3366700,0.0,0.0
2019-11-27 00:00:00-05:00,38.35601286141532,38.50832427803096,38.266414894747626,38.436649322509766,2121500,0.0,0.0
2019-11-29 00:00:00-05:00,37.97074914625088,37.97074914625088,37.701962088973936,37.764678955078125,1557400,0.0,0.0
2019-12-02 00:00:00-05:00,37.90803065438239,37.91698874152186,37.54068756103516,37.54068756103516,3318800,0.0,0.0
2019-12-03 00:00:00-05:00,37.316695668768666,37.361492937549066,36.92247150075104,37.35253143310547,2734900,0.0,0.0
2019-12-04 00:00:00-05:00,37.6661240397749,38.04242524775441,37.65716253416798,37.890113830566406,3100800,0.0,0.0
2019-12-05 00:00:00-05:00,37.881148716270005,37.96178516998576,37.675078538510334,37.81843185424805,2574500,0.0,0.0
2019-12-06 00:00:00-05:00,38.48144742127808,38.49936701499549,38.27537722024744,38.29329681396485,3043100,0.0,0.0
2019-12-09 00:00:00-05:00,38.284335058380336,38.49936676377304,38.09618445229485,38.12306213378906,2507800,0.0,0.0
2019-12-10 00:00:00-05:00,38.4993634167833,38.74127278263953,38.34704859332744,38.59791946411133,2703600,0.0,0.0
2019-12-11 00:00:00-05:00,39.01005899701284,39.458038535101245,38.93838063036864,39.38636016845703,3482200,0.0,0.0
2019-12-12 00:00:00-05:00,40.04041410247091,41.11556579072048,40.01353642105389,41.01700973510742,7248600,0.0,0.0
2019-12-13 00:00:00-05:00,41.19620400604023,42.11008280905518,40.95429460955277,41.07077026367188,5258300,0.0,0.0
2019-12-16 00:00:00-05:00,41.34851247088909,41.832327771423714,41.34851247088909,41.53666305541992,3050000,0.0,0.0
2019-12-17 00:00:00-05:00,42.4863785557948,42.97019728636142,42.45054278960716,42.719329833984375,6892000,0.0,0.0
2019-12-18 00:00:00-05:00,43.23003108785272,43.51673775635748,43.19419189983636,43.39130401611328,3425200,0.0,0.0
2019-12-19 00:00:00-05:00,42.97915869022438,43.28378491788578,42.96123909826633,43.26586532592773,3783100,0.0,0.0
2019-12-20 00:00:00-05:00,43.15835044038888,43.30170718490945,43.09563357356758,43.14043426513672,4489100,0.0,0.0
2019-12-23 00:00:00-05:00,43.35546169276301,43.44505965632447,43.18523068871548,43.41817855834961,1739200,0.0,0.0
2019-12-24 00:00:00-05:00,43.310665130615234,43.40922118324373,43.28378745001216,43.310665130615234,572600,0.0,0.0
2019-12-26 00:00:00-05:00,43.44505910295118,43.78552110670965,43.38233882035062,43.73176574707031,1584300,0.0,0.0
2019-12-27 00:00:00-05:00,43.99159394247071,44.22454524097745,43.97367776672065,44.11703109741211,2065900,0.0,0.0
2019-12-30 00:00:00-05:00,43.91991992488798,44.0363955766312,43.47194032967428,43.5615348815918,2571800,0.0,0.0
2019-12-31 00:00:00-05:00,43.39130402829979,43.39130402829979,42.72829272106316,43.01499938964844,1931300,0.0,0.0
2020-01-02 00:00:00-05:00,44.08118866653224,44.69939921880764,44.08118866653224,44.6904411315918,4293200,0.0,0.0
2020-01-03 00:00:00-05:00,43.72280857690114,44.15286858571895,43.72280857690114,43.92887878417969,2728500,0.0,0.0
2020-01-06 00:00:00-05:00,43.30170210382805,43.72280052909979,43.274821008478256,43.6959228515625,4712100,0.0,0.0
2020-01-07 00:00:00-05:00,44.38581325885518,44.78003402022656,44.07222553288495,44.6008415222168,4667000,0.0,0.0
2020-01-08 00:00:00-05:00,44.09014698944339,44.788997419460976,44.06326930983944,44.484371185302734,2925200,0.0,0.0
2020-01-09 00:00:00-05:00,44.78899406782266,45.236973589366826,44.70835761723222,45.22801208496094,2874000,0.0,0.0
2020-01-10 00:00:00-05:00,45.85519187239808,46.29420996396196,45.78351349624956,46.07918167114258,5373200,0.0,0.0
2020-01-13 00:00:00-05:00,46.58091194173425,47.04680763434212,46.55403084645159,46.867618560791016,4920700,0.0,0.0
2020-01-14 00:00:00-05:00,46.18669592514995,46.231493201440585,45.89998925551412,46.04334259033203,3395200,0.0,0.0
2020-01-15 00:00:00-05:00,46.0343797480155,46.079177019679726,45.75663119519695,45.84622573852539,3149400,0.0,0.0
2020-01-16 00:00:00-05:00,46.02541837148806,46.33900610963856,46.01646028425531,46.18669128417969,2269800,0.0,0.0
2020-01-17 00:00:00-05:00,46.09709546252817,46.24940686595135,46.00749750362101,46.23148727416992,1846200,0.0,0.0
2020-01-21 00:00:00-05:00,44.53813235397936,44.63668841579967,44.03639737425887,44.09015274047852,6423300,0.0,0.0
2020-01-22 00:00:00-05:00,44.788997180029774,44.98610585909299,44.44853176301114,44.6904411315918,4748200,0.0,0.0
2020-01-23 00:00:00-05:00,43.91991094649236,44.7173139161123,43.90199135620948,44.66355514526367,4581700,0.0,0.0
2020-01-24 00:00:00-05:00,44.46645123034691,44.52020658911645,43.63320899129175,43.83927917480469,4248300,0.0,0.0
2020-01-27 00:00:00-05:00,41.55458660619571,42.73725241851786,41.4470690466661,42.48638153076172,9271000,0.0,0.0
2020-01-28 00:00:00-05:00,42.60285728961333,43.43609958017935,42.46846546656869,43.20315170288086,7210600,0.0,0.0
2020-01-29 00:00:00-05:00,44.36789585554446,44.40373504047657,43.92887438465818,44.37685394287109,6089200,0.0,0.0
2020-01-30 00:00:00-05:00,43.1046008220866,44.09015464728635,43.07772313781437,43.97368240356445,5431100,0.0,0.0
2020-01-31 00:00:00-05:00,42.94332318846526,42.98812046329515,42.58493815420015,42.9254035949707,5588800,0.0,0.0
2020-02-03 00:00:00-05:00,43.68696638040725,44.38581683720482,43.58841374547863,44.29621887207031,5344100,0.0,0.0
2020-02-04 00:00:00-05:00,45.998547652239694,46.231495551480094,45.78351593017578,45.78351593017578,4850900,0.0,0.0
2020-02-05 00:00:00-05:00,46.097095586012,46.18669012734651,45.02194400093462,45.550559997558594,5240500,0.0,0.0
2020-02-06 00:00:00-05:00,45.95374490571363,46.24045155580859,45.649118662761126,46.07021713256836,3259800,0.0,0.0
2020-02-07 00:00:00-05:00,45.783513401581935,45.94478632976955,45.55056551520709,45.73871612548828,4114900,0.0,0.0
2020-02-10 00:00:00-05:00,45.74767402717162,46.65259123709674,45.69391524940677,46.55403518676758,3547500,0.0,0.0
2020-02-11 00:00:00-05:00,47.24392632625,47.70982550185165,47.08265340324124,47.21704864501953,5289400,0.0,0.0
2020-02-12 00:00:00-05:00,47.60231224126688,48.15780597647296,47.31560557678548,47.92485809326172,4969300,0.0,0.0
2020-02-13 00:00:00-05:00,47.84422230395415,48.15780665457967,47.62023250556075,47.95173645019531,3460700,0.0,0.0
2020-02-14 00:00:00-05:00,47.76358873423733,47.88006097563455,47.539598922270415,47.7546272277832,2513300,0.0,0.0
2020-02-18 00:00:00-05:00,47.01993270814841,47.3783177118458,46.94825775809655,47.35143661499024,2692100,0.0,0.0
2020-02-19 00:00:00-05:00,47.39623676291173,47.79045752822972,47.378317171150094,47.66502380371094,3497100,0.0,0.0
2020-02-20 00:00:00-05:00,47.30663746655014,47.30663746655014,46.61674858339016,46.82281875610352,3589000,0.0,0.0
2020-02-21 00:00:00-05:00,46.35693014417207,46.48236388432713,45.882069447825366,46.115020751953125,4103500,0.0,0.0
2020-02-24 00:00:00-05:00,43.65112994531101,44.56500866884435,43.62424884727487,44.26934051513672,4669900,0.0,0.0
2020-02-25 00:00:00-05:00,45.82831357584402,46.00750267818682,45.075707725439926,45.16530227661133,7824400,0.0,0.0
2020-02-26 00:00:00-05:00,45.85519177758224,46.195657227957554,45.70287693748813,45.73871612548828,6239400,0.0,0.0
2020-02-27 00:00:00-05:00,45.03089938850623,45.496798494704585,44.493325337099456,44.654598236083984,8508600,0.0,0.0
2020-02-28 00:00:00-05:00,43.19418787930889,44.5291684572469,43.14939060736472,44.484371185302734,7163400,0.0,0.0
2020-03-02 00:00:00-05:00,44.48436740577694,45.012983372556,44.20661887482101,44.99506378173828,6001300,0.0,0.0
2020-03-03 00:00:00-05:00,45.684959305410665,45.85519031626685,44.69044408588465,44.96818923950195,5335900,0.0,0.0
2020-03-04 00:00:00-05:00,45.496800189908754,46.025416174540304,45.4520029202578,45.89998245239258,4213600,0.0,0.0
2020-03-05 00:00:00-05:00,46.28525347053103,46.54508246630176,45.78351507364408,46.30317306518555,6867200,0.0,0.0
2020-03-06 00:00:00-05:00,45.02194677046543,45.33553110223904,44.36789700861412,44.87859344482422,4817400,0.0,0.0
2020-03-09 00:00:00-04:00,42.9970816101668,43.57049492595583,42.55806011774603,42.79100799560547,6861700,0.0,0.0
2020-03-10 00:00:00-04:00,44.43956806471216,44.70835851729994,43.52569283003896,44.40373229980469,5071600,0.0,0.0
2020-03-11 00:00:00-04:00,43.28378631903925,43.48089500133303,42.56701628876537,42.67453384399414,6092900,0.0,0.0
2020-03-12 00:00:00-04:00,39.0817354551185,40.1748066639669,38.9742213188128,39.13549423217773,11802900,0.0,0.0
2020-03-13 00:00:00-04:00,42.62973886451165,42.64765504020064,39.99561672254121,41.42915344238281,8499900,0.0,0.0
2020-03-16 00:00:00-04:00,36.95831198563149,38.95630032041417,36.55512971677116,37.68404006958008,9104500,0.0,0.0
2020-03-17 00:00:00-04:00,38.90254069667913,40.49735014562512,38.660634758452495,39.9060173034668,8603800,0.0,0.0
2020-03-18 00:00:00-04:00,37.262946254202326,39.28781270481327,36.91352268501927,37.88115692138672,8460300,0.0,0.0
2020-03-19 00:00:00-04:00,39.50284236748352,41.00805413892844,39.19821609426698,40.586952209472656,7809200,0.0,0.0
2020-03-20 00:00:00-04:00,41.832328441879234,41.87712913037256,40.389837186211125,40.54214859008789,8911100,0.0,0.0
2020-03-23 00:00:00-04:00,41.27683923743904,41.930889030100055,40.40775773728047,41.590423583984375,8613400,0.0,0.0
2020-03-24 00:00:00-04:00,42.8447653661253,43.44505976108976,41.13348356282232,43.38233947753906,11939500,0.0,0.0
2020-03-25 00:00:00-04:00,43.84823564981727,44.88754803417274,43.53465134248216,44.12598419189453,5177200,0.0,0.0
2020-03-26 00:00:00-04:00,44.88755668756715,45.87311390512461,44.75316485186382,45.78351593017578,7463400,0.0,0.0
2020-03-27 00:00:00-04:00,43.4092190862596,44.224541730691655,43.18522931121988,43.49881362915039,3762200,0.0,0.0
2020-03-30 00:00:00-04:00,43.90200093323296,44.48437578212559,43.58841657940655,44.47541427612305,3769000,0.0,0.0
2020-03-31 00:00:00-04:00,43.45401945456745,44.37685629979935,43.45401945456745,43.98263549804688,2589900,0.0,0.0
2020-04-01 00:00:00-04:00,43.01499197121461,43.42713572681343,42.09215525447296,42.16383361816406,4189200,0.0,0.0
2020-04-02 00:00:00-04:00,43.17626747055095,43.92887324554545,43.00603647325688,43.74072265625,3199500,0.0,0.0
2020-04-03 00:00:00-04:00,43.561528638431966,43.81239949991016,42.602852715495416,42.8358039855957,2865200,0.0,0.0
2020-04-06 00:00:00-04:00,44.33206124435488,44.76212125447107,43.92887891680434,44.74420166015625,2822300,0.0,0.0
2020-04-07 00:00:00-04:00,45.3534481307238,45.38032922750793,44.06326827290436,44.32309722900391,3282500,0.0,0.0
2020-04-08 00:00:00-04:00,44.430615605199165,45.012990435815325,44.260384592437575,44.93235397338867,3214300,0.0,0.0
2020-04-09 00:00:00-04:00,45.15633945524543,45.34449004367088,44.23349926941129,44.32309722900391,4217800,0.0,0.0
2020-04-13 00:00:00-04:00,44.67252556624721,44.68148365427056,43.90200011934334,44.61876678466797,3764500,0.0,0.0
2020-04-14 00:00:00-04:00,45.586402858211954,46.14189657847981,45.53264407838747,46.09709930419922,3212600,0.0,0.0
2020-04-15 00:00:00-04:00,45.2459292927584,45.87310127344822,45.03985913383976,45.6580696105957,2991100,0.0,0.0
2020-04-16 00:00:00-04:00,47.03785313063747,47.78150083020529,47.03785313063747,47.58438873291016,5469800,0.0,0.0
2020-04-17 00:00:00-04:00,47.48583628732519,47.50375588096741,46.79594731225856,46.90346145629883,3703900,0.0,0.0
2020-04-20 00:00:00-04:00,47.08265061688856,47.55751127000675,46.76906629504777,47.00201416015625,2532200,0.0,0.0
2020-04-21 00:00:00-04:00,45.91790667982104,46.3121274774888,45.70287497884857,45.75663375854492,2480400,0.0,0.0
2020-04-22 00:00:00-04:00,47.39624033979242,47.50375448066341,47.20808632100205,47.36040115356445,2719900,0.0,0.0
2020-04-23 00:00:00-04:00,47.56646935728244,47.84421791220769,46.99305607288056,47.00201416015625,2240600,0.0,0.0
2020-04-24 00:00:00-04:00,47.181205618030965,47.44103457482093,46.99305502910556,47.35143661499024,1635600,0.0,0.0
2020-04-27 00:00:00-04:00,47.77254682287816,47.8979805707295,47.539598922270415,47.7546272277832,1963700,0.0,0.0
2020-04-28 00:00:00-04:00,48.390754757773095,48.56098919271479,47.75462454776231,47.88005828857422,2918100,0.0,0.0
2020-04-29 00:00:00-04:00,48.45347488046623,48.53410792687292,48.15780670572267,48.42659378051758,1942400,0.0,0.0
2020-04-30 00:00:00-04:00,48.148847212814296,48.35491741140514,46.90346109779709,47.14537048339844,3097800,0.0,0.0
2020-05-01 00:00:00-04:00,46.13294035786382,46.17773763395748,45.61328238530082,45.73871612548828,5653000,0.0,0.0
2020-05-04 00:00:00-04:00,45.78351462094642,46.312130695681695,45.604325511799416,46.20461654663086,2443600,0.0,0.0
2020-05-05 00:00:00-04:00,46.769064781885646,47.01993223124173,46.68842832776224,46.742183685302734,2653000,0.0,0.0
2020-05-06 00:00:00-04:00,47.26184094774032,47.37831658384077,46.99305391027304,47.091609954833984,2884800,0.0,0.0
2020-05-07 00:00:00-04:00,47.03785105339159,47.36935495144701,46.93033692225708,47.2618408203125,2647100,0.0,0.0
2020-05-08 00:00:00-04:00,48.39074825859145,48.96416493899593,48.16675848927823,48.892486572265625,5009800,0.0,0.0
2020-05-11 00:00:00-04:00,49.7257304197844,50.17370997311579,49.63613587624322,50.13787078857422,4730200,0.0,0.0
2020-05-12 00:00:00-04:00,50.44250101358144,50.62169353265788,49.51966415438537,49.591339111328125,4110200,0.0,0.0
2020-05-13 00:00:00-04:00,51.82227824772568,52.55696448970573,51.213025742013485,51.81332015991211,9222800,0.0,0.0
2020-05-14 00:00:00-04:00,49.58985511655192,50.38041897283984,49.10473615289811,50.30854797363281,6025700,0.155,0.0
2020-05-15 00:00:00-04:00,48.37705915377856,48.67352189387427,48.15246741503864,48.52079772949219,4853900,0.0,0.0
2020-05-18 00:00:00-04:00,49.50900675052428,50.26363518028887,49.23949733139368,50.03904342651367,3471400,0.0,0.0
2020-05-19 00:00:00-04:00,50.02107673762987,50.30855391440949,49.74258172331287,49.76953506469727,3537400,0.0,0.0
2020-05-20 00:00:00-04:00,51.206916136553765,51.56626428725858,50.33549909864325,50.865535736083984,5423800,0.0,0.0
2020-05-21 00:00:00-04:00,49.42814847433504,49.82342868641302,49.14965349471325,49.54493713378906,5413200,0.0,0.0
2020-05-22 00:00:00-04:00,47.98177713746229,48.026694798135125,47.07442805467877,47.32596969604492,8033300,0.0,0.0
2020-05-26 00:00:00-04:00,49.419163872303166,49.4550993723905,48.37705835875571,48.43096160888672,5106100,0.0,0.0
2020-05-27 00:00:00-04:00,48.439947720240525,48.51181872627562,47.61345171282607,48.13450622558594,4612200,0.0,0.0
2020-05-28 00:00:00-04:00,47.55954249052338,47.73921655606741,46.93967056274414,46.93967056274414,4071300,0.0,0.0
2020-05-29 00:00:00-04:00,47.29003673486864,48.89811443304929,47.16426590743516,48.799293518066406,6098200,0.0,0.0
2020-06-01 00:00:00-04:00,49.248479113409104,49.75156587170047,49.122708280585805,49.57189178466797,2425100,0.0,0.0
2020-06-02 00:00:00-04:00,50.29058142213785,50.721797146661245,49.96716877199581,50.631961822509766,4676700,0.0,0.0
2020-06-03 00:00:00-04:00,50.47025562507064,50.75773277547989,50.34448480014134,50.56907653808594,3266900,0.0,0.0
2020-06-04 00:00:00-04:00,50.14684400037606,50.44330674548912,49.54493977532545,49.87733459472656,2938900,0.0,0.0
2020-06-05 00:00:00-04:00,50.38940113424178,50.793666937286616,50.30854797363281,50.30854797363281,4014800,0.0,0.0
2020-06-08 00:00:00-04:00,50.03005915243358,50.23668316009871,49.54494355604506,50.11091232299805,4141200,0.0,0.0
2020-06-09 00:00:00-04:00,50.01208955874279,50.40737323450102,49.81445114786183,50.29058456420898,2140700,0.0,0.0
2020-06-10 00:00:00-04:00,51.56626538375931,52.30292602407032,51.260820477264645,52.0963020324707,3594600,0.0,0.0
2020-06-11 00:00:00-04:00,50.87452755311209,51.07216597589785,50.08396358097394,50.20075225830078,2407500,0.0,0.0
2020-06-12 00:00:00-04:00,51.63813399677837,51.64711958576648,50.30855126738023,50.98232650756836,1975100,0.0,0.0
2020-06-15 00:00:00-04:00,50.12887511536461,51.18894839032914,50.12887511536461,51.054195404052734,2104300,0.0,0.0
2020-06-16 00:00:00-04:00,52.680233992501954,52.81499039708555,52.01544441161714,52.17715072631836,3410400,0.0,0.0
2020-06-17 00:00:00-04:00,52.19511495460968,52.64429839975089,52.10527963638052,52.473609924316406,2587600,0.0,0.0
2020-06-18 00:00:00-04:00,53.08450725061102,53.36300226001483,52.967718578667714,53.19231033325195,2364300,0.0,0.0
2020-06-19 00:00:00-04:00,53.47978365607736,53.5606368189887,52.64430211499283,52.95873260498047,2540600,0.0,0.0
2020-06-22 00:00:00-04:00,55.21363214657019,56.058099276245024,54.87225517163581,55.8335075378418,7277000,0.0,0.0
2020-06-23 00:00:00-04:00,57.78296437504059,57.94467070698738,57.11817472325765,57.495487213134766,4458900,0.0,0.0
2020-06-24 00:00:00-04:00,56.59712126969018,56.98341935569079,56.00419918394479,56.57017135620117,2786700,0.0,0.0
2020-06-25 00:00:00-04:00,56.10301394950068,56.50727974248783,55.86943663488687,56.34557342529297,3143200,0.0,0.0
2020-06-26 00:00:00-04:00,56.156920996178805,56.19285649951204,55.62688431650738,55.8784294128418,2026100,0.0,0.0
2020-06-29 00:00:00-04:00,56.20183605277413,56.66000167657215,56.09402955435283,56.48032760620117,2531000,0.0,0.0
2020-06-30 00:00:00-04:00,57.56735821711027,57.890770881003846,57.324798719190085,57.495487213134766,4062800,0.0,0.0
2020-07-01 00:00:00-04:00,57.63024831643058,58.44775877761376,57.63024831643058,58.41182327270508,2695800,0.0,0.0
2020-07-02 00:00:00-04:00,60.28940659042468,60.31635650229768,59.36408972814034,59.91209411621094,3891200,0.0,0.0
2020-07-06 00:00:00-04:00,60.36127804544192,61.08895308746985,60.19957171899173,61.0799674987793,3609900,0.0,0.0
2020-07-07 00:00:00-04:00,59.87616190783061,60.29839549437857,59.40900722969389,59.74140548706055,2524800,0.0,0.0
2020-07-08 00:00:00-04:00,62.76889901472034,63.7121801660219,62.517350520377605,63.68523025512695,4969700,0.0,0.0
2020-07-09 00:00:00-04:00,65.47297678548891,65.49094796161137,63.343851632673925,64.03559112548828,5876300,0.0,0.0
2020-07-10 00:00:00-04:00,63.74811270681012,63.93676892831533,62.8587314185726,63.24502944946289,3181900,0.0,0.0
2020-07-13 00:00:00-04:00,63.16418019683792,63.21808687637774,61.08895466545206,61.214725494384766,4878100,0.0,0.0
2020-07-14 00:00:00-04:00,60.729604780069664,60.8823255174427,59.76835241249237,60.67570495605469,2870800,0.0,0.0
2020-07-15 00:00:00-04:00,62.95756691830602,63.40675046049599,62.36464135269674,62.71500396728516,2901600,0.0,0.0
2020-07-16 00:00:00-04:00,59.840229011033166,60.42416895713294,59.83124342152488,60.2624626159668,3036400,0.0,0.0
2020-07-17 00:00:00-04:00,60.66672226688026,60.88232842724072,60.46908043071806,60.69367218017578,1377600,0.0,0.0
2020-07-20 00:00:00-04:00,60.63977324444315,62.09513026974847,60.63977324444315,61.98732376098633,2399800,0.0,0.0
2020-07-21 00:00:00-04:00,65.3292373877139,65.33822297518937,62.86771417705329,64.2242431640625,3606200,0.0,0.0
2020-07-22 00:00:00-04:00,63.11026558083248,63.11026558083248,62.27478421072716,62.7419319152832,3103800,0.0,0.0
2020-07-23 00:00:00-04:00,63.98171209444829,64.42191009654385,62.741960990998784,63.28098678588867,4844500,0.0,0.0
2020-07-24 00:00:00-04:00,60.9811515422338,61.87951857242933,60.44213269491578,61.82561874389648,3280200,0.0,0.0
2020-07-27 00:00:00-04:00,60.84639911620327,61.52017435723875,60.70265710819753,61.38541793823242,3742600,0.0,0.0
2020-07-28 00:00:00-04:00,62.6610958263836,63.01145839451252,61.92443518903613,62.09512710571289,3521600,0.0,0.0
2020-07-29 00:00:00-04:00,62.84077070427247,63.33487530999156,62.688049954867104,63.26300430297852,2203200,0.0,0.0
2020-07-30 00:00:00-04:00,61.78967236172808,62.1939415665397,61.62796605060249,62.04121398925781,2107300,0.0,0.0
2020-07-31 00:00:00-04:00,62.09512749471626,62.20292714466447,60.83741236468399,61.52915191650391,2433300,0.0,0.0
2020-08-03 00:00:00-04:00,62.44548312674663,62.885680974449095,62.27479122796606,62.52633285522461,3002200,0.0,0.0
2020-08-04 00:00:00-04:00,63.2090962523673,64.00864225289078,63.20011066416042,63.95474243164063,2025400,0.0,0.0
2020-08-05 00:00:00-04:00,65.05075653285851,65.25737710072309,64.85311469994726,65.08668518066406,2474000,0.0,0.0
2020-08-06 00:00:00-04:00,64.35900699749534,65.53586549496232,64.20628626273925,65.19448852539062,1856000,0.0,0.0
2020-08-07 00:00:00-04:00,61.02606910214776,61.49321691504476,60.05583112075079,60.38822937011719,9096500,0.0,0.0
2020-08-10 00:00:00-04:00,58.15129734919563,58.3489323264806,57.59430735685775,58.2950325012207,9031000,0.0,0.0
2020-08-11 00:00:00-04:00,59.85818901082232,59.92107442484316,59.06762854113245,59.24729919433594,2973300,0.0,0.0
2020-08-12 00:00:00-04:00,61.08895492553711,61.16082592923211,60.66672134632416,61.08895492553711,3888700,0.0,0.0
2020-08-13 00:00:00-04:00,59.40900284265284,59.41798843110632,58.41181499818618,58.68132781982422,4239400,0.0,0.0
2020-08-14 00:00:00-04:00,58.79811288800431,58.79811288800431,58.16027318952096,58.27706527709961,3080100,0.0,0.0
2020-08-17 00:00:00-04:00,58.88796141438171,59.435965849664015,58.61844856444085,59.37307357788086,2043800,0.0,0.0
2020-08-18 00:00:00-04:00,59.38205245020882,59.51680885993612,58.94185457549563,59.3551025390625,1630600,0.0,0.0
2020-08-19 00:00:00-04:00,59.00474123388592,59.00474123388592,58.16925970070438,58.30401611328125,2362700,0.0,0.0
2020-08-20 00:00:00-04:00,58.32197972692954,59.543759305837135,58.32197972692954,59.52579498291016,1669900,0.0,0.0
2020-08-21 00:00:00-04:00,60.14566293428925,62.840763711401465,59.78632164720419,62.481422424316406,3435700,0.0,0.0
2020-08-24 00:00:00-04:00,63.74811359270335,63.78404909072688,62.81381120607804,62.84974670410156,2968500,0.0,0.0
2020-08-25 00:00:00-04:00,63.27198179798911,64.08051338845948,62.84076266507305,63.936771392822266,3723500,0.0,0.0
2020-08-26 00:00:00-04:00,64.22424364560604,64.22424364560604,63.78404581193805,63.97270202636719,3335300,0.0,0.0
2020-08-27 00:00:00-04:00,65.05074941218766,65.05074941218766,63.685227909182245,63.88286972045898,3050900,0.0,0.0
2020-08-28 00:00:00-04:00,62.732970264408685,63.22706800996156,62.508378510794735,63.17316818237305,2338000,0.0,0.0
2020-08-31 00:00:00-04:00,61.66390291538548,61.67288850342374,60.67570070503545,61.39439010620117,3600500,0.0,0.0
2020-09-01 00:00:00-04:00,62.64313921835447,63.36182876667738,62.301755342954,63.34386444091797,2989300,0.0,0.0
2020-09-02 00:00:00-04:00,63.47860832257694,63.5145369669922,62.17597220766965,63.00246810913086,3754600,0.0,0.0
2020-09-03 00:00:00-04:00,61.42135276582714,61.49321691504476,60.05583112075079,60.38822937011719,4544800,0.0,0.0
2020-09-04 00:00:00-04:00,60.01091242254278,60.43313911354043,58.654376467223024,60.23550415039063,3439900,0.0,0.0
2020-09-08 00:00:00-04:00,58.03450748720619,58.98678117872071,57.85483682676757,58.1602783203125,3321900,0.0,0.0
2020-09-09 00:00:00-04:00,58.81608415719852,59.76835091220448,58.57352124722802,59.588680267333984,2705000,0.0,0.0
2020-09-10 00:00:00-04:00,59.202384793292815,59.47189077234811,58.37588882446289,58.37588882446289,3028900,0.0,0.0
2020-09-11 00:00:00-04:00,59.63359475564182,59.8671720781653,58.950840819028265,59.46290969848633,2406300,0.0,0.0
2020-09-14 00:00:00-04:00,61.22370571938688,61.68187475835566,60.96317849542407,61.502197265625,1971700,0.0,0.0
2020-09-15 00:00:00-04:00,62.03223813196652,62.158008951563616,61.7447609937452,61.96935272216797,1466500,0.0,0.0
2020-09-16 00:00:00-04:00,61.76272857892811,62.14902664638161,61.27760959742865,61.37643051147461,2134600,0.0,0.0
2020-09-17 00:00:00-04:00,60.81944273673224,61.61898881286918,59.81327609026575,59.88514709472656,2331800,0.0,0.0
2020-09-18 00:00:00-04:00,60.01990086946434,60.59485523747683,59.91210120920994,60.20855712890625,4876800,0.0,0.0
2020-09-21 00:00:00-04:00,58.69929260417955,59.85818677994013,58.69929260417955,59.80428695678711,3414600,0.0,0.0
2020-09-22 00:00:00-04:00,59.74140483387332,59.74140483387332,59.15746491958509,59.63359832763672,1825900,0.0,0.0
2020-09-23 00:00:00-04:00,59.74139975045473,60.05582679939484,58.84303283691406,58.84303283691406,2045100,0.0,0.0
2020-09-24 00:00:00-04:00,58.48368535781033,59.52579427914435,58.12433721755737,58.95083999633789,2265300,0.0,0.0
2020-09-25 00:00:00-04:00,58.16926468334332,58.852025539286124,57.78296658966473,58.67234802246094,4351300,0.0,0.0
2020-09-28 00:00:00-04:00,59.16644905002235,59.16644905002235,58.41181723296187,58.96880722045898,1191700,0.0,0.0
2020-09-29 00:00:00-04:00,58.93286894579453,59.283231498442426,58.618441892648434,58.88795471191406,1647900,0.0,0.0
2020-09-30 00:00:00-04:00,59.4988415478873,60.86435619132965,58.95083720212544,60.77452087402344,3734900,0.0,0.0
2020-10-01 00:00:00-04:00,61.53813842875663,61.70883034906407,60.86436319048557,61.55610275268555,2571200,0.0,0.0
2020-10-02 00:00:00-04:00,60.60382971441178,61.61000310093283,60.23550285275379,60.39720916748047,2560300,0.0,0.0
2020-10-05 00:00:00-04:00,60.657737840068,61.601025947463626,60.657737840068,61.4393196105957,1506200,0.0,0.0
2020-10-06 00:00:00-04:00,61.42135828662361,62.23886874617348,61.26863067756764,61.81663513183594,3583300,0.0,0.0
2020-10-07 00:00:00-04:00,62.16699664899632,62.62516576015588,61.58306355410275,62.27480316162109,3890000,0.0,0.0
2020-10-08 00:00:00-04:00,61.960357669391264,62.55327617778062,61.72678038839203,62.49039077758789,2187000,0.0,0.0
2020-10-09 00:00:00-04:00,62.93060987855587,63.766091446611085,62.58922603857873,63.73015594482422,2119400,0.0,0.0
2020-10-12 00:00:00-04:00,64.43987006510586,65.68859968824289,64.37698464717796,65.65266418457031,3195100,0.0,0.0
2020-10-13 00:00:00-04:00,65.6885949791529,66.69476159386896,65.08668390328265,66.51509094238281,3768600,0.0,0.0
2020-10-14 00:00:00-04:00,66.4522124317041,66.68578978609581,65.5448597832567,65.58079528808594,2627200,0.0,0.0
2020-10-15 00:00:00-04:00,63.50556706328225,64.84413200873114,63.44268164581811,64.63750457763672,1904000,0.0,0.0
2020-10-16 00:00:00-04:00,64.96989836568449,65.4999384369182,64.64648571130363,65.3292465209961,3445100,0.0,0.0
2020-10-19 00:00:00-04:00,65.47297713966418,65.84131085821693,64.65546682555217,64.79920196533203,1837200,0.0,0.0
2020-10-20 00:00:00-04:00,65.25737263279075,65.92216223561609,65.20347281077659,65.35619354248047,2161300,0.0,0.0
2020-10-21 00:00:00-04:00,65.29331548842244,65.91319092740633,65.20348015694564,65.48197174072266,2154500,0.0,0.0
2020-10-22 00:00:00-04:00,65.41908104102949,65.67062269045239,64.69140600462809,64.86209106445312,1583400,0.0,0.0
2020-10-23 00:00:00-04:00,64.96090940498921,65.60773468017578,64.25119871993705,65.60773468017578,1593600,0.0,0.0
2020-10-26 00:00:00-04:00,65.07770618578873,65.53586841043914,64.47579510050952,65.21245574951172,2334000,0.0,0.0
2020-10-27 00:00:00-04:00,67.55719725967381,69.3000314742621,67.55719725967381,68.94966888427734,3302900,0.0,0.0
2020-10-28 00:00:00-04:00,68.94067534813746,68.99458202391882,68.02434410780224,68.23096466064453,4517200,0.0,0.0
2020-10-29 00:00:00-04:00,69.93786206255089,70.8362289659979,69.74920583530648,70.54875183105469,3842000,0.0,0.0
2020-10-30 00:00:00-04:00,69.1742471244357,69.35391775199203,68.1231595598414,68.5813217163086,3582300,0.0,0.0
2020-11-02 00:00:00-05:00,70.41399345731504,70.44992895492832,68.88677250572512,69.60546875,4204400,0.0,0.0
2020-11-03 00:00:00-05:00,67.82670406090978,68.18605220819059,66.64984556121107,67.35057067871094,5947700,0.0,0.0
2020-11-04 00:00:00-05:00,69.60546941545238,71.39321760133356,69.33595660777382,70.71045684814453,5321500,0.0,0.0
2020-11-05 00:00:00-05:00,72.9653604049629,73.08214563402886,72.04902233261448,72.61499786376953,5021100,0.0,0.0
2020-11-06 00:00:00-05:00,71.91427478823782,72.1208953418894,71.53695547227308,71.65374755859375,5905800,0.0,0.0
2020-11-09 00:00:00-05:00,72.6150033279709,72.6150033279709,69.4437690424374,70.5757064819336,5604900,0.0,0.0
2020-11-10 00:00:00-05:00,68.59031588380982,68.68015120882544,65.98505033438107,66.29948425292969,6034200,0.0,0.0
2020-11-11 00:00:00-05:00,64.54766713451266,66.44322203977332,64.01763389808242,65.97607421875,6282600,0.0,0.0
2020-11-12 00:00:00-05:00,68.27589180124274,69.35392945650595,65.45501997777424,65.85030364990234,5667700,0.0,0.0
2020-11-13 00:00:00-05:00,69.3539299838246,69.80311348593226,68.41963433095741,68.68914031982422,7311100,0.0,0.0
2020-11-16 00:00:00-05:00,68.90473610533006,69.02152818484794,67.70991337868962,68.12316131591797,3108100,0.0,0.0
2020-11-17 00:00:00-05:00,67.67398333685206,68.10519563046238,67.37752060124757,67.3954849243164,1772700,0.0,0.0
2020-11-18 00:00:00-05:00,68.79694683422511,68.79694683422511,67.37752532247258,67.79975891113281,3060700,0.0,0.0
2020-11-19 00:00:00-05:00,66.81155528059772,67.79975759535012,66.52407811896073,67.53923034667969,3049200,0.0,0.0
2020-11-20 00:00:00-05:00,68.23995498295534,69.04848663580947,68.23995498295534,68.63523864746094,2661300,0.0,0.0
2020-11-23 00:00:00-05:00,68.32978412849491,68.32978412849491,66.88341287312748,67.0810546875,2595800,0.0,0.0
2020-11-24 00:00:00-05:00,67.78178615862419,68.14113432279768,67.29667401908553,68.08723449707031,1635200,0.0,0.0
2020-11-25 00:00:00-05:00,66.90138195683078,67.24275890025419,66.55101942558179,67.15292358398438,1783000,0.0,0.0
2020-11-27 00:00:00-05:00,68.53641297675338,68.53641297675338,67.85365220015329,68.23096466064453,1095200,0.0,0.0
2020-11-30 00:00:00-05:00,65.5987596135022,66.12879974223763,65.26636818832597,65.58079528808594,3566800,0.0,0.0
2020-12-01 00:00:00-05:00,67.15293727604633,67.42245013380305,66.71273933877393,67.01818084716797,1883200,0.0,0.0
2020-12-02 00:00:00-05:00,66.58696012706386,67.42244165626217,66.17371215672863,66.92833709716797,2092100,0.0,0.0
2020-12-03 00:00:00-05:00,68.22199066805246,69.1113720593105,67.83569259241575,68.6801528930664,1487600,0.0,0.0
2020-12-04 00:00:00-05:00,68.34775222492075,68.365716546329,67.62905599667744,68.0333251953125,1436000,0.0,0.0
2020-12-07 00:00:00-05:00,67.58414256535904,68.23096095363259,67.53922148031444,68.12316131591797,2157100,0.0,0.0
2020-12-08 00:00:00-05:00,68.05129032144471,68.24893212924854,67.38650075755521,68.12316131591797,1515200,0.0,0.0
2020-12-09 00:00:00-05:00,68.13215220694872,68.13215220694872,66.56899549520607,67.00919342041016,1659100,0.0,0.0
2020-12-10 00:00:00-05:00,66.92834027463407,68.24894083709509,66.7486696195221,68.13214874267578,2123000,0.0,0.0
2020-12-11 00:00:00-05:00,68.00638691191051,68.00638691191051,67.3954970081022,67.50330352783203,1197900,0.0,0.0
2020-12-14 00:00:00-05:00,66.73069973558609,66.7935851514943,65.67062640027888,65.72453308105469,2448100,0.0,0.0
2020-12-15 00:00:00-05:00,65.35619277889104,65.83232614510827,65.04176573082265,65.68859100341797,1873100,0.0,0.0
2020-12-16 00:00:00-05:00,66.425258512511,66.64086467449313,65.94912509671879,66.5330581665039,1218200,0.0,0.0
2020-12-17 00:00:00-05:00,67.51228122506241,67.853658216634,67.01817663489643,67.62906646728516,889300,0.0,0.0
2020-12-18 00:00:00-05:00,67.59312045349648,67.77279793743165,66.92833089792435,67.656005859375,1231500,0.0,0.0
2020-12-21 00:00:00-05:00,65.8502921712365,66.8205231502495,65.63467919457133,66.38032531738281,1617600,0.0,0.0
2020-12-22 00:00:00-05:00,66.47915595100574,66.63187669133953,65.67062430512672,65.84131622314453,3708800,0.0,0.0
2020-12-23 00:00:00-05:00,65.85929312312213,66.2994979584918,65.85929312312213,66.16474151611328,1090600,0.0,0.0
2020-12-24 00:00:00-05:00,64.47578896078787,64.58359545549648,61.87950918568244,62.66109085083008,5695300,0.0,0.0
2020-12-28 00:00:00-05:00,61.22370894079615,61.44830067803018,60.307370814643605,60.4421272277832,6858000,0.0,0.0
2020-12-29 00:00:00-05:00,61.95138278884731,62.7958498979416,61.57407032248441,62.75991439819336,4625500,0.0,0.0
2020-12-30 00:00:00-05:00,64.69140491921966,65.10465288690885,64.32307118589047,64.43087768554688,3000800,0.0,0.0
2020-12-31 00:00:00-05:00,65.0148143995186,65.32924144071659,63.78404929083456,64.5835952758789,2562000,0.0,0.0
2021-01-04 00:00:00-05:00,66.37133876967576,66.6678014678052,65.35618672171142,65.4460220336914,3019600,0.0,0.0
2021-01-05 00:00:00-05:00,67.46735548102579,68.90474120693662,67.33259906991007,68.86881256103516,2203000,0.0,0.0
2021-01-06 00:00:00-05:00,68.53641741662965,68.86881566516452,65.40111858973225,66.13777923583984,4378100,0.0,0.0
2021-01-07 00:00:00-05:00,65.58077842865887,65.76044905261887,64.49375538951256,65.4460220336914,6867700,0.0,0.0
2021-01-08 00:00:00-05:00,65.74249212714872,70.02769936198852,65.58977139420378,69.12035369873047,10876700,0.0,0.0
2021-01-11 00:00:00-05:00,67.92552921751964,68.47353363421934,67.82670829949207,68.05130004882812,3591200,0.0,0.0
2021-01-12 00:00:00-05:00,68.27589179432707,68.95865263138928,68.27589179432707,68.4735336303711,2343600,0.0,0.0
2021-01-13 00:00:00-05:00,68.81490265087332,71.33931828157587,68.72506733234908,70.45891571044922,3355200,0.0,0.0
2021-01-14 00:00:00-05:00,72.87552798634587,73.53133200842386,72.5521153425281,72.58805084228516,3177600,0.0,0.0
2021-01-15 00:00:00-05:00,74.20510545371052,74.60038908770079,73.4684448610895,73.89067840576172,2698500,0.0,0.0
2021-01-19 00:00:00-05:00,75.95692948120468,77.27752315977024,75.91200839144567,77.16972351074219,4152400,0.0,0.0
2021-01-20 00:00:00-05:00,78.47236859099118,79.60431311058962,78.31964782160019,79.11919403076172,4412100,0.0,0.0
2021-01-21 00:00:00-05:00,79.06527816547758,80.0265305396941,78.4723526812339,79.45157623291016,4149800,0.0,0.0
2021-01-22 00:00:00-05:00,79.86482816411866,81.61664108334098,79.76600724518855,81.1674575805664,3690300,0.0,0.0
2021-01-25 00:00:00-05:00,87.95911700143431,88.21065866691546,84.90466780488532,86.24323272705078,6672400,0.0,0.0
2021-01-26 00:00:00-05:00,83.3954009590073,86.03659498388016,82.4521129725556,82.9731674194336,3567900,0.0,0.0
2021-01-27 00:00:00-05:00,80.07146072347805,80.74523607850092,78.83171653767504,79.24496459960938,2607400,0.0,0.0
2021-01-28 00:00:00-05:00,78.83170114604876,81.17643947204579,78.83170114604876,80.68233489990234,2099200,0.0,0.0
2021-01-29 00:00:00-05:00,79.92771280785857,80.71827329766249,79.05629572425859,80.233154296875,1535700,0.0,0.0
2021-02-01 00:00:00-05:00,82.34431321116878,84.36563873291016,82.34431321116878,84.36563873291016,2423200,0.0,0.0
2021-02-02 00:00:00-05:00,84.14105151067625,85.2370534282004,83.2786132104013,84.98551177978516,2597900,0.0,0.0
2021-02-03 00:00:00-05:00,85.29994864130215,85.48861175328692,83.99731916062376,84.44650268554688,2317700,0.0,0.0
2021-02-04 00:00:00-05:00,85.65928544756815,85.78505626951143,84.81482519366266,85.69522094726562,1979100,0.0,0.0
2021-02-05 00:00:00-05:00,85.3538534101578,86.06356418609407,84.71601364155605,85.70421600341797,1532200,0.0,0.0
2021-02-08 00:00:00-05:00,85.87489792145477,86.10847525970708,84.85974568266002,85.43470001220703,2598300,0.0,0.0
2021-02-09 00:00:00-05:00,86.86310838978423,88.26455873209903,86.55766004230752,87.85131072998047,2401100,0.0,0.0
2021-02-10 00:00:00-05:00,88.2016743748357,88.9383350577196,87.10566551283853,87.81537628173828,2089600,0.0,0.0
2021-02-11 00:00:00-05:00,88.12979575487735,89.25275443384876,87.86028978432171,88.65983581542969,2041300,0.0,0.0
2021-02-12 00:00:00-05:00,88.94731798507664,89.29768056437763,88.42626348365603,89.02816772460938,960300,0.0,0.0
2021-02-16 00:00:00-05:00,86.79124561471733,87.14160823352204,86.10848470325304,86.33307647705078,1839100,0.0,0.0
2021-02-17 00:00:00-05:00,87.45602522380776,87.86029448225143,86.5396939085286,87.42008972167969,1878300,0.0,0.0
2021-02-18 00:00:00-05:00,85.88387273924765,86.1533855460447,64.58359474217471,86.0096435546875,3150500,0.0,0.0
2021-02-19 00:00:00-05:00,85.65929569753195,86.72835466596884,85.57844595403499,85.79405212402344,1660500,0.0,0.0
2021-02-22 00:00:00-05:00,83.0989539389569,83.0989539389569,80.86202185474625,81.11356353759766,3129900,0.0,0.0
2021-02-23 00:00:00-05:00,80.20619867374728,82.10175345051134,78.45438589616711,81.50883483886719,3564400,0.0,0.0
2021-02-24 00:00:00-05:00,79.51446977310889,80.55657199041833,78.36456104201017,80.13433837890625,3019000,0.0,0.0
2021-02-25 00:00:00-05:00,79.61327042379526,79.95464734953488,77.84348668357649,77.95128631591797,2521600,0.0,0.0
2021-02-26 00:00:00-05:00,77.25955551075911,78.80474771761361,76.90020737014248,78.33759307861328,4191300,0.0,0.0
2021-03-01 00:00:00-05:00,80.73623953987696,82.35329592297728,80.40384130391946,82.02090454101562,3492300,0.0,0.0
2021-03-02 00:00:00-05:00,81.5357892138822,81.5447679488259,80.62843664284931,80.77217864990234,1160600,0.0,0.0
2021-03-03 00:00:00-05:00,83.32354571100318,83.32354571100318,80.5745446711213,81.15847778320312,3812900,0.0,0.0
2021-03-04 00:00:00-05:00,80.15231130974718,80.82608661416133,77.37635349148252,78.06809997558594,4579900,0.0,0.0
2021-03-05 00:00:00-05:00,78.08604462003939,78.46335705045216,75.9119984973809,78.38250732421875,5211100,0.0,0.0
2021-03-08 00:00:00-05:00,74.99567966975452,78.15792847266013,73.63914358978826,73.84576416015625,3068100,0.0,0.0
2021-03-09 00:00:00-05:00,75.63351218021523,78.01417900329484,75.44485595200867,77.14276885986328,2716000,0.0,0.0
2021-03-10 00:00:00-05:00,77.52009463454341,77.52009463454341,75.63352517436196,75.99286651611328,2199500,0.0,0.0
2021-03-11 00:00:00-05:00,78.83170681726746,80.40384911846652,78.6071150599533,80.20620727539062,1911800,0.0,0.0
2021-03-12 00:00:00-05:00,75.01365090599637,75.01365090599637,73.22590234244564,74.17816925048828,5212000,0.0,0.0
2021-03-15 00:00:00-04:00,72.70484108327457,74.52852498407127,72.40837833035788,74.22308349609375,2639700,0.0,0.0
2021-03-16 00:00:00-04:00,72.92942812564482,73.89068047283371,72.85755712581863,73.3516616821289,2062600,0.0,0.0
2021-03-17 00:00:00-04:00,71.9502141882816,73.35167145564179,71.46510200980708,72.8575668334961,2070800,0.0,0.0
2021-03-18 00:00:00-04:00,73.26183532970026,73.49540582674061,72.57008886616677,72.76773071289062,1986900,0.0,0.0
2021-03-19 00:00:00-04:00,72.49821649086437,74.24105072021484,71.95919764432193,74.24105072021484,2503300,0.0,0.0
2021-03-22 00:00:00-04:00,73.57625140663248,74.42969723077346,73.33368850234275,74.35782623291016,1853100,0.0,0.0
2021-03-23 00:00:00-04:00,73.35166695067237,73.61219420325801,72.68687728952058,72.70484161376953,1861000,0.0,0.0
2021-03-24 00:00:00-04:00,72.70484525073829,72.91147268691708,68.81491429960606,69.00357055664062,5983900,0.0,0.0
2021-03-25 00:00:00-04:00,69.4527461655934,70.24331346193999,68.99458395956981,69.55156707763672,4747400,0.0,0.0
2021-03-26 00:00:00-04:00,71.36626998652297,72.749755859375,69.91091311544587,72.749755859375,5923100,0.0,0.0
2021-03-29 00:00:00-04:00,71.14168072692247,71.68968511291764,70.13550727883387,70.69249725341797,3468900,0.0,0.0
2021-03-30 00:00:00-04:00,70.58469049776686,71.33932229461062,70.09957152565212,70.81826782226562,1715900,0.0,0.0
2021-03-31 00:00:00-04:00,71.2405061343844,72.2826082945892,70.71046603812796,71.68968963623047,3769500,0.0,0.0
2021-04-01 00:00:00-04:00,75.32806975638199,75.86708857253934,74.65429452268627,75.31908416748047,2013100,0.0,0.0
2021-04-05 00:00:00-04:00,76.00185164950184,76.0467727439494,74.69922215848307,74.88787841796875,2212200,0.0,0.0
2021-04-06 00:00:00-04:00,75.63352018950152,76.34323094447919,74.56446126245973,76.04676818847656,2199800,0.0,0.0
2021-04-07 00:00:00-04:00,68.70710711406011,70.8811534805798,68.67117161370493,70.31517791748047,20574000,0.0,0.0
2021-04-08 00:00:00-04:00,72.25566864013672,72.58806694613612,71.73461405905569,72.25566864013672,3793400,0.0,0.0
2021-04-09 00:00:00-04:00,71.77953159528727,71.96818786100717,71.04287085838232,71.34831237792969,2922200,0.0,0.0
2021-04-12 00:00:00-04:00,70.97098018995219,71.24049298290446,70.74638848049031,71.19557189941406,2808600,0.0,0.0
2021-04-13 00:00:00-04:00,71.03387844729339,72.33650785627168,70.53079512034944,71.81546020507812,2735300,0.0,0.0
2021-04-14 00:00:00-04:00,72.27362565236427,72.48025308739699,71.2135522706236,71.2854232788086,1916400,0.0,0.0
2021-04-15 00:00:00-04:00,71.77951602762087,72.45329119648966,71.60882412489556,71.85138702392578,2162900,0.0,0.0
2021-04-16 00:00:00-04:00,72.90248714056567,73.27081406528107,72.35448269428467,72.76773071289062,2130800,0.0,0.0
2021-04-19 00:00:00-04:00,72.12987933005068,72.2736144701854,71.24049801685538,71.51898956298828,2154400,0.0,0.0
2021-04-20 00:00:00-04:00,71.24949603909882,71.59087994057711,70.14450828957004,70.61165618896484,2979000,0.0,0.0
2021-04-21 00:00:00-04:00,70.61163579359817,71.84240089354572,70.25228766878179,71.68069458007812,1760800,0.0,0.0
2021-04-22 00:00:00-04:00,71.9771675809685,73.17199049975196,71.81546124439683,72.66890716552734,1693100,0.0,0.0
2021-04-23 00:00:00-04:00,72.96537277405226,73.9176396521604,72.90248735481865,73.4864273071289,1640000,0.0,0.0
2021-04-26 00:00:00-04:00,72.3814339597967,72.3814339597967,71.21355403681356,72.13887786865234,1903000,0.0,0.0
2021-04-27 00:00:00-04:00,72.14784583111874,72.74975688222182,72.14784583111874,72.29158782958984,1812400,0.0,0.0
2021-04-28 00:00:00-04:00,72.67789195687213,73.26183187996988,72.29159387119174,73.00130462646484,1132900,0.0,0.0
2021-04-29 00:00:00-04:00,73.2708148565649,73.27980044623938,71.41119532575694,72.8575668334961,2571500,0.0,0.0
2021-04-30 00:00:00-04:00,71.65375439728335,72.09395231159341,71.27643504530695,71.56391906738281,2002500,0.0,0.0
2021-05-03 00:00:00-04:00,72.00410856641429,72.81264014901693,71.87833774845338,71.98613739013672,2080100,0.0,0.0
2021-05-04 00:00:00-04:00,71.49204436259018,71.59984401129434,70.09957283219651,70.70147705078125,1784200,0.0,0.0
2021-05-05 00:00:00-04:00,70.70147705078125,71.13269620758575,70.4409566637489,70.70147705078125,1176900,0.0,0.0
2021-05-06 00:00:00-04:00,70.38705628058955,70.83623980101959,69.8480374268728,70.39604187011719,1513700,0.0,0.0
2021-05-07 00:00:00-04:00,69.89295224619032,71.31236683429034,69.89295224619032,70.23432922363281,1472500,0.0,0.0
2021-05-10 00:00:00-04:00,68.68015393702971,68.94966677677849,67.19785388040019,67.28768920898438,3196300,0.0,0.0
2021-05-11 00:00:00-04:00,66.35338646164499,68.9856020177713,65.78741772511131,68.7250747680664,1961900,0.0,0.0
2021-05-12 00:00:00-04:00,68.76998655818679,68.96762151199535,67.73686328811827,68.12316131591797,2945600,0.0,0.0
2021-05-13 00:00:00-04:00,67.62906835161013,68.37471462518309,66.1737181618373,66.37135314941406,2630100,0.0,0.0
2021-05-14 00:00:00-04:00,67.60211965046871,69.01255562682361,67.27870696827299,68.7879638671875,2847200,0.0,0.0
2021-05-17 00:00:00-04:00,69.70429594415218,70.4050279987458,69.22816250548995,70.14450073242188,1981000,0.0,0.0
2021-05-18 00:00:00-04:00,70.47688165604443,71.46509074456159,70.07261928637513,71.01590728759766,1869400,0.0,0.0
2021-05-19 00:00:00-04:00,70.11755052874958,70.92607538518631,70.07262943494904,70.73741912841797,2873000,0.0,0.0
2021-05-20 00:00:00-04:00,71.06980400344723,71.17761049584591,69.00355745010856,69.35391998291016,4594100,0.0,0.0
2021-05-21 00:00:00-04:00,68.23338221191288,68.36849919472034,67.02635274279268,67.19749450683594,3301500,0.206,0.0
2021-05-24 00:00:00-04:00,67.91809892535447,68.79184743373902,67.6298526323926,68.22435760498047,1787700,0.0,0.0
2021-05-25 00:00:00-04:00,70.71049080260646,71.05278115028578,70.28712752880082,70.48529815673828,2316400,0.0,0.0
2021-05-26 00:00:00-04:00,71.78241014081041,71.863476194766,70.26911528263189,70.91767120361328,2521300,0.0,0.0
2021-05-27 00:00:00-04:00,70.75553230889797,70.80056671481634,70.0889571268979,70.638427734375,1168800,0.0,0.0
2021-05-28 00:00:00-04:00,69.98987741077529,70.75553796830528,69.83674804820319,70.60240173339844,1333600,0.0,0.0
2021-06-01 00:00:00-04:00,72.79126359830815,73.27768050429776,72.60210261359003,73.15157318115234,2345000,0.0,0.0
2021-06-02 00:00:00-04:00,72.60210957810703,73.25066551497399,72.53004628015863,73.1335678100586,1219900,0.0,0.0
2021-06-03 00:00:00-04:00,71.08881740895524,71.54821236057514,70.30515134880116,70.57537841796875,2090500,0.0,0.0
2021-06-04 00:00:00-04:00,71.20591052792324,71.90851041592245,71.02575230514555,71.65629577636719,1123300,0.0,0.0
2021-06-07 00:00:00-04:00,69.7196403749926,70.26010131835938,69.46742572624368,70.26010131835938,1610300,0.0,0.0
2021-06-08 00:00:00-04:00,70.20606041460596,70.26010444965111,69.27826782721607,69.89078521728516,1394700,0.0,0.0
2021-06-09 00:00:00-04:00,70.26010029008076,70.60239061232565,69.44940545072848,69.65658569335938,1444600,0.0,0.0
2021-06-10 00:00:00-04:00,69.50346114072087,70.87262939631118,69.50346114072087,70.62041473388672,4021400,0.0,0.0
2021-06-11 00:00:00-04:00,69.3593307597632,69.66558944102118,69.03505281941138,69.53948211669922,2809300,0.0,0.0
2021-06-14 00:00:00-04:00,69.52147613353641,69.78270043578853,69.25124220090748,69.50346374511719,1477200,0.0,0.0
2021-06-15 00:00:00-04:00,69.58452898164944,69.6926239278943,68.95399230939023,69.06208038330078,1821500,0.0,0.0
2021-06-16 00:00:00-04:00,69.46742735917587,70.00788831524697,68.51260590203856,68.98101043701172,1849000,0.0,0.0
2021-06-17 00:00:00-04:00,69.296276386081,70.70147619828809,69.17016906305389,70.53033447265625,1884400,0.0,0.0
2021-06-18 00:00:00-04:00,69.62956558894962,69.73765365560813,69.26925599797566,69.70162200927734,1264400,0.0,0.0
2021-06-21 00:00:00-04:00,68.5936810348659,68.5936810348659,67.65687880707594,68.44955444335938,1838800,0.0,0.0
2021-06-22 00:00:00-04:00,66.8461818651546,67.05336211602184,66.49488189952513,66.8011474609375,2877500,0.0,0.0
2021-06-23 00:00:00-04:00,67.53076667756113,68.29642024162034,67.39564972570747,67.48572540283203,1937000,0.0,0.0
2021-06-24 00:00:00-04:00,67.52176177362288,68.278412633557,67.38664481231314,68.0081787109375,2212600,0.0,0.0
2021-06-25 00:00:00-04:00,69.23322813096064,70.14300835155802,69.0891015377699,70.06193542480469,2398300,0.0,0.0
2021-06-28 00:00:00-04:00,69.06207786535887,69.55750442716709,68.85490448302747,69.44940948486328,1242900,0.0,0.0
2021-06-29 00:00:00-04:00,68.56666499932034,69.13414804013699,68.17032371043173,68.99903106689453,1567300,0.0,0.0
2021-06-30 00:00:00-04:00,67.86405059256458,68.09825286207604,67.58481391851927,67.8280258178711,1997100,0.0,0.0
2021-07-01 00:00:00-04:00,67.82802304663294,67.91809872435437,66.87320162025131,67.34160614013672,2028000,0.0,0.0
2021-07-02 00:00:00-04:00,66.78312949894104,67.2875588189105,66.56694648643041,66.82817077636719,1847200,0.0,0.0
2021-07-06 00:00:00-04:00,65.10769615777467,65.10769615777467,64.26997924689164,64.5221939086914,4442200,0.0,0.0
2021-07-07 00:00:00-04:00,63.36921183001638,63.55837283579739,62.65760221455385,62.98188018798828,5021400,0.0,0.0
2021-07-08 00:00:00-04:00,60.77498978393384,61.49560209669015,60.62186044061068,60.991172790527344,4282700,0.0,0.0
2021-07-09 00:00:00-04:00,62.67561955757785,64.08982911476126,62.18019298212045,63.74753189086914,2889200,0.0,0.0
2021-07-12 00:00:00-04:00,62.09011181811494,62.31530444666282,61.360489900766574,61.60369491577149,3149000,0.0,0.0
2021-07-13 00:00:00-04:00,63.927687913569,64.74738555174531,63.70249527296735,63.918678283691406,5503300,0.0,0.0
2021-07-14 00:00:00-04:00,65.30586138867935,65.58509804512559,64.60326149676072,64.70234680175781,4100000,0.0,0.0
2021-07-15 00:00:00-04:00,65.3509095786129,66.01747789631607,64.99059996525051,65.42296600341797,3174400,0.0,0.0
2021-07-16 00:00:00-04:00,65.6211200226809,65.6211200226809,64.24294245735862,64.37805938720703,2487700,0.0,0.0
2021-07-19 00:00:00-04:00,63.27913115841619,63.38722609849213,62.603553245692886,63.02691650390625,3485100,0.0,0.0
2021-07-20 00:00:00-04:00,62.69362299651788,63.22508114454039,62.23422813506339,62.91881561279297,2671900,0.0,0.0
2021-07-21 00:00:00-04:00,62.20721939235617,62.99089233822709,62.1621849828932,62.95486068725586,2493300,0.0,0.0
2021-07-22 00:00:00-04:00,63.14401365907781,63.20706732216374,62.25225274619563,62.72966003417969,1759400,0.0,0.0
2021-07-23 00:00:00-04:00,61.072241208062536,61.19834852530062,59.64001257323952,60.25253677368164,5678300,0.0,0.0
2021-07-26 00:00:00-04:00,56.12701632960548,57.108856403674174,53.4877582434254,54.2083740234375,18457100,0.0,0.0
2021-07-27 00:00:00-04:00,51.7492676339122,53.59584653311384,50.2359728686721,53.05538558959961,19200300,0.0,0.0
2021-07-28 00:00:00-04:00,53.469746799187895,56.2981661150197,53.46073716835576,55.60457229614258,26054200,0.0,0.0
2021-07-29 00:00:00-04:00,57.5322170777652,57.55924253227331,54.99204426869903,55.82075500488281,8651400,0.0,0.0
2021-07-30 00:00:00-04:00,54.67677383734991,55.66762008174848,54.49661903759553,55.12715911865234,5876700,0.0,0.0
2021-08-02 00:00:00-04:00,55.08212683334106,55.71266354182684,54.478608708718085,55.23525619506836,4191500,0.0,0.0
2021-08-03 00:00:00-04:00,51.71323721672825,51.91140783760317,50.89353615242786,51.19079208374024,9570600,0.0,0.0
2021-08-04 00:00:00-04:00,52.83019266534638,53.550808398107954,52.623012420771,53.27156829833984,6281400,0.0,0.0
2021-08-05 00:00:00-04:00,51.44300697642165,52.71309332228009,51.11872902664214,51.70423126220703,7475700,0.0,0.0
2021-08-06 00:00:00-04:00,53.046376615439065,53.2175252173944,51.39796831203763,51.98346710205078,8702000,0.0,0.0
2021-08-09 00:00:00-04:00,53.19050065975481,55.08212088959514,53.19050065975481,54.54165649414063,7100100,0.0,0.0
2021-08-10 00:00:00-04:00,56.08196804176031,56.6584640298806,55.42440600992777,55.74868392944336,5027300,0.0,0.0
2021-08-11 00:00:00-04:00,56.29816346075801,56.38823914782834,55.44243068892105,56.136024475097656,3202300,0.0,0.0
2021-08-12 00:00:00-04:00,55.56853800954615,55.56853800954615,54.541660058099545,54.974029541015625,4516800,0.0,0.0
2021-08-13 00:00:00-04:00,54.40654312114468,54.52364081973802,53.62287026101819,54.25341033935547,4990400,0.0,0.0
2021-08-16 00:00:00-04:00,52.019501346385184,52.42484879735667,51.38896124889255,51.81232452392578,7833000,0.0,0.0
2021-08-17 00:00:00-04:00,49.90269050424688,51.03765990033922,49.58741874587839,49.67749786376953,11977800,0.0,0.0
2021-08-18 00:00:00-04:00,50.731395532821104,52.46087672216358,50.731395532821104,51.52407455444336,9629400,0.0,0.0
2021-08-19 00:00:00-04:00,48.380388028113245,49.23612078405183,48.16420500869397,48.407413482666016,11676200,0.0,0.0
2021-08-20 00:00:00-04:00,49.245126018129405,50.79445251715563,49.23611982423215,50.49720001220703,10451800,0.0,0.0
2021-08-23 00:00:00-04:00,50.63231104945656,51.5961352489508,50.57826701639473,51.470027923583984,7368200,0.0,0.0
2021-08-24 00:00:00-04:00,54.63173925867216,56.43328049145717,54.63173925867216,56.35221099853516,13260200,0.0,0.0
2021-08-25 00:00:00-04:00,55.11814611441852,55.32532291879416,54.39753039568439,54.84791564941406,8768300,0.0,0.0
2021-08-26 00:00:00-04:00,54.54166295851016,54.89296296730043,53.91112280716404,54.01020812988281,6935400,0.0,0.0
2021-08-27 00:00:00-04:00,54.21738350846066,54.21738350846066,52.920275025701976,53.10943603515625,8778000,0.0,0.0
2021-08-30 00:00:00-04:00,51.7943117703394,52.73111406008308,51.34392645059732,52.5239372253418,7845800,0.0,0.0
2021-08-31 00:00:00-04:00,54.947003114799934,56.00991263027466,54.79387377187291,55.54151153564453,7179900,0.0,0.0
2021-09-01 00:00:00-04:00,56.721525607704415,58.53207643240811,56.60442446793656,58.15374755859375,8588600,0.0,0.0
2021-09-02 00:00:00-04:00,57.80244482734218,57.97359343182757,57.08182907104492,57.08182907104492,6234100,0.0,0.0
2021-09-03 00:00:00-04:00,56.55938704346228,57.081832206916445,56.1630457786,56.847633361816406,4724700,0.0,0.0
2021-09-07 00:00:00-04:00,59.22566797007376,60.95514590250121,59.22566797007376,60.43269729614258,6740800,0.0,0.0
2021-09-08 00:00:00-04:00,60.30658832548331,60.396670882461095,58.5681008097591,58.649173736572266,7551000,0.0,0.0
2021-09-09 00:00:00-04:00,56.01892186595334,57.51420091086613,55.577546200233336,56.98274612426758,9448200,0.0,0.0
2021-09-10 00:00:00-04:00,56.63144608645528,56.67648392876583,55.75770094989599,56.181060791015625,5982600,0.0,0.0
2021-09-13 00:00:00-04:00,55.39739280998809,55.640601288323225,54.82090016630504,55.3343391418457,4239400,0.0,0.0
2021-09-14 00:00:00-04:00,54.65875924323475,54.76685075105196,53.8210423262755,53.9921875,5311400,0.0,0.0
2021-09-15 00:00:00-04:00,52.46988548176834,52.541948776425365,51.343922274005074,52.44286346435547,7854400,0.0,0.0
2021-09-16 00:00:00-04:00,52.24469162740696,52.65904525356496,51.71323686823321,52.49690628051758,4761700,0.0,0.0
2021-09-17 00:00:00-04:00,53.46072957915184,53.54179906429566,52.5149212099185,53.05538558959961,7374300,0.0,0.0
2021-09-20 00:00:00-04:00,51.79430708932004,52.42484716720603,50.49719872271197,51.0556755065918,6056800,0.0,0.0
2021-09-21 00:00:00-04:00,51.78530302598728,52.6500419726328,51.56011037720456,52.33477020263672,4352300,0.0,0.0
2021-09-22 00:00:00-04:00,52.74011664904283,54.09127251589876,52.61400931792301,53.03737258911133,5906700,0.0,0.0
2021-09-23 00:00:00-04:00,53.61386656915563,53.95616035956855,53.23554113003247,53.86608123779297,3951000,0.0,0.0
2021-09-24 00:00:00-04:00,52.659048772996,52.956304722172064,52.379812084437205,52.4879035949707,4061600,0.0,0.0
2021-09-27 00:00:00-04:00,53.46974234207109,54.47860443262892,52.85721807090493,54.35249710083008,4828000,0.0,0.0
2021-09-28 00:00:00-04:00,53.82104380656097,54.17234379375429,53.0463805342028,53.14546585083008,5645800,0.0,0.0
2021-09-29 00:00:00-04:00,53.59585235092991,53.6589060199788,52.35278792251261,52.51492691040039,5530200,0.0,0.0
2021-09-30 00:00:00-04:00,53.145464164152095,54.00119690148627,53.12744834023098,53.83905792236328,3972200,0.0,0.0
2021-10-01 00:00:00-04:00,53.6408842161767,53.794016992632166,52.37980753959346,52.98332214355469,4776600,0.0,0.0
2021-10-04 00:00:00-04:00,52.6770629925044,52.96530930258967,51.59613761160113,52.0915641784668,6627000,0.0,0.0
2021-10-05 00:00:00-04:00,51.722249655853005,53.13646275354609,51.722249655853005,52.69508361816406,3800200,0.0,0.0
2021-10-06 00:00:00-04:00,51.92942686307766,52.469887852759385,51.24483927756916,52.343780517578125,5788200,0.0,0.0
2021-10-07 00:00:00-04:00,54.469596367132056,57.1358763757904,52.42484680219804,56.42426681518555,10784800,0.0,0.0
2021-10-08 00:00:00-04:00,56.56839300885092,56.98274666028862,55.48746760131014,56.91969299316406,6036500,0.0,0.0
2021-10-11 00:00:00-04:00,57.1629004082242,57.55924166413883,56.02793098484841,56.09999084472656,4637700,0.0,0.0
2021-10-12 00:00:00-04:00,55.62258201225783,56.018919821155016,54.96501991659871,55.19921875,4467700,0.0,0.0
2021-10-13 00:00:00-04:00,55.5865524617747,57.51420098074527,55.5865524617747,57.19893264770508,5323500,0.0,0.0
2021-10-14 00:00:00-04:00,57.15389512838332,57.15389512838332,56.081975917652926,56.622440338134766,5398800,0.0,0.0
2021-10-15 00:00:00-04:00,57.32503662935235,57.90152922530179,57.06381234801059,57.64030838012695,5533800,0.0,0.0
2021-10-18 00:00:00-04:00,57.316034000846656,58.08169106935052,56.80259503588351,57.71237182617188,5918400,0.0,0.0
2021-10-19 00:00:00-04:00,57.88352264142839,59.11757400694583,57.73939604182472,59.06352996826172,5777100,0.0,0.0
2021-10-20 00:00:00-04:00,59.27970816544938,59.45085677045057,58.559095843147325,58.82032012939453,5140200,0.0,0.0
2021-10-21 00:00:00-04:00,58.30688323728585,59.13559052962782,58.27985434686092,58.577110290527344,4823900,0.0,0.0
2021-10-22 00:00:00-04:00,58.7662692966623,59.48688849220429,57.84748635106352,58.18076705932617,3703800,0.0,0.0
2021-10-25 00:00:00-04:00,58.41496818889468,58.69421172969376,57.51419764821062,58.58611679077149,4175200,0.0,0.0
2021-10-26 00:00:00-04:00,58.46001302879864,58.46001302879864,55.19922099869234,56.55037689208984,5703800,0.0,0.0
2021-10-27 00:00:00-04:00,56.26212564282176,57.23495945012135,56.02792682041639,56.59541320800781,4820500,0.0,0.0
2021-10-28 00:00:00-04:00,56.49633407592773,56.640457236890114,55.757702446474646,56.49633407592773,4767500,0.0,0.0
2021-10-29 00:00:00-04:00,55.46945644698678,55.53251011551389,54.343493171620864,54.75784683227539,6116900,0.0,0.0
2021-11-01 00:00:00-04:00,54.226392417280266,56.118009358977794,54.05524379905169,55.78472518920898,10868400,0.0,0.0
2021-11-02 00:00:00-04:00,53.80302988404901,53.82104570917877,52.29874456547076,52.5239372253418,15451100,0.0,0.0
2021-11-03 00:00:00-04:00,54.05524251479046,54.66776680131788,53.73997417738686,54.59570693969727,5596600,0.0,0.0
2021-11-04 00:00:00-04:00,55.68563824934095,55.79372975927672,53.89310667855692,54.22639083862305,10560500,0.0,0.0
2021-11-05 00:00:00-04:00,53.83004581468305,54.04623225561896,52.42484597518377,52.776145935058594,16666600,0.0,0.0
2021-11-08 00:00:00-05:00,53.42470556767763,54.18135300975679,53.42470556767763,53.86608123779297,8536000,0.0,0.0
2021-11-09 00:00:00-05:00,53.88409934881238,54.25341517334695,53.24455301981765,53.9111213684082,9963000,0.0,0.0
2021-11-10 00:00:00-05:00,54.04623716572436,55.7847247361152,53.95616147824837,55.70365524291992,8969500,0.0,0.0
2021-11-11 00:00:00-05:00,55.66762227995615,56.69450021208844,55.334338120758346,56.26213073730469,8530100,0.0,0.0
2021-11-12 00:00:00-05:00,56.41526359368746,56.70350991055682,55.86579297835303,56.47831726074219,5979200,0.0,0.0
2021-11-15 00:00:00-05:00,56.74855322009215,57.09084704291166,56.2261045728325,56.289161682128906,7274100,0.0,0.0
2021-11-16 00:00:00-05:00,58.135734707584845,58.59512963277244,57.25297994165953,58.20779800415039,7662800,0.0,0.0
2021-11-17 00:00:00-05:00,58.37893659465344,58.550085196682886,57.48717568283436,57.85649490356445,4492900,0.0,0.0
2021-11-18 00:00:00-05:00,56.21709030009786,56.73052924246777,55.62258187018708,56.20808410644531,5005800,0.0,0.0
2021-11-19 00:00:00-05:00,56.84763000639577,57.60427740645616,56.53235825193988,56.9286994934082,3183300,0.0,0.0
2021-11-22 00:00:00-05:00,56.38823514964599,56.74854474471413,55.181202473184754,55.478458404541016,4672700,0.0,0.0
2021-11-23 00:00:00-05:00,55.20822968905051,55.66762117307156,54.0552410097192,54.28043365478516,8318300,0.0,0.0
2021-11-24 00:00:00-05:00,53.15446945432407,54.19936317081461,52.586986473208746,54.037227630615234,6254900,0.0,0.0
2021-11-26 00:00:00-05:00,53.05538969693978,53.49676536654037,52.54195073000277,53.42470550537109,4134200,0.0,0.0
2021-11-29 00:00:00-05:00,53.02836036039186,53.32561628589314,52.280722604176894,52.84820556640625,6306800,0.0,0.0
2021-11-30 00:00:00-05:00,53.04637748037674,53.50577238808047,52.12759110113626,52.65003967285156,5091300,0.0,0.0
2021-12-01 00:00:00-05:00,54.35249797199574,54.82990528893387,53.18149688287991,53.35264205932617,4350700,0.0,0.0
2021-12-02 00:00:00-05:00,54.00119774577021,54.48761469074406,52.8932503285523,53.78501129150391,5062100,0.0,0.0
2021-12-03 00:00:00-05:00,52.343777447654105,52.41583730517407,50.65032784384794,51.12773513793945,9461600,0.0,0.0
2021-12-06 00:00:00-05:00,51.15476068769557,52.71309333686314,50.63231211598027,52.65003967285156,4911100,0.0,0.0
2021-12-07 00:00:00-05:00,53.73096443513004,54.03722655816977,53.3706548423185,53.80302429199219,3396300,0.0,0.0
2021-12-08 00:00:00-05:00,53.28058134437283,55.02807503789567,53.28058134437283,54.35249710083008,3354300,0.0,0.0
2021-12-09 00:00:00-05:00,53.64088241360601,54.73982351961134,53.26256045419439,53.60485076904297,4268100,0.0,0.0
2021-12-10 00:00:00-05:00,53.532799072904325,53.94715274001427,52.83019907770335,53.541805267333984,3684800,0.0,0.0
2021-12-13 00:00:00-05:00,53.694935470003095,53.694935470003095,52.56897223144798,53.12744903564453,3892200,0.0,0.0
2021-12-14 00:00:00-05:00,52.22667626587848,53.04637733190159,52.17262879566256,52.93828582763672,3086200,0.0,0.0
2021-12-15 00:00:00-05:00,52.41583708639264,52.49690657336856,51.09170671400839,51.92041397094727,4541500,0.0,0.0
2021-12-16 00:00:00-05:00,52.43385484743676,52.66805712342973,50.99262328812269,51.154762268066406,5902600,0.0,0.0
2021-12-17 00:00:00-05:00,50.75842178410917,51.14575341584705,49.73154385295933,50.65933990478516,6797900,0.0,0.0
2021-12-20 00:00:00-05:00,49.54238036832357,49.92070235086699,48.98390358811649,49.38024139404297,4770400,0.0,0.0
2021-12-21 00:00:00-05:00,50.7674313695523,52.22667877378498,50.569260738744816,52.19064712524414,5353100,0.0,0.0
2021-12-22 00:00:00-05:00,50.89353820008168,51.60514778897531,50.52422239660741,51.307891845703125,4464300,0.0,0.0
2021-12-23 00:00:00-05:00,52.992334886281576,54.75784439891859,52.95630323839093,54.28043365478516,5446600,0.0,0.0
2021-12-27 00:00:00-05:00,53.73996946960547,54.2534083947795,53.32561585212588,53.487754821777344,2640600,0.0,0.0
2021-12-28 00:00:00-05:00,52.019498190706415,52.24469082356662,51.42498977740216,51.46102142333984,3437200,0.0,0.0
2021-12-29 00:00:00-05:00,51.28086707790983,51.61415121532843,50.80345979164802,51.18178176879883,3476400,0.0,0.0
2021-12-30 00:00:00-05:00,51.334916597204526,54.046234516888255,51.136745971069146,53.32561874389648,4636900,0.0,0.0
2021-12-31 00:00:00-05:00,53.325621849839344,53.6589060199788,52.51492691040039,52.51492691040039,2469200,0.0,0.0
2022-01-03 00:00:00-05:00,52.34377914159364,52.677063295263935,51.74927069410498,52.460880279541016,3388700,0.0,0.0
2022-01-04 00:00:00-05:00,52.46088083655319,52.46088083655319,51.19980063216712,51.677207946777344,4111100,0.0,0.0
2022-01-05 00:00:00-05:00,49.85765153833646,50.79445379082716,49.290168532068485,49.36222839355469,6705100,0.0,0.0
2022-01-06 00:00:00-05:00,50.37109371197589,51.5691203404238,49.80361066960649,50.73140335083008,3958200,0.0,0.0
2022-01-07 00:00:00-05:00,51.07369458899114,51.7492725506546,50.83048611045223,51.479042053222656,6232700,0.0,0.0
2022-01-10 00:00:00-05:00,52.019500048290624,52.45186950648184,51.35292831930814,52.37080001831055,5479500,0.0,0.0
2022-01-11 00:00:00-05:00,53.14546615694268,54.74883674820575,52.96531134714333,54.67677688598633,4789900,0.0,0.0
2022-01-12 00:00:00-05:00,56.099992889351554,56.69450135872392,55.70365505515905,56.35221099853516,6737300,0.0,0.0
2022-01-13 00:00:00-05:00,55.12716075472165,55.30731555982268,53.54180259323312,53.63188171386719,5104600,0.0,0.0
2022-01-14 00:00:00-05:00,54.69478721621272,54.883948201224605,53.95615566278518,54.64974594116211,5770900,0.0,0.0
2022-01-18 00:00:00-05:00,51.5060598861177,52.36179258857779,51.00162714538502,51.8393440246582,6745000,0.0,0.0
2022-01-19 00:00:00-05:00,53.01981769543768,53.76683320485757,52.80769844516941,53.12126159667969,5555800,1.34,0.0
2022-01-20 00:00:00-05:00,56.321451450463805,57.17913881412223,55.63899273151813,55.79577255249024,5855700,0.0,0.0
2022-01-21 00:00:00-05:00,55.76810669890817,55.9802224381707,54.71674889644069,55.021087646484375,5418200,0.0,0.0
2022-01-24 00:00:00-05:00,54.08962157744445,54.73518967720109,53.03826027623587,54.59685516357422,7616400,0.0,0.0
2022-01-25 00:00:00-05:00,54.06195132753854,55.68510300885837,54.04350602228692,55.42687225341797,6320300,0.0,0.0
2022-01-26 00:00:00-05:00,56.42289477846175,56.48745158454037,54.4124023426593,54.80896759033203,5377600,0.0,0.0
2022-01-27 00:00:00-05:00,54.836636276782265,55.334648961778,54.246400584083126,54.77207946777344,5798700,0.0,0.0
2022-01-28 00:00:00-05:00,54.45851572443262,54.57840844760989,53.342601160170496,54.5046272277832,6262200,0.0,0.0
2022-01-31 00:00:00-05:00,55.675879065705246,57.77859814701481,55.61132225582247,57.67715072631836,6697900,0.0,0.0
2022-02-01 00:00:00-05:00,57.83392848229904,57.898485289879176,57.13302449225096,57.87081909179688,5281300,0.0,0.0
2022-02-02 00:00:00-05:00,57.75092460162636,57.87081731978211,56.76412369530931,57.28980255126953,6016300,0.0,0.0
2022-02-03 00:00:00-05:00,56.598124794435805,57.50192367589813,56.450565865178326,56.8840217590332,7105200,0.0,0.0
2022-02-04 00:00:00-05:00,56.31222799633143,57.40047635411587,56.081666963209,57.04079818725586,4810800,0.0,0.0
2022-02-07 00:00:00-05:00,56.10011278555543,56.487453636094905,55.84188203378024,56.21078109741211,6642400,0.0,0.0
2022-02-08 00:00:00-05:00,55.84188497506469,56.94857870616948,55.80499436314197,56.77335357666016,5175900,0.0,0.0
2022-02-09 00:00:00-05:00,57.21603162798291,58.10138522516951,57.13302950836651,58.0737190246582,6214400,0.0,0.0
2022-02-10 00:00:00-05:00,56.358342489506185,57.81548646674791,56.34911807756586,56.56123733520508,5068000,0.0,0.0
2022-02-11 00:00:00-05:00,56.46901056624922,56.75490752778433,55.24242763957499,55.51910018920898,4203300,0.0,0.0
2022-02-14 00:00:00-05:00,55.47298478722972,55.74965731742875,54.90119090432536,55.46376037597656,4309500,0.0,0.0
2022-02-15 00:00:00-05:00,55.795774181164326,56.35834370687587,55.6666605558697,56.32145309448242,4995000,0.0,0.0
2022-02-16 00:00:00-05:00,55.9248915185616,56.9209170108028,55.86033470162922,56.26612091064453,6189000,0.0,0.0
2022-02-17 00:00:00-05:00,56.25689402861784,56.93013184646257,55.52832029439927,55.91566467285156,3098800,0.0,0.0
2022-02-18 00:00:00-05:00,55.23320094220183,55.31620305546575,54.25562440607364,54.5046272277832,2350500,0.0,0.0
2022-02-22 00:00:00-05:00,52.61403251742679,53.1489358584851,51.91312845192135,51.9592399597168,2746100,0.0,0.0
2022-02-23 00:00:00-05:00,52.36502119449819,52.56791603128243,51.21221601837358,51.47966766357422,3625900,0.0,0.0
2022-02-24 00:00:00-05:00,49.35851076577816,51.31366751480418,49.23861803286998,51.25833511352539,3429300,0.0,0.0
2022-02-25 00:00:00-05:00,49.99485912673177,50.677321408475095,49.45995929992328,50.25308990478516,3425000,0.0,0.0
2022-02-28 00:00:00-05:00,49.62595873281311,50.11474700411174,49.16483666009146,49.607513427734375,2954300,0.0,0.0
2022-03-01 00:00:00-05:00,50.07786358739152,50.723435285551446,49.85652693081726,50.32686996459961,3282200,0.0,0.0
2022-03-02 00:00:00-05:00,49.75507736206055,50.04097082437311,49.192507813779926,49.75507736206055,3849700,0.0,0.0
2022-03-03 00:00:00-05:00,49.01728030113446,49.284728443558,47.97514337721704,48.14114761352539,3080600,0.0,0.0
2022-03-04 00:00:00-05:00,46.77622796242046,47.45868671506849,46.18599222453594,46.47188568115234,4110700,0.0,0.0
2022-03-07 00:00:00-05:00,46.48110944836518,46.75778200689829,44.92251448668301,45.05162811279297,3524700,0.0,0.0
2022-03-08 00:00:00-05:00,45.30062894755789,45.8078624960372,44.627391180582514,44.91328811645508,4997000,0.0,0.0
2022-03-09 00:00:00-05:00,45.946202894365946,46.80389022827149,45.66953035525368,46.80389022827149,2188200,0.0,0.0
2022-03-10 00:00:00-05:00,44.41527908849614,44.68273074214806,43.52992552959565,43.53914642333984,5173000,0.0,0.0
2022-03-11 00:00:00-05:00,43.55758804561467,43.585254242590096,41.132085098445565,41.27964401245117,6244100,0.0,0.0
2022-03-14 00:00:00-04:00,38.18091077457063,38.87259391528326,37.00966023412734,37.59067153930664,9795600,0.0,0.0
2022-03-15 00:00:00-04:00,35.14672464453039,37.28633076217587,34.97149600682525,36.354862213134766,11952700,0.0,0.0
2022-03-16 00:00:00-04:00,43.52992404560464,48.83282784256295,43.44692193240722,48.510040283203125,10796100,0.0,0.0
2022-03-17 00:00:00-04:00,45.04240952164304,45.22685907612328,43.59448632380947,44.80262756347656,7013800,0.0,0.0
2022-03-18 00:00:00-04:00,44.33227594837823,48.14114526772826,44.08326960604917,47.680023193359375,7336100,0.0,0.0
2022-03-21 00:00:00-04:00,44.56284017989898,45.14385502031489,43.37314429840819,44.27694320678711,3723900,0.0,0.0
2022-03-22 00:00:00-04:00,45.97387044562303,47.0252317541172,45.81709062547635,46.67477798461914,4281100,0.0,0.0
2022-03-23 00:00:00-04:00,43.3546973611647,45.06085120530222,42.60768182681127,44.13860702514648,11072000,0.0,0.0
2022-03-24 00:00:00-04:00,43.21636150343028,43.33625422819176,42.257226741502855,42.61690139770508,5545900,0.0,0.0
2022-03-25 00:00:00-04:00,42.27566788727439,42.580006597932055,41.51020362814051,42.12810897827149,4759400,0.0,0.0
2022-03-28 00:00:00-04:00,42.93046712855742,43.88038105398215,42.8382441150983,43.732818603515625,5205200,0.0,0.0
2022-03-29 00:00:00-04:00,45.300631270480594,46.19520921401685,45.07929464652417,45.5404167175293,5332200,0.0,0.0
2022-03-30 00:00:00-04:00,44.86718130576028,45.3928602132584,44.35994418617226,44.57206344604492,2268900,0.0,0.0
2022-03-31 00:00:00-04:00,43.89882200268249,43.98182412044135,42.699905260229855,42.81057357788086,2832900,0.0,0.0
2022-04-01 00:00:00-04:00,45.65108883447257,46.48111003869598,44.84873734911161,45.3190803527832,2831900,0.0,0.0
2022-04-04 00:00:00-04:00,45.80786694317734,46.57333130478704,45.5496396973728,46.444217681884766,3843700,0.0,0.0
2022-04-05 00:00:00-04:00,46.18599500189656,46.25977271452744,44.77495886820211,44.83951568603516,3534900,0.0,0.0
2022-04-06 00:00:00-04:00,44.53516862083245,44.66428223248289,43.46536560105187,43.86193084716797,4618500,0.0,0.0
2022-04-07 00:00:00-04:00,43.76049069444242,43.99105175867226,43.05036219444455,43.317813873291016,2717800,0.0,0.0
2022-04-08 00:00:00-04:00,42.96735625753287,43.52992576722264,42.8843541410527,43.09646987915039,3005400,0.0,0.0
2022-04-11 00:00:00-04:00,43.8527137129013,44.24005813021042,43.19792113482836,43.317813873291016,5743800,0.0,0.0
2022-04-12 00:00:00-04:00,43.62214831664377,43.72359573772359,42.53389992010401,42.71834945678711,2895000,0.0,0.0
2022-04-13 00:00:00-04:00,43.60370112923044,44.47983375209953,43.363919204549006,44.286163330078125,2485900,0.0,0.0
2022-04-14 00:00:00-04:00,43.64059394825568,43.80659818070283,43.13336035714822,43.20713806152344,1954500,0.0,0.0
2022-04-18 00:00:00-04:00,42.68145892776254,43.05957889555168,42.25722745523469,42.773685455322266,2273500,0.0,0.0
2022-04-19 00:00:00-04:00,42.54312737891845,42.96735888101639,41.91600102012908,42.94891357421875,3828400,0.0,0.0
2022-04-20 00:00:00-04:00,42.74601421150765,42.88435223886589,41.27042500406986,41.36264801025391,3767500,0.0,0.0
2022-04-21 00:00:00-04:00,40.938420234846966,41.03986766162283,39.07548649410453,39.27838134765625,4728700,0.0,0.0
2022-04-22 00:00:00-04:00,39.79483867587753,40.440406802038495,39.06626491283023,39.34293746948242,3437700,0.0,0.0
2022-04-25 00:00:00-04:00,38.116353276682126,39.1492657631546,37.98723613755104,39.14004135131836,4554300,0.0,0.0
2022-04-26 00:00:00-04:00,39.06626787597993,39.16771530866636,38.328473162918726,38.365360260009766,3664700,0.0,0.0
2022-04-27 00:00:00-04:00,38.96481570484785,39.71183473990011,38.90947978881656,39.31526947021485,3816300,0.0,0.0
2022-04-28 00:00:00-04:00,39.69339086611071,39.90550660809063,38.82647907409967,39.89628219604492,3084500,0.0,0.0
2022-04-29 00:00:00-04:00,43.9910490103107,44.48906172227343,43.17025223582531,43.4100341796875,6244300,0.0,0.0
2022-05-02 00:00:00-04:00,42.93046747777994,43.77893398445211,42.25722962342096,43.56681823730469,4237100,0.0,0.0
2022-05-03 00:00:00-04:00,44.37839002093615,44.88562362848549,44.04638154527988,44.39683532714844,4263700,0.0,0.0
2022-05-04 00:00:00-04:00,42.97658238892095,44.24005959577597,42.50623935026709,44.17550277709961,6898400,0.0,0.0
2022-05-05 00:00:00-04:00,42.5246796069809,42.69990473427687,41.04908681145268,41.5009880065918,3567700,0.0,0.0
2022-05-06 00:00:00-04:00,40.94764426162784,41.08597878204321,39.93317352150282,40.05306625366211,3633400,0.0,0.0
2022-05-09 00:00:00-04:00,39.19537890744223,39.49972118528549,38.27313469785536,38.56825256347656,4917000,0.0,0.0
2022-05-10 00:00:00-04:00,39.67494652302978,40.02540030954167,38.76192320287797,39.610389709472656,4673900,0.0,0.0
2022-05-11 00:00:00-04:00,40.21906865338352,41.08597690315595,39.665720042779625,39.80405807495117,4737200,0.0,0.0
2022-05-12 00:00:00-04:00,40.38507642529976,41.08598050514724,39.56427960826481,40.63408279418945,4041900,0.0,0.0
2022-05-13 00:00:00-04:00,41.10442347214422,42.42323295187744,40.90152862354452,42.367897033691406,2269100,0.0,0.0
2022-05-16 00:00:00-04:00,41.04908169086903,41.96210486107707,41.04908169086903,41.63009643554688,2126200,0.0,0.0
2022-05-17 00:00:00-04:00,43.55759330564245,43.99104920703907,42.26645353169544,43.13336181640625,5949400,0.0,0.0
2022-05-18 00:00:00-04:00,41.4087648569784,41.63932590068522,39.93317206640533,40.1268424987793,6142200,0.0,0.0
2022-05-19 00:00:00-04:00,40.26120007007047,41.68818013634063,40.08514193030206,41.57698440551758,5243100,0.205,0.0
2022-05-20 00:00:00-04:00,41.73451760162515,41.89203961383378,40.19634505628153,41.00249481201172,2918900,0.0,0.0
2022-05-23 00:00:00-04:00,41.11368454722124,41.1414852507319,40.214875254406735,40.437259674072266,3095300,0.0,0.0
2022-05-24 00:00:00-04:00,39.973950881804,40.27046576970557,38.39871333061671,38.954681396484375,3898000,0.0,0.0
2022-05-25 00:00:00-04:00,39.14000607521197,39.5199160155737,38.84348763749739,39.44578552246094,3782000,0.0,0.0
2022-05-26 00:00:00-04:00,39.5569798420137,41.00249272235796,39.46432025540586,40.79863739013672,3740400,0.0,0.0
2022-05-27 00:00:00-04:00,40.59478349034539,40.77083810967751,40.020282771971495,40.64111328125,2118100,0.0,0.0
2022-05-31 00:00:00-04:00,42.58699324566763,42.89277623152787,42.07735847063707,42.19781875610352,2612600,0.0,0.0
2022-06-01 00:00:00-04:00,42.62405885965728,42.8186461061146,41.62331838975701,41.98469924926758,2018500,0.0,0.0
2022-06-02 00:00:00-04:00,42.48506644264896,43.50433954805357,42.346077065596,43.37461471557617,2389800,0.0,0.0
2022-06-03 00:00:00-04:00,42.62405641405364,43.078096831139504,42.41093655615174,42.61479187011719,1852700,0.0,0.0
2022-06-06 00:00:00-04:00,43.59699807798587,44.013973268529774,42.92057322876422,43.27268600463867,3576000,0.0,0.0
2022-06-07 00:00:00-04:00,43.30048248952967,44.44948038149219,43.1707576622367,44.31975555419922,2281000,0.0,0.0
2022-06-08 00:00:00-04:00,45.94132037781283,47.7945401713239,45.52434521732559,47.67407989501953,6693500,0.0,0.0
2022-06-09 00:00:00-04:00,46.6177503552213,46.94206244120641,45.542882897009285,45.5799446105957,4504800,0.0,0.0
2022-06-10 00:00:00-04:00,45.959855011548136,46.23784084191071,45.18150246295359,45.82086563110352,2480300,0.0,0.0
2022-06-13 00:00:00-04:00,44.273422084386645,44.42167953434252,42.84644545408742,43.29121780395508,2970400,0.0,0.0
2022-06-14 00:00:00-04:00,44.10663105735173,44.74599416843089,43.71745658516124,44.33828353881836,3266800,0.0,0.0
2022-06-15 00:00:00-04:00,44.551405303955896,45.33902229826003,44.29195213057572,45.11663436889648,2875400,0.0,0.0
2022-06-16 00:00:00-04:00,43.07809949960073,43.56920165758996,42.401671104039,42.80011367797852,2716600,0.0,0.0
2022-06-17 00:00:00-04:00,44.393883756792,44.644068874187454,43.06883120988452,43.30048370361328,3264400,0.0,0.0
2022-06-21 00:00:00-04:00,44.81085975287375,45.11663921199463,44.347554757140536,44.64406967163086,3623500,0.0,0.0
2022-06-22 00:00:00-04:00,43.44873955478666,44.74599488568874,43.44873955478666,43.91204452514648,3540600,0.0,0.0
2022-06-23 00:00:00-04:00,44.236362620195,45.05177686900788,44.02323921124116,44.47727966308594,2349200,0.0,0.0
2022-06-24 00:00:00-04:00,45.38535600956906,45.75600141230595,45.042511309616174,45.5706787109375,3029300,0.0,0.0
2022-06-27 00:00:00-04:00,44.783057966284105,44.98690973976494,43.63406014006456,43.754520416259766,6179300,0.0,0.0
2022-06-28 00:00:00-04:00,43.26341917046096,43.87498162261097,42.086624058724205,42.299747467041016,6372500,0.0,0.0
2022-06-29 00:00:00-04:00,42.71671558375468,43.17075599649739,42.55919359518731,42.99470138549805,3858000,0.0,0.0
2022-06-30 00:00:00-04:00,41.84570277983331,42.17001482967726,41.16927797963291,42.05882263183594,3544100,0.0,0.0
2022-07-01 00:00:00-04:00,41.96616581462117,42.30901050909732,41.26194026761793,41.9568977355957,3450400,0.0,0.0
2022-07-05 00:00:00-04:00,39.98322209061166,41.141484566762216,39.844229179578974,40.7430419921875,4468500,0.0,0.0
2022-07-06 00:00:00-04:00,40.75230984135676,40.91909993422654,40.177812596325786,40.66891479492188,3394300,0.0,0.0
2022-07-07 00:00:00-04:00,41.373134383872056,42.253410980976135,41.3546017612849,41.99396133422852,3151400,0.0,0.0
2022-07-08 00:00:00-04:00,41.428727308162976,41.8086372214406,41.07661809518893,41.36386489868164,2484000,0.0,0.0
2022-07-11 00:00:00-04:00,40.150015618407416,40.42799792961191,39.61258008664012,39.76083755493164,3010800,0.0,0.0
2022-07-12 00:00:00-04:00,39.84423281423081,40.159280377872335,39.64964554882374,39.88129806518555,1793400,0.0,0.0
2022-07-13 00:00:00-04:00,39.03807655575478,39.77936377790372,39.01954393335902,39.36238861083984,3934700,0.0,0.0
2022-07-14 00:00:00-04:00,39.2234003681944,39.28826278106884,38.31531951847941,38.55624008178711,3082900,0.0,0.0
2022-07-15 00:00:00-04:00,38.1577946139416,38.50063927507828,37.69448968034321,38.37091445922852,1968000,0.0,0.0
2022-07-18 00:00:00-04:00,39.2604613046323,39.603309519902375,39.07513861376076,39.14926910400391,3611900,0.0,0.0
2022-07-19 00:00:00-04:00,39.47358086695665,40.0758787241036,39.24192838878265,39.98321914672852,2865600,0.0,0.0
2022-07-20 00:00:00-04:00,39.80716277299686,39.93688760099086,39.334593251770656,39.61257553100586,2557800,0.0,0.0
2022-07-21 00:00:00-04:00,39.52918007433185,40.06661553858898,39.45505311686601,39.99248504638672,2060900,0.0,0.0
2022-07-22 00:00:00-04:00,39.08440656910053,39.37165691578198,38.63963423325385,38.74156188964844,2872900,0.0,0.0
2022-07-25 00:00:00-04:00,38.454315699487736,38.68596820370152,38.29679369329598,38.528446197509766,1896200,0.0,0.0
2022-07-26 00:00:00-04:00,38.68596564006446,38.75082805416709,37.99100817347647,38.08366775512695,3424400,0.0,0.0
2022-07-27 00:00:00-04:00,37.89834724270552,38.22265930167367,37.42577420279611,38.07440185546875,2885400,0.0,0.0
2022-07-28 00:00:00-04:00,37.86128707174645,38.16706654907837,37.20339478696058,37.67596435546875,2348500,0.0,0.0
2022-07-29 00:00:00-04:00,36.350909879431576,36.50843541751023,35.40576725516958,35.8227424621582,14785800,0.0,0.0
2022-08-01 00:00:00-04:00,34.84053487612209,35.554025006229665,33.88612769929322,34.581085205078125,14887700,0.0,0.0
2022-08-02 00:00:00-04:00,34.78494195049991,35.83200875672661,34.38649934822363,35.04439163208008,17385400,0.0,0.0
2022-08-03 00:00:00-04:00,35.6096215598018,36.41577124691684,35.35943644282061,36.341644287109375,14432900,0.0,0.0
2022-08-04 00:00:00-04:00,37.064401216974886,37.75935873979317,36.67522670087028,36.78641891479492,5435300,0.0,0.0
2022-08-05 00:00:00-04:00,35.813477163913646,35.95246654016105,35.11851967846697,35.67448425292969,3840200,0.0,0.0
2022-08-08 00:00:00-04:00,35.322376419114626,35.57256157309385,34.79420893895971,35.03512954711914,2976600,0.0,0.0
2022-08-09 00:00:00-04:00,35.062921558827895,35.3038385967926,34.83126906531945,34.97952651977539,3395000,0.0,0.0
2022-08-10 00:00:00-04:00,35.25750644274286,35.55402133178789,34.90539368647577,35.44282913208008,2628200,0.0,0.0
2022-08-11 00:00:00-04:00,35.84127250146086,36.95320512832588,35.8227398786272,36.16558456420898,3367000,0.0,0.0
2022-08-12 00:00:00-04:00,35.32237392337868,35.8134796508178,35.16485191241258,35.61888885498047,5965400,0.0,0.0
2022-08-15 00:00:00-04:00,35.21117798862999,35.702280129461016,35.118518407817646,35.49842834472656,3508100,0.0,0.0
2022-08-16 00:00:00-04:00,35.66522202168599,36.17485683712162,35.36870355670532,35.95246887207031,3868300,0.0,0.0
2022-08-17 00:00:00-04:00,35.76714194216775,37.75935470879634,35.73934477533826,37.07366180419922,15760800,0.0,0.0
2022-08-18 00:00:00-04:00,36.489902951332425,36.86054483213194,36.32311286781482,36.68449020385742,3028600,0.0,0.0
2022-08-19 00:00:00-04:00,36.7493550861334,36.9810076026962,36.5547678205575,36.67522811889648,2536700,0.0,0.0
2022-08-22 00:00:00-04:00,36.47136972261227,36.5547647629889,36.072927144672434,36.20265197753906,4049300,0.0,0.0
2022-08-23 00:00:00-04:00,36.74009098114379,37.04587046860876,36.50843846180426,36.869815826416016,2896200,0.0,0.0
2022-08-24 00:00:00-04:00,36.46210283623533,37.65743060916344,36.15632336800762,37.16632843017578,4805300,0.0,0.0
2022-08-25 00:00:00-04:00,38.20412627843342,39.19559860229492,38.092934078629824,39.19559860229492,5450100,0.0,0.0
2022-08-26 00:00:00-04:00,39.79789908233553,39.84422887407902,38.03733871819092,38.23192596435547,2968100,0.0,0.0
2022-08-29 00:00:00-04:00,38.009542576245536,38.63963765823004,37.72229220410252,37.75935745239258,2004000,0.0,0.0
2022-08-30 00:00:00-04:00,37.759357213974,38.037339504920965,36.65669259483184,37.06439971923828,4607800,0.0,0.0
2022-08-31 00:00:00-04:00,38.41724701102231,38.86201935512437,38.13926473780056,38.26898956298828,3986700,0.0,0.0
2022-09-01 00:00:00-04:00,38.26899097352965,38.41724842702824,37.72229095099052,38.15779876708984,3356000,0.0,0.0
2022-09-02 00:00:00-04:00,38.76936220830342,39.09367429162245,38.361655084311415,38.380184173583984,3404600,0.0,0.0
2022-09-06 00:00:00-04:00,36.87907980239776,36.97174292954477,36.23045205131617,36.387977600097656,3289700,0.0,0.0
2022-09-07 00:00:00-04:00,36.50843357908456,37.04586551401171,36.369440672175294,36.93467330932617,3022300,0.0,0.0
2022-09-08 00:00:00-04:00,35.5818222056361,35.933931428877564,35.461361926771225,35.730079650878906,3248000,0.0,0.0
2022-09-09 00:00:00-04:00,36.06365807439357,36.45283609703641,35.80420841578935,35.98026657104492,2545800,0.0,0.0
2022-09-12 00:00:00-04:00,35.971000656453775,36.67522625037869,35.92467086244899,36.59183120727539,2034200,0.0,0.0
2022-09-13 00:00:00-04:00,35.55402104089799,35.93393096029968,35.322368564805835,35.489158630371094,2523700,0.0,0.0
2022-09-14 00:00:00-04:00,35.48916191468167,35.65595199568235,35.41503495353503,35.46136474609375,1521500,0.0,0.0
2022-09-15 00:00:00-04:00,35.22044189947696,35.48915962763165,34.93319508328214,35.0165901184082,2759000,0.0,0.0
2022-09-16 00:00:00-04:00,34.4698928492375,34.69227727070298,34.219707724036354,34.2938346862793,1571700,0.0,0.0
2022-09-19 00:00:00-04:00,34.043650115390285,34.377226718384826,33.98805224752303,34.321632385253906,3181500,0.0,0.0
2022-09-20 00:00:00-04:00,34.6088804986305,34.81273582039558,34.19190884554588,34.49768829345703,4046800,0.0,0.0
2022-09-21 00:00:00-04:00,33.69153938817569,33.821264219624624,33.191169151384194,33.28382873535156,2705500,0.0,0.0
2022-09-22 00:00:00-04:00,33.2838269086615,33.53401201332654,33.00584463727914,33.07997512817383,2600300,0.0,0.0
2022-09-23 00:00:00-04:00,32.199694184232925,32.3757487935985,31.986574330347363,32.31088638305664,2081600,0.0,0.0
2022-09-26 00:00:00-04:00,33.05217297322815,33.960253773072814,33.04290842964191,33.35795593261719,2703700,0.0,0.0
2022-09-27 00:00:00-04:00,33.0892384352614,33.45988380640706,32.46841150353908,32.6907958984375,2252000,0.0,0.0
2022-09-28 00:00:00-04:00,32.53327697047809,33.28382879221096,32.42208476257999,33.16337203979492,2424800,0.0,0.0
2022-09-29 00:00:00-04:00,32.06070615845179,32.153369283838224,31.31941882904432,31.754926681518555,3375200,0.0,0.0
2022-09-30 00:00:00-04:00,31.198956839642182,31.801254750376906,31.18969229497491,31.337949752807617,2244300,0.0,0.0
2022-10-03 00:00:00-04:00,31.07849901101825,31.449140875420024,31.022901140726564,31.31941604614257,2339100,0.0,0.0
2022-10-04 00:00:00-04:00,31.968042107514822,32.8668548573055,31.829049206196323,32.718597412109375,3995900,0.0,0.0
2022-10-05 00:00:00-04:00,32.616673870480966,32.86685900357421,32.25529652314743,32.625938415527344,1896300,0.0,0.0
2022-10-06 00:00:00-04:00,32.70932856620265,33.089238481526834,32.57033920288086,32.57033920288086,2516900,0.0,0.0
2022-10-07 00:00:00-04:00,31.60666614540484,31.958778918195897,31.097031376863544,31.282350540161133,2221500,0.0,0.0
2022-10-10 00:00:00-04:00,30.985836689139635,31.08776435325553,30.45766927939053,30.72638702392578,2386600,0.0,0.0
2022-10-11 00:00:00-04:00,29.85537289152408,30.170420407169853,29.493993819243222,29.697847366333008,2705800,0.0,0.0
2022-10-12 00:00:00-04:00,29.88317247353665,30.10556042862383,29.58665755657816,29.80904197692871,1738200,0.0,0.0
2022-10-13 00:00:00-04:00,28.67857979946028,29.41986708198017,28.465458159288545,29.160415649414062,4376000,0.0,0.0
2022-10-14 00:00:00-04:00,29.47546198059001,29.642252054176268,28.697109482099624,28.734174728393555,2863100,0.0,0.0
2022-10-17 00:00:00-04:00,29.373536701895127,29.827573606907173,29.317938831292288,29.58665657043457,3684500,0.0,0.0
2022-10-18 00:00:00-04:00,30.03142783094532,30.13335548928181,29.271607967555934,29.56812286376953,2581600,0.0,0.0
2022-10-19 00:00:00-04:00,28.57665114325975,28.61371462241487,27.742702537534846,27.9465560913086,5691600,0.0,0.0
2022-10-20 00:00:00-04:00,27.52958024644419,28.428393012091554,27.464717833947617,27.54811286926269,4584400,0.0,0.0
2022-10-21 00:00:00-04:00,27.473985565933088,27.77976678877644,27.01994688761225,27.724170684814453,3293200,0.0,0.0
2022-10-24 00:00:00-04:00,24.1196591629179,24.16598895640596,22.93359771551925,23.795345306396484,11228100,0.0,0.0
2022-10-25 00:00:00-04:00,24.249385594169603,24.647828206910123,23.804613184892563,23.9250717163086,7933200,0.0,0.0
2022-10-26 00:00:00-04:00,24.749752381421896,26.30645747236236,24.749752381421896,25.81535530090332,7229500,0.0,0.0
2022-10-27 00:00:00-04:00,25.203791293643786,25.66709626766394,24.92580724881076,24.98140335083008,4591300,0.0,0.0
2022-10-28 00:00:00-04:00,23.83240804527772,23.98066550066294,23.39690199100467,23.934335708618164,5048700,0.0,0.0
2022-10-31 00:00:00-04:00,24.416173145320304,24.731220677572303,24.14745540477725,24.35131072998047,4446900,0.0,0.0
2022-11-01 00:00:00-04:00,26.825359135136328,27.0384790024527,26.26939280387638,26.33425521850586,4368800,0.0,0.0
2022-11-02 00:00:00-04:00,26.714164358229286,26.83462287215024,26.148931732260657,26.269392013549805,4006800,0.0,0.0
2022-11-03 00:00:00-04:00,25.73195911324028,26.85315632085516,25.63003145168684,26.62150382995605,3816000,0.0,0.0
2022-11-04 00:00:00-04:00,28.298669942545608,28.69711075365073,27.84462949216778,28.622982025146484,5699800,0.0,0.0
2022-11-07 00:00:00-05:00,29.21601274496308,29.37353650923474,28.61371485562725,28.72490882873535,4148000,0.0,0.0
2022-11-08 00:00:00-05:00,28.86390039760735,29.24381034636053,28.40986172147229,29.002891540527344,2784100,0.0,0.0
2022-11-09 00:00:00-05:00,27.65004247178322,27.835365178264013,27.13114136795263,27.177471160888672,3223600,0.0,0.0
2022-11-10 00:00:00-05:00,28.53958487315841,29.41059869416758,28.521054017929576,29.20674514770508,4266700,0.0,0.0
2022-11-11 00:00:00-05:00,30.578128936761686,31.245289244679444,30.485469353878223,30.948774337768555,4283700,0.0,0.0
2022-11-14 00:00:00-05:00,31.07849916770001,31.551068695984075,30.83757859662459,30.948774337768555,7116200,0.0,0.0
2022-11-15 00:00:00-05:00,34.1085141653571,34.83126880866208,33.71933614106761,34.284568786621094,8100900,0.0,0.0
2022-11-16 00:00:00-05:00,36.721551573084746,36.78641398374099,35.59108635638505,36.06365585327149,5236500,0.0,0.0
2022-11-17 00:00:00-05:00,34.12704730522261,36.258249555094814,34.06218135457916,36.24898147583008,6033300,0.0,0.0
2022-11-18 00:00:00-05:00,34.25677165484515,34.36796386130091,33.3764914781239,33.54328155517578,4215300,0.0,0.0
2022-11-21 00:00:00-05:00,33.38575309811212,33.80272825421707,32.95024885483468,33.35795593261719,4363800,0.0,0.0
2022-11-22 00:00:00-05:00,32.78346506143154,33.21896938798857,32.57034517083196,33.13557434082031,1810200,0.0,0.0
2022-11-23 00:00:00-05:00,33.4784210050187,33.886128141224496,33.30236283902564,33.626678466796875,2958300,0.0,0.0
2022-11-25 00:00:00-05:00,32.27383163377209,32.47768345312426,32.042179107666016,32.042179107666016,2807000,0.0,0.0
2022-11-28 00:00:00-05:00,32.06996976385022,33.07070663523997,32.05143714135866,32.718597412109375,4029300,0.0,0.0
2022-11-29 00:00:00-05:00,33.67300931954099,33.960259707214846,33.47842205760232,33.682273864746094,3301700,0.0,0.0
2022-11-30 00:00:00-05:00,34.52548445167189,35.359434802932526,34.48842274085526,35.0165901184082,5791300,0.0,0.0
2022-12-01 00:00:00-05:00,35.118517193592886,35.516959739835386,34.645944157474425,35.109249114990234,2054600,0.0,0.0
2022-12-02 00:00:00-05:00,35.01659066731873,36.8234807668835,34.86833321751906,36.4065055847168,5648700,0.0,0.0
2022-12-05 00:00:00-05:00,37.18485652619298,37.24971893684923,35.952463654251666,36.06365585327149,2958500,0.0,0.0
2022-12-06 00:00:00-05:00,37.01806781343585,37.21265505251745,36.29530965654698,36.90687561035156,2761800,0.0,0.0
2022-12-07 00:00:00-05:00,35.8876030435366,36.573295963811645,35.794943462162124,36.3138427734375,2112300,0.0,0.0
2022-12-08 00:00:00-05:00,37.66669808584199,37.97247754917482,37.38871225678369,37.87981796264648,2587500,0.0,0.0
2022-12-09 00:00:00-05:00,38.204129290898464,38.32458957878039,37.66669733719,37.73155975341797,2504100,0.0,0.0
2022-12-12 00:00:00-05:00,37.79642420145095,37.85201854135687,37.01807163013709,37.48137664794922,2896200,0.0,0.0
2022-12-13 00:00:00-05:00,38.68596593758709,39.14000637453385,37.81495384526991,38.03733825683594,3218200,0.0,0.0
2022-12-14 00:00:00-05:00,38.537709036952826,38.86202111460539,38.23192604824909,38.68596649169922,2049700,0.0,0.0
2022-12-15 00:00:00-05:00,38.63963695984409,39.01954691110901,37.175591491478045,37.44430923461914,3313100,0.0,0.0
2022-12-16 00:00:00-05:00,37.99100986323019,37.99100986323019,37.26825519694787,37.35165023803711,2056400,0.0,0.0
2022-12-19 00:00:00-05:00,38.22266114908722,38.268990940502455,37.52770367364928,37.58330154418945,2545800,0.0,0.0
2022-12-20 00:00:00-05:00,36.47136630261514,37.05513153051066,36.45283368040967,36.56402587890625,1948300,0.0,0.0
2022-12-21 00:00:00-05:00,36.88834722970952,37.824221821543546,36.64742663812747,37.67596435546875,2408400,0.0,0.0
2022-12-22 00:00:00-05:00,37.953948932661646,38.083673781394246,37.34238640668152,37.54624176025391,2706600,0.0,0.0
2022-12-23 00:00:00-05:00,37.703759506549645,37.87981766821634,37.11072967400981,37.30531692504883,1836800,0.0,0.0
2022-12-27 00:00:00-05:00,37.18485981675112,39.07514150630772,37.06439952855706,38.76009750366211,4433500,0.0,0.0
2022-12-28 00:00:00-05:00,38.71376226699849,39.24192965145091,37.7778877803463,38.05587005615234,5272400,0.0,0.0
2022-12-29 00:00:00-05:00,39.909090236663175,40.41872500187037,39.62183987985281,40.11294555664063,4546700,0.0,0.0
2022-12-30 00:00:00-05:00,38.95468670135752,39.77010098676232,38.95468670135752,39.25120162963867,1505500,0.0,0.0
2023-01-03 00:00:00-05:00,40.72451181731686,41.51212893456696,40.72451181731686,41.30827713012695,3207300,0.0,0.0
2023-01-04 00:00:00-05:00,43.24502676559084,44.94359156137801,42.91312347095899,44.89478302001953,4527100,2.264,0.0
2023-01-05 00:00:00-05:00,43.23526144592893,44.21144705333927,43.00097526165531,43.99668502807617,3052700,0.0,0.0
2023-01-06 00:00:00-05:00,43.92835654045352,44.56287873557902,43.58669303468005,44.52383041381836,2483900,0.0,0.0
2023-01-09 00:00:00-05:00,45.48049003358933,45.763584768622096,45.060729902017385,45.26572799682617,4229200,0.0,0.0
2023-01-10 00:00:00-05:00,45.46096733575794,45.919775802199176,45.01192281158514,45.8221549987793,2514800,0.0,0.0
2023-01-11 00:00:00-05:00,46.78858380590484,47.56953166965491,46.78858380590484,47.32548522949219,4435700,0.0,0.0
2023-01-12 00:00:00-05:00,45.705009570886574,45.7635820475719,45.02167890496792,45.36334609985352,5857400,0.0,0.0
2023-01-13 00:00:00-05:00,46.27120624677208,46.71048685715695,46.13453711312337,46.66167831420898,3980000,0.0,0.0
2023-01-17 00:00:00-05:00,46.63239288330078,46.92524785824823,46.37858250752076,46.63239288330078,3051300,0.0,0.0
2023-01-18 00:00:00-05:00,47.676909632641625,47.715957954280896,46.68119977395779,46.75929641723633,3490400,0.0,0.0
2023-01-19 00:00:00-05:00,47.364529019680994,48.09666827008524,47.34500485947454,48.02833557128906,3859800,0.0,0.0
2023-01-20 00:00:00-05:00,48.487140982253976,49.25832856388013,48.45785660346025,49.21928024291992,2899200,0.0,0.0
2023-01-23 00:00:00-05:00,49.355949689122,50.019756254376034,49.297377207298574,49.951419830322266,2852200,0.0,0.0
2023-01-24 00:00:00-05:00,49.29737731876477,49.88308724291191,49.21928067615695,49.6780891418457,2623200,0.0,0.0
2023-01-25 00:00:00-05:00,48.96547395223674,49.94165964005953,48.96547395223674,49.883087158203125,3088400,0.0,0.0
2023-01-26 00:00:00-05:00,50.6933232803951,51.10331948356085,50.46880101811106,51.09355926513672,2491600,0.0,0.0
2023-01-27 00:00:00-05:00,51.4059383032457,51.620700346748805,50.908085239678265,51.29855728149414,2404100,0.0,0.0
2023-01-30 00:00:00-05:00,48.1650042551439,48.26262133898369,47.5011976582448,47.84286117553711,3932000,0.0,0.0
2023-01-31 00:00:00-05:00,47.73547962956513,47.81357254492453,47.305955561603874,47.58905029296875,4471400,0.0,0.0
2023-02-01 00:00:00-05:00,47.85261908027369,48.291903349830726,47.11071593083235,48.12594985961914,4646200,0.0,0.0
2023-02-02 00:00:00-05:00,48.12595290977887,48.1357168518615,46.95452935800101,47.14000701904297,4588100,0.0,0.0
2023-02-03 00:00:00-05:00,47.57928855337988,47.95023640621619,47.0130991087572,47.100955963134766,3724400,0.0,0.0
2023-02-06 00:00:00-05:00,46.74952973891727,46.8764349148914,45.997866348690046,46.720245361328125,3606100,0.0,0.0
2023-02-07 00:00:00-05:00,47.15953331246008,47.22786601471809,46.3883457025735,47.13024520874024,4123500,0.0,0.0
2023-02-08 00:00:00-05:00,47.56952515602081,47.57928909764812,46.81786177638156,47.0814323425293,3208700,0.0,0.0
2023-02-09 00:00:00-05:00,49.1997593477758,49.43404182364791,48.77999921099771,49.03380584716797,3487300,0.0,0.0
2023-02-10 00:00:00-05:00,47.68666796101452,48.2040488925956,47.18881491333198,47.432861328125,2548800,0.0,0.0
2023-02-13 00:00:00-05:00,47.950238772013954,48.67261780185431,47.85262169515708,48.43833160400391,2862300,0.0,0.0
2023-02-14 00:00:00-05:00,46.89596212619326,47.37429103592116,46.5738190563393,47.286434173583984,2715500,0.0,0.0
2023-02-15 00:00:00-05:00,46.79834298634402,47.296199798583984,46.60310881762952,47.296199798583984,2103700,0.0,0.0
2023-02-16 00:00:00-05:00,47.247386270940616,47.92095301917939,47.07167255855612,47.60857391357422,3729300,0.0,0.0
2023-02-17 00:00:00-05:00,46.27119993566617,46.35905679053064,45.8221517197741,46.07596206665039,2857400,0.0,0.0
2023-02-21 00:00:00-05:00,44.74834715189861,45.13882287357698,44.41644390562774,44.51406097412109,4717500,0.0,0.0
2023-02-22 00:00:00-05:00,44.30907024255142,44.51406835468827,43.53788261249025,43.71359634399414,4041000,0.0,0.0
2023-02-23 00:00:00-05:00,44.66049052469428,44.80691985202115,43.06930697807565,43.48906707763672,4034200,0.0,0.0
2023-02-24 00:00:00-05:00,42.952170869045815,43.0595518920349,42.31764867348465,42.56169509887695,4360100,0.0,0.0
2023-02-27 00:00:00-05:00,43.66478298762049,43.674546929323725,43.18645411203686,43.54764175415039,3542700,0.0,0.0
2023-02-28 00:00:00-05:00,42.98145296735045,43.31335623722335,42.78621881648041,42.91312026977539,3777700,0.0,0.0
2023-03-01 00:00:00-05:00,45.39263585587672,45.73429936740126,45.158349645222046,45.441444396972656,3466400,0.0,0.0
2023-03-02 00:00:00-05:00,44.82644460010755,46.241914579676845,44.74835168217731,46.115013122558594,4220300,0.0,0.0
2023-03-03 00:00:00-05:00,45.6952562003391,46.1638249124744,45.578111229415455,45.99787139892578,2861700,0.0,0.0
2023-03-06 00:00:00-05:00,45.14858737971798,45.53906313848911,44.91430117968475,45.04120635986328,3447500,0.0,0.0
2023-03-07 00:00:00-05:00,44.172402680082406,44.2212112200412,43.65502545358398,43.72335815429688,2058300,0.0,0.0
2023-03-08 00:00:00-05:00,43.30359698231698,43.63550025957159,43.17669180234683,43.42073822021485,2289200,0.0,0.0
2023-03-09 00:00:00-05:00,42.21027077061464,42.26883952860521,41.07789552194483,41.23408508300781,3771100,0.0,0.0
2023-03-10 00:00:00-05:00,41.38051163779684,41.84908033158404,41.0486083475493,41.53670120239258,2637200,0.0,0.0
2023-03-13 00:00:00-04:00,41.98574538599699,42.83502962753632,41.97598516747659,42.56169509887695,3138800,0.0,0.0
2023-03-14 00:00:00-04:00,42.49335790243716,43.36216248910921,42.42502520846425,43.33287811279297,2513100,0.0,0.0
2023-03-15 00:00:00-04:00,41.97598049208974,42.19074251414719,41.59526870669882,42.12240982055664,4994600,0.0,0.0
2023-03-16 00:00:00-04:00,41.31217767829138,42.28836335825828,41.31217767829138,42.25907897949219,4762800,0.0,0.0
2023-03-17 00:00:00-04:00,41.78074481750055,42.22002910206132,41.45860549139112,41.90764999389648,4950800,0.0,0.0
2023-03-20 00:00:00-04:00,41.37074964711834,42.40550407179747,41.36098570508205,42.00526809692383,4772300,0.0,0.0
2023-03-21 00:00:00-04:00,42.76669633364302,43.176692535170666,42.571458451264334,42.92288589477539,3920300,0.0,0.0
2023-03-22 00:00:00-04:00,43.586690537468414,44.55311224063157,43.537878276137725,43.73311614990234,6725800,0.0,0.0
2023-03-23 00:00:00-04:00,46.60310358962354,47.31571865227785,46.26143638499576,46.7397689819336,5021600,0.0,0.0
2023-03-24 00:00:00-04:00,46.22239070838624,46.98381807512326,46.08572530826374,46.71048355102539,4918800,0.0,0.0
2023-03-27 00:00:00-04:00,45.26572913243637,45.35358599296608,44.81668461144135,45.09001541137695,4149100,0.0,0.0
2023-03-28 00:00:00-04:00,47.833097520324536,48.75071070359682,47.74524066163922,48.71166610717773,6448300,0.0,0.0
2023-03-29 00:00:00-04:00,47.920953988099726,48.39928659789625,47.59881093426381,48.11619186401367,4083400,0.0,0.0
2023-03-30 00:00:00-04:00,48.61404467763842,48.98499626771709,48.32118972709325,48.73118591308594,5117700,0.0,0.0
2023-03-31 00:00:00-04:00,48.04786252828293,48.27238479794696,47.58905404635688,47.7257194519043,3094200,0.0,0.0
2023-04-03 00:00:00-04:00,48.11619181241458,48.5847604797939,48.04785911449589,48.25285720825195,3890700,0.0,0.0
2023-04-04 00:00:00-04:00,47.91119643308588,48.37000118455472,47.73548270738191,48.29190826416016,1858100,0.0,0.0
2023-04-05 00:00:00-04:00,47.97952885373413,48.20405111885071,47.00334314947792,47.286434173583984,2905300,0.0,0.0
2023-04-06 00:00:00-04:00,47.745240272162455,48.43833119399684,47.38405262222595,48.11619186401367,2109300,0.0,0.0
2023-04-10 00:00:00-04:00,47.842860124366815,48.15524297826739,46.9545312750715,47.813575744628906,1744500,0.0,0.0
2023-04-11 00:00:00-04:00,46.8569136097794,46.905722150019,46.24191557597223,46.28096389770508,3235400,0.0,0.0
2023-04-12 00:00:00-04:00,44.76787707278872,44.79716145233566,43.37193121530634,43.77216720581055,5731200,0.0,0.0
2023-04-13 00:00:00-04:00,45.00215999012413,45.792871760180375,45.00215999012413,45.64644241333008,3303500,0.0,0.0
2023-04-14 00:00:00-04:00,45.34382482237753,45.47073000133378,44.76787513185639,44.78739929199219,3393200,0.0,0.0
2023-04-17 00:00:00-04:00,46.06619971699159,46.16382051679927,45.66596374741196,46.085723876953125,3831500,0.0,0.0
2023-04-18 00:00:00-04:00,45.90024850226912,45.94905703871446,45.33405905271572,45.39263153076172,2757900,0.0,0.0
2023-04-19 00:00:00-04:00,44.46525688035535,44.5531137403141,44.18216214006016,44.49454498291016,2541600,0.0,0.0
2023-04-20 00:00:00-04:00,44.514063250020754,44.640968424632455,43.87954482466754,44.09430313110352,2752600,0.0,0.0
2023-04-21 00:00:00-04:00,43.39145667031049,43.40121688916622,42.94241212588565,43.04978942871094,4801100,0.0,0.0
2023-04-24 00:00:00-04:00,42.52265282069051,42.64955428764328,42.05408410523769,42.34693908691406,4359300,0.0,0.0
2023-04-25 00:00:00-04:00,41.92717813161919,41.93693835048981,41.12670612551775,41.36098861694336,3656600,0.0,0.0
2023-04-26 00:00:00-04:00,43.47931089228084,43.56716775205376,42.766695795835,42.94240951538086,2868900,0.0,0.0
2023-04-27 00:00:00-04:00,42.63002813569839,43.371931360089526,42.51288689326667,43.22550201416016,2163400,0.0,0.0
2023-04-28 00:00:00-04:00,42.69836242973703,43.38168941302037,42.69836242973703,43.30359649658203,2618700,0.0,0.0
2023-05-01 00:00:00-04:00,42.63002611141758,43.65502403654538,42.51288487454829,43.03026580810547,2798400,0.0,0.0
2023-05-02 00:00:00-04:00,43.04002677869514,43.04002677869514,41.87836716012155,42.25907897949219,2406200,0.0,0.0
2023-05-03 00:00:00-04:00,42.20050772503697,42.28836458774244,41.76122341150962,41.87836837768555,4781700,0.0,0.0
2023-05-04 00:00:00-04:00,41.712416392071184,42.171224883360125,41.64408368790301,42.02479553222656,2349700,0.0,0.0
2023-05-05 00:00:00-04:00,42.26883957513566,42.93264614134727,42.22979125386371,42.85455322265625,1682100,0.0,0.0
2023-05-08 00:00:00-04:00,42.34693746483161,42.503127030666434,42.03455833316196,42.20050811767578,1983400,0.0,0.0
2023-05-09 00:00:00-04:00,40.61908606089055,40.941225393496346,40.48242066379399,40.86313247680664,3302200,0.0,0.0
2023-05-10 00:00:00-04:00,41.19503508020791,41.39027295453029,40.84360765119817,41.22431945800781,3251000,0.0,0.0
2023-05-11 00:00:00-04:00,40.77527754047001,41.57574952450475,40.70694483870018,41.53670120239258,5160200,0.0,0.0
2023-05-12 00:00:00-04:00,40.84360737175562,40.85336758967125,40.10170792302975,40.28718185424805,4823600,0.0,0.0
2023-05-15 00:00:00-04:00,42.40550272090805,43.46954521394663,42.34693396596728,43.27431106567383,6503500,0.0,0.0
2023-05-16 00:00:00-04:00,42.57145901592156,42.913122521726336,42.5128865332752,42.83502960205078,5143800,0.0,0.0
2023-05-17 00:00:00-04:00,42.75693273425884,43.733118430127085,42.66907587267658,43.586692810058594,5113300,0.0,0.0
2023-05-18 00:00:00-04:00,42.560516926018856,42.560516926018856,41.43015900652639,41.87247085571289,5663600,0.306,0.0
2023-05-19 00:00:00-04:00,41.823328467896616,42.02974117871537,41.6562335352004,41.75452423095703,3282000,0.0,0.0
2023-05-22 00:00:00-04:00,42.84556517715874,43.29770834500033,42.67846650670893,42.76692962646485,1813200,0.0,0.0
2023-05-23 00:00:00-04:00,41.90196344912479,42.000254143532594,41.34169824199111,41.42033004760742,2834100,0.0,0.0
2023-05-24 00:00:00-04:00,41.50879080338941,41.53827726011896,40.83057605176376,40.97801208496094,3566000,0.0,0.0
2023-05-25 00:00:00-04:00,40.58484676138874,40.58484676138874,39.65107019243253,39.72970199584961,2856100,0.0,0.0
2023-05-26 00:00:00-04:00,40.211338598834296,40.643822926079686,40.01475345025008,40.5455322265625,3131100,0.0,0.0
2023-05-30 00:00:00-04:00,39.41516853977619,39.61175367891104,38.72712617712871,38.8647346496582,4169500,0.0,0.0
2023-05-31 00:00:00-04:00,38.7762723671718,38.95319862128298,38.21600714566964,38.85490417480469,3954900,0.0,0.0
2023-06-01 00:00:00-04:00,39.415167025907365,40.71262364499477,39.40533945662544,40.58484649658203,5536900,0.0,0.0
2023-06-02 00:00:00-04:00,42.029739687871725,42.46222773277933,41.99042566069341,42.06905746459961,3540000,0.0,0.0
2023-06-05 00:00:00-04:00,42.15752060216465,42.34427816691245,41.9019625524434,42.19683837890625,3186200,0.0,0.0
2023-06-06 00:00:00-04:00,41.53828042325864,42.60966551076159,41.3318677113346,42.4327392578125,4017800,0.0,0.0
2023-06-07 00:00:00-04:00,42.157517917848246,42.53102927401152,41.6758883068542,41.71520233154297,3471700,0.0,0.0
2023-06-08 00:00:00-04:00,41.892131218873686,42.30496037541736,41.803668096010725,42.06905746459961,2503200,0.0,0.0
2023-06-09 00:00:00-04:00,42.19683810482096,42.29512879648694,41.85281693444044,41.90196228027344,2234200,0.0,0.0
2023-06-12 00:00:00-04:00,42.265642613429264,42.41308240143547,42.09854768660182,42.19683837890625,2294000,0.0,0.0
2023-06-13 00:00:00-04:00,43.15027382946241,43.57293055543426,43.07163827600273,43.21907806396485,3812100,0.0,0.0
2023-06-14 00:00:00-04:00,43.4942958316678,44.45755888262658,43.474636942927866,44.35926818847656,4563000,0.0,0.0
2023-06-15 00:00:00-04:00,44.67380373399955,44.89987533435811,44.48704616229704,44.86055755615234,4551900,0.0,0.0
2023-06-16 00:00:00-04:00,45.46996843967488,45.66655358253544,44.7032905070234,45.02765655517578,3508000,0.0,0.0
2023-06-20 00:00:00-04:00,43.59258357190468,43.74002335268855,42.91436882930751,42.94385528564453,2565700,0.0,0.0
2023-06-21 00:00:00-04:00,42.6293223602669,42.87505283876667,42.39342320065486,42.66864013671875,2614500,0.0,0.0
2023-06-22 00:00:00-04:00,42.42290820372091,42.648979786243736,42.22632307775123,42.59983444213867,2022600,0.0,0.0
2023-06-23 00:00:00-04:00,42.08871368770624,42.08871368770624,41.57759387125896,41.71520233154297,2462300,0.0,0.0
2023-06-26 00:00:00-04:00,41.65623207859097,42.01008457022108,41.61691430184327,41.68571853637695,1456300,0.0,0.0
2023-06-27 00:00:00-04:00,42.62932352281784,42.92419935514926,42.45239727350906,42.82590866088867,3410900,0.0,0.0
2023-06-28 00:00:00-04:00,42.09854827430753,42.09854827430753,41.70537800050194,42.01991271972656,2971900,0.0,0.0
2023-06-29 00:00:00-04:00,41.68571796812122,41.70537685622708,41.28272013582492,41.479305267333984,2461000,0.0,0.0
2023-06-30 00:00:00-04:00,41.538279360951954,42.0100851897833,41.489134014067325,41.76435470581055,1821000,0.0,0.0
2023-07-03 00:00:00-04:00,42.26564522374712,42.737447325136,42.17718209538984,42.29513168334961,1203700,0.0,0.0
2023-07-05 00:00:00-04:00,42.00025563506635,42.128036541974026,41.66606201284228,41.74469757080078,2359000,0.0,0.0
2023-07-06 00:00:00-04:00,40.516043399911055,40.860064577675374,40.33911715147523,40.48655319213867,2109200,0.0,0.0
2023-07-07 00:00:00-04:00,41.16477169876829,42.43273814560232,41.14511281011704,42.1476936340332,3959400,0.0,0.0
2023-07-10 00:00:00-04:00,41.29254826799916,41.86264478219201,41.243402921839326,41.68571853637695,1589500,0.0,0.0
2023-07-11 00:00:00-04:00,41.83315833242126,42.354105751004525,41.58742785202545,42.32461929321289,3823900,0.0,0.0
2023-07-12 00:00:00-04:00,43.24856680695887,44.28063412857862,43.24856680695887,44.044734954833984,3929800,0.0,0.0
2023-07-13 00:00:00-04:00,44.14302208162354,44.752432605644046,44.13319451249152,44.59516525268555,2214900,0.0,0.0
2023-07-14 00:00:00-04:00,44.42807183106226,44.47721717748106,43.779343509505296,43.89729309082031,3140300,0.0,0.0
2023-07-17 00:00:00-04:00,43.69088188233372,43.94643994219282,43.150275554114685,43.710540771484375,1108700,0.0,0.0
2023-07-18 00:00:00-04:00,42.18700703043169,42.40325105280962,41.734863846868336,41.94127655029297,5084500,0.0,0.0
2023-07-19 00:00:00-04:00,42.03957221132387,42.62932388094115,41.96093665561508,41.97076797485352,1997900,0.0,0.0
2023-07-20 00:00:00-04:00,41.57759797895533,41.94127805271452,41.5382802008328,41.75452423095703,2230000,0.0,0.0
2023-07-21 00:00:00-04:00,41.842985011913335,42.00025236603989,41.31220628565514,41.43998718261719,1989000,0.0,0.0
2023-07-24 00:00:00-04:00,40.94852564376834,42.95368719222599,40.89938029935064,42.38359069824219,4373500,0.0,0.0
2023-07-25 00:00:00-04:00,43.54344036947873,44.01524244181961,42.82590781678012,42.83573913574219,3717200,0.0,0.0
2023-07-26 00:00:00-04:00,42.70795906147249,43.553272530167845,42.70795906147249,43.33702850341797,2415500,0.0,0.0
2023-07-27 00:00:00-04:00,43.44515027461097,43.46480916325588,42.50154611695281,42.6588134765625,3418900,0.0,0.0
2023-07-28 00:00:00-04:00,44.4280717763208,45.214408566701344,44.33960865305614,45.17509078979492,3301300,0.0,0.0
2023-07-31 00:00:00-04:00,44.91953068851684,45.36184628464933,44.565678211610845,45.15542984008789,1950700,0.0,0.0
2023-08-01 00:00:00-04:00,44.654146637507694,44.654146637507694,44.24131744887388,44.32978057861328,1986300,0.0,0.0
2023-08-02 00:00:00-04:00,43.39600671253588,43.39600671253588,42.57035210324061,42.639156341552734,2794700,0.0,0.0
2023-08-03 00:00:00-04:00,43.26822425133064,43.916952581787406,43.26822425133064,43.84814834594727,1843700,0.0,0.0
2023-08-04 00:00:00-04:00,43.20924614376158,43.41565884439671,42.63915338730988,42.757102966308594,1764400,0.0,0.0
2023-08-07 00:00:00-04:00,42.8160820285562,42.86522737676232,42.04940034825172,42.304962158203125,1031100,0.0,0.0
2023-08-08 00:00:00-04:00,41.67589158159837,41.83315894135895,41.28272130742212,41.76435470581055,1861700,0.0,0.0
2023-08-09 00:00:00-04:00,42.0493982681027,42.30496006541166,41.58742751835878,42.02973937988281,1375600,0.0,0.0
2023-08-10 00:00:00-04:00,42.825909561103046,43.47463790568852,42.4523981658721,42.68830108642578,2279900,0.0,0.0
2023-08-11 00:00:00-04:00,42.06905930345597,42.08871819267922,41.15494157709876,41.41050338745117,2566200,0.0,0.0
2023-08-14 00:00:00-04:00,41.74469494262371,41.84298563433384,41.01733107550032,41.51862335205078,1946900,0.0,0.0
2023-08-15 00:00:00-04:00,41.5284517927208,41.577597139607,40.91904124232282,41.12545394897461,2134200,0.0,0.0
2023-08-16 00:00:00-04:00,40.270310606461386,40.44723684475068,39.50362899069134,39.91645812988281,4686400,0.0,0.0
2023-08-17 00:00:00-04:00,41.66605937406945,41.86264450696589,41.282720427173615,41.39084243774414,2776700,0.0,0.0
2023-08-18 00:00:00-04:00,40.45706793999659,40.54553106685171,40.07372897347431,40.38826370239258,2064900,0.0,0.0
2023-08-21 00:00:00-04:00,39.95577616869506,40.18184775254596,39.651069034174576,40.08355331420898,2647700,0.0,0.0
2023-08-22 00:00:00-04:00,40.08355363375148,40.08355363375148,39.592092686797,39.739532470703125,2554500,0.0,0.0
2023-08-23 00:00:00-04:00,39.66089751889832,40.28997069013032,39.66089751889832,40.201507568359375,1583100,0.0,0.0
2023-08-24 00:00:00-04:00,40.62416399448817,40.78143134876829,39.96560437062488,40.28997039794922,1640300,0.0,0.0
2023-08-25 00:00:00-04:00,40.11304618596411,40.23099577025671,39.64124409924404,40.05406951904297,1462500,0.0,0.0
2023-08-28 00:00:00-04:00,40.75194080846177,41.25323307394175,40.68313657587424,41.01733016967773,3008300,0.0,0.0
2023-08-29 00:00:00-04:00,41.20408747638496,41.6562344354664,41.02716497010935,41.61691665649414,2932100,0.0,0.0
2023-08-30 00:00:00-04:00,40.93870068802869,41.37118499588137,40.86006513230111,41.33186721801758,2590500,0.0,0.0
2023-08-31 00:00:00-04:00,40.77160117111155,41.08613588847493,40.53570200786381,40.70279693603516,2083200,0.0,0.0
2023-09-01 00:00:00-04:00,41.33186488354113,42.10837407951924,41.29254710789806,41.52845001220703,3812600,0.0,0.0
2023-09-05 00:00:00-04:00,41.20408720519549,41.33186811123945,40.9288702533006,41.06647872924805,1269100,0.0,0.0
2023-09-06 00:00:00-04:00,40.98784576027753,41.44981652365026,40.80108819145377,40.909210205078125,2315700,0.0,0.0
2023-09-07 00:00:00-04:00,39.99509196850757,40.16219064631757,39.48397211513228,39.68055725097656,3834300,0.0,0.0
2023-09-08 00:00:00-04:00,39.59209357733232,39.759192252821066,39.31687664070325,39.60192489624024,2073700,0.0,0.0
2023-09-11 00:00:00-04:00,40.27031207638161,40.61433324697389,40.26048075747923,40.49638366699219,1954400,0.0,0.0
2023-09-12 00:00:00-04:00,40.36860452650055,40.820747727416354,40.36860452650055,40.60450744628906,2037500,0.0,0.0
2023-09-13 00:00:00-04:00,40.388262215577,40.4079211041044,40.03440972118291,40.06389617919922,2680400,0.0,0.0
2023-09-14 00:00:00-04:00,40.26047926288848,40.2997970379393,40.00492122415694,40.17201614379883,1995400,0.0,0.0
2023-09-15 00:00:00-04:00,39.749363549808805,39.82799910804898,39.50363305463295,39.7002182006836,2861600,0.0,0.0
2023-09-18 00:00:00-04:00,39.17926789954114,39.31687636689736,38.93353742224803,39.30704879760742,1401600,0.0,0.0
2023-09-19 00:00:00-04:00,39.1202894251262,39.21858386122525,38.90404916480699,38.94336318969727,2237700,0.0,0.0
2023-09-20 00:00:00-04:00,38.86473348216192,39.16943687659548,38.68780723721039,38.70746612548828,1625700,0.0,0.0
2023-09-21 00:00:00-04:00,37.80317571113299,37.81300702996835,37.55744523394224,37.64590835571289,3537600,0.0,0.0
2023-09-22 00:00:00-04:00,39.375852393672496,39.4348253075562,39.021999912172426,39.10063171386719,3037100,0.0,0.0
2023-09-25 00:00:00-04:00,38.06856478564225,38.31429526095589,37.989932983307625,38.24549102783203,1585300,0.0,0.0
2023-09-26 00:00:00-04:00,37.7048827079311,37.930954283137446,37.56727424907065,37.58693313598633,1230700,0.0,0.0
2023-09-27 00:00:00-04:00,37.79334695929073,37.92112785330551,37.47881225829234,37.871978759765625,1937600,0.0,0.0
2023-09-28 00:00:00-04:00,37.35103198436912,37.62624891492444,37.242909976065405,37.56727600097656,1685100,0.0,0.0
2023-09-29 00:00:00-04:00,38.35361508244273,38.38310154119716,37.901471883643,38.00959014892578,1285500,0.0,0.0
2023-10-02 00:00:00-04:00,38.039080710427584,38.06856716945579,37.64591042548607,37.79335021972656,925100,0.0,0.0
2023-10-03 00:00:00-04:00,37.47881139611126,37.53778430772344,37.2429085010146,37.37068939208984,2527600,0.0,0.0
2023-10-04 00:00:00-04:00,37.33137572546453,37.439497741382354,37.046327456144766,37.28223037719727,1835900,0.0,0.0
2023-10-05 00:00:00-04:00,37.547617373921646,37.78351653045044,37.410008907688265,37.734371185302734,1673200,0.0,0.0
2023-10-06 00:00:00-04:00,38.03908124001945,38.71729605395867,37.97027700162923,38.63866424560547,2911100,0.0,0.0
2023-10-09 00:00:00-04:00,38.33395618065367,38.727126461813576,38.20617527684424,38.64849090576172,1990700,0.0,0.0
2023-10-10 00:00:00-04:00,38.82541768554645,39.53312270144271,38.82541768554645,39.366024017333984,2654700,0.0,0.0
2023-10-11 00:00:00-04:00,39.56260710432276,39.857482929103455,39.30704905605937,39.4741439819336,1637000,0.0,0.0
2023-10-12 00:00:00-04:00,39.60192462063943,39.61175218992941,38.73695229068967,38.795928955078125,3867100,0.0,0.0
2023-10-13 00:00:00-04:00,38.4322445469801,38.628829675646,38.029246720512255,38.33395385742188,1659600,0.0,0.0
2023-10-16 00:00:00-04:00,37.84249406194051,38.609171962560325,37.82283517352083,38.4912223815918,2249200,0.0,0.0
2023-10-17 00:00:00-04:00,37.70488416738541,38.13736844762273,37.66556639203217,38.03907775878906,1918500,0.0,0.0
2023-10-18 00:00:00-04:00,37.547618597378,37.64590929087613,36.91854916007087,37.252742767333984,3349200,0.0,0.0
2023-10-19 00:00:00-04:00,36.545036624653925,36.85957133340166,36.50571884867309,36.584354400634766,2764700,0.0,0.0
2023-10-20 00:00:00-04:00,36.12238163754216,36.25999011051913,35.79801559448242,35.79801559448242,1415500,0.0,0.0
2023-10-23 00:00:00-04:00,35.72920904884061,36.19118353502024,35.53262767132109,36.12237930297852,1148300,0.0,0.0
2023-10-24 00:00:00-04:00,35.78818546041891,36.9087158024261,35.77835789143174,36.8497428894043,2624600,0.0,0.0
2023-10-25 00:00:00-04:00,36.12238016320118,36.3975970979221,36.00443058397071,36.24032974243164,1382100,0.0,0.0
2023-10-26 00:00:00-04:00,36.05357563951434,36.39759680514827,36.004430294359416,36.32879257202149,1715400,0.0,0.0
2023-10-27 00:00:00-04:00,36.50572118341047,36.849746120920834,36.22067291364325,36.25999069213867,938000,0.0,0.0
2023-10-30 00:00:00-04:00,36.95786345623696,37.2330841492205,36.6728189432017,36.90871810913086,2169900,0.0,0.0
2023-10-31 00:00:00-04:00,36.36810974784551,36.43691397983694,35.984770812593425,36.37793731689453,2403900,0.0,0.0
2023-11-01 00:00:00-04:00,35.96511341861379,36.33862480032916,35.96511341861379,36.318965911865234,1890800,0.0,0.0
2023-11-02 00:00:00-04:00,36.564697813002255,36.830087193244864,36.39759912934592,36.64332962036133,1502500,0.0,0.0
2023-11-03 00:00:00-04:00,38.19634655439568,38.65832105838432,38.176687665976,38.4912223815918,2470400,0.0,0.0
2023-11-06 00:00:00-05:00,39.16943982744452,39.31687962586143,38.91388175967835,38.97285842895508,1743700,0.0,0.0
2023-11-07 00:00:00-05:00,38.71729335391154,38.99251028827948,38.4912217650308,38.9237060546875,1447400,0.0,0.0
2023-11-08 00:00:00-05:00,38.6976318857768,39.18909280698141,38.628827656772096,38.95319366455078,1416600,0.0,0.0
2023-11-09 00:00:00-05:00,38.75661443403602,39.14978473054956,38.4027619170838,38.46173858642578,2784400,0.0,0.0
2023-11-10 00:00:00-05:00,38.216005734911896,38.44207732914184,38.03907948733202,38.40275955200195,1450600,0.0,0.0
2023-11-13 00:00:00-05:00,38.96302386351664,39.454484817899136,38.93353740610953,39.17926788330078,5403800,0.0,0.0
2023-11-14 00:00:00-05:00,39.67072911145144,40.1032134044548,39.434826201918085,39.98526382446289,5731300,0.0,0.0
2023-11-15 00:00:00-05:00,41.60708671147043,42.35410572155243,41.58742782310648,42.06905746459961,5489600,0.0,0.0
2023-11-16 00:00:00-05:00,40.47672591778253,40.8797237644811,40.16219119594703,40.39809036254883,3167400,0.0,0.0
2023-11-17 00:00:00-05:00,40.1425303049537,40.37843320933904,40.0638947536421,40.25065231323242,3093100,0.0,0.0
2023-11-20 00:00:00-05:00,41.1745989639904,41.58742812351617,41.07630827101024,41.46947479248047,2792600,0.0,0.0
2023-11-21 00:00:00-05:00,40.928869135540886,40.96818691318061,40.516043718972725,40.65365219116211,1783600,0.0,0.0
2023-11-22 00:00:00-05:00,40.958355284317705,40.98784549209935,40.466894316185936,40.61433410644531,1827300,0.0,0.0
2023-11-24 00:00:00-05:00,40.31945884168021,40.98784606768951,40.31945884168021,40.94852828979492,1063700,0.0,0.0
2023-11-27 00:00:00-05:00,40.62416276377757,40.72245345114387,40.49638187056188,40.64381790161133,2628400,0.0,0.0
2023-11-28 00:00:00-05:00,40.39809152129009,40.56519020617978,40.18185123729429,40.55535888671875,2046000,0.0,0.0
2023-11-29 00:00:00-05:00,40.02457953648453,40.299796458786304,39.90662621302719,39.96560287475586,2447600,0.0,0.0
2023-11-30 00:00:00-05:00,40.97801444110278,41.21391735715135,40.65365214977936,40.909210205078125,2281400,0.0,0.0
2023-12-01 00:00:00-05:00,39.87714065607129,40.35877403050842,39.72970087319987,40.339115142822266,2123000,0.0,0.0
2023-12-04 00:00:00-05:00,39.98526291548887,40.28013873354007,39.82799556255826,39.99509048461914,2332200,0.0,0.0
2023-12-05 00:00:00-05:00,38.8843952998149,39.06132155809526,38.59934702263544,38.97285842895508,5369400,0.0,0.0
2023-12-06 00:00:00-05:00,39.10063291665045,39.3660222859392,38.94336555887374,39.00234222412109,1067600,0.0,0.0
2023-12-07 00:00:00-05:00,38.687807494257925,38.92370665606096,38.63866214801142,38.87456130981445,2156500,0.0,0.0
2023-12-08 00:00:00-05:00,38.41258878801931,38.471561700981546,38.19634477502605,38.25531768798828,2070700,0.0,0.0
2023-12-11 00:00:00-05:00,38.72712292937806,39.04165762579631,38.628828493279016,38.94336318969727,1539200,0.0,0.0
2023-12-12 00:00:00-05:00,38.99251061237003,39.13995039960662,38.76643902161028,39.09080505371094,1048100,0.0,0.0
2023-12-13 00:00:00-05:00,38.53054045464545,39.04166030883789,38.27497865277442,39.04166030883789,1749700,0.0,0.0
2023-12-14 00:00:00-05:00,38.481397386501705,39.43482916656724,38.45190717712454,39.35619735717773,2691900,0.0,0.0
2023-12-15 00:00:00-05:00,39.55277898151634,39.76901925023663,39.297217187279415,39.39551162719727,2376400,0.0,0.0
2023-12-18 00:00:00-05:00,38.95319626161943,39.10063229808104,38.62883023221477,38.9237060546875,2032200,0.0,0.0
2023-12-19 00:00:00-05:00,39.47414545046988,39.84765684218073,39.41516878349984,39.67073059082031,2084700,0.0,0.0
2023-12-20 00:00:00-05:00,39.45448273680756,39.464314055124376,38.75660911828679,38.77626800537109,1369600,0.0,0.0
2023-12-21 00:00:00-05:00,39.26773244796887,39.80833876774435,39.21858710063467,39.75919342041016,1628800,0.0,0.0
2023-12-22 00:00:00-05:00,34.726630053102106,36.0437417057128,34.51038605064998,35.84716033935547,16675800,0.0,0.0
2023-12-26 00:00:00-05:00,36.8792310640192,37.45915514956364,36.82025439870043,37.08564376831055,8162200,0.0,0.0
2023-12-27 00:00:00-05:00,36.08306150832805,36.12237928363066,35.699722573001104,35.994598388671875,5344300,0.0,0.0
2023-12-28 00:00:00-05:00,36.61384407639757,36.98735548195021,36.56469872687613,36.76128387451172,4494400,0.0,0.0
2023-12-29 00:00:00-05:00,36.761280052257774,37.22325078918571,36.761280052257774,37.14461898803711,2173500,0.0,0.0
2024-01-02 00:00:00-05:00,36.948037702513126,37.07581861090873,36.72196609507464,36.76128387451172,2813700,0.0,0.0
2024-01-03 00:00:00-05:00,37.46898067501907,38.127540278396445,37.4296666498341,38.08822250366211,3182800,0.0,0.0
2024-01-04 00:00:00-05:00,37.39035061947836,37.46898242306608,37.11512993304743,37.17410659790039,3255600,0.0,0.0
2024-01-05 00:00:00-05:00,36.74162086261059,36.94803355717231,36.63349885606414,36.721961975097656,2920000,0.0,0.0
2024-01-08 00:00:00-05:00,36.171525492515855,36.653158877610814,36.02408945593133,36.6236686706543,3054400,0.0,0.0
2024-01-09 00:00:00-05:00,35.49331103245213,35.699723735186375,35.424506798207375,35.6407470703125,4345100,0.0,0.0
2024-01-10 00:00:00-05:00,35.27706678702055,35.34587102082885,35.08048165490419,35.21809387207031,3246200,0.0,0.0
2024-01-11 00:00:00-05:00,36.01425760374477,36.1715249568356,35.73904067322319,36.16169738769531,2746800,0.0,0.0
2024-01-12 00:00:00-05:00,36.250159618563885,36.7121303478097,36.2403283001154,36.2993049621582,1558600,0.0,0.0
2024-01-16 00:00:00-05:00,35.5129714545376,35.53263034367796,35.01167915533284,35.070655822753906,3424500,0.0,0.0
2024-01-17 00:00:00-05:00,34.40226543645212,34.69714124742612,34.30397474931057,34.63816833496094,3502600,0.0,0.0
2024-01-18 00:00:00-05:00,34.8838996887207,34.98219037835969,34.638169215073766,34.8838996887207,4062200,0.0,0.0
2024-01-19 00:00:00-05:00,34.117219753427825,34.80526586367552,33.87148926759291,34.608680725097656,5288200,0.0,0.0
2024-01-22 00:00:00-05:00,32.96720350694468,33.58644164335842,32.908226839383964,33.537296295166016,4511300,0.0,0.0
2024-01-23 00:00:00-05:00,34.805267001143456,35.6997258488323,34.79543943119073,35.40485000610352,6449000,0.0,0.0
2024-01-24 00:00:00-05:00,36.25016051888478,36.30913343284288,35.758699571636804,35.778358459472656,8089700,0.0,0.0
2024-01-25 00:00:00-05:00,36.4270873211546,36.7023042559984,36.09289372189449,36.36811065673828,5157100,0.0,0.0
2024-01-26 00:00:00-05:00,35.758701577137096,36.04374609286984,35.581775326241086,35.92579650878906,3940000,0.0,0.0
2024-01-29 00:00:00-05:00,35.48347770046938,35.48347770046938,34.77577650988015,35.10997009277344,4463000,0.0,0.0
2024-01-30 00:00:00-05:00,34.20567971663306,34.4415826110316,34.156534373918575,34.30397415161133,4044800,0.0,0.0
2024-01-31 00:00:00-05:00,34.00909602755784,34.59885141360042,33.91080533799214,34.244998931884766,3748800,0.0,0.0
2024-02-01 00:00:00-05:00,34.32363104305258,34.402266595053604,34.087731886148504,34.28431701660156,4963600,0.0,0.0
2024-02-02 00:00:00-05:00,34.74628981246404,34.81509404975211,34.4907317524726,34.68731689453125,4409100,0.0,0.0
2024-02-05 00:00:00-05:00,34.98219062644456,35.52279692239176,34.76594660824588,35.43433380126953,4001900,0.0,0.0
2024-02-06 00:00:00-05:00,36.33862677403103,37.10530471801758,36.20101829685906,37.10530471801758,3979100,0.0,0.0
2024-02-07 00:00:00-05:00,36.63349914550781,36.8988885047052,36.3975962430381,36.63349914550781,2330100,0.0,0.0
2024-02-08 00:00:00-05:00,35.98477082679974,36.11255172178402,35.591600572793986,35.61125946044922,3867900,0.0,0.0
2024-02-09 00:00:00-05:00,35.699725780902035,36.43691726109613,35.68006689148422,36.42708969116211,2060400,0.0,0.0
2024-02-12 00:00:00-05:00,36.41725486298088,37.33137251031295,36.37793708793341,36.8497428894043,2181600,0.0,0.0
2024-02-13 00:00:00-05:00,36.250160508155744,36.7612803430883,35.98477114677445,36.16169738769531,2569200,0.0,0.0
2024-02-14 00:00:00-05:00,36.35828486094505,36.6433293789875,36.250162845682524,36.6040153503418,2753600,0.0,0.0
2024-02-15 00:00:00-05:00,35.95528352032353,36.11255086829909,35.83733019717986,36.00442886352539,2101000,0.0,0.0
2024-02-16 00:00:00-05:00,36.66298677506881,36.6924769822893,36.25998893885129,36.27964782714844,2314400,0.0,0.0
2024-02-20 00:00:00-05:00,35.670238229379244,35.74887003509315,32.4364241353839,35.375362396240234,3671500,0.0,0.0
2024-02-21 00:00:00-05:00,36.10272132396919,36.41725603537612,35.9749404257259,36.112552642822266,1974700,0.0,0.0
2024-02-22 00:00:00-05:00,36.407429881616586,36.50572057667178,36.07323626905937,36.30913543701172,3543900,0.0,0.0
2024-02-23 00:00:00-05:00,36.42708792364202,36.55486507433314,36.10272188831166,36.318965911865234,1665400,0.0,0.0
2024-02-26 00:00:00-05:00,36.00442999813264,36.21084269581474,35.88647667127191,35.90613555908203,2692700,0.0,0.0
2024-02-27 00:00:00-05:00,35.807846913723445,35.88647871990329,35.72921135799393,35.79801559448242,1958500,0.0,0.0
2024-02-28 00:00:00-05:00,34.88390262928923,34.88390262928923,34.32363365256036,34.38261032104492,3087100,0.0,0.0
2024-02-29 00:00:00-05:00,34.64799939646115,34.6971447449859,34.26466042859848,34.343292236328125,5149600,0.0,0.0
2024-03-01 00:00:00-05:00,34.54971016813804,34.82492713121604,34.431756827204694,34.667659759521484,2146400,0.0,0.0
2024-03-04 00:00:00-05:00,34.53004924818457,34.54970813718451,34.02875695256033,34.13687896728516,1631700,0.0,0.0
2024-03-05 00:00:00-05:00,33.71422407194109,33.753541852091786,33.43900710998603,33.47832489013672,3115200,0.0,0.0
2024-03-06 00:00:00-05:00,34.43175567000716,34.63817213492823,34.32363365256036,34.38261032104492,4304200,0.0,0.0
2024-03-07 00:00:00-05:00,33.969781431390565,34.12704878178615,33.88131831244621,34.0385856628418,1908100,0.0,0.0
2024-03-08 00:00:00-05:00,33.881317384331496,34.09755764173355,33.79285426781042,33.920631408691406,2277500,0.0,0.0
2024-03-11 00:00:00-04:00,34.88390054779245,35.30655352328818,34.83475145221312,35.00185012817383,2476100,0.0,0.0
2024-03-12 00:00:00-04:00,36.289473045959895,36.36810859405503,36.07323278779688,36.34844970703125,2302100,0.0,0.0
2024-03-13 00:00:00-04:00,36.36811096484443,36.8693994932067,36.34845207653911,36.40742874145508,3836400,0.0,0.0
2024-03-14 00:00:00-04:00,36.19118503473762,36.24033038115402,35.77835962538034,35.93562698364258,2377000,0.0,0.0
2024-03-15 00:00:00-04:00,35.5916046855258,35.72921316546412,35.463827525325854,35.52280044555664,1071700,0.0,0.0
2024-03-18 00:00:00-04:00,36.29930816374791,36.41725774868726,36.12238191156403,36.22067260742188,2485900,0.0,0.0
2024-03-19 00:00:00-04:00,35.94545364379883,35.99459898897201,35.62109136601625,35.94545364379883,1842700,0.0,0.0
2024-03-20 00:00:00-04:00,36.45657434466667,36.81042683756,36.289475667667226,36.57452392578125,2529900,0.0,0.0
2024-03-21 00:00:00-04:00,36.41725866348197,36.45657644263264,36.11255524893873,36.210845947265625,3420800,0.0,0.0
2024-03-22 00:00:00-04:00,36.24033005055416,36.3681109497108,36.01425845946136,36.27964782714844,2444400,0.0,0.0
2024-03-25 00:00:00-04:00,36.21084390008845,36.36811125825025,36.13220834623276,36.318965911865234,1818400,0.0,0.0
2024-03-26 00:00:00-04:00,37.45915366493446,37.64590747338455,37.351031657576726,37.400177001953125,1871100,0.0,0.0
2024-03-27 00:00:00-04:00,37.91129743142351,38.2553185970428,37.83266562908888,38.24549102783203,3088800,0.0,0.0
2024-03-28 00:00:00-04:00,38.18651522112377,38.4617359093468,38.09805209804308,38.36344146728516,1469500,0.0,0.0
2024-04-01 00:00:00-04:00,38.64848886128445,38.87456044864998,38.52070796423454,38.75661087036133,2339800,0.0,0.0
2024-04-02 00:00:00-04:00,38.727122662435,38.99250826419977,38.6583184324146,38.77626800537109,1241800,0.0,0.0
2024-04-03 00:00:00-04:00,38.75661408070295,38.88439498833738,38.6190056030427,38.80575942993164,1239600,0.0,0.0
2024-04-04 00:00:00-04:00,39.1006308722199,39.149779965464326,38.60916993617069,38.72712326049805,1315800,0.0,0.0
2024-04-05 00:00:00-04:00,38.72712525665619,39.10063288763018,38.65832102202679,38.74678039550781,2597100,0.0,0.0
2024-04-08 00:00:00-04:00,38.50105166658232,39.20875668302705,38.46173763754075,38.85490417480469,2806900,0.0,0.0
2024-04-09 00:00:00-04:00,38.3732713426046,38.49122091909156,38.265149335179295,38.42241668701172,1755800,0.0,0.0
2024-04-10 00:00:00-04:00,38.74677984370688,38.923706087248426,38.52070825463703,38.66814804077149,2154800,0.0,0.0
2024-04-11 00:00:00-04:00,39.3660237665021,39.415169114615146,38.982684801850766,39.19892883300781,2922700,0.0,0.0
2024-04-12 00:00:00-04:00,38.43224426367314,38.6288293908899,37.96044220808259,38.03907775878906,3522400,0.0,0.0
2024-04-15 00:00:00-04:00,38.09805186106815,38.20617387188864,37.70488534391584,37.81300735473633,2526500,0.0,0.0
2024-04-16 00:00:00-04:00,37.71471320615034,37.901470771581245,37.6164225134864,37.72454452514648,2418000,0.0,0.0
2024-04-17 00:00:00-04:00,37.81300732413732,37.92112933487031,37.48864129193833,37.55744552612305,1850100,0.0,0.0
2024-04-18 00:00:00-04:00,38.31429259620557,38.3929281426206,38.03907568285141,38.27497482299805,3833600,0.0,0.0
2024-04-19 00:00:00-04:00,38.23566491707816,38.43224630518785,38.17668825091548,38.31429672241211,3189800,0.0,0.0
2024-04-22 00:00:00-04:00,39.97543308267432,40.41774870096649,39.94594662463805,40.3194580078125,3885000,0.0,0.0
2024-04-23 00:00:00-04:00,41.51862506132123,41.842987356957885,41.43998950507616,41.75452423095703,4314300,0.0,0.0
2024-04-24 00:00:00-04:00,42.84556576564804,43.11095512856094,42.75710264467708,43.10112380981445,4274900,0.0,0.0
2024-04-25 00:00:00-04:00,42.27547101219217,42.786590871211295,42.1771803179595,42.69812774658203,1733500,0.0,0.0
2024-04-26 00:00:00-04:00,43.64173210570607,43.98575325705887,43.54343766992718,43.63190078735352,3161500,0.0,0.0
2024-04-29 00:00:00-04:00,43.51395707268909,43.68105201168687,43.35668970381771,43.65156555175781,2602200,0.0,0.0
2024-04-30 00:00:00-04:00,43.58275840716669,43.592585976638034,42.99300675059702,43.00283432006836,2803600,0.0,0.0
2024-05-01 00:00:00-04:00,43.10112673237309,43.63190549418941,42.90454533870755,43.36651611328125,1687400,0.0,0.0
2024-05-02 00:00:00-04:00,45.116116164033386,46.66913079748026,45.09645727632527,46.34476852416992,4724500,0.0,0.0
2024-05-03 00:00:00-04:00,46.19732958240313,46.39391471351475,45.96142667515929,46.334938049316406,2915700,0.0,0.0
2024-05-06 00:00:00-04:00,46.59050278290512,46.87554730396661,46.45289055776367,46.6003303527832,1366300,0.0,0.0
2024-05-07 00:00:00-04:00,45.92211206425238,46.08920698636392,45.81399005603929,46.0007438659668,1872500,0.0,0.0
2024-05-08 00:00:00-04:00,45.214408836112405,45.51911598462841,45.12594571232064,45.46996688842773,1986300,0.0,0.0
2024-05-09 00:00:00-04:00,46.68879319175465,46.93452368223757,46.521698258010126,46.81657409667969,2586000,0.0,0.0
2024-05-10 00:00:00-04:00,46.737933269143895,46.90503193359385,46.52169301159889,46.74776458740234,2026700,0.0,0.0
2024-05-13 00:00:00-04:00,47.67171327894515,48.48754027504904,47.60290904427971,48.36958694458008,5809800,0.0,0.0
2024-05-14 00:00:00-04:00,49.922605014062654,51.21023032432464,49.9029461257965,50.63030624389648,7031500,0.0,0.0
2024-05-15 00:00:00-04:00,50.77774871152196,50.89569829779554,50.12902036269263,50.72860336303711,3138300,0.0,0.0
2024-05-16 00:00:00-04:00,50.1290188689832,50.83672386463649,49.932433731351765,50.787574768066406,3868600,0.0,0.0
2024-05-17 00:00:00-04:00,50.345483207558885,50.87084339976475,50.15714368106187,50.6329460144043,3195100,0.434,0.0
2024-05-20 00:00:00-04:00,50.2562690141563,50.28600524097589,49.76064506683979,49.839942932128906,1902600,0.0,0.0
2024-05-21 00:00:00-04:00,48.75948356927785,48.90817226902682,48.60088405415728,48.74957275390625,2551100,0.0,0.0
2024-05-22 00:00:00-04:00,48.531494885754704,48.82886849097096,48.2539466917276,48.323333740234375,2308100,0.0,0.0
2024-05-23 00:00:00-04:00,48.39272292935726,48.789223608058215,47.77815028055043,47.87727355957031,2926500,0.0,0.0
2024-05-24 00:00:00-04:00,47.84753766909751,48.21429834162687,47.7484106080688,48.03587341308594,1820700,0.0,0.0
2024-05-28 00:00:00-04:00,48.22421196572576,48.32333524344445,47.837622107477245,47.907012939453125,2725400,0.0,0.0
2024-05-29 00:00:00-04:00,46.8067282690827,47.054540250547454,46.78690285680823,46.98515319824219,1666100,0.0,0.0
2024-05-30 00:00:00-04:00,46.82655142213382,47.34199699115854,46.65803731658643,47.26269912719727,900700,0.0,0.0
2024-05-31 00:00:00-04:00,45.83530556390101,46.172330008536704,45.6469660387362,46.12276458740234,3015600,0.0,0.0
2024-06-03 00:00:00-04:00,47.49068447299149,47.60963315655203,46.90584808862899,47.14374923706055,1703400,0.0,0.0
2024-06-04 00:00:00-04:00,47.72858744273635,47.96648481893555,47.50059710035541,47.7583236694336,1915600,0.0,0.0
2024-06-05 00:00:00-04:00,48.15482452648485,48.63062306205443,48.12508451836069,48.62070846557617,2187400,0.0,0.0
2024-06-06 00:00:00-04:00,48.57114791870117,48.6702711978477,48.29359971204231,48.57114791870117,1004800,0.0,0.0
2024-06-07 00:00:00-04:00,47.183397886590406,47.431209858224406,46.81663722733904,46.895938873291016,1926900,0.0,0.0
2024-06-10 00:00:00-04:00,46.93558636644318,47.34199785257992,46.7670760391402,47.22304916381836,991900,0.0,0.0
2024-06-11 00:00:00-04:00,47.59972451273028,47.59972451273028,46.78690153892614,47.04462432861328,1145900,0.0,0.0
2024-06-12 00:00:00-04:00,47.361823928298406,47.67902295698362,47.08427572352652,47.19331359863281,1787400,0.0,0.0
2024-06-13 00:00:00-04:00,48.03587010860278,48.25394584655333,47.68893487214552,47.83761978149414,2762900,0.0,0.0
2024-06-14 00:00:00-04:00,47.946660504199954,48.07552379168694,47.52042359900592,47.708763122558594,2384700,0.0,0.0
2024-06-17 00:00:00-04:00,48.33324466867096,48.590971233424646,48.00613483655812,48.491844177246094,2141000,0.0,0.0
2024-06-18 00:00:00-04:00,47.89709770506565,48.31342378482357,47.8475360668663,48.28368377685547,1863600,0.0,0.0
2024-06-20 00:00:00-04:00,49.066769821695615,49.07668063667083,48.67026915909709,48.83878326416016,1966800,0.0,0.0
2024-06-21 00:00:00-04:00,48.3332452166592,48.53149554995346,48.2638581672028,48.29359817504883,1377700,0.0,0.0
2024-06-24 00:00:00-04:00,48.29359700283307,48.91808043278278,48.22420995506088,48.521583557128906,1098000,0.0,0.0
2024-06-25 00:00:00-04:00,48.07552228549321,48.34315966743775,47.90701196055252,48.12508392333984,1374600,0.0,0.0
2024-06-26 00:00:00-04:00,48.07552127895254,48.224209970690005,47.81779849875952,47.996219635009766,1210300,0.0,0.0
2024-06-27 00:00:00-04:00,47.57989713072988,47.63937336341507,47.03471156570236,47.13383483886719,1665000,0.0,0.0
2024-06-28 00:00:00-04:00,47.08427351604573,47.30234925603415,46.846372365030135,46.945499420166016,2130400,0.0,0.0
2024-07-01 00:00:00-04:00,47.00497350518121,47.45103581551536,47.00497350518121,47.04462432861328,1744800,0.0,0.0
2024-07-02 00:00:00-04:00,46.78690285680823,47.074365662821926,46.677864979954016,46.98515319824219,1441500,0.0,0.0
2024-07-03 00:00:00-04:00,47.90701102356893,48.46210740669143,47.90701102356893,48.34315872192383,2693200,0.0,0.0
2024-07-05 00:00:00-04:00,47.80788727333592,48.05569925616348,47.61955152765885,48.01604843139648,1440600,0.0,0.0
2024-07-08 00:00:00-04:00,47.976399758079175,48.07552303531846,47.74840941406966,47.91692352294922,1196700,0.0,0.0
2024-07-09 00:00:00-04:00,48.075522454939225,48.640533447265625,47.986309993976604,48.640533447265625,3504700,0.0,0.0
2024-07-10 00:00:00-04:00,47.98631168033245,48.24403447588669,47.91692462840204,48.214298248291016,1987500,0.0,0.0
2024-07-11 00:00:00-04:00,48.89826212812102,49.25510820608135,48.83878589113892,49.0667724609375,3067800,0.0,0.0
2024-07-12 00:00:00-04:00,50.16705669618135,50.57346818289336,49.95889554522631,50.00845718383789,2678500,0.0,0.0
2024-07-15 00:00:00-04:00,49.33440774842821,49.542568897009325,48.93790708143605,48.98746871948242,1878600,0.0,0.0
2024-07-16 00:00:00-04:00,47.73849828073639,48.14490976480613,47.58980958455769,48.10525894165039,2335800,0.0,0.0
2024-07-17 00:00:00-04:00,47.08427359933583,47.21313688058517,46.65803671477384,46.76707458496094,2692100,0.0,0.0
2024-07-18 00:00:00-04:00,46.67786261108991,46.836462119926125,46.142587850776216,46.22188949584961,3936000,0.0,0.0
2024-07-19 00:00:00-04:00,46.22188883521293,46.3507483346496,46.14258719127298,46.25162506103516,1803100,0.0,0.0
2024-07-22 00:00:00-04:00,47.45103503515405,47.83762110398244,47.45103503515405,47.77814865112305,1843400,0.0,0.0
2024-07-23 00:00:00-04:00,46.63821181689251,46.69768805073369,46.301187387746936,46.568824768066406,2134700,0.0,0.0
2024-07-24 00:00:00-04:00,46.09302615128358,46.39039975728782,45.79565254527935,45.87495040893555,1451600,0.0,0.0
2024-07-25 00:00:00-04:00,44.60615387610317,44.95308911594865,44.58632846506764,44.675540924072266,2161900,0.0,0.0
2024-07-26 00:00:00-04:00,44.94317913866803,45.369416030599176,44.794490443785776,45.1612548828125,1347100,0.0,0.0
2024-07-29 00:00:00-04:00,45.2702878811568,45.31985329912855,45.07204133451181,45.2108154296875,1143000,0.0,0.0
2024-07-30 00:00:00-04:00,44.75484213829698,44.94317786935957,44.63588967322646,44.69536590576172,2459100,0.0,0.0
2024-07-31 00:00:00-04:00,45.99390406055155,46.19215061545142,45.60731420335123,45.64696502685547,2223000,0.0,0.0
2024-08-01 00:00:00-04:00,46.33092927776733,46.42014174149856,45.70644203164872,45.78573989868164,2636900,0.0,0.0
2024-08-02 00:00:00-04:00,45.260380359167534,45.56766857892014,45.12160625389564,45.4090690612793,2222400,0.0,0.0
2024-08-05 00:00:00-04:00,44.58633090441614,45.47845554327115,44.566505492295946,45.260379791259766,3440700,0.0,0.0
2024-08-06 00:00:00-04:00,44.982829155500006,45.260377347575954,44.655715545144346,45.02247619628906,1899200,0.0,0.0
2024-08-07 00:00:00-04:00,46.21197723984324,46.36066594123051,45.656880821460376,45.76591491699219,1316700,0.0,0.0
2024-08-08 00:00:00-04:00,46.75716262917958,47.579900218825934,46.75716262917958,47.34199905395508,2524800,0.0,0.0
2024-08-09 00:00:00-04:00,47.004971558704526,47.16357484586503,46.7373379648974,47.13383483886719,1576900,0.0,0.0
2024-08-12 00:00:00-04:00,47.86736113775097,48.472022950887485,47.50059669880255,48.12508392333984,2568700,0.0,0.0
2024-08-13 00:00:00-04:00,48.38281260470664,48.600884577024345,48.1250860265438,48.55132293701172,2167400,0.0,0.0
2024-08-14 00:00:00-04:00,48.30350837633214,48.30350837633214,45.70644000897896,46.92567443847656,5787800,0.0,0.0
2024-08-15 00:00:00-04:00,46.91576516344581,47.480776166848365,46.78690187701573,47.203224182128906,3478000,0.0,0.0
2024-08-16 00:00:00-04:00,47.223050177792025,47.76823577607524,47.21313936239519,47.698848724365234,2018700,0.0,0.0
2024-08-19 00:00:00-04:00,47.49068637266191,47.75832375736172,47.351912272738446,47.57989883422852,2660200,0.0,0.0
2024-08-20 00:00:00-04:00,47.213136529764,47.34199602874532,46.51926227298337,46.60847473144531,1925300,0.0,0.0
2024-08-21 00:00:00-04:00,47.37173791502892,47.62946070452602,47.213138402728255,47.56998825073242,1724700,0.0,0.0
2024-08-22 00:00:00-04:00,47.74840959252184,47.99622156785686,46.6679530101194,47.56007385253906,1905800,0.0,0.0
2024-08-23 00:00:00-04:00,47.460949742530765,48.174645647687136,47.44112433109439,47.946659088134766,1704400,0.0,0.0
2024-08-26 00:00:00-04:00,48.02596107664954,48.25394763782909,47.86736156533722,48.10525894165039,2288300,0.0,0.0
2024-08-27 00:00:00-04:00,48.37289537755199,48.422457014869615,48.224210465599135,48.323333740234375,1495400,0.0,0.0
2024-08-28 00:00:00-04:00,47.312262396295885,47.53033814700275,47.133837469592216,47.36182403564453,2468000,0.0,0.0
2024-08-29 00:00:00-04:00,47.847534608935824,47.946657882314206,47.78805837612249,47.82770919799805,1137600,0.0,0.0
2024-08-30 00:00:00-04:00,48.30350970795648,48.57114709468447,47.8178003545436,48.08543395996094,1305600,0.0,0.0
2024-09-03 00:00:00-04:00,47.81780076568253,47.90701322869224,47.65920125158867,47.71867370605469,1775400,0.0,0.0
2024-09-04 00:00:00-04:00,47.36182231727316,47.67902133516876,47.36182231727316,47.44112396240234,1416100,0.0,0.0
2024-09-05 00:00:00-04:00,47.36182317574015,47.629460560936415,47.332086948933,47.40147399902344,1301200,0.0,0.0
2024-09-06 00:00:00-04:00,47.33208513127206,47.42129758957818,46.73733793010487,46.78689956665039,1253100,0.0,0.0
2024-09-09 00:00:00-04:00,46.886023532088544,47.44112370100255,46.886023532088544,47.10409927368164,1072900,0.0,0.0
2024-09-10 00:00:00-04:00,46.59856122601767,46.74724992070461,46.29127680292016,46.55891418457031,1320600,0.0,0.0
2024-09-11 00:00:00-04:00,46.92567578153643,47.36182349667619,46.727425445087206,47.213138580322266,1603700,0.0,0.0
2024-09-12 00:00:00-04:00,47.21313648244744,47.27260893382213,46.96532451822489,47.13383483886719,1278200,0.0,0.0
2024-09-13 00:00:00-04:00,47.36182317574015,47.56007351084597,47.30235072212584,47.40147399902344,1131100,0.0,0.0
2024-09-16 00:00:00-04:00,47.76823296518472,47.97639788937612,47.76823296518472,47.82770919799805,1155600,0.0,0.0
2024-09-17 00:00:00-04:00,48.25394806922403,48.41254758195425,48.08543395996094,48.08543395996094,942300,0.0,0.0
2024-09-18 00:00:00-04:00,48.07552174259149,48.37289534762376,47.90701141955373,47.97639846801758,1243300,0.0,0.0
2024-09-19 00:00:00-04:00,49.28484727589856,49.780471230704265,49.13615857693258,49.63178253173828,2438700,0.0,0.0
2024-09-20 00:00:00-04:00,49.55248242450143,49.55248242450143,48.987467662766896,49.03703308105469,1577900,0.0,0.0
2024-09-23 00:00:00-04:00,49.22536976137176,49.95889485920685,49.22536976137176,49.69125747680664,1541100,0.0,0.0
2024-09-24 00:00:00-04:00,51.7629658570774,53.4084371978609,51.66383879961417,53.170536041259766,6837500,0.0,0.0
2024-09-25 00:00:00-04:00,52.09007590604676,52.47666197845477,51.87200394135876,51.94139099121094,3562500,0.0,0.0
2024-09-26 00:00:00-04:00,55.90638368683776,56.79850453785421,55.45040677403127,56.76876831054688,9591200,0.0,0.0
2024-09-27 00:00:00-04:00,56.05506599625755,56.74894025785588,55.57926747492711,56.54077911376953,6504400,0.0,0.0
2024-09-30 00:00:00-04:00,56.85797938014487,56.85797938014487,54.756534919328736,54.91513442993164,7334000,0.0,0.0
2024-10-01 00:00:00-04:00,55.6090033927246,56.798501580115015,55.00434537486853,56.7291145324707,5536800,0.0,0.0
2024-10-02 00:00:00-04:00,59.52443516565921,60.19848403480697,58.70170138147954,60.12909698486328,5550000,0.0,0.0
2024-10-03 00:00:00-04:00,58.513361849025024,59.52443515252354,58.40432397590597,58.90986251831055,3015000,0.0,0.0
2024-10-04 00:00:00-04:00,60.25796170357541,60.41656121883671,59.633474457910594,60.23813629150391,4627200,0.0,0.0
2024-10-07 00:00:00-04:00,60.89235976287477,62.02238178174299,60.40664662041368,61.80430603027344,4517300,0.0,0.0
2024-10-08 00:00:00-04:00,56.927366299954045,57.41307564574503,55.62883021020132,56.83815383911133,6079800,0.0,0.0
2024-10-09 00:00:00-04:00,55.36119447529917,56.43174403727279,55.281896608473744,56.06498336791992,4742200,0.0,0.0
2024-10-10 00:00:00-04:00,55.78742883631544,56.20375490742031,55.08364375710471,55.6585693359375,3136100,0.0,0.0
2024-10-11 00:00:00-04:00,55.12329410626594,56.421826382984015,54.91513296315532,56.20375442504883,3036600,0.0,0.0
2024-10-14 00:00:00-04:00,55.64865721432743,56.41191856086864,55.133207845962815,55.37110900878906,1888500,0.0,0.0
2024-10-15 00:00:00-04:00,53.527385713656834,53.596772763003024,52.37753831994922,52.655086517333984,4515400,0.0,0.0
2024-10-16 00:00:00-04:00,53.03176313879772,53.63642496838064,52.98220149960304,53.28948593139648,2042800,0.0,0.0
2024-10-17 00:00:00-04:00,52.58570010754183,52.66500175422229,51.94139124416096,52.27841567993164,1713400,0.0,0.0
2024-10-18 00:00:00-04:00,54.95478164663633,54.95478164663633,54.52854475153767,54.55828475952149,2046300,0.0,0.0
2024-10-21 00:00:00-04:00,53.527386482809625,53.82476009589644,53.230012869722806,53.666160583496094,1114200,0.0,0.0
2024-10-22 00:00:00-04:00,53.69589577958542,54.27082136431869,53.616597915562885,54.06266021728516,2137700,0.0,0.0
2024-10-23 00:00:00-04:00,54.36994362622568,54.51863231779843,53.93379592895508,53.93379592895508,1446800,0.0,0.0
2024-10-24 00:00:00-04:00,53.74546070829202,53.88423480504844,53.30930922555981,53.73554611206055,1616800,0.0,0.0
2024-10-25 00:00:00-04:00,53.72563495057368,54.11222101227583,53.56703544368791,53.57694625854492,1604700,0.0,0.0
2024-10-28 00:00:00-04:00,53.19036335947655,53.7751997848872,53.06150007081027,53.606689453125,2068500,0.0,0.0
2024-10-29 00:00:00-04:00,53.77519852649226,53.77519852649226,53.12097506433483,53.14080047607422,2512900,0.0,0.0
2024-10-30 00:00:00-04:00,52.32797765920691,52.714563736014966,52.13963813776968,52.43701553344727,1638000,0.0,0.0
2024-10-31 00:00:00-04:00,51.89182585828347,51.95130209333273,51.505239783739874,51.7530517578125,1961900,0.0,0.0
2024-11-01 00:00:00-04:00,53.47782511264938,53.64633544109729,53.041673615375885,53.13088607788086,1739500,0.0,0.0
2024-11-04 00:00:00-05:00,53.32913488889015,53.75537177740643,53.160624565263525,53.20027160644531,1514700,0.0,0.0
2024-11-05 00:00:00-05:00,54.07257040256962,54.44924565089397,54.03291958036483,54.4393310546875,1958800,0.0,0.0
2024-11-06 00:00:00-05:00,52.972284621523634,53.5075593769182,52.58569855861995,53.220096588134766,2526800,0.0,0.0
2024-11-07 00:00:00-05:00,54.73671020733027,55.856817610953954,54.71688479558773,55.57926940917969,2849300,0.0,0.0
2024-11-08 00:00:00-05:00,53.43817214665472,53.43817214665472,52.39736264669715,52.70464706420898,2593000,0.0,0.0
2024-11-11 00:00:00-05:00,52.48657822077457,52.48657822077457,51.95130343543493,52.0405158996582,2274100,0.0,0.0
2024-11-12 00:00:00-05:00,51.34663895440686,51.3763789618239,50.34548026861254,50.593292236328125,2982700,0.0,0.0
2024-11-13 00:00:00-05:00,51.45567750006295,51.47550291149747,49.53265796664103,49.69125747680664,3511100,0.0,0.0
2024-11-14 00:00:00-05:00,51.19795585341864,51.44576782989925,51.1087433906332,51.20786666870117,3337400,0.0,0.0
2024-11-15 00:00:00-05:00,50.96996573825735,51.37638101158375,50.67259212139646,51.19795608520508,2717100,0.0,0.0
2024-11-18 00:00:00-05:00,51.54489060710605,51.8026133963649,51.26734240616411,51.7530517578125,1383700,0.0,0.0
2024-11-19 00:00:00-05:00,51.48541435098496,51.5250651743349,51.10874287309239,51.4061164855957,849900,0.0,0.0
2024-11-20 00:00:00-05:00,52.09007567379263,52.23876436927611,51.64401336865278,51.95130157470703,2853400,0.0,0.0
2024-11-21 00:00:00-05:00,51.78279199786013,51.8620898636369,51.56471624968034,51.743141174316406,1921200,0.0,0.0
2024-11-22 00:00:00-05:00,51.019529470555455,51.019529470555455,50.68250504091596,50.75189208984375,2064600,0.0,0.0
2024-11-25 00:00:00-05:00,50.15714092095456,50.41486748577511,50.06792846102598,50.23644256591797,2295700,0.0,0.0
2024-11-26 00:00:00-05:00,50.23644504397603,50.523907849182535,49.81020813454867,49.94898223876953,1524200,0.0,0.0
2024-11-27 00:00:00-05:00,51.09882911669296,51.336730279393215,50.85101713864759,51.01953125,1763900,0.0,0.0
2024-11-29 00:00:00-05:00,50.80145267150798,51.27725118911314,50.47433906366729,51.14838790893555,1153200,0.0,0.0
2024-12-02 00:00:00-05:00,51.19795441866129,51.23760145999101,50.85101539252455,51.09882736206055,1601500,0.0,0.0
2024-12-03 00:00:00-05:00,51.24751663208008,51.56471565414509,51.158304170792384,51.24751663208008,1392800,0.0,0.0
2024-12-04 00:00:00-05:00,51.49532965195485,51.584542115057374,50.7419791232423,50.851016998291016,1336700,0.0,0.0
2024-12-05 00:00:00-05:00,51.52506333739465,51.84226235026435,51.52506333739465,51.66383743286133,1560000,0.0,0.0
2024-12-06 00:00:00-05:00,52.38745083362319,52.60552658510246,52.18920427552646,52.228851318359375,1204400,0.0,0.0
2024-12-09 00:00:00-05:00,54.37986179555537,55.35128430874549,54.37986179555537,54.816009521484375,4561100,0.0,0.0
2024-12-10 00:00:00-05:00,52.49648852541432,52.69473886412709,52.367629019365104,52.58570098876953,2411800,0.0,0.0
2024-12-11 00:00:00-05:00,52.189202326923805,52.32797642493436,52.05042444760268,52.31806182861328,1926500,0.0,0.0
2024-12-12 00:00:00-05:00,52.318061118201385,52.72447259170399,52.149550796136886,52.52622604370117,1118000,0.0,0.0
2024-12-13 00:00:00-05:00,52.28832482683854,52.33788646377723,52.02068744979699,52.17928695678711,1219600,0.0,0.0
2024-12-16 00:00:00-05:00,51.455679416823685,51.72331680919358,51.277254488577086,51.346641540527344,1552600,0.0,0.0
2024-12-17 00:00:00-05:00,51.36646440439365,51.84226292900982,51.27725194469622,51.81252670288086,1376400,0.0,0.0
2024-12-18 00:00:00-05:00,51.881914764971015,51.8918255801041,50.900577689127445,51.069091796875,1915200,0.0,0.0
2024-12-19 00:00:00-05:00,52.85333774721615,52.92272479773981,52.56587494858345,52.61544036865234,2931800,0.0,0.0
2024-12-20 00:00:00-05:00,54.13204803910955,54.49880870073476,53.97344852748968,54.20143508911133,4376900,0.0,0.0
2024-12-23 00:00:00-05:00,53.2993992632224,53.80493402110888,53.18045057571569,53.69589614868164,2308200,0.0,0.0
2024-12-24 00:00:00-05:00,53.62650965039505,53.62650965039505,53.47782473481105,53.497650146484375,545300,0.0,0.0
2024-12-26 00:00:00-05:00,53.75537370875065,53.96353486234851,53.37869844416118,53.63642501831055,725100,0.0,0.0
2024-12-27 00:00:00-05:00,53.32913641470421,53.40843806195781,52.91281411055478,53.13088607788086,1366300,0.0,0.0
2024-12-30 00:00:00-05:00,53.27957519120964,53.27957519120964,52.68482795741344,52.76412582397461,2182000,0.0,0.0
2024-12-31 00:00:00-05:00,52.65508522956994,52.88307178346173,52.57578736710391,52.71456146240234,1196700,0.0,0.0
2025-01-02 00:00:00-05:00,52.53613968688941,53.08132528586857,52.53613968688941,52.74430084228516,2106000,0.0,0.0
2025-01-03 00:00:00-05:00,52.744297886246166,52.9326374002675,52.47666050946098,52.70464706420898,1647600,0.0,0.0
2025-01-06 00:00:00-05:00,52.66500262208463,52.78395131275482,47.52042353888714,48.58105850219727,23441400,0.0,0.0
2025-01-07 00:00:00-05:00,48.76939852729278,48.80904935169438,47.49068780017191,47.68893814086914,9127400,0.0,0.0
2025-01-08 00:00:00-05:00,47.01488735481205,47.332086374608245,46.69768833501586,47.25278472900391,3195200,0.0,0.0
2025-01-10 00:00:00-05:00,46.86619759320489,46.98515005890384,46.41022448529041,46.43004989624024,3575300,0.0,0.0
2025-01-13 00:00:00-05:00,46.47961296819483,46.70759952919202,46.35074968369707,46.53908920288086,2698600,0.0,0.0
2025-01-14 00:00:00-05:00,47.67902118744483,47.718672009886575,47.23296266956217,47.27260971069336,3595200,0.0,0.0
2025-01-15 00:00:00-05:00,48.43237324526602,48.47202406898218,48.20438668086409,48.42245864868164,3439200,0.0,0.0
2025-01-16 00:00:00-05:00,48.57114527660779,48.57114527660779,48.12508298209112,48.34315872192383,3631800,0.0,0.0
2025-01-17 00:00:00-05:00,48.27377454255019,49.40379656826672,48.17464748159478,48.90817260742188,4331600,0.0,0.0
2025-01-21 00:00:00-05:00,49.19563397036045,49.28484643195024,48.63062297406199,48.79913330078125,2430000,0.0,0.0
2025-01-22 00:00:00-05:00,48.640533360862406,48.908170743274844,48.53149548862283,48.8189582824707,1505700,0.0,0.0
2025-01-23 00:00:00-05:00,48.37289620794705,48.83878392561354,48.27377293161021,48.80904769897461,3181000,0.0,0.0
2025-01-24 00:00:00-05:00,49.52274239858179,50.50407944812775,49.51283158371429,49.90932846069336,3592800,0.0,0.0
2025-01-27 00:00:00-05:00,50.33556795235934,50.97988061012873,50.32565713697844,50.66268157958984,4918600,0.0,0.0
2025-01-28 00:00:00-05:00,51.09882747531236,52.1396369934082,50.83119009386304,52.1396369934082,3467800,0.0,0.0
2025-01-29 00:00:00-05:00,52.15946154574953,52.6848254849691,51.7431392578919,52.17928695678711,5553000,0.0,0.0
2025-01-30 00:00:00-05:00,52.04051593237074,54.02301177741344,51.9413926526429,53.9536247253418,4768400,0.0,0.0
2025-01-31 00:00:00-05:00,53.963535661688624,53.963535661688624,52.4271021346005,52.555965423583984,4563100,0.0,0.0
2025-02-03 00:00:00-05:00,51.346639334365136,52.51631213314296,51.15830359877943,51.97112655639648,2966400,0.0,0.0
2025-02-04 00:00:00-05:00,53.32913705000743,54.3203849646221,53.32913705000743,53.97344970703125,4018400,0.0,0.0
2025-02-05 00:00:00-05:00,53.24983791921393,53.47782448040667,53.10114922302663,53.16062545776367,1788000,0.0,0.0
2025-02-06 00:00:00-05:00,53.53729652672876,53.72563604464193,53.428262435839216,53.52738571166992,3392200,0.0,0.0
2025-02-07 00:00:00-05:00,54.38977236861778,55.22242077354258,54.379861553184114,54.47898483276367,4292100,0.0,0.0
2025-02-10 00:00:00-05:00,55.50988067356886,56.0055046081543,55.45040444014681,56.0055046081543,4765000,0.0,0.0
2025-02-11 00:00:00-05:00,54.7168856137691,55.271982025618,54.36994657505283,54.84574890136719,4269900,0.0,0.0
2025-02-12 00:00:00-05:00,55.90638317500208,57.23465551468927,55.87664316665633,56.967018127441406,3350100,0.0,0.0
2025-02-13 00:00:00-05:00,56.372267983029616,57.30404344508164,56.0154181278872,57.2743034362793,5410400,0.0,0.0
2025-02-14 00:00:00-05:00,60.56524488356941,61.20955752796701,59.8713743819851,60.99148178100586,9022200,0.0,0.0
2025-02-18 00:00:00-05:00,64.32207679694753,64.331991393662,63.340743475616726,63.88592529296875,8847800,0.0,0.0
2025-02-19 00:00:00-05:00,63.291177004634726,63.291177004634726,62.69642977619901,62.71625518798828,4947500,0.0,0.0
2025-02-20 00:00:00-05:00,64.03460919058074,65.68999127453291,63.97513673999733,64.62935638427734,7830100,0.0,0.0
2025-02-21 00:00:00-05:00,65.9774557163601,67.00835440725587,65.62060587864153,66.12614440917969,6712400,0.0,0.0
2025-02-24 00:00:00-05:00,63.1920548005651,63.1920548005651,60.80314746837656,61.10052108764648,9964600,0.0,0.0
2025-02-25 00:00:00-05:00,61.70518232167605,62.12150462833534,61.4078087053036,61.82413101196289,3388900,0.0,0.0
2025-02-26 00:00:00-05:00,63.73724380207509,63.8264524841464,63.1524036011069,63.38039016723633,4780900,0.0,0.0
2025-02-27 00:00:00-05:00,62.91450552457041,63.43986570239899,62.46844321258829,62.71625518798828,2783200,0.0,0.0
2025-02-28 00:00:00-05:00,60.78331891873968,61.39789153768263,60.5454215481278,61.07078170776367,3025700,0.0,0.0
2025-03-03 00:00:00-05:00,61.79439225040757,62.00255339520011,60.426469133622746,60.5454216003418,3124000,0.0,0.0
2025-03-04 00:00:00-05:00,62.012471074441535,63.50925376595392,61.74483368298355,62.84511947631836,4619800,0.0,0.0
2025-03-05 00:00:00-05:00,64.77805126729713,67.10748241020632,64.42120140443375,66.95880126953125,7491600,0.0,0.0
2025-03-06 00:00:00-05:00,68.74304304646125,69.3774411223131,68.13838119875533,68.34654235839844,5461900,0.0,0.0
2025-03-07 00:00:00-05:00,67.55354538411423,68.26724507670949,67.0281852111264,67.62293243408203,4737600,0.0,0.0
2025-03-10 00:00:00-04:00,65.71974117302555,65.86842231330833,64.37164337523681,64.8771743774414,9445700,0.0,0.0
2025-03-11 00:00:00-04:00,65.93781002420575,67.17686995640206,65.50166607065536,66.41361236572266,6675400,0.0,0.0
2025-03-12 00:00:00-04:00,65.79903142811145,65.94772012235606,64.7978765162815,65.74947357177734,5461700,0.0,0.0
2025-03-13 00:00:00-04:00,64.82761669975912,66.13606367626267,64.50050306497783,65.73956298828125,5112100,0.0,0.0
2025-03-14 00:00:00-04:00,67.50397985403983,67.88065889263864,67.03809213532315,67.45442199707031,6490800,0.0,0.0
2025-03-17 00:00:00-04:00,67.83109384539601,69.3873527400611,67.47424399772314,69.17919158935547,7001200,0.0,0.0
2025-03-18 00:00:00-04:00,69.50630405366384,69.51621108737456,68.31680206033896,68.8818130493164,7386800,0.0,0.0
2025-03-19 00:00:00-04:00,71.0229098534405,71.19142017264673,68.60426268320172,68.9809341430664,6520800,0.0,0.0
2025-03-20 00:00:00-04:00,65.70982303326643,66.03693664949476,65.08533958988421,65.5611343383789,4220300,0.0,0.0
2025-03-21 00:00:00-04:00,64.8970015613059,65.7990332224448,64.54015171043605,65.14481353759766,3549300,0.0,0.0
2025-03-24 00:00:00-04:00,65.2637549845326,65.4025366415066,64.62935696388404,64.77804565429688,2027300,0.0,0.0
2025-03-25 00:00:00-04:00,64.20312374263914,64.97630346431242,64.11391506088148,64.26260375976562,2700000,0.0,0.0
2025-03-26 00:00:00-04:00,64.43111143897083,64.91682077689994,64.10399782740546,64.38154602050781,2640800,0.0,0.0
2025-03-27 00:00:00-04:00,64.87717465998712,66.23518706058285,64.45093774320318,65.90807342529297,5266700,0.0,0.0
2025-03-28 00:00:00-04:00,64.93664784060454,65.12497978682383,63.965221633970174,64.48067474365234,2945300,0.0,0.0
2025-03-31 00:00:00-04:00,62.94424082594888,63.48943018885991,62.56756557011324,63.28126525878906,4865500,0.0,0.0
2025-04-01 00:00:00-04:00,64.19321832663,64.32207783551277,63.43986777921776,64.0147933959961,2258000,0.0,0.0
2025-04-02 00:00:00-04:00,63.59846794082838,64.3617254848351,63.340741373157286,63.45968627929688,1278900,0.0,0.0
2025-04-03 00:00:00-04:00,62.458526262644,64.02469592187823,62.458526262644,63.69758987426758,4297900,0.0,0.0
2025-04-04 00:00:00-04:00,59.48478535723635,60.1687488345073,57.59150200223757,59.38566207885742,13776400,0.0,0.0
2025-04-07 00:00:00-04:00,55.28189407581401,58.06730194735977,53.45799784665977,54.78627014160156,13330500,0.0,0.0
2025-04-08 00:00:00-04:00,56.59034206794873,56.838154039908346,52.91281331158268,53.51747512817383,10180900,0.0,0.0
2025-04-09 00:00:00-04:00,54.14195911240272,55.80725588300653,51.84226429229473,55.757694244384766,15323900,0.0,0.0
2025-04-10 00:00:00-04:00,56.08480818920709,56.49121967834726,54.68714501535968,55.5693588256836,7521100,0.0,0.0
2025-04-11 00:00:00-04:00,54.86556764228644,57.17517697548547,54.57810863613852,56.89762878417969,8147900,0.0,0.0
2025-04-14 00:00:00-04:00,57.4923783252064,59.17750051513838,57.39325504751479,58.53318786621094,5242300,0.0,0.0
2025-04-15 00:00:00-04:00,58.05738736313017,58.67195998291356,57.938438677661566,58.27546310424805,2092900,0.0,0.0
2025-04-16 00:00:00-04:00,57.175179727585096,57.91861565977667,57.0264910286225,57.29412841796875,3216600,0.0,0.0
2025-04-17 00:00:00-04:00,58.08712546269968,58.36467744615922,57.47255282309398,57.49237823486328,1344800,0.0,0.0
2025-04-21 00:00:00-04:00,57.8393130550234,58.17633748995991,56.808418119903465,57.512203216552734,1864800,0.0,0.0
2025-04-22 00:00:00-04:00,58.483626316054725,59.81189865821416,58.39441385347272,59.573997497558594,3008500,0.0,0.0
2025-04-23 00:00:00-04:00,60.68419572766044,61.625878177812254,60.594983268231154,60.892356872558594,4387000,0.0,0.0
2025-04-24 00:00:00-04:00,60.41655843261634,61.1005181016429,60.41655843261634,60.71393203735352,1722700,0.0,0.0
2025-04-25 00:00:00-04:00,60.96174722737424,61.76465940578713,60.76349688663282,61.43754577636719,1832300,0.0,0.0
2025-04-28 00:00:00-04:00,61.62587820872605,61.67544362723093,60.96174395143862,61.23929214477539,814400,0.0,0.0
2025-04-29 00:00:00-04:00,60.46611957611023,60.66436990475302,60.27778384362036,60.386817932128906,983600,0.0,0.0
2025-04-30 00:00:00-04:00,60.713932353661285,60.713932353661285,60.01014726981093,60.52559661865234,2025900,0.0,0.0
2025-05-01 00:00:00-04:00,60.5751593706443,61.1500811825344,60.406645262484886,60.82297134399414,2441800,0.0,0.0
2025-05-02 00:00:00-04:00,62.94424224991618,63.61829113084533,62.56756698555913,63.39030456542969,4218400,0.0,0.0
2025-05-05 00:00:00-04:00,62.61712772115789,63.32091660050554,62.47835362084757,63.08301544189453,805100,0.0,0.0
2025-05-06 00:00:00-04:00,63.41012864759863,64.6194522817832,63.380388639647606,64.32207489013672,2598300,0.0,0.0
2025-05-07 00:00:00-04:00,62.93432876957157,63.03345204379456,61.74483057234311,61.94308090209961,2573800,0.0,0.0
2025-05-08 00:00:00-04:00,63.42995346493703,64.1039985441058,63.05327821200784,63.82645034790039,2274600,0.0,0.0
2025-05-09 00:00:00-04:00,63.47951629145106,63.58855416523392,62.696429544565646,62.726165771484375,1995800,0.0,0.0
2025-05-12 00:00:00-04:00,65.58096181378752,65.92789705102611,65.30340606137568,65.64043426513672,3880800,0.0,0.0
2025-05-13 00:00:00-04:00,64.77804766375466,65.5313981726271,64.5798011121351,65.03577423095703,2367700,0.0,0.0
2025-05-14 00:00:00-04:00,66.85966703621932,67.93021657053929,66.06667326320623,67.28590393066406,5539100,0.0,0.0
2025-05-15 00:00:00-04:00,66.1360595255285,66.1360595255285,65.2241132942406,65.58096313476562,3261600,0.0,0.0
2025-05-16 00:00:00-04:00,64.92673940170259,65.17455138415184,64.46085166467856,64.89700317382812,1563600,0.0,0.0
2025-05-19 00:00:00-04:00,65.30999755859375,66.0,65.12999725341797,65.98999786376953,1141600,0.573,0.0
2025-05-20 00:00:00-04:00,66.16999816894531,66.48999786376953,65.7699966430664,66.4000015258789,1572300,0.0,0.0
2025-05-21 00:00:00-04:00,66.75,67.13999938964844,65.94999694824219,66.19000244140625,3232500,0.0,0.0
2025-05-22 00:00:00-04:00,66.18000030517578,66.18000030517578,65.26000213623047,65.37000274658203,2720800,0.0,0.0
2025-05-23 00:00:00-04:00,64.97000122070312,65.9000015258789,64.97000122070312,65.76000213623047,1432200,0.0,0.0
2025-05-27 00:00:00-04:00,65.3499984741211,65.5,65.06999969482422,65.27999877929688,1457600,0.0,0.0
2025-05-28 00:00:00-04:00,64.52999877929688,64.55000305175781,63.7400016784668,63.84999847412109,1740200,0.0,0.0
2025-05-29 00:00:00-04:00,64.87999725341797,64.87999725341797,64.0999984741211,64.25,1714800,0.0,0.0
2025-05-30 00:00:00-04:00,63.27999877929688,63.540000915527344,62.13999938964844,62.77999877929688,2661600,0.0,0.0
2025-06-02 00:00:00-04:00,63.400001525878906,64.27999877929688,63.310001373291016,64.19999694824219,2481000,0.0,0.0
2025-06-03 00:00:00-04:00,64.5,64.63999938964844,64.05999755859375,64.26000213623047,1707400,0.0,0.0
2025-06-04 00:00:00-04:00,65.79000091552734,65.94000244140625,65.25,65.7300033569336,1641300,0.0,0.0
2025-06-05 00:00:00-04:00,65.62999725341797,66.1500015258789,65.43000030517578,65.76000213623047,1275500,0.0,0.0
2025-06-06 00:00:00-04:00,65.73999786376953,66.08000183105469,65.05999755859375,66.0199966430664,1565700,0.0,0.0
2025-06-09 00:00:00-04:00,65.72000122070312,66.2699966430664,65.61000061035156,66.12999725341797,1801300,0.0,0.0
2025-06-10 00:00:00-04:00,65.4000015258789,65.83000183105469,65.02999877929688,65.7300033569336,2593900,0.0,0.0
2025-06-11 00:00:00-04:00,65.95999908447266,66.2300033569336,65.44000244140625,65.66999816894531,1219500,0.0,0.0
2025-06-12 00:00:00-04:00,65.05000305175781,65.72000122070312,65.0199966430664,65.6500015258789,2475600,0.0,0.0
2025-06-13 00:00:00-04:00,65.02999877929688,65.22000122070312,64.4000015258789,64.80999755859375,1802600,0.0,0.0
2025-06-16 00:00:00-04:00,65.1500015258789,65.4800033569336,64.80999755859375,64.87999725341797,3176800,0.0,0.0
2025-06-17 00:00:00-04:00,65.19999694824219,65.45999908447266,65.11000061035156,65.12000274658203,1158100,0.0,0.0
2025-06-18 00:00:00-04:00,64.69999694824219,64.91999816894531,64.36000061035156,64.62000274658203,1921100,0.0,0.0
2025-06-20 00:00:00-04:00,64.80000305175781,64.80000305175781,63.84000015258789,64.0,1635600,0.0,0.0
2025-06-23 00:00:00-04:00,64.13999938964844,64.51000213623047,63.61000061035156,64.48999786376953,2178600,0.0,0.0
2025-06-24 00:00:00-04:00,64.63999938964844,65.94999694824219,64.58000183105469,65.76000213623047,3600400,0.0,0.0
2025-06-25 00:00:00-04:00,65.5999984741211,65.80000305175781,64.8499984741211,65.05999755859375,2252200,0.0,0.0
2025-06-26 00:00:00-04:00,65.0,65.86000061035156,64.75,65.19999694824219,1456900,0.0,0.0
2025-06-27 00:00:00-04:00,65.37999725341797,65.45999908447266,64.93000030517578,65.01000213623047,1194100,0.0,0.0
2025-06-30 00:00:00-04:00,64.3499984741211,64.51000213623047,63.81999969482422,64.5,1617900,0.0,0.0
2025-07-01 00:00:00-04:00,64.20999908447266,64.68000030517578,64.20999908447266,64.5,646900,0.0,0.0
2025-07-02 00:00:00-04:00,63.81999969482422,63.81999969482422,63.34999847412109,63.790000915527344,1412300,0.0,0.0
2025-07-03 00:00:00-04:00,63.4900016784668,63.83000183105469,63.380001068115234,63.56999969482422,846900,0.0,0.0
2025-07-07 00:00:00-04:00,63.650001525878906,64.23999786376953,63.630001068115234,63.83000183105469,1296800,0.0,0.0
2025-07-08 00:00:00-04:00,64.22000122070312,64.4800033569336,63.900001525878906,63.97999954223633,706200,0.0,0.0
2025-07-09 00:00:00-04:00,63.34999847412109,63.68000030517578,63.150001525878906,63.470001220703125,1411200,0.0,0.0
2025-07-10 00:00:00-04:00,63.45000076293945,63.45000076293945,62.709999084472656,63.18999862670898,1449400,0.0,0.0
2025-07-11 00:00:00-04:00,63.18999862670898,63.4900016784668,63.0099983215332,63.119998931884766,1114600,0.0,0.0
2025-07-14 00:00:00-04:00,63.27999877929688,63.720001220703125,63.27999877929688,63.65999984741211,1035900,0.0,0.0
2025-07-15 00:00:00-04:00,65.91999816894531,66.02999877929688,65.36000061035156,66.0,2796600,0.0,0.0
2025-07-16 00:00:00-04:00,66.0,66.3499984741211,65.41000366210938,66.26000213623047,2985700,0.0,0.0
2025-07-17 00:00:00-04:00,65.80000305175781,66.5,65.68000030517578,66.2699966430664,1187300,0.0,0.0
2025-07-18 00:00:00-04:00,66.26000213623047,66.73999786376953,65.80000305175781,66.02999877929688,3021000,0.0,0.0
2025-07-21 00:00:00-04:00,66.05999755859375,67.0199966430664,66.05999755859375,66.63999938964844,2252000,0.0,0.0
2025-07-22 00:00:00-04:00,67.02999877929688,67.80000305175781,66.8499984741211,67.69000244140625,2299800,0.0,0.0
2025-07-23 00:00:00-04:00,70.19999694824219,70.63999938964844,69.91999816894531,70.3499984741211,3042500,0.0,0.0
2025-07-24 00:00:00-04:00,70.69999694824219,70.94000244140625,70.23999786376953,70.4000015258789,1418000,0.0,0.0
2025-07-25 00:00:00-04:00,70.30000305175781,70.44000244140625,69.61000061035156,70.18000030517578,1007100,0.0,0.0
2025-07-28 00:00:00-04:00,70.31999969482422,70.5199966430664,69.95999908447266,70.0999984741211,1125800,0.0,0.0
2025-07-29 00:00:00-04:00,70.27999877929688,70.70999908447266,70.11000061035156,70.12999725341797,1466000,0.0,0.0
2025-07-30 00:00:00-04:00,69.52999877929688,69.87000274658203,69.16999816894531,69.44000244140625,1356900,0.0,0.0
2025-07-31 00:00:00-04:00,69.69999694824219,70.31999969482422,69.69999694824219,70.06999969482422,1470500,0.0,0.0
2025-08-01 00:00:00-04:00,67.9800033569336,68.05999755859375,67.36000061035156,67.91000366210938,1763700,0.0,0.0
2025-08-04 00:00:00-04:00,70.11000061035156,70.48999786376953,70.04000091552734,70.20999908447266,1803400,0.0,0.0
2025-08-05 00:00:00-04:00,70.9000015258789,71.6500015258789,70.8499984741211,71.51000213623047,1676600,0.0,0.0
2025-08-06 00:00:00-04:00,72.41000366210938,73.33000183105469,72.3499984741211,73.27999877929688,2997900,0.0,0.0
2025-08-07 00:00:00-04:00,72.38999938964844,72.38999938964844,71.80000305175781,71.94999694824219,1333900,0.0,0.0
2025-08-08 00:00:00-04:00,71.4000015258789,71.87999725341797,71.31999969482422,71.68000030517578,1413000,0.0,0.0
2025-08-11 00:00:00-04:00,71.5,71.5999984741211,70.91999816894531,71.16000366210938,2576000,0.0,0.0
2025-08-12 00:00:00-04:00,71.3499984741211,72.0199966430664,71.2300033569336,71.7699966430664,1845500,0.0,0.0
2025-08-13 00:00:00-04:00,75.30000305175781,77.19999694824219,74.0,77.08000183105469,4511200,0.0,0.0
2025-08-14 00:00:00-04:00,75.29000091552734,75.3499984741211,74.37999725341797,74.79000091552734,2245100,0.0,0.0
2025-08-15 00:00:00-04:00,75.69000244140625,75.9800033569336,75.36000061035156,75.61000061035156,900200,0.0,0.0
2025-08-18 00:00:00-04:00,75.33999633789062,75.5199966430664,75.0199966430664,75.0199966430664,1376800,0.0,0.0
2025-08-19 00:00:00-04:00,76.0,76.16999816894531,75.3499984741211,75.48999786376953,1122400,0.0,0.0
2025-08-20 00:00:00-04:00,75.5,75.87000274658203,75.06999969482422,75.72000122070312,1878700,0.0,0.0
2025-08-21 00:00:00-04:00,75.73999786376953,76.4800033569336,75.73999786376953,76.45999908447266,1090600,0.0,0.0
2025-08-22 00:00:00-04:00,76.83999633789062,78.19999694824219,76.77999877929688,77.87999725341797,1420600,0.0,0.0
2025-08-25 00:00:00-04:00,78.66000366210938,78.73999786376953,78.11000061035156,78.1500015258789,1794900,0.0,0.0
2025-08-26 00:00:00-04:00,78.69999694824219,78.9800033569336,78.19999694824219,78.30000305175781,1317700,0.0,0.0
2025-08-27 00:00:00-04:00,76.38999938964844,76.4000015258789,75.8499984741211,76.12999725341797,1674900,0.0,0.0
2025-08-28 00:00:00-04:00,76.4800033569336,77.19000244140625,76.26000213623047,76.9000015258789,1663200,0.0,0.0
2025-08-29 00:00:00-04:00,76.86000061035156,77.8499984741211,76.63999938964844,77.58999633789062,2052700,0.0,0.0
2025-09-02 00:00:00-04:00,76.38999938964844,77.31999969482422,75.94999694824219,77.27999877929688,3006000,0.0,0.0
2025-09-03 00:00:00-04:00,76.5999984741211,77.33000183105469,76.5999984741211,77.08000183105469,1441700,0.0,0.0
2025-09-04 00:00:00-04:00,76.18000030517578,76.19999694824219,75.5999984741211,76.19999694824219,1713800,0.0,0.0
2025-09-05 00:00:00-04:00,77.7300033569336,77.75,77.08000183105469,77.66999816894531,1456300,0.0,0.0
2025-09-08 00:00:00-04:00,79.0,79.47000122070312,78.83999633789062,79.4000015258789,1698100,0.0,0.0
2025-09-09 00:00:00-04:00,80.1500015258789,81.25,80.1500015258789,81.16000366210938,2352100,0.0,0.0
2025-09-10 00:00:00-04:00,81.87000274658203,81.87000274658203,80.51000213623047,80.61000061035156,1458300,0.0,0.0
2025-09-11 00:00:00-04:00,80.80999755859375,82.19999694824219,80.80999755859375,82.06999969482422,2174100,0.0,0.0
2025-09-12 00:00:00-04:00,82.41999816894531,82.81999969482422,82.26000213623047,82.30000305175781,961600,0.0,0.0
2025-09-15 00:00:00-04:00,82.87999725341797,83.16999816894531,82.69999694824219,82.88999938964844,1262200,0.0,0.0
2025-09-16 00:00:00-04:00,82.91000366210938,83.93000030517578,82.73999786376953,83.83999633789062,1753700,0.0,0.0
2025-09-17 00:00:00-04:00,84.81999969482422,85.2699966430664,84.58000183105469,85.04000091552734,1727000,0.0,0.0
2025-09-18 00:00:00-04:00,82.43000030517578,82.93000030517578,82.1500015258789,82.6500015258789,1869000,0.0,0.0
2025-09-19 00:00:00-04:00,82.66000366210938,82.83000183105469,82.25,82.36000061035156,1229700,0.0,0.0
2025-09-22 00:00:00-04:00,82.5999984741211,83.05999755859375,82.4000015258789,82.75,1552900,0.0,0.0
2025-09-23 00:00:00-04:00,81.9800033569336,82.18000030517578,81.51000213623047,81.52999877929688,1176400,0.0,0.0
2025-09-24 00:00:00-04:00,83.36000061035156,83.37000274658203,82.69999694824219,82.70999908447266,1941000,0.0,0.0
2025-09-25 00:00:00-04:00,83.48999786376953,83.51000213623047,82.83000183105469,83.30999755859375,1307200,0.0,0.0
2025-09-26 00:00:00-04:00,83.0,83.48999786376953,82.5999984741211,83.38999938964844,969700,0.0,0.0
2025-09-29 00:00:00-04:00,84.5999984741211,85.3499984741211,84.5999984741211,84.9800033569336,1215200,0.0,0.0
2025-09-30 00:00:00-04:00,85.61000061035156,85.75,85.0,85.1500015258789,1784700,0.0,0.0
2025-10-01 00:00:00-04:00,85.41000366210938,85.94999694824219,85.23999786376953,85.7699966430664,2481200,0.0,0.0
2025-10-02 00:00:00-04:00,86.66999816894531,87.12000274658203,86.36000061035156,86.56999969482422,1877600,0.0,0.0
2025-10-03 00:00:00-04:00,86.62000274658203,86.80000305175781,86.30000305175781,86.51000213623047,1250000,0.0,0.0
2025-10-06 00:00:00-04:00,86.81999969482422,87.68000030517578,86.81999969482422,87.33000183105469,1175200,0.0,0.0
2025-10-07 00:00:00-04:00,87.33000183105469,87.5,86.0,86.12999725341797,1031600,0.0,0.0
2025-10-08 00:00:00-04:00,86.62000274658203,86.94000244140625,86.1500015258789,86.83000183105469,1210000,0.0,0.0
2025-10-09 00:00:00-04:00,86.93000030517578,86.93000030517578,85.01000213623047,85.36000061035156,2044700,0.0,0.0
2025-10-10 00:00:00-04:00,83.79000091552734,84.22000122070312,79.41000366210938,79.95999908447266,5225200,0.0,0.0
2025-10-13 00:00:00-04:00,81.80000305175781,82.30000305175781,81.51000213623047,81.62999725341797,2237600,0.0,0.0
2025-10-14 00:00:00-04:00,79.44999694824219,80.98999786376953,79.41000366210938,80.25,1853200,0.0,0.0
2025-10-15 00:00:00-04:00,80.5199966430664,80.95999908447266,80.0,80.26000213623047,1698000,0.0,0.0
2025-10-16 00:00:00-04:00,79.98999786376953,80.19000244140625,79.41999816894531,79.68000030517578,1596000,0.0,0.0
2025-10-17 00:00:00-04:00,78.9000015258789,80.44000244140625,78.87999725341797,80.20999908447266,2522800,0.0,0.0
2025-10-20 00:00:00-04:00,80.75,82.0199966430664,80.54000091552734,81.7300033569336,2720500,0.0,0.0
2025-10-21 00:00:00-04:00,81.05000305175781,81.05000305175781,80.51000213623047,80.80000305175781,1622500,0.0,0.0
2025-10-22 00:00:00-04:00,80.26000213623047,80.55999755859375,79.1500015258789,79.94999694824219,1694700,0.0,0.0
2025-10-23 00:00:00-04:00,81.37999725341797,82.5,81.19000244140625,81.81999969482422,1888800,0.0,0.0
2025-10-24 00:00:00-04:00,82.30000305175781,82.52999877929688,82.04000091552734,82.16000366210938,1360800,0.0,0.0
2025-10-27 00:00:00-04:00,84.69999694824219,84.8499984741211,84.41000366210938,84.68000030517578,1905400,0.0,0.0
2025-10-28 00:00:00-04:00,83.1500015258789,83.8499984741211,83.0,83.83999633789062,1539000,0.0,0.0
2025-10-29 00:00:00-04:00,83.87999725341797,84.7699966430664,83.87999725341797,84.30000305175781,1610700,0.0,0.0
2025-10-30 00:00:00-04:00,83.41000366210938,83.8499984741211,83.2699966430664,83.47000122070312,2714200,0.0,0.0
2025-10-31 00:00:00-04:00,81.19999694824219,81.43000030517578,80.56999969482422,81.37000274658203,1886300,0.0,0.0
2025-11-03 00:00:00-05:00,80.5999984741211,80.80999755859375,80.12000274658203,80.62999725341797,965800,0.0,0.0
2025-11-04 00:00:00-05:00,80.4000015258789,81.08000183105469,80.20999908447266,80.25,1895100,0.0,0.0
2025-11-05 00:00:00-05:00,80.66000366210938,81.68000030517578,80.66000366210938,81.30999755859375,1598800,0.0,0.0
2025-11-06 00:00:00-05:00,82.69999694824219,82.91999816894531,82.08000183105469,82.38999938964844,1828400,0.0,0.0
2025-11-07 00:00:00-05:00,80.97000122070312,81.56999969482422,80.4800033569336,81.4800033569336,1967600,0.0,0.0
2025-11-10 00:00:00-05:00,83.44999694824219,83.83000183105469,83.06999969482422,83.56999969482422,1628400,0.0,0.0
2025-11-11 00:00:00-05:00,83.45999908447266,84.31999969482422,83.30999755859375,83.7699966430664,1537100,0.0,0.0
2025-11-12 00:00:00-05:00,84.5,84.62999725341797,83.37999725341797,84.0,1724500,0.0,0.0
2025-11-13 00:00:00-05:00,85.94000244140625,86.0,81.52999877929688,83.33999633789062,4079900,0.0,0.0
2025-11-14 00:00:00-05:00,81.6500015258789,83.0,79.70999908447266,81.87000274658203,2915200,0.0,0.0
2025-11-17 00:00:00-05:00,81.18000030517578,81.8499984741211,80.58000183105469,80.93000030517578,1955000,0.0,0.0
2025-11-18 00:00:00-05:00,79.97000122070312,80.48999786376953,79.44000244140625,80.16000366210938,2466300,0.0,0.0
2025-11-19 00:00:00-05:00,79.66000366210938,79.9000015258789,79.04000091552734,79.55000305175781,2061700,0.0,0.0
2025-11-20 00:00:00-05:00,79.87000274658203,79.97000122070312,77.72000122070312,77.83000183105469,2766100,0.0,0.0
2025-11-21 00:00:00-05:00,78.08999633789062,79.33999633789062,77.70999908447266,79.04000091552734,2827200,0.0,0.0
2025-11-24 00:00:00-05:00,80.0,80.97000122070312,80.0,80.83000183105469,3078800,0.0,0.0
2025-11-25 00:00:00-05:00,80.79000091552734,80.83999633789062,79.87000274658203,79.98999786376953,2471900,0.0,0.0
2025-11-26 00:00:00-05:00,79.55000305175781,79.87999725341797,78.2699966430664,78.94999694824219,3181500,0.0,0.0
2025-11-28 00:00:00-05:00,78.8499984741211,79.27999877929688,78.45999908447266,79.04000091552734,1125700,0.0,0.0
2025-12-01 00:00:00-05:00,79.5,80.36000061035156,79.41999816894531,79.80999755859375,1661700,0.0,0.0
2025-12-02 00:00:00-05:00,79.0,79.23999786376953,78.55000305175781,79.16000366210938,2041000,0.0,0.0
2025-12-03 00:00:00-05:00,78.33999633789062,78.80000305175781,78.0,78.51000213623047,1637900,0.0,0.0
2025-12-04 00:00:00-05:00,78.58999633789062,78.62000274658203,77.8499984741211,78.12000274658203,1725500,0.0,0.0
2025-12-05 00:00:00-05:00,78.23999786376953,78.61000061035156,77.95999908447266,78.19000244140625,1132100,0.0,0.0
