ticker,Date,Open,High,Low,Close,Volume,Dividends,Stock Splits
601939.SS,2007-09-25 00:00:00+08:00,3.568546451827176,3.7772333741791897,3.5184616382273384,3.560198783874512,2736229727,0.0,0.0
601939.SS,2007-09-26 00:00:00+08:00,3.5935893824881604,3.660369545426712,3.547678393629278,3.572721004486084,482580813,0.0,0.0
601939.SS,2007-09-27 00:00:00+08:00,3.606110106862552,3.8815767765045166,3.601936272949502,3.8815767765045166,645804977,0.0,0.0
601939.SS,2007-09-28 00:00:00+08:00,3.9441836636933134,3.965052440355578,3.839840178420799,3.9024465084075928,514626020,0.0,0.0
601939.SS,2007-10-08 00:00:00+08:00,3.9859206147414232,4.16956494593514,3.881577145235306,4.098611354827881,535205655,0.0,0.0
601939.SS,2007-10-09 00:00:00+08:00,4.069395549139205,4.223823845290604,3.969225908074314,4.111133098602295,320626386,0.0,0.0
601939.SS,2007-10-10 00:00:00+08:00,4.1194807714483055,4.240519199049728,4.090264722797938,4.152870655059815,314792876,0.0,0.0
601939.SS,2007-10-11 00:00:00+08:00,4.173738975235946,4.2822562841213845,4.09443810984352,4.273908615112305,320170781,0.0,0.0
601939.SS,2007-10-12 00:00:00+08:00,4.294777293550967,4.294777293550967,3.998441817014695,4.198781490325928,325928023,0.0,0.0
601939.SS,2007-10-15 00:00:00+08:00,4.165391761904428,4.194608208593606,4.044353334303006,4.152870655059815,294362441,0.0,0.0
601939.SS,2007-10-16 00:00:00+08:00,4.1528708166154304,4.394947681235586,4.1528708166154304,4.22799825668335,353672941,0.0,0.0
601939.SS,2007-10-17 00:00:00+08:00,4.173738869148183,4.202954913859818,4.09443800577142,4.136175155639648,188688306,0.0,0.0
601939.SS,2007-10-18 00:00:00+08:00,4.1278276916330015,4.132001127797311,3.977572844633198,4.002615451812744,198657733,0.0,0.0
601939.SS,2007-10-19 00:00:00+08:00,4.023484624728604,4.090264386460402,3.965052134193892,4.006789684295654,100265156,0.0,0.0
601939.SS,2007-10-22 00:00:00+08:00,3.944183663150657,3.994268488309917,3.8774038962716446,3.889925003051758,117968508,0.0,0.0
601939.SS,2007-10-23 00:00:00+08:00,3.889925014128763,4.036006053121692,3.860708965545701,4.031832218170166,145878070,0.0,0.0
601939.SS,2007-10-24 00:00:00+08:00,4.056873468833228,4.157043085831906,4.019309762949054,4.02765703201294,179478232,0.0,0.0
601939.SS,2007-10-25 00:00:00+08:00,4.010963208460739,4.132001628752389,3.910793563675674,4.061048030853272,202285514,0.0,0.0
601939.SS,2007-10-26 00:00:00+08:00,4.048527169264147,4.165391761904428,4.02348495557492,4.152870655059815,240664461,0.0,0.0
601939.SS,2007-10-29 00:00:00+08:00,4.2363455327377295,4.424164133078048,4.202955647796967,4.328167915344238,285771788,0.0,0.0
601939.SS,2007-10-30 00:00:00+08:00,4.382426047428175,4.557723121168404,4.290603675935965,4.532680511474609,262621709,0.0,0.0
601939.SS,2007-10-31 00:00:00+08:00,4.59111292920668,4.616155538503048,4.507638228283403,4.578591823577881,286857379,0.0,0.0
601939.SS,2007-11-01 00:00:00+08:00,4.574417398405618,4.812320364830301,4.520158750301288,4.724671840667725,261103686,0.0,0.0
601939.SS,2007-11-02 00:00:00+08:00,4.628676898689843,4.833190026708936,4.578592075381421,4.687108993530273,235687779,0.0,0.0
601939.SS,2007-11-05 00:00:00+08:00,4.687108475094554,4.695456143742029,4.465900430440224,4.507637977600098,252113269,0.0,0.0
601939.SS,2007-11-06 00:00:00+08:00,4.457554341244707,4.5493763324705805,4.382426895660943,4.436685562133789,174154168,0.0,0.0
601939.SS,2007-11-07 00:00:00+08:00,4.499290714541721,4.578591981686353,4.44085862089703,4.570244312286377,117171592,0.0,0.0
601939.SS,2007-11-08 00:00:00+08:00,4.507638293309425,4.632850545520005,4.470074577842373,4.4951171875,144041888,0.0,0.0
601939.SS,2007-11-09 00:00:00+08:00,4.461726285353987,4.582764686040708,4.369904324859732,4.520158767700195,132626361,0.0,0.0
601939.SS,2007-11-12 00:00:00+08:00,4.424164139317351,4.561897514401943,4.340689028808897,4.511812686920166,192792981,0.0,0.0
601939.SS,2007-11-13 00:00:00+08:00,4.557723264549652,4.591113146499271,4.378252350541358,4.407468795776367,146032381,0.0,0.0
601939.SS,2007-11-14 00:00:00+08:00,4.465900202555272,4.545201458504715,4.390773178755314,4.536853790283203,132522517,0.0,0.0
601939.SS,2007-11-15 00:00:00+08:00,4.532680050476041,4.6662399585278695,4.4742479638646815,4.5952863693237305,192848215,0.0,0.0
601939.SS,2007-11-16 00:00:00+08:00,4.541028736774829,4.6245034492444566,4.457554024305201,4.511812686920166,129099013,0.0,0.0
601939.SS,2007-11-19 00:00:00+08:00,4.524332907436999,4.528506741752047,4.415815603478252,4.465900421142578,90116203,0.0,0.0
601939.SS,2007-11-20 00:00:00+08:00,4.411641769163205,4.528506741752047,4.344862012277437,4.465900421142578,112817045,0.0,0.0
601939.SS,2007-11-21 00:00:00+08:00,4.470073910227522,4.503463786091658,4.365730448642415,4.378251552581787,87871592,0.0,0.0
601939.SS,2007-11-22 00:00:00+08:00,4.29895121258224,4.3782520777621885,4.173738964052901,4.215476512908936,137517193,0.0,0.0
601939.SS,2007-11-23 00:00:00+08:00,4.173738894252008,4.261387426952851,4.132001346093984,4.257213592529297,77685012,0.0,0.0
601939.SS,2007-11-26 00:00:00+08:00,4.319819901979405,4.336514841585444,4.19043382150353,4.198781490325928,82625342,0.0,0.0
601939.SS,2007-11-27 00:00:00+08:00,4.165391130429376,4.257213495460121,4.136175086208173,4.18208646774292,59005786,0.0,0.0
601939.SS,2007-11-28 00:00:00+08:00,4.202955315648927,4.236345197950977,4.090264562389202,4.119480609893799,94897498,0.0,0.0
601939.SS,2007-11-29 00:00:00+08:00,4.16956568636096,4.340688943052628,4.106959752755312,4.33234167098999,159749016,0.0,0.0
601939.SS,2007-11-30 00:00:00+08:00,4.319819914766332,4.378252004541055,4.227997547641936,4.257213592529297,99059118,0.0,0.0
601939.SS,2007-12-03 00:00:00+08:00,4.236344356736013,4.34068781772004,4.173738439361083,4.298950672149658,81469878,0.0,0.0
601939.SS,2007-12-04 00:00:00+08:00,4.298950593902727,4.353209240391483,4.273907988585337,4.30312442779541,70579834,0.0,0.0
601939.SS,2007-12-05 00:00:00+08:00,4.282256071510137,4.394946811266326,4.248866193209136,4.386599540710449,114148768,0.0,0.0
601939.SS,2007-12-06 00:00:00+08:00,4.40329446525506,4.407468299538527,4.303124830684325,4.32399320602417,64846763,0.0,0.0
601939.SS,2007-12-07 00:00:00+08:00,4.340687595551476,4.353209096816548,4.290602784607269,4.349035263061523,87245356,0.0,0.0
601939.SS,2007-12-10 00:00:00+08:00,4.257214232232158,4.336515506040718,4.236345455017336,4.33234167098999,138609009,0.0,0.0
601939.SS,2007-12-11 00:00:00+08:00,4.340688857871906,4.340688857871906,4.198782051281264,4.253040313720703,156061633,0.0,0.0
601939.SS,2007-12-12 00:00:00+08:00,4.248865414199464,4.248865414199464,4.140348130597977,4.1737380027771,156557008,0.0,0.0
601939.SS,2007-12-13 00:00:00+08:00,4.144522656691334,4.17373870022048,4.090264005823818,4.102785110473633,150303484,0.0,0.0
601939.SS,2007-12-14 00:00:00+08:00,4.081916415628452,4.098611354827881,4.040179266649254,4.098611354827881,120609351,0.0,0.0
601939.SS,2007-12-17 00:00:00+08:00,4.111133398839989,4.127828340236709,3.923314810578389,3.935836315155029,159509663,0.0,0.0
601939.SS,2007-12-18 00:00:00+08:00,3.927487784980926,4.027657411415515,3.889924075558277,3.973399162292481,66972206,0.0,0.0
601939.SS,2007-12-19 00:00:00+08:00,4.015136965080576,4.0735694557548205,3.973399812917926,4.065221786499023,61727784,0.0,0.0
601939.SS,2007-12-20 00:00:00+08:00,4.069395702985244,4.106959419314391,4.015137045847454,4.081916809082031,77830461,0.0,0.0
601939.SS,2007-12-21 00:00:00+08:00,4.048526692926155,4.165391271816487,4.03183175308468,4.094438076019287,120357719,0.0,0.0
601939.SS,2007-12-24 00:00:00+08:00,4.111133499564834,4.17373943182671,4.073569780992184,4.152870655059815,142906816,0.0,0.0
601939.SS,2007-12-25 00:00:00+08:00,4.152870323491001,4.152870323491001,4.031831905553392,4.065221786499023,367322046,0.0,0.0
601939.SS,2007-12-26 00:00:00+08:00,4.065222100174388,4.09443854678526,3.948357507847324,4.010963439941406,289434837,0.0,0.0
601939.SS,2007-12-27 00:00:00+08:00,4.027658234543761,4.119480609893799,3.965052304737114,4.119480609893799,296453209,0.0,0.0
601939.SS,2007-12-28 00:00:00+08:00,4.136175309849132,4.190433964935641,4.09026432387075,4.111133098602295,270517181,0.0,0.0
601939.SS,2008-01-02 00:00:00+08:00,4.132001471762169,4.140349140863157,4.048526770946131,4.090264320373535,149210714,0.0,0.0
601939.SS,2008-01-03 00:00:00+08:00,4.081916485415426,4.081916485415426,3.965051909021435,4.05687427520752,252961117,0.0,0.0
601939.SS,2008-01-04 00:00:00+08:00,4.04435309005576,4.081916806359857,3.994268267663229,4.061048030853272,178865356,0.0,0.0
601939.SS,2008-01-07 00:00:00+08:00,4.061048107322419,4.061048107322419,3.994268342874919,4.04017972946167,245762839,0.0,0.0
601939.SS,2008-01-08 00:00:00+08:00,4.056874128065154,4.15286992711163,4.052700293835636,4.102785110473633,283283347,0.0,0.0
601939.SS,2008-01-09 00:00:00+08:00,4.115306775096344,4.144523220639734,4.081916892794292,4.119480609893799,164095383,0.0,0.0
601939.SS,2008-01-10 00:00:00+08:00,4.152870095194691,4.182086537945082,4.102785276529564,4.136175155639648,204612580,0.0,0.0
601939.SS,2008-01-11 00:00:00+08:00,4.144522996274232,4.236344968614654,4.144522996274232,4.211302757263184,253838941,0.0,0.0
601939.SS,2008-01-14 00:00:00+08:00,4.240518799735381,4.261387574537139,4.173739038800772,4.190433979034424,181715310,0.0,0.0
601939.SS,2008-01-15 00:00:00+08:00,4.194606906054909,4.211301842676435,4.090263452660701,4.106958389282227,215817454,0.0,0.0
601939.SS,2008-01-16 00:00:00+08:00,4.077743605024251,4.077743605024251,3.985921226319297,4.010963439941406,286514305,0.0,0.0
601939.SS,2008-01-17 00:00:00+08:00,3.977573547137416,4.027658372303565,3.823145236698749,3.9024465084075928,266240795,0.0,0.0
601939.SS,2008-01-18 00:00:00+08:00,3.948357820646346,3.969226599010588,3.881578048311845,3.927489042282105,122616265,0.0,0.0
601939.SS,2008-01-21 00:00:00+08:00,3.935835798458814,3.944183069041945,3.7563649034759,3.7647125720977774,198714541,0.0,0.0
601939.SS,2008-01-22 00:00:00+08:00,3.706279327611509,3.7146265964869127,3.389075149572812,3.455854892730713,264191827,0.0,0.0
601939.SS,2008-01-23 00:00:00+08:00,3.4767247917719786,3.589415943499997,3.4141188617267213,3.551852226257324,180131346,0.0,0.0
601939.SS,2008-01-24 00:00:00+08:00,3.6102834903531935,3.6269784277244494,3.4182915115644104,3.4850716590881348,203885546,0.0,0.0
601939.SS,2008-01-25 00:00:00+08:00,3.4850718507427803,3.635326295347021,3.4057705953392747,3.59776258468628,193255243,0.0,0.0
601939.SS,2008-01-28 00:00:00+08:00,3.5601993899781674,3.5601993899781674,3.338991326076461,3.3515124320983887,137856519,0.0,0.0
601939.SS,2008-01-29 00:00:00+08:00,3.368206896675225,3.4266393799154704,3.2555161623303506,3.364033460617065,98674745,0.0,0.0
601939.SS,2008-01-30 00:00:00+08:00,3.3974237679103374,3.434987085426987,3.2471691047080173,3.2930800914764404,173710159,0.0,0.0
601939.SS,2008-01-31 00:00:00+08:00,3.297253728992368,3.3598598515023537,3.2638638500588755,3.301427364349365,73820699,0.0,0.0
601939.SS,2008-02-01 00:00:00+08:00,3.3222959985039253,3.4099445265287787,3.272211182209543,3.380728483200073,120801306,0.0,0.0
601939.SS,2008-02-04 00:00:00+08:00,3.443334463624138,3.631152627486797,3.4391606293510524,3.62280535697937,182104165,0.0,0.0
601939.SS,2008-02-05 00:00:00+08:00,3.589415137856098,3.5977624075704835,3.505940052480002,3.543503761291504,81179173,0.0,0.0
601939.SS,2008-02-13 00:00:00+08:00,3.464203119277954,3.551851645841761,3.4433343466601465,3.464203119277954,63755407,0.0,0.0
601939.SS,2008-02-14 00:00:00+08:00,3.50176755432716,3.5268097682146964,3.4308139515811176,3.472551107406616,62875404,0.0,0.0
601939.SS,2008-02-15 00:00:00+08:00,3.4475084075351514,3.4516822419409734,3.33899110121632,3.414118528366089,77249454,0.0,0.0
601939.SS,2008-02-18 00:00:00+08:00,3.443334575242172,3.4558556804285643,3.405770861644238,3.4224658012390137,88969965,0.0,0.0
601939.SS,2008-02-19 00:00:00+08:00,3.443334196982807,3.493419010265184,3.380728279889514,3.489245176315308,101004265,0.0,0.0
601939.SS,2008-02-20 00:00:00+08:00,3.4683770112249266,3.4892453861518664,3.3389909372687194,3.380728483200073,174199917,0.0,0.0
601939.SS,2008-02-21 00:00:00+08:00,3.3682064015227,3.3682064015227,3.288905555533312,3.322295427322388,123273419,0.0,0.0
601939.SS,2008-02-22 00:00:00+08:00,3.313948371187436,3.313948371187436,3.201257440385945,3.242994785308838,179933209,0.0,0.0
601939.SS,2008-02-25 00:00:00+08:00,3.2429952878355164,3.2680376986697635,3.121956869293628,3.151173114776612,114147127,0.0,0.0
601939.SS,2008-02-26 00:00:00+08:00,3.21377944946289,3.2638644764953706,3.1303047361077825,3.21377944946289,92439230,0.0,0.0
601939.SS,2008-02-27 00:00:00+08:00,3.2346476875076697,3.347338830260092,3.222126383084273,3.318122386932373,104221457,0.0,0.0
601939.SS,2008-02-28 00:00:00+08:00,3.3348167941517675,3.3348167941517675,3.2346471708420754,3.2805583477020264,54416039,0.0,0.0
601939.SS,2008-02-29 00:00:00+08:00,3.2763849551492465,3.3306436079258592,3.2638638500588755,3.301427364349365,42238029,0.0,0.0
601939.SS,2008-03-03 00:00:00+08:00,3.2763848842280265,3.372380883593558,3.2513424755699805,3.3348171710968018,79749618,0.0,0.0
601939.SS,2008-03-04 00:00:00+08:00,3.33899171929502,3.33899171929502,3.251343170741972,3.25551700592041,93838861,0.0,0.0
601939.SS,2008-03-05 00:00:00+08:00,3.255516724648144,3.2722116658806453,3.176215654284063,3.2263004779815674,68567557,0.0,0.0
601939.SS,2008-03-06 00:00:00+08:00,3.2346477223692336,3.3348173627584603,3.188736537681146,3.2972538471221924,80167991,0.0,0.0
601939.SS,2008-03-07 00:00:00+08:00,3.2555164463053483,3.2763850215520374,3.20125779242907,3.238821506500244,43147004,0.0,0.0
601939.SS,2008-03-10 00:00:00+08:00,3.2137788415573367,3.2137788415573367,3.142825448136463,3.159520387649536,72890177,0.0,0.0
601939.SS,2008-03-11 00:00:00+08:00,3.130304377460237,3.1636942589767103,3.088567025564646,3.1386518478393555,62908479,0.0,0.0
601939.SS,2008-03-12 00:00:00+08:00,3.2096052292361006,3.2304738042676053,3.071871877754526,3.076045513153076,75195840,0.0,0.0
601939.SS,2008-03-13 00:00:00+08:00,3.038481904200366,3.038481904200366,2.92579096566518,3.009265661239624,95769741,0.0,0.0
601939.SS,2008-03-14 00:00:00+08:00,3.0009189448941207,3.030135195187959,2.9466602796424586,2.996745109558105,45432596,0.0,0.0
601939.SS,2008-03-17 00:00:00+08:00,2.996744544966176,3.013439485126036,2.9257911487964656,2.950833559036255,54060578,0.0,0.0
601939.SS,2008-03-18 00:00:00+08:00,2.942485955635607,3.00926571324933,2.859011059599078,2.884053468704224,88254487,0.0,0.0
601939.SS,2008-03-19 00:00:00+08:00,2.9299642366394982,3.005091453315617,2.904921831080792,2.963354110717773,61588853,0.0,0.0
601939.SS,2008-03-20 00:00:00+08:00,2.925791700020651,3.0217875245159287,2.8464906198111657,2.996745109558105,96186738,0.0,0.0
601939.SS,2008-03-21 00:00:00+08:00,2.984222881526369,3.0217863903547544,2.946659173678636,2.963354110717773,54049550,0.0,0.0
601939.SS,2008-03-24 00:00:00+08:00,2.971701629921222,3.013438973230917,2.871532005977953,2.8798794746398926,64543514,0.0,0.0
601939.SS,2008-03-25 00:00:00+08:00,2.859011141581828,2.9216172656496244,2.821447626356655,2.9007484912872314,71984025,0.0,0.0
601939.SS,2008-03-26 00:00:00+08:00,2.9424860400120174,2.9758759197763407,2.88405355140507,2.9007484912872314,47643259,0.0,0.0
601939.SS,2008-03-27 00:00:00+08:00,2.859010819599644,2.863184653609817,2.696235074570703,2.7421462535858154,126111321,0.0,0.0
601939.SS,2008-03-28 00:00:00+08:00,2.712930061173835,2.950833230492973,2.7045825920233053,2.913269519805908,136738724,0.0,0.0
601939.SS,2008-03-31 00:00:00+08:00,2.817273741291683,2.929964682982575,2.796404967303993,2.842316150665283,63756860,0.0,0.0
601939.SS,2008-04-01 00:00:00+08:00,2.8590111357896024,2.9383121995789003,2.821447620640532,2.871532440185547,99102340,0.0,0.0
601939.SS,2008-04-02 00:00:00+08:00,2.9508329833326146,3.0718713753868574,2.9174429105078694,3.005091428756714,258530894,0.0,0.0
601939.SS,2008-04-03 00:00:00+08:00,2.9591811256992355,3.0718720749660364,2.925791244289723,3.067698240280152,97999831,0.0,0.0
601939.SS,2008-04-07 00:00:00+08:00,3.0676973818338107,3.1303034914670183,3.009265105718508,3.1052610874176025,122507766,0.0,0.0
601939.SS,2008-04-08 00:00:00+08:00,3.109435756239343,3.146999474318336,3.0718722371797527,3.101088285446167,107046964,0.0,0.0
601939.SS,2008-04-09 00:00:00+08:00,3.080219569989981,3.101088146528381,2.950833678982084,2.955007314682007,81891790,0.0,0.0
601939.SS,2008-04-10 00:00:00+08:00,2.9508334922133344,3.021786886776274,2.917443413630363,3.013439416885376,59789567,0.0,0.0
601939.SS,2008-04-11 00:00:00+08:00,3.0259602990197685,3.07604511137683,3.0092653615674143,3.063524007797241,47915304,0.0,0.0
601939.SS,2008-04-14 00:00:00+08:00,2.9967443275147856,3.0217867359374337,2.8798797548757595,2.888227224349976,81841773,0.0,0.0
601939.SS,2008-04-15 00:00:00+08:00,2.879879882948196,2.938312171866277,2.796404985474413,2.934138536453247,49729775,0.0,0.0
601939.SS,2008-04-16 00:00:00+08:00,2.9383120411952723,2.950833344916282,2.875705920628966,2.888227224349976,24211504,0.0,0.0
601939.SS,2008-04-17 00:00:00+08:00,2.8840537440495795,2.988397224792553,2.825621450558945,2.863185167312622,36914492,0.0,0.0
601939.SS,2008-04-18 00:00:00+08:00,2.850663272495406,2.875705678812251,2.74631981333221,2.754667282104492,60685348,0.0,0.0
601939.SS,2008-04-21 00:00:00+08:00,2.9550069617685546,2.963354431190864,2.7546674966137696,2.8172736167907715,85283525,0.0,0.0
601939.SS,2008-04-22 00:00:00+08:00,2.792231350061384,2.9424860062986875,2.746320166401772,2.934138536453247,83122637,0.0,0.0
601939.SS,2008-04-23 00:00:00+08:00,2.89240089974774,3.1177827777011027,2.888227264462353,3.0593504905700684,213286749,0.0,0.0
601939.SS,2008-04-24 00:00:00+08:00,3.288906192807838,3.3640336179096497,3.1929101933039243,3.355685949325561,430375587,0.0,0.0
601939.SS,2008-04-25 00:00:00+08:00,3.305601271741522,3.372381031083571,3.259690087684173,3.2680375576019287,155206539,0.0,0.0
601939.SS,2008-04-28 00:00:00+08:00,3.255516452234985,3.355686091248059,3.238821512399473,3.2680375576019287,124359604,0.0,0.0
601939.SS,2008-04-29 00:00:00+08:00,3.272211125166021,3.35151198340668,3.263863655929144,3.30977463722229,98584193,0.0,0.0
601939.SS,2008-04-30 00:00:00+08:00,3.338990658560625,3.49341892875441,3.338990658560625,3.4850716590881348,266731152,0.0,0.0
601939.SS,2008-05-05 00:00:00+08:00,3.49759331659555,3.5226355275995505,3.4141186165176016,3.460029602050781,114952231,0.0,0.0
601939.SS,2008-05-06 00:00:00+08:00,3.422465545818582,3.4266393799154704,3.347338522268242,3.364033460617065,129601469,0.0,0.0
601939.SS,2008-05-07 00:00:00+08:00,3.351511882108359,3.393249426050611,3.238821150326228,3.242994785308838,115083896,0.0,0.0
601939.SS,2008-05-08 00:00:00+08:00,3.2096052681776364,3.272211392070498,3.192910328342124,3.2680375576019287,67937940,0.0,0.0
601939.SS,2008-05-09 00:00:00+08:00,3.2889060291439063,3.3056009674425564,3.130303916287366,3.1887362003326416,123711223,0.0,0.0
601939.SS,2008-05-12 00:00:00+08:00,3.1344779074239613,3.230473707941365,3.096914194860196,3.1929101943969727,96735415,0.0,0.0
601939.SS,2008-05-13 00:00:00+08:00,3.1010880093800544,3.167867968799956,3.0802194337645856,3.113609313964844,93866189,0.0,0.0
601939.SS,2008-05-14 00:00:00+08:00,3.11778289438417,3.24299514194183,3.11778289438417,3.238821506500244,108704019,0.0,0.0
601939.SS,2008-05-15 00:00:00+08:00,3.2513422753799026,3.29725345460252,3.17621505403146,3.1803886890411377,75036389,0.0,0.0
601939.SS,2008-05-16 00:00:00+08:00,3.1720411419273287,3.213778486093605,3.138651266594308,3.1845624446868896,45210629,0.0,0.0
601939.SS,2008-05-19 00:00:00+08:00,3.1636942176279264,3.2012579333527054,3.101088091093091,3.130304336547852,43133873,0.0,0.0
601939.SS,2008-05-20 00:00:00+08:00,3.1303038937331293,3.151172665965761,2.955006843840976,2.9758756160736084,67215471,0.0,0.0
601939.SS,2008-05-21 00:00:00+08:00,2.9550077512950668,3.025961359851944,2.913270393032028,2.996745109558105,71209461,0.0,0.0
601939.SS,2008-05-22 00:00:00+08:00,2.967528457633804,2.9925708675228564,2.921617273327516,2.942486047744751,45700823,0.0,0.0
601939.SS,2008-05-23 00:00:00+08:00,2.9424856300824134,3.046829089319104,2.9341381613042525,3.000917911529541,56514535,0.0,0.0
601939.SS,2008-05-26 00:00:00+08:00,2.984222993349501,2.984222993349501,2.92161687759712,2.938311815261841,42794049,0.0,0.0
601939.SS,2008-05-27 00:00:00+08:00,2.92996533691913,2.9717026951904577,2.921617865264865,2.946660280227661,34297764,0.0,0.0
601939.SS,2008-05-28 00:00:00+08:00,2.9675287067899507,3.0426559427648536,2.9424862947983166,3.021787166595459,59606547,0.0,0.0
601939.SS,2008-05-29 00:00:00+08:00,3.017612755604644,3.017612755604644,2.963354110717773,2.963354110717773,35263371,0.0,0.0
601939.SS,2008-05-30 00:00:00+08:00,2.95918048332556,3.00509146078767,2.942485546244911,2.984222888946533,25399048,0.0,0.0
601939.SS,2008-06-02 00:00:00+08:00,2.955007240589689,3.021787002269197,2.9466597703797506,2.988397121429444,34407175,0.0,0.0
601939.SS,2008-06-03 00:00:00+08:00,2.988397196358962,3.005092137197439,2.942486208562846,2.955007314682007,33079325,0.0,0.0
601939.SS,2008-06-04 00:00:00+08:00,2.955007145413948,2.9633546153550285,2.8798799159442203,2.9007484912872314,48001797,0.0,0.0
601939.SS,2008-06-05 00:00:00+08:00,2.9007485360531406,2.9341386153521394,2.8798799603880747,2.929964780807495,22221654,0.0,0.0
601939.SS,2008-06-06 00:00:00+08:00,2.9299654976244773,2.942486805302367,2.9007492457223574,2.9090967178344727,16678891,0.0,0.0
601939.SS,2008-06-10 00:00:00+08:00,2.796405098354477,2.813100038719268,2.667019211017656,2.6837141513824463,77660722,0.0,0.0
601939.SS,2008-06-11 00:00:00+08:00,2.6837142289897526,2.7129304749827017,2.6503243472946068,2.671193122863769,53789651,0.0,0.0
601939.SS,2008-06-12 00:00:00+08:00,2.671193122863769,2.671193122863769,2.671193122863769,2.671193122863769,0,0.0,0.0
601939.SS,2008-06-13 00:00:00+08:00,2.6503240946544064,2.6837139731666864,2.5835443376298466,2.6002392768859863,50709565,0.0,0.0
601939.SS,2008-06-16 00:00:00+08:00,2.604413109895978,2.6586717661069925,2.558502122966096,2.591892004013061,43249042,0.0,0.0
601939.SS,2008-06-17 00:00:00+08:00,2.6002395472670594,2.6294557935129883,2.529285948540799,2.537633419036865,33393258,0.0,0.0
601939.SS,2008-06-18 00:00:00+08:00,2.5376329697680067,2.64615026602409,2.512590562713378,2.629455327987671,66845098,0.0,0.0
601939.SS,2008-06-19 00:00:00+08:00,2.6211084017648054,2.6252820376285326,2.4750273651657344,2.5042436122894287,47323892,0.0,0.0
601939.SS,2008-06-20 00:00:00+08:00,2.504243811689342,2.6711934389391825,2.462506454631737,2.545981168746948,70551081,0.0,0.0
601939.SS,2008-06-23 00:00:00+08:00,2.537633380908459,2.566849626715409,2.5000696647308653,2.550154685974121,37319768,0.0,0.0
601939.SS,2008-06-24 00:00:00+08:00,2.552264320168113,2.6577297846187053,2.5353898619487705,2.607106208801269,44827091,0.065,0.0
601939.SS,2008-06-25 00:00:00+08:00,2.5986688873859927,2.683041376645173,2.586013144750727,2.661948204040528,68482688,0.0,0.0
601939.SS,2008-06-26 00:00:00+08:00,2.661947700393957,2.678822154821228,2.6155428501392817,2.636636018753052,51678900,0.0,0.0
601939.SS,2008-06-27 00:00:00+08:00,2.564919619566293,2.564919619566293,2.493203083960102,2.5353894233703613,89823061,0.0,0.0
601939.SS,2008-06-30 00:00:00+08:00,2.510077378951038,2.543826488555689,2.4763284705057487,2.4932029247283936,47180077,0.0,0.0
601939.SS,2008-07-01 00:00:00+08:00,2.501640529799527,2.518514986571645,2.396175074394092,2.404612302780152,73046369,0.0,0.0
601939.SS,2008-07-02 00:00:00+08:00,2.4299235704562885,2.438360796694289,2.391955951805615,2.408830404281616,39749813,0.0,0.0
601939.SS,2008-07-03 00:00:00+08:00,2.39195578069523,2.4636722991676105,2.345550939126162,2.41304874420166,59580090,0.0,0.0
601939.SS,2008-07-04 00:00:00+08:00,2.4214861430589467,2.45101653547162,2.383518725567614,2.408830404281616,32402514,0.0,0.0
601939.SS,2008-07-07 00:00:00+08:00,2.417267351912956,2.526951280365139,2.4046114134349685,2.501639604568481,89594018,0.0,0.0
601939.SS,2008-07-08 00:00:00+08:00,2.5100773840828454,2.539607779612529,2.4383610540696643,2.4805471897125244,62278650,0.0,0.0
601939.SS,2008-07-09 00:00:00+08:00,2.49742220994448,2.611324902572921,2.49742220994448,2.581794500350952,112235292,0.0,0.0
601939.SS,2008-07-10 00:00:00+08:00,2.548044841840694,2.6661662151556693,2.5311703886756045,2.602886915206909,118813842,0.0,0.0
601939.SS,2008-07-11 00:00:00+08:00,2.607106260785322,2.6155434900632266,2.531171197284185,2.573357343673706,50504901,0.0,0.0
601939.SS,2008-07-14 00:00:00+08:00,2.5522639994454543,2.6071058811870693,2.5438267713960223,2.57757568359375,29540119,0.0,0.0
601939.SS,2008-07-15 00:00:00+08:00,2.581793739835671,2.5902309663909766,2.4552353415060884,2.472109794616699,53836216,0.0,0.0
601939.SS,2008-07-16 00:00:00+08:00,2.4552352491702902,2.4552352491702902,2.3708627856309428,2.408830404281616,45526463,0.0,0.0
601939.SS,2008-07-17 00:00:00+08:00,2.446798435184159,2.48476585907248,2.3961748680674395,2.4172680377960205,38060263,0.0,0.0
601939.SS,2008-07-18 00:00:00+08:00,2.4467981843502256,2.4889843183232943,2.387737395628576,2.463672637939453,51999587,0.0,0.0
601939.SS,2008-07-21 00:00:00+08:00,2.446798432463816,2.548045164265939,2.4299239771634618,2.5353894233703613,58677064,0.0,0.0
601939.SS,2008-07-22 00:00:00+08:00,2.522733418239983,2.5438265874177244,2.510077476501465,2.510077476501465,25898578,0.0,0.0
601939.SS,2008-07-23 00:00:00+08:00,2.5311707089655853,2.5733568472164703,2.5185147669106325,2.5353894233703613,46023782,0.0,0.0
601939.SS,2008-07-24 00:00:00+08:00,2.5480454494348783,2.5902315924070987,2.5480454494348783,2.586013078689575,50629400,0.0,0.0
601939.SS,2008-07-25 00:00:00+08:00,2.5480450876669383,2.581793997253091,2.535389347151816,2.556482315063477,35278035,0.0,0.0
601939.SS,2008-07-28 00:00:00+08:00,2.577576058892365,2.628199434559789,2.569138829614461,2.573357343673706,56803817,0.0,0.0
601939.SS,2008-07-29 00:00:00+08:00,2.548045270180081,2.552263984760216,2.5016404155955185,2.51851487159729,32448484,0.0,0.0
601939.SS,2008-07-30 00:00:00+08:00,2.5522638786707152,2.5733568472164703,2.514296253665232,2.5353894233703613,24642789,0.0,0.0
601939.SS,2008-07-31 00:00:00+08:00,2.543826493756496,2.556482233869673,2.4678912484399853,2.4805471897125244,27676453,0.0,0.0
601939.SS,2008-08-01 00:00:00+08:00,2.480547142118847,2.5649194117857363,2.442579520189068,2.526951789855957,44045566,0.0,0.0
601939.SS,2008-08-04 00:00:00+08:00,2.5100774501026084,2.5353893333134367,2.4763285407006603,2.4847657680511475,21729419,0.0,0.0
601939.SS,2008-08-05 00:00:00+08:00,2.510078087645905,2.518515317139393,2.451017481191491,2.4552361965179443,23860262,0.0,0.0
601939.SS,2008-08-06 00:00:00+08:00,2.4847658254026967,2.5733568152072865,2.4257052325860946,2.522733449935913,38233612,0.0,0.0
601939.SS,2008-08-07 00:00:00+08:00,2.522733449935913,2.569138302014358,2.4805473122097683,2.522733449935913,29424692,0.0,0.0
601939.SS,2008-08-08 00:00:00+08:00,2.514296571600421,2.5227338003174933,2.4172683407743865,2.4214868545532227,41104515,0.0,0.0
601939.SS,2008-08-11 00:00:00+08:00,2.425705069133369,2.526951792853748,2.3624257662284527,2.383518934249878,55942000,0.0,0.0
601939.SS,2008-08-12 00:00:00+08:00,2.375081332252362,2.42570468611922,2.3497696553189327,2.400393009185791,26999620,0.0,0.0
601939.SS,2008-08-13 00:00:00+08:00,2.383518878015066,2.391956104792703,2.2822719555240663,2.332895517349243,41770668,0.0,0.0
601939.SS,2008-08-14 00:00:00+08:00,2.320239723938601,2.320239723938601,2.2611791327447865,2.2822721004486084,35818427,0.0,0.0
601939.SS,2008-08-15 00:00:00+08:00,2.2780538969997246,2.299146867570457,2.2611794400793808,2.2738351821899414,30154655,0.0,0.0
601939.SS,2008-08-18 00:00:00+08:00,2.27805395119696,2.282272464947712,2.151495320124029,2.15571403503418,33638167,0.0,0.0
601939.SS,2008-08-19 00:00:00+08:00,2.130402177597347,2.189462773470483,2.117746235044841,2.159932374954224,31627756,0.0,0.0
601939.SS,2008-08-20 00:00:00+08:00,2.1557138399814533,2.3582075106805247,2.117746213863071,2.324458599090576,73025319,0.0,0.0
601939.SS,2008-08-21 00:00:00+08:00,2.299146533423383,2.345551383789764,2.2358674297484766,2.244304656982422,55144823,0.0,0.0
601939.SS,2008-08-22 00:00:00+08:00,2.2358670234680176,2.2653972128411985,2.1852434681038124,2.2358670234680176,22239836,0.0,0.0
601939.SS,2008-08-25 00:00:00+08:00,2.248523170019712,2.2738348517215474,2.227430202514532,2.244304656982422,23741072,0.0,0.0
601939.SS,2008-08-26 00:00:00+08:00,2.2232118597750805,2.2738352316369723,2.1894629452004866,2.240086317062378,31846281,0.0,0.0
601939.SS,2008-08-27 00:00:00+08:00,2.2358674297484766,2.2822720789554927,2.2105555468872766,2.244304656982422,31619301,0.0,0.0
601939.SS,2008-08-28 00:00:00+08:00,2.244304581876238,2.2864907166341943,2.244304581876238,2.265397548675537,23539673,0.0,0.0
601939.SS,2008-08-29 00:00:00+08:00,2.2738352345499493,2.341333264945007,2.26961672080242,2.311802864074707,43034909,0.0,0.0
601939.SS,2008-09-01 00:00:00+08:00,2.29492816577565,2.31180262131258,2.210555686931622,2.2274303436279297,30245443,0.0,0.0
601939.SS,2008-09-02 00:00:00+08:00,2.223211814042099,2.223211814042099,2.172588443221565,2.189462900161743,29328219,0.0,0.0
601939.SS,2008-09-03 00:00:00+08:00,2.189462773470483,2.214774457416113,2.1472766335611,2.159932374954224,37465091,0.0,0.0
601939.SS,2008-09-04 00:00:00+08:00,2.159931797798724,2.159931797798724,2.121964382605246,2.143057346343994,51525912,0.0,0.0
601939.SS,2008-09-05 00:00:00+08:00,2.1050898733331342,2.109308587063746,2.075559681856221,2.0797781944274902,33253662,0.0,0.0
601939.SS,2008-09-08 00:00:00+08:00,2.096652541819026,2.1430573847304,2.092434029459446,2.1093084812164307,53378339,0.0,0.0
601939.SS,2008-09-09 00:00:00+08:00,2.121964797207517,2.1304020245833986,2.0797784591687427,2.1050901412963867,32882157,0.0,0.0
601939.SS,2008-09-10 00:00:00+08:00,2.092434542495177,2.130402168837191,2.033373946864897,2.0882158279418945,27392207,0.0,0.0
601939.SS,2008-09-11 00:00:00+08:00,2.079778450657664,2.0882156779990177,2.0122806319268345,2.0207178592681885,33411016,0.0,0.0
601939.SS,2008-09-12 00:00:00+08:00,2.012280725494502,2.041811123142037,1.9869690422934905,1.9954062700271609,21366088,0.0,0.0
601939.SS,2008-09-16 00:00:00+08:00,1.8983777799269028,1.8983777799269028,1.7971310615539549,1.797131061553955,100799296,0.0,0.0
601939.SS,2008-09-17 00:00:00+08:00,1.7338521623513043,1.7718195899284637,1.6157307624816897,1.6157307624816897,135987415,0.0,0.0
601939.SS,2008-09-18 00:00:00+08:00,1.5397954323453351,1.729633139950375,1.4596416754660595,1.6072932481765747,223451749,0.0,0.0
601939.SS,2008-09-19 00:00:00+08:00,1.7676011323928833,1.7676011323928833,1.7676011323928833,1.7676011323928833,21138589,0.0,0.0
601939.SS,2008-09-22 00:00:00+08:00,1.944782972335816,1.944782972335816,1.944782972335816,1.944782972335816,91982798,0.0,0.0
601939.SS,2008-09-23 00:00:00+08:00,1.9447831312244963,2.037592647156436,1.885722329017498,1.965876102447509,599710386,0.0,0.0
601939.SS,2008-09-24 00:00:00+08:00,1.8857223775792429,1.936345952368831,1.8266617750106968,1.9321272373199463,205314247,0.0,0.0
601939.SS,2008-09-25 00:00:00+08:00,1.9110341756848752,2.062904289433533,1.8857222889007028,1.986969232559204,169865923,0.0,0.0
601939.SS,2008-09-26 00:00:00+08:00,2.0038434977608315,2.0207179532281723,1.932126961444944,1.9954062700271609,103213484,0.0,0.0
601939.SS,2008-10-06 00:00:00+08:00,1.9616572950030648,1.9616572950030648,1.8604103643474856,1.8730663061141968,85006086,0.0,0.0
601939.SS,2008-10-07 00:00:00+08:00,1.8097868798241488,1.9194710306786344,1.763382031296532,1.8857219219207764,67375758,0.0,0.0
601939.SS,2008-10-08 00:00:00+08:00,1.814005965738994,1.864629337514931,1.7591638790686963,1.784475564956665,79830935,0.0,0.0
601939.SS,2008-10-09 00:00:00+08:00,1.839317602686,1.839317602686,1.7422893754508364,1.7760382890701294,69145759,0.0,0.0
601939.SS,2008-10-10 00:00:00+08:00,1.6874471752040046,1.776038167994965,1.6832285612891822,1.7338520288467407,84054090,0.0,0.0
601939.SS,2008-10-13 00:00:00+08:00,1.725414428270742,1.8561915319577644,1.725414428270742,1.8519728183746336,97589457,0.0,0.0
601939.SS,2008-10-14 00:00:00+08:00,1.919471102783808,1.9827502063284064,1.8140056619969915,1.822442889213562,98623953,0.0,0.0
601939.SS,2008-10-15 00:00:00+08:00,1.814005434848674,1.889940470289286,1.814005434848674,1.864628791809082,57444579,0.0,0.0
601939.SS,2008-10-16 00:00:00+08:00,1.8013497050642686,1.809786932208108,1.721195946618114,1.750726342201233,66656415,0.0,0.0
601939.SS,2008-10-17 00:00:00+08:00,1.7633824174395838,1.784475589887279,1.750726674898487,1.7676011323928833,24263025,0.0,0.0
601939.SS,2008-10-20 00:00:00+08:00,1.7549449770611,1.7971313168691805,1.7211960661421366,1.7929126024246216,38908298,0.0,0.0
601939.SS,2008-10-21 00:00:00+08:00,1.788693887980063,1.8013498301543625,1.7633822047908403,1.7929126024246216,40732127,0.0,0.0
601939.SS,2008-10-22 00:00:00+08:00,1.7676011024445033,1.7760383310487498,1.7338521880275175,1.754945158958435,40092399,0.0,0.0
601939.SS,2008-10-23 00:00:00+08:00,1.7211958587179763,1.7211958587179763,1.6241676509392988,1.68744695186615,78723880,0.0,0.0
601939.SS,2008-10-24 00:00:00+08:00,1.6832283667869132,1.6832283667869132,1.603074611087613,1.6410422325134275,84064619,0.0,0.0
601939.SS,2008-10-27 00:00:00+08:00,1.6030748235454422,1.6030748235454422,1.510265215263905,1.556670069694519,74390084,0.0,0.0
601939.SS,2008-10-28 00:00:00+08:00,1.5102651574740162,1.6579168425092117,1.5018279298239692,1.6368237733840942,87541372,0.0,0.0
601939.SS,2008-10-29 00:00:00+08:00,1.6494795143297536,1.657916741465584,1.552451301688022,1.5608885288238523,67340219,0.0,0.0
601939.SS,2008-10-30 00:00:00+08:00,1.581981512306383,1.6663538797453252,1.5524512189056396,1.6283862590789795,84560840,0.0,0.0
601939.SS,2008-10-31 00:00:00+08:00,1.6115121482420387,1.641042548499291,1.5988563055230864,1.6157307624816897,34234325,0.0,0.0
601939.SS,2008-11-03 00:00:00+08:00,1.615730885189254,1.6663543604893876,1.6030750415091468,1.645261287689209,50672273,0.0,0.0
601939.SS,2008-11-04 00:00:00+08:00,1.6410423773745832,1.6747912877725184,1.628386435395671,1.666354060173035,37900807,0.0,0.0
601939.SS,2008-11-05 00:00:00+08:00,1.6621354454206578,1.7718194041510826,1.6621354454206578,1.725414752960205,84713363,0.0,0.0
601939.SS,2008-11-06 00:00:00+08:00,1.68744695186615,1.700102892515261,1.6705724984402366,1.68744695186615,33553777,0.0,0.0
601939.SS,2008-11-07 00:00:00+08:00,1.6621354454206578,1.7591636633387973,1.6494796040286857,1.725414752960205,41362754,0.0,0.0
601939.SS,2008-11-10 00:00:00+08:00,1.7633818447222418,1.8646287579646907,1.7633818447222418,1.8519728183746336,115189330,0.0,0.0
601939.SS,2008-11-11 00:00:00+08:00,1.8477543255350484,1.8983776821131584,1.8224426472459927,1.835098385810852,86822304,0.0,0.0
601939.SS,2008-11-12 00:00:00+08:00,1.814005401923134,1.868847270388486,1.8097866883400031,1.8519728183746336,38141806,0.0,0.0
601939.SS,2008-11-13 00:00:00+08:00,1.8350982462379128,1.915251988636631,1.8224425086356173,1.898377537727356,96457512,0.0,0.0
601939.SS,2008-11-14 00:00:00+08:00,1.902596990181984,1.944783133844238,1.894159560290132,1.9236899614334104,98651524,0.0,0.0
601939.SS,2008-11-17 00:00:00+08:00,1.932552594293598,2.02334367652434,1.897965554616176,1.9671398401260376,95890587,0.1105,0.0
601939.SS,2008-11-18 00:00:00+08:00,2.010373428070872,2.0449604641069734,1.837438041735367,1.854731559753418,147614485,0.0,0.0
601939.SS,2008-11-19 00:00:00+08:00,1.846084749936012,1.9455225788805504,1.8201444736228696,1.9325523376464844,93767805,0.0,0.0
601939.SS,2008-11-20 00:00:00+08:00,1.8979652248309191,1.9325522584985924,1.8590549150322777,1.8936419486999512,72016026,0.0,0.0
601939.SS,2008-11-21 00:00:00+08:00,1.8504079795796675,1.9541690706554624,1.8114974673487632,1.9109352827072144,103325439,0.0,0.0
601939.SS,2008-11-24 00:00:00+08:00,1.889318784995901,1.910935787760804,1.8374382257461548,1.8374382257461548,48051946,0.0,0.0
601939.SS,2008-11-25 00:00:00+08:00,1.8720252652459857,1.8936422680108884,1.82014470599624,1.8374382257461548,47082600,0.0,0.0
601939.SS,2008-11-26 00:00:00+08:00,1.837438041735367,1.8677018013444544,1.8287912827263413,1.854731559753418,33400570,0.0,0.0
601939.SS,2008-11-27 00:00:00+08:00,1.9671398499398824,1.988756646768606,1.859055247331208,1.8677020072937007,118104702,0.0,0.0
601939.SS,2008-11-28 00:00:00+08:00,1.867701913347955,1.867701913347955,1.7725873523897906,1.7942043542861938,51921530,0.0,0.0
601939.SS,2008-12-01 00:00:00+08:00,1.776910782058832,1.7898808178845522,1.7336769857147614,1.7725872993469238,50127301,0.0,0.0
601939.SS,2008-12-02 00:00:00+08:00,1.746646761894226,1.763940277861102,1.7207064879439125,1.746646761894226,79287546,0.0,0.0
601939.SS,2008-12-03 00:00:00+08:00,1.7898809433563792,1.8460849856211128,1.7855576664964086,1.8374382257461548,102180124,0.0,0.0
601939.SS,2008-12-04 00:00:00+08:00,1.8893184664140008,1.945522499201461,1.8806717079970825,1.8936419486999512,165397397,0.0,0.0
601939.SS,2008-12-05 00:00:00+08:00,1.8849957504391104,1.906612549827687,1.8677022284662324,1.897965788841248,63999895,0.0,0.0
601939.SS,2008-12-08 00:00:00+08:00,1.9109358628653847,1.9801099445837624,1.893642342435791,1.9498463869094849,138282260,0.0,0.0
601939.SS,2008-12-09 00:00:00+08:00,1.9628161732879084,1.9671396559202377,1.8806718586686348,1.8849953413009644,111987988,0.0,0.0
601939.SS,2008-12-10 00:00:00+08:00,1.880672099036083,1.9541696639393709,1.8763488220061968,1.9498463869094849,105451774,0.0,0.0
601939.SS,2008-12-11 00:00:00+08:00,1.9325526240774749,1.9455228672339104,1.880672063761776,1.889318823814392,88631028,0.0,0.0
601939.SS,2008-12-12 00:00:00+08:00,1.872025368380634,1.8893188890832933,1.8071745626681464,1.8114980459213257,71624088,0.0,0.0
601939.SS,2008-12-15 00:00:00+08:00,1.8287912054668547,1.85040820515368,1.7725871712050985,1.8071742057800293,77418695,0.0,0.0
601939.SS,2008-12-16 00:00:00+08:00,1.7942042351176009,1.807174270469984,1.733676922444825,1.7898807525634766,69990461,0.0,0.0
601939.SS,2008-12-17 00:00:00+08:00,1.794204627930075,1.7985279052757168,1.746647340197773,1.7812343835830688,137185887,0.0,0.0
601939.SS,2008-12-18 00:00:00+08:00,1.7725872563033662,1.824467810656441,1.7509704617337505,1.8158210515975952,160571645,0.0,0.0
601939.SS,2008-12-19 00:00:00+08:00,1.7942043542861938,1.8158211500275887,1.7812341119173505,1.7942043542861938,107608403,0.0,0.0
601939.SS,2008-12-22 00:00:00+08:00,1.794204333817352,1.7985276104543062,1.7552938133097329,1.7639405727386477,60164383,0.0,0.0
601939.SS,2008-12-23 00:00:00+08:00,1.7725873954792246,1.7725873954792246,1.712060077314962,1.716383457183838,105963381,0.0,0.0
601939.SS,2008-12-24 00:00:00+08:00,1.703412993900331,1.7336767503093506,1.6947662358056077,1.7077363729476929,54751027,0.0,0.0
601939.SS,2008-12-25 00:00:00+08:00,1.7163837128110513,1.738000615374914,1.694766810247189,1.7120603322982788,43492186,0.0,0.0
601939.SS,2008-12-26 00:00:00+08:00,1.712059751995055,1.720706510089778,1.6817960986635223,1.7077363729476929,61660134,0.0,0.0
601939.SS,2008-12-29 00:00:00+08:00,1.686119572413051,1.6947663309934269,1.6645025728846203,1.6817961931228638,48095316,0.0,0.0
601939.SS,2008-12-30 00:00:00+08:00,1.6817963952340589,1.6990899144730711,1.6472092536785283,1.655856013298035,54645911,0.0,0.0
601939.SS,2008-12-31 00:00:00+08:00,1.655856013298035,1.668826152727294,1.6428858738687753,1.655856013298035,46409615,0.0,0.0
601939.SS,2009-01-05 00:00:00+08:00,1.6731493314649954,1.686119572413051,1.6515324350140577,1.6817961931228638,81877207,0.0,0.0
601939.SS,2009-01-06 00:00:00+08:00,1.6817964182328309,1.720706837052714,1.6731495554175722,1.716383457183838,119875960,0.0,0.0
601939.SS,2009-01-07 00:00:00+08:00,1.7120598643628588,1.7120598643628588,1.6688259679741793,1.673149347305298,137053400,0.0,0.0
601939.SS,2009-01-08 00:00:00+08:00,1.6428859375621625,1.6428859375621625,1.5910053778337565,1.608298897743225,160789276,0.0,0.0
601939.SS,2009-01-09 00:00:00+08:00,1.6082988317598077,1.634239110559763,1.59532869235983,1.6255923509597778,106426866,0.0,0.0
601939.SS,2009-01-12 00:00:00+08:00,1.625592487026802,1.6428860076742922,1.6169457267030567,1.6212691068649292,85281265,0.0,0.0
601939.SS,2009-01-13 00:00:00+08:00,1.5996525644153643,1.6039759455457758,1.5866824210241293,1.591005802154541,95289087,0.0,0.0
601939.SS,2009-01-14 00:00:00+08:00,1.5910049172604095,1.6472088406959444,1.5866815385345994,1.6385620832443235,81717748,0.0,0.0
601939.SS,2009-01-15 00:00:00+08:00,1.6299157101427988,1.6299157101427988,1.5910052924350475,1.5996520519256592,236637424,0.0,0.0
601939.SS,2009-01-16 00:00:00+08:00,1.6126225296992305,1.6861201038762674,1.6082991490463177,1.6645030975341797,307907489,0.0,0.0
601939.SS,2009-01-19 00:00:00+08:00,1.686119456010161,1.7942040338806204,1.686119456010161,1.746646761894226,351090388,0.0,0.0
601939.SS,2009-01-20 00:00:00+08:00,1.729353684806171,1.7725874856953203,1.720706924628341,1.7552939653396606,141048997,0.0,0.0
601939.SS,2009-01-21 00:00:00+08:00,1.720706807416574,1.7725873649495338,1.720706807416574,1.7596173286437988,145312586,0.0,0.0
601939.SS,2009-01-22 00:00:00+08:00,1.7725874856953203,1.7725874856953203,1.7250303047172562,1.7552939653396606,82725793,0.0,0.0
601939.SS,2009-01-23 00:00:00+08:00,1.750970307498136,1.750970307498136,1.7250299295290787,1.7293533086776731,73843701,0.0,0.0
601939.SS,2009-02-02 00:00:00+08:00,1.7466472726349629,1.7509707559684065,1.729353751611253,1.738000512123108,49625564,0.0,0.0
601939.SS,2009-02-03 00:00:00+08:00,1.7380002944519035,1.7639405727386477,1.7293535350229887,1.7639405727386477,100375092,0.0,0.0
601939.SS,2009-02-04 00:00:00+08:00,1.7725875212628277,1.8158213230194764,1.763940760911498,1.8114980459213257,207435115,0.0,0.0
601939.SS,2009-02-05 00:00:00+08:00,1.8071740618603696,1.8417612998358304,1.7769105120949262,1.7855572700500488,180173905,0.0,0.0
601939.SS,2009-02-06 00:00:00+08:00,1.7942046248056844,1.8633787114558185,1.7942046248056844,1.850408673286438,210713313,0.0,0.0
601939.SS,2009-02-09 00:00:00+08:00,1.8849953741472585,1.919582411188584,1.8460848543982664,1.8720251321792605,188809436,0.0,0.0
601939.SS,2009-02-10 00:00:00+08:00,1.859055063971983,1.897965376887956,1.846084822229993,1.8849953413009644,220888844,0.0,0.0
601939.SS,2009-02-11 00:00:00+08:00,1.854731917325611,1.9239060027338275,1.8417618793890884,1.9152592420578003,246946420,0.0,0.0
601939.SS,2009-02-12 00:00:00+08:00,1.9152588395137389,1.9239055983724127,1.8071742507028168,1.8633782863616943,211780049,0.0,0.0
601939.SS,2009-02-13 00:00:00+08:00,1.854731718535344,1.919582519732352,1.828791439287544,1.9066122770309448,228484700,0.0,0.0
601939.SS,2009-02-16 00:00:00+08:00,1.9152588109807416,1.9757863282447303,1.9152588109807416,1.9714628458023071,260483753,0.0,0.0
601939.SS,2009-02-17 00:00:00+08:00,1.975786772016509,2.0319906133067542,1.9152592411577285,1.919582724571228,292964832,0.0,0.0
601939.SS,2009-02-18 00:00:00+08:00,1.8849955081359304,1.915259064620774,1.82014470599624,1.8374382257461548,186646564,0.0,0.0
601939.SS,2009-02-19 00:00:00+08:00,1.8417615894934567,1.85473162538848,1.807174346078389,1.8331146240234373,132525583,0.0,0.0
601939.SS,2009-02-20 00:00:00+08:00,1.828791347003388,1.846084865629259,1.811497828377517,1.841761589050293,101508748,0.0,0.0
601939.SS,2009-02-23 00:00:00+08:00,1.8287912827263413,1.8677018013444544,1.7855574876812148,1.854731559753418,221073569,0.0,0.0
601939.SS,2009-02-24 00:00:00+08:00,1.8287913715330109,1.8374381309619248,1.742323777243864,1.7639405727386477,251974512,0.0,0.0
601939.SS,2009-02-25 00:00:00+08:00,1.7769105674783818,1.8071741181870915,1.7293532941654386,1.7985273599624634,175495620,0.0,0.0
601939.SS,2009-02-26 00:00:00+08:00,1.7769109688617477,1.8287915299287267,1.738000444984001,1.7552939653396606,176179417,0.0,0.0
601939.SS,2009-02-27 00:00:00+08:00,1.7380003265942274,1.789880884127187,1.7380003265942274,1.7596173286437988,157780962,0.0,0.0
601939.SS,2009-03-02 00:00:00+08:00,1.746646761894226,1.7682637599303068,1.7163831089521937,1.746646761894226,104436123,0.0,0.0
601939.SS,2009-03-03 00:00:00+08:00,1.7163834242204248,1.7380003231496484,1.703413284862891,1.7250301837921145,78526916,0.0,0.0
601939.SS,2009-03-04 00:00:00+08:00,1.725030339330514,1.837438326975315,1.720706959154849,1.8114980459213257,301571752,0.0,0.0
601939.SS,2009-03-05 00:00:00+08:00,1.824467917068455,1.893642199728806,1.794204361674873,1.859055161476136,430083525,0.0,0.0
601939.SS,2009-03-06 00:00:00+08:00,1.815821375233771,1.8633786616111176,1.815821375233771,1.82446813583374,158974901,0.0,0.0
601939.SS,2009-03-09 00:00:00+08:00,1.84176157965244,1.8763486167276964,1.7725872993469238,1.7725872993469238,202901701,0.0,0.0
601939.SS,2009-03-10 00:00:00+08:00,1.7509705040568064,1.7855575411282,1.742323744788958,1.7769107818603516,117357030,0.0,0.0
601939.SS,2009-03-11 00:00:00+08:00,1.824468011451992,1.8374382545452257,1.763940691378613,1.7682641744613647,146592214,0.0,0.0
601939.SS,2009-03-12 00:00:00+08:00,1.7639406053607072,1.7682640882326257,1.7293535670054008,1.7596173286437988,102366469,0.0,0.0
601939.SS,2009-03-13 00:00:00+08:00,1.7682640882326257,1.789880884127187,1.7552938457718803,1.7596173286437988,83853999,0.0,0.0
601939.SS,2009-03-16 00:00:00+08:00,1.7596175845447788,1.7855578670837509,1.7423240628521308,1.7812343835830688,81593427,0.0,0.0
601939.SS,2009-03-17 00:00:00+08:00,1.7855573809333842,1.824467691070285,1.7682638639492096,1.8201444149017327,188763738,0.0,0.0
601939.SS,2009-03-18 00:00:00+08:00,1.8244680833708065,1.837438326975315,1.8071745626681464,1.8114980459213257,138646473,0.0,0.0
601939.SS,2009-03-19 00:00:00+08:00,1.8244678647084216,1.8331146240234373,1.8114978288133992,1.8331146240234373,104827537,0.0,0.0
601939.SS,2009-03-20 00:00:00+08:00,1.8287911733938207,1.850408172701531,1.8028508979175588,1.8201444149017327,163898758,0.0,0.0
601939.SS,2009-03-23 00:00:00+08:00,1.8244678642694183,1.8504083483632283,1.811497828377517,1.841761589050293,191821404,0.0,0.0
601939.SS,2009-03-24 00:00:00+08:00,1.8763489557802384,1.8979657547808853,1.841761912455172,1.850408673286438,211386382,0.0,0.0
601939.SS,2009-03-25 00:00:00+08:00,1.8417615349291296,1.8633783294987456,1.815821051597595,1.8158210515975952,154892047,0.0,0.0
601939.SS,2009-03-26 00:00:00+08:00,1.815821051597595,1.815821051597595,1.815821051597595,1.8158210515975952,0,0.0,0.0
601939.SS,2009-03-27 00:00:00+08:00,1.906612135997616,1.923905654216937,1.876348582191304,1.8849953413009644,388949440,0.0,0.0
601939.SS,2009-03-30 00:00:00+08:00,1.8893185629377165,1.8979653217963903,1.8633782863616943,1.8633782863616943,174156252,0.0,0.0
601939.SS,2009-03-31 00:00:00+08:00,1.837438159490712,1.872025197743382,1.820144640364376,1.859055161476136,151305718,0.0,0.0
601939.SS,2009-04-01 00:00:00+08:00,1.8720252841974383,1.880672044159932,1.8460850043099588,1.8677020072937007,227042887,0.0,0.0
601939.SS,2009-04-02 00:00:00+08:00,1.876348989452672,1.928229555371306,1.8720255058819304,1.897965788841248,335220155,0.0,0.0
601939.SS,2009-04-03 00:00:00+08:00,1.919582270883211,1.9887563399098176,1.9066120298632288,1.9455225467681885,376249717,0.0,0.0
601939.SS,2009-04-07 00:00:00+08:00,1.9541696304070384,1.9930801537834577,1.9455228703406144,1.9584931135177608,230027458,0.0,0.0
601939.SS,2009-04-08 00:00:00+08:00,1.954169414178248,1.9584928968105773,1.8806718586686348,1.8849953413009644,185573276,0.0,0.0
601939.SS,2009-04-09 00:00:00+08:00,1.889318960029719,1.9411995240858813,1.872025438677665,1.9152592420578003,136941461,0.0,0.0
601939.SS,2009-04-10 00:00:00+08:00,1.9368759927118584,1.9584929946433447,1.9239057503219648,1.954169511795044,152436952,0.0,0.0
601939.SS,2009-04-13 00:00:00+08:00,1.9757864475250244,1.9887564833253293,1.954169446317846,1.9757864475250244,209679685,0.0,0.0
601939.SS,2009-04-14 00:00:00+08:00,1.9714628458023071,1.9930798457044443,1.945522569612736,1.9714628458023071,160951700,0.0,0.0
601939.SS,2009-04-15 00:00:00+08:00,1.9584929946433447,1.9628162713366368,1.915258990780372,1.954169511795044,142278643,0.0,0.0
601939.SS,2009-04-16 00:00:00+08:00,1.9541696639393709,1.971463184368965,1.9195826230801825,1.9498463869094849,175158177,0.0,0.0
601939.SS,2009-04-17 00:00:00+08:00,1.9498460613435693,1.9584928201146168,1.9152588201043896,1.9325523376464844,129723137,0.0,0.0
601939.SS,2009-04-20 00:00:00+08:00,1.928229350207766,1.9584931135177608,1.923905867097044,1.9584931135177608,105625902,0.0,0.0
601939.SS,2009-04-21 00:00:00+08:00,1.941199096417532,1.941199096417532,1.9152588201043896,1.9325523376464844,132820734,0.0,0.0
601939.SS,2009-04-22 00:00:00+08:00,1.941198831193507,1.9801093434244108,1.9066118008349084,1.9109352827072144,223879567,0.0,0.0
601939.SS,2009-04-23 00:00:00+08:00,1.8936421004106248,1.9022888595202847,1.8633783404493136,1.8849953413009644,151720640,0.0,0.0
601939.SS,2009-04-24 00:00:00+08:00,1.889318498140366,1.8979652567024847,1.8763484633746803,1.880671739578247,94592242,0.0,0.0
601939.SS,2009-04-27 00:00:00+08:00,1.872024981016128,1.8936419804989184,1.8547314638918904,1.880671739578247,117605051,0.0,0.0
601939.SS,2009-04-28 00:00:00+08:00,1.8720252841974383,1.884995527218688,1.854731764272452,1.8677020072937007,93882539,0.0,0.0
601939.SS,2009-04-29 00:00:00+08:00,1.8677021614171696,1.9325527634098545,1.8590554007411424,1.9152592420578003,127658052,0.0,0.0
601939.SS,2009-04-30 00:00:00+08:00,1.9239057965294784,1.9282292794816187,1.893642240484552,1.9066122770309448,103021511,0.0,0.0
601939.SS,2009-05-04 00:00:00+08:00,1.910935981538216,1.9498465079987344,1.906612498084808,1.941199541091919,130773780,0.0,0.0
601939.SS,2009-05-05 00:00:00+08:00,1.96281606402484,1.984433063673148,1.932552305748206,1.9455225467681885,191362009,0.0,0.0
601939.SS,2009-05-06 00:00:00+08:00,1.945522752253451,1.9671397541849367,1.9325525098635568,1.954169511795044,165113485,0.0,0.0
601939.SS,2009-05-07 00:00:00+08:00,1.9628163760722075,2.019020419169104,1.954169616069225,1.993080139160156,286429538,0.0,0.0
601939.SS,2009-05-08 00:00:00+08:00,1.9844332164377416,2.0406370487710195,1.971462974419291,2.036313772201538,275222300,0.0,0.0
601939.SS,2009-05-11 00:00:00+08:00,2.053607147409436,2.0968409408607425,2.006049871535505,2.01037335395813,288376633,0.0,0.0
601939.SS,2009-05-12 00:00:00+08:00,1.9930800402631987,2.023343595694445,1.975786521115341,2.0190203189849854,187130236,0.0,0.0
601939.SS,2009-05-13 00:00:00+08:00,2.0276678351978896,2.031991113520612,1.993080783995765,2.0060508251190186,199851649,0.0,0.0
601939.SS,2009-05-14 00:00:00+08:00,1.9930800533527429,2.00172681298346,1.9714630511984463,1.9801098108291624,145463590,0.0,0.0
601939.SS,2009-05-15 00:00:00+08:00,1.988756537437439,2.001726779745654,1.980109777950298,1.988756537437439,107953678,0.0,0.0
601939.SS,2009-05-18 00:00:00+08:00,1.9801098108291624,1.9844332937220264,1.9541695319370127,1.9801098108291624,94749173,0.0,0.0
601939.SS,2009-05-19 00:00:00+08:00,2.00605017608712,2.010373659166121,1.984433379157173,1.993080139160156,141729279,0.0,0.0
601939.SS,2009-05-20 00:00:00+08:00,1.9930798457044443,1.9974031219918784,1.9671395695148728,1.9714628458023071,90130985,0.0,0.0
601939.SS,2009-05-21 00:00:00+08:00,1.962816546048882,1.9844335510058453,1.9368762637935488,1.941199541091919,118290874,0.0,0.0
601939.SS,2009-05-22 00:00:00+08:00,1.9368757881398628,1.96281606402484,1.928229029511537,1.9455225467681885,74404475,0.0,0.0
601939.SS,2009-05-25 00:00:00+08:00,1.9109355122548848,1.9541693053965143,1.9066120298632288,1.9455225467681885,110872559,0.0,0.0
601939.SS,2009-05-26 00:00:00+08:00,1.945522731661068,1.9498462144636064,1.9239057299583864,1.9282292127609253,69269531,0.0,0.0
601939.SS,2009-05-27 00:00:00+08:00,1.941199289413433,1.997403330090596,1.919582493414148,1.9801098108291624,158818759,0.0,0.0
601939.SS,2009-06-01 00:00:00+08:00,1.993079975731708,2.044960531495504,1.993079975731708,2.036313772201538,212136900,0.0,0.0
601939.SS,2009-06-02 00:00:00+08:00,2.0492840828587098,2.0709010870698057,2.001727003442348,2.023343801498413,201197960,0.0,0.0
601939.SS,2009-06-03 00:00:00+08:00,2.023343769526321,2.096841335296631,2.019020492445436,2.096841335296631,273492948,0.0,0.0
601939.SS,2009-06-04 00:00:00+08:00,2.0838712308718943,2.157368588123157,2.075224470833215,2.118458271026612,342401456,0.0,0.0
601939.SS,2009-06-05 00:00:00+08:00,2.118457889812741,2.157368199907425,2.08819413204578,2.092517614364624,164834913,0.0,0.0
601939.SS,2009-06-08 00:00:00+08:00,2.096841145355941,2.2568062998039284,2.096841145355941,2.2135725021362305,388846605,0.0,0.0
601939.SS,2009-06-09 00:00:00+08:00,2.2178962244740927,2.3173340729248326,2.2135727411629587,2.278423547744751,338038646,0.0,0.0
601939.SS,2009-06-10 00:00:00+08:00,2.269776044439782,2.3173333145228625,2.243835771527637,2.2913930416107178,173623816,0.0,0.0
601939.SS,2009-06-11 00:00:00+08:00,2.2913930416107178,2.2913930416107178,2.2913930416107178,2.2913930416107178,0,0.0,0.0
601939.SS,2009-06-12 00:00:00+08:00,2.304363724002403,2.313010484075104,2.2222194002342377,2.2395129203796387,183391548,0.0,0.0
601939.SS,2009-06-15 00:00:00+08:00,2.2395129617885474,2.438388653292919,2.2395129617885474,2.421095132827759,284909217,0.0,0.0
601939.SS,2009-06-16 00:00:00+08:00,2.386507921589739,2.4297417196673594,2.369214402358691,2.4081249237060547,212945374,0.0,0.0
601939.SS,2009-06-17 00:00:00+08:00,2.4167718894735453,2.4383886872787746,2.356244360846836,2.4124484062194824,124823048,0.0,0.0
601939.SS,2009-06-18 00:00:00+08:00,2.416771438875595,2.602676854883337,2.416771438875595,2.53782606124878,344949381,0.0,0.0
601939.SS,2009-06-19 00:00:00+08:00,2.537826471028245,2.607000758280249,2.524856433900073,2.5551199913024902,283034325,0.0,0.0
601939.SS,2009-06-22 00:00:00+08:00,2.572413077912078,2.6502341121819155,2.572413077912078,2.611323595046997,221659875,0.0,0.0
601939.SS,2009-06-23 00:00:00+08:00,2.576736481728981,2.78858216599035,2.5507962064819765,2.69779109954834,348286345,0.0,0.0
601939.SS,2009-06-24 00:00:00+08:00,2.6994127132959336,2.7125592960498643,2.6205338436458807,2.659973382949829,233649638,0.0837,0.0
601939.SS,2009-06-25 00:00:00+08:00,2.65997364672035,2.716941620415572,2.629298423224565,2.6731200218200684,133415725,0.0,0.0
601939.SS,2009-06-26 00:00:00+08:00,2.677502235961486,2.725705889033898,2.6731199717051606,2.7037951946258545,130035225,0.0,0.0
601939.SS,2009-06-29 00:00:00+08:00,2.6994127964728944,2.716941434713016,2.664355519992652,2.6862664222717285,141332180,0.0,0.0
601939.SS,2009-06-30 00:00:00+08:00,2.6862669297300115,2.72570626874178,2.6336810050757262,2.6424453258514404,124369100,0.0,0.0
601939.SS,2009-07-01 00:00:00+08:00,2.6292986294315286,2.72570615390255,2.616152044342903,2.7169418334960938,194333886,0.0,0.0
601939.SS,2009-07-02 00:00:00+08:00,2.7125598544542178,2.822113967110893,2.6950312131457808,2.7870566844940186,191018664,0.0,0.0
601939.SS,2009-07-03 00:00:00+08:00,2.7607633821428803,2.8133492995846074,2.7388524787298967,2.8045849800109863,132564945,0.0,0.0
601939.SS,2009-07-06 00:00:00+08:00,2.804585215199425,2.918521379211022,2.804585215199425,2.883464097976685,194957335,0.0,0.0
601939.SS,2009-07-07 00:00:00+08:00,2.87469959068998,2.87469959068998,2.7870563933046832,2.795820713043213,178215931,0.0,0.0
601939.SS,2009-07-08 00:00:00+08:00,2.7607636444862576,2.782674341023458,2.6512095349266103,2.7169418334960938,365355067,0.0,0.0
601939.SS,2009-07-09 00:00:00+08:00,2.699412770654926,2.716941408727398,2.664355494509981,2.708177089691162,168139500,0.0,0.0
601939.SS,2009-07-10 00:00:00+08:00,2.7125596455899657,2.738852605528091,2.6862666856518405,2.699413061141968,127976940,0.0,0.0
601939.SS,2009-07-13 00:00:00+08:00,2.681884664863209,2.690648985638924,2.6336810050757262,2.6424453258514404,171452075,0.0,0.0
601939.SS,2009-07-14 00:00:00+08:00,2.651208753197332,2.699412396740687,2.651208753197332,2.690648078918457,126250440,0.0,0.0
601939.SS,2009-07-15 00:00:00+08:00,2.708177115592955,2.716941434713016,2.6599734649115465,2.6862664222717285,205428161,0.0,0.0
601939.SS,2009-07-16 00:00:00+08:00,2.6950306126507604,2.77390948096328,2.6468267553141893,2.725705623626709,312576092,0.0,0.0
601939.SS,2009-07-17 00:00:00+08:00,2.716941620415572,2.7213238847540544,2.655591382381868,2.6731200218200684,258480209,0.0,0.0
601939.SS,2009-07-20 00:00:00+08:00,2.6731194432739973,2.695030342308482,2.638062171985077,2.690648078918457,266934359,0.0,0.0
601939.SS,2009-07-21 00:00:00+08:00,2.690648579766445,2.703795163425857,2.6424449272502706,2.646826982498169,250600857,0.0,0.0
601939.SS,2009-07-22 00:00:00+08:00,2.638062847749933,2.6775023925316925,2.620534207615346,2.655591487884521,332307921,0.0,0.0
601939.SS,2009-07-23 00:00:00+08:00,2.651209746236446,2.7037956728664505,2.6205345178899946,2.681884765625,319421605,0.0,0.0
601939.SS,2009-07-24 00:00:00+08:00,2.686266659062791,2.708177354315417,2.633680739707043,2.664355754852295,290717150,0.0,0.0
601939.SS,2009-07-27 00:00:00+08:00,2.6731201012038426,2.7081773811213425,2.6687380456930905,2.699413061141968,272237419,0.0,0.0
601939.SS,2009-07-28 00:00:00+08:00,2.703795034651968,2.712559353688204,2.6775020775432594,2.708177089691162,202399590,0.0,0.0
601939.SS,2009-07-29 00:00:00+08:00,2.6994127442358087,2.813349099549634,2.6380625115825893,2.695030689239502,501374047,0.0,0.0
601939.SS,2009-07-30 00:00:00+08:00,2.7388526332564225,2.8746996987909963,2.695031032915894,2.857171058654785,615061204,0.0,0.0
601939.SS,2009-07-31 00:00:00+08:00,2.9141390295659724,2.9579606266883016,2.852788793594711,2.892228126525879,399714123,0.0,0.0
601939.SS,2009-08-03 00:00:00+08:00,2.8922280447338133,2.8922280447338133,2.8045848529677,2.8659350872039795,239436317,0.0,0.0
601939.SS,2009-08-04 00:00:00+08:00,2.848406766007245,2.848406766007245,2.7651456200797804,2.813349485397339,294728080,0.0,0.0
601939.SS,2009-08-05 00:00:00+08:00,2.8045847372709645,2.8045847372709645,2.7388522416790977,2.7826738357543945,226757457,0.0,0.0
601939.SS,2009-08-06 00:00:00+08:00,2.756380796432495,2.8221132900479686,2.708176939920103,2.756380796432495,220625261,0.0,0.0
601939.SS,2009-08-07 00:00:00+08:00,2.751999218806602,2.7826742345768367,2.6512094335089587,2.677502393722534,170639179,0.0,0.0
601939.SS,2009-08-10 00:00:00+08:00,2.690648332584264,2.7037949150359366,2.5854765088022367,2.624915838241577,194386970,0.0,0.0
601939.SS,2009-08-11 00:00:00+08:00,2.6292989253997803,2.646827568185813,2.607388017438287,2.6292989253997803,96977523,0.0,0.0
601939.SS,2009-08-12 00:00:00+08:00,2.6336805156605925,2.642444834807639,2.515361893738689,2.5197441577911377,169462029,0.0,0.0
601939.SS,2009-08-13 00:00:00+08:00,2.519744372145055,2.681884394637544,2.4627761883640606,2.664355754852295,245197822,0.0,0.0
601939.SS,2009-08-14 00:00:00+08:00,2.6292989253997803,2.677502797540323,2.546037767687172,2.6292989253997803,214268464,0.0,0.0
601939.SS,2009-08-17 00:00:00+08:00,2.585477145827243,2.651209656365491,2.480305087174469,2.497833728790283,203177035,0.0,0.0
601939.SS,2009-08-18 00:00:00+08:00,2.484687352057368,2.532891220979802,2.397043935020408,2.497833728790283,178212317,0.0,0.0
601939.SS,2009-08-19 00:00:00+08:00,2.484687352057368,2.532891220979802,2.397043935020408,2.497833728790283,178212320,0.0,0.0
601939.SS,2009-08-20 00:00:00+08:00,2.4058081290167737,2.4846872210880644,2.4058081290167737,2.480304956436157,99960767,0.0,0.0
601939.SS,2009-08-21 00:00:00+08:00,2.4846869100893048,2.585476685931021,2.4715403267369704,2.5548014640808105,154998300,0.0,0.0
601939.SS,2009-08-24 00:00:00+08:00,2.4846869100893048,2.585476685931021,2.4715403267369704,2.5548014640808105,154998304,0.0,0.0
601939.SS,2009-08-25 00:00:00+08:00,2.5197442587902943,2.524126523018398,2.357604243591936,2.423336744308472,132173722,0.0,0.0
601939.SS,2009-08-26 00:00:00+08:00,2.418954427833745,2.471540343688035,2.361986247846004,2.432101011276245,87084137,0.0,0.0
601939.SS,2009-08-27 00:00:00+08:00,2.4233366400018013,2.480304609810082,2.4014257377201047,2.4408652782440186,66942874,0.0,0.0
601939.SS,2009-08-28 00:00:00+08:00,2.432101168326313,2.462776183409858,2.3663686647849245,2.383897304534912,97989422,0.0,0.0
601939.SS,2009-08-31 00:00:00+08:00,2.3576043960846813,2.379515091768831,2.239285970725079,2.252432346343994,114457096,0.0,0.0
601939.SS,2009-09-01 00:00:00+08:00,2.256814455770512,2.361986289326069,2.252432191560101,2.300636053085327,116428724,0.0,0.0
601939.SS,2009-09-02 00:00:00+08:00,2.2787251591489484,2.4321010638068192,2.2743431038787043,2.423336744308472,190791993,0.0,0.0
601939.SS,2009-09-03 00:00:00+08:00,2.405808078347885,2.537273089725989,2.3970437581865363,2.510980129241944,165720072,0.0,0.0
601939.SS,2009-09-04 00:00:00+08:00,2.5109797561877203,2.559183614392467,2.471540216842214,2.4934511184692383,108120691,0.0,0.0
601939.SS,2009-09-07 00:00:00+08:00,2.5372732769048096,2.5591841834035227,2.480305087174469,2.497833728790283,87422346,0.0,0.0
601939.SS,2009-09-08 00:00:00+08:00,2.4934512805395914,2.5591837807353275,2.4496296833950533,2.546037197113037,89425546,0.0,0.0
601939.SS,2009-09-09 00:00:00+08:00,2.537272904496961,2.5504194882581794,2.50221562641086,2.5241265296936035,63749363,0.0,0.0
601939.SS,2009-09-10 00:00:00+08:00,2.5197442654539106,2.554801543540012,2.497833362171168,2.5241265296936035,58522354,0.0,0.0
601939.SS,2009-09-11 00:00:00+08:00,2.528508844218605,2.725706158150117,2.510980203378377,2.6380629539489746,153717619,0.0,0.0
601939.SS,2009-09-14 00:00:00+08:00,2.646826851992373,2.6731198090569244,2.607387311916621,2.651209115982056,92532547,0.0,0.0
601939.SS,2009-09-15 00:00:00+08:00,2.651209003144923,2.6599733217934256,2.603005146099241,2.624915838241577,101490227,0.0,0.0
601939.SS,2009-09-16 00:00:00+08:00,2.594241302126029,2.6205342628824293,2.55480175651249,2.567948341369629,103883274,0.0,0.0
601939.SS,2009-09-17 00:00:00+08:00,2.5986229069773508,2.646826764480865,2.5986229069773508,2.603005170822144,108598415,0.0,0.0
601939.SS,2009-09-18 00:00:00+08:00,2.611769996729,2.6292986375963454,2.5022158868291524,2.5372731685638428,107140579,0.0,0.0
601939.SS,2009-09-21 00:00:00+08:00,2.5241267923922748,2.54165543325962,2.4540120199650124,2.5372731685638428,79844763,0.0,0.0
601939.SS,2009-09-22 00:00:00+08:00,2.515362501144409,2.5679486376829552,2.497833858617528,2.515362501144409,91741249,0.0,0.0
601939.SS,2009-09-23 00:00:00+08:00,2.4978335971280266,2.532891087469644,2.449629939704326,2.480304956436157,92281724,0.0,0.0
601939.SS,2009-09-24 00:00:00+08:00,2.471540352325772,2.559183754680413,2.454011713646414,2.532890796661377,116823427,0.0,0.0
601939.SS,2009-09-25 00:00:00+08:00,2.524127031365752,2.537273408781962,2.4759231599378766,2.515362501144409,62517045,0.0,0.0
601939.SS,2009-09-28 00:00:00+08:00,2.5109799392919467,2.5197442587902943,2.414572424810124,2.423336744308472,72279028,0.0,0.0
601939.SS,2009-09-29 00:00:00+08:00,2.427718747142793,2.45839396920339,2.397043525082197,2.432101011276245,60140828,0.0,0.0
601939.SS,2009-09-30 00:00:00+08:00,2.4452474117279053,2.4540117311300254,2.3970435505373167,2.4452474117279053,69457704,0.0,0.0
601939.SS,2009-10-09 00:00:00+08:00,2.493451203775252,2.5460371187297675,2.47592256545708,2.5416550636291504,78588414,0.0,0.0
601939.SS,2009-10-12 00:00:00+08:00,2.5898587145251977,2.62929825522001,2.5022155229343377,2.5416550636291504,106510176,0.0,0.0
601939.SS,2009-10-13 00:00:00+08:00,2.528508586247111,2.5986231424545765,2.519744266721178,2.58109450340271,46846416,0.0,0.0
601939.SS,2009-10-14 00:00:00+08:00,2.5854767676446064,2.607387461980509,2.5679481285927404,2.58109450340271,83038258,0.0,0.0
601939.SS,2009-10-15 00:00:00+08:00,2.598623011031701,2.629298232300027,2.5810943728663287,2.5854766368865967,49905830,0.0,0.0
601939.SS,2009-10-16 00:00:00+08:00,2.589858741076564,2.598623060325502,2.5153619229816617,2.5548014640808105,76687599,0.0,0.0
601939.SS,2009-10-19 00:00:00+08:00,2.53289072239048,2.589858691949015,2.53289072239048,2.5854766368865967,95859984,0.0,0.0
601939.SS,2009-10-20 00:00:00+08:00,2.5942408274507387,2.6424446844964207,2.5942408274507387,2.624915838241577,142758315,0.0,0.0
601939.SS,2009-10-21 00:00:00+08:00,2.629298102044748,2.6468267393417526,2.611769464747743,2.624915838241577,121545952,0.0,0.0
601939.SS,2009-10-22 00:00:00+08:00,2.6161516491970733,2.620533913217341,2.5854766368865967,2.5854766368865967,70532140,0.0,0.0
601939.SS,2009-10-23 00:00:00+08:00,2.6030052059458693,2.668737701799835,2.598622942041944,2.659973382949829,158062348,0.0,0.0
601939.SS,2009-10-26 00:00:00+08:00,2.6775023391701662,2.686266659062791,2.6555914349596703,2.664355754852295,124206062,0.0,0.0
601939.SS,2009-10-27 00:00:00+08:00,2.651208726632019,2.655590781020316,2.585476239145029,2.589858293533325,96523674,0.0,0.0
601939.SS,2009-10-28 00:00:00+08:00,2.589858691949015,2.6030052750519688,2.5416550414731662,2.5854766368865967,70070164,0.0,0.0
601939.SS,2009-10-29 00:00:00+08:00,2.5504197536932924,2.5635661298648604,2.5153622630007204,2.5372731685638428,76342634,0.0,0.0
601939.SS,2009-10-30 00:00:00+08:00,2.567948341369629,2.589859037521024,2.5416553806132285,2.567948341369629,87206647,0.0,0.0
601939.SS,2009-11-02 00:00:00+08:00,2.515362183929407,2.629298554943401,2.5022158081711,2.611769914627075,162731603,0.0,0.0
601939.SS,2009-11-03 00:00:00+08:00,2.616151970227219,2.63368081950142,2.594241274310749,2.611769914627075,147347175,0.0,0.0
601939.SS,2009-11-04 00:00:00+08:00,2.607387650069056,2.624916290385382,2.576712633994424,2.611769914627075,135424113,0.0,0.0
601939.SS,2009-11-05 00:00:00+08:00,2.607388017438287,2.651209833361274,2.5986236960452707,2.6292989253997803,146952918,0.0,0.0
601939.SS,2009-11-06 00:00:00+08:00,2.651209003144923,2.6599733217934256,2.616151519593075,2.624915838241577,131924887,0.0,0.0
601939.SS,2009-11-09 00:00:00+08:00,2.63368052642952,2.6380625815420355,2.6030053048105035,2.620533943176269,86798547,0.0,0.0
601939.SS,2009-11-10 00:00:00+08:00,2.6424452186379725,2.668738179898315,2.6336808982178583,2.6380629539489746,131707073,0.0,0.0
601939.SS,2009-11-11 00:00:00+08:00,2.63368052642952,2.63368052642952,2.6030053048105035,2.620533943176269,85372151,0.0,0.0
601939.SS,2009-11-12 00:00:00+08:00,2.620534126899555,2.6336807110745006,2.598623222927268,2.6073875427246094,91083666,0.0,0.0
601939.SS,2009-11-13 00:00:00+08:00,2.59862288229607,2.624915838241577,2.5854765088022367,2.624915838241577,94356832,0.0,0.0
601939.SS,2009-11-16 00:00:00+08:00,2.6336801175528715,2.695030342308482,2.629297854162847,2.690648078918457,211417184,0.0,0.0
601939.SS,2009-11-17 00:00:00+08:00,2.7081770419321582,2.78267385690533,2.7081770419321582,2.738852262496948,239510736,0.0,0.0
601939.SS,2009-11-18 00:00:00+08:00,2.7519994550555165,2.8045853799969738,2.738852869341206,2.778292417526245,155912036,0.0,0.0
601939.SS,2009-11-19 00:00:00+08:00,2.782674473459088,2.822114021644126,2.7519994550555165,2.778292417526245,123518484,0.0,0.0
601939.SS,2009-11-20 00:00:00+08:00,2.760763272852752,2.76514532798716,2.7300880510804846,2.743234634399414,143755827,0.0,0.0
601939.SS,2009-11-23 00:00:00+08:00,2.7519993782043457,2.7607636987831734,2.7300884722783345,2.7519993782043457,94505261,0.0,0.0
601939.SS,2009-11-24 00:00:00+08:00,2.773909803068658,2.7826741227877587,2.6687379664394504,2.6731200218200684,148315665,0.0,0.0
601939.SS,2009-11-25 00:00:00+08:00,2.673119839112712,2.6950307413917893,2.607387341233332,2.6862664222717285,203773471,0.0,0.0
601939.SS,2009-11-26 00:00:00+08:00,2.686266356852828,2.686266356852828,2.585476584947748,2.59424090385437,188374110,0.0,0.0
601939.SS,2009-11-27 00:00:00+08:00,2.572330289352468,2.6073875688936874,2.5460373296965533,2.563565969467163,161583760,0.0,0.0
601939.SS,2009-11-30 00:00:00+08:00,2.559183705545839,2.603005301402888,2.559183705545839,2.598623037338257,155350387,0.0,0.0
601939.SS,2009-12-01 00:00:00+08:00,2.585476954152586,2.624916290385382,2.5635660492782413,2.611769914627075,147240220,0.0,0.0
601939.SS,2009-12-02 00:00:00+08:00,2.629298079861732,2.668737617926165,2.6161514975209745,2.6336803436279297,135149041,0.0,0.0
601939.SS,2009-12-03 00:00:00+08:00,2.6249163685300414,2.6512095387451624,2.585477031123123,2.616152048110962,144952095,0.0,0.0
601939.SS,2009-12-04 00:00:00+08:00,2.603005668212159,2.7169418334960938,2.585477027399246,2.7169418334960938,339537015,0.0,0.0
601939.SS,2009-12-07 00:00:00+08:00,2.703795457365349,2.730088418584719,2.6862668165524366,2.7169418334960938,167108904,0.0,0.0
601939.SS,2009-12-08 00:00:00+08:00,2.708177354315417,2.7257059941006667,2.6468271150670457,2.664355754852295,140055361,0.0,0.0
601939.SS,2009-12-09 00:00:00+08:00,2.642445511968257,2.6599741547542903,2.6117702826137474,2.6292989253997803,105547012,0.0,0.0
601939.SS,2009-12-10 00:00:00+08:00,2.651209246703926,2.677502205064892,2.629298343590859,2.646826982498169,70398845,0.0,0.0
601939.SS,2009-12-11 00:00:00+08:00,2.655591702536067,2.673120344087496,2.6249164753421224,2.6424453258514404,50722244,0.0,0.0
601939.SS,2009-12-14 00:00:00+08:00,2.629297854162847,2.716941032385148,2.5942405828739266,2.690648078918457,136805166,0.0,0.0
601939.SS,2009-12-15 00:00:00+08:00,2.6731200747449195,2.695030978955415,2.6555914349596703,2.664355754852295,94805051,0.0,0.0
601939.SS,2009-12-16 00:00:00+08:00,2.655591702536067,2.681884664863209,2.6380630609846385,2.6424453258514404,81407366,0.0,0.0
601939.SS,2009-12-17 00:00:00+08:00,2.6512094598177463,2.6687381001340724,2.607387650069056,2.611769914627075,72956921,0.0,0.0
601939.SS,2009-12-18 00:00:00+08:00,2.598623357773157,2.6030056223781624,2.550419700865362,2.567948341369629,89047874,0.0,0.0
601939.SS,2009-12-21 00:00:00+08:00,2.5591843128204346,2.5986236539715017,2.537273405213696,2.5591843128204346,87552658,0.0,0.0
601939.SS,2009-12-22 00:00:00+08:00,2.5591843164195143,2.572330693835725,2.5065981798809687,2.515362501144409,63107793,0.0,0.0
601939.SS,2009-12-23 00:00:00+08:00,2.5109799459323856,2.5328908492151285,2.4890690426496422,2.5241265296936035,53042918,0.0,0.0
601939.SS,2009-12-24 00:00:00+08:00,2.5328909543475304,2.572330289352468,2.519744370040639,2.563565969467163,54866555,0.0,0.0
601939.SS,2009-12-25 00:00:00+08:00,2.563565704587602,2.5854766065158623,2.546037066628133,2.550419330596924,41778696,0.0,0.0
601939.SS,2009-12-28 00:00:00+08:00,2.5635661543361805,2.6030057011431302,2.55041977803912,2.572330474853516,54970654,0.0,0.0
601939.SS,2009-12-29 00:00:00+08:00,2.576712266041125,2.6030052227609928,2.559183628227881,2.59424090385437,67209356,0.0,0.0
601939.SS,2009-12-30 00:00:00+08:00,2.5986233558321863,2.681884502644203,2.5810947153410115,2.6687381267547607,191827024,0.0,0.0
601939.SS,2009-12-31 00:00:00+08:00,2.6687380992361365,2.721324020167421,2.6687380992361365,2.712559700012207,184902749,0.0,0.0
601939.SS,2010-01-04 00:00:00+08:00,2.721324315076452,2.7476172783914543,2.681884765625,2.681884765625,113984517,0.0,0.0
601939.SS,2010-01-05 00:00:00+08:00,2.695031007028226,2.743234871418712,2.664355782605577,2.7213239669799805,123022190,0.0,0.0
601939.SS,2010-01-06 00:00:00+08:00,2.716941729563961,2.7300883141496857,2.673120129208002,2.677502393722534,106038344,0.0,0.0
601939.SS,2010-01-07 00:00:00+08:00,2.6775025003184294,2.6950311411586583,2.6336808982178583,2.6380629539489746,121298359,0.0,0.0
601939.SS,2010-01-08 00:00:00+08:00,2.633680607796616,2.6643556214054795,2.624916079385102,2.646826982498169,56480155,0.0,0.0
601939.SS,2010-01-11 00:00:00+08:00,2.905374178999822,2.905374178999822,2.6643551254517672,2.690648078918457,235177834,0.0,0.0
601939.SS,2010-01-12 00:00:00+08:00,2.6731199717051606,2.708177249924319,2.624916109674887,2.7037951946258545,161101198,0.0,0.0
601939.SS,2010-01-13 00:00:00+08:00,2.6292985831345628,2.6599738084959688,2.563566076764624,2.567948341369629,200445918,0.0,0.0
601939.SS,2010-01-14 00:00:00+08:00,2.5854767676446064,2.603005406696473,2.5635658643508434,2.58109450340271,111305827,0.0,0.0
601939.SS,2010-01-15 00:00:00+08:00,2.585476689178771,2.5898587443298178,2.541655092879033,2.5767123699188232,98374358,0.0,0.0
601939.SS,2010-01-18 00:00:00+08:00,2.567947998721224,2.5942409559692825,2.5591836796385383,2.5854766368865967,93812438,0.0,0.0
601939.SS,2010-01-19 00:00:00+08:00,2.589858691949015,2.607387330114387,2.5723300537836424,2.5854766368865967,93887543,0.0,0.0
601939.SS,2010-01-20 00:00:00+08:00,2.594241085865806,2.603005405387331,2.5065976816926927,2.5241265296936035,118267395,0.0,0.0
601939.SS,2010-01-21 00:00:00+08:00,2.550419489540874,2.59424108717054,2.532890850489008,2.58109450340271,104983310,0.0,0.0
601939.SS,2010-01-22 00:00:00+08:00,2.5591840701679462,2.6731202356294315,2.53727316463872,2.6380629539489746,251817012,0.0,0.0
601939.SS,2010-01-25 00:00:00+08:00,2.60300487461385,2.655590781020316,2.585476239145029,2.589858293533325,116478286,0.0,0.0
601939.SS,2010-01-26 00:00:00+08:00,2.58547727657378,2.6161522964737323,2.537273405213696,2.5591843128204346,90452095,0.0,0.0
601939.SS,2010-01-27 00:00:00+08:00,2.559184048507448,2.567948368853383,2.471540636090223,2.480304956436157,149782373,0.0,0.0
601939.SS,2010-01-28 00:00:00+08:00,2.4803051715833844,2.4934517577215902,2.4496301521907333,2.467158794403076,83074293,0.0,0.0
601939.SS,2010-01-29 00:00:00+08:00,2.4540114456795585,2.4846866644977674,2.432100754201837,2.4759223461151123,83062214,0.0,0.0
601939.SS,2010-02-01 00:00:00+08:00,2.4627761588327344,2.4671584232054333,2.4014259203200177,2.449629783630371,113744191,0.0,0.0
601939.SS,2010-02-02 00:00:00+08:00,2.4496296235671777,2.497833274769952,2.440865304352323,2.4540116786956787,85837501,0.0,0.0
601939.SS,2010-02-03 00:00:00+08:00,2.458394208273852,2.5285087695646404,2.432101247789806,2.510980129241944,103953556,0.0,0.0
601939.SS,2010-02-04 00:00:00+08:00,2.4934514098033054,2.4978334652660017,2.471540505616218,2.484687089920044,51065951,0.0,0.0
601939.SS,2010-02-05 00:00:00+08:00,2.4540117050699384,2.45839396920339,2.423336691967197,2.432101011276245,76597723,0.0,0.0
601939.SS,2010-02-08 00:00:00+08:00,2.432101011276245,2.44524738576089,2.427718747142793,2.432101011276245,28063365,0.0,0.0
601939.SS,2010-02-09 00:00:00+08:00,2.432101011276245,2.45839396920339,2.410190108524697,2.432101011276245,51600505,0.0,0.0
601939.SS,2010-02-10 00:00:00+08:00,2.440865356505774,2.4540117311300254,2.4321010371036538,2.4452474117279053,30471276,0.0,0.0
601939.SS,2010-02-11 00:00:00+08:00,2.4496302061361246,2.4627765836059403,2.4364836197084063,2.4583945274353027,30687845,0.0,0.0
601939.SS,2010-02-12 00:00:00+08:00,2.467158161891516,2.4978331734199366,2.4583938430322747,2.4934511184692383,44002499,0.0,0.0
601939.SS,2010-02-22 00:00:00+08:00,2.489069090429332,2.4934513547531454,2.467158395683855,2.4715404510498047,34109683,0.0,0.0
601939.SS,2010-02-23 00:00:00+08:00,2.4715402906889734,2.4715402906889734,2.4277186950834304,2.4408652782440186,42499157,0.0,0.0
601939.SS,2010-02-24 00:00:00+08:00,2.4321015635377687,2.4583945274353027,2.4233372422385906,2.4583945274353027,32244143,0.0,0.0
601939.SS,2010-02-25 00:00:00+08:00,2.4627762629299803,2.502215808119844,2.4583942073299263,2.4890692234039307,68429186,0.0,0.0
601939.SS,2010-02-26 00:00:00+08:00,2.484687436615419,2.489069492689556,2.462776529371041,2.467158794403076,65434240,0.0,0.0
601939.SS,2010-03-01 00:00:00+08:00,2.4715407663665623,2.502215993673182,2.4715407663665623,2.497833728790283,53709684,0.0,0.0
601939.SS,2010-03-02 00:00:00+08:00,2.4978331734199366,2.5153618111384186,2.4846867996099977,2.4934511184692383,35708074,0.0,0.0
601939.SS,2010-03-03 00:00:00+08:00,2.4934511184692383,2.4978331734199366,2.4759224807507567,2.4934511184692383,39120163,0.0,0.0
601939.SS,2010-03-04 00:00:00+08:00,2.493451382568026,2.493451382568026,2.4452475192576726,2.449629783630371,56923811,0.0,0.0
601939.SS,2010-03-05 00:00:00+08:00,2.4540118642046456,2.4715405039594174,2.4452475443272594,2.4627761840820312,29973886,0.0,0.0
601939.SS,2010-03-08 00:00:00+08:00,2.4627765836059403,2.467158848734481,2.440865884836947,2.4583945274353027,39947250,0.0,0.0
601939.SS,2010-03-09 00:00:00+08:00,2.454011995398354,2.4978335971280266,2.4364833547064846,2.480304956436157,69368120,0.0,0.0
601939.SS,2010-03-10 00:00:00+08:00,2.471540850477213,2.497833813795727,2.458394473296905,2.467158794403076,34881841,0.0,0.0
601939.SS,2010-03-11 00:00:00+08:00,2.4671585803961955,2.493451541433999,2.4671585803961955,2.480304956436157,48101446,0.0,0.0
601939.SS,2010-03-12 00:00:00+08:00,2.4715409049051185,2.4846874913328367,2.4496302061361246,2.4583945274353027,35265039,0.0,0.0
601939.SS,2010-03-15 00:00:00+08:00,2.4627761569151865,2.4627761569151865,2.414572502600231,2.4277188777923584,47029243,0.0,0.0
601939.SS,2010-03-16 00:00:00+08:00,2.427718747142793,2.4364830664518418,2.405807844391245,2.432101011276245,37000356,0.0,0.0
601939.SS,2010-03-17 00:00:00+08:00,2.4321015635377687,2.467158848734481,2.4189549771100505,2.4583945274353027,58458906,0.0,0.0
601939.SS,2010-03-18 00:00:00+08:00,2.454011783941597,2.471540423123062,2.427718825169399,2.436483144760132,67604636,0.0,0.0
601939.SS,2010-03-19 00:00:00+08:00,2.44086546384284,2.449629783630371,2.4277188796826104,2.449629783630371,33354690,0.0,0.0
601939.SS,2010-03-22 00:00:00+08:00,2.4540116786956787,2.471540317125388,2.4364830402659696,2.4540116786956787,74466659,0.0,0.0
601939.SS,2010-03-23 00:00:00+08:00,2.458394048215894,2.462776103532329,2.427718825169399,2.436483144760132,77850915,0.0,0.0
601939.SS,2010-03-24 00:00:00+08:00,2.445247464350864,2.458394048215894,2.427718825169399,2.436483144760132,86710096,0.0,0.0
601939.SS,2010-03-25 00:00:00+08:00,2.4321008765693564,2.436482931502244,2.4014256562077696,2.414572238922119,66832377,0.0,0.0
601939.SS,2010-03-26 00:00:00+08:00,2.414572398299414,2.458393995310014,2.4058078699394367,2.4452474117279053,95817549,0.0,0.0
601939.SS,2010-03-29 00:00:00+08:00,2.4627760815700728,2.5241265271159588,2.458394026292716,2.502215623855591,174423752,0.0,0.0
601939.SS,2010-03-30 00:00:00+08:00,2.506597864682332,2.5285087695646404,2.497833544520983,2.510980129241944,76786433,0.0,0.0
601939.SS,2010-03-31 00:00:00+08:00,2.510980049569828,2.515362105032524,2.475922770036783,2.484687089920044,62473821,0.0,0.0
601939.SS,2010-04-01 00:00:00+08:00,2.489069040107798,2.510979943368166,2.4846869848304407,2.502215623855591,63978614,0.0,0.0
601939.SS,2010-04-02 00:00:00+08:00,2.5065974922791776,2.5153618111384186,2.4759224807507567,2.4934511184692383,73369503,0.0,0.0
601939.SS,2010-04-06 00:00:00+08:00,2.502215623855591,2.5197442628807414,2.4934513043430155,2.502215623855591,59186662,0.0,0.0
601939.SS,2010-04-07 00:00:00+08:00,2.497833728790283,2.5109803144810887,2.484687352057368,2.497833728790283,46817036,0.0,0.0
601939.SS,2010-04-08 00:00:00+08:00,2.4978334652660017,2.515362105032524,2.475922770036783,2.484687089920044,75888202,0.0,0.0
601939.SS,2010-04-09 00:00:00+08:00,2.480304535701455,2.50221543732848,2.4759224807507567,2.4934511184692383,41049567,0.0,0.0
601939.SS,2010-04-12 00:00:00+08:00,2.497833274769952,2.5065975939848064,2.440865304352323,2.4540116786956787,96095883,0.0,0.0
601939.SS,2010-04-13 00:00:00+08:00,2.4540118658496954,2.4934514098033054,2.4540118658496954,2.484687089920044,108687872,0.0,0.0
601939.SS,2010-04-14 00:00:00+08:00,2.484687436615419,2.4934517577215902,2.4540122082648703,2.467158794403076,67860336,0.0,0.0
601939.SS,2010-04-15 00:00:00+08:00,2.4715409049051185,2.4846874913328367,2.4540122623067626,2.4583945274353027,83566122,0.0,0.0
601939.SS,2010-04-16 00:00:00+08:00,2.4627760243789867,2.4671582885124383,2.427718747142793,2.432101011276245,78881844,0.0,0.0
601939.SS,2010-04-19 00:00:00+08:00,2.405808161507975,2.414572690930157,2.322547221576071,2.335693597793579,156715978,0.0,0.0
601939.SS,2010-04-20 00:00:00+08:00,2.3400754367722665,2.3532218105980407,2.305018161293076,2.3269288539886475,81233954,0.0,0.0
601939.SS,2010-04-21 00:00:00+08:00,2.3313112517621577,2.348839890508216,2.309400348850657,2.344457626342773,56190947,0.0,0.0
601939.SS,2010-04-22 00:00:00+08:00,2.331311192724392,2.331311192724392,2.2568143754612624,2.274343013763428,169564535,0.0,0.0
601939.SS,2010-04-23 00:00:00+08:00,2.269961040872928,2.287489681423462,2.243668080047127,2.2655789852142334,74177145,0.0,0.0
601939.SS,2010-04-26 00:00:00+08:00,2.269960986474463,2.2787253065396977,2.24366802627876,2.252432346343994,51551564,0.0,0.0
601939.SS,2010-04-27 00:00:00+08:00,2.243667414829473,2.2480496781467623,2.2129924074397107,2.23490309715271,84194866,0.0,0.0
601939.SS,2010-04-28 00:00:00+08:00,2.221757489205928,2.2524325071452025,2.212993168515008,2.2480504512786865,49484102,0.0,0.0
601939.SS,2010-04-29 00:00:00+08:00,2.256814453094813,2.300636050357674,2.2524321888895984,2.2787251472473145,77581218,0.0,0.0
601939.SS,2010-04-30 00:00:00+08:00,2.287489469411953,2.30940037254829,2.265578775233475,2.300636053085327,73014256,0.0,0.0
601939.SS,2010-05-04 00:00:00+08:00,2.269960697826133,2.28748933572766,2.256814323878912,2.283107280731201,45687384,0.0,0.0
601939.SS,2010-05-05 00:00:00+08:00,2.265578694612345,2.283107332914511,2.2261391539535467,2.274343013763428,53824355,0.0,0.0
601939.SS,2010-05-06 00:00:00+08:00,2.2655784752980925,2.2655784752980925,2.212992565482057,2.2305212020874023,77825691,0.0,0.0
601939.SS,2010-05-07 00:00:00+08:00,2.1954642923630274,2.239285891131599,2.169171124144019,2.2261393070220947,93138183,0.0,0.0
601939.SS,2010-05-10 00:00:00+08:00,2.226139124442484,2.239285707473755,2.1910818483028938,2.239285707473755,61742136,0.0,0.0
601939.SS,2010-05-11 00:00:00+08:00,2.2699612593364087,2.278725580455164,2.1867001042292915,2.208611011505127,97582046,0.0,0.0
601939.SS,2010-05-12 00:00:00+08:00,2.195464010995849,2.269960614876122,2.1823174285711904,2.2568142414093018,110862818,0.0,0.0
601939.SS,2010-05-13 00:00:00+08:00,2.239285865965217,2.2831074642412963,2.2349036016586776,2.269960880279541,92488908,0.0,0.0
601939.SS,2010-05-14 00:00:00+08:00,2.2568142414093018,2.2831071973007813,2.2261390217236565,2.2568142414093018,71931684,0.0,0.0
601939.SS,2010-05-17 00:00:00+08:00,2.234903355768552,2.243667674459493,2.182317443622901,2.1910817623138428,77790495,0.0,0.0
601939.SS,2010-05-18 00:00:00+08:00,2.1910818445757747,2.2261391206557315,2.177935261566867,2.217374801635742,79028354,0.0,0.0
601939.SS,2010-05-19 00:00:00+08:00,2.204228639602661,2.2349036546442345,2.1866997909187886,2.204228639602661,59161943,0.0,0.0
601939.SS,2010-05-20 00:00:00+08:00,2.1954640261382337,2.2173747183866683,2.182317443622901,2.1910817623138428,43506700,0.0,0.0
601939.SS,2010-05-21 00:00:00+08:00,2.156024775877215,2.208610695055228,2.147260456014213,2.204228639602661,55882086,0.0,0.0
601939.SS,2010-05-24 00:00:00+08:00,2.212992592582969,2.252431920949065,2.204228274172966,2.2436676025390625,101455012,0.0,0.0
601939.SS,2010-05-25 00:00:00+08:00,2.2261390370776097,2.234903355768552,2.186699498489452,2.1910817623138428,81168768,0.0,0.0
601939.SS,2010-05-26 00:00:00+08:00,2.1998462121289046,2.2086105313422526,2.1735532544888603,2.186699628829956,37500773,0.0,0.0
601939.SS,2010-05-27 00:00:00+08:00,2.191082055329224,2.208610695055228,2.1647890957402174,2.204228639602661,56613875,0.0,0.0
601939.SS,2010-05-28 00:00:00+08:00,2.217374586745368,2.221756850309592,2.186699368669281,2.195463895797729,44834586,0.0,0.0
601939.SS,2010-05-31 00:00:00+08:00,2.1866998424220805,2.212993011588237,2.173553466796875,2.173553466796875,44032305,0.0,0.0
601939.SS,2010-06-01 00:00:00+08:00,2.164789013974717,2.1954642368155355,2.147260374910781,2.156024694442749,70210253,0.0,0.0
601939.SS,2010-06-02 00:00:00+08:00,2.151642430197835,2.164789013974717,2.1341137911338985,2.156024694442749,60397101,0.0,0.0
601939.SS,2010-06-03 00:00:00+08:00,2.1647891991744377,2.1691712548363804,2.142878293991089,2.142878293991089,41816691,0.0,0.0
601939.SS,2010-06-04 00:00:00+08:00,2.1428780294415675,2.1428780294415675,2.120967335921087,2.1297316551208496,38421555,0.0,0.0
601939.SS,2010-06-07 00:00:00+08:00,2.112202983245963,2.112202983245963,2.068381178983809,2.072763442993164,54422678,0.0,0.0
601939.SS,2010-06-08 00:00:00+08:00,2.072763788519917,2.0859103737816502,2.042088562214464,2.0552351474761963,39327412,0.0,0.0
601939.SS,2010-06-09 00:00:00+08:00,2.0596173024725046,2.1297320789827885,2.042088660584407,2.116585493087769,87808453,0.0,0.0
601939.SS,2010-06-10 00:00:00+08:00,2.09029221534729,2.107820854594649,2.0727635760999306,2.09029221534729,51763286,0.0,0.0
601939.SS,2010-06-11 00:00:00+08:00,2.0990561139685395,2.1165847497002246,2.090291796102697,2.103438377380371,34095500,0.0,0.0
601939.SS,2010-06-15 00:00:00+08:00,2.103438377380371,2.103438377380371,2.103438377380371,2.103438377380371,0,0.0,0.0
601939.SS,2010-06-17 00:00:00+08:00,2.112202882766724,2.1297315200545937,2.1078206189658366,2.112202882766724,30423564,0.0,0.0
601939.SS,2010-06-18 00:00:00+08:00,2.1122026952462134,2.134113385431909,2.0990561139685395,2.103438377380371,55059606,0.0,0.0
601939.SS,2010-06-21 00:00:00+08:00,2.116585125897041,2.191081945476499,2.0990564870498574,2.1779353618621826,96564073,0.0,0.0
601939.SS,2010-06-22 00:00:00+08:00,2.16917099040326,2.195464157001157,2.16917099040326,2.186699628829956,40877684,0.0,0.0
601939.SS,2010-06-23 00:00:00+08:00,2.1779354676250287,2.186699787474225,2.1516425080774395,2.160406827926636,36548806,0.0,0.0
601939.SS,2010-06-24 00:00:00+08:00,2.160406827926636,2.160406827926636,2.160406827926636,2.160406827926636,0,0.0,0.0
601939.SS,2010-06-25 00:00:00+08:00,2.151642430197835,2.169171069261771,2.1341137911338985,2.156024694442749,32818954,0.0,0.0
601939.SS,2010-06-28 00:00:00+08:00,2.1560245865659304,2.182317543846265,2.151642322540283,2.151642322540283,25921082,0.0,0.0
601939.SS,2010-06-29 00:00:00+08:00,2.1647892278313465,2.169171283551297,2.0683814944978463,2.07714581489563,53419958,0.0,0.0
601939.SS,2010-06-30 00:00:00+08:00,2.0683816018125896,2.099056829275309,2.046470904160269,2.059617280960083,56981900,0.0,0.0
601939.SS,2010-07-01 00:00:00+08:00,2.059617280960083,2.077145922665097,2.046470904160269,2.059617280960083,38982869,0.0,0.0
601939.SS,2010-07-02 00:00:00+08:00,2.0639993625120385,2.1078209628817253,2.059617097996133,2.094674587249756,60560087,0.0,0.0
601939.SS,2010-07-05 00:00:00+08:00,2.0859097416486865,2.1122026952462134,2.081527478236855,2.103438377380371,49710673,0.0,0.0
601939.SS,2010-07-06 00:00:00+08:00,2.1034387261764182,2.182317600048838,2.0946744068572603,2.1647889614105225,109646285,0.0,0.0
601939.SS,2010-07-07 00:00:00+08:00,2.160406697272016,2.1691710165911737,2.134113739314542,2.1647889614105225,50719017,0.0,0.0
601939.SS,2010-07-08 00:00:00+08:00,2.1657027554143258,2.179409831402143,2.1428579192567403,2.151995897293091,33045661,0.202,0.0
601939.SS,2010-07-09 00:00:00+08:00,2.151995893284777,2.2159617394200883,2.1291508393031613,2.1931169033050537,53125942,0.0,0.0
601939.SS,2010-07-12 00:00:00+08:00,2.1931169232809578,2.252513672014326,2.179409847193822,2.211392879486084,63318774,0.0,0.0
601939.SS,2010-07-13 00:00:00+08:00,2.1931168829934204,2.202254860928119,2.161133851288686,2.1748409271240234,35625486,0.0,0.0
601939.SS,2010-07-14 00:00:00+08:00,2.179409290165188,2.215961193233249,2.179409290165188,2.1976852416992188,34303422,0.0,0.0
601939.SS,2010-07-15 00:00:00+08:00,2.197685787474844,2.220530841499011,2.1474267993416247,2.151995897293091,43175413,0.0,0.0
601939.SS,2010-07-16 00:00:00+08:00,2.151995788599509,2.1657026460284348,2.138288713304013,2.1611337661743164,20580597,0.0,0.0
601939.SS,2010-07-19 00:00:00+08:00,2.1428578317033904,2.1931168177831166,2.133719854040401,2.1794097423553467,37294721,0.0,0.0
601939.SS,2010-07-20 00:00:00+08:00,2.179409290165188,2.211392314283005,2.174840411214944,2.1976852416992188,48027256,0.0,0.0
601939.SS,2010-07-21 00:00:00+08:00,2.2068237614007584,2.2068237614007584,2.183978925285724,2.1931169033050537,47401742,0.0,0.0
601939.SS,2010-07-22 00:00:00+08:00,2.1885478885505245,2.234237780383884,2.183979008300484,2.225099802017212,65765501,0.0,0.0
601939.SS,2010-07-23 00:00:00+08:00,2.2342376267459043,2.2525135822224973,2.220530769071748,2.23880672454834,85806066,0.0,0.0
601939.SS,2010-07-26 00:00:00+08:00,2.23880672454834,2.2525135822224973,2.2113927913334512,2.23880672454834,57285227,0.0,0.0
601939.SS,2010-07-27 00:00:00+08:00,2.229668682500846,2.252513517254397,2.21596160735546,2.243375539779663,55308278,0.0,0.0
601939.SS,2010-07-28 00:00:00+08:00,2.24794474319661,2.289065752700585,2.2250996895018287,2.2753586769104004,103989192,0.0,0.0
601939.SS,2010-07-29 00:00:00+08:00,2.2707895790248127,2.289065752700585,2.261651601120216,2.2753586769104004,78792019,0.0,0.0
601939.SS,2010-07-30 00:00:00+08:00,2.2662206136742378,2.27992747108173,2.252513538400175,2.2616515159606934,40350315,0.0,0.0
601939.SS,2010-08-02 00:00:00+08:00,2.261651021118314,2.2890651656683074,2.252513045557157,2.284496068954468,67830503,0.0,0.0
601939.SS,2010-08-03 00:00:00+08:00,2.284496502612719,2.289065600193895,2.247944593429565,2.247944593429565,55117337,0.0,0.0
601939.SS,2010-08-04 00:00:00+08:00,2.243375539779663,2.2616514947291315,2.2205307050261114,2.243375539779663,49367697,0.0,0.0
601939.SS,2010-08-05 00:00:00+08:00,2.2342375193143136,2.243375496613217,2.1976856101186986,2.2068235874176025,52634677,0.0,0.0
601939.SS,2010-08-06 00:00:00+08:00,2.206823845283868,2.229668900133843,2.1885478885505245,2.225099802017212,53927873,0.0,0.0
601939.SS,2010-08-09 00:00:00+08:00,2.220530553658015,2.2296685305098363,2.2068234794470074,2.215961456298828,34113390,0.0,0.0
601939.SS,2010-08-10 00:00:00+08:00,2.220530750772084,2.225099630670292,2.1748408624571387,2.1794097423553467,66447737,0.0,0.0
601939.SS,2010-08-11 00:00:00+08:00,2.1748409271240234,2.1885477850927813,2.1702718292233847,2.1748409271240234,40676499,0.0,0.0
601939.SS,2010-08-12 00:00:00+08:00,2.170271743749124,2.1794097213239305,2.151995788599509,2.1611337661743164,32282469,0.0,0.0
601939.SS,2010-08-13 00:00:00+08:00,2.1611334205236794,2.174840493626873,2.156564323533769,2.170271396636963,35745133,0.0,0.0
601939.SS,2010-08-16 00:00:00+08:00,2.17027174177033,2.20225477218628,2.161133764203855,2.20225477218628,49180977,0.0,0.0
601939.SS,2010-08-17 00:00:00+08:00,2.1976856744697564,2.2113927497527546,2.1885476969032807,2.20225477218628,36522138,0.0,0.0
601939.SS,2010-08-18 00:00:00+08:00,2.206824112592951,2.225100071540033,2.170272194698788,2.1839792728424072,55014941,0.0,0.0
601939.SS,2010-08-19 00:00:00+08:00,2.1839788170533283,2.2113927497527546,2.174840839486853,2.20225477218628,55202390,0.0,0.0
601939.SS,2010-08-20 00:00:00+08:00,2.197685783381428,2.202254881324384,2.179409827342768,2.1931169033050537,49264041,0.0,0.0
601939.SS,2010-08-23 00:00:00+08:00,2.1839787315654604,2.2159615428629302,2.1839787315654604,2.1885476112365723,39181901,0.0,0.0
601939.SS,2010-08-24 00:00:00+08:00,2.1931167087742462,2.2068235656541444,2.1748407543566746,2.1885476112365723,39297442,0.0,0.0
601939.SS,2010-08-25 00:00:00+08:00,2.1794101849046035,2.183979283597182,2.129151188619326,2.1428582668304443,82374668,0.0,0.0
601939.SS,2010-08-26 00:00:00+08:00,2.1474266052246094,2.156564582434931,2.133719748342408,2.1474266052246094,38203100,0.0,0.0
601939.SS,2010-08-27 00:00:00+08:00,2.1428577255527297,2.151995702763051,2.133719748342408,2.1474266052246094,24560334,0.0,0.0
601939.SS,2010-08-30 00:00:00+08:00,2.151995897293091,2.1611338753294413,2.1428579192567403,2.151995897293091,60490594,0.0,0.0
601939.SS,2010-08-31 00:00:00+08:00,2.1474267140166496,2.1519958117865694,2.1337198564400373,2.138288736343384,35470557,0.0,0.0
601939.SS,2010-09-01 00:00:00+08:00,2.138288845602342,2.170271878026279,2.124581987325358,2.129150867462158,69142335,0.0,0.0
601939.SS,2010-09-02 00:00:00+08:00,2.1474267140166496,2.161133789459836,2.129150758670118,2.138288736343384,46682962,0.0,0.0
601939.SS,2010-09-03 00:00:00+08:00,2.1428582668304443,2.1474271476564057,2.115444328274825,2.1428582668304443,68674673,0.0,0.0
601939.SS,2010-09-06 00:00:00+08:00,2.142857811024702,2.1657026460284348,2.138288713304013,2.1611337661743164,60887603,0.0,0.0
601939.SS,2010-09-07 00:00:00+08:00,2.1611338753294413,2.1657027554143258,2.1428579192567403,2.151995897293091,45255418,0.0,0.0
601939.SS,2010-09-08 00:00:00+08:00,2.142857834113304,2.1474267140166496,2.129150758670118,2.138288736343384,36524171,0.0,0.0
601939.SS,2010-09-09 00:00:00+08:00,2.138288431013061,2.138288431013061,2.11544359902524,2.1245815753936768,50758065,0.0,0.0
601939.SS,2010-09-10 00:00:00+08:00,2.129151042755079,2.129151042755079,2.1017371060775383,2.1154441833496094,46695559,0.0,0.0
601939.SS,2010-09-13 00:00:00+08:00,2.1108747825788914,2.133719835470832,2.106305902720446,2.120012760162353,41070079,0.0,0.0
601939.SS,2010-09-14 00:00:00+08:00,2.12458203272067,2.1337200110561025,2.1017369779487938,2.1063060760498047,32800926,0.0,0.0
601939.SS,2010-09-15 00:00:00+08:00,2.1063060760498047,2.1063060760498047,2.1063060760498047,2.1063060760498047,0,0.0,0.0
601939.SS,2010-09-16 00:00:00+08:00,2.092599246699654,2.092599246699654,2.05604732904201,2.065185308456421,67476960,0.0,0.0
601939.SS,2010-09-17 00:00:00+08:00,2.0697539939784297,2.074322873840389,2.046908941068919,2.0606160163879395,39368448,0.0,0.0
601939.SS,2010-09-20 00:00:00+08:00,2.0606160163879395,2.074322873840389,2.056046918659409,2.0606160163879395,25909422,0.0,0.0
601939.SS,2010-09-21 00:00:00+08:00,2.065184853002037,2.083460807800293,2.0606159732357563,2.083460807800293,25198175,0.0,0.0
601939.SS,2010-09-27 00:00:00+08:00,2.0788918842435526,2.088029861450196,2.060615929830268,2.088029861450196,44704534,0.0,0.0
601939.SS,2010-09-28 00:00:00+08:00,2.0743228304011647,2.092598785199421,2.065184853002037,2.083460807800293,42926967,0.0,0.0
601939.SS,2010-09-29 00:00:00+08:00,2.083460763913593,2.097167838656838,2.0788918842435526,2.088029861450196,48993766,0.0,0.0
601939.SS,2010-09-30 00:00:00+08:00,2.0743228515050336,2.106305881660656,2.0743228515050336,2.1017367839813232,40154393,0.0,0.0
601939.SS,2010-10-08 00:00:00+08:00,2.12001284525342,2.142857899062294,2.09259891140272,2.1337199211120605,80021341,0.0,0.0
601939.SS,2010-10-11 00:00:00+08:00,2.1337199174845907,2.1885477850927813,2.110874863714555,2.1748409271240234,142431612,0.0,0.0
601939.SS,2010-10-12 00:00:00+08:00,2.1611334205236794,2.174840493626873,2.147426347420486,2.170271396636963,86481767,0.0,0.0
601939.SS,2010-10-13 00:00:00+08:00,2.17027174177033,2.206823652036232,2.161133764203855,2.20225477218628,89913685,0.0,0.0
601939.SS,2010-10-14 00:00:00+08:00,2.2570825707253537,2.284496502612719,2.238806616133777,2.247944593429565,237378046,0.0,0.0
601939.SS,2010-10-15 00:00:00+08:00,2.247944510837518,2.385014165238247,2.238806533877469,2.3758761882781982,296667134,0.0,0.0
601939.SS,2010-10-18 00:00:00+08:00,2.3987215007886014,2.490101280338678,2.3850144249228,2.394152402877808,203095301,0.0,0.0
601939.SS,2010-10-19 00:00:00+08:00,2.3804452864384964,2.426135171253077,2.353031355549748,2.416997194290161,129261739,0.0,0.0
601939.SS,2010-10-20 00:00:00+08:00,2.3895832634014127,2.453549102141825,2.3850141659866764,2.416997194290161,141446780,0.0,0.0
601939.SS,2010-10-21 00:00:00+08:00,2.4169975020987167,2.426135480225369,2.348462557215531,2.371307611465454,106129858,0.0,0.0
601939.SS,2010-10-22 00:00:00+08:00,2.357600535342184,2.389583567718759,2.3393245790888786,2.371307611465454,79505586,0.0,0.0
601939.SS,2010-10-25 00:00:00+08:00,2.371307051780929,2.4169969316303,2.348462002922978,2.398720979690552,67725947,0.0,0.0
601939.SS,2010-10-26 00:00:00+08:00,2.398721107510489,2.416997060424103,2.357600104521586,2.3667380809783936,64320759,0.0,0.0
601939.SS,2010-10-27 00:00:00+08:00,2.366738603657076,2.398721637252414,2.3301866897575985,2.3438937664031982,73096480,0.0,0.0
601939.SS,2010-10-28 00:00:00+08:00,2.3438929447571124,2.366737774002789,2.32104789764492,2.3530309200286865,68219046,0.0,0.0
601939.SS,2010-10-29 00:00:00+08:00,2.3438940152456875,2.366738854924916,2.2890661385756004,2.3027729988098145,53037985,0.0,0.0
601939.SS,2010-11-01 00:00:00+08:00,2.316480127878889,2.3576009273529053,2.316480127878889,2.3576009273529053,54928376,0.0,0.0
601939.SS,2010-11-02 00:00:00+08:00,2.357600234358101,2.3941521421982954,2.339324280438004,2.3758761882781982,85168601,0.0,0.0
601939.SS,2010-11-03 00:00:00+08:00,2.375876487172273,2.430704573696697,2.3621696289411043,2.412428617477417,154000866,0.0,0.0
601939.SS,2010-11-04 00:00:00+08:00,2.416997881540488,2.4444118202241287,2.403291021131977,2.439842939376831,188941198,0.0,0.0
601939.SS,2010-11-05 00:00:00+08:00,2.439842939376831,2.439842939376831,2.439842939376831,2.439842939376831,0,0.0,0.0
601939.SS,2010-11-08 00:00:00+08:00,2.439842939376831,2.439842939376831,2.439842939376831,2.439842939376831,0,0.0,0.0
601939.SS,2010-11-09 00:00:00+08:00,2.439842939376831,2.439842939376831,2.439842939376831,2.439842939376831,0,0.0,0.0
601939.SS,2010-11-10 00:00:00+08:00,2.439842939376831,2.439842939376831,2.439842939376831,2.439842939376831,0,0.0,0.0
601939.SS,2010-11-11 00:00:00+08:00,2.439842939376831,2.439842939376831,2.439842939376831,2.439842939376831,0,0.0,0.0
601939.SS,2010-11-12 00:00:00+08:00,2.439842939376831,2.439842939376831,2.439842939376831,2.439842939376831,0,0.0,0.0
601939.SS,2010-11-15 00:00:00+08:00,2.2890658127375896,2.343893681603181,2.2250997478611483,2.330186605453491,154134478,0.0,0.0
601939.SS,2010-11-16 00:00:00+08:00,2.316479532871011,2.316479532871011,2.1976856101186986,2.2068235874176025,136874492,0.0,0.0
601939.SS,2010-11-17 00:00:00+08:00,2.1839792728424072,2.2205311907365703,2.170272194698788,2.1839792728424072,64979682,0.0,0.0
601939.SS,2010-11-18 00:00:00+08:00,2.1931167087742462,2.220530640400604,2.1748407543566746,2.1885476112365723,66471261,0.0,0.0
601939.SS,2010-11-19 00:00:00+08:00,2.19768613311941,2.19768613311941,2.138289157608088,2.1839792728424072,61594433,0.0,0.0
601939.SS,2010-11-22 00:00:00+08:00,2.161133854962761,2.170271832912995,2.124581943161827,2.1337199211120605,65777186,0.0,0.0
601939.SS,2010-11-23 00:00:00+08:00,2.129150716457613,2.1337198141369456,2.0788919491843663,2.1017367839813232,62428846,0.0,0.0
601939.SS,2010-11-24 00:00:00+08:00,2.101736909159872,2.1885478094384934,2.101736909159872,2.151995897293091,100419838,0.0,0.0
601939.SS,2010-11-25 00:00:00+08:00,2.156564323533769,2.174840493626873,2.1291503951939186,2.170271396636963,60353658,0.0,0.0
601939.SS,2010-11-26 00:00:00+08:00,2.165702669363182,2.165702669363182,2.1337198564400373,2.138288736343384,39083844,0.0,0.0
601939.SS,2010-11-29 00:00:00+08:00,2.138288628014288,2.151995702763051,2.1245817711320867,2.1474266052246094,33348626,0.0,0.0
601939.SS,2010-11-30 00:00:00+08:00,2.1382888254432304,2.151995901457573,2.088030055079334,2.110874891281128,56624609,0.0,0.0
601939.SS,2010-12-01 00:00:00+08:00,2.106305816711444,2.1611336799733727,2.097167839501122,2.1474266052246094,43545746,0.0,0.0
601939.SS,2010-12-02 00:00:00+08:00,2.1702719318171804,2.229668900133843,2.124582039983821,2.225099802017212,120699237,0.0,0.0
601939.SS,2010-12-03 00:00:00+08:00,2.211392879486084,2.225099737706637,2.1931169232809578,2.211392879486084,30979901,0.0,0.0
601939.SS,2010-12-06 00:00:00+08:00,2.225099737706637,2.252513672014326,2.1931169232809578,2.211392879486084,38554007,0.0,0.0
601939.SS,2010-12-07 00:00:00+08:00,2.2068235874176025,2.22053066229924,2.1702716782219875,2.2068235874176025,33442282,0.0,0.0
601939.SS,2010-12-08 00:00:00+08:00,2.202254795446106,2.2068236753443142,2.1748408624571387,2.1794097423553467,30655407,0.0,0.0
601939.SS,2010-12-09 00:00:00+08:00,2.1794101849046035,2.1931172631157216,2.138289168137866,2.1428582668304443,32027110,0.0,0.0
601939.SS,2010-12-10 00:00:00+08:00,2.142857982987208,2.174841015998929,2.133720004679086,2.1657028198242188,22460446,0.0,0.0
601939.SS,2010-12-13 00:00:00+08:00,2.1519962357517066,2.1885481536458697,2.1519962357517066,2.1839792728424072,45001610,0.0,0.0
601939.SS,2010-12-14 00:00:00+08:00,2.193117252315948,2.19768613311941,2.156565116555169,2.1839792728424072,46414653,0.0,0.0
601939.SS,2010-12-15 00:00:00+08:00,2.1794097423553467,2.1931168177831166,2.170271764692357,2.1794097423553467,34506296,0.0,0.0
601939.SS,2010-12-16 00:00:00+08:00,2.174841015998929,2.174841015998929,2.15199596129533,2.1657028198242188,32244322,0.0,0.0
601939.SS,2010-12-17 00:00:00+08:00,2.1657027554143258,2.170271853365792,2.1428579192567403,2.151995897293091,31472242,0.0,0.0
601939.SS,2010-12-20 00:00:00+08:00,2.1565648018827104,2.1611338998860945,2.11087491118179,2.129150867462158,69646084,0.0,0.0
601939.SS,2010-12-21 00:00:00+08:00,2.129150779239771,2.1794097658615708,2.120012801478224,2.156564712524414,48520591,0.0,0.0
601939.SS,2010-12-22 00:00:00+08:00,2.1611336799733727,2.1657025596452524,2.138288628014288,2.1474266052246094,41691929,0.0,0.0
601939.SS,2010-12-23 00:00:00+08:00,2.1474266052246094,2.179409634394016,2.138288628014288,2.1474266052246094,44190131,0.0,0.0
601939.SS,2010-12-24 00:00:00+08:00,2.1428582668304443,2.1657031066934853,2.129151188619326,2.1428582668304443,35515780,0.0,0.0
601939.SS,2010-12-27 00:00:00+08:00,2.15656497943262,2.165702958325133,2.1108750849700515,2.1154441833496094,68270730,0.0,0.0
601939.SS,2010-12-28 00:00:00+08:00,2.1063059256173635,2.129150760891072,2.069754014886172,2.0788919925689697,59112261,0.0,0.0
601939.SS,2010-12-29 00:00:00+08:00,2.083460807800293,2.092598785199421,2.069753950634884,2.083460807800293,30584874,0.0,0.0
601939.SS,2010-12-30 00:00:00+08:00,2.08802990543314,2.101736762598549,2.051477777970061,2.083460807800293,72640494,0.0,0.0
601939.SS,2010-12-31 00:00:00+08:00,2.0788922495438653,2.101737087641457,2.074323151204387,2.097168207168579,42362371,0.0,0.0
601939.SS,2011-01-04 00:00:00+08:00,2.120012889321974,2.1428579436057262,2.097168052904806,2.129150867462158,76217403,0.0,0.0
601939.SS,2011-01-05 00:00:00+08:00,2.120012478276188,2.14285752813055,2.11544359902524,2.1245815753936768,50936846,0.0,0.0
601939.SS,2011-01-06 00:00:00+08:00,2.1337199248820946,2.1519958808148534,2.0925989151000977,2.0925989151000977,66005930,0.0,0.0
601939.SS,2011-01-07 00:00:00+08:00,2.0971679231506664,2.1931167966194267,2.092598825429977,2.1611337661743164,141485726,0.0,0.0
601939.SS,2011-01-10 00:00:00+08:00,2.15199580936638,2.2068236753443142,2.15199580936638,2.1794097423553467,97923587,0.0,0.0
601939.SS,2011-01-11 00:00:00+08:00,2.1657027711066856,2.211392879486084,2.1565647930041223,2.211392879486084,69903573,0.0,0.0
601939.SS,2011-01-12 00:00:00+08:00,2.2113925768061944,2.23423741000247,2.1931166231025525,2.215961456298828,50733928,0.0,0.0
601939.SS,2011-01-13 00:00:00+08:00,2.2205306615422007,2.2525134731441776,2.2205306615422007,2.247944593429565,72154750,0.0,0.0
601939.SS,2011-01-14 00:00:00+08:00,2.243375539779663,2.2570826149250487,2.2250995848301947,2.243375539779663,57322559,0.0,0.0
601939.SS,2011-01-17 00:00:00+08:00,2.2250997215838955,2.2296688195353616,2.1428579192567403,2.151995897293091,54372748,0.0,0.0
601939.SS,2011-01-18 00:00:00+08:00,2.15199596129533,2.188547874527818,2.142857982987208,2.1657028198242188,44220577,0.0,0.0
601939.SS,2011-01-19 00:00:00+08:00,2.1657026669275767,2.188547720018336,2.15199580936638,2.1794097423553467,25088769,0.0,0.0
601939.SS,2011-01-20 00:00:00+08:00,2.1794098561664628,2.1794098561664628,2.124581987325358,2.129150867462158,29986609,0.0,0.0
601939.SS,2011-01-21 00:00:00+08:00,2.129150779239771,2.2022548191987275,2.124581899292285,2.156564712524414,44224537,0.0,0.0
601939.SS,2011-01-24 00:00:00+08:00,2.1565647570543547,2.1657027350045883,2.12001284525342,2.1337199211120605,46396152,0.0,0.0
601939.SS,2011-01-25 00:00:00+08:00,2.133719551762113,2.133719551762113,2.101736525539314,2.1245815753936768,54739721,0.0,0.0
601939.SS,2011-01-26 00:00:00+08:00,2.129150867462158,2.138288845602342,2.115444009185174,2.129150867462158,30282211,0.0,0.0
601939.SS,2011-01-27 00:00:00+08:00,2.1154439851476883,2.156564777377976,2.0971680290749872,2.151995897293091,56738277,0.0,0.0
601939.SS,2011-01-28 00:00:00+08:00,2.1337199654655423,2.1428579436057262,2.120012889321974,2.129150867462158,37594132,0.0,0.0
601939.SS,2011-01-31 00:00:00+08:00,2.1291508393031613,2.197685783381428,2.120012861283831,2.1931169033050537,85849248,0.0,0.0
601939.SS,2011-02-01 00:00:00+08:00,2.1839788170533283,2.215961629602707,2.174840839486853,2.20225477218628,39967461,0.0,0.0
601939.SS,2011-02-09 00:00:00+08:00,2.183978386981959,2.215961193233249,2.179409290165188,2.1976852416992188,41607891,0.0,0.0
601939.SS,2011-02-10 00:00:00+08:00,2.197685695301291,2.225099628260569,2.188547717648198,2.2205307483673096,53701982,0.0,0.0
601939.SS,2011-02-11 00:00:00+08:00,2.2159617794571744,2.2296688556671143,2.2068238012727432,2.2296688556671143,69024886,0.0,0.0
601939.SS,2011-02-14 00:00:00+08:00,2.2205307258716465,2.2662206136742378,2.2205307258716465,2.2616515159606934,101244745,0.0,0.0
601939.SS,2011-02-15 00:00:00+08:00,2.2616515807071416,2.27535865637361,2.243375625062902,2.25708270072937,96839838,0.0,0.0
601939.SS,2011-02-16 00:00:00+08:00,2.2479447022866363,2.266220657763229,2.2250996490076083,2.23880672454834,104855707,0.0,0.0
601939.SS,2011-02-17 00:00:00+08:00,2.23880672454834,2.2525135822224973,2.2250996490076083,2.23880672454834,83146983,0.0,0.0
601939.SS,2011-02-18 00:00:00+08:00,2.23880672454834,2.2479447022866363,2.220530769071748,2.23880672454834,78490632,0.0,0.0
601939.SS,2011-02-21 00:00:00+08:00,2.2250996490076083,2.243375604484201,2.188547738054423,2.23880672454834,91381540,0.0,0.0
601939.SS,2011-02-22 00:00:00+08:00,2.23423741000247,2.23423741000247,2.2022545999543737,2.215961456298828,61950914,0.0,0.0
601939.SS,2011-02-23 00:00:00+08:00,2.2113925768061944,2.238806507361657,2.2068234794470074,2.215961456298828,73550088,0.0,0.0
601939.SS,2011-02-24 00:00:00+08:00,2.2068234794470074,2.225099433150649,2.1976855025951862,2.215961456298828,43184630,0.0,0.0
601939.SS,2011-02-25 00:00:00+08:00,2.2159617794571744,2.2296688556671143,2.183978964744957,2.2296688556671143,62176588,0.0,0.0
601939.SS,2011-02-28 00:00:00+08:00,2.22053072731923,2.225099607169182,2.1976856744697564,2.20225477218628,46769485,0.0,0.0
601939.SS,2011-03-01 00:00:00+08:00,2.2113925768061944,2.225099433150649,2.2022545999543737,2.215961456298828,30696650,0.0,0.0
601939.SS,2011-03-02 00:00:00+08:00,2.206823845283868,2.243375758750556,2.202254965033827,2.225099802017212,39058288,0.0,0.0
601939.SS,2011-03-03 00:00:00+08:00,2.2296687672630107,2.293634612017849,2.2205307894408906,2.25708270072937,124338313,0.0,0.0
601939.SS,2011-03-04 00:00:00+08:00,2.252513494603049,2.279927426751577,2.234237539837364,2.266220569610596,48261469,0.0,0.0
601939.SS,2011-03-07 00:00:00+08:00,2.2707892770338023,2.2890654482790365,2.26165130034446,2.2799272537231445,62994944,0.0,0.0
601939.SS,2011-03-08 00:00:00+08:00,2.279926972240628,2.298203141229465,2.27535809339331,2.284496068954468,43780089,0.0,0.0
601939.SS,2011-03-09 00:00:00+08:00,2.293634327690433,2.2982034249683787,2.2799272537231445,2.2799272537231445,34501263,0.0,0.0
601939.SS,2011-03-10 00:00:00+08:00,2.27535865637361,2.2799275363513813,2.2388067450851303,2.25708270072937,58049919,0.0,0.0
601939.SS,2011-03-11 00:00:00+08:00,2.2479447022866363,2.2616515599607934,2.2342376267459043,2.23880672454834,30592653,0.0,0.0
601939.SS,2011-03-14 00:00:00+08:00,2.2342379093170166,2.252513867105028,2.22053104990931,2.2342379093170166,38716876,0.0,0.0
601939.SS,2011-03-15 00:00:00+08:00,2.2205307483673096,2.2296687260204027,2.188547717648198,2.2205307483673096,57739672,0.0,0.0
601939.SS,2011-03-16 00:00:00+08:00,2.2159619515290063,2.238807007697321,2.2159619515290063,2.2342379093170166,34968032,0.0,0.0
601939.SS,2011-03-17 00:00:00+08:00,2.2159619515290063,2.238807007697321,2.2113930710153045,2.2342379093170166,37646853,0.0,0.0
601939.SS,2011-03-18 00:00:00+08:00,2.238806703673496,2.2479446813265884,2.215961650607477,2.2205307483673096,43271503,0.0,0.0
601939.SS,2011-03-21 00:00:00+08:00,2.22053104990931,2.238807007697321,2.2113930710153045,2.2342379093170166,32885622,0.0,0.0
601939.SS,2011-03-22 00:00:00+08:00,2.2433754958483894,2.261651450439966,2.229668638837989,2.247944593429565,29738595,0.0,0.0
601939.SS,2011-03-23 00:00:00+08:00,2.2433752179320976,2.275358243438482,2.2433752179320976,2.27078914642334,38822234,0.0,0.0
601939.SS,2011-03-24 00:00:00+08:00,2.2707892770338023,2.2890654482790365,2.266220397622406,2.2799272537231445,48622137,0.0,0.0
601939.SS,2011-03-25 00:00:00+08:00,2.2936350193648,2.316480076910644,2.2844970399197853,2.3027729988098145,72289231,0.0,0.0
601939.SS,2011-03-28 00:00:00+08:00,2.311910804363157,2.3210487831208533,2.289065966402216,2.298203945159912,76361523,0.0,0.0
601939.SS,2011-03-29 00:00:00+08:00,2.2936339378356934,2.325616959745432,2.284495962699556,2.2936339378356934,83065079,0.0,0.0
601939.SS,2011-03-30 00:00:00+08:00,2.2936348468477643,2.3073419239176083,2.270789791020224,2.298203945159912,63465403,0.0,0.0
601939.SS,2011-03-31 00:00:00+08:00,2.29820329278112,2.29820329278112,2.2662202672747345,2.27078914642334,40034775,0.0,0.0
601939.SS,2011-04-01 00:00:00+08:00,2.270789663504412,2.3027726962936463,2.266220783315428,2.2890658378601074,33876085,0.0,0.0
601939.SS,2011-04-06 00:00:00+08:00,2.2982033838079614,2.3393241692402613,2.293634286611847,2.3256173133850098,84099765,0.0,0.0
601939.SS,2011-04-07 00:00:00+08:00,2.3347552899106927,2.3393241692402613,2.316479336859327,2.3256173133850098,43172012,0.0,0.0
601939.SS,2011-04-08 00:00:00+08:00,2.321048627309226,2.334755703458916,2.30734176902612,2.330186605453491,46978196,0.0,0.0
601939.SS,2011-04-11 00:00:00+08:00,2.334755787928329,2.357600625182206,2.3301866897575985,2.3438937664031982,62312551,0.0,0.0
601939.SS,2011-04-12 00:00:00+08:00,2.3393242359161377,2.348462212702273,2.321048282343867,2.3393242359161377,57793061,0.0,0.0
601939.SS,2011-04-13 00:00:00+08:00,2.3347558069364336,2.366738622925564,2.3119107516299744,2.3621697425842285,57664306,0.0,0.0
601939.SS,2011-04-14 00:00:00+08:00,2.3667388138423715,2.398721850278059,2.36216993313248,2.385014772415161,95988457,0.0,0.0
601939.SS,2011-04-15 00:00:00+08:00,2.3804455851603845,2.421566595587057,2.3713076070507446,2.412428617477417,73537011,0.0,0.0
601939.SS,2011-04-18 00:00:00+08:00,2.403291021131977,2.439842939376831,2.394152823704145,2.439842939376831,95300221,0.0,0.0
601939.SS,2011-04-19 00:00:00+08:00,2.421566861899437,2.4261357425234293,2.3895838260650635,2.3895838260650635,59303408,0.0,0.0
601939.SS,2011-04-20 00:00:00+08:00,2.4032909036702543,2.4261357425234293,2.385014727574464,2.3895838260650635,66238678,0.0,0.0
601939.SS,2011-04-21 00:00:00+08:00,2.403290598699395,2.4169974566986165,2.3850144249228,2.394152402877808,29552236,0.0,0.0
601939.SS,2011-04-22 00:00:00+08:00,2.4032902046721647,2.4032902046721647,2.3438932487696484,2.3667380809783936,35484350,0.0,0.0
601939.SS,2011-04-25 00:00:00+08:00,2.3484618234596417,2.36216889530026,2.3256169942139646,2.3530309200286865,43460254,0.0,0.0
601939.SS,2011-04-26 00:00:00+08:00,2.343893333242481,2.362169286814752,2.3393242359161377,2.3393242359161377,27427430,0.0,0.0
601939.SS,2011-04-27 00:00:00+08:00,2.35303204646318,2.37587688664505,2.3484629477068326,2.3576009273529053,36383391,0.0,0.0
601939.SS,2011-04-28 00:00:00+08:00,2.371307611465454,2.412428621968682,2.357600535342184,2.371307611465454,40512212,0.0,0.0
601939.SS,2011-04-29 00:00:00+08:00,2.3804452419281006,2.389583218720152,2.3256173811757943,2.3804452419281006,57975984,0.0,0.0
601939.SS,2011-05-03 00:00:00+08:00,2.371307308731452,2.3987212396115978,2.36673821131815,2.3758761882781982,44423500,0.0,0.0
601939.SS,2011-05-04 00:00:00+08:00,2.362169286814752,2.380445240387022,2.334755356456346,2.3393242359161377,41865308,0.0,0.0
601939.SS,2011-05-05 00:00:00+08:00,2.330186600962226,2.3758764915954886,2.3073417645788865,2.371307611465454,65420263,0.0,0.0
601939.SS,2011-05-06 00:00:00+08:00,2.353031679678649,2.3713076361219843,2.3438937014569805,2.348462581634521,27698064,0.0,0.0
601939.SS,2011-05-09 00:00:00+08:00,2.343893681603181,2.3667385180305525,2.325617725314651,2.330186605453491,22720941,0.0,0.0
601939.SS,2011-05-10 00:00:00+08:00,2.3347557232353124,2.357600559856189,2.325617745013645,2.348462581634521,14651815,0.0,0.0
601939.SS,2011-05-11 00:00:00+08:00,2.353031744878068,2.366738603657076,2.334755787928329,2.3438937664031982,17121172,0.0,0.0
601939.SS,2011-05-12 00:00:00+08:00,2.3347558790035983,2.34846273831729,2.3119108229919783,2.3164799213409424,31276697,0.0,0.0
601939.SS,2011-05-13 00:00:00+08:00,2.32561737967021,2.348462212702273,2.307341426097941,2.3393242359161377,33800793,0.0,0.0
601939.SS,2011-05-16 00:00:00+08:00,2.330186780654634,2.353031836666254,2.3119108229919783,2.3164799213409424,44402125,0.0,0.0
601939.SS,2011-05-17 00:00:00+08:00,2.316479966128344,2.325617945136348,2.302772888683036,2.31191086769104,34190284,0.0,0.0
601939.SS,2011-05-18 00:00:00+08:00,2.3164797471703853,2.3393245835977567,2.3119106491649606,2.330186605453491,19154080,0.0,0.0
601939.SS,2011-05-19 00:00:00+08:00,2.3393242359161377,2.348462212702273,2.32561737967021,2.3393242359161377,21616904,0.0,0.0
601939.SS,2011-05-20 00:00:00+08:00,2.3393242359161377,2.357600189488408,2.334755356456346,2.3393242359161377,28107895,0.0,0.0
601939.SS,2011-05-23 00:00:00+08:00,2.334755331725748,2.343893308415091,2.2707892770338023,2.2799272537231445,63930409,0.0,0.0
601939.SS,2011-05-24 00:00:00+08:00,2.2844962196022296,2.3027721719297243,2.27078914642334,2.27078914642334,32710141,0.0,0.0
601939.SS,2011-05-25 00:00:00+08:00,2.270789472203866,2.270789472203866,2.2388066599755803,2.243375539779663,25696937,0.0,0.0
601939.SS,2011-05-26 00:00:00+08:00,2.257082592227753,2.270789449368734,2.252513494603049,2.266220569610596,28712890,0.0,0.0
601939.SS,2011-05-27 00:00:00+08:00,2.2662209628842818,2.279927822403913,2.247945004947038,2.252513885498047,31180934,0.0,0.0
601939.SS,2011-05-30 00:00:00+08:00,2.257082142270997,2.298203141229465,2.252513045557157,2.284496068954468,43880427,0.0,0.0
601939.SS,2011-05-31 00:00:00+08:00,2.2844970399197853,2.3256180563556583,2.266221081029756,2.3027729988098145,53141938,0.0,0.0
601939.SS,2011-06-01 00:00:00+08:00,2.30277247800012,2.3164795530008697,2.289065620865936,2.3073415756225586,53117892,0.0,0.0
601939.SS,2011-06-02 00:00:00+08:00,2.2844967247737027,2.289065822799211,2.2068238012727432,2.2296688556671143,51489390,0.0,0.0
601939.SS,2011-06-03 00:00:00+08:00,2.2250996057186203,2.2662206136742378,2.2250996057186203,2.2616515159606934,34748883,0.0,0.0
601939.SS,2011-06-07 00:00:00+08:00,2.247944658553201,2.27992747108173,2.247944658553201,2.2616515159606934,33715142,0.0,0.0
601939.SS,2011-06-08 00:00:00+08:00,2.261651864466669,2.2707898434352907,2.21596196962356,2.252513885498047,48083442,0.0,0.0
601939.SS,2011-06-09 00:00:00+08:00,2.252513885498047,2.252513885498047,2.252513885498047,2.252513885498047,0,0.0,0.0
601939.SS,2011-06-10 00:00:00+08:00,2.229668682500846,2.2616514947291315,2.2205307050261114,2.243375539779663,45056664,0.0,0.0
601939.SS,2011-06-13 00:00:00+08:00,2.238807025978416,2.25708298391566,2.225099948592181,2.252513885498047,25591507,0.0,0.0
601939.SS,2011-06-14 00:00:00+08:00,2.252513517254397,2.266220592399783,2.2388066599755803,2.243375539779663,37037405,0.0,0.0
601939.SS,2011-06-15 00:00:00+08:00,2.23880672454834,2.2525135822224973,2.2342376267459043,2.23880672454834,34432785,0.0,0.0
601939.SS,2011-06-16 00:00:00+08:00,2.229668900133843,2.238806878500515,2.2205309217671707,2.225099802017212,33641941,0.0,0.0
601939.SS,2011-06-17 00:00:00+08:00,2.234237518552601,2.261651450439966,2.2250995412568124,2.247944593429565,23243507,0.0,0.0
601939.SS,2011-06-20 00:00:00+08:00,2.247944593429565,2.261651450439966,2.238806616133777,2.247944593429565,31655533,0.0,0.0
601939.SS,2011-06-21 00:00:00+08:00,2.252513602885022,2.27535865637361,2.24794472290725,2.25708270072937,49897671,0.0,0.0
601939.SS,2011-06-22 00:00:00+08:00,2.26165130034446,2.2890654482790365,2.2525133236551174,2.2799272537231445,47932194,0.0,0.0
601939.SS,2011-06-23 00:00:00+08:00,2.279927832229724,2.31191086769104,2.27078985322172,2.31191086769104,83312511,0.0,0.0
601939.SS,2011-06-24 00:00:00+08:00,2.308190856468169,2.3701875435345383,2.289114917770343,2.365418672561645,71005699,0.2122,0.0
601939.SS,2011-06-27 00:00:00+08:00,2.3558804002894704,2.4131082090244944,2.3463424321669666,2.3844943046569824,99461271,0.0,0.0
601939.SS,2011-06-28 00:00:00+08:00,2.394032523622168,2.394032523622168,2.365418616256539,2.379725456237793,34249963,0.0,0.0
601939.SS,2011-06-29 00:00:00+08:00,2.3797252841697487,2.3797252841697487,2.3368045399262867,2.360649347305298,56057713,0.0,0.0
601939.SS,2011-06-30 00:00:00+08:00,2.3558809757232666,2.38926398600752,2.346343005271073,2.3558809757232666,37061160,0.0,0.0
601939.SS,2011-07-01 00:00:00+08:00,2.360649882657625,2.3844949228473613,2.341573941467099,2.3463430404663086,21869997,0.0,0.0
601939.SS,2011-07-04 00:00:00+08:00,2.360649347305298,2.370187315737524,2.346342508358512,2.360649347305298,30463415,0.0,0.0
601939.SS,2011-07-05 00:00:00+08:00,2.3606494366537074,2.3606494366537074,2.332035530274021,2.3368046283721924,30213782,0.0,0.0
601939.SS,2011-07-06 00:00:00+08:00,2.332035402152617,2.336804499988775,2.2986526269119136,2.3034214973449707,43150658,0.0,0.0
601939.SS,2011-07-07 00:00:00+08:00,2.312959465614186,2.32726653171956,2.2986526269119136,2.3034214973449707,30133907,0.0,0.0
601939.SS,2011-07-08 00:00:00+08:00,2.3034219622212406,2.3177290312140646,2.289115120631564,2.308191061019897,26127857,0.0,0.0
601939.SS,2011-07-11 00:00:00+08:00,2.303421997230932,2.308191096102074,2.293884026891797,2.2986531257629395,26896916,0.0,0.0
601939.SS,2011-07-12 00:00:00+08:00,2.2891152381385025,2.2938841097788125,2.2652701977274763,2.274808168411255,33641096,0.0,0.0
601939.SS,2011-07-13 00:00:00+08:00,2.2795771504373965,2.3177290312140646,2.2748080516387392,2.308191061019897,63032948,0.0,0.0
601939.SS,2011-07-14 00:00:00+08:00,2.312960112179164,2.3368051532193967,2.293884170308244,2.322498083114624,63675256,0.0,0.0
601939.SS,2011-07-15 00:00:00+08:00,2.322498047582046,2.3368051174679305,2.3081912050993227,2.332036018371582,34437260,0.0,0.0
601939.SS,2011-07-18 00:00:00+08:00,2.332035530274021,2.346342597165421,2.312959592687564,2.3368046283721924,30304694,0.0,0.0
601939.SS,2011-07-19 00:00:00+08:00,2.32249759494834,2.336804662045907,2.3129596260176672,2.3272666931152344,27792752,0.0,0.0
601939.SS,2011-07-20 00:00:00+08:00,2.3272666931152344,2.3415735328096843,2.3129596260176672,2.3272666931152344,27779490,0.0,0.0
601939.SS,2011-07-21 00:00:00+08:00,2.332036054050084,2.332036054050084,2.303422141243704,2.322498083114624,33482591,0.0,0.0
601939.SS,2011-07-22 00:00:00+08:00,2.3177283559088138,2.3224972259148413,2.2938833236694336,2.2938833236694336,16382515,0.0,0.0
601939.SS,2011-07-25 00:00:00+08:00,2.289115286373971,2.293884158114769,2.2509631754317687,2.2605011463165283,31147869,0.0,0.0
601939.SS,2011-07-26 00:00:00+08:00,2.260500691842196,2.274807758994477,2.250962722875048,2.2557318210601807,10773750,0.0,0.0
601939.SS,2011-07-27 00:00:00+08:00,2.250962995581571,2.2652700644671686,2.2318870553362045,2.2461941242218018,22174965,0.0,0.0
601939.SS,2011-07-28 00:00:00+08:00,2.231886179575922,2.241424145956044,2.212810246815679,2.222348213195801,20962655,0.0,0.0
601939.SS,2011-07-29 00:00:00+08:00,2.227118183976436,2.2795771333527663,2.217580213853752,2.2461941242218018,32722426,0.0,0.0
601939.SS,2011-08-01 00:00:00+08:00,2.255732094344485,2.255732094344485,2.2366561540991188,2.2461941242218018,12550018,0.0,0.0
601939.SS,2011-08-02 00:00:00+08:00,2.2366562241292045,2.2414250956382875,2.217580283286567,2.2271182537078857,13125955,0.0,0.0
601939.SS,2011-08-03 00:00:00+08:00,2.21758011447062,2.2318869553118965,2.1985041750801613,2.20804214477539,15391560,0.0,0.0
601939.SS,2011-08-04 00:00:00+08:00,2.21757988629132,2.227117855005134,2.203272819519043,2.203272819519043,7309862,0.0,0.0
601939.SS,2011-08-05 00:00:00+08:00,2.179428168877693,2.179428168877693,2.15558313166904,2.160352230072021,23195518,0.0,0.0
601939.SS,2011-08-08 00:00:00+08:00,2.146045458619666,2.179428469841109,2.1222004181181835,2.141276359558105,47730492,0.0,0.0
601939.SS,2011-08-09 00:00:00+08:00,2.1126621891948973,2.1508142948150635,2.0649723414236045,2.1508142948150635,49294733,0.0,0.0
601939.SS,2011-08-10 00:00:00+08:00,2.20327301366192,2.20327301366192,2.1508142948150635,2.1508142948150635,31350737,0.0,0.0
601939.SS,2011-08-11 00:00:00+08:00,2.1317380722278823,2.1698901768444543,2.1222001029245208,2.165121078491211,24347466,0.0,0.0
601939.SS,2011-08-12 00:00:00+08:00,2.169890199474857,2.174659070474711,2.150814260669186,2.160352230072021,12753023,0.0,0.0
601939.SS,2011-08-15 00:00:00+08:00,2.160352376007424,2.193735157470848,2.1460453072351395,2.184197187423706,23778487,0.0,0.0
601939.SS,2011-08-16 00:00:00+08:00,2.1841970055065336,2.2080420423399563,2.1698901653289795,2.1698901653289795,17817125,0.0,0.0
601939.SS,2011-08-17 00:00:00+08:00,2.174659240229257,2.188966309151889,2.174659240229257,2.1794283390045166,10808556,0.0,0.0
601939.SS,2011-08-18 00:00:00+08:00,2.1794283390045166,2.1794283390045166,2.1794283390045166,2.1794283390045166,0,0.0,0.0
601939.SS,2011-08-19 00:00:00+08:00,2.136507487899705,2.169890499121148,2.1317383888381443,2.141276359558105,23883396,0.0,0.0
601939.SS,2011-08-22 00:00:00+08:00,2.1460452892451465,2.1555832592123325,2.1126622806584243,2.1222002506256104,16994542,0.0,0.0
601939.SS,2011-08-23 00:00:00+08:00,2.122200204379759,2.1460452424796768,2.107893363442318,2.136507272720337,14208117,0.0,0.0
601939.SS,2011-08-24 00:00:00+08:00,2.141276359558105,2.150814557681226,2.1317383888381443,2.141276359558105,15514572,0.0,0.0
601939.SS,2011-08-25 00:00:00+08:00,2.146045028941739,2.203272841803438,2.136507060131456,2.198503971099853,32852501,0.0,0.0
601939.SS,2011-08-26 00:00:00+08:00,2.19373495205624,2.1985040503348188,2.155583075440098,2.174659013748169,37286346,0.0,0.0
601939.SS,2011-08-29 00:00:00+08:00,2.16512138772714,2.16512138772714,2.136507475730241,2.146045446395874,16741656,0.0,0.0
601939.SS,2011-08-30 00:00:00+08:00,2.165121078491211,2.1937349864012954,2.155583109187849,2.165121078491211,23766212,0.0,0.0
601939.SS,2011-08-31 00:00:00+08:00,2.16035236427544,2.193735145557576,2.150814394280096,2.1889662742614746,18954139,0.0,0.0
601939.SS,2011-09-01 00:00:00+08:00,2.18419721037663,2.193735180524002,2.165121270081885,2.1794283390045166,11770446,0.0,0.0
601939.SS,2011-09-02 00:00:00+08:00,2.179428168877693,2.1841970398775468,2.15558313166904,2.160352230072021,9546122,0.0,0.0
601939.SS,2011-09-05 00:00:00+08:00,2.146045458619666,2.1555834293396265,2.126969517179744,2.141276359558105,13942234,0.0,0.0
601939.SS,2011-09-06 00:00:00+08:00,2.136507475730241,2.155583417061507,2.122200406030212,2.146045446395874,11090761,0.0,0.0
601939.SS,2011-09-07 00:00:00+08:00,2.1460451398844875,2.1698901768444543,2.1460451398844875,2.165121078491211,13934750,0.0,0.0
601939.SS,2011-09-08 00:00:00+08:00,2.165121067001045,2.1841970055065336,2.155583097748301,2.1698901653289795,17195572,0.0,0.0
601939.SS,2011-09-09 00:00:00+08:00,2.1794283390045166,2.1985042792992617,2.169890368857144,2.1794283390045166,13998255,0.0,0.0
601939.SS,2011-09-13 00:00:00+08:00,2.1651211010718754,2.1651211010718754,2.150814260669186,2.160352230072021,11977491,0.0,0.0
601939.SS,2011-09-14 00:00:00+08:00,2.165121078491211,2.1698901768444543,2.136507170581126,2.165121078491211,14798037,0.0,0.0
601939.SS,2011-09-15 00:00:00+08:00,2.160352528401187,2.169890499121148,2.141276359558105,2.141276359558105,13339928,0.0,0.0
601939.SS,2011-09-16 00:00:00+08:00,2.155583165890627,2.1698902339235806,2.1317381283034145,2.1508142948150635,13085612,0.0,0.0
601939.SS,2011-09-19 00:00:00+08:00,2.1412761556944515,2.146045254301962,2.126969314678196,2.1317381858825684,9597004,0.0,0.0
601939.SS,2011-09-20 00:00:00+08:00,2.1317381741390986,2.1460452424796768,2.122200204379759,2.136507272720337,7709994,0.0,0.0
601939.SS,2011-09-21 00:00:00+08:00,2.136507192863368,2.169890199474857,2.126969223460532,2.160352230072021,19567049,0.0,0.0
601939.SS,2011-09-22 00:00:00+08:00,2.146045312416936,2.1555832824871075,2.117431402206421,2.117431402206421,16554208,0.0,0.0
601939.SS,2011-09-23 00:00:00+08:00,2.1078932061278777,2.14604508231792,2.088817268032857,2.112662076950073,25441518,0.0,0.0
601939.SS,2011-09-26 00:00:00+08:00,2.1031242680091418,2.1174313363711352,2.0649723889146747,2.069741487503052,18302586,0.0,0.0
601939.SS,2011-09-27 00:00:00+08:00,2.0792796258884825,2.103124438554566,2.0697416553414176,2.088817596435547,16915422,0.0,0.0
601939.SS,2011-09-28 00:00:00+08:00,2.0935860346492,2.1031240032219687,2.064972128930893,2.074510097503662,11892145,0.0,0.0
601939.SS,2011-09-29 00:00:00+08:00,2.064972568392552,2.098355579203276,2.0602036967928243,2.0840485095977783,15282511,0.0,0.0
601939.SS,2011-09-30 00:00:00+08:00,2.084047988824973,2.146044895951425,2.084047988824973,2.0983550548553467,33736170,0.0,0.0
601939.SS,2011-10-10 00:00:00+08:00,2.107893717913501,2.112662589893554,2.093586647166993,2.103124618530273,20116388,0.0,0.0
601939.SS,2011-10-11 00:00:00+08:00,2.169890451117846,2.193735263688663,2.1078935291080434,2.155583381652832,68500648,0.0,0.0
601939.SS,2011-10-12 00:00:00+08:00,2.136507325585508,2.208042214252164,2.1269693555901625,2.1889662742614746,44842869,0.0,0.0
601939.SS,2011-10-13 00:00:00+08:00,2.179428044674725,2.198503982393282,2.155583008824971,2.193734884262085,45172277,0.0,0.0
601939.SS,2011-10-14 00:00:00+08:00,2.184196882091415,2.203272819519043,2.16989004272225,2.203272819519043,22397600,0.0,0.0
601939.SS,2011-10-17 00:00:00+08:00,2.1985043893773364,2.217580330627205,2.1841973197383564,2.212811231613159,21605782,0.0,0.0
601939.SS,2011-10-18 00:00:00+08:00,2.198504140938133,2.222348951104337,2.1889661713910247,2.2175800800323486,42413169,0.0,0.0
601939.SS,2011-10-19 00:00:00+08:00,2.2080423600022705,2.2366562718770733,2.203273260988225,2.212811231613159,21772944,0.0,0.0
601939.SS,2011-10-20 00:00:00+08:00,2.1985040503348188,2.217579988642889,2.1508142045646417,2.174659013748169,27911608,0.0,0.0
601939.SS,2011-10-21 00:00:00+08:00,2.165121247329423,2.193735157470848,2.165121247329423,2.184197187423706,15437398,0.0,0.0
601939.SS,2011-10-24 00:00:00+08:00,2.179428201843917,2.227118049579457,2.174659103368797,2.2175800800323486,18886386,0.0,0.0
601939.SS,2011-10-25 00:00:00+08:00,2.2128112918927294,2.26527024546049,2.208042420151932,2.2605011463165283,40401070,0.0,0.0
601939.SS,2011-10-26 00:00:00+08:00,2.2557322745757302,2.2795773154892114,2.2509631754317687,2.2605011463165283,34453318,0.0,0.0
601939.SS,2011-10-27 00:00:00+08:00,2.2557317102225527,2.293883584216516,2.2557317102225527,2.2891147136688232,35504732,0.0,0.0
601939.SS,2011-10-28 00:00:00+08:00,2.303421552715006,2.317728619164295,2.270038776671842,2.2891147136688232,30270965,0.0,0.0
601939.SS,2011-10-31 00:00:00+08:00,2.2795771850846704,2.312959967570066,2.2795771850846704,2.2986531257629395,48346228,0.0,0.0
601939.SS,2011-11-01 00:00:00+08:00,2.293883969240248,2.3224978795385063,2.2891150978921107,2.312959909439087,30056266,0.0,0.0
601939.SS,2011-11-02 00:00:00+08:00,2.298652753199277,2.3368046283721924,2.293883655101106,2.3368046283721924,34455062,0.0,0.0
601939.SS,2011-11-03 00:00:00+08:00,2.3368051532193967,2.3463431241548567,2.317729211348476,2.322498083114624,24006390,0.0,0.0
601939.SS,2011-11-04 00:00:00+08:00,2.3368051174679305,2.3463430882574667,2.3177291758888585,2.332036018371582,29547510,0.0,0.0
601939.SS,2011-11-07 00:00:00+08:00,2.3177287578582764,2.3368046959967708,2.308190788789029,2.3177287578582764,15706453,0.0,0.0
601939.SS,2011-11-08 00:00:00+08:00,2.32249759494834,2.3415735328096843,2.3129596260176672,2.3272666931152344,21489924,0.0,0.0
601939.SS,2011-11-09 00:00:00+08:00,2.336804662045907,2.3415735328096843,2.317728724184562,2.3272666931152344,15490980,0.0,0.0
601939.SS,2011-11-10 00:00:00+08:00,2.3129600998842887,2.3224980707690484,2.2509631754317687,2.2605011463165283,57495910,0.0,0.0
601939.SS,2011-11-11 00:00:00+08:00,2.2700390471953016,2.29865295610073,2.2652699486761634,2.2795770168304443,21381803,0.0,0.0
601939.SS,2011-11-14 00:00:00+08:00,2.2891148506505345,2.332035597760587,2.279576881581288,2.3177287578582764,15434556,0.0,0.0
601939.SS,2011-11-15 00:00:00+08:00,2.308191061019897,2.3177290312140646,2.2986530908257303,2.308191061019897,15425171,0.0,0.0
601939.SS,2011-11-16 00:00:00+08:00,2.308190729732144,2.308190729732144,2.255731787491928,2.2652697563171387,19922542,0.0,0.0
601939.SS,2011-11-17 00:00:00+08:00,2.265269507146747,2.2891145402884745,2.2557315393706734,2.270038604736328,10276375,0.0,0.0
601939.SS,2011-11-18 00:00:00+08:00,2.2605007032376423,2.289114837686452,2.250962734222412,2.250962734222412,14387632,0.0,0.0
601939.SS,2011-11-21 00:00:00+08:00,2.250962995581571,2.2652700644671686,2.2414250254588874,2.2461941242218018,7929327,0.0,0.0
601939.SS,2011-11-22 00:00:00+08:00,2.246194171312617,2.265270111957905,2.231887102127075,2.231887102127075,9727056,0.0,0.0
601939.SS,2011-11-23 00:00:00+08:00,2.2366558944011263,2.2557318324315867,2.2223488271767216,2.250962734222412,17593111,0.0,0.0
601939.SS,2011-11-24 00:00:00+08:00,2.241424720552555,2.2843456939675604,2.241424720552555,2.2652697563171387,19826287,0.0,0.0
601939.SS,2011-11-25 00:00:00+08:00,2.265269790027329,2.274807758994477,2.250962722875048,2.2557318210601807,10993228,0.0,0.0
601939.SS,2011-11-28 00:00:00+08:00,2.255732094344485,2.284346004712535,2.2414250254588874,2.2461941242218018,10777503,0.0,0.0
601939.SS,2011-11-29 00:00:00+08:00,2.2557318210601807,2.265269790027329,2.2414247539078995,2.2557318210601807,8997859,0.0,0.0
601939.SS,2011-11-30 00:00:00+08:00,2.246194159236208,2.2557321295075723,2.2128111495848586,2.236656188964844,29405306,0.0,0.0
601939.SS,2011-12-01 00:00:00+08:00,2.2652701977274763,2.332035992513928,2.2414251573164496,2.274808168411255,44548410,0.0,0.0
601939.SS,2011-12-02 00:00:00+08:00,2.2748077251423493,2.293883662792771,2.260500658202976,2.2652697563171387,16240991,0.0,0.0
601939.SS,2011-12-05 00:00:00+08:00,2.265269624268109,2.3177285634503444,2.265269624268109,2.3034214973449707,39020360,0.0,0.0
601939.SS,2011-12-06 00:00:00+08:00,2.293883834790009,2.31295977387076,2.279576994181012,2.284345865249634,13040298,0.0,0.0
601939.SS,2011-12-07 00:00:00+08:00,2.2891152381385025,2.298653208822281,2.270039296770945,2.274808168411255,8882461,0.0,0.0
601939.SS,2011-12-08 00:00:00+08:00,2.284345442698893,2.2938834104749666,2.265269507146747,2.270038604736328,11858131,0.0,0.0
601939.SS,2011-12-09 00:00:00+08:00,2.2652701977274763,2.284346139095034,2.260501098684008,2.274808168411255,8819338,0.0,0.0
601939.SS,2011-12-12 00:00:00+08:00,2.265269790027329,2.27957685717961,2.2557318210601807,2.2557318210601807,8304339,0.0,0.0
601939.SS,2011-12-13 00:00:00+08:00,2.250962995581571,2.2795771333527663,2.2366561540991188,2.2461941242218018,19568404,0.0,0.0
601939.SS,2011-12-14 00:00:00+08:00,2.246194194550524,2.2509630660596063,2.2271182537078857,2.2271182537078857,9754820,0.0,0.0
601939.SS,2011-12-15 00:00:00+08:00,2.2223492022380933,2.246194242502008,2.203273260988225,2.212811231613159,16631280,0.0,0.0
601939.SS,2011-12-16 00:00:00+08:00,2.2080413773271466,2.2271173100873893,2.188965444566904,2.222348213195801,41900535,0.0,0.0
601939.SS,2011-12-19 00:00:00+08:00,2.212810788232857,2.21757988629132,2.136507038522345,2.203272819519043,32331939,0.0,0.0
601939.SS,2011-12-20 00:00:00+08:00,2.188966081180783,2.208042019488854,2.165121044594134,2.174659013748169,23193071,0.0,0.0
601939.SS,2011-12-21 00:00:00+08:00,2.184197293179705,2.193735263688663,2.1460454111438745,2.155583381652832,32790670,0.0,0.0
601939.SS,2011-12-22 00:00:00+08:00,2.15558313166904,2.169890199474857,2.136507192863368,2.160352230072021,49850387,0.0,0.0
601939.SS,2011-12-23 00:00:00+08:00,2.1603521737186773,2.1841969829022045,2.1508142045646417,2.174659013748169,40159435,0.0,0.0
601939.SS,2011-12-26 00:00:00+08:00,2.165121078491211,2.1698901768444543,2.141276041531244,2.165121078491211,32882258,0.0,0.0
601939.SS,2011-12-27 00:00:00+08:00,2.155583417061507,2.16512138772714,2.136507475730241,2.146045446395874,32655243,0.0,0.0
601939.SS,2011-12-28 00:00:00+08:00,2.141276312187818,2.1603524806088883,2.1317383416788607,2.155583381652832,28636509,0.0,0.0
601939.SS,2011-12-29 00:00:00+08:00,2.1460451963363685,2.179428203477839,2.1460451963363685,2.1508142948150635,42919521,0.0,0.0
601939.SS,2011-12-30 00:00:00+08:00,2.160352207541093,2.184197017097934,2.150814238237732,2.165121078491211,68086850,0.0,0.0
601939.SS,2012-01-04 00:00:00+08:00,2.1746593583927734,2.188966428092802,2.136507475730241,2.146045446395874,41436982,0.0,0.0
601939.SS,2012-01-05 00:00:00+08:00,2.1508144059602823,2.19850425619599,2.1460453072351395,2.184197187423706,80458280,0.0,0.0
601939.SS,2012-01-06 00:00:00+08:00,2.179428201843917,2.222348951104337,2.169890232296809,2.2175800800323486,66224095,0.0,0.0
601939.SS,2012-01-09 00:00:00+08:00,2.222349262777489,2.284346187230009,2.198504449267172,2.2605011463165283,72976957,0.0,0.0
601939.SS,2012-01-10 00:00:00+08:00,2.260500850157025,2.289114986465587,2.246194009405878,2.2795770168304443,30075871,0.0,0.0
601939.SS,2012-01-11 00:00:00+08:00,2.2795772674547234,2.2891152381385025,2.260501098684008,2.274808168411255,31390428,0.0,0.0
601939.SS,2012-01-12 00:00:00+08:00,2.274808168411255,2.2891152381385025,2.2509631280002287,2.274808168411255,24197816,0.0,0.0
601939.SS,2012-01-13 00:00:00+08:00,2.2795772674547234,2.2891152381385025,2.2652701977274763,2.274808168411255,21592332,0.0,0.0
601939.SS,2012-01-16 00:00:00+08:00,2.274808168411255,2.274808168411255,2.274808168411255,2.274808168411255,0,0.0,0.0
601939.SS,2012-01-17 00:00:00+08:00,2.2700391802432294,2.312959932415408,2.250963012451748,2.308191061019897,28293270,0.0,0.0
601939.SS,2012-01-18 00:00:00+08:00,2.298652421078542,2.3129592584997054,2.289114453663406,2.2938833236694336,22846758,0.0,0.0
601939.SS,2012-01-19 00:00:00+08:00,2.293883969240248,2.3511117898367644,2.293883969240248,2.312959909439087,31868419,0.0,0.0
601939.SS,2012-01-20 00:00:00+08:00,2.332035563879012,2.336804662045907,2.3081907552538894,2.3272666931152344,28215940,0.0,0.0
601939.SS,2012-01-30 00:00:00+08:00,2.32726716991301,2.341574012538568,2.2605011463165283,2.2605011463165283,40830917,0.0,0.0
601939.SS,2012-01-31 00:00:00+08:00,2.270039296770945,2.2891152381385025,2.2652701977274763,2.274808168411255,14521850,0.0,0.0
601939.SS,2012-02-01 00:00:00+08:00,2.274808216345249,2.284346187230009,2.2557322745757302,2.2605011463165283,17160403,0.0,0.0
601939.SS,2012-02-02 00:00:00+08:00,2.270039157693272,2.3177290081903688,2.2652700589419896,2.312959909439087,22517820,0.0,0.0
601939.SS,2012-02-03 00:00:00+08:00,2.303422106002974,2.351111959950654,2.2986532343097865,2.332036018371582,41690909,0.0,0.0
601939.SS,2012-02-06 00:00:00+08:00,2.332036054050084,2.3415740249855443,2.308191240413016,2.322498083114624,26045283,0.0,0.0
601939.SS,2012-02-07 00:00:00+08:00,2.312959967570066,2.3177290664412085,2.2795771850846704,2.2986531257629395,19888957,0.0,0.0
601939.SS,2012-02-08 00:00:00+08:00,2.298652786323217,2.336804662045907,2.2938836881563223,2.3272666931152344,29042727,0.0,0.0
601939.SS,2012-02-09 00:00:00+08:00,2.327266840333422,2.355880748935497,2.308190901265372,2.351111650466919,72299197,0.0,0.0
601939.SS,2012-02-10 00:00:00+08:00,2.341573989161118,2.36064993074019,2.3272671466783947,2.332036018371582,32998467,0.0,0.0
601939.SS,2012-02-13 00:00:00+08:00,2.32249762869134,2.332035597760587,2.3129596596220927,2.3177287578582764,20986428,0.0,0.0
601939.SS,2012-02-14 00:00:00+08:00,2.3177290664412085,2.3177290664412085,2.2891151554238047,2.2986531257629395,37101529,0.0,0.0
601939.SS,2012-02-15 00:00:00+08:00,2.2891150978921107,2.3177290081903688,2.2843459991408284,2.312959909439087,36726749,0.0,0.0
601939.SS,2012-02-16 00:00:00+08:00,2.3034219622212406,2.3224979026095744,2.293883992027073,2.308191061019897,39019181,0.0,0.0
601939.SS,2012-02-17 00:00:00+08:00,2.317729211348476,2.322498083114624,2.303422141243704,2.322498083114624,23158324,0.0,0.0
601939.SS,2012-02-20 00:00:00+08:00,2.341573819737345,2.341573819737345,2.3081910380909494,2.312959909439087,30215444,0.0,0.0
601939.SS,2012-02-21 00:00:00+08:00,2.32249759494834,2.332035563879012,2.3081907552538894,2.3272666931152344,28072357,0.0,0.0
601939.SS,2012-02-22 00:00:00+08:00,2.3272671822839364,2.332036054050084,2.303422141243704,2.322498083114624,30533476,0.0,0.0
601939.SS,2012-02-23 00:00:00+08:00,2.3224978795385063,2.3224978795385063,2.3081910380909494,2.312959909439087,31177670,0.0,0.0
601939.SS,2012-02-24 00:00:00+08:00,2.3129596260176672,2.3272666931152344,2.3081907552538894,2.3272666931152344,29827281,0.0,0.0
601939.SS,2012-02-27 00:00:00+08:00,2.332036018371582,2.3463430882574667,2.3272671466783947,2.332036018371582,52508610,0.0,0.0
601939.SS,2012-02-28 00:00:00+08:00,2.336804844074705,2.355880783421998,2.327266874401059,2.341573715209961,45846766,0.0,0.0
601939.SS,2012-02-29 00:00:00+08:00,2.3415735328096843,2.3415735328096843,2.3272666931152344,2.3272666931152344,19229993,0.0,0.0
601939.SS,2012-03-01 00:00:00+08:00,2.327266726927524,2.332035597760587,2.3177287578582764,2.3177287578582764,17151929,0.0,0.0
601939.SS,2012-03-02 00:00:00+08:00,2.322498047582046,2.341573989161118,2.3177291758888585,2.332036018371582,26469606,0.0,0.0
601939.SS,2012-03-05 00:00:00+08:00,2.3320358728037416,2.336804971602399,2.3034219622212406,2.308191061019897,29936775,0.0,0.0
601939.SS,2012-03-06 00:00:00+08:00,2.308190388493678,2.308190388493678,2.289114453663406,2.2938833236694336,40742497,0.0,0.0
601939.SS,2012-03-07 00:00:00+08:00,2.284345887946449,2.29865295610073,2.274807918311306,2.2795770168304443,30528152,0.0,0.0
601939.SS,2012-03-08 00:00:00+08:00,2.284345887946449,2.293883857581592,2.274807918311306,2.2795770168304443,32432109,0.0,0.0
601939.SS,2012-03-09 00:00:00+08:00,2.284346139095034,2.2891152381385025,2.255732227043697,2.274808168411255,54656999,0.0,0.0
601939.SS,2012-03-12 00:00:00+08:00,2.2652697563171387,2.2700388544313013,2.255731787491928,2.2652697563171387,54296201,0.0,0.0
601939.SS,2012-03-13 00:00:00+08:00,2.260500850157025,2.284345887946449,2.260500850157025,2.2795770168304443,34918586,0.0,0.0
601939.SS,2012-03-14 00:00:00+08:00,2.284345442698893,2.312959346027113,2.260500409557165,2.270038604736328,93386185,0.0,0.0
601939.SS,2012-03-15 00:00:00+08:00,2.270039344604452,2.30819122814349,2.2509631754317687,2.2605011463165283,86249474,0.0,0.0
601939.SS,2012-03-16 00:00:00+08:00,2.279576823256512,2.279576823256512,2.260500658202976,2.2652697563171387,25273999,0.0,0.0
601939.SS,2012-03-19 00:00:00+08:00,2.26527024546049,2.270039344604452,2.2557322745757302,2.2605011463165283,25395102,0.0,0.0
601939.SS,2012-03-20 00:00:00+08:00,2.260501218178562,2.2652703174741347,2.23665640391021,2.2414252758026123,27916443,0.0,0.0
601939.SS,2012-03-21 00:00:00+08:00,2.250962734222412,2.2605007032376423,2.241424765207182,2.250962734222412,24729940,0.0,0.0
601939.SS,2012-03-22 00:00:00+08:00,2.255732094344485,2.2605009657042543,2.2366561540991188,2.2461941242218018,23250004,0.0,0.0
601939.SS,2012-03-23 00:00:00+08:00,2.246194375098185,2.260501218178562,2.23665640391021,2.2414252758026123,29148857,0.0,0.0
601939.SS,2012-03-26 00:00:00+08:00,2.246194375098185,2.260501218178562,2.2414252758026123,2.2414252758026123,25102574,0.0,0.0
601939.SS,2012-03-27 00:00:00+08:00,2.2509631754317687,2.26527024546049,2.24619430369097,2.2605011463165283,27197423,0.0,0.0
601939.SS,2012-03-28 00:00:00+08:00,2.2605011463165283,2.274808216345249,2.2557322745757302,2.2605011463165283,35397305,0.0,0.0
601939.SS,2012-03-29 00:00:00+08:00,2.255731787491928,2.2700388544313013,2.241424720552555,2.2652697563171387,32864923,0.0,0.0
601939.SS,2012-03-30 00:00:00+08:00,2.260500526431951,2.3034214973449707,2.260500526431951,2.3034214973449707,46510422,0.0,0.0
601939.SS,2012-04-05 00:00:00+08:00,2.2891149637213872,2.2891149637213872,2.26050082769713,2.284345865249634,59332028,0.0,0.0
601939.SS,2012-04-06 00:00:00+08:00,2.27957685717961,2.2843457279616253,2.250962722875048,2.2557318210601807,59553523,0.0,0.0
601939.SS,2012-04-09 00:00:00+08:00,2.2509630660596063,2.260501036480925,2.2271182537078857,2.2271182537078857,31719111,0.0,0.0
601939.SS,2012-04-10 00:00:00+08:00,2.227118361921451,2.26527024546049,2.227118361921451,2.2605011463165283,30760780,0.0,0.0
601939.SS,2012-04-11 00:00:00+08:00,2.25573234628616,2.25573234628616,2.231887304614637,2.2414252758026123,28985537,0.0,0.0
601939.SS,2012-04-12 00:00:00+08:00,2.241424474005019,2.270038604736328,2.2318865062289457,2.270038604736328,43044521,0.0,0.0
601939.SS,2012-04-13 00:00:00+08:00,2.26527024546049,2.270039344604452,2.24619430369097,2.2605011463165283,29551792,0.0,0.0
601939.SS,2012-04-16 00:00:00+08:00,2.2557318210601807,2.265269790027329,2.2461938520930325,2.2557318210601807,12573560,0.0,0.0
601939.SS,2012-04-17 00:00:00+08:00,2.2509630427723635,2.2557321416352605,2.2271182306673283,2.231887102127075,29281988,0.0,0.0
601939.SS,2012-04-18 00:00:00+08:00,2.2414252045470087,2.26527024546049,2.231887233662249,2.2605011463165283,28311152,0.0,0.0
601939.SS,2012-04-19 00:00:00+08:00,2.2557318324315867,2.2605007032376423,2.241424765207182,2.250962734222412,27796758,0.0,0.0
601939.SS,2012-04-20 00:00:00+08:00,2.24619430369097,2.26527024546049,2.2366563328062106,2.2605011463165283,48709880,0.0,0.0
601939.SS,2012-04-23 00:00:00+08:00,2.260500691842196,2.265269790027329,2.250962722875048,2.2557318210601807,24022179,0.0,0.0
601939.SS,2012-04-24 00:00:00+08:00,2.255732227043697,2.31296005114637,2.2509631280002287,2.274808168411255,86371135,0.0,0.0
601939.SS,2012-04-25 00:00:00+08:00,2.2700385188331342,2.303421291084569,2.2652694214240263,2.2938833236694336,42833356,0.0,0.0
601939.SS,2012-04-26 00:00:00+08:00,2.293883834790009,2.2986529332617622,2.2748078957092583,2.284345865249634,22525582,0.0,0.0
601939.SS,2012-04-27 00:00:00+08:00,2.279576994181012,2.293883834790009,2.279576994181012,2.284345865249634,23677623,0.0,0.0
601939.SS,2012-05-02 00:00:00+08:00,2.2938841097788125,2.298653208822281,2.274808168411255,2.274808168411255,110504321,0.0,0.0
601939.SS,2012-05-03 00:00:00+08:00,2.27957685717961,2.2843457279616253,2.250962722875048,2.2557318210601807,35823242,0.0,0.0
601939.SS,2012-05-04 00:00:00+08:00,2.2557315393706734,2.27480747492282,2.250962441781092,2.270038604736328,51892998,0.0,0.0
601939.SS,2012-05-07 00:00:00+08:00,2.265269507146747,2.27480747492282,2.2557315393706734,2.270038604736328,52394834,0.0,0.0
601939.SS,2012-05-08 00:00:00+08:00,2.2652697563171387,2.2700388544313013,2.255731787491928,2.2652697563171387,44472301,0.0,0.0
601939.SS,2012-05-09 00:00:00+08:00,2.255732094344485,2.2652700644671686,2.2414250254588874,2.2461941242218018,57951855,0.0,0.0
601939.SS,2012-05-10 00:00:00+08:00,2.250963030670316,2.250963030670316,2.22711821869348,2.236656188964844,55060492,0.0,0.0
601939.SS,2012-05-11 00:00:00+08:00,2.231887102127075,2.24142507244972,2.2271182306673283,2.231887102127075,20557193,0.0,0.0
601939.SS,2012-05-14 00:00:00+08:00,2.2414247170445707,2.246193815151269,2.198503971099853,2.198503971099853,43025691,0.0,0.0
601939.SS,2012-05-15 00:00:00+08:00,2.1985042442568195,2.208042214252164,2.1794283042661298,2.1889662742614746,30282482,0.0,0.0
601939.SS,2012-05-16 00:00:00+08:00,2.1937350441076613,2.1937350441076613,2.141276097857673,2.1508142948150635,75866306,0.0,0.0
601939.SS,2012-05-17 00:00:00+08:00,2.150814260669186,2.174659070474711,2.150814260669186,2.160352230072021,35638937,0.0,0.0
601939.SS,2012-05-18 00:00:00+08:00,2.155583417061507,2.1603525160959025,2.136507475730241,2.146045446395874,43243956,0.0,0.0
601939.SS,2012-05-21 00:00:00+08:00,2.1460454111438745,2.1603524806088883,2.141276312187818,2.155583381652832,18576626,0.0,0.0
601939.SS,2012-05-22 00:00:00+08:00,2.160352207541093,2.165121078491211,2.155583109187849,2.165121078491211,23584976,0.0,0.0
601939.SS,2012-05-23 00:00:00+08:00,2.16512138772714,2.16512138772714,2.146045446395874,2.146045446395874,20078266,0.0,0.0
601939.SS,2012-05-24 00:00:00+08:00,2.150814557681226,2.150814557681226,2.136507487899705,2.141276359558105,19964849,0.0,0.0
601939.SS,2012-05-25 00:00:00+08:00,2.1412761438984385,2.150814341060915,2.1317381741390986,2.136507272720337,20640240,0.0,0.0
601939.SS,2012-05-28 00:00:00+08:00,2.136507475730241,2.1508145454302694,2.131738376695845,2.146045446395874,34034863,0.0,0.0
601939.SS,2012-05-29 00:00:00+08:00,2.141276063863222,2.1651211010718754,2.136507192863368,2.160352230072021,37737652,0.0,0.0
601939.SS,2012-05-30 00:00:00+08:00,2.155583417061507,2.1603525160959025,2.136507475730241,2.146045446395874,46130757,0.0,0.0
601939.SS,2012-05-31 00:00:00+08:00,2.141276359558105,2.146045458619666,2.1317383888381443,2.141276359558105,26298641,0.0,0.0
601939.SS,2012-06-01 00:00:00+08:00,2.146045458619666,2.150814557681226,2.136507487899705,2.141276359558105,19840954,0.0,0.0
601939.SS,2012-06-04 00:00:00+08:00,2.131738243610106,2.131738243610106,2.117431402206421,2.117431402206421,27793321,0.0,0.0
601939.SS,2012-06-05 00:00:00+08:00,2.11743136754932,2.1365073073774377,2.11743136754932,2.126969337463379,27285296,0.0,0.0
601939.SS,2012-06-06 00:00:00+08:00,2.126969517179744,2.150814557681226,2.126969517179744,2.141276359558105,26305679,0.0,0.0
601939.SS,2012-06-07 00:00:00+08:00,2.141276359558105,2.141276359558105,2.141276359558105,2.141276359558105,0,0.0,0.0
601939.SS,2012-06-08 00:00:00+08:00,2.141276190559983,2.141276190559983,2.08881746944203,2.1222002506256104,61840452,0.0,0.0
601939.SS,2012-06-11 00:00:00+08:00,2.1174313793435884,2.1365073192779604,2.1126622806584243,2.1222002506256104,17852087,0.0,0.0
601939.SS,2012-06-12 00:00:00+08:00,2.11743143717716,2.122200308589435,2.1031243681340404,2.107893466949463,16348658,0.0,0.0
601939.SS,2012-06-13 00:00:00+08:00,2.112662303469763,2.117431402206421,2.103124333399592,2.117431402206421,15719340,0.0,0.0
601939.SS,2012-06-14 00:00:00+08:00,2.1126623383617376,2.1126623383617376,2.1031243681340404,2.107893466949463,14307595,0.0,0.0
601939.SS,2012-06-15 00:00:00+08:00,2.11266223462042,2.1412761438984385,2.107893363442318,2.136507272720337,23683751,0.0,0.0
601939.SS,2012-06-18 00:00:00+08:00,2.141276347361478,2.146045446395874,2.131738376695845,2.146045446395874,21878774,0.0,0.0
601939.SS,2012-06-19 00:00:00+08:00,2.141276097857673,2.1508142948150635,2.13650722678211,2.1508142948150635,17612176,0.0,0.0
601939.SS,2012-06-20 00:00:00+08:00,2.150814260669186,2.160352230072021,2.146045162266204,2.160352230072021,23354743,0.0,0.0
601939.SS,2012-06-21 00:00:00+08:00,2.1603524806088883,2.1603524806088883,2.141276312187818,2.155583381652832,34754477,0.0,0.0
601939.SS,2012-06-25 00:00:00+08:00,2.138724888222924,2.143757297257632,2.1236279010772705,2.1236279010772705,20792840,0.2365,0.0
601939.SS,2012-06-26 00:00:00+08:00,2.123628007876062,2.128660417163853,2.1135634292589613,2.118595838546753,16923793,0.0,0.0
601939.SS,2012-06-27 00:00:00+08:00,2.118595838546753,2.123628007876062,2.103498850641861,2.118595838546753,17752114,0.0,0.0
601939.SS,2012-06-28 00:00:00+08:00,2.118595791537928,2.118595791537928,2.0934342255742373,2.098466634750366,13264949,0.0,0.0
601939.SS,2012-06-29 00:00:00+08:00,2.098466078730593,2.123627398068941,2.093433670887875,2.113562822341919,19564039,0.0,0.0
601939.SS,2012-07-02 00:00:00+08:00,2.118596164344549,2.118596164344549,2.098467004014885,2.103499174118042,15183073,0.0,0.0
601939.SS,2012-07-03 00:00:00+08:00,2.103499174118042,2.113563754282874,2.098467004014885,2.103499174118042,10427227,0.0,0.0
601939.SS,2012-07-04 00:00:00+08:00,2.103498246614897,2.1185952301846367,2.103498246614897,2.113562822341919,9080243,0.0,0.0
601939.SS,2012-07-05 00:00:00+08:00,2.1135636449098896,2.1135636449098896,2.09846689542313,2.1085314750671387,11064244,0.0,0.0
601939.SS,2012-07-06 00:00:00+08:00,2.093434333801269,2.098466743237565,2.073305175973064,2.093434333801269,21703271,0.0,0.0
601939.SS,2012-07-09 00:00:00+08:00,2.093433912884148,2.1034984897746125,2.063240182212754,2.068272590637207,19301757,0.0,0.0
601939.SS,2012-07-10 00:00:00+08:00,2.068272698374704,2.078337275789438,2.05820812095997,2.0632402896881104,9666895,0.0,0.0
601939.SS,2012-07-11 00:00:00+08:00,2.0632403476253622,2.0632403476253622,2.038079023361206,2.038079023361206,15710019,0.0,0.0
601939.SS,2012-07-12 00:00:00+08:00,2.038079215273536,2.0431113846168287,2.002853070036554,2.0179500579833984,37308006,0.0,0.0
601939.SS,2012-07-13 00:00:00+08:00,2.017950081121123,2.033046829282583,2.017950081121123,2.028014659881592,12971373,0.0,0.0
601939.SS,2012-07-16 00:00:00+08:00,2.03304643380244,2.03304643380244,2.0078849917958195,2.012917280197144,15587320,0.0,0.0
601939.SS,2012-07-17 00:00:00+08:00,2.012917542400253,2.0280145295499823,2.012917542400253,2.022982120513916,11367381,0.0,0.0
601939.SS,2012-07-18 00:00:00+08:00,2.0179500579833984,2.028014636628467,2.007885359359088,2.0179500579833984,13532391,0.0,0.0
601939.SS,2012-07-19 00:00:00+08:00,2.0229822505221144,2.033046829282583,2.0129176717616457,2.028014659881592,15593233,0.0,0.0
601939.SS,2012-07-20 00:00:00+08:00,2.028014636628467,2.028014636628467,2.007885359359088,2.0179500579833984,14569493,0.0,0.0
601939.SS,2012-07-23 00:00:00+08:00,2.00788527772006,2.0129175668379853,1.9776915430125068,1.982723832130432,16461018,0.0,0.0
601939.SS,2012-07-24 00:00:00+08:00,1.982723651472678,1.982723651472678,1.95756220817566,1.9575622081756592,19801106,0.0,0.0
601939.SS,2012-07-25 00:00:00+08:00,1.962594352707643,1.9676266409974896,1.9474973678588865,1.9474973678588867,11786684,0.0,0.0
601939.SS,2012-07-26 00:00:00+08:00,1.9474973678588865,1.9575620644177965,1.94246507956904,1.9474973678588867,12254926,0.0,0.0
601939.SS,2012-07-27 00:00:00+08:00,1.952529968049598,1.9776914119720457,1.94749755928588,1.977691411972046,15914035,0.0,0.0
601939.SS,2012-07-30 00:00:00+08:00,1.9776914119720457,1.9927882783255144,1.9676268344030667,1.977691411972046,16776405,0.0,0.0
601939.SS,2012-07-31 00:00:00+08:00,1.9877560379543235,2.002852904675488,1.9776914601402136,1.9978206157684328,15021483,0.0,0.0
601939.SS,2012-08-01 00:00:00+08:00,1.9978204149931715,2.022981856999792,1.9978204149931715,2.012917280197144,19897849,0.0,0.0
601939.SS,2012-08-02 00:00:00+08:00,2.0179500579833984,2.028014636628467,2.007885359359088,2.0179500579833984,12523591,0.0,0.0
601939.SS,2012-08-03 00:00:00+08:00,2.0179500579833984,2.028014636628467,2.0129176486816225,2.0179500579833984,8230243,0.0,0.0
601939.SS,2012-08-06 00:00:00+08:00,2.022982120513916,2.0330466986275786,2.012917542400253,2.022982120513916,18045206,0.0,0.0
601939.SS,2012-08-07 00:00:00+08:00,2.01794995143632,2.0280145295499823,2.007885253343422,2.022982120513916,15317028,0.0,0.0
601939.SS,2012-08-08 00:00:00+08:00,2.0179499750442345,2.043111300643517,2.0179499750442345,2.0330467224121094,20002900,0.0,0.0
601939.SS,2012-08-09 00:00:00+08:00,2.033046983206414,2.048143972469368,2.028014813424433,2.043111562728882,18851966,0.0,0.0
601939.SS,2012-08-10 00:00:00+08:00,2.0431111922306533,2.0481436010585607,2.0330466145332986,2.038079023361206,9584358,0.0,0.0
601939.SS,2012-08-13 00:00:00+08:00,2.0380793929469,2.048143972469368,2.028014813424433,2.043111562728882,17052639,0.0,0.0
601939.SS,2012-08-14 00:00:00+08:00,2.048143972469368,2.053176142251349,2.0380793929469,2.043111562728882,12280249,0.0,0.0
601939.SS,2012-08-15 00:00:00+08:00,2.0380792386420605,2.0481438174025293,2.0229822505221144,2.028014659881592,9286791,0.0,0.0
601939.SS,2012-08-16 00:00:00+08:00,2.022982120513916,2.0280145295499823,2.012917542400253,2.022982120513916,8306188,0.0,0.0
601939.SS,2012-08-17 00:00:00+08:00,2.0229822505221144,2.033046829282583,2.017950081121123,2.028014659881592,13532050,0.0,0.0
601939.SS,2012-08-20 00:00:00+08:00,2.0179499750442345,2.0330467224121094,2.00788527683359,2.0330467224121094,10116421,0.0,0.0
601939.SS,2012-08-21 00:00:00+08:00,2.028014813424433,2.043111562728882,2.01291782416148,2.043111562728882,23703451,0.0,0.0
601939.SS,2012-08-22 00:00:00+08:00,2.0380792386420605,2.043111408043052,2.017950081121123,2.028014659881592,11469948,0.0,0.0
601939.SS,2012-08-23 00:00:00+08:00,2.028014636628467,2.03304680597176,1.99782078071402,2.0179500579833984,22850354,0.0,0.0
601939.SS,2012-08-24 00:00:00+08:00,2.0028529167175293,2.0129174945921515,1.9978206277802184,2.0028529167175293,17437682,0.0,0.0
601939.SS,2012-08-27 00:00:00+08:00,2.0078852056548406,2.0129174945921515,1.9978206277802184,2.0028529167175293,20473171,0.0,0.0
601939.SS,2012-08-28 00:00:00+08:00,2.007885253343422,2.0280145295499823,2.002852964286591,2.022982120513916,11746923,0.0,0.0
601939.SS,2012-08-29 00:00:00+08:00,2.0179500579833984,2.022982227326691,2.0129176486816225,2.0179500579833984,9581332,0.0,0.0
601939.SS,2012-08-30 00:00:00+08:00,2.0129174591385897,2.038079023361206,2.0129174591385897,2.038079023361206,18769167,0.0,0.0
601939.SS,2012-08-31 00:00:00+08:00,2.0330466986275786,2.0330466986275786,2.01794995143632,2.022982120513916,9536522,0.0,0.0
601939.SS,2012-09-03 00:00:00+08:00,2.0229820724667738,2.0229820724667738,1.992788338842907,2.0028529167175293,19935019,0.0,0.0
601939.SS,2012-09-04 00:00:00+08:00,1.9927888464866343,2.002853426925112,1.952530524732727,1.962595105171204,24698161,0.0,0.0
601939.SS,2012-09-05 00:00:00+08:00,1.962594604305791,1.962594604305791,1.942465328586681,1.952530026435852,19143741,0.0,0.0
601939.SS,2012-09-06 00:00:00+08:00,1.9525299195162555,1.967626785494467,1.9474975108776265,1.9575622081756592,14953723,0.0,0.0
601939.SS,2012-09-07 00:00:00+08:00,1.967627044778813,2.028014636628467,1.957562466133744,2.0179500579833984,37828286,0.0,0.0
601939.SS,2012-09-10 00:00:00+08:00,2.012917482489597,2.017949891375883,1.9927883268613784,1.9978206157684328,18349132,0.0,0.0
601939.SS,2012-09-11 00:00:00+08:00,1.9978206994842087,1.9978206994842087,1.9726592538945813,1.982723832130432,16901707,0.0,0.0
601939.SS,2012-09-12 00:00:00+08:00,1.9877559895410248,1.9927882783255144,1.9676268344030667,1.977691411972046,15773401,0.0,0.0
601939.SS,2012-09-13 00:00:00+08:00,1.9726591231875563,1.9927882783255144,1.9726591231875563,1.977691411972046,9334651,0.0,0.0
601939.SS,2012-09-14 00:00:00+08:00,1.987756297825383,2.0179501551943635,1.977691718695472,2.007885456085205,28325518,0.0,0.0
601939.SS,2012-09-17 00:00:00+08:00,2.00788527772006,2.00788527772006,1.9827238321304324,1.982723832130432,12883422,0.0,0.0
601939.SS,2012-09-18 00:00:00+08:00,1.987756556267396,1.987756556267396,1.962595105171204,1.962595105171204,12337609,0.0,0.0
601939.SS,2012-09-19 00:00:00+08:00,1.9676273953904424,1.9726596856096807,1.952530524732727,1.962595105171204,16647355,0.0,0.0
601939.SS,2012-09-20 00:00:00+08:00,1.9575623153708213,1.962594604305791,1.942465328586681,1.952530026435852,20826490,0.0,0.0
601939.SS,2012-09-21 00:00:00+08:00,1.94246507956904,1.962594352707643,1.937432791279193,1.9474973678588867,18870397,0.0,0.0
601939.SS,2012-09-24 00:00:00+08:00,1.9424652932226247,1.947497582065978,1.922336137849214,1.9374330043792725,16218498,0.0,0.0
601939.SS,2012-09-25 00:00:00+08:00,1.937432980041354,1.942465268821492,1.9223361137009416,1.927368402481079,8465743,0.0,0.0
601939.SS,2012-09-26 00:00:00+08:00,1.9273685335171973,1.9424654008840008,1.9223362443949288,1.932400822639465,11410862,0.0,0.0
601939.SS,2012-09-27 00:00:00+08:00,1.932400797792504,2.012917542692738,1.9273685087349413,1.9726592302322388,37234400,0.0,0.0
601939.SS,2012-09-28 00:00:00+08:00,1.967626894156352,2.0028529167175293,1.9625946052190408,2.0028529167175293,40057695,0.0,0.0
601939.SS,2012-10-08 00:00:00+08:00,1.9978206277802184,2.0078852056548406,1.982723760968285,2.0028529167175293,40460687,0.0,0.0
601939.SS,2012-10-09 00:00:00+08:00,2.002853244639013,2.043111562728882,1.9927886651165456,2.043111562728882,36235332,0.0,0.0
601939.SS,2012-10-10 00:00:00+08:00,2.0380793929469,2.043111562728882,2.0229824036839474,2.043111562728882,18556111,0.0,0.0
601939.SS,2012-10-11 00:00:00+08:00,2.033046638555752,2.053175794188306,2.022982060739474,2.0481436252593994,28256143,0.0,0.0
601939.SS,2012-10-12 00:00:00+08:00,2.04814382607158,2.088402141283854,2.0431114166908024,2.083369731903076,44757827,0.0,0.0
601939.SS,2012-10-15 00:00:00+08:00,2.093434202013189,2.09846661113268,2.073305045452176,2.088402032852173,26139332,0.0,0.0
601939.SS,2012-10-16 00:00:00+08:00,2.083370013788378,2.103499174118042,2.073305433623546,2.103499174118042,25849021,0.0,0.0
601939.SS,2012-10-17 00:00:00+08:00,2.103499174118042,2.113563754282874,2.09343459395321,2.103499174118042,17692863,0.0,0.0
601939.SS,2012-10-18 00:00:00+08:00,2.1085314750671387,2.118596054711148,2.0934344856218723,2.1085314750671387,22720844,0.0,0.0
601939.SS,2012-10-19 00:00:00+08:00,2.098466743237565,2.113563491629475,2.093434333801269,2.093434333801269,16269848,0.0,0.0
601939.SS,2012-10-22 00:00:00+08:00,2.09343459395321,2.113563754282874,2.078337843685221,2.103499174118042,18855248,0.0,0.0
601939.SS,2012-10-23 00:00:00+08:00,2.103498803968018,2.113563382361799,2.0934342255742373,2.098466634750366,8516328,0.0,0.0
601939.SS,2012-10-24 00:00:00+08:00,2.098466743237565,2.108531322151668,2.0884021643234627,2.093434333801269,11911840,0.0,0.0
601939.SS,2012-10-25 00:00:00+08:00,2.093434333801269,2.1034989127153723,2.073305175973064,2.093434333801269,15133004,0.0,0.0
601939.SS,2012-10-26 00:00:00+08:00,2.088401769546968,2.1034985150850964,2.0632402070388274,2.0783371925354004,16233560,0.0,0.0
601939.SS,2012-10-29 00:00:00+08:00,2.068272615523833,2.083369361061962,2.068272615523833,2.0783371925354004,9472986,0.0,0.0
601939.SS,2012-10-30 00:00:00+08:00,2.0783371925354004,2.083369361061962,2.0632402070388274,2.0783371925354004,14518346,0.0,0.0
601939.SS,2012-10-31 00:00:00+08:00,2.068272615523833,2.083369361061962,2.068272615523833,2.0783371925354004,9701359,0.0,0.0
601939.SS,2012-11-01 00:00:00+08:00,2.083369905977864,2.1135636449098896,2.0783377361351123,2.1085314750671387,19153976,0.0,0.0
601939.SS,2012-11-02 00:00:00+08:00,2.1135630040460667,2.138724565505981,2.098466259136865,2.138724565505981,40477646,0.0,0.0
601939.SS,2012-11-05 00:00:00+08:00,2.1336923708470894,2.13872477962627,2.118595624426464,2.128660202026367,17046351,0.0,0.0
601939.SS,2012-11-06 00:00:00+08:00,2.1286599889137023,2.138724565505981,2.108530835729144,2.138724565505981,25332341,0.0,0.0
601939.SS,2012-11-07 00:00:00+08:00,2.1286605925619564,2.1487897514547667,2.123628182859503,2.1437575817108154,11677359,0.0,0.0
601939.SS,2012-11-08 00:00:00+08:00,2.138724957555368,2.15382194519043,2.1236279699203053,2.1538219451904297,31113093,0.0,0.0
601939.SS,2012-11-09 00:00:00+08:00,2.143757734293234,2.168919064720859,2.128660744069844,2.158854484558105,45932076,0.0,0.0
601939.SS,2012-11-12 00:00:00+08:00,2.158853794255996,2.178982948145127,2.1437570488183697,2.168918371200561,42719154,0.0,0.0
601939.SS,2012-11-13 00:00:00+08:00,2.16891850181368,2.184015488118895,2.1387247691617057,2.1739509105682373,54649874,0.0,0.0
601939.SS,2012-11-14 00:00:00+08:00,2.163886523627645,2.173951102064861,2.15382194519043,2.1538219451904297,15025873,0.0,0.0
601939.SS,2012-11-15 00:00:00+08:00,2.1487899048390453,2.1588544850038773,2.098467004014885,2.103499174118042,28930656,0.0,0.0
601939.SS,2012-11-16 00:00:00+08:00,2.103498246614897,2.113562822341919,2.078336927276549,2.113562822341919,28951383,0.0,0.0
601939.SS,2012-11-19 00:00:00+08:00,2.108531259929652,2.118595838546753,2.078337524078351,2.118595838546753,18114854,0.0,0.0
601939.SS,2012-11-20 00:00:00+08:00,2.108531322151668,2.118595901065771,2.07833758540936,2.093434333801269,20602315,0.0,0.0
601939.SS,2012-11-21 00:00:00+08:00,2.0934342255742373,2.103498803968018,2.0632404903928947,2.098466634750366,30257203,0.0,0.0
601939.SS,2012-11-22 00:00:00+08:00,2.088402032852173,2.093434202013189,2.073305045452176,2.088402032852173,10664139,0.0,0.0
601939.SS,2012-11-23 00:00:00+08:00,2.088402032852173,2.1034987802936955,2.083369623732682,2.088402032852173,15090079,0.0,0.0
601939.SS,2012-11-26 00:00:00+08:00,2.0884021643234627,2.098466743237565,2.073305175973064,2.093434333801269,16076314,0.0,0.0
601939.SS,2012-11-27 00:00:00+08:00,2.088402423850053,2.108531584179717,2.083370013788378,2.103499174118042,26133133,0.0,0.0
601939.SS,2012-11-28 00:00:00+08:00,2.09846689542313,2.1135636449098896,2.0934344856218723,2.1085314750671387,29465686,0.0,0.0
601939.SS,2012-11-29 00:00:00+08:00,2.108531322151668,2.113563491629475,2.0884021643234627,2.093434333801269,19096590,0.0,0.0
601939.SS,2012-11-30 00:00:00+08:00,2.0934342255742373,2.103498803968018,2.0733050687866754,2.098466634750366,30365845,0.0,0.0
601939.SS,2012-12-03 00:00:00+08:00,2.088402056356585,2.103498803968018,2.0783374779628043,2.098466634750366,20895448,0.0,0.0
601939.SS,2012-12-04 00:00:00+08:00,2.0934342255742373,2.103498803968018,2.083369647180456,2.098466634750366,22738841,0.0,0.0
601939.SS,2012-12-05 00:00:00+08:00,2.093433850861509,2.1437569737813376,2.0884016825445864,2.138724565505981,45398936,0.0,0.0
601939.SS,2012-12-06 00:00:00+08:00,2.133692914171961,2.173951474781496,2.128660744069844,2.158854484558105,47927768,0.0,0.0
601939.SS,2012-12-07 00:00:00+08:00,2.1588541378362147,2.194080282727632,2.153821968542287,2.163886547088623,62754594,0.0,0.0
601939.SS,2012-12-10 00:00:00+08:00,2.1739514094433265,2.194080569163852,2.163886829583064,2.184015989303589,69896728,0.0,0.0
601939.SS,2012-12-11 00:00:00+08:00,2.18401540638916,2.199112152170972,2.1789829978229243,2.189047574996948,26307655,0.0,0.0
601939.SS,2012-12-12 00:00:00+08:00,2.18904796624287,2.209177124188578,2.184015796735689,2.2041449546813965,29053201,0.0,0.0
601939.SS,2012-12-13 00:00:00+08:00,2.2041451490241144,2.209177318974989,2.1739514094433265,2.184015989303589,24353358,0.0,0.0
601939.SS,2012-12-14 00:00:00+08:00,2.189047638267261,2.279629075410008,2.17898306080234,2.2645320892333984,83994406,0.0,0.0
601939.SS,2012-12-17 00:00:00+08:00,2.2695644979450864,2.289693652874929,2.249435103056789,2.2645320892333984,59703686,0.0,0.0
601939.SS,2012-12-18 00:00:00+08:00,2.264532350922189,2.3047906654341155,2.264532350922189,2.274596929550171,67001681,0.0,0.0
601939.SS,2012-12-19 00:00:00+08:00,2.2745970593374683,2.29472621774199,2.2695648897155856,2.2796294689178467,34216563,0.0,0.0
601939.SS,2012-12-20 00:00:00+08:00,2.2745970593374683,2.2796294689178467,2.249435491352567,2.2796294689178467,30391168,0.0,0.0
601939.SS,2012-12-21 00:00:00+08:00,2.274596921343528,2.274596921343528,2.214209449793514,2.2192416191101074,34617894,0.0,0.0
601939.SS,2012-12-24 00:00:00+08:00,2.2293063280886964,2.2444033168384285,2.219241748908374,2.224274158477783,23403677,0.0,0.0
601939.SS,2012-12-25 00:00:00+08:00,2.224274103782101,2.3198877236232427,2.2142095248492706,2.304790735244751,63734458,0.0,0.0
601939.SS,2012-12-26 00:00:00+08:00,2.2997585657575805,2.3098231446904114,2.279629407891918,2.304790735244751,28505134,0.0,0.0
601939.SS,2012-12-27 00:00:00+08:00,2.2997583627340537,2.30982294077838,2.269564628601074,2.269564628601074,30047711,0.0,0.0
601939.SS,2012-12-28 00:00:00+08:00,2.2745970593374683,2.29472621774199,2.2695648897155856,2.2796294689178467,37234605,0.0,0.0
601939.SS,2012-12-31 00:00:00+08:00,2.2796291957173227,2.3299520856977174,2.2796291957173227,2.314855098724365,53032365,0.0,0.0
601939.SS,2013-01-04 00:00:00+08:00,2.33498460807637,2.400404494930294,2.33498460807637,2.365178346633911,74139046,0.0,0.0
601939.SS,2013-01-07 00:00:00+08:00,2.360146091173586,2.385307419078857,2.3551136816174347,2.380275249481201,40505418,0.0,0.0
601939.SS,2013-01-08 00:00:00+08:00,2.3752427475779587,2.3853073263404654,2.324919853765425,2.340016841888428,52082439,0.0,0.0
601939.SS,2013-01-09 00:00:00+08:00,2.334984254716523,2.350081241689875,2.2997583517094804,2.314855098724365,41272411,0.0,0.0
601939.SS,2013-01-10 00:00:00+08:00,2.3148551225230074,2.3400166877511204,2.304790544423456,2.3249197006225586,31889582,0.0,0.0
601939.SS,2013-01-11 00:00:00+08:00,2.3299522399902344,2.3349844093422774,2.304790673354572,2.3299522399902344,48944236,0.0,0.0
601939.SS,2013-01-14 00:00:00+08:00,2.3249195024910527,2.4004039517840763,2.319887333849357,2.3903393745422363,57522936,0.0,0.0
601939.SS,2013-01-15 00:00:00+08:00,2.3903398286350086,2.405436817344968,2.365178260771242,2.380275249481201,58116520,0.0,0.0
601939.SS,2013-01-16 00:00:00+08:00,2.375242529990123,2.3903395167301427,2.3299520496869914,2.350081205368042,56986960,0.0,0.0
601939.SS,2013-01-17 00:00:00+08:00,2.340016795215568,2.345048964517209,2.294726071708392,2.319887638092041,50109093,0.0,0.0
601939.SS,2013-01-18 00:00:00+08:00,2.324919853765425,2.350081420650935,2.3198876843634144,2.340016841888428,29933985,0.0,0.0
601939.SS,2013-01-21 00:00:00+08:00,2.3400166877511204,2.345048856821661,2.294725966323905,2.3249197006225586,56817372,0.0,0.0
601939.SS,2013-01-22 00:00:00+08:00,2.3198876843634144,2.380275156938455,2.294726117477905,2.340016841888428,80415430,0.0,0.0
601939.SS,2013-01-23 00:00:00+08:00,2.340017124150324,2.3702108640799286,2.324920134206263,2.3601462841033936,46718961,0.0,0.0
601939.SS,2013-01-24 00:00:00+08:00,2.365178154607623,2.440662614852225,2.355113575905575,2.3853073120117188,134460602,0.0,0.0
601939.SS,2013-01-25 00:00:00+08:00,2.380275444056464,2.395372434000524,2.3601462841033936,2.3601462841033936,47019411,0.0,0.0
601939.SS,2013-01-28 00:00:00+08:00,2.365177859844574,2.41550098704172,2.360145691099932,2.410468578338623,83265921,0.0,0.0
601939.SS,2013-01-29 00:00:00+08:00,2.4155010937002537,2.4155010937002537,2.3903395289906504,2.405436515808105,75236204,0.0,0.0
601939.SS,2013-01-30 00:00:00+08:00,2.410468592511428,2.475888466285601,2.3953718462302827,2.4658238887786865,140615001,0.0,0.0
601939.SS,2013-01-31 00:00:00+08:00,2.475888669568433,2.5262115612347684,2.460791682089295,2.501049995422364,129682269,0.0,0.0
601939.SS,2013-02-01 00:00:00+08:00,2.496017917302342,2.541308641433716,2.4909855079728627,2.541308641433716,75767468,0.0,0.0
601939.SS,2013-02-04 00:00:00+08:00,2.541308795295515,2.611760850464303,2.541308795295515,2.556405544281006,108381396,0.0,0.0
601939.SS,2013-02-05 00:00:00+08:00,2.5463407639462456,2.566469920976771,2.5111146191635867,2.521179437637329,77224406,0.0,0.0
601939.SS,2013-02-06 00:00:00+08:00,2.521179093158442,2.5463404160294654,2.5060821074690702,2.526211261749268,45503181,0.0,0.0
601939.SS,2013-02-07 00:00:00+08:00,2.5262117092260903,2.531244118666772,2.4406626684024224,2.460791826248169,100231623,0.0,0.0
601939.SS,2013-02-08 00:00:00+08:00,2.4557593112717715,2.485953043792516,2.4507269025390865,2.4658238887786865,50909089,0.0,0.0
601939.SS,2013-02-18 00:00:00+08:00,2.4758886820672226,2.4960178388353724,2.4557595252990723,2.4557595252990723,41367553,0.0,0.0
601939.SS,2013-02-19 00:00:00+08:00,2.455759477882173,2.4708562251875525,2.425565743312942,2.435630321502685,45196458,0.0,0.0
601939.SS,2013-02-20 00:00:00+08:00,2.4406620949343547,2.4456945031926005,2.3953716204023072,2.4205329418182373,52678903,0.0,0.0
601939.SS,2013-02-21 00:00:00+08:00,2.4054365034701624,2.4054365034701624,2.324919640787497,2.350081205368042,82539062,0.0,0.0
601939.SS,2013-02-22 00:00:00+08:00,2.345048856821661,2.345048856821661,2.3148551225230074,2.3249197006225586,45691825,0.0,0.0
601939.SS,2013-02-25 00:00:00+08:00,2.319887531552018,2.345048856821661,2.3148551225230074,2.3249197006225586,29365456,0.0,0.0
601939.SS,2013-02-26 00:00:00+08:00,2.3148553141775823,2.3601460393545675,2.2997585657575805,2.304790735244751,54144714,0.0,0.0
601939.SS,2013-02-27 00:00:00+08:00,2.309823082665097,2.3349844093422774,2.304790673354572,2.3299522399902344,33713975,0.0,0.0
601939.SS,2013-02-28 00:00:00+08:00,2.340016910411322,2.410468963811922,2.3198877522968653,2.370210647583008,88872490,0.0,0.0
601939.SS,2013-03-01 00:00:00+08:00,2.380275335891933,2.400404494930294,2.340017017815212,2.365178346633911,38712530,0.0,0.0
601939.SS,2013-03-04 00:00:00+08:00,2.324919760210181,2.360145904440691,2.2846614467801576,2.2997584342956543,61463462,0.0,0.0
601939.SS,2013-03-05 00:00:00+08:00,2.3047904851064467,2.370210361049093,2.2947259072659216,2.350081205368042,42970811,0.0,0.0
601939.SS,2013-03-06 00:00:00+08:00,2.360145783208567,2.370210361049093,2.3400166275275165,2.350081205368042,45046361,0.0,0.0
601939.SS,2013-03-07 00:00:00+08:00,2.3400167477256786,2.345048916925194,2.2796292775806424,2.2997584342956543,53783869,0.0,0.0
601939.SS,2013-03-08 00:00:00+08:00,2.3047906269845684,2.319887614653928,2.284661470064409,2.309823036193848,33952397,0.0,0.0
601939.SS,2013-03-11 00:00:00+08:00,2.3148553141775823,2.3198877236232427,2.289693986824749,2.304790735244751,25425866,0.0,0.0
601939.SS,2013-03-12 00:00:00+08:00,2.304790603495169,2.334984338567688,2.294726025137664,2.2997584342956543,35134796,0.0,0.0
601939.SS,2013-03-13 00:00:00+08:00,2.294726025137664,2.304790603495169,2.2846614467801576,2.2997584342956543,25516640,0.0,0.0
601939.SS,2013-03-14 00:00:00+08:00,2.2947259427322075,2.3198875077016385,2.289693773713401,2.314855098724365,23784838,0.0,0.0
601939.SS,2013-03-15 00:00:00+08:00,2.314855554229728,2.375243034088939,2.304790974253193,2.3601462841033936,69576485,0.0,0.0
601939.SS,2013-03-18 00:00:00+08:00,2.345048648632866,2.350081057215109,2.2846611853966388,2.289693593978882,54151128,0.0,0.0
601939.SS,2013-03-19 00:00:00+08:00,2.289693986824749,2.334984472043245,2.289693986824749,2.304790735244751,31295159,0.0,0.0
601939.SS,2013-03-20 00:00:00+08:00,2.3098232792576714,2.375242926153092,2.304790869518829,2.365178346633911,60468390,0.0,0.0
601939.SS,2013-03-21 00:00:00+08:00,2.365178346633911,2.395372325149956,2.3500815973343925,2.365178346633911,55660904,0.0,0.0
601939.SS,2013-03-22 00:00:00+08:00,2.365178238075148,2.375242817132376,2.340016910411322,2.370210647583008,35705371,0.0,0.0
601939.SS,2013-03-25 00:00:00+08:00,2.395371832146243,2.4205331557863614,2.3903394234431468,2.410468578338623,67027862,0.0,0.0
601939.SS,2013-03-26 00:00:00+08:00,2.400404472120915,2.415501461235481,2.3500815750031965,2.3551137447357178,66077820,0.0,0.0
601939.SS,2013-03-27 00:00:00+08:00,2.365178324159261,2.400404472120915,2.345049165312174,2.3551137447357178,46143767,0.0,0.0
601939.SS,2013-03-28 00:00:00+08:00,2.340016614946061,2.340016614946061,2.2695645704411813,2.2947258949279785,92186938,0.0,0.0
601939.SS,2013-03-29 00:00:00+08:00,2.2997585657575805,2.3098231446904114,2.29472615631192,2.304790735244751,21523278,0.0,0.0
601939.SS,2013-04-01 00:00:00+08:00,2.2997585657575805,2.3148553141775823,2.29472615631192,2.304790735244751,23339958,0.0,0.0
601939.SS,2013-04-02 00:00:00+08:00,2.3098232128440874,2.340016950533478,2.2997586336142906,2.334984540939331,31661873,0.0,0.0
601939.SS,2013-04-03 00:00:00+08:00,2.3400166275275165,2.3802749388896176,2.3400166275275165,2.350081205368042,38530656,0.0,0.0
601939.SS,2013-04-08 00:00:00+08:00,2.3198874718464664,2.355113374309073,2.3047904851064467,2.350081205368042,42712356,0.0,0.0
601939.SS,2013-04-09 00:00:00+08:00,2.355113374309073,2.370210361049093,2.350081205368042,2.350081205368042,25148633,0.0,0.0
601939.SS,2013-04-10 00:00:00+08:00,2.350081313550098,2.3551134827227767,2.3349843261151144,2.3450489044189453,17440664,0.0,0.0
601939.SS,2013-04-11 00:00:00+08:00,2.3551137447357178,2.365178324159261,2.345049165312174,2.3551137447357178,21467783,0.0,0.0
601939.SS,2013-04-12 00:00:00+08:00,2.3601462841033936,2.365178454112404,2.3500817041268585,2.3601462841033936,19369453,0.0,0.0
601939.SS,2013-04-15 00:00:00+08:00,2.360146176853573,2.375242926153092,2.35511376711473,2.365178346633911,45925799,0.0,0.0
601939.SS,2013-04-16 00:00:00+08:00,2.36014615442674,2.370210733850284,2.345049165312174,2.3551137447357178,45643333,0.0,0.0
601939.SS,2013-04-17 00:00:00+08:00,2.3500813500341664,2.360145928494246,2.2997584577337675,2.309823036193848,48352995,0.0,0.0
601939.SS,2013-04-18 00:00:00+08:00,2.30479047271439,2.32995203715965,2.2947258949279785,2.2947258949279785,37410816,0.0,0.0
601939.SS,2013-04-19 00:00:00+08:00,2.3098232573090223,2.36014615442674,2.294726268194456,2.3551137447357178,34078810,0.0,0.0
601939.SS,2013-04-22 00:00:00+08:00,2.3500817041268585,2.365178454112404,2.3450492941593337,2.3601462841033936,32919145,0.0,0.0
601939.SS,2013-04-23 00:00:00+08:00,2.365178168815452,2.365178168815452,2.334984432527932,2.340016841888428,39868093,0.0,0.0
601939.SS,2013-04-24 00:00:00+08:00,2.3450490112904383,2.365178168815452,2.3148552750029183,2.340016841888428,18385703,0.0,0.0
601939.SS,2013-04-25 00:00:00+08:00,2.345049165312174,2.36014615442674,2.324920006465087,2.3551137447357178,19359720,0.0,0.0
601939.SS,2013-04-26 00:00:00+08:00,2.365178168815452,2.365178168815452,2.340016841888428,2.340016841888428,22742004,0.0,0.0
601939.SS,2013-05-02 00:00:00+08:00,2.340016910411322,2.3802752266402365,2.340016910411322,2.370210647583008,36156119,0.0,0.0
601939.SS,2013-05-03 00:00:00+08:00,2.380274739812825,2.435630033285247,2.375242331334221,2.41550087928772,41711399,0.0,0.0
601939.SS,2013-05-06 00:00:00+08:00,2.41550087928772,2.4255654562864835,2.400403893810352,2.41550087928772,25732134,0.0,0.0
601939.SS,2013-05-07 00:00:00+08:00,2.410468578338623,2.4205331557863614,2.4054364095939813,2.410468578338623,27361283,0.0,0.0
601939.SS,2013-05-08 00:00:00+08:00,2.415501295597559,2.445695031797718,2.4104688862516235,2.4406626224517822,39121474,0.0,0.0
601939.SS,2013-05-09 00:00:00+08:00,2.445695031797718,2.4557596105311044,2.430598043718396,2.4406626224517822,24310953,0.0,0.0
601939.SS,2013-05-10 00:00:00+08:00,2.430598043718396,2.4557596105311044,2.430598043718396,2.4406626224517822,19933958,0.0,0.0
601939.SS,2013-05-13 00:00:00+08:00,2.435630297695861,2.4406624667623102,2.420533310579573,2.425565719604492,16740744,0.0,0.0
601939.SS,2013-05-14 00:00:00+08:00,2.4255658887076126,2.4255658887076126,2.385307333576965,2.395372152328491,25990481,0.0,0.0
601939.SS,2013-05-15 00:00:00+08:00,2.395372152328491,2.4104689005388087,2.390339742952728,2.395372152328491,14623038,0.0,0.0
601939.SS,2013-05-16 00:00:00+08:00,2.390339212144061,2.425565350076483,2.390339212144061,2.4205329418182373,22254505,0.0,0.0
601939.SS,2013-05-17 00:00:00+08:00,2.420533170018342,2.475888466285601,2.410468592511428,2.4658238887786865,33193850,0.0,0.0
601939.SS,2013-05-20 00:00:00+08:00,2.4658238887786865,2.4909852125667458,2.4557593112717715,2.4658238887786865,22422533,0.0,0.0
601939.SS,2013-05-21 00:00:00+08:00,2.4658241036831474,2.4758886820672226,2.4456949469149976,2.4557595252990723,15295395,0.0,0.0
601939.SS,2013-05-22 00:00:00+08:00,2.4557598726516345,2.4658244524592843,2.440662882960905,2.4507274627685547,15151751,0.0,0.0
601939.SS,2013-05-23 00:00:00+08:00,2.4406620949343547,2.4507266714924136,2.410468365260179,2.4205329418182373,26827460,0.0,0.0
601939.SS,2013-05-24 00:00:00+08:00,2.4356302494845505,2.4507269963435405,2.3953719379159573,2.405436515808105,29336698,0.0,0.0
601939.SS,2013-05-27 00:00:00+08:00,2.400404000890885,2.4255655644894576,2.395371832146243,2.410468578338623,27556577,0.0,0.0
601939.SS,2013-05-28 00:00:00+08:00,2.4104690144006176,2.4507273314744364,2.405436844745639,2.445695161819458,32418757,0.0,0.0
601939.SS,2013-05-29 00:00:00+08:00,2.445694899692429,2.4607916469978086,2.425565743312942,2.435630321502685,25196827,0.0,0.0
601939.SS,2013-05-30 00:00:00+08:00,2.430597888670942,2.445694875787229,2.420533310579573,2.425565719604492,23163444,0.0,0.0
601939.SS,2013-05-31 00:00:00+08:00,2.4305976248066434,2.440662201805407,2.41550087928772,2.41550087928772,12255629,0.0,0.0
601939.SS,2013-06-03 00:00:00+08:00,2.4155007735184246,2.425565350076483,2.410468365260179,2.4205329418182373,24437799,0.0,0.0
601939.SS,2013-06-04 00:00:00+08:00,2.4205331557863614,2.4255655644894576,2.400404000890885,2.410468578338623,27028848,0.0,0.0
601939.SS,2013-06-05 00:00:00+08:00,2.4104686847749472,2.4155010937002537,2.4004041068827986,2.405436515808105,12755923,0.0,0.0
601939.SS,2013-06-06 00:00:00+08:00,2.405436360384221,2.410468529025916,2.3903393745422368,2.3903393745422363,15380835,0.0,0.0
601939.SS,2013-06-07 00:00:00+08:00,2.395372130672251,2.4155012880763467,2.375242733309671,2.3853073120117188,24415152,0.0,0.0
601939.SS,2013-06-13 00:00:00+08:00,2.370210361049093,2.375242529990123,2.239370609163801,2.350081205368042,71041300,0.0,0.0
601939.SS,2013-06-14 00:00:00+08:00,2.3450492941593337,2.3601462841033936,2.3198879641972527,2.3601462841033936,57356749,0.0,0.0
601939.SS,2013-06-17 00:00:00+08:00,2.3601459759779404,2.3601459759779404,2.3299522399902344,2.3299522399902344,23230016,0.0,0.0
601939.SS,2013-06-18 00:00:00+08:00,2.3450490112904383,2.350081420650935,2.329952263125921,2.340016841888428,24145518,0.0,0.0
601939.SS,2013-06-19 00:00:00+08:00,2.334984254716523,2.340016663693796,2.3098229297055592,2.314855098724365,30351221,0.0,0.0
601939.SS,2013-06-20 00:00:00+08:00,2.314855109821309,2.3198875188227066,2.25446764155535,2.269564628601074,37752661,0.0,0.0
601939.SS,2013-06-21 00:00:00+08:00,2.268494624153235,2.268494624153235,2.140089383594464,2.182891130447388,72805044,0.268,0.0
601939.SS,2013-06-24 00:00:00+08:00,2.188241305727064,2.188241305727064,2.10798790907662,2.1186883449554443,47989123,0.0,0.0
601939.SS,2013-06-25 00:00:00+08:00,2.113338287158377,2.1454397247866583,2.0865871954341983,2.13473916053772,56088566,0.0,0.0
601939.SS,2013-06-26 00:00:00+08:00,2.156140300584992,2.1668407379650287,2.1026379861255355,2.145439863204956,56156594,0.0,0.0
601939.SS,2013-06-27 00:00:00+08:00,2.1614902570209256,2.2042920038738494,2.1561401662235777,2.182891130447388,48502448,0.0,0.0
601939.SS,2013-06-28 00:00:00+08:00,2.1882413281430826,2.225692726543359,2.177540892154644,2.2203426361083984,32704987,0.0,0.0
601939.SS,2013-07-01 00:00:00+08:00,2.214992027486355,2.305945850145004,2.1935911580512006,2.300595760345459,76792041,0.0,0.0
601939.SS,2013-07-02 00:00:00+08:00,2.300596291305618,2.3273472567142366,2.2684947246256013,2.321997165679932,45492720,0.0,0.0
601939.SS,2013-07-03 00:00:00+08:00,2.305946382339924,2.343398040054245,2.2791954169313047,2.321997165679932,44461869,0.0,0.0
601939.SS,2013-07-04 00:00:00+08:00,2.31129651907475,2.338047482059563,2.295245737189044,2.3326973915100098,25392915,0.0,0.0
601939.SS,2013-07-05 00:00:00+08:00,2.3326975285226577,2.4076005864455507,2.300596217984275,2.386199712753296,44085727,0.0,0.0
601939.SS,2013-07-08 00:00:00+08:00,2.3701486071125992,2.37549895236622,2.321996775422533,2.354098081588745,24247302,0.0,0.0
601939.SS,2013-07-09 00:00:00+08:00,2.3326974690483544,2.3701488694956736,2.3273471232024336,2.359448432922364,21422288,0.0,0.0
601939.SS,2013-07-10 00:00:00+08:00,2.354098075494897,2.364798510855936,2.327346859533051,2.348747730255127,19284110,0.0,0.0
601939.SS,2013-07-11 00:00:00+08:00,2.3487476729529866,2.4343514088713287,2.332697147862264,2.4183006286621094,48270624,0.0,0.0
601939.SS,2013-07-12 00:00:00+08:00,2.407600613970413,2.407600613970413,2.370148957021532,2.396900177001953,35155526,0.0,0.0
601939.SS,2013-07-15 00:00:00+08:00,2.4022497239703418,2.4129504136343183,2.3647983306203573,2.3701484203338623,27307386,0.0,0.0
601939.SS,2013-07-16 00:00:00+08:00,2.359448493078708,2.4022502404632182,2.316646745694197,2.386199712753296,34507295,0.0,0.0
601939.SS,2013-07-17 00:00:00+08:00,2.375499159104273,2.375499159104273,2.332697413824317,2.338047504425049,24240100,0.0,0.0
601939.SS,2013-07-18 00:00:00+08:00,2.3326976028670883,2.343398040054245,2.305946382339924,2.321997165679932,23010098,0.0,0.0
601939.SS,2013-07-19 00:00:00+08:00,2.32199695529238,2.338047482059563,2.2791952104218605,2.3326973915100098,42906357,0.0,0.0
601939.SS,2013-07-22 00:00:00+08:00,2.305945931567002,2.332697146864763,2.295245496471597,2.3273468017578125,35318645,0.0,0.0
601939.SS,2013-07-23 00:00:00+08:00,2.3273472567142366,2.354098477241401,2.305946382339924,2.321997165679932,31318719,0.0,0.0
601939.SS,2013-07-24 00:00:00+08:00,2.3219966594484114,2.3219966594484114,2.2845450098991336,2.311296224594116,23345136,0.0,0.0
601939.SS,2013-07-25 00:00:00+08:00,2.3112966465495406,2.321997083357331,2.284545426970796,2.28989577293396,15514469,0.0,0.0
601939.SS,2013-07-26 00:00:00+08:00,2.2845454489383163,2.3112966687742924,2.2738450120276337,2.295245885848999,14934636,0.0,0.0
601939.SS,2013-07-29 00:00:00+08:00,2.2738451423206,2.27919548864179,2.231043392225298,2.252444267272949,24533621,0.0,0.0
601939.SS,2013-07-30 00:00:00+08:00,2.263144553355216,2.3059463005863767,2.2470937705842617,2.28989577293396,35259502,0.0,0.0
601939.SS,2013-07-31 00:00:00+08:00,2.2898957949529275,2.30059623186361,2.2738450120276337,2.295245885848999,17929061,0.0,0.0
601939.SS,2013-08-01 00:00:00+08:00,2.2952454447534287,2.338047184170608,2.2898953548855263,2.311296224594116,28629482,0.0,0.0
601939.SS,2013-08-02 00:00:00+08:00,2.321996682548776,2.3326971175095244,2.30059581262728,2.316646337509156,15119596,0.0,0.0
601939.SS,2013-08-05 00:00:00+08:00,2.321996977504328,2.348747940745038,2.30059610486435,2.338047504425049,24095239,0.0,0.0
601939.SS,2013-08-06 00:00:00+08:00,2.327346801757812,2.3487476719486224,2.311296276673953,2.3273468017578125,16958782,0.0,0.0
601939.SS,2013-08-07 00:00:00+08:00,2.3273467493163134,2.3433975291570013,2.3059458796077235,2.311296224594116,13830145,0.0,0.0
601939.SS,2013-08-08 00:00:00+08:00,2.311296696175698,2.3273472241727378,2.2952459130601155,2.305946350097656,12491259,0.0,0.0
601939.SS,2013-08-09 00:00:00+08:00,2.311296696175698,2.3219971332132388,2.273845038985033,2.305946350097656,14539597,0.0,0.0
601939.SS,2013-08-12 00:00:00+08:00,2.305946173406673,2.338047482059563,2.295245737189044,2.3326973915100098,24704057,0.0,0.0
601939.SS,2013-08-13 00:00:00+08:00,2.338047482059563,2.338047482059563,2.3166466096243035,2.3326973915100098,12886745,0.0,0.0
601939.SS,2013-08-14 00:00:00+08:00,2.338047236853217,2.354098017055573,2.321996711769358,2.3273468017578125,19626718,0.0,0.0
601939.SS,2013-08-15 00:00:00+08:00,2.3326971175095244,2.343397552470272,2.316646337509156,2.316646337509156,17854831,0.0,0.0
601939.SS,2013-08-16 00:00:00+08:00,2.32199695529238,2.429001317468678,2.305946173406673,2.3326973915100098,54126792,0.0,0.0
601939.SS,2013-08-19 00:00:00+08:00,2.311296247588028,2.3326971175095244,2.30059581262728,2.316646337509156,31658017,0.0,0.0
601939.SS,2013-08-20 00:00:00+08:00,2.3112966687742924,2.3273471965810466,2.295245885848999,2.295245885848999,20773131,0.0,0.0
601939.SS,2013-08-21 00:00:00+08:00,2.3059463227596813,2.3059463227596813,2.2845454489383163,2.295245885848999,12760362,0.0,0.0
601939.SS,2013-08-22 00:00:00+08:00,2.2952458637785864,2.3112966465495406,2.2791953361261696,2.28989577293396,15397923,0.0,0.0
601939.SS,2013-08-23 00:00:00+08:00,2.295245596046908,2.300595941385974,2.257793944028966,2.279195070266724,18629128,0.0,0.0
601939.SS,2013-08-26 00:00:00+08:00,2.289895325627882,2.305945850145004,2.2791948909103046,2.300595760345459,18028986,0.0,0.0
601939.SS,2013-08-27 00:00:00+08:00,2.2952458637785864,2.3059463005863767,2.2791953361261696,2.28989577293396,12684473,0.0,0.0
601939.SS,2013-08-28 00:00:00+08:00,2.289895734391975,2.289895734391975,2.2684946060180664,2.2684946060180664,18213635,0.0,0.0
601939.SS,2013-08-29 00:00:00+08:00,2.279195275446658,2.284545366148848,2.257794147282307,2.263144493103028,15237924,0.0,0.0
601939.SS,2013-08-30 00:00:00+08:00,2.2684943736081444,2.273844718933105,2.2524438478702744,2.273844718933105,19476470,0.0,0.0
601939.SS,2013-09-02 00:00:00+08:00,2.2738449518911765,2.289895734391975,2.263144515263489,2.2684946060180664,25434397,0.0,0.0
601939.SS,2013-09-03 00:00:00+08:00,2.279195358042245,2.30059623186361,2.263144575116951,2.295245885848999,26620999,0.0,0.0
601939.SS,2013-09-04 00:00:00+08:00,2.2898957949529275,2.3059463227596813,2.279195358042245,2.295245885848999,23336969,0.0,0.0
601939.SS,2013-09-05 00:00:00+08:00,2.2952454154274267,2.305945850145004,2.289895325627882,2.300595760345459,13174559,0.0,0.0
601939.SS,2013-09-06 00:00:00+08:00,2.300595760345459,2.311296195063036,2.289895325627882,2.300595760345459,13348348,0.0,0.0
601939.SS,2013-09-09 00:00:00+08:00,2.3059461653148934,2.461102617485329,2.300596074784114,2.423651218414306,116744306,0.0,0.0
601939.SS,2013-09-10 00:00:00+08:00,2.4076003686260763,2.4076003686260763,2.3647986251139086,2.391549587249756,49960769,0.0,0.0
601939.SS,2013-09-11 00:00:00+08:00,2.380848854879355,2.3968996342568367,2.359447985788369,2.3701484203338623,47975023,0.0,0.0
601939.SS,2013-09-12 00:00:00+08:00,2.370148543152948,2.4504019339620515,2.359448108052967,2.4183006286621094,73986514,0.0,0.0
601939.SS,2013-09-13 00:00:00+08:00,2.4076005864455507,2.429001460137806,2.380849366770963,2.386199712753296,34832783,0.0,0.0
601939.SS,2013-09-16 00:00:00+08:00,2.4022502404632182,2.412950932427884,2.380849366770963,2.386199712753296,33576941,0.0,0.0
601939.SS,2013-09-17 00:00:00+08:00,2.3808490425013367,2.4022499132788115,2.354098081588745,2.354098081588745,26874928,0.0,0.0
601939.SS,2013-09-18 00:00:00+08:00,2.364798778768284,2.3754992153415944,2.3487479963490534,2.359448432922364,20169847,0.0,0.0
601939.SS,2013-09-23 00:00:00+08:00,2.3647985458374023,2.375498981356728,2.3540981103180774,2.3647985458374023,20088111,0.0,0.0
601939.SS,2013-09-24 00:00:00+08:00,2.3594481070440274,2.364798452150978,2.311296276673953,2.3273468017578125,35902652,0.0,0.0
601939.SS,2013-09-25 00:00:00+08:00,2.3273467724699035,2.338047207430652,2.311296247588028,2.316646337509156,15322903,0.0,0.0
601939.SS,2013-09-26 00:00:00+08:00,2.3112966465495406,2.316646737394167,2.2684946441998424,2.28989577293396,28176675,0.0,0.0
601939.SS,2013-09-27 00:00:00+08:00,2.284545426970796,2.2952458637785864,2.2791953361261696,2.28989577293396,14149089,0.0,0.0
601939.SS,2013-09-30 00:00:00+08:00,2.2952454154274267,2.327346719580158,2.289895325627882,2.300595760345459,23211159,0.0,0.0
601939.SS,2013-10-08 00:00:00+08:00,2.295245885848999,2.30059623186361,2.2738450120276337,2.295245885848999,27126461,0.0,0.0
601939.SS,2013-10-09 00:00:00+08:00,2.289895325627882,2.300595760345459,2.2791948909103046,2.300595760345459,19812247,0.0,0.0
601939.SS,2013-10-10 00:00:00+08:00,2.295245618847685,2.300595964239901,2.2791950929080564,2.2845451831817627,12751544,0.0,0.0
601939.SS,2013-10-11 00:00:00+08:00,2.295245737189044,2.338047482059563,2.2898956466394904,2.3326973915100098,28890588,0.0,0.0
601939.SS,2013-10-14 00:00:00+08:00,2.3273467493163134,2.354097964011296,2.3059458796077235,2.311296224594116,26943239,0.0,0.0
601939.SS,2013-10-15 00:00:00+08:00,2.3112963708523133,2.316646461058768,2.2684943736081444,2.273844718933105,40617909,0.0,0.0
601939.SS,2013-10-16 00:00:00+08:00,2.273844724927657,2.289895505826349,2.273844724927657,2.279195070266724,18875062,0.0,0.0
601939.SS,2013-10-17 00:00:00+08:00,2.289895505826349,2.311296376945599,2.273844724927657,2.279195070266724,16818058,0.0,0.0
601939.SS,2013-10-18 00:00:00+08:00,2.2845451831817627,2.289895528573979,2.2738447475158403,2.2845451831817627,11146776,0.0,0.0
601939.SS,2013-10-21 00:00:00+08:00,2.2791948909103046,2.305945850145004,2.2738445459922727,2.300595760345459,22787046,0.0,0.0
601939.SS,2013-10-22 00:00:00+08:00,2.300595964239901,2.300595964239901,2.2791950929080564,2.2845451831817627,10917495,0.0,0.0
601939.SS,2013-10-23 00:00:00+08:00,2.289895528573979,2.311296399905824,2.2791950929080564,2.2845451831817627,18712352,0.0,0.0
601939.SS,2013-10-24 00:00:00+08:00,2.279195275446658,2.279195275446658,2.263144493103028,2.263144493103028,24122130,0.0,0.0
601939.SS,2013-10-25 00:00:00+08:00,2.2631447047967743,2.27919548864179,2.241743829749124,2.252444267272949,25976846,0.0,0.0
601939.SS,2013-10-28 00:00:00+08:00,2.252444267272949,2.2738451423206,2.24709392095176,2.252444267272949,16343855,0.0,0.0
601939.SS,2013-10-29 00:00:00+08:00,2.257793966457702,2.300595964239901,2.257793966457702,2.2845451831817627,33205664,0.0,0.0
601939.SS,2013-10-30 00:00:00+08:00,2.284545426970796,2.2952458637785864,2.2684946441998424,2.28989577293396,20806870,0.0,0.0
601939.SS,2013-10-31 00:00:00+08:00,2.2952458637785864,2.3059463005863767,2.2791953361261696,2.28989577293396,26596593,0.0,0.0
601939.SS,2013-11-01 00:00:00+08:00,2.2952454447534287,2.3219966594484114,2.2845450098991336,2.311296224594116,30520430,0.0,0.0
601939.SS,2013-11-04 00:00:00+08:00,2.3273472241727378,2.3273472241727378,2.289895822100616,2.305946350097656,26069742,0.0,0.0
601939.SS,2013-11-05 00:00:00+08:00,2.289895822100616,2.311296696175698,2.279195385063076,2.305946350097656,30568776,0.0,0.0
601939.SS,2013-11-06 00:00:00+08:00,2.2898957949529275,2.3112966687742924,2.2845454489383163,2.295245885848999,30244007,0.0,0.0
601939.SS,2013-11-07 00:00:00+08:00,2.300595789739821,2.316646314462018,2.2845450098991336,2.311296224594116,28768229,0.0,0.0
601939.SS,2013-11-08 00:00:00+08:00,2.311296696175698,2.3219971332132388,2.300596259138157,2.305946350097656,17634730,0.0,0.0
601939.SS,2013-11-11 00:00:00+08:00,2.300596291305618,2.3326976028670883,2.2952459451527663,2.321997165679932,25134002,0.0,0.0
601939.SS,2013-11-12 00:00:00+08:00,2.321997165679932,2.3326976028670883,2.3112967284927746,2.321997165679932,18989180,0.0,0.0
601939.SS,2013-11-13 00:00:00+08:00,2.3059463005863767,2.3112966465495406,2.284545426970796,2.28989577293396,20024722,0.0,0.0
601939.SS,2013-11-14 00:00:00+08:00,2.2952459130601155,2.311296696175698,2.2845454760225743,2.305946350097656,22497786,0.0,0.0
601939.SS,2013-11-15 00:00:00+08:00,2.311296224594116,2.3273467493163134,2.2898953548855263,2.311296224594116,31500533,0.0,0.0
601939.SS,2013-11-18 00:00:00+08:00,2.3112965467217914,2.3487479463722165,2.300596110376166,2.343397855758667,58311711,0.0,0.0
601939.SS,2013-11-19 00:00:00+08:00,2.338047693901393,2.343398040054245,2.3112967284927746,2.321997165679932,28646862,0.0,0.0
601939.SS,2013-11-20 00:00:00+08:00,2.3326974194130417,2.3487479463722165,2.3219969830674168,2.343397855758667,26358750,0.0,0.0
601939.SS,2013-11-21 00:00:00+08:00,2.3326974690483544,2.364798778768284,2.316646686629124,2.359448432922364,37364231,0.0,0.0
601939.SS,2013-11-22 00:00:00+08:00,2.359448493078708,2.3915498036170906,2.34874805623258,2.386199712753296,44689288,0.0,0.0
601939.SS,2013-11-25 00:00:00+08:00,2.3701488694956736,2.386199651914904,2.359448432922364,2.359448432922364,14877944,0.0,0.0
601939.SS,2013-11-26 00:00:00+08:00,2.3594483770650267,2.375499159104273,2.332697413824317,2.338047504425049,15249688,0.0,0.0
601939.SS,2013-11-27 00:00:00+08:00,2.3380472948940887,2.3754989462169736,2.3326972047728214,2.348747730255127,20835683,0.0,0.0
601939.SS,2013-11-28 00:00:00+08:00,2.354098342194974,2.3701488694956736,2.3487479963490534,2.359448432922364,20580801,0.0,0.0
601939.SS,2013-11-29 00:00:00+08:00,2.3540982921042923,2.3647987284499177,2.338047510026591,2.343397855758667,21887061,0.0,0.0
601939.SS,2013-12-02 00:00:00+08:00,2.348748083084612,2.407600613970413,2.348748083084612,2.396900177001953,78202755,0.0,0.0
601939.SS,2013-12-03 00:00:00+08:00,2.391549587249756,2.4183008045041183,2.37549906099195,2.391549587249756,35234014,0.0,0.0
601939.SS,2013-12-04 00:00:00+08:00,2.380849366770963,2.4022502404632182,2.3754992759071683,2.386199712753296,36343470,0.0,0.0
601939.SS,2013-12-05 00:00:00+08:00,2.386199685227332,2.3915497760294104,2.3701489025840248,2.3754992485046387,16880819,0.0,0.0
601939.SS,2013-12-06 00:00:00+08:00,2.370148449903529,2.386199229481258,2.364798360123277,2.3808488845825195,16725775,0.0,0.0
601939.SS,2013-12-09 00:00:00+08:00,2.3861994168760527,2.391549507076462,2.3647985458374023,2.3647985458374023,14613107,0.0,0.0
601939.SS,2013-12-10 00:00:00+08:00,2.3647988117819456,2.3808493393067174,2.354098375059253,2.3754992485046387,15752204,0.0,0.0
601939.SS,2013-12-11 00:00:00+08:00,2.3594483770650267,2.364798722784284,2.332697413824317,2.338047504425049,18058327,0.0,0.0
601939.SS,2013-12-12 00:00:00+08:00,2.338047482059563,2.34339782772764,2.327347045841933,2.3326973915100098,11775184,0.0,0.0
601939.SS,2013-12-13 00:00:00+08:00,2.316646314462018,2.332697094302706,2.311296224594116,2.311296224594116,19678143,0.0,0.0
601939.SS,2013-12-16 00:00:00+08:00,2.3112966465495406,2.321997083357331,2.28989577293396,2.28989577293396,15623731,0.0,0.0
601939.SS,2013-12-17 00:00:00+08:00,2.289895528573979,2.300595964239901,2.2791950929080564,2.2845451831817627,18504938,0.0,0.0
601939.SS,2013-12-18 00:00:00+08:00,2.284545366148848,2.289895711969568,2.252444056580117,2.263144493103028,28895850,0.0,0.0
601939.SS,2013-12-19 00:00:00+08:00,2.273844924073848,2.273844924073848,2.257794141769409,2.257794141769409,15359804,0.0,0.0
601939.SS,2013-12-20 00:00:00+08:00,2.2684944472589925,2.2684944472589925,2.033084730365588,2.1186883449554443,36553287,0.0,0.0
601939.SS,2013-12-23 00:00:00+08:00,2.1935909775311906,2.24174305735689,2.1882408881719275,2.231042623519897,28214653,0.0,0.0
601939.SS,2013-12-24 00:00:00+08:00,2.23639315669581,2.23639315669581,2.19359141285375,2.2149922847747803,15949631,0.0,0.0
601939.SS,2013-12-25 00:00:00+08:00,2.2256927207352954,2.2256927207352954,2.204291848814265,2.2149922847747803,9528491,0.0,0.0
601939.SS,2013-12-26 00:00:00+08:00,2.2096423497897324,2.2203427865029632,2.1668406029368086,2.182891130447388,21421067,0.0,0.0
601939.SS,2013-12-27 00:00:00+08:00,2.1828909546715205,2.231043043562912,2.1828909546715205,2.209642171859741,20563557,0.0,0.0
601939.SS,2013-12-30 00:00:00+08:00,2.2256928828107703,2.2256928828107703,2.188241481781006,2.188241481781006,23550018,0.0,0.0
601939.SS,2013-12-31 00:00:00+08:00,2.1828909768932347,2.2203426303142964,2.1828909768932347,2.2149922847747803,19791864,0.0,0.0
601939.SS,2014-01-02 00:00:00+08:00,2.2042917979085286,2.2096421433244844,2.177540836184284,2.198941707611084,34717612,0.0,0.0
601939.SS,2014-01-03 00:00:00+08:00,2.182890869270995,2.1935913047039506,2.150789562972128,2.177540779113769,30937201,0.0,0.0
601939.SS,2014-01-06 00:00:00+08:00,2.172190693734157,2.1882414763632707,2.118688510168002,2.182891130447388,43613989,0.0,0.0
601939.SS,2014-01-07 00:00:00+08:00,2.161490391715735,2.1668407379650287,2.1347392982656443,2.145439863204956,25840606,0.0,0.0
601939.SS,2014-01-08 00:00:00+08:00,2.1454398310111578,2.1507899220616187,2.118688610403212,2.1293890476226807,27515048,0.0,0.0
601939.SS,2014-01-09 00:00:00+08:00,2.124038189199477,2.140088840193823,2.107987538205132,2.113337755203247,19875035,0.0,0.0
601939.SS,2014-01-10 00:00:00+08:00,2.113338127016032,2.124038562894857,2.10798790907662,2.1186883449554443,16948935,0.0,0.0
601939.SS,2014-01-13 00:00:00+08:00,2.124038860885608,2.1507899543356985,2.113338423505572,2.145439863204956,26136493,0.0,0.0
601939.SS,2014-01-14 00:00:00+08:00,2.1454398581079204,2.150789949225953,2.1186886371621085,2.140089511871338,13429687,0.0,0.0
601939.SS,2014-01-15 00:00:00+08:00,2.1400891108950866,2.1454394561292056,2.113338022520748,2.1240384578704834,14157040,0.0,0.0
601939.SS,2014-01-16 00:00:00+08:00,2.1186880768127785,2.1186880768127785,2.0919369905013525,2.107987642288208,24479616,0.0,0.0
601939.SS,2014-01-17 00:00:00+08:00,2.097287549657286,2.10798798592621,2.075886677119438,2.102637767791748,27272098,0.0,0.0
601939.SS,2014-01-20 00:00:00+08:00,2.097287387651839,2.1026376053730225,2.0865869522094727,2.0865869522094727,10242482,0.0,0.0
601939.SS,2014-01-21 00:00:00+08:00,2.0919371986634614,2.1026376342527984,2.086586980868793,2.09728741645813,12095379,0.0,0.0
601939.SS,2014-01-22 00:00:00+08:00,2.097287473197795,2.1186883449554443,2.097287473197795,2.1186883449554443,26489098,0.0,0.0
601939.SS,2014-01-23 00:00:00+08:00,2.107987852047467,2.113338069842136,2.0919371986634614,2.09728741645813,19274129,0.0,0.0
601939.SS,2014-01-24 00:00:00+08:00,2.09728741645813,2.107987852047467,2.086586980868793,2.09728741645813,16946122,0.0,0.0
601939.SS,2014-01-27 00:00:00+08:00,2.091937065124512,2.097287282577649,2.0812366302182377,2.091937065124512,16830130,0.0,0.0
601939.SS,2014-01-28 00:00:00+08:00,2.091937331522824,2.10798798592621,2.091937331522824,2.102637767791748,19482610,0.0,0.0
601939.SS,2014-01-29 00:00:00+08:00,2.102637691137207,2.124038562894857,2.102637691137207,2.1186883449554443,13729596,0.0,0.0
601939.SS,2014-01-30 00:00:00+08:00,2.113337859550493,2.113337859550493,2.102637425025923,2.107987642288208,13309885,0.0,0.0
601939.SS,2014-02-07 00:00:00+08:00,2.097287549657286,2.102637767791748,2.086587113388362,2.102637767791748,15982039,0.0,0.0
601939.SS,2014-02-10 00:00:00+08:00,2.113337755203247,2.1186879722013625,2.0972871042089016,2.113337755203247,33154960,0.0,0.0
601939.SS,2014-02-11 00:00:00+08:00,2.107988199807494,2.156140295462535,2.097287762452879,2.140089511871338,63283161,0.0,0.0
601939.SS,2014-02-12 00:00:00+08:00,2.1347392662324154,2.1454398310111578,2.1240388290129464,2.1293890476226807,29032115,0.0,0.0
601939.SS,2014-02-13 00:00:00+08:00,2.129388942192884,2.161490252261898,2.1240387238480483,2.13473916053772,46981155,0.0,0.0
601939.SS,2014-02-14 00:00:00+08:00,2.1347392931940306,2.1454398581079204,2.129389074516723,2.140089511871338,17104231,0.0,0.0
601939.SS,2014-02-17 00:00:00+08:00,2.145439863204956,2.145439863204956,2.1347392982656443,2.145439863204956,28276703,0.0,0.0
601939.SS,2014-02-18 00:00:00+08:00,2.1400892167130943,2.1454395622117644,2.113338127016032,2.1186883449554443,22334616,0.0,0.0
601939.SS,2014-02-19 00:00:00+08:00,2.118688428794652,2.1614901740036707,2.113338210643524,2.150789737701416,42915772,0.0,0.0
601939.SS,2014-02-20 00:00:00+08:00,2.1507898155722267,2.161490252261898,2.129388942192884,2.13473916053772,26338210,0.0,0.0
601939.SS,2014-02-21 00:00:00+08:00,2.134738998773682,2.134738998773682,2.1186883449554443,2.1186883449554443,19995933,0.0,0.0
601939.SS,2014-02-24 00:00:00+08:00,2.1133381472380783,2.1186883652286856,2.0758866213038263,2.0812368392944336,27808567,0.0,0.0
601939.SS,2014-02-25 00:00:00+08:00,2.081237178750122,2.086587397613365,2.059836175737869,2.0705366134643555,28361655,0.0,0.0
601939.SS,2014-02-26 00:00:00+08:00,2.0651862621307373,2.081237045250177,2.059836043610681,2.0651862621307373,15128910,0.0,0.0
601939.SS,2014-02-27 00:00:00+08:00,2.054485621782137,2.0812368392944336,2.04913540379153,2.0812368392944336,23483863,0.0,0.0
601939.SS,2014-02-28 00:00:00+08:00,2.075886826730121,2.075886826730121,2.054485825090625,2.0651862621307373,24933165,0.0,0.0
601939.SS,2014-03-03 00:00:00+08:00,2.05983553825236,2.070535972667237,2.043784886630045,2.054485321044922,31073421,0.0,0.0
601939.SS,2014-03-04 00:00:00+08:00,2.054485321044922,2.054485321044922,2.0384346694226068,2.054485321044922,28886501,0.0,0.0
601939.SS,2014-03-05 00:00:00+08:00,2.054485664650706,2.054485664650706,2.038435010343973,2.049135446548462,20955821,0.0,0.0
601939.SS,2014-03-06 00:00:00+08:00,2.043785256271861,2.0705363471472915,2.038435038096775,2.059835910797119,20585943,0.0,0.0
601939.SS,2014-03-07 00:00:00+08:00,2.0598358827529504,2.0651861008551946,2.049135446548462,2.049135446548462,19470538,0.0,0.0
601939.SS,2014-03-10 00:00:00+08:00,2.0437850371231248,2.049135254724524,2.01703394911613,2.0223841667175293,23739100,0.0,0.0
601939.SS,2014-03-11 00:00:00+08:00,2.0223841667175293,2.027734384318928,2.011683731514732,2.0223841667175293,13066033,0.0,0.0
601939.SS,2014-03-12 00:00:00+08:00,2.0223841667175293,2.033084601920327,2.0063335139133325,2.0223841667175293,19359971,0.0,0.0
601939.SS,2014-03-13 00:00:00+08:00,2.02773444195443,2.081236747048396,2.02773444195443,2.043785095214844,37478365,0.0,0.0
601939.SS,2014-03-14 00:00:00+08:00,2.033084526478358,2.0437849612840933,2.011683656866888,2.0384347438812256,23656921,0.0,0.0
601939.SS,2014-03-17 00:00:00+08:00,2.0384348774613725,2.049135312968315,2.02773444195443,2.043785095214844,15679809,0.0,0.0
601939.SS,2014-03-18 00:00:00+08:00,2.0437849612840933,2.0491351786869605,2.0277343090754902,2.0384347438812256,10857946,0.0,0.0
601939.SS,2014-03-19 00:00:00+08:00,2.033084601920327,2.033084601920327,2.01703394911613,2.0223841667175293,12431126,0.0,0.0
601939.SS,2014-03-20 00:00:00+08:00,2.0223841667175293,2.0384348195217257,2.01703394911613,2.0223841667175293,13082739,0.0,0.0
601939.SS,2014-03-21 00:00:00+08:00,2.0170344248319223,2.0758869598868785,2.0170344248319223,2.0705366134643555,39101165,0.0,0.0
601939.SS,2014-03-24 00:00:00+08:00,2.0758866213038263,2.091937275275648,2.059835839772745,2.0812368392944336,29094852,0.0,0.0
601939.SS,2014-03-25 00:00:00+08:00,2.0705366134643555,2.086587397613365,2.059836175737869,2.0705366134643555,16783391,0.0,0.0
601939.SS,2014-03-26 00:00:00+08:00,2.0758866213038263,2.091937275275648,2.0758866213038263,2.0812368392944336,16399585,0.0,0.0
601939.SS,2014-03-27 00:00:00+08:00,2.086586980868793,2.113338069842136,2.070536199925533,2.09728741645813,35338369,0.0,0.0
601939.SS,2014-03-28 00:00:00+08:00,2.09728763212387,2.1507898155722267,2.09728763212387,2.13473916053772,42246471,0.0,0.0
601939.SS,2014-03-31 00:00:00+08:00,2.150789949225953,2.1668407328171497,2.129389074516723,2.140089511871338,39131611,0.0,0.0
601939.SS,2014-04-01 00:00:00+08:00,2.1400893013991613,2.1668405197140608,2.1400893013991613,2.150789737701416,23535786,0.0,0.0
601939.SS,2014-04-02 00:00:00+08:00,2.156140083411806,2.156140083411806,2.1400893013991613,2.150789737701416,18375379,0.0,0.0
601939.SS,2014-04-03 00:00:00+08:00,2.156139618747404,2.1614897081862834,2.107987538205132,2.113337755203247,44639858,0.0,0.0
601939.SS,2014-04-04 00:00:00+08:00,2.107988068813541,2.1400893788825552,2.1026378504687053,2.13473916053772,18868474,0.0,0.0
601939.SS,2014-04-08 00:00:00+08:00,2.134738852763318,2.1775407209103435,2.129388635189846,2.156139850616455,79473787,0.0,0.0
601939.SS,2014-04-09 00:00:00+08:00,2.156139850616455,2.1614899406306782,2.145439415469512,2.156139850616455,28626312,0.0,0.0
601939.SS,2014-04-10 00:00:00+08:00,2.1507898203076947,2.1882414763632707,2.145439729510347,2.182891130447388,48490527,0.0,0.0
601939.SS,2014-04-11 00:00:00+08:00,2.17754077304096,2.1828908631832653,2.1668403376378462,2.172190427780152,42653903,0.0,0.0
601939.SS,2014-04-14 00:00:00+08:00,2.172190643958442,2.1775409897517224,2.156140116815661,2.1668405532836914,20062704,0.0,0.0
601939.SS,2014-04-15 00:00:00+08:00,2.1614903865805672,2.1668407328171497,2.140089511871338,2.140089511871338,18530813,0.0,0.0
601939.SS,2014-04-16 00:00:00+08:00,2.1400893013991613,2.156140083411806,2.134739083248034,2.150789737701416,16272144,0.0,0.0
601939.SS,2014-04-17 00:00:00+08:00,2.1454397247866583,2.1561401614763294,2.13473916053772,2.13473916053772,10025133,0.0,0.0
601939.SS,2014-04-18 00:00:00+08:00,2.1347392662324154,2.1347392662324154,2.118688610403212,2.1293890476226807,16065997,0.0,0.0
601939.SS,2014-04-21 00:00:00+08:00,2.124038189199477,2.140088840193823,2.113337755203247,2.113337755203247,16166331,0.0,0.0
601939.SS,2014-04-22 00:00:00+08:00,2.113338022520748,2.129388675545352,2.1079878048458807,2.1240384578704834,13178228,0.0,0.0
601939.SS,2014-04-23 00:00:00+08:00,2.1186883449554443,2.124038562894857,2.113338127016032,2.1186883449554443,19988432,0.0,0.0
601939.SS,2014-04-24 00:00:00+08:00,2.1186883449554443,2.1293887808342693,2.10798790907662,2.1186883449554443,14457641,0.0,0.0
601939.SS,2014-04-25 00:00:00+08:00,2.118688240195616,2.1347388932202187,2.113338022520748,2.1240384578704834,25019649,0.0,0.0
601939.SS,2014-04-28 00:00:00+08:00,2.1240388290129464,2.1400894848421497,2.118688610403212,2.1293890476226807,27890624,0.0,0.0
601939.SS,2014-04-29 00:00:00+08:00,2.1293890476226807,2.1347392662324154,2.1133383917934774,2.1293890476226807,21860780,0.0,0.0
601939.SS,2014-04-30 00:00:00+08:00,2.1293887808342693,2.134738998773682,2.113338127016032,2.1186883449554443,13965613,0.0,0.0
601939.SS,2014-05-05 00:00:00+08:00,2.113337755203247,2.1186879722013625,2.0972871042089016,2.113337755203247,27309744,0.0,0.0
601939.SS,2014-05-06 00:00:00+08:00,2.107987642288208,2.1240382940750635,2.107987642288208,2.107987642288208,18337009,0.0,0.0
601939.SS,2014-05-07 00:00:00+08:00,2.107987642288208,2.1186880768127785,2.102637425025923,2.107987642288208,16584117,0.0,0.0
601939.SS,2014-05-08 00:00:00+08:00,2.10798790907662,2.134738998773682,2.10798790907662,2.1186883449554443,18028632,0.0,0.0
601939.SS,2014-05-09 00:00:00+08:00,2.118688240195616,2.1240384578704834,2.113338022520748,2.1240384578704834,14639208,0.0,0.0
601939.SS,2014-05-12 00:00:00+08:00,2.129389074516723,2.1454398581079204,2.1186886371621085,2.140089511871338,32419625,0.0,0.0
601939.SS,2014-05-13 00:00:00+08:00,2.1347392662324154,2.1400894848421497,2.1240388290129464,2.1293890476226807,16766472,0.0,0.0
601939.SS,2014-05-14 00:00:00+08:00,2.1347388932202187,2.1347388932202187,2.1240384578704834,2.1240384578704834,17907117,0.0,0.0
601939.SS,2014-05-15 00:00:00+08:00,2.1240387238480483,2.1400893788825552,2.1240387238480483,2.13473916053772,16650970,0.0,0.0
601939.SS,2014-05-16 00:00:00+08:00,2.1347392931940306,2.140089511871338,2.129389074516723,2.140089511871338,18073699,0.0,0.0
601939.SS,2014-05-19 00:00:00+08:00,2.1400893788825552,2.1400893788825552,2.1240387238480483,2.13473916053772,17862237,0.0,0.0
601939.SS,2014-05-20 00:00:00+08:00,2.13473916053772,2.13473916053772,2.1240387238480483,2.13473916053772,11513263,0.0,0.0
601939.SS,2014-05-21 00:00:00+08:00,2.124038855839416,2.140089511871338,2.124038855839416,2.140089511871338,16742225,0.0,0.0
601939.SS,2014-05-22 00:00:00+08:00,2.1400895169556624,2.1507899543356985,2.1347392982656443,2.145439863204956,20933618,0.0,0.0
601939.SS,2014-05-23 00:00:00+08:00,2.1400893013991613,2.150789737701416,2.1400893013991613,2.150789737701416,13546135,0.0,0.0
601939.SS,2014-05-26 00:00:00+08:00,2.156140083411806,2.1614901740036707,2.145439647109552,2.150789737701416,15888572,0.0,0.0
601939.SS,2014-05-27 00:00:00+08:00,2.150789737701416,2.1614901740036707,2.145439647109552,2.150789737701416,17692129,0.0,0.0
601939.SS,2014-05-28 00:00:00+08:00,2.1507895569739235,2.172190427780152,2.1507895569739235,2.172190427780152,23229133,0.0,0.0
601939.SS,2014-05-29 00:00:00+08:00,2.172190643958442,2.1775409897517224,2.1668405532836914,2.1668405532836914,20898317,0.0,0.0
601939.SS,2014-05-30 00:00:00+08:00,2.1721903757776224,2.1721903757776224,2.145439415469512,2.156139850616455,26608682,0.0,0.0
601939.SS,2014-06-03 00:00:00+08:00,2.156140116815661,2.172190643958442,2.156140116815661,2.1668405532836914,30604013,0.0,0.0
601939.SS,2014-06-04 00:00:00+08:00,2.1668405197140608,2.1668405197140608,2.150789737701416,2.150789737701416,25937886,0.0,0.0
601939.SS,2014-06-05 00:00:00+08:00,2.156139908247858,2.182890869270995,2.150789562972128,2.177540779113769,31739128,0.0,0.0
601939.SS,2014-06-06 00:00:00+08:00,2.1775409897517224,2.188241426219753,2.1668405532836914,2.1668405532836914,29373561,0.0,0.0
601939.SS,2014-06-09 00:00:00+08:00,2.166840608301559,2.188241481781006,2.166840608301559,2.188241481781006,27529497,0.0,0.0
601939.SS,2014-06-10 00:00:00+08:00,2.1882413001565704,2.2149922622262763,2.177540864304985,2.209642171859741,43695523,0.0,0.0
601939.SS,2014-06-11 00:00:00+08:00,2.209642171859741,2.2256926980778617,2.198941736008156,2.209642171859741,30676347,0.0,0.0
601939.SS,2014-06-12 00:00:00+08:00,2.204291826374692,2.220342607711326,2.204291826374692,2.209642171859741,17549281,0.0,0.0
601939.SS,2014-06-13 00:00:00+08:00,2.209642222437924,2.231043094630956,2.204291876830406,2.225692749023437,31849693,0.0,0.0
601939.SS,2014-06-16 00:00:00+08:00,2.2256927826591126,2.241743564605713,2.220342692089262,2.241743564605713,33496639,0.0,0.0
601939.SS,2014-06-17 00:00:00+08:00,2.236393162531797,2.236393162531797,2.20964220011996,2.2203426361083984,30539459,0.0,0.0
601939.SS,2014-06-18 00:00:00+08:00,2.2203426303142964,2.2203426303142964,2.204291848814265,2.2149922847747803,20264196,0.0,0.0
601939.SS,2014-06-19 00:00:00+08:00,2.214992233621929,2.2203425790378843,2.1935913621951286,2.198941707611084,20700197,0.0,0.0
601939.SS,2014-06-20 00:00:00+08:00,2.198941758393266,2.2203426303142964,2.188241322432751,2.2149922847747803,19798508,0.0,0.0
601939.SS,2014-06-23 00:00:00+08:00,2.214992495925267,2.225692932905832,2.19894196801369,2.204292058944702,19144924,0.0,0.0
601939.SS,2014-06-24 00:00:00+08:00,2.204292058944702,2.209642404994255,2.193591621964137,2.204292058944702,13460970,0.0,0.0
601939.SS,2014-06-25 00:00:00+08:00,2.2042917919619995,2.2096421373635216,2.1882412659944546,2.193591356277466,13086252,0.0,0.0
601939.SS,2014-06-26 00:00:00+08:00,2.1935913621951286,2.2042917979085286,2.1935913621951286,2.198941707611084,15673223,0.0,0.0
601939.SS,2014-06-27 00:00:00+08:00,2.198941707611084,2.2042917979085286,2.1935913621951286,2.198941707611084,15880054,0.0,0.0
601939.SS,2014-06-30 00:00:00+08:00,2.198941736008156,2.2149922622262763,2.198941736008156,2.209642171859741,15108131,0.0,0.0
601939.SS,2014-07-01 00:00:00+08:00,2.2149922622262763,2.2149922622262763,2.198941736008156,2.209642171859741,13130394,0.0,0.0
601939.SS,2014-07-02 00:00:00+08:00,2.209642171859741,2.2149922622262763,2.198941736008156,2.209642171859741,13131139,0.0,0.0
601939.SS,2014-07-03 00:00:00+08:00,2.214991845205176,2.231042623519897,2.2096417558459125,2.231042623519897,24322159,0.0,0.0
601939.SS,2014-07-04 00:00:00+08:00,2.2310431283474874,2.241743564605713,2.2256927826591126,2.241743564605713,21845123,0.0,0.0
601939.SS,2014-07-07 00:00:00+08:00,2.24174311119584,2.2470932006835938,2.236392766589613,2.2470932006835938,27517445,0.0,0.0
601939.SS,2014-07-08 00:00:00+08:00,2.247093705272626,2.257794141769409,2.2363932687758434,2.257794141769409,33014178,0.0,0.0
601939.SS,2014-07-09 00:00:00+08:00,2.25244354528982,2.2631439793838,2.236392766589613,2.2470932006835938,43316085,0.0,0.0
601939.SS,2014-07-10 00:00:00+08:00,2.241332254172927,2.241332254172927,2.224046795031001,2.229808568954468,39011948,0.3,0.0
601939.SS,2014-07-11 00:00:00+08:00,2.2298082210755803,2.2586172235698627,2.2240464480510247,2.247093677520752,23922540,0.0,0.0
601939.SS,2014-07-14 00:00:00+08:00,2.247093677520752,2.2586172235698627,2.2355701314716407,2.247093677520752,26148757,0.0,0.0
601939.SS,2014-07-15 00:00:00+08:00,2.2528557155197166,2.2643792629241943,2.247093941817478,2.2643792629241943,28921807,0.0,0.0
601939.SS,2014-07-16 00:00:00+08:00,2.2586174892219555,2.270141036626433,2.2528557155197166,2.2643792629241943,23536871,0.0,0.0
601939.SS,2014-07-17 00:00:00+08:00,2.2643793254632207,2.2643793254632207,2.2470940038791074,2.2528557777404785,23360242,0.0,0.0
601939.SS,2014-07-18 00:00:00+08:00,2.247093677520752,2.2586172235698627,2.2413319044961963,2.247093677520752,25227847,0.0,0.0
601939.SS,2014-07-21 00:00:00+08:00,2.2413319044961963,2.247093677520752,2.2355701314716407,2.247093677520752,18214834,0.0,0.0
601939.SS,2014-07-22 00:00:00+08:00,2.2413319044961963,2.252855450545308,2.2355701314716407,2.247093677520752,23992814,0.0,0.0
601939.SS,2014-07-23 00:00:00+08:00,2.247093941817478,2.270141036626433,2.241332168115239,2.2643792629241943,37064132,0.0,0.0
601939.SS,2014-07-24 00:00:00+08:00,2.264378844235517,2.304711252693637,2.264378844235517,2.2989494800567627,49033627,0.0,0.0
601939.SS,2014-07-25 00:00:00+08:00,2.30471128162323,2.316234827041626,2.298949508914032,2.316234827041626,29603246,0.0,0.0
601939.SS,2014-07-28 00:00:00+08:00,2.3277588891445253,2.4141856363378382,2.3219972525279338,2.396900177001953,119084557,0.0,0.0
601939.SS,2014-07-29 00:00:00+08:00,2.396900177001953,2.4084237249781912,2.3853766290257155,2.396900177001953,50389261,0.0,0.0
601939.SS,2014-07-30 00:00:00+08:00,2.396899834871744,2.402661745408943,2.356567560083412,2.368091106414795,54030649,0.0,0.0
601939.SS,2014-07-31 00:00:00+08:00,2.36809098529821,2.3911380767822266,2.36809098529821,2.3911380767822266,35911076,0.0,0.0
601939.SS,2014-08-01 00:00:00+08:00,2.385376166539721,2.4199468037657463,2.3796145310402186,2.3911380767822266,62219764,0.0,0.0
601939.SS,2014-08-04 00:00:00+08:00,2.3968996518686643,2.408423197320225,2.391138016514381,2.4026615619659424,57818993,0.0,0.0
601939.SS,2014-08-05 00:00:00+08:00,2.40842342376709,2.414185334406119,2.391138241336044,2.40842342376709,38252323,0.0,0.0
601939.SS,2014-08-06 00:00:00+08:00,2.396899521386745,2.396899521386745,2.379614341521868,2.3853759765625,26906737,0.0,0.0
601939.SS,2014-08-07 00:00:00+08:00,2.3911380192061,2.3911380192061,2.3508054727087355,2.3565673828125,37814297,0.0,0.0
601939.SS,2014-08-08 00:00:00+08:00,2.3565673828125,2.368090928277033,2.345043837347967,2.3565673828125,30180571,0.0,0.0
601939.SS,2014-08-11 00:00:00+08:00,2.356567547762172,2.3796146403044367,2.356567547762172,2.373852729797364,25579635,0.0,0.0
601939.SS,2014-08-12 00:00:00+08:00,2.368091155269718,2.373852791182767,2.356567608700599,2.3623292446136475,32116442,0.0,0.0
601939.SS,2014-08-13 00:00:00+08:00,2.3565674995279737,2.3796145915985107,2.3565674995279737,2.3796145915985107,37464743,0.0,0.0
601939.SS,2014-08-14 00:00:00+08:00,2.373852791182767,2.379614701838838,2.356567608700599,2.3623292446136475,32645326,0.0,0.0
601939.SS,2014-08-15 00:00:00+08:00,2.3623291958775954,2.3796146527461777,2.3508056495462126,2.368091106414795,29531968,0.0,0.0
601939.SS,2014-08-18 00:00:00+08:00,2.368091106414795,2.3796146527461777,2.356567560083412,2.368091106414795,23592722,0.0,0.0
601939.SS,2014-08-19 00:00:00+08:00,2.368091155269718,2.373852791182767,2.350805698044528,2.3623292446136475,28651912,0.0,0.0
601939.SS,2014-08-20 00:00:00+08:00,2.362329018173269,2.368090928277033,2.3508054727087355,2.3565673828125,23277004,0.0,0.0
601939.SS,2014-08-21 00:00:00+08:00,2.356567443389537,2.356567443389537,2.327758441616153,2.345043897628784,32135265,0.0,0.0
601939.SS,2014-08-22 00:00:00+08:00,2.339281987376906,2.350805533137659,2.3335203518680308,2.345043897628784,23529400,0.0,0.0
601939.SS,2014-08-25 00:00:00+08:00,2.3450441981009207,2.3508058343480385,2.327758739873492,2.3335206508636475,22790069,0.0,0.0
601939.SS,2014-08-26 00:00:00+08:00,2.3335204001994274,2.345043946198854,2.32775848982821,2.3392820358276367,25638038,0.0,0.0
601939.SS,2014-08-27 00:00:00+08:00,2.339281857345547,2.339281857345547,2.327758312225342,2.327758312225342,13841384,0.0,0.0
601939.SS,2014-08-28 00:00:00+08:00,2.3277589149025744,2.33352082632598,2.298950044643192,2.3047118186950684,28261634,0.0,0.0
601939.SS,2014-08-29 00:00:00+08:00,2.310473191703925,2.321996737122322,2.2931877362048336,2.316234827041626,26352739,0.0,0.0
601939.SS,2014-09-01 00:00:00+08:00,2.31623531705282,2.321997228352477,2.304711769196559,2.310473680496216,36713107,0.0,0.0
601939.SS,2014-09-02 00:00:00+08:00,2.3162348958554,2.345043897628784,2.310473260346525,2.345043897628784,47688897,0.0,0.0
601939.SS,2014-09-03 00:00:00+08:00,2.33928210321483,2.3796146527461777,2.33928210321483,2.368091106414795,56326588,0.0,0.0
601939.SS,2014-09-04 00:00:00+08:00,2.373852681209372,2.3853762272446404,2.362329135174104,2.3796145915985107,38682405,0.0,0.0
601939.SS,2014-09-05 00:00:00+08:00,2.3853766290257155,2.4026620883616,2.379614992409124,2.396900177001953,38026459,0.0,0.0
601939.SS,2014-09-09 00:00:00+08:00,2.39689971228173,2.402661622524235,2.385376166539721,2.3911380767822266,24929619,0.0,0.0
601939.SS,2014-09-10 00:00:00+08:00,2.3796146527461777,2.385376288540361,2.3623291958775954,2.368091106414795,27180435,0.0,0.0
601939.SS,2014-09-11 00:00:00+08:00,2.373852742208978,2.3911381990775604,2.3623291958775954,2.368091106414795,40755396,0.0,0.0
601939.SS,2014-09-12 00:00:00+08:00,2.3680910455632422,2.3796145915985107,2.362329135174104,2.3796145915985107,28299978,0.0,0.0
601939.SS,2014-09-15 00:00:00+08:00,2.373852729797364,2.3796146403044367,2.362329183526231,2.373852729797364,36152765,0.0,0.0
601939.SS,2014-09-16 00:00:00+08:00,2.373852742208978,2.3911381990775604,2.3623291958775954,2.368091106414795,53928998,0.0,0.0
601939.SS,2014-09-17 00:00:00+08:00,2.373852742208978,2.3796146527461777,2.3623291958775954,2.368091106414795,35700266,0.0,0.0
601939.SS,2014-09-18 00:00:00+08:00,2.368091106414795,2.3796146527461777,2.3508056495462126,2.368091106414795,45791610,0.0,0.0
601939.SS,2014-09-19 00:00:00+08:00,2.3680910940333044,2.3796146403044367,2.362329183526231,2.373852729797364,32365992,0.0,0.0
601939.SS,2014-09-22 00:00:00+08:00,2.368091292575467,2.373852928822585,2.327758739873492,2.3335206508636475,35350037,0.0,0.0
601939.SS,2014-09-23 00:00:00+08:00,2.3335206508636475,2.362329381585312,2.327758739873492,2.3335206508636475,32287003,0.0,0.0
601939.SS,2014-09-24 00:00:00+08:00,2.33928210321483,2.373852742208978,2.327758556883447,2.368091106414795,58557088,0.0,0.0
601939.SS,2014-09-25 00:00:00+08:00,2.379614701838838,2.379614701838838,2.356567608700599,2.3623292446136475,43262158,0.0,0.0
601939.SS,2014-09-26 00:00:00+08:00,2.3623291958775954,2.3796146527461777,2.3450440137520294,2.368091106414795,23758334,0.0,0.0
601939.SS,2014-09-29 00:00:00+08:00,2.362329545887256,2.3738530939260016,2.3508059978485107,2.3508059978485107,48560923,0.0,0.0
601939.SS,2014-09-30 00:00:00+08:00,2.356567443389537,2.3623290788984126,2.339281987376906,2.345043897628784,51647060,0.0,0.0
601939.SS,2014-10-08 00:00:00+08:00,2.3565673828125,2.362329018173269,2.333520291883433,2.3565673828125,48330765,0.0,0.0
601939.SS,2014-10-09 00:00:00+08:00,2.3565673828125,2.362329018173269,2.3508054727087355,2.3565673828125,34185023,0.0,0.0
601939.SS,2014-10-10 00:00:00+08:00,2.350805533137659,2.356567443389537,2.339281987376906,2.345043897628784,35288639,0.0,0.0
601939.SS,2014-10-13 00:00:00+08:00,2.339281857345547,2.345043767277143,2.327758312225342,2.327758312225342,40715515,0.0,0.0
601939.SS,2014-10-14 00:00:00+08:00,2.32775848982821,2.345043946198854,2.32775848982821,2.3392820358276367,34180147,0.0,0.0
601939.SS,2014-10-15 00:00:00+08:00,2.3335204001994274,2.350805581827063,2.32775848982821,2.3392820358276367,28072280,0.0,0.0
601939.SS,2014-10-16 00:00:00+08:00,2.3335208131619214,2.3680914572781573,2.3335208131619214,2.3508059978485107,51949797,0.0,0.0
601939.SS,2014-10-17 00:00:00+08:00,2.345044361200667,2.362329545887256,2.3335208131619214,2.3508059978485107,36248686,0.0,0.0
601939.SS,2014-10-20 00:00:00+08:00,2.362329018173269,2.362329018173269,2.3392819272442025,2.3565673828125,24938465,0.0,0.0
601939.SS,2014-10-21 00:00:00+08:00,2.350805581827063,2.350805581827063,2.3335204001994274,2.3392820358276367,25470076,0.0,0.0
601939.SS,2014-10-22 00:00:00+08:00,2.3392820358276367,2.345043946198854,2.3335204001994274,2.3392820358276367,27444875,0.0,0.0
601939.SS,2014-10-23 00:00:00+08:00,2.3392820358276367,2.345043946198854,2.3335204001994274,2.3392820358276367,32288384,0.0,0.0
601939.SS,2014-10-24 00:00:00+08:00,2.3335206508636475,2.339282287110765,2.3219971036263742,2.3335206508636475,31347804,0.0,0.0
601939.SS,2014-10-27 00:00:00+08:00,2.327758343241134,2.327758343241134,2.2931877074198885,2.2989494800567627,39815353,0.0,0.0
601939.SS,2014-10-28 00:00:00+08:00,2.298949449424829,2.327758312225342,2.298949449424829,2.327758312225342,39928669,0.0,0.0
601939.SS,2014-10-29 00:00:00+08:00,2.327758441616153,2.350805533137659,2.3219968061072778,2.345043897628784,58820442,0.0,0.0
601939.SS,2014-10-30 00:00:00+08:00,2.3392819272442025,2.368090928277033,2.327758381779669,2.3565673828125,87453779,0.0,0.0
601939.SS,2014-10-31 00:00:00+08:00,2.362329237626938,2.442994063372203,2.3565676017309296,2.40842342376709,196405285,0.0,0.0
601939.SS,2014-11-03 00:00:00+08:00,2.4084230662109896,2.4084230662109896,2.3853759765625,2.3853759765625,91174134,0.0,0.0
601939.SS,2014-11-04 00:00:00+08:00,2.3853766290257155,2.396900177001953,2.3738530810494773,2.396900177001953,74610892,0.0,0.0
601939.SS,2014-11-05 00:00:00+08:00,2.396899773279909,2.402661683669048,2.373852681209372,2.3796145915985107,63821731,0.0,0.0
601939.SS,2014-11-06 00:00:00+08:00,2.3853762272446404,2.3911381376337792,2.3680910455632422,2.3796145915985107,31443623,0.0,0.0
601939.SS,2014-11-07 00:00:00+08:00,2.379614341521868,2.414184975994602,2.368090796697623,2.3853759765625,78632006,0.0,0.0
601939.SS,2014-11-10 00:00:00+08:00,2.3968995803171,2.425708580457502,2.391137945134812,2.4199466705322266,163740321,0.0,0.0
601939.SS,2014-11-11 00:00:00+08:00,2.442994014233284,2.563991387788925,2.4372323784531664,2.5006120204925537,495464251,0.0,0.0
601939.SS,2014-11-12 00:00:00+08:00,2.471803364006964,2.489088823257449,2.448756268168353,2.483326911926269,155601929,0.0,0.0
601939.SS,2014-11-13 00:00:00+08:00,2.489088357469424,2.529420630268008,2.477564811706543,2.477564811706543,143398079,0.0,0.0
601939.SS,2014-11-14 00:00:00+08:00,2.4833264911584725,2.523659039413736,2.460279399224896,2.517897129058838,114639111,0.0,0.0
601939.SS,2014-11-17 00:00:00+08:00,2.540944716013226,2.5524682642250047,2.466041790008195,2.4718034267425537,129639566,0.0,0.0
601939.SS,2014-11-18 00:00:00+08:00,2.471802760887756,2.477564670813031,2.4141850353499383,2.4199466705322266,117341122,0.0,0.0
601939.SS,2014-11-19 00:00:00+08:00,2.4141855239868164,2.4257090714267733,2.4026619765468595,2.4141855239868164,66299285,0.0,0.0
601939.SS,2014-11-20 00:00:00+08:00,2.408423197320225,2.414185107417503,2.385376106417103,2.4026615619659424,80702690,0.0,0.0
601939.SS,2014-11-21 00:00:00+08:00,2.402661902215982,2.442994179636554,2.391138355132528,2.4314706325531006,88009624,0.0,0.0
601939.SS,2014-11-24 00:00:00+08:00,2.414185388129644,2.4660414860627924,2.3968999305709184,2.4429941177368164,169992628,0.0,0.0
601939.SS,2014-11-25 00:00:00+08:00,2.4487558700823806,2.471802962174303,2.43723232403642,2.466041326522827,114489754,0.0,0.0
601939.SS,2014-11-26 00:00:00+08:00,2.466041134802777,2.512135315403074,2.460279224856246,2.506373405456543,164188083,0.0,0.0
601939.SS,2014-11-27 00:00:00+08:00,2.5294206142425537,2.558229615838736,2.4890883416995,2.5294206142425537,190970061,0.0,0.0
601939.SS,2014-11-28 00:00:00+08:00,2.529420834756229,2.725321403305581,2.529420834756229,2.708035945892334,568449197,0.0,0.0
601939.SS,2014-12-01 00:00:00+08:00,2.759892225265503,2.852080604896621,2.696512576897588,2.759892225265503,495214336,0.0,0.0
601939.SS,2014-12-02 00:00:00+08:00,2.725321180555547,2.9846010973612263,2.708035724555101,2.9212217330932617,422710153,0.0,0.0
601939.SS,2014-12-03 00:00:00+08:00,2.944269497255279,2.996125327617754,2.811748553452394,2.8463191986083984,489612275,0.0,0.0
601939.SS,2014-12-04 00:00:00+08:00,2.8578422490778403,2.996124805609179,2.8290332457623024,2.9846012592315674,379679708,0.0,0.0
601939.SS,2014-12-05 00:00:00+08:00,3.007648608392186,3.28421401977539,2.9846015136721724,3.28421401977539,976290099,0.0,0.0
601939.SS,2014-12-08 00:00:00+08:00,3.2784515897878146,3.5492550245607952,3.186263233225604,3.520446300506592,1025226661,0.0,0.0
601939.SS,2014-12-09 00:00:00+08:00,3.405210982496142,3.549255444019573,3.1689781535154777,3.180501699447632,993888845,0.0,0.0
601939.SS,2014-12-10 00:00:00+08:00,3.145931401221656,3.307261061685669,2.978839829798124,3.249643325805664,619936547,0.0,0.0
601939.SS,2014-12-11 00:00:00+08:00,3.1401695712070183,3.2726905045185704,3.1113608398959247,3.1459314823150635,376864280,0.0,0.0
601939.SS,2014-12-12 00:00:00+08:00,3.140169394754011,3.2150725864913574,3.105598754277473,3.134407758712769,300785533,0.0,0.0
601939.SS,2014-12-15 00:00:00+08:00,3.111360618861606,3.111360618861606,2.996124877574569,3.0537428855896,257781076,0.0,0.0
601939.SS,2014-12-16 00:00:00+08:00,3.0940753015581333,3.2611668729816654,3.0940753015581333,3.249643325805664,452919812,0.0,0.0
601939.SS,2014-12-17 00:00:00+08:00,3.261166633858111,3.5031613815530127,3.2035489022029005,3.4224965572357178,760645595,0.0,0.0
601939.SS,2014-12-18 00:00:00+08:00,3.45130511417629,3.4570670244269763,3.2842135633084264,3.318784475326538,440898335,0.0,0.0
601939.SS,2014-12-19 00:00:00+08:00,3.3187848658218866,3.5434941719213784,3.289975860664731,3.5089235305786133,687334681,0.0,0.0
601939.SS,2014-12-22 00:00:00+08:00,3.531970259709309,3.860391455888379,3.48011416568398,3.797012090682984,1079410516,0.0,0.0
601939.SS,2014-12-23 00:00:00+08:00,3.6011116018284954,3.860391527262942,3.578064509556234,3.6068735122680655,576243039,0.0,0.0
601939.SS,2014-12-24 00:00:00+08:00,3.606873637934576,3.641444277547439,3.359116975261198,3.410973072052002,449370912,0.0,0.0
601939.SS,2014-12-25 00:00:00+08:00,3.5031611463865864,3.658729148783919,3.4282579628915384,3.641443967819214,492375025,0.0,0.0
601939.SS,2014-12-26 00:00:00+08:00,3.65872961002546,3.7451563499734535,3.59534996409786,3.733632802963257,502345722,0.0,0.0
601939.SS,2014-12-29 00:00:00+08:00,3.889200769312128,3.946818503538516,3.595349912643002,3.6990621089935294,559057674,0.0,0.0
601939.SS,2014-12-30 00:00:00+08:00,3.693300194504816,3.843106578086598,3.629920824290704,3.785488843917847,435125445,0.0,0.0
601939.SS,2014-12-31 00:00:00+08:00,3.7854885951933617,3.95258015067555,3.699061862247365,3.877676963806152,545692703,0.0,0.0
601939.SS,2015-01-05 00:00:00+08:00,3.969865213130897,4.044768397749575,3.843106210097213,3.987150669097901,560424422,0.0,0.0
601939.SS,2015-01-06 00:00:00+08:00,3.912248023250448,4.160004427943669,3.889200928615871,3.929533481597901,543074500,0.0,0.0
601939.SS,2015-01-07 00:00:00+08:00,3.854629457144067,3.91224718133112,3.756679188654587,3.820058822631836,460664820,0.0,0.0
601939.SS,2015-01-08 00:00:00+08:00,3.837344166363358,3.8603912570222434,3.629920350433388,3.658729076385498,427247005,0.0,0.0
601939.SS,2015-01-09 00:00:00+08:00,3.658729382287446,3.900724129181626,3.583826194012006,3.6875383853912354,622373545,0.0,0.0
601939.SS,2015-01-12 00:00:00+08:00,3.629920413241925,3.6760145953572647,3.5434936844041656,3.60111141204834,352671257,0.0,0.0
601939.SS,2015-01-13 00:00:00+08:00,3.583826667161789,3.61839758534772,3.543494387183289,3.560779571533203,192796660,0.0,0.0
601939.SS,2015-01-14 00:00:00+08:00,3.5723028749979715,3.6875386200017,3.5723028749979715,3.647206068038941,264415859,0.0,0.0
601939.SS,2015-01-15 00:00:00+08:00,3.647205375517307,3.773964643478394,3.612634741003278,3.7739646434783936,287371333,0.0,0.0
601939.SS,2015-01-16 00:00:00+08:00,3.791250520400165,3.8661537129899632,3.7451563325735298,3.8258211612701416,437158563,0.0,0.0
601939.SS,2015-01-19 00:00:00+08:00,3.4858753520734425,3.618396240038456,3.445542812347412,3.445542812347412,449668565,0.0,0.0
601939.SS,2015-01-20 00:00:00+08:00,3.4282581930297304,3.508923292090042,3.3418317329184224,3.4224965572357178,333036763,0.0,0.0
601939.SS,2015-01-21 00:00:00+08:00,3.445543352483534,3.6472055332410953,3.387925625801801,3.612634897232056,434252817,0.0,0.0
601939.SS,2015-01-22 00:00:00+08:00,3.6011120631190905,3.641444617133521,3.514685318655623,3.572303056716919,288012194,0.0,0.0
601939.SS,2015-01-23 00:00:00+08:00,3.606873443846239,3.658729263103624,3.555017349845847,3.578064441680908,337249697,0.0,0.0
601939.SS,2015-01-26 00:00:00+08:00,3.560779168523333,3.5723027150333886,3.4916378894630014,3.5434939861297607,212521104,0.0,0.0
601939.SS,2015-01-27 00:00:00+08:00,3.5434939247791872,3.5550174710897284,3.4052110943096743,3.46859073638916,273892978,0.0,0.0
601939.SS,2015-01-28 00:00:00+08:00,3.439781188964844,3.4858756416565018,3.4109724651184017,3.439781188964844,146144450,0.0,0.0
601939.SS,2015-01-29 00:00:00+08:00,3.3706408810827133,3.4109734356350305,3.347593785550832,3.3879263401031494,169687290,0.0,0.0
601939.SS,2015-01-30 00:00:00+08:00,3.399449039036825,3.422496128813917,3.353354859482642,3.3706400394439697,127561918,0.0,0.0
601939.SS,2015-02-02 00:00:00+08:00,3.2957369213368053,3.3360694665652004,3.26116628603089,3.266928195953369,151926454,0.0,0.0
601939.SS,2015-02-03 00:00:00+08:00,3.295737212582209,3.3533552179267785,3.261166574221275,3.347593307495117,140359555,0.0,0.0
601939.SS,2015-02-04 00:00:00+08:00,3.353355515415179,3.3994497039856086,3.289975868759321,3.2957375049591064,126518481,0.0,0.0
601939.SS,2015-02-05 00:00:00+08:00,3.462829360676236,3.474352907852237,3.243881689589182,3.249643325805664,315113919,0.0,0.0
601939.SS,2015-02-06 00:00:00+08:00,3.226595508259517,3.249642597445851,3.128645241846109,3.1632158756256104,168258510,0.0,0.0
601939.SS,2015-02-09 00:00:00+08:00,3.145931061651169,3.2150723372440946,3.082551421652818,3.180501699447632,166110575,0.0,0.0
601939.SS,2015-02-10 00:00:00+08:00,3.1574548968957474,3.2381197258120133,3.145931349907709,3.215072631835937,177713628,0.0,0.0
601939.SS,2015-02-11 00:00:00+08:00,3.215072215310179,3.226595760805295,3.180501578824833,3.2035486698150635,91970129,0.0,0.0
601939.SS,2015-02-12 00:00:00+08:00,3.2035489696234887,3.2093108802817807,3.140169326097386,3.1920254230499268,108796960,0.0,0.0
601939.SS,2015-02-13 00:00:00+08:00,3.1977869265870065,3.261166287301043,3.1920250166622828,3.2208340167999268,217337917,0.0,0.0
601939.SS,2015-02-16 00:00:00+08:00,3.220834542701472,3.2265961788239754,3.1862639017373584,3.215072631835937,116570499,0.0,0.0
601939.SS,2015-02-17 00:00:00+08:00,3.21507233268526,3.255404880762113,3.209310697098856,3.226595878601074,140727169,0.0,0.0
601939.SS,2015-02-25 00:00:00+08:00,3.2323579734289045,3.238119609344175,3.1805018764763644,3.1920254230499268,110447334,0.0,0.0
601939.SS,2015-02-26 00:00:00+08:00,3.180501690555039,3.278451968075987,3.1689781446551044,3.2726900577545166,209655624,0.0,0.0
601939.SS,2015-02-27 00:00:00+08:00,3.272690247319025,3.301499251109073,3.2496431541841955,3.278452157974243,152959393,0.0,0.0
601939.SS,2015-03-02 00:00:00+08:00,3.2957374559031964,3.30726100287428,3.2611668149899464,3.301499366760254,196250543,0.0,0.0
601939.SS,2015-03-03 00:00:00+08:00,3.284214054304282,3.284214054304282,3.1747404906047767,3.186264038085937,233305501,0.0,0.0
601939.SS,2015-03-04 00:00:00+08:00,3.180502238988084,3.1920257868750923,3.151693231899034,3.168978691101074,152305376,0.0,0.0
601939.SS,2015-03-05 00:00:00+08:00,3.151692268693872,3.157454178247976,3.0710274581372032,3.0825510025024414,194192302,0.0,0.0
601939.SS,2015-03-06 00:00:00+08:00,3.082552068263989,3.117122713312159,3.076790431460826,3.105599164962769,133349719,0.0,0.0
601939.SS,2015-03-09 00:00:00+08:00,3.1401695404037846,3.295737567135397,3.0825518036037507,3.28421401977539,384317339,0.0,0.0
601939.SS,2015-03-10 00:00:00+08:00,3.2554054384314,3.2554054384314,3.2035493355554903,3.209311246871948,213275313,0.0,0.0
601939.SS,2015-03-11 00:00:00+08:00,3.22083459523718,3.295737514509668,3.2150726842776614,3.249643325805664,196386888,0.0,0.0
601939.SS,2015-03-12 00:00:00+08:00,3.3130223265112964,3.4224961407043057,3.272689781889772,3.3648784160614014,421032321,0.0,0.0
601939.SS,2015-03-13 00:00:00+08:00,3.3648787640470896,3.439781676457609,3.318784579565844,3.347593307495117,290661769,0.0,0.0
601939.SS,2015-03-16 00:00:00+08:00,3.370639979942564,3.3936870693128083,3.336069345887196,3.382163524627685,231668877,0.0,0.0
601939.SS,2015-03-17 00:00:00+08:00,3.405210911324688,3.4282580027072944,3.376402184467929,3.416734457015991,278658113,0.0,0.0
601939.SS,2015-03-18 00:00:00+08:00,3.4224960342877555,3.5262079354202425,3.4167341246311302,3.520446300506592,354822328,0.0,0.0
601939.SS,2015-03-19 00:00:00+08:00,3.520446770322854,3.526208406005416,3.457067129356606,3.480114221572876,260253913,0.0,0.0
601939.SS,2015-03-20 00:00:00+08:00,3.468590212568861,3.5723021137013475,3.45130475834196,3.520446300506592,363078174,0.0,0.0
601939.SS,2015-03-23 00:00:00+08:00,3.5492560237189097,3.5780650306261683,3.531970839368996,3.560779571533203,291882573,0.0,0.0
601939.SS,2015-03-24 00:00:00+08:00,3.560778737723218,3.618396738045612,3.508922922073245,3.537731647491455,344850158,0.0,0.0
601939.SS,2015-03-25 00:00:00+08:00,3.5319695261929343,3.537731160586396,3.434019268817539,3.445542812347412,330104169,0.0,0.0
601939.SS,2015-03-26 00:00:00+08:00,3.416733816151255,3.4973988956033155,3.376401551168174,3.445542812347412,247619330,0.0,0.0
601939.SS,2015-03-27 00:00:00+08:00,3.445544229478268,3.485876785792827,3.4167352214331457,3.451305866241455,233324089,0.0,0.0
601939.SS,2015-03-30 00:00:00+08:00,3.468591140900166,3.56654143333435,3.468591140900166,3.5665414333343506,420170375,0.0,0.0
601939.SS,2015-03-31 00:00:00+08:00,3.618397352354717,3.647206082663895,3.491638059816626,3.5146851539611816,488651728,0.0,0.0
601939.SS,2015-04-01 00:00:00+08:00,3.514684982483112,3.560779168523333,3.5031614359730567,3.5434939861297607,273863918,0.0,0.0
601939.SS,2015-04-02 00:00:00+08:00,3.5550169342174205,3.566540478787697,3.4801137571391374,3.520446300506592,269380341,0.0,0.0
601939.SS,2015-04-03 00:00:00+08:00,3.497399199929164,3.531969833526943,3.480113745758788,3.52620792388916,227171123,0.0,0.0
601939.SS,2015-04-07 00:00:00+08:00,3.5895882317455765,3.6241588718495032,3.549255680919482,3.618397235870361,472945450,0.0,0.0
601939.SS,2015-04-08 00:00:00+08:00,3.61839699289521,3.6644911766052246,3.566540898849941,3.6644911766052246,515149061,0.0,0.0
601939.SS,2015-04-09 00:00:00+08:00,3.6702532276386446,3.7566799692491903,3.629920949698618,3.676015138626098,601995256,0.0,0.0
601939.SS,2015-04-10 00:00:00+08:00,3.676014820999778,3.750918008906438,3.652967728527423,3.739394187927246,448693778,0.0,0.0
601939.SS,2015-04-13 00:00:00+08:00,3.831582822972602,4.056292111387319,3.825820912497423,4.004436016082764,919385298,0.0,0.0
601939.SS,2015-04-14 00:00:00+08:00,3.9698657368832513,4.033245384133398,3.9007244533792935,3.981389284133911,509769907,0.0,0.0
601939.SS,2015-04-15 00:00:00+08:00,3.969865324268792,4.206098430468596,3.9352946861099687,4.0562920570373535,669684078,0.0,0.0
601939.SS,2015-04-16 00:00:00+08:00,4.03900686547977,4.154242325728162,3.992912406637404,4.148480415344238,482366288,0.0,0.0
601939.SS,2015-04-17 00:00:00+08:00,4.20609794852502,4.252192127455215,4.085100591461767,4.142718315124512,578246947,0.0,0.0
601939.SS,2015-04-20 00:00:00+08:00,4.15424247484646,4.177289567723423,3.9237712713338047,3.941056728363037,730506725,0.0,0.0
601939.SS,2015-04-21 00:00:00+08:00,3.946818642381932,3.9929128313845705,3.8603919006304657,3.981389284133911,435080235,0.0,0.0
601939.SS,2015-04-22 00:00:00+08:00,3.992912536895736,4.044768633070686,3.964103808265333,4.033245086669922,427168860,0.0,0.0
601939.SS,2015-04-23 00:00:00+08:00,4.03324539719118,4.044768944479149,3.964104113463376,3.975627660751343,346143836,0.0,0.0
601939.SS,2015-04-24 00:00:00+08:00,3.918010057388281,3.94105715274702,3.802774305851538,3.8661539554595934,393550835,0.0,0.0
601939.SS,2015-04-27 00:00:00+08:00,3.8776773617917817,4.021721839904785,3.8776773617917817,4.021721839904785,502634206,0.0,0.0
601939.SS,2015-04-28 00:00:00+08:00,4.044767977341795,4.292524322164033,4.021720888276609,4.1139092445373535,849528773,0.0,0.0
601939.SS,2015-04-29 00:00:00+08:00,4.079339576201379,4.079339576201379,3.9756276508675104,4.021721839904785,385056809,0.0,0.0
601939.SS,2015-04-30 00:00:00+08:00,4.02748268997749,4.033244599853914,3.941056239775008,3.9468178749084473,308800764,0.0,0.0
601939.SS,2015-05-04 00:00:00+08:00,3.946818655159905,3.981389297023808,3.906486377023538,3.975627660751343,214618358,0.0,0.0
601939.SS,2015-05-05 00:00:00+08:00,3.969864905724557,3.969864905724557,3.756679188849889,3.7739646434783936,351392629,0.0,0.0
601939.SS,2015-05-06 00:00:00+08:00,3.773964571810666,3.9007235626216135,3.681775940114273,3.7451555728912354,300122306,0.0,0.0
601939.SS,2015-05-07 00:00:00+08:00,3.739394740116434,3.7739656586730006,3.6644918158920174,3.681777000427246,217198145,0.0,0.0
601939.SS,2015-05-08 00:00:00+08:00,3.710585520477687,3.745156159752393,3.67025297061902,3.7278707027435294,193567537,0.0,0.0
601939.SS,2015-05-11 00:00:00+08:00,3.727870883321226,3.7912505290998006,3.67025314840572,3.779726982116699,276924064,0.0,0.0
601939.SS,2015-05-12 00:00:00+08:00,3.785488544759911,3.8142972721960886,3.7451559966576538,3.797012090682984,251905106,0.0,0.0
601939.SS,2015-05-13 00:00:00+08:00,3.820059463668639,3.918009748594967,3.779726912598084,3.8373446464538574,373064076,0.0,0.0
601939.SS,2015-05-14 00:00:00+08:00,3.8719154748889495,3.8834390222199895,3.7739654599466297,3.80277419090271,247534296,0.0,0.0
601939.SS,2015-05-15 00:00:00+08:00,3.779726923985789,3.8085359283719855,3.681776638764352,3.704823732376098,215361577,0.0,0.0
601939.SS,2015-05-18 00:00:00+08:00,3.6702527431502094,3.704823380282356,3.6299204705342096,3.6356821060180655,171737901,0.0,0.0
601939.SS,2015-05-19 00:00:00+08:00,3.629920126699464,3.768202662129589,3.6183965820802872,3.7451555728912354,212701049,0.0,0.0
601939.SS,2015-05-20 00:00:00+08:00,3.75667964465302,3.797012193851148,3.7163470954548914,3.739394187927246,259145815,0.0,0.0
601939.SS,2015-05-21 00:00:00+08:00,3.745156098416842,3.750918008906438,3.704823549218714,3.739394187927246,193843466,0.0,0.0
601939.SS,2015-05-22 00:00:00+08:00,3.768202850281678,3.8488676666436334,3.756679305087113,3.843106031417847,310996989,0.0,0.0
601939.SS,2015-05-25 00:00:00+08:00,3.8661540555331424,3.9410572547594014,3.860392144172789,3.935295343399048,329007322,0.0,0.0
601939.SS,2015-05-26 00:00:00+08:00,3.958341419918311,3.9698649649281736,3.889200149859131,3.9468178749084473,310743052,0.0,0.0
601939.SS,2015-05-27 00:00:00+08:00,3.9468183708991296,3.958341917357139,3.860391635092546,3.8949625492095934,364372655,0.0,0.0
601939.SS,2015-05-28 00:00:00+08:00,3.883438549227793,3.912247551418055,3.652967630677721,3.6644911766052246,471497552,0.0,0.0
601939.SS,2015-05-29 00:00:00+08:00,3.6472059451309033,3.84310651271542,3.5607792079763785,3.670253038406372,439071805,0.0,0.0
601939.SS,2015-06-01 00:00:00+08:00,3.6875386607608736,3.8719154152159447,3.64720610835231,3.8546302318573,465722976,0.0,0.0
601939.SS,2015-06-02 00:00:00+08:00,3.8431067337773777,3.877677375679144,3.791250633553208,3.848868370056152,361730478,0.0,0.0
601939.SS,2015-06-03 00:00:00+08:00,3.860391752722636,3.87191529953178,3.7797269250586254,3.831583023071289,364973327,0.0,0.0
601939.SS,2015-06-04 00:00:00+08:00,3.84886784559088,4.021721306288905,3.808535572906208,3.987150669097901,691681219,0.0,0.0
601939.SS,2015-06-05 00:00:00+08:00,4.062053477319191,4.0908622016040574,3.906485487003386,3.969864845275879,507047756,0.0,0.0
601939.SS,2015-06-08 00:00:00+08:00,3.969865928593423,4.252193261983107,3.9525807442542273,4.246431350708008,925497813,0.0,0.0
601939.SS,2015-06-09 00:00:00+08:00,4.269478049296257,4.298287053506653,4.108148394998516,4.183051586151123,682785594,0.0,0.0
601939.SS,2015-06-10 00:00:00+08:00,4.13695699134154,4.17152763043574,4.10238635224734,4.125433444976807,363601076,0.0,0.0
601939.SS,2015-06-11 00:00:00+08:00,4.125433222495466,4.148480313982021,4.033244856549244,4.073577404022217,317523871,0.0,0.0
601939.SS,2015-06-12 00:00:00+08:00,4.067815373511708,4.096624374389648,4.033244737303976,4.096624374389648,323189999,0.0,0.0
601939.SS,2015-06-15 00:00:00+08:00,4.0966250446465216,4.102386680918986,3.964104113463376,3.975627660751343,353735200,0.0,0.0
601939.SS,2015-06-16 00:00:00+08:00,3.9468183642107686,4.027483189280141,3.871915174989127,3.941056728363037,322592822,0.0,0.0
601939.SS,2015-06-17 00:00:00+08:00,4.050530543642577,4.073577636444107,3.946818351292677,4.033245086669922,432662539,0.0,0.0
601939.SS,2015-06-18 00:00:00+08:00,4.004435589606568,4.010197499468098,3.8315824149054336,3.860391139984131,297855308,0.0,0.0
601939.SS,2015-06-19 00:00:00+08:00,3.8258214870217415,3.889201138051375,3.670253452489409,3.681777000427246,289798217,0.0,0.0
601939.SS,2015-06-23 00:00:00+08:00,3.69906226492335,3.8085361019397497,3.62992098093711,3.80277419090271,247098715,0.0,0.0
601939.SS,2015-06-24 00:00:00+08:00,3.83158348595175,3.918010234832764,3.802774478077058,3.918010234832764,300017348,0.0,0.0
601939.SS,2015-06-25 00:00:00+08:00,4.010197684469689,4.021721229981378,3.8603913180747367,3.871914863586426,403461622,0.0,0.0
601939.SS,2015-06-26 00:00:00+08:00,3.8085359959010536,3.9122479189928265,3.6011118749744746,3.733632802963257,411035651,0.0,0.0
601939.SS,2015-06-29 00:00:00+08:00,3.814297437667847,3.906486083794759,3.5146849559271733,3.814297437667847,435062816,0.0,0.0
601939.SS,2015-06-30 00:00:00+08:00,3.82005961908641,4.113910211077576,3.773965430126466,4.108148574829102,630876620,0.0,0.0
601939.SS,2015-07-01 00:00:00+08:00,4.060623596745631,4.060623596745631,3.8681198562995807,3.874135732650757,497761401,0.301,0.0
601939.SS,2015-07-02 00:00:00+08:00,3.910230844065199,4.150860491839776,3.657569728244534,4.024529933929443,778520005,0.0,0.0
601939.SS,2015-07-03 00:00:00+08:00,3.91624620188754,4.048592332834157,3.735773918289365,3.783899784088135,425138865,0.0,0.0
601939.SS,2015-07-06 00:00:00+08:00,4.084686756134033,4.090702632820547,3.916246224850677,4.084686756134033,864856428,0.0,0.0
601939.SS,2015-07-07 00:00:00+08:00,4.000466371569229,4.493756771087647,3.970387562736397,4.493756771087647,1805439961,0.0,0.0
601939.SS,2015-07-08 00:00:00+08:00,4.211017378064933,4.481725523342275,4.042576556727107,4.114765644073486,1396457766,0.0,0.0
601939.SS,2015-07-09 00:00:00+08:00,4.114766039930089,4.469694486595453,3.8260105233235415,4.235080718994141,875889325,0.0,0.0
601939.SS,2015-07-10 00:00:00+08:00,4.126796465893053,4.49977216367464,4.018512995222253,4.283205509185791,830256090,0.0,0.0
601939.SS,2015-07-13 00:00:00+08:00,4.180939153937269,4.235080905324573,4.048593001143991,4.108750343322754,551504605,0.0,0.0
601939.SS,2015-07-14 00:00:00+08:00,4.018513292085534,4.10273383924069,3.916245976573309,4.030544757843018,471193259,0.0,0.0
601939.SS,2015-07-15 00:00:00+08:00,3.9884356882123946,4.120781841976166,3.964372751164437,4.066640377044678,359473648,0.0,0.0
601939.SS,2015-07-16 00:00:00+08:00,4.06663964394055,4.126796975715721,3.9282776374312647,4.012497901916504,351583528,0.0,0.0
601939.SS,2015-07-17 00:00:00+08:00,4.012498001081199,4.042576524285751,3.9703877243714754,4.006482124328613,292984455,0.0,0.0
601939.SS,2015-07-20 00:00:00+08:00,4.006481997056802,4.018513463326984,3.952340542267375,3.9764034748077393,229031224,0.0,0.0
601939.SS,2015-07-21 00:00:00+08:00,3.9523403342583343,3.9824188549243855,3.898198595465568,3.916245937347412,249551706,0.0,0.0
601939.SS,2015-07-22 00:00:00+08:00,3.898198514795953,3.916245856304325,3.868119707899588,3.886167049407959,196061844,0.0,0.0
601939.SS,2015-07-23 00:00:00+08:00,3.892183280392559,3.934293559619778,3.8801518130208974,3.928277969360352,177654298,0.0,0.0
601939.SS,2015-07-24 00:00:00+08:00,3.934292910959935,3.940308787080313,3.880151173287581,3.886167049407959,181056033,0.0,0.0
601939.SS,2015-07-27 00:00:00+08:00,3.856088390496685,3.880151322196136,3.5071755940018727,3.591395854949951,289089333,0.0,0.0
601939.SS,2015-07-28 00:00:00+08:00,3.525222841325578,3.71772628974018,3.513191375799665,3.6936633586883545,321648726,0.0,0.0
601939.SS,2015-07-29 00:00:00+08:00,3.6876477693517806,3.6996792348776935,3.657568962110617,3.6936633586883545,134501443,0.0,0.0
601939.SS,2015-07-30 00:00:00+08:00,3.693663872481283,3.693663872481283,3.597412134885254,3.6335065364837646,178177486,0.0,0.0
601939.SS,2015-07-31 00:00:00+08:00,3.597412134885254,3.657569470882773,3.5613177332867427,3.6335065364837646,187874495,0.0,0.0
601939.SS,2015-08-03 00:00:00+08:00,3.609443409328645,3.747805418160355,3.5793645995097907,3.7237424850463854,201774934,0.0,0.0
601939.SS,2015-08-04 00:00:00+08:00,3.699679501658363,3.729758024215698,3.675616568871381,3.729758024215698,96232791,0.0,0.0
601939.SS,2015-08-05 00:00:00+08:00,3.711711549026464,3.7177271397384057,3.6274912710894704,3.645538330078125,67253227,0.0,0.0
601939.SS,2015-08-06 00:00:00+08:00,3.621474742889404,3.66960060734995,3.6034274002903097,3.621474742889404,68990247,0.0,0.0
601939.SS,2015-08-07 00:00:00+08:00,3.6214753935246975,3.663585675919611,3.609443925247985,3.645538330078125,71245795,0.0,0.0
601939.SS,2015-08-10 00:00:00+08:00,3.645537956128714,3.7237426353317424,3.60944355500104,3.711711168289185,143018964,0.0,0.0
601939.SS,2015-08-11 00:00:00+08:00,3.699679294481117,3.705694883914605,3.6515534316021374,3.669600486755371,113079384,0.0,0.0
601939.SS,2015-08-12 00:00:00+08:00,3.627490430791171,3.6455374855992746,3.6094430891303033,3.6154589653015137,85472165,0.0,0.0
601939.SS,2015-08-13 00:00:00+08:00,3.609443276774268,3.645537675119677,3.579364468060037,3.621474742889404,85321911,0.0,0.0
601939.SS,2015-08-14 00:00:00+08:00,3.60944328662611,3.627490629274464,3.5974118204781345,3.603427410125733,85531710,0.0,0.0
601939.SS,2015-08-17 00:00:00+08:00,3.60342762200177,3.60342762200177,3.537254697723426,3.567333221435547,104891837,0.0,0.0
601939.SS,2015-08-18 00:00:00+08:00,3.56131756035099,3.60342755007801,3.4169396741150573,3.441002607345581,140052878,0.0,0.0
601939.SS,2015-08-19 00:00:00+08:00,3.434986890163456,3.465065699013284,3.308656351958632,3.410923957824707,156821906,0.0,0.0
601939.SS,2015-08-20 00:00:00+08:00,3.428971327906733,3.441002795178754,3.362798401337024,3.368813991546631,91331958,0.0,0.0
601939.SS,2015-08-21 00:00:00+08:00,3.332719779620308,3.39287711940802,3.2785780303849554,3.2966253757476807,137012469,0.0,0.0
601939.SS,2015-08-24 00:00:00+08:00,3.218420624537547,3.248499437240432,2.965759515762329,2.965759515762329,274608620,0.0,0.0
601939.SS,2015-08-25 00:00:00+08:00,2.8514603181524736,3.0199011464005583,2.749192990017457,2.767240047454834,223828288,0.0,0.0
601939.SS,2015-08-26 00:00:00+08:00,2.827397203700187,2.941696278655255,2.7431769383632694,2.9116177558898926,243966500,0.0,0.0
601939.SS,2015-08-27 00:00:00+08:00,2.953727877332546,3.11615282546411,2.8574761412109675,3.092089891433716,195921407,0.0,0.0
601939.SS,2015-08-28 00:00:00+08:00,3.0800584244185183,3.104121358448913,3.043964023372926,3.092089891433716,186641717,0.0,0.0
601939.SS,2015-08-31 00:00:00+08:00,3.0740428232816086,3.1161528142569512,2.977790800653397,3.110137224197388,180125065,0.0,0.0
601939.SS,2015-09-01 00:00:00+08:00,3.092090255888742,3.404908722007609,3.062011728231887,3.380845785140991,523710136,0.0,0.0
601939.SS,2015-09-02 00:00:00+08:00,3.2424831586942324,3.645537707399346,3.2424831586942324,3.561317443847656,542530693,0.0,0.0
601939.SS,2015-09-07 00:00:00+08:00,3.4229550626744896,3.447017992473209,3.248498678207397,3.248498678207397,175312160,0.0,0.0
601939.SS,2015-09-08 00:00:00+08:00,3.2244368994365,3.3267045310139283,3.1582636754417783,3.290609836578369,124895434,0.0,0.0
601939.SS,2015-09-09 00:00:00+08:00,3.260530587923313,3.3327193871678,3.2364676548418174,3.308656454086304,98271507,0.0,0.0
601939.SS,2015-09-10 00:00:00+08:00,3.284593930690736,3.368814206980727,3.260530994607881,3.3327198028564453,81942181,0.0,0.0
601939.SS,2015-09-11 00:00:00+08:00,3.314672721110406,3.368814183492935,3.290609498342498,3.2966253757476807,56650111,0.0,0.0
601939.SS,2015-09-14 00:00:00+08:00,3.2906098928290164,3.3988934042810186,3.224436954555968,3.338736057281494,123768777,0.0,0.0
601939.SS,2015-09-15 00:00:00+08:00,3.2966248889762944,3.386861028760232,3.290609012459401,3.3146722316741943,98747351,0.0,0.0
601939.SS,2015-09-16 00:00:00+08:00,3.278578053243609,3.3748300844278534,3.224436590483599,3.3327198028564453,92987232,0.0,0.0
601939.SS,2015-09-17 00:00:00+08:00,3.308656134602123,3.3447505307390872,3.2785773277282715,3.2785773277282715,54937640,0.0,0.0
601939.SS,2015-09-18 00:00:00+08:00,3.290609182998748,3.302640649803298,3.2545147825850984,3.2665462493896484,33909927,0.0,0.0
601939.SS,2015-09-21 00:00:00+08:00,3.2484993055100544,3.260530772732756,3.188341969396551,3.236467838287353,68227178,0.0,0.0
601939.SS,2015-09-22 00:00:00+08:00,3.230451899313868,3.2845936442043926,3.224436309244253,3.260530710220337,48858039,0.0,0.0
601939.SS,2015-09-23 00:00:00+08:00,3.2304519470948487,3.248499291276225,3.176310488256328,3.182326078414917,55494075,0.0,0.0
601939.SS,2015-09-24 00:00:00+08:00,3.2003733337555222,3.206388923747122,3.152247179558745,3.170294523239136,40476350,0.0,0.0
601939.SS,2015-09-25 00:00:00+08:00,3.158263144074952,3.1943575455849,3.1462316769049683,3.182326078414917,39004860,0.0,0.0
601939.SS,2015-09-28 00:00:00+08:00,3.188341537049165,3.188341537049165,3.140215387831588,3.1582627296447754,26997718,0.0,0.0
601939.SS,2015-09-29 00:00:00+08:00,3.1402157482008044,3.1462316251131672,3.0981057572254613,3.110137224197388,49004095,0.0,0.0
601939.SS,2015-09-30 00:00:00+08:00,3.122168162423102,3.146231092291844,3.1041208215951706,3.116152286529541,37061033,0.0,0.0
601939.SS,2015-10-08 00:00:00+08:00,3.188342245930408,3.2063893049033285,3.1642793093979606,3.176310777664185,60725438,0.0,0.0
601939.SS,2015-10-09 00:00:00+08:00,3.1883421815738,3.2063892401824403,3.1763107135504307,3.200373649597168,35595915,0.0,0.0
601939.SS,2015-10-12 00:00:00+08:00,3.2063888181328264,3.308656426296622,3.2003732283393727,3.272562026977539,89292818,0.0,0.0
601939.SS,2015-10-13 00:00:00+08:00,3.2725621772123645,3.2785777672819787,3.236467776236281,3.260530710220337,43470660,0.0,0.0
601939.SS,2015-10-14 00:00:00+08:00,3.2364679379224155,3.260530873108597,3.2244364703293247,3.230452060699463,36066665,0.0,0.0
601939.SS,2015-10-15 00:00:00+08:00,3.2424833157805484,3.2665462493896484,3.212404792195572,3.2665462493896484,42216020,0.0,0.0
601939.SS,2015-10-16 00:00:00+08:00,3.2785779433264604,3.314672633093462,3.2665464756883984,3.2845938205718994,72450853,0.0,0.0
601939.SS,2015-10-19 00:00:00+08:00,3.2966257146019133,3.3206886529903845,3.272562776213442,3.290609836578369,54929171,0.0,0.0
601939.SS,2015-10-20 00:00:00+08:00,3.290609498342498,3.2966253757476807,3.25451509446987,3.2966253757476807,55473930,0.0,0.0
601939.SS,2015-10-21 00:00:00+08:00,3.296624987545556,3.3808452533307904,3.27857764430804,3.308656454086304,127652324,0.0,0.0
601939.SS,2015-10-22 00:00:00+08:00,3.3146727442207164,3.3868615524692807,3.284593930690736,3.3327198028564453,112830104,0.0,0.0
601939.SS,2015-10-23 00:00:00+08:00,3.308656717121927,3.350766996788673,3.308656717121927,3.3447511196136475,77674625,0.0,0.0
601939.SS,2015-10-26 00:00:00+08:00,3.3567821979522705,3.392876596259493,3.3387351422250484,3.3567821979522705,89294566,0.0,0.0
601939.SS,2015-10-27 00:00:00+08:00,3.3507660981086773,3.3507660981086773,3.2966243654655774,3.320687294006348,54236470,0.0,0.0
601939.SS,2015-10-28 00:00:00+08:00,3.3086563145228447,3.3327192465893343,3.284593382456355,3.302640438079834,60460597,0.0,0.0
601939.SS,2015-10-29 00:00:00+08:00,3.2966253757476807,3.314672721110406,3.290609498342498,3.2966253757476807,33490375,0.0,0.0
601939.SS,2015-10-30 00:00:00+08:00,3.308656843705223,3.314672721110406,3.290609498342498,3.2966253757476807,46131413,0.0,0.0
601939.SS,2015-11-02 00:00:00+08:00,3.284593593022871,3.302640649803298,3.260530659413772,3.2665462493896484,36878748,0.0,0.0
601939.SS,2015-11-03 00:00:00+08:00,3.2665461840468417,3.272562060755175,3.206388851227458,3.212404727935791,57688108,0.0,0.0
601939.SS,2015-11-04 00:00:00+08:00,3.218420215373364,3.338735164036206,3.206388749192357,3.3146722316741943,94433438,0.0,0.0
601939.SS,2015-11-05 00:00:00+08:00,3.3026403889616884,3.465065608274007,3.296624799460921,3.398892402648926,206448535,0.0,0.0
601939.SS,2015-11-06 00:00:00+08:00,3.368813954882983,3.441002757729458,3.3507668975977665,3.428971290588379,119279996,0.0,0.0
601939.SS,2015-11-09 00:00:00+08:00,3.477097815267178,3.6996801244413926,3.477097815267178,3.585381031036377,251522106,0.0,0.0
601939.SS,2015-11-10 00:00:00+08:00,3.5432701997032425,3.60342753248586,3.501160210181805,3.5553016662597656,126156095,0.0,0.0
601939.SS,2015-11-11 00:00:00+08:00,3.525222778320313,3.567332763482005,3.4770969170768016,3.5252227783203125,89437456,0.0,0.0
601939.SS,2015-11-12 00:00:00+08:00,3.53123888153082,3.5372547584882663,3.4470186120961857,3.4650659561157227,81573439,0.0,0.0
601939.SS,2015-11-13 00:00:00+08:00,3.4470186347264,3.489128913146578,3.422955700444241,3.428971290588379,58176434,0.0,0.0
601939.SS,2015-11-16 00:00:00+08:00,3.386860730848289,3.453033645596792,3.3808448548605585,3.434986591339112,49771623,0.0,0.0
601939.SS,2015-11-17 00:00:00+08:00,3.434987393837076,3.513192078831587,3.434987393837076,3.44701886177063,84252168,0.0,0.0
601939.SS,2015-11-18 00:00:00+08:00,3.434987393837076,3.495144733504845,3.416940048510334,3.44701886177063,77779940,0.0,0.0
601939.SS,2015-11-19 00:00:00+08:00,3.4410023596405472,3.4650655779916395,3.428970893891386,3.459049701690674,39777380,0.0,0.0
601939.SS,2015-11-20 00:00:00+08:00,3.459049701690674,3.477097043740801,3.4349867701923515,3.459049701690674,55411001,0.0,0.0
601939.SS,2015-11-23 00:00:00+08:00,3.471080986707228,3.471080986707228,3.4229551262164057,3.434986591339112,49871404,0.0,0.0
601939.SS,2015-11-24 00:00:00+08:00,3.422955550849084,3.447018484079607,3.4109240842338218,3.441002607345581,60561990,0.0,0.0
601939.SS,2015-11-25 00:00:00+08:00,3.428971119852116,3.495144329259538,3.428971119852116,3.477097272872925,68414199,0.0,0.0
601939.SS,2015-11-26 00:00:00+08:00,3.48912916631284,3.51319210234097,3.477097698298774,3.4831132888793945,59354269,0.0,0.0
601939.SS,2015-11-27 00:00:00+08:00,3.471081137158712,3.5071755340913136,3.3627979463609057,3.422955274581909,93814272,0.0,0.0
601939.SS,2015-11-30 00:00:00+08:00,3.4109246294304323,3.4951449091988964,3.4109246294304323,3.4710819721221924,111212458,0.0,0.0
601939.SS,2015-12-01 00:00:00+08:00,3.471080995186248,3.477096871188673,3.380844863119153,3.4169392585754395,74536238,0.0,0.0
601939.SS,2015-12-02 00:00:00+08:00,3.4169401863203444,3.627491313928594,3.392877249482744,3.585381031036377,249873655,0.0,0.0
601939.SS,2015-12-03 00:00:00+08:00,3.5432702098768893,3.76585277209085,3.53725462000775,3.705695152282715,302013185,0.0,0.0
601939.SS,2015-12-04 00:00:00+08:00,3.65756927541661,3.6635851521212666,3.5432701997032425,3.5553016662597656,144293140,0.0,0.0
601939.SS,2015-12-07 00:00:00+08:00,3.5673331050018584,3.5793645714645725,3.4951443062255723,3.519207239151001,77932699,0.0,0.0
601939.SS,2015-12-08 00:00:00+08:00,3.5071755646873184,3.513191440988284,3.447018235941513,3.459049701690674,62489966,0.0,0.0
601939.SS,2015-12-09 00:00:00+08:00,3.459050203156432,3.5192075406233725,3.453034325983332,3.4951446056365967,58543951,0.0,0.0
601939.SS,2015-12-10 00:00:00+08:00,3.4831128627175327,3.567333128511568,3.471081396175528,3.477097272872925,81845577,0.0,0.0
601939.SS,2015-12-11 00:00:00+08:00,3.471080986707228,3.477096862694958,3.4049077851059697,3.434986591339112,58668602,0.0,0.0
601939.SS,2015-12-14 00:00:00+08:00,3.40490812729821,3.5131916111377723,3.392876660966345,3.501160144805908,75847695,0.0,0.0
601939.SS,2015-12-15 00:00:00+08:00,3.495144681507313,3.525223494320124,3.4410029331853806,3.4530344009399414,48158376,0.0,0.0
601939.SS,2015-12-16 00:00:00+08:00,3.4590502782436308,3.477097623301881,3.4410029331853806,3.4530344009399414,33507321,0.0,0.0
601939.SS,2015-12-17 00:00:00+08:00,3.459049929633523,3.495144329259538,3.453034052936126,3.477097272872925,54695791,0.0,0.0
601939.SS,2015-12-18 00:00:00+08:00,3.465065745810316,3.591395998868498,3.459049869217991,3.501160144805908,90835436,0.0,0.0
601939.SS,2015-12-21 00:00:00+08:00,3.477097180295967,3.5793644997537704,3.477097180295967,3.561317443847656,99069662,0.0,0.0
601939.SS,2015-12-22 00:00:00+08:00,3.549286516801212,3.5673335754488704,3.5131921126530696,3.537255048751831,63728943,0.0,0.0
601939.SS,2015-12-23 00:00:00+08:00,3.5372553731932697,3.5913968409549923,3.5131924348874257,3.5492868423461914,103893262,0.0,0.0
601939.SS,2015-12-24 00:00:00+08:00,3.543270964343305,3.567333902649149,3.5071765568845388,3.5492868423461914,70227234,0.0,0.0
601939.SS,2015-12-25 00:00:00+08:00,3.5553024334962267,3.5613183114991136,3.5312394951903827,3.5492868423461914,38709314,0.0,0.0
601939.SS,2015-12-28 00:00:00+08:00,3.56131753866696,3.567333128511568,3.471081396175528,3.477097272872925,65670601,0.0,0.0
601939.SS,2015-12-29 00:00:00+08:00,3.471081009980108,3.501159816414922,3.4590495447767338,3.489128351211548,34744516,0.0,0.0
601939.SS,2015-12-30 00:00:00+08:00,3.48912916631284,3.49514475689346,3.4470188848371985,3.4831132888793945,50416079,0.0,0.0
601939.SS,2015-12-31 00:00:00+08:00,3.477097272872925,3.495144329259538,3.46506580633092,3.477097272872925,47685843,0.0,0.0
601939.SS,2016-01-04 00:00:00+08:00,3.4710816067852086,3.4770974838476225,3.350766934065004,3.368813991546631,61041455,0.0,0.0
601939.SS,2016-01-05 00:00:00+08:00,3.320687799645048,3.404908062361901,3.30865633354264,3.3567821979522705,65419644,0.0,0.0
601939.SS,2016-01-06 00:00:00+08:00,3.3567822264474136,3.392876625061035,3.344750760242873,3.392876625061035,49328481,0.0,0.0
601939.SS,2016-01-07 00:00:00+08:00,3.368813644689068,3.37482952113208,3.290608972046589,3.302640438079834,15901831,0.0,0.0
601939.SS,2016-01-08 00:00:00+08:00,3.3567827389393,3.3868615524692807,3.278578053243609,3.3327198028564453,84595493,0.0,0.0
601939.SS,2016-01-11 00:00:00+08:00,3.302640647127012,3.32068799074561,3.182325979179009,3.188341856002808,89053100,0.0,0.0
601939.SS,2016-01-12 00:00:00+08:00,3.212404800591518,3.230451857419113,3.1642789332475365,3.170294523239136,53447058,0.0,0.0
601939.SS,2016-01-13 00:00:00+08:00,3.2124051200409216,3.2124051200409216,3.122168966371255,3.12818455696106,49477415,0.0,0.0
601939.SS,2016-01-14 00:00:00+08:00,3.068026418898061,3.146231084196627,3.049979364969315,3.134199619293213,65522747,0.0,0.0
601939.SS,2016-01-15 00:00:00+08:00,3.116152940471601,3.116152940471601,3.0439641357161533,3.062011480331421,61750888,0.0,0.0
601939.SS,2016-01-18 00:00:00+08:00,3.019900887761303,3.062011162929993,3.019900887761303,3.0319323539733887,61195084,0.0,0.0
601939.SS,2016-01-19 00:00:00+08:00,3.037948102085572,3.12216836201001,3.037948102085572,3.098105430603028,51219865,0.0,0.0
601939.SS,2016-01-20 00:00:00+08:00,3.086074415249904,3.0981058827091448,3.0379485454129385,3.062011480331421,54600258,0.0,0.0
601939.SS,2016-01-21 00:00:00+08:00,3.043964350678159,3.110137569803484,3.025917291641236,3.025917291641236,56059424,0.0,0.0
601939.SS,2016-01-22 00:00:00+08:00,3.049979358018696,3.0559949470303183,3.013884963390709,3.0379478931427,41871204,0.0,0.0
601939.SS,2016-01-25 00:00:00+08:00,3.03794845804242,3.055995515285848,3.0138855238159805,3.04997992515564,52032891,0.0,0.0
601939.SS,2016-01-26 00:00:00+08:00,3.0379483367847016,3.043963926674801,2.929664850234985,2.9296648502349854,82639371,0.0,0.0
601939.SS,2016-01-27 00:00:00+08:00,2.9657593127367936,2.9657593127367936,2.8634919876240468,2.905601978302002,91087340,0.0,0.0
601939.SS,2016-01-28 00:00:00+08:00,2.8995860299252234,2.8995860299252234,2.839428416072511,2.857475757598877,50978520,0.0,0.0
601939.SS,2016-01-29 00:00:00+08:00,2.8574760235666607,2.917633356165928,2.8394286803604865,2.8935704231262207,104826922,0.0,0.0
601939.SS,2016-02-01 00:00:00+08:00,2.8875549687711155,2.8875549687711155,2.8033344123278896,2.827397346496582,87018812,0.0,0.0
601939.SS,2016-02-02 00:00:00+08:00,2.827397572185336,2.86349226317233,2.815366104140613,2.845444917678833,56508784,0.0,0.0
601939.SS,2016-02-03 00:00:00+08:00,2.827397258028689,2.833413134809029,2.791302857905026,2.815365791320801,60133701,0.0,0.0
601939.SS,2016-02-04 00:00:00+08:00,2.8153660175645334,2.845444830177792,2.8153660175645334,2.833413362503052,64190529,0.0,0.0
601939.SS,2016-02-05 00:00:00+08:00,2.833413274628872,2.8394288648532693,2.8153659302500658,2.8213818073272705,54696082,0.0,0.0
601939.SS,2016-02-15 00:00:00+08:00,2.767239897620968,2.7973187075250348,2.7431769644388293,2.779271364212036,57452330,0.0,0.0
601939.SS,2016-02-16 00:00:00+08:00,2.791303168051167,2.86349226317233,2.785287577455218,2.845444917678833,100567005,0.0,0.0
601939.SS,2016-02-17 00:00:00+08:00,2.839429040230059,2.851460508274782,2.815366104140613,2.845444917678833,111981749,0.0,0.0
601939.SS,2016-02-18 00:00:00+08:00,2.851459890272325,2.8574757664172665,2.8334128355430264,2.839428424835205,109407826,0.0,0.0
601939.SS,2016-02-19 00:00:00+08:00,2.8394288648532693,2.8454447419304736,2.8153659302500658,2.8213818073272705,75036526,0.0,0.0
601939.SS,2016-02-22 00:00:00+08:00,2.833413288018697,2.911617969275083,2.827397410913064,2.875523567199707,149186003,0.0,0.0
601939.SS,2016-02-23 00:00:00+08:00,2.8755237312170534,2.8755237312170534,2.8213819815893872,2.845444917678833,97799980,0.0,0.0
601939.SS,2016-02-24 00:00:00+08:00,2.83341344963411,2.86349226317233,2.827397572185336,2.845444917678833,75795730,0.0,0.0
601939.SS,2016-02-25 00:00:00+08:00,2.8454444429918984,2.8454444429918984,2.731145372208385,2.749192714691162,170401586,0.0,0.0
601939.SS,2016-02-26 00:00:00+08:00,2.761224307751828,2.803334297394174,2.749192841160759,2.779271364212036,88928003,0.0,0.0
601939.SS,2016-02-29 00:00:00+08:00,2.773255950599717,2.773255950599717,2.6469253999380444,2.725130081176758,138044908,0.0,0.0
601939.SS,2016-03-01 00:00:00+08:00,2.731145372208385,2.767239770321161,2.707082440133201,2.749192714691162,102607377,0.0,0.0
601939.SS,2016-03-02 00:00:00+08:00,2.7552085439905047,2.8334132234651563,2.7371614867903866,2.827397346496582,154789346,0.0,0.0
601939.SS,2016-03-03 00:00:00+08:00,2.8273974852392736,2.845444830177792,2.8093504271535714,2.833413362503052,163495951,0.0,0.0
601939.SS,2016-03-04 00:00:00+08:00,2.827397203700187,2.941696278655255,2.8153657372234844,2.9116177558898926,321561977,0.0,0.0
601939.SS,2016-03-07 00:00:00+08:00,2.8995862998125417,2.917633356165928,2.8815389566063674,2.8935704231262207,166263155,0.0,0.0
601939.SS,2016-03-08 00:00:00+08:00,2.8995866904249867,2.8995866904249867,2.8213820040843465,2.8815393447875977,175351210,0.0,0.0
601939.SS,2016-03-09 00:00:00+08:00,2.857476084417172,2.8815390179693035,2.83341315086504,2.8695075511932373,133645197,0.0,0.0
601939.SS,2016-03-10 00:00:00+08:00,2.863492012023926,2.905602003060701,2.8574761351027864,2.863492012023926,142495904,0.0,0.0
601939.SS,2016-03-11 00:00:00+08:00,2.8574761351027864,2.8755234790134043,2.833413201123829,2.863492012023926,107384004,0.0,0.0
601939.SS,2016-03-14 00:00:00+08:00,2.8695073035056287,2.9236490427509634,2.8574758377680847,2.88755464553833,140710473,0.0,0.0
601939.SS,2016-03-15 00:00:00+08:00,2.8815389566063674,2.905601889646074,2.8634919002529817,2.8935704231262207,79198975,0.0,0.0
601939.SS,2016-03-16 00:00:00+08:00,2.881539268677818,2.9356810173071177,2.881539268677818,2.923649549484253,190141318,0.0,0.0
601939.SS,2016-03-17 00:00:00+08:00,2.9176333836019936,2.9416963168679766,2.911617793711893,2.9296648502349854,142077008,0.0,0.0
601939.SS,2016-03-18 00:00:00+08:00,2.929665139969276,2.947712485129982,2.917633672146411,2.923649549484253,213202750,0.0,0.0
601939.SS,2016-03-21 00:00:00+08:00,2.9356807164089807,2.977790706046453,2.923649249819304,2.947712182998657,168009643,0.0,0.0
601939.SS,2016-03-22 00:00:00+08:00,2.9477120434285773,2.971774975468584,2.935680577408574,2.9416961669921875,93611515,0.0,0.0
601939.SS,2016-03-23 00:00:00+08:00,2.941696695324054,2.953728163504922,2.9236496364791664,2.935681104660034,57901438,0.0,0.0
601939.SS,2016-03-24 00:00:00+08:00,2.923649322058838,2.9296649120759186,2.8995863882849218,2.905601978302002,86751145,0.0,0.0
601939.SS,2016-03-25 00:00:00+08:00,2.89958628941319,2.9176333457018497,2.89958628941319,2.9116177558898926,50512683,0.0,0.0
601939.SS,2016-03-28 00:00:00+08:00,2.9176334963532065,2.92364937332858,2.887554972034746,2.8995864391326904,102858013,0.0,0.0
601939.SS,2016-03-29 00:00:00+08:00,2.8995862998125417,2.911617766332395,2.8815389566063674,2.8935704231262207,92304822,0.0,0.0
601939.SS,2016-03-30 00:00:00+08:00,2.899586316639951,2.9537277728671003,2.899586316639951,2.947712182998657,174081938,0.0,0.0
601939.SS,2016-03-31 00:00:00+08:00,2.947712345031776,2.95372793523089,2.905602066226748,2.917633533477783,212444515,0.0,0.0
601939.SS,2016-04-01 00:00:00+08:00,2.9116177558898926,2.9176333457018497,2.8815389462717422,2.9116177558898926,154017839,0.0,0.0
601939.SS,2016-04-05 00:00:00+08:00,2.899586476027633,2.923649410529704,2.887555008776597,2.917633533477783,148244646,0.0,0.0
601939.SS,2016-04-06 00:00:00+08:00,2.905601978302002,2.9176334451889603,2.8995863882849218,2.905601978302002,110243408,0.0,0.0
601939.SS,2016-04-07 00:00:00+08:00,2.911617969275083,2.917633559527908,2.875523567199707,2.875523567199707,130361799,0.0,0.0
601939.SS,2016-04-08 00:00:00+08:00,2.8755234790134043,2.8755234790134043,2.851460258181647,2.863492012023926,113399305,0.0,0.0
601939.SS,2016-04-11 00:00:00+08:00,2.8634917140632417,2.8995861112758745,2.8634917140632417,2.88755464553833,122391960,0.0,0.0
601939.SS,2016-04-12 00:00:00+08:00,2.887555034558166,2.887555034558166,2.8634920998412485,2.875523567199707,83758834,0.0,0.0
601939.SS,2016-04-13 00:00:00+08:00,2.8815390950593724,2.92364937332858,2.8815390950593724,2.8995864391326904,215464932,0.0,0.0
601939.SS,2016-04-14 00:00:00+08:00,2.905601978302002,2.9176334451889603,2.8875549213979634,2.905601978302002,99800368,0.0,0.0
601939.SS,2016-04-15 00:00:00+08:00,2.905601978302002,2.9176334451889603,2.893570511415044,2.905601978302002,129080346,0.0,0.0
601939.SS,2016-04-18 00:00:00+08:00,2.8995865019166245,2.8995865019166245,2.869507690094073,2.875523567199707,107670958,0.0,0.0
601939.SS,2016-04-19 00:00:00+08:00,2.887555034558166,2.887555034558166,2.8634920998412485,2.875523567199707,78375220,0.0,0.0
601939.SS,2016-04-20 00:00:00+08:00,2.881539091802541,2.881539091802541,2.7973188222121177,2.827397346496582,236190561,0.0,0.0
601939.SS,2016-04-21 00:00:00+08:00,2.8213818073272705,2.8394288648532693,2.8153659302500658,2.8213818073272705,106287382,0.0,0.0
601939.SS,2016-04-22 00:00:00+08:00,2.815365879412236,2.8334132234651563,2.809350289296464,2.827397346496582,77102084,0.0,0.0
601939.SS,2016-04-25 00:00:00+08:00,2.8273973975516675,2.8273973975516675,2.803334462948464,2.8213818073272705,83631641,0.0,0.0
601939.SS,2016-04-26 00:00:00+08:00,2.82138175638081,2.827397346496582,2.809350289296464,2.827397346496582,68081530,0.0,0.0
601939.SS,2016-04-27 00:00:00+08:00,2.827397258028689,2.833413134809029,2.815365791320801,2.815365791320801,62943692,0.0,0.0
601939.SS,2016-04-28 00:00:00+08:00,2.82138175638081,2.839428813580928,2.815365879412236,2.827397346496582,112618903,0.0,0.0
601939.SS,2016-04-29 00:00:00+08:00,2.8213818073272705,2.8273973975516675,2.8093503400256687,2.8213818073272705,73167355,0.0,0.0
601939.SS,2016-05-03 00:00:00+08:00,2.8273970483794586,2.8574758563452543,2.8213814588979624,2.8514599800109863,140152661,0.0,0.0
601939.SS,2016-05-04 00:00:00+08:00,2.8454443009801467,2.851459890272325,2.8273969593980848,2.839428424835205,116636601,0.0,0.0
601939.SS,2016-05-05 00:00:00+08:00,2.8394285141952222,2.8574758563452543,2.8273970483794586,2.8514599800109863,85400071,0.0,0.0
601939.SS,2016-05-06 00:00:00+08:00,2.851460332154871,2.857476209232076,2.8213818073272705,2.8213818073272705,100315934,0.0,0.0
601939.SS,2016-05-09 00:00:00+08:00,2.827396978931348,2.827396978931348,2.7913025823706263,2.797318458557129,101791746,0.0,0.0
601939.SS,2016-05-10 00:00:00+08:00,2.7913029956468622,2.833413274628872,2.7913029956468622,2.8213818073272705,94298766,0.0,0.0
601939.SS,2016-05-11 00:00:00+08:00,2.82138175638081,2.839428813580928,2.8033344123278896,2.827397346496582,70535078,0.0,0.0
601939.SS,2016-05-12 00:00:00+08:00,2.8213818073272705,2.8273973975516675,2.803334462948464,2.8213818073272705,58006979,0.0,0.0
601939.SS,2016-05-13 00:00:00+08:00,2.8153659302500658,2.8273973975516675,2.8093503400256687,2.8213818073272705,99385279,0.0,0.0
601939.SS,2016-05-16 00:00:00+08:00,2.815365879412236,2.8334132234651563,2.809350289296464,2.827397346496582,54009357,0.0,0.0
601939.SS,2016-05-17 00:00:00+08:00,2.8273973975516675,2.833413274628872,2.8153659302500658,2.8213818073272705,40868832,0.0,0.0
601939.SS,2016-05-18 00:00:00+08:00,2.8213818073272705,2.8213818073272705,2.803334462948464,2.8213818073272705,77544320,0.0,0.0
601939.SS,2016-05-19 00:00:00+08:00,2.815365879412236,2.8334132234651563,2.809350289296464,2.827397346496582,54522431,0.0,0.0
601939.SS,2016-05-20 00:00:00+08:00,2.821381894828312,2.8394289529140138,2.8153660175645334,2.833413362503052,65795138,0.0,0.0
601939.SS,2016-05-23 00:00:00+08:00,2.8334129247137265,2.8514599800109863,2.8273970483794586,2.8514599800109863,52442025,0.0,0.0
601939.SS,2016-05-24 00:00:00+08:00,2.851459881472501,2.863491633725253,2.845444292198887,2.857475757598877,60254060,0.0,0.0
601939.SS,2016-05-25 00:00:00+08:00,2.8574761351027864,2.869507602092265,2.851460258181647,2.863492012023926,59984412,0.0,0.0
601939.SS,2016-05-26 00:00:00+08:00,2.857476084417172,2.8695075511932373,2.851460207602741,2.8695075511932373,68156893,0.0,0.0
601939.SS,2016-05-27 00:00:00+08:00,2.869507690094073,2.881539157452532,2.8634920998412485,2.875523567199707,44217005,0.0,0.0
601939.SS,2016-05-30 00:00:00+08:00,2.875523179800786,2.8875546455383305,2.8634917140632417,2.88755464553833,76208017,0.0,0.0
601939.SS,2016-05-31 00:00:00+08:00,2.881539354419715,2.9477125728409024,2.881539354419715,2.935681104660034,172787262,0.0,0.0
601939.SS,2016-06-01 00:00:00+08:00,2.929664850234985,2.9356807269778766,2.9176333836019936,2.9296648502349854,95524605,0.0,0.0
601939.SS,2016-06-02 00:00:00+08:00,2.923649260344885,2.929664850234985,2.9176333836019936,2.9296648502349854,47053178,0.0,0.0
601939.SS,2016-06-03 00:00:00+08:00,2.9356807164089807,2.9537277728671003,2.923649249819304,2.947712182998657,79044070,0.0,0.0
601939.SS,2016-06-06 00:00:00+08:00,2.941696580341148,2.971775393044033,2.941696580341148,2.965759515762329,81097341,0.0,0.0
601939.SS,2016-06-07 00:00:00+08:00,2.9657591279635804,2.9898220602383243,2.9657591279635804,2.977790594100952,84796628,0.0,0.0
601939.SS,2016-06-08 00:00:00+08:00,2.9838060498593166,2.9838060498593166,2.9356801920958984,2.9537272453308105,77598783,0.0,0.0
601939.SS,2016-06-13 00:00:00+08:00,2.9356807269778766,2.95974366024386,2.929664850234985,2.9296648502349854,83035859,0.0,0.0
601939.SS,2016-06-14 00:00:00+08:00,2.9296643164491014,2.9537272453308105,2.923648727655044,2.9537272453308105,65132116,0.0,0.0
601939.SS,2016-06-15 00:00:00+08:00,2.9356807164089807,2.959743649588334,2.929664839687747,2.947712182998657,56408570,0.0,0.0
601939.SS,2016-06-16 00:00:00+08:00,2.941696166992187,2.9477120434285773,2.935680577408574,2.9416961669921875,58528996,0.0,0.0
601939.SS,2016-06-17 00:00:00+08:00,2.941696306277424,2.9537277728671003,2.9356807164089807,2.947712182998657,41423298,0.0,0.0
601939.SS,2016-06-20 00:00:00+08:00,2.9537276233391707,2.9657590893197727,2.9416961573585687,2.95974349975586,43816922,0.0,0.0
601939.SS,2016-06-21 00:00:00+08:00,2.95974406349657,2.983807000041028,2.9537281859340405,2.971775531768799,55775515,0.0,0.0
601939.SS,2016-06-22 00:00:00+08:00,2.971775329939061,2.9898223876953125,2.9537279853299974,2.9898223876953125,106533219,0.0,0.0
601939.SS,2016-06-23 00:00:00+08:00,2.989822277173376,3.013885498046875,2.9838066870946016,3.013885498046875,88152532,0.0,0.0
601939.SS,2016-06-24 00:00:00+08:00,3.0078693031659487,3.0199007689045017,2.9537275639160754,2.9838063716888428,93732963,0.0,0.0
601939.SS,2016-06-27 00:00:00+08:00,2.983806647602254,3.001853704452514,2.971775180751148,3.001853704452514,68960600,0.0,0.0
601939.SS,2016-06-28 00:00:00+08:00,2.995838015586355,3.0078694820404053,2.9898221389329365,3.0078694820404053,86371954,0.0,0.0
601939.SS,2016-06-29 00:00:00+08:00,3.0078696211153,3.013885498046875,2.995838154104951,3.013885498046875,132004219,0.0,0.0
601939.SS,2016-06-30 00:00:00+08:00,3.0100664666739774,3.029157930769782,2.99733892509295,3.022794008255005,130555666,0.274,0.0
601939.SS,2016-07-01 00:00:00+08:00,3.0227941924843256,3.035521734841055,3.0164302695816883,3.029158115386963,57887909,0.0,0.0
601939.SS,2016-07-04 00:00:00+08:00,3.0291582658440968,3.0673408948108007,3.022794342625366,3.0546133518218994,90321025,0.0,0.0
601939.SS,2016-07-05 00:00:00+08:00,3.0482494390840364,3.060976982116699,3.0418858192919864,3.060976982116699,81899369,0.0,0.0
601939.SS,2016-07-06 00:00:00+08:00,3.0546133623246488,3.0673409053573115,3.0482494390840364,3.060976982116699,65229241,0.0,0.0
601939.SS,2016-07-07 00:00:00+08:00,3.060976982116699,3.0673409053573115,3.0482494390840364,3.060976982116699,49587827,0.0,0.0
601939.SS,2016-07-08 00:00:00+08:00,3.054613013931837,3.0609766329980865,3.022794008255005,3.022794008255005,53920410,0.0,0.0
601939.SS,2016-07-11 00:00:00+08:00,3.0291582658440968,3.0673408948108007,3.022794342625366,3.0546133518218994,86118308,0.0,0.0
601939.SS,2016-07-12 00:00:00+08:00,3.0609766826612623,3.175524558749004,3.054613063491765,3.15006947517395,168865252,0.0,0.0
601939.SS,2016-07-13 00:00:00+08:00,3.1627974564571355,3.270981728408438,3.1627974564571355,3.22007155418396,181516113,0.0,0.0
601939.SS,2016-07-14 00:00:00+08:00,3.207344329801098,3.232799419446456,3.18188924015574,3.188253164291382,61801741,0.0,0.0
601939.SS,2016-07-15 00:00:00+08:00,3.20098052801627,3.2455267806511072,3.188252983913661,3.2391631603240967,80561755,0.0,0.0
601939.SS,2016-07-18 00:00:00+08:00,3.239162758598759,3.302800471219368,3.239162758598759,3.296436548233032,157505034,0.0,0.0
601939.SS,2016-07-19 00:00:00+08:00,3.296437106735987,3.3028010308005387,3.24552692801398,3.264618396759033,63662281,0.0,0.0
601939.SS,2016-07-20 00:00:00+08:00,3.2646178557559007,3.2646178557559007,3.2073437624606407,3.213707685470581,65385867,0.0,0.0
601939.SS,2016-07-21 00:00:00+08:00,3.2073441931708784,3.25189074987691,3.2009805727549265,3.226435661315918,63348912,0.0,0.0
601939.SS,2016-07-22 00:00:00+08:00,3.226435808462876,3.226435808462876,3.181889249725225,3.1946167945861816,46008287,0.0,0.0
601939.SS,2016-07-25 00:00:00+08:00,3.1946165013104286,3.232799132388014,3.188252881188453,3.200980424880981,57403695,0.0,0.0
601939.SS,2016-07-26 00:00:00+08:00,3.1946164230499363,3.2455265965728723,3.1882528030838544,3.2327990531921387,58359088,0.0,0.0
601939.SS,2016-07-27 00:00:00+08:00,3.2327988476033007,3.239162770613241,3.150069669165381,3.213707685470581,108591252,0.0,0.0
601939.SS,2016-07-28 00:00:00+08:00,3.200980424880981,3.21370796857351,3.188252881188453,3.200980424880981,57601949,0.0,0.0
601939.SS,2016-07-29 00:00:00+08:00,3.194616467071721,3.226435477686307,3.194616467071721,3.22007155418396,57477802,0.0,0.0
601939.SS,2016-08-01 00:00:00+08:00,3.22007169244589,3.2455267806511072,3.2073441483432807,3.2391631603240967,65915457,0.0,0.0
601939.SS,2016-08-02 00:00:00+08:00,3.2391631603240967,3.2455267806511072,3.22007169244589,3.2391631603240967,40282156,0.0,0.0
601939.SS,2016-08-03 00:00:00+08:00,3.226435477686307,3.2391630212424265,3.2073440106278404,3.22007155418396,34647297,0.0,0.0
601939.SS,2016-08-04 00:00:00+08:00,3.2200715886954856,3.2264355122660384,3.188252881188453,3.200980424880981,60691166,0.0,0.0
601939.SS,2016-08-05 00:00:00+08:00,3.2009801428992515,3.2200713050319707,3.194616219889311,3.213707685470581,47287190,0.0,0.0
601939.SS,2016-08-08 00:00:00+08:00,3.213707889845322,3.2327990531921382,3.2073439664306704,3.2327990531921387,54241406,0.0,0.0
601939.SS,2016-08-09 00:00:00+08:00,3.2327990089935934,3.258254095407042,3.2264353891145143,3.2455265522003174,64174456,0.0,0.0
601939.SS,2016-08-10 00:00:00+08:00,3.251890659332276,3.258254279571041,3.232799191718813,3.2518906593322754,56254056,0.0,0.0
601939.SS,2016-08-11 00:00:00+08:00,3.245527027657177,3.3282562223446663,3.245527027657177,3.3028011322021484,144795908,0.0,0.0
601939.SS,2016-08-12 00:00:00+08:00,3.3091639313728587,3.4109845701102404,3.302800312141573,3.40462064743042,151850387,0.0,0.0
601939.SS,2016-08-15 00:00:00+08:00,3.4237127871751336,3.5255331425428835,3.398257698333196,3.474622964859009,165111960,0.0,0.0
601939.SS,2016-08-16 00:00:00+08:00,3.474622567848782,3.480986187607862,3.36643830090738,3.3918933868408203,196556832,0.0,0.0
601939.SS,2016-08-17 00:00:00+08:00,3.3855303350387693,3.391893955865411,3.340983775457832,3.366438865661621,81241985,0.0,0.0
601939.SS,2016-08-18 00:00:00+08:00,3.3664379433825937,3.3791654849976145,3.328255318537531,3.347346782684326,76711690,0.0,0.0
601939.SS,2016-08-19 00:00:00+08:00,3.3473472698069724,3.353710889816284,3.328255802881891,3.353710889816284,54005378,0.0,0.0
601939.SS,2016-08-22 00:00:00+08:00,3.3473476997330844,3.379166410763516,3.334619851182578,3.366438865661621,69904193,0.0,0.0
601939.SS,2016-08-23 00:00:00+08:00,3.3537109394539786,3.404621114076277,3.3537109394539786,3.3982574939727783,77857750,0.0,0.0
601939.SS,2016-08-24 00:00:00+08:00,3.3918936151520205,3.398257538788022,3.3664385275051765,3.3855299949646,54358705,0.0,0.0
601939.SS,2016-08-25 00:00:00+08:00,3.3855297670817404,3.4109848530151807,3.3728022241150204,3.3918933868408203,77467011,0.0,0.0
601939.SS,2016-08-26 00:00:00+08:00,3.3918935202178737,3.398257443675758,3.3473472698069724,3.353710889816284,64105684,0.0,0.0
601939.SS,2016-08-29 00:00:00+08:00,3.3537109895877704,3.3600749132349788,3.315528358050264,3.3346195220947266,68648716,0.0,0.0
601939.SS,2016-08-30 00:00:00+08:00,3.3346189376207773,3.3537104017675725,3.3346189376207773,3.347346782684326,77990047,0.0,0.0
601939.SS,2016-08-31 00:00:00+08:00,3.3473472698069724,3.360074813274169,3.3346194228912034,3.353710889816284,58302553,0.0,0.0
601939.SS,2016-09-01 00:00:00+08:00,3.3537110282433247,3.391893660220932,3.347347407971349,3.372802495956421,73965310,0.0,0.0
601939.SS,2016-09-02 00:00:00+08:00,3.360074951963885,3.398257583941493,3.347347407971349,3.372802495956421,92841037,0.0,0.0
601939.SS,2016-09-05 00:00:00+08:00,3.3728025059603706,3.3791661262512207,3.366438582220934,3.3791661262512207,69012122,0.0,0.0
601939.SS,2016-09-06 00:00:00+08:00,3.3791661162283964,3.391893660220932,3.360074951963885,3.372802495956421,74818759,0.0,0.0
601939.SS,2016-09-07 00:00:00+08:00,3.372803019754531,3.3791666410147805,3.3537115490765195,3.3600754737854004,62764170,0.0,0.0
601939.SS,2016-09-08 00:00:00+08:00,3.3664390950456498,3.3664390950456498,3.3409840031073887,3.3600754737854004,45880840,0.0,0.0
601939.SS,2016-09-09 00:00:00+08:00,3.3537104017675725,3.372801865914368,3.340982860152552,3.347346782684326,54127629,0.0,0.0
601939.SS,2016-09-12 00:00:00+08:00,3.328256325332732,3.334619946340969,3.2709822190154965,3.283709764480591,105331951,0.0,0.0
601939.SS,2016-09-13 00:00:00+08:00,3.29007339477539,3.296437015214664,3.2773458504482527,3.29007339477539,39952197,0.0,0.0
601939.SS,2016-09-14 00:00:00+08:00,3.2837095620554853,3.2900734861200367,3.2582544726944813,3.264618396759033,75832082,0.0,0.0
601939.SS,2016-09-19 00:00:00+08:00,3.2646183061211147,3.29007339477539,3.2646183061211147,3.29007339477539,56765650,0.0,0.0
601939.SS,2016-09-20 00:00:00+08:00,3.283709277412964,3.283709277412964,3.2646181137713954,3.277345657348633,38964913,0.0,0.0
601939.SS,2016-09-21 00:00:00+08:00,3.2773458504482527,3.3028009391025286,3.2709819265603874,3.29007339477539,33468677,0.0,0.0
601939.SS,2016-09-22 00:00:00+08:00,3.3028006113092028,3.328255697437136,3.290073068245236,3.315528154373169,53546588,0.0,0.0
601939.SS,2016-09-23 00:00:00+08:00,3.3155283479927,3.3346195119792497,3.309164424364796,3.3282558917999268,37562046,0.0,0.0
601939.SS,2016-09-26 00:00:00+08:00,3.328256325332732,3.334619946340969,3.2773461434723536,3.283709764480591,70078477,0.0,0.0
601939.SS,2016-09-27 00:00:00+08:00,3.27734604205963,3.3028011322021484,3.264618496988371,3.3028011322021484,41671890,0.0,0.0
601939.SS,2016-09-28 00:00:00+08:00,3.296436820990201,3.296436820990201,3.2709817338357268,3.277345657348633,33409468,0.0,0.0
601939.SS,2016-09-29 00:00:00+08:00,3.2837094708875254,3.3028009391025286,3.2773458504482527,3.29007339477539,41633415,0.0,0.0
601939.SS,2016-09-30 00:00:00+08:00,3.2837090057089102,3.315528013743489,3.2837090057089102,3.296436548233032,32329683,0.0,0.0
601939.SS,2016-10-10 00:00:00+08:00,3.3028006113092028,3.321891774180871,3.3028006113092028,3.315528154373169,49021268,0.0,0.0
601939.SS,2016-10-11 00:00:00+08:00,3.321891774180871,3.321891774180871,3.3028006113092028,3.315528154373169,48047380,0.0,0.0
601939.SS,2016-10-12 00:00:00+08:00,3.309164090757154,3.309164090757154,3.2837090057089102,3.296436548233032,47595592,0.0,0.0
601939.SS,2016-10-13 00:00:00+08:00,3.2964373099456856,3.302801234402543,3.26461859800726,3.283709764480591,74560322,0.0,0.0
601939.SS,2016-10-14 00:00:00+08:00,3.2773461434723536,3.283709764480592,3.26461859800726,3.283709764480591,57357262,0.0,0.0
601939.SS,2016-10-17 00:00:00+08:00,3.290073735665515,3.290073735665515,3.258254719826552,3.270982265472412,49181337,0.0,0.0
601939.SS,2016-10-18 00:00:00+08:00,3.258254382233249,3.29007339477539,3.258254382233249,3.29007339477539,50151828,0.0,0.0
601939.SS,2016-10-19 00:00:00+08:00,3.290072928695246,3.315528013743489,3.2837090057089102,3.296436548233032,53758805,0.0,0.0
601939.SS,2016-10-20 00:00:00+08:00,3.296436548233032,3.302800471219368,3.2837090057089102,3.296436548233032,36166503,0.0,0.0
601939.SS,2016-10-21 00:00:00+08:00,3.290073122473454,3.3091642856597905,3.290073122473454,3.30916428565979,38375623,0.0,0.0
601939.SS,2016-10-24 00:00:00+08:00,3.309164986460247,3.372803019754531,3.309164986460247,3.3600754737854004,111905459,0.0,0.0
601939.SS,2016-10-25 00:00:00+08:00,3.3600752448349795,3.366438865661621,3.340983775457832,3.366438865661621,48291401,0.0,0.0
601939.SS,2016-10-26 00:00:00+08:00,3.3600743784252787,3.3664379976110337,3.33461899133666,3.340982913970948,42966795,0.0,0.0
601939.SS,2016-10-27 00:00:00+08:00,3.3346195119792497,3.340983435607153,3.3155283479927,3.3282558917999268,33182890,0.0,0.0
601939.SS,2016-10-28 00:00:00+08:00,3.328255318537531,3.3664379433825937,3.321891396005756,3.347346782684326,69774703,0.0,0.0
601939.SS,2016-10-31 00:00:00+08:00,3.340982860152552,3.3537104017675725,3.321891396005756,3.347346782684326,34605010,0.0,0.0
601939.SS,2016-11-01 00:00:00+08:00,3.340983775457832,3.372802789936874,3.340983775457832,3.366438865661621,45687049,0.0,0.0
601939.SS,2016-11-02 00:00:00+08:00,3.3600743242993474,3.3600743242993474,3.3346189376207773,3.347346782684326,53759761,0.0,0.0
601939.SS,2016-11-03 00:00:00+08:00,3.340983775457832,3.372802789936874,3.334619851182578,3.366438865661621,59930782,0.0,0.0
601939.SS,2016-11-04 00:00:00+08:00,3.3600743784252787,3.379165539431077,3.328255372150904,3.340982913970948,77756665,0.0,0.0
601939.SS,2016-11-07 00:00:00+08:00,3.33461899133666,3.3537104557909907,3.328255372150904,3.340982913970948,52866942,0.0,0.0
601939.SS,2016-11-08 00:00:00+08:00,3.347347407971349,3.3855300399489567,3.347347407971349,3.372802495956421,110583546,0.0,0.0
601939.SS,2016-11-09 00:00:00+08:00,3.3728023567413654,3.3728023567413654,3.315528259414695,3.353710889816284,103052590,0.0,0.0
601939.SS,2016-11-10 00:00:00+08:00,3.366438582220934,3.385530049990657,3.360074961930084,3.3791661262512207,55205334,0.0,0.0
601939.SS,2016-11-11 00:00:00+08:00,3.372802451141178,3.3855299949646,3.360074907317756,3.3855299949646,61698906,0.0,0.0
601939.SS,2016-11-14 00:00:00+08:00,3.3728022241150204,3.3982573100484608,3.36643830090738,3.3918933868408203,95098880,0.0,0.0
601939.SS,2016-11-15 00:00:00+08:00,3.385530049990657,3.398257594020944,3.360074961930084,3.3791661262512207,107129810,0.0,0.0
601939.SS,2016-11-16 00:00:00+08:00,3.385530049990657,3.385530049990657,3.360074961930084,3.3791661262512207,57714900,0.0,0.0
601939.SS,2016-11-17 00:00:00+08:00,3.366438582220934,3.3791661262512207,3.366438582220934,3.3791661262512207,27757601,0.0,0.0
601939.SS,2016-11-18 00:00:00+08:00,3.372802789936874,3.379166410763516,3.3600752448349795,3.366438865661621,34525380,0.0,0.0
601939.SS,2016-11-21 00:00:00+08:00,3.360074907317756,3.398257538788022,3.360074907317756,3.3855299949646,73719501,0.0,0.0
601939.SS,2016-11-22 00:00:00+08:00,3.3855303792816724,3.410985469818116,3.372802834013452,3.4109854698181152,95314630,0.0,0.0
601939.SS,2016-11-23 00:00:00+08:00,3.4046205089523167,3.493713298706335,3.4046205089523167,3.436439514160156,137946984,0.0,0.0
601939.SS,2016-11-24 00:00:00+08:00,3.430076360702514,3.442803904949239,3.4046212722090647,3.430076360702514,126076987,0.0,0.0
601939.SS,2016-11-25 00:00:00+08:00,3.442803267171331,3.544623905731488,3.442803267171331,3.538259983062744,202798619,0.0,0.0
601939.SS,2016-11-28 00:00:00+08:00,3.5446240468073724,3.665535851288976,3.538260123885345,3.557351589202881,170117026,0.0,0.0
601939.SS,2016-11-29 00:00:00+08:00,3.5509885254815496,3.60826263184371,3.538260980006472,3.5828075408935547,106271649,0.0,0.0
601939.SS,2016-11-30 00:00:00+08:00,3.5828074408090544,3.608262531048131,3.531897260330901,3.5446248054504395,90803767,0.0,0.0
601939.SS,2016-12-01 00:00:00+08:00,3.538260123885345,3.5828066739938977,3.531896504411864,3.557351589202881,66218707,0.0,0.0
601939.SS,2016-12-02 00:00:00+08:00,3.550987773196208,3.640080572647229,3.53189661075241,3.595534324645996,146017391,0.0,0.0
601939.SS,2016-12-05 00:00:00+08:00,3.5764428587536425,3.627353029868511,3.5573516963098446,3.595534324645996,105846599,0.0,0.0
601939.SS,2016-12-06 00:00:00+08:00,3.589170784609127,3.601898328746272,3.5382606080605505,3.563715696334839,94349849,0.0,0.0
601939.SS,2016-12-07 00:00:00+08:00,3.557352156876761,3.557352156876761,3.5064419791706016,3.5318970680236816,89317200,0.0,0.0
601939.SS,2016-12-08 00:00:00+08:00,3.531897260330901,3.550988426285903,3.5191697152113632,3.5446248054504395,57853335,0.0,0.0
601939.SS,2016-12-09 00:00:00+08:00,3.538260576610377,3.659172396562804,3.531896956322663,3.64008092880249,189174449,0.0,0.0
601939.SS,2016-12-12 00:00:00+08:00,3.6337175369262695,3.7164467300069206,3.5828073576300548,3.6337175369262695,205396055,0.0,0.0
601939.SS,2016-12-13 00:00:00+08:00,3.614625575723178,3.6337170420836697,3.550987860269147,3.5700793266296387,101443283,0.0,0.0
601939.SS,2016-12-14 00:00:00+08:00,3.5700793266296382,3.627353118813985,3.550987860269147,3.5700793266296387,89829923,0.0,0.0
601939.SS,2016-12-15 00:00:00+08:00,3.5573513208210734,3.5573513208210734,3.4237119840262857,3.442803144454956,154580548,0.0,0.0
601939.SS,2016-12-16 00:00:00+08:00,3.4428041347463654,3.455531679842617,3.398257878633792,3.423712968826294,95002144,0.0,0.0
601939.SS,2016-12-19 00:00:00+08:00,3.4046212722090647,3.442803904949239,3.4046212722090647,3.430076360702514,52795851,0.0,0.0
601939.SS,2016-12-20 00:00:00+08:00,3.430076015740981,3.436439938948621,3.3728022241150204,3.3918933868408203,61163615,0.0,0.0
601939.SS,2016-12-21 00:00:00+08:00,3.398257696795817,3.436440330041449,3.3855301523806065,3.417348861694336,61169933,0.0,0.0
601939.SS,2016-12-22 00:00:00+08:00,3.4173481893415256,3.430075731252632,3.391893105519314,3.40462064743042,41642051,0.0,0.0
601939.SS,2016-12-23 00:00:00+08:00,3.3982573100484608,3.4109848530151807,3.3791658438741004,3.3918933868408203,52022519,0.0,0.0
601939.SS,2016-12-26 00:00:00+08:00,3.3855303792816724,3.4173490907279187,3.3664389096550327,3.4109854698181152,43760279,0.0,0.0
601939.SS,2016-12-27 00:00:00+08:00,3.404621545459697,3.423713015086337,3.391894000191476,3.4109854698181152,43023362,0.0,0.0
601939.SS,2016-12-28 00:00:00+08:00,3.410985241211028,3.417348861694336,3.3918937728639142,3.417348861694336,36008194,0.0,0.0
601939.SS,2016-12-29 00:00:00+08:00,3.423712650659473,3.4682589026323485,3.417348726978444,3.455531358718872,64463499,0.0,0.0
601939.SS,2016-12-30 00:00:00+08:00,3.455531779812867,3.468259325277332,3.430076688883936,3.461895704269409,93552353,0.0,0.0
601939.SS,2017-01-03 00:00:00+08:00,3.461895385158125,3.519169486193105,3.4491678408668616,3.493714094161988,76914207,0.0,0.0
601939.SS,2017-01-04 00:00:00+08:00,3.480986549870724,3.5064419419018424,3.474622929449388,3.493714094161988,76188330,0.0,0.0
601939.SS,2017-01-05 00:00:00+08:00,3.493714094161988,3.493714094161988,3.480986549870724,3.493714094161988,47084836,0.0,0.0
601939.SS,2017-01-06 00:00:00+08:00,3.487350509279977,3.487350509279977,3.455531496503258,3.474622964859009,61004072,0.0,0.0
601939.SS,2017-01-09 00:00:00+08:00,3.4618956673038523,3.493714378900951,3.449168121975289,3.480986833572388,69641652,0.0,0.0
601939.SS,2017-01-10 00:00:00+08:00,3.474623212632415,3.4873507579609777,3.468259288243825,3.480986833572388,39418988,0.0,0.0
601939.SS,2017-01-11 00:00:00+08:00,3.480986833572388,3.5000783032895404,3.468259288243825,3.480986833572388,51083949,0.0,0.0
601939.SS,2017-01-12 00:00:00+08:00,3.480986549870724,3.500078018031915,3.4682590055794607,3.493714094161988,49778430,0.0,0.0
601939.SS,2017-01-13 00:00:00+08:00,3.480986641395335,3.5446246679734603,3.480986641395335,3.5255331993103027,89714563,0.0,0.0
601939.SS,2017-01-16 00:00:00+08:00,3.519169154266413,3.589170489541566,3.500077687905922,3.5700793266296387,153474568,0.0,0.0
601939.SS,2017-01-17 00:00:00+08:00,3.550989054276537,3.5891716963877327,3.5446254323156703,3.576444149017334,65473410,0.0,0.0
601939.SS,2017-01-18 00:00:00+08:00,3.570080527056468,3.5891716963877327,3.563716601646936,3.576444149017334,67366009,0.0,0.0
601939.SS,2017-01-19 00:00:00+08:00,3.570080527056468,3.6018992437581314,3.5382615069061383,3.576444149017334,77498635,0.0,0.0
601939.SS,2017-01-20 00:00:00+08:00,3.5637154033599536,3.57644294645076,3.550987860269147,3.5700793266296387,54186619,0.0,0.0
601939.SS,2017-01-23 00:00:00+08:00,3.570079665499301,3.570079665499301,3.531897032602611,3.55098819732666,77252909,0.0,0.0
601939.SS,2017-01-24 00:00:00+08:00,3.550987773196208,3.601897944311077,3.544624153531128,3.595534324645996,81902690,0.0,0.0
601939.SS,2017-01-25 00:00:00+08:00,3.601898148866028,3.627353235869079,3.595534528839552,3.6146256923675537,71469792,0.0,0.0
601939.SS,2017-01-26 00:00:00+08:00,3.620989901426623,3.671900079447962,3.614625977449657,3.659172534942627,81237606,0.0,0.0
601939.SS,2017-02-03 00:00:00+08:00,3.6591717091427447,3.671899250775735,3.614625161703015,3.6209890842437744,49766644,0.0,0.0
601939.SS,2017-02-06 00:00:00+08:00,3.6273528004698377,3.6273528004698377,3.5891701745484066,3.601897716522217,68910766,0.0,0.0
601939.SS,2017-02-07 00:00:00+08:00,3.595534324645996,3.601897944311077,3.5764428587536425,3.595534324645996,48720145,0.0,0.0
601939.SS,2017-02-08 00:00:00+08:00,3.58917040153236,3.601897944311077,3.5573516963098446,3.595534324645996,53181025,0.0,0.0
601939.SS,2017-02-09 00:00:00+08:00,3.5891706053645027,3.627353235869079,3.5891706053645027,3.6146256923675537,48399741,0.0,0.0
601939.SS,2017-02-10 00:00:00+08:00,3.620989764490762,3.64008092880249,3.608262220466748,3.64008092880249,56728301,0.0,0.0
601939.SS,2017-02-13 00:00:00+08:00,3.646445182021306,3.697355362717464,3.64008125770998,3.6719002723693848,69762560,0.0,0.0
601939.SS,2017-02-14 00:00:00+08:00,3.66553636839675,3.690991456778789,3.659172444576945,3.684627532958984,59486922,0.0,0.0
601939.SS,2017-02-15 00:00:00+08:00,3.6846274471018026,3.792811721928914,3.678263826878869,3.767356634140015,166830491,0.0,0.0
601939.SS,2017-02-16 00:00:00+08:00,3.7737199715350536,3.8119026003567393,3.7482648856539296,3.7800838947296143,90676280,0.0,0.0
601939.SS,2017-02-17 00:00:00+08:00,3.780084072858183,3.786447692904056,3.7037188116162576,3.7291738986968994,69312811,0.0,0.0
601939.SS,2017-02-20 00:00:00+08:00,3.7228099470537055,3.8246305980549655,3.716446327055949,3.805539131164551,134592827,0.0,0.0
601939.SS,2017-02-21 00:00:00+08:00,3.799175057416177,3.830994066491862,3.7609924285944913,3.7800838947296143,108818861,0.0,0.0
601939.SS,2017-02-22 00:00:00+08:00,3.780083624293279,3.799174785614014,3.760992159524006,3.7991747856140137,37758417,0.0,0.0
601939.SS,2017-02-23 00:00:00+08:00,3.799174785614014,3.818266250383287,3.767356082263276,3.7991747856140137,48387175,0.0,0.0
601939.SS,2017-02-24 00:00:00+08:00,3.792811925875288,3.799175546440405,3.773720457282739,3.786448001861572,40086094,0.0,0.0
601939.SS,2017-02-27 00:00:00+08:00,3.7864478435240585,3.7864478435240585,3.735537667337634,3.754629135131836,58252390,0.0,0.0
601939.SS,2017-02-28 00:00:00+08:00,3.7482651665740496,3.773720254362949,3.741901546351116,3.767356634140015,41806275,0.0,0.0
601939.SS,2017-03-01 00:00:00+08:00,3.767356734492972,3.7928118229599295,3.7291741017925335,3.748265266418457,76740809,0.0,0.0
601939.SS,2017-03-02 00:00:00+08:00,3.754629383125886,3.7800844729004126,3.748265458957952,3.760993003845215,69702642,0.0,0.0
601939.SS,2017-03-03 00:00:00+08:00,3.748265495323305,3.760993040334049,3.722810405301815,3.741901874542236,36972871,0.0,0.0
601939.SS,2017-03-06 00:00:00+08:00,3.729174329531492,3.780084509574471,3.729174329531492,3.741901874542236,67914261,0.0,0.0
601939.SS,2017-03-07 00:00:00+08:00,3.741901265907929,3.7864475144756153,3.741901265907929,3.7800838947296143,47867370,0.0,0.0
601939.SS,2017-03-08 00:00:00+08:00,3.773720354885416,3.780084278726451,3.7482652664184575,3.748265266418457,33034726,0.0,0.0
601939.SS,2017-03-09 00:00:00+08:00,3.748265551028754,3.7609930962286513,3.729174384953216,3.7355380058288574,44655062,0.0,0.0
601939.SS,2017-03-10 00:00:00+08:00,3.73553795031256,3.754629419552981,3.7164467845207474,3.741901874542236,49463501,0.0,0.0
601939.SS,2017-03-13 00:00:00+08:00,3.729174012409641,3.773720264434815,3.703718924552805,3.7737202644348153,46721991,0.0,0.0
601939.SS,2017-03-14 00:00:00+08:00,3.767356644194897,3.786447808363233,3.767356644194897,3.7737202644348153,41760393,0.0,0.0
601939.SS,2017-03-15 00:00:00+08:00,3.767356644194897,3.780084188123316,3.7482651765779775,3.7737202644348153,41611412,0.0,0.0
601939.SS,2017-03-16 00:00:00+08:00,3.767356634140015,3.8119028860462967,3.760992710468499,3.767356634140015,84611744,0.0,0.0
601939.SS,2017-03-17 00:00:00+08:00,3.773720354885416,3.780084278726451,3.7291741017925335,3.748265266418457,47030536,0.0,0.0
601939.SS,2017-03-20 00:00:00+08:00,3.754629419552981,3.760993040334049,3.722810405301815,3.741901874542236,42421250,0.0,0.0
601939.SS,2017-03-21 00:00:00+08:00,3.741901646026013,3.767356734492972,3.7291741017925335,3.748265266418457,56903854,0.0,0.0
601939.SS,2017-03-22 00:00:00+08:00,3.7355371713594985,3.741901094262138,3.671899459575832,3.690990924835205,71331032,0.0,0.0
601939.SS,2017-03-23 00:00:00+08:00,3.684627388732362,3.729173943381549,3.684627388732362,3.7164463996887207,39156906,0.0,0.0
601939.SS,2017-03-24 00:00:00+08:00,3.703718855995893,3.7228100198108462,3.690991312303065,3.7164463996887207,52243115,0.0,0.0
601939.SS,2017-03-27 00:00:00+08:00,3.710082534890701,3.780084178034465,3.703718914667768,3.767356634140015,94537124,0.0,0.0
601939.SS,2017-03-28 00:00:00+08:00,3.767356928013149,3.7737205487324776,3.748265458957952,3.760993003845215,38946310,0.0,0.0
601939.SS,2017-03-29 00:00:00+08:00,3.760992720506396,3.773720264434815,3.754629100266479,3.7737202644348153,55590681,0.0,0.0
601939.SS,2017-03-30 00:00:00+08:00,3.760992720506396,3.780084188123316,3.716446468481223,3.7737202644348153,85453798,0.0,0.0
601939.SS,2017-03-31 00:00:00+08:00,3.7609924285944913,3.805538980610738,3.75462880884849,3.7800838947296143,81227052,0.0,0.0
601939.SS,2017-04-05 00:00:00+08:00,3.7991751092093975,3.8373580420001816,3.792811489376642,3.824630498886109,94484600,0.0,0.0
601939.SS,2017-04-06 00:00:00+08:00,3.8246312699928544,3.830994891108617,3.805539799748317,3.818267345428467,68117097,0.0,0.0
601939.SS,2017-04-07 00:00:00+08:00,3.81826706128506,3.837358530108871,3.805539516552054,3.8309946060180655,65405820,0.0,0.0
601939.SS,2017-04-10 00:00:00+08:00,3.84372180652917,3.84372180652917,3.786447708635485,3.792811632156372,67252129,0.0,0.0
601939.SS,2017-04-11 00:00:00+08:00,3.7864478435240585,3.792811767271655,3.729174047038624,3.754629135131836,72049735,0.0,0.0
601939.SS,2017-04-12 00:00:00+08:00,3.7482650778558857,3.8246306428636574,3.7419014577835736,3.792811632156372,66757220,0.0,0.0
601939.SS,2017-04-13 00:00:00+08:00,3.786447798257398,3.792811721928914,3.7546290902455657,3.767356634140015,28028913,0.0,0.0
601939.SS,2017-04-14 00:00:00+08:00,3.760993040334049,3.7737205853447935,3.73553795031256,3.741901874542236,44194601,0.0,0.0
601939.SS,2017-04-17 00:00:00+08:00,3.735537722184978,3.754629190259492,3.703719013325575,3.748265266418457,65386087,0.0,0.0
601939.SS,2017-04-18 00:00:00+08:00,3.735537618737377,3.741901542402177,3.703718910759125,3.710082530975342,49381460,0.0,0.0
601939.SS,2017-04-19 00:00:00+08:00,3.7037190365963486,3.710082657028776,3.659172479774986,3.665536403656006,74943324,0.0,0.0
601939.SS,2017-04-20 00:00:00+08:00,3.659172479774986,3.684627568401881,3.646444935461538,3.665536403656006,45667740,0.0,0.0
601939.SS,2017-04-21 00:00:00+08:00,3.66553628298442,3.773720254362949,3.66553628298442,3.767356634140015,89239978,0.0,0.0
601939.SS,2017-04-24 00:00:00+08:00,3.74826521138424,3.773720299477452,3.722810123291028,3.754629135131836,74906432,0.0,0.0
601939.SS,2017-04-25 00:00:00+08:00,3.7482651765779775,3.7928117320517343,3.74190155633806,3.7737202644348153,60689032,0.0,0.0
601939.SS,2017-04-26 00:00:00+08:00,3.767356500832293,3.818266674608637,3.767356500832293,3.805539131164551,88709284,0.0,0.0
601939.SS,2017-04-27 00:00:00+08:00,3.8055391757495713,3.8246306428636574,3.7419014577835736,3.792811632156372,80916665,0.0,0.0
601939.SS,2017-04-28 00:00:00+08:00,3.780084044276379,3.818266674608637,3.767356500832293,3.805539131164551,57375903,0.0,0.0
601939.SS,2017-05-02 00:00:00+08:00,3.799175638507004,3.805539562674938,3.760993003845215,3.760993003845215,37316034,0.0,0.0
601939.SS,2017-05-03 00:00:00+08:00,3.760993040334049,3.7673569645637257,3.729174329531492,3.741901874542236,33584280,0.0,0.0
601939.SS,2017-05-04 00:00:00+08:00,3.741901646026013,3.7609928106519366,3.7164465575590544,3.748265266418457,46872029,0.0,0.0
601939.SS,2017-05-05 00:00:00+08:00,3.741901265907929,3.7864475144756153,3.7228097997728056,3.7800838947296143,75381423,0.0,0.0
601939.SS,2017-05-08 00:00:00+08:00,3.760992720506396,3.780084188123316,3.7482651765779775,3.7737202644348153,80890440,0.0,0.0
601939.SS,2017-05-09 00:00:00+08:00,3.773720264434815,3.7928117320517343,3.754629100266479,3.7737202644348153,56040641,0.0,0.0
601939.SS,2017-05-10 00:00:00+08:00,3.7737199715350536,3.792811437670176,3.7609924285944913,3.7800838947296143,59725684,0.0,0.0
601939.SS,2017-05-11 00:00:00+08:00,3.780084708388017,3.8246312699928544,3.780084708388017,3.818267345428467,102501317,0.0,0.0
601939.SS,2017-05-12 00:00:00+08:00,3.811903057792516,3.926451261452141,3.799175513324624,3.920087337493897,166207225,0.0,0.0
601939.SS,2017-05-15 00:00:00+08:00,3.926451251635167,3.996452897757852,3.907359783256764,3.9137237071990967,107750157,0.0,0.0
601939.SS,2017-05-16 00:00:00+08:00,3.900995536319212,3.900995536319212,3.850085366750372,3.888267993927002,93721920,0.0,0.0
601939.SS,2017-05-17 00:00:00+08:00,3.875541302532092,3.881904923401257,3.83735866697126,3.850086212158203,75508924,0.0,0.0
601939.SS,2017-05-18 00:00:00+08:00,3.837358384249349,3.8628134727478014,3.83099446040044,3.8628134727478014,44389714,0.0,0.0
601939.SS,2017-05-19 00:00:00+08:00,3.856449833027369,3.875541302532092,3.830994742653481,3.850086212158203,51496171,0.0,0.0
601939.SS,2017-05-22 00:00:00+08:00,3.850085366750372,3.894631613398834,3.837357824358162,3.888267993927002,69332319,0.0,0.0
601939.SS,2017-05-23 00:00:00+08:00,3.888268068533478,3.983724790030912,3.888268068533478,3.945541858673096,149463291,0.0,0.0
601939.SS,2017-05-24 00:00:00+08:00,3.945542325562417,3.970997413847445,3.913723616930426,3.939178705215454,90822893,0.0,0.0
601939.SS,2017-05-25 00:00:00+08:00,3.920087006160173,4.085545373706488,3.920087006160173,3.996452569961548,227593453,0.0,0.0
601939.SS,2017-05-26 00:00:00+08:00,4.002816495669156,4.072818141396916,3.990088951304889,4.053726673126221,99068136,0.0,0.0
601939.SS,2017-05-31 00:00:00+08:00,4.047363052668384,4.098273230125449,4.002816495669156,4.053726673126221,94955255,0.0,0.0
601939.SS,2017-06-01 00:00:00+08:00,4.034635418582555,4.091909215223811,4.021907874501322,4.079181671142578,57503511,0.0,0.0
601939.SS,2017-06-02 00:00:00+08:00,4.072817946814243,4.11100057808283,4.021907771789459,4.040998935699463,77859772,0.0,0.0
601939.SS,2017-06-05 00:00:00+08:00,4.0409991515598005,4.0409991515598005,3.8946322388206935,3.9137237071990967,192729878,0.0,0.0
601939.SS,2017-06-06 00:00:00+08:00,3.9137234242727104,3.932814587822402,3.894631957274445,3.926450967788696,83785991,0.0,0.0
601939.SS,2017-06-07 00:00:00+08:00,3.9328150749206543,3.983725558738681,3.920087529828301,3.9328150749206543,92100848,0.0,0.0
601939.SS,2017-06-08 00:00:00+08:00,3.926451454098783,3.958270165105362,3.8882688188217216,3.9328150749206543,74792503,0.0,0.0
601939.SS,2017-06-09 00:00:00+08:00,3.932814499236819,4.009180062061192,3.920086956007518,3.9519059658050537,147841410,0.0,0.0
601939.SS,2017-06-12 00:00:00+08:00,3.94554224575646,4.009180268630421,3.939178625538213,3.9709973335266113,96629483,0.0,0.0
601939.SS,2017-06-13 00:00:00+08:00,3.970996522340488,3.996451908359253,3.958268981055365,3.990087985992432,46252073,0.0,0.0
601939.SS,2017-06-14 00:00:00+08:00,3.990088745949215,3.9964526695281166,3.939178571112316,3.9773612022399902,62066349,0.0,0.0
601939.SS,2017-06-15 00:00:00+08:00,3.9646338948558166,3.9709975153654646,3.907359793026005,3.920087337493897,61636044,0.0,0.0
601939.SS,2017-06-16 00:00:00+08:00,3.920086229123222,3.932813769992512,3.856448524776776,3.894631147384644,68010182,0.0,0.0
601939.SS,2017-06-19 00:00:00+08:00,3.894631147384644,3.894631147384644,3.894631147384644,3.894631147384644,0,0.0,0.0
601939.SS,2017-06-20 00:00:00+08:00,3.900995880756725,3.939178511304681,3.900995880756725,3.926450967788696,48954437,0.0,0.0
601939.SS,2017-06-21 00:00:00+08:00,3.939178705215454,3.945542325562417,3.907359693134875,3.939178705215454,39904923,0.0,0.0
601939.SS,2017-06-22 00:00:00+08:00,3.93281389848512,4.03463453221462,3.9264502795668186,3.990087985992432,155174214,0.0,0.0
601939.SS,2017-06-23 00:00:00+08:00,3.983725647109576,4.034635828608331,3.977361722697923,4.021908283233643,79015551,0.0,0.0
601939.SS,2017-06-26 00:00:00+08:00,4.0346354054671885,4.104636745962124,3.9964527733476087,4.0155439376831055,181655715,0.0,0.0
601939.SS,2017-06-27 00:00:00+08:00,4.015543320641157,4.0600898696597865,3.990088236472952,4.047362327575684,90783288,0.0,0.0
601939.SS,2017-06-28 00:00:00+08:00,4.053726335747425,4.098272889039185,4.03463517251422,4.072817802429199,102707368,0.0,0.0
601939.SS,2017-06-29 00:00:00+08:00,4.072817714385841,4.104636420236205,4.066453791146631,4.098272800445557,91040280,0.0,0.0
601939.SS,2017-06-30 00:00:00+08:00,4.11689547619827,4.11689547619827,4.0570374442724,4.090291976928711,93221208,0.278,0.0
601939.SS,2017-07-03 00:00:00+08:00,4.083641052246094,4.103593835798757,4.063688585832166,4.083641052246094,71036693,0.0,0.0
601939.SS,2017-07-04 00:00:00+08:00,4.083640743101706,4.090291776162002,4.017131998192306,4.063688278198242,101724828,0.0,0.0
601939.SS,2017-07-05 00:00:00+08:00,4.043735395937549,4.057037144589764,4.017131898633121,4.050386428833008,94426795,0.0,0.0
601939.SS,2017-07-06 00:00:00+08:00,4.043735395937549,4.057037144589764,4.023782931528579,4.050386428833008,97696093,0.0,0.0
601939.SS,2017-07-07 00:00:00+08:00,4.043735496156066,4.070338994119826,4.030433747174186,4.063688278198242,77136948,0.0,0.0
601939.SS,2017-07-10 00:00:00+08:00,4.057037731564268,4.063688765422002,4.037085264268565,4.043735980987549,58024215,0.0,0.0
601939.SS,2017-07-11 00:00:00+08:00,4.043735627030316,4.14349890619258,4.037084910893483,4.123546123504639,147590971,0.0,0.0
601939.SS,2017-07-12 00:00:00+08:00,4.123546312634897,4.223309596372896,4.116895596193023,4.170102596282959,113159916,0.0,0.0
601939.SS,2017-07-13 00:00:00+08:00,4.190055847167969,4.223310067363376,4.176754095662052,4.190055847167969,105748584,0.0,0.0
601939.SS,2017-07-14 00:00:00+08:00,4.196706185973362,4.216658970002666,4.17010268536012,4.203357219696045,73939790,0.0,0.0
601939.SS,2017-07-17 00:00:00+08:00,4.210007972116146,4.34302579345337,4.190055505055747,4.336374759674072,227322254,0.0,0.0
601939.SS,2017-07-18 00:00:00+08:00,4.296469119776228,4.336374367426132,4.2166586244764215,4.263214588165283,134249511,0.0,0.0
601939.SS,2017-07-19 00:00:00+08:00,4.249912830666992,4.3363743589759896,4.236611081476279,4.283167362213135,145436001,0.0,0.0
601939.SS,2017-07-20 00:00:00+08:00,4.269865811516381,4.316421777278775,4.263214778042477,4.309771060943604,78960093,0.0,0.0
601939.SS,2017-07-21 00:00:00+08:00,4.296468842807515,4.309770591166663,4.2632143133403,4.289817810058594,66447622,0.0,0.0
601939.SS,2017-07-24 00:00:00+08:00,4.276517583748594,4.3563284194475305,4.269866865771322,4.303121089935303,99735131,0.0,0.0
601939.SS,2017-07-25 00:00:00+08:00,4.303119971446033,4.456090250828185,4.303119971446033,4.4294867515563965,154943411,0.0,0.0
601939.SS,2017-07-26 00:00:00+08:00,4.4095349313565535,4.569155950360467,4.389582145411677,4.495996475219727,164346551,0.0,0.0
601939.SS,2017-07-27 00:00:00+08:00,4.482693471065507,4.50264625284671,4.429486475833906,4.456089973449707,98030034,0.0,0.0
601939.SS,2017-07-28 00:00:00+08:00,4.449439645159631,4.535901178511103,4.389581611741115,4.529250144958496,116361457,0.0,0.0
601939.SS,2017-07-31 00:00:00+08:00,4.515948204261234,4.555853452475271,4.462741206642518,4.482693672180176,71341437,0.0,0.0
601939.SS,2017-08-01 00:00:00+08:00,4.48269365507539,4.549202718983725,4.48269365507539,4.522599220275879,80796666,0.0,0.0
601939.SS,2017-08-02 00:00:00+08:00,4.5225988797290455,4.622361833802064,4.50929713137673,4.582456588745117,95767566,0.0,0.0
601939.SS,2017-08-03 00:00:00+08:00,4.582457235145196,4.668918770200834,4.535901267914269,4.562504768371582,121573483,0.0,0.0
601939.SS,2017-08-04 00:00:00+08:00,4.542551984459227,4.602410019057552,4.52925023423057,4.562504768371582,64062752,0.0,0.0
601939.SS,2017-08-07 00:00:00+08:00,4.549202919006348,4.589108168822699,4.509297669189996,4.549202919006348,66966506,0.0,0.0
601939.SS,2017-08-08 00:00:00+08:00,4.535900893507585,4.582456856895646,4.509297395246204,4.575806140899658,56241999,0.0,0.0
601939.SS,2017-08-09 00:00:00+08:00,4.555853248078311,4.569154996886211,4.449439257615111,4.456089973449707,75945708,0.0,0.0
601939.SS,2017-08-10 00:00:00+08:00,4.442788501192291,4.476043033851392,4.356327287128339,4.4294867515563965,120469044,0.0,0.0
601939.SS,2017-08-11 00:00:00+08:00,4.382931330530352,4.4294873014664295,4.316422256955212,4.396233081817627,165985986,0.0,0.0
601939.SS,2017-08-14 00:00:00+08:00,4.376280296317331,4.402883798891881,4.336375042455507,4.396233081817627,81000405,0.0,0.0
601939.SS,2017-08-15 00:00:00+08:00,4.416185111674071,4.575806428410535,4.416185111674071,4.529250144958496,131753349,0.0,0.0
601939.SS,2017-08-16 00:00:00+08:00,4.509298226803386,4.5292506956094885,4.456090903329975,4.495996475219727,80476238,0.0,0.0
601939.SS,2017-08-17 00:00:00+08:00,4.495996475219727,4.502647192442169,4.456090903329975,4.495996475219727,48875314,0.0,0.0
601939.SS,2017-08-18 00:00:00+08:00,4.46274147413275,4.509297758409003,4.409534473324884,4.476043224334717,79356893,0.0,0.0
601939.SS,2017-08-21 00:00:00+08:00,4.449440186107532,4.509298226803386,4.429487400162656,4.495996475219727,57213586,0.0,0.0
601939.SS,2017-08-22 00:00:00+08:00,4.4760433130146735,4.515948564411181,4.4760433130146735,4.509297847747803,35916474,0.0,0.0
601939.SS,2017-08-23 00:00:00+08:00,4.509297962281886,4.595759183934353,4.489345177507468,4.589108467102051,94911314,0.0,0.0
601939.SS,2017-08-24 00:00:00+08:00,4.589108395755952,4.688871683799532,4.569155611291736,4.6223626136779785,91815085,0.0,0.0
601939.SS,2017-08-25 00:00:00+08:00,4.629013847085703,4.755380641769621,4.622362812931345,4.7354278564453125,168738538,0.0,0.0
601939.SS,2017-08-28 00:00:00+08:00,4.755380233139956,4.821888983274617,4.675569732978362,4.702173233032227,122298392,0.0,0.0
601939.SS,2017-08-29 00:00:00+08:00,4.708823672489452,4.748728920222905,4.668918424755999,4.728776454925537,72719623,0.0,0.0
601939.SS,2017-08-30 00:00:00+08:00,4.722125980433534,4.762031232888387,4.642315475523827,4.675570011138916,88084668,0.0,0.0
601939.SS,2017-08-31 00:00:00+08:00,4.668919097720469,4.668919097720469,4.555854054276127,4.648966312408447,191242417,0.0,0.0
601939.SS,2017-09-01 00:00:00+08:00,4.6157113966172405,4.668918393235976,4.549202650843823,4.555853366851807,116079293,0.0,0.0
601939.SS,2017-09-04 00:00:00+08:00,4.549202642638276,4.609060355157028,4.509297395246204,4.575806140899658,123184738,0.0,0.0
601939.SS,2017-09-05 00:00:00+08:00,4.575806090650881,4.702172864574116,4.575806090650881,4.695521831512451,98073829,0.0,0.0
601939.SS,2017-09-06 00:00:00+08:00,4.702173142616404,4.708823858932619,4.648965826393037,4.668918609619141,47455229,0.0,0.0
601939.SS,2017-09-07 00:00:00+08:00,4.655616651778828,4.695521899308857,4.648965618621131,4.662267684936523,31125379,0.0,0.0
601939.SS,2017-09-08 00:00:00+08:00,4.662267684936523,4.72212539766221,4.642314902602151,4.662267684936523,53729847,0.0,0.0
601939.SS,2017-09-11 00:00:00+08:00,4.675569922711991,4.715475174412134,4.615711886592401,4.64231538772583,59833845,0.0,0.0
601939.SS,2017-09-12 00:00:00+08:00,4.648966104439813,4.655617138292545,4.582457351606241,4.64231538772583,66044986,0.0,0.0
601939.SS,2017-09-13 00:00:00+08:00,4.629013538360596,4.655617038926218,4.622362504649819,4.629013538360596,63226804,0.0,0.0
601939.SS,2017-09-14 00:00:00+08:00,4.635664135039075,4.642315168577834,4.542551885467589,4.549202919006348,77634327,0.0,0.0
601939.SS,2017-09-15 00:00:00+08:00,4.54920329752383,4.562505048569389,4.502647010294993,4.535901546478272,66276539,0.0,0.0
601939.SS,2017-09-18 00:00:00+08:00,4.535901258812936,4.562504759216869,4.4693921906643626,4.476043224334717,87321584,0.0,0.0
601939.SS,2017-09-19 00:00:00+08:00,4.489345063480176,4.529250314876683,4.456090528747046,4.509297847747803,71887296,0.0,0.0
601939.SS,2017-09-20 00:00:00+08:00,4.509297579325777,4.54920282834687,4.482693762839652,4.515948295593262,52005040,0.0,0.0
601939.SS,2017-09-21 00:00:00+08:00,4.509297689017193,4.629013438992633,4.509297689017193,4.615711688995361,84666632,0.0,0.0
601939.SS,2017-09-22 00:00:00+08:00,4.622362227968031,4.702173042026385,4.609060478481426,4.655616760253906,82740326,0.0,0.0
601939.SS,2017-09-25 00:00:00+08:00,4.609060762801494,4.722125798981666,4.609060762801494,4.715475082397461,107597013,0.0,0.0
601939.SS,2017-09-26 00:00:00+08:00,4.7021731334121135,4.722125599460432,4.682220350225067,4.688871383666992,45312797,0.0,0.0
601939.SS,2017-09-27 00:00:00+08:00,4.68222053949184,4.688871573202617,4.609060754367008,4.629013538360596,56342676,0.0,0.0
601939.SS,2017-09-28 00:00:00+08:00,4.635664353873098,4.655617138292545,4.589108385458973,4.64231538772583,59849839,0.0,0.0
601939.SS,2017-09-29 00:00:00+08:00,4.622362712163242,4.662268281941913,4.60906096128327,4.635664463043213,38255081,0.0,0.0
601939.SS,2017-10-09 00:00:00+08:00,4.801936107330734,4.835190640327998,4.642315110076822,4.668918609619141,125540535,0.0,0.0
601939.SS,2017-10-10 00:00:00+08:00,4.655616949368596,4.708823949476325,4.6489659157857615,4.702173233032227,48482991,0.0,0.0
601939.SS,2017-10-11 00:00:00+08:00,4.702174014131811,4.755381023077999,4.675570509658717,4.722126483917236,54482878,0.0,0.0
601939.SS,2017-10-12 00:00:00+08:00,4.722125699503257,4.762030949584053,4.688871483005294,4.702173233032227,62969133,0.0,0.0
601939.SS,2017-10-13 00:00:00+08:00,4.71547526359377,4.728777014412054,4.668918977160396,4.675570011138916,64711208,0.0,0.0
601939.SS,2017-10-16 00:00:00+08:00,4.688871306189461,4.755380053816099,4.655616773806781,4.742078304290772,79365335,0.0,0.0
601939.SS,2017-10-17 00:00:00+08:00,4.742078212617495,4.755379961885674,4.702172964812955,4.7088236808776855,39442385,0.0,0.0
601939.SS,2017-10-18 00:00:00+08:00,4.715475031308981,4.82854006626418,4.688871530982904,4.815237998962402,109125285,0.0,0.0
601939.SS,2017-10-19 00:00:00+08:00,4.788634586968293,4.848492622375488,4.788634586968293,4.848492622375488,81145247,0.0,0.0
601939.SS,2017-10-20 00:00:00+08:00,4.835190582443003,4.835190582443003,4.788634300231934,4.788634300231934,30962206,0.0,0.0
601939.SS,2017-10-23 00:00:00+08:00,4.762031358785214,4.781984144109523,4.7354278564453125,4.7354278564453125,43363455,0.0,0.0
601939.SS,2017-10-24 00:00:00+08:00,4.7420781364888684,4.788634099610736,4.722125354337559,4.762030601501465,40144036,0.0,0.0
601939.SS,2017-10-25 00:00:00+08:00,4.74872998839033,4.7620317406268775,4.708824731680689,4.722126483917236,44085612,0.0,0.0
601939.SS,2017-10-26 00:00:00+08:00,4.715474791512991,4.715474791512991,4.629013261280695,4.655616760253906,100482307,0.0,0.0
601939.SS,2017-10-27 00:00:00+08:00,4.675569761941439,4.808587263034746,4.662268011832109,4.748729228973389,124511823,0.0,0.0
601939.SS,2017-10-30 00:00:00+08:00,4.762030890694686,4.835190673507456,4.762030890694686,4.82188892364502,117901641,0.0,0.0
601939.SS,2017-10-31 00:00:00+08:00,4.801935848665371,4.815237597720007,4.748728852446829,4.762030601501465,53846020,0.0,0.0
601939.SS,2017-11-01 00:00:00+08:00,4.762030576435546,4.781983358481829,4.655616584558594,4.695521831512451,136460564,0.0,0.0
601939.SS,2017-11-02 00:00:00+08:00,4.6955221994493925,4.708823949476325,4.635664165758829,4.702173233032227,64544712,0.0,0.0
601939.SS,2017-11-03 00:00:00+08:00,4.682220727978681,4.6888717619572,4.615711973887259,4.675570011138916,107653741,0.0,0.0
601939.SS,2017-11-06 00:00:00+08:00,4.63566436427454,4.662268182606411,4.589108395755952,4.6223626136779785,92131001,0.0,0.0
601939.SS,2017-11-07 00:00:00+08:00,4.622362227968031,4.682220259227116,4.595758728994821,4.655616760253906,83353515,0.0,0.0
601939.SS,2017-11-08 00:00:00+08:00,4.662267684936523,4.688871183289877,4.635663869444454,4.662267684936523,63452741,0.0,0.0
601939.SS,2017-11-09 00:00:00+08:00,4.655616938987174,4.675569722552449,4.602409938998091,4.615711688995361,48312025,0.0,0.0
601939.SS,2017-11-10 00:00:00+08:00,4.595758683153095,4.609060432507018,4.515948187029558,4.522599220275879,157628563,0.0,0.0
601939.SS,2017-11-13 00:00:00+08:00,4.529250135528805,4.595758885222724,4.502646635651237,4.549202919006348,189532880,0.0,0.0
601939.SS,2017-11-14 00:00:00+08:00,4.542551885467589,4.569155385345156,4.535901169067564,4.549202919006348,113817476,0.0,0.0
601939.SS,2017-11-15 00:00:00+08:00,4.549202919006348,4.562504668945132,4.52259941912878,4.549202919006348,47821266,0.0,0.0
601939.SS,2017-11-16 00:00:00+08:00,4.542552065342186,4.562504849609813,4.509297847747803,4.509297847747803,66192923,0.0,0.0
601939.SS,2017-11-17 00:00:00+08:00,4.515948800790847,4.655617346558709,4.515948800790847,4.648966312408447,165293145,0.0,0.0
601939.SS,2017-11-20 00:00:00+08:00,4.629013847085703,4.755380641769621,4.622362812931345,4.7354278564453125,149193918,0.0,0.0
601939.SS,2017-11-21 00:00:00+08:00,4.715475388259767,4.795285895279474,4.695522602935458,4.7354278564453125,141094123,0.0,0.0
601939.SS,2017-11-22 00:00:00+08:00,4.788634507827064,4.908350576662922,4.78198379130215,4.901699542999268,184046864,0.0,0.0
601939.SS,2017-11-23 00:00:00+08:00,4.901699343563518,4.994811908233761,4.8019360626389584,4.875095844268799,165959693,0.0,0.0
601939.SS,2017-11-24 00:00:00+08:00,4.87509553485628,4.9016990324625285,4.742078046825038,4.855143070220947,95742918,0.0,0.0
601939.SS,2017-11-27 00:00:00+08:00,4.828539655731004,4.835190371677695,4.715474630388844,4.781983375549316,135886354,0.0,0.0
601939.SS,2017-11-28 00:00:00+08:00,4.7620317406268775,4.7620317406268775,4.682221227207595,4.722126483917236,81601943,0.0,0.0
601939.SS,2017-11-29 00:00:00+08:00,4.715475012269431,4.768682012706754,4.702173262160101,4.748729228973389,95347712,0.0,0.0
601939.SS,2017-11-30 00:00:00+08:00,4.728776762378762,4.755380262597424,4.715475012269431,4.748729228973389,63390499,0.0,0.0
601939.SS,2017-12-01 00:00:00+08:00,4.748729392259546,4.748729392259546,4.635664353873098,4.64231538772583,98208889,0.0,0.0
601939.SS,2017-12-04 00:00:00+08:00,4.622362227968031,4.675569543053175,4.602409762307485,4.655616760253906,57495477,0.0,0.0
601939.SS,2017-12-05 00:00:00+08:00,4.655616871552143,4.781983653265206,4.642315121747543,4.755380153656006,134355691,0.0,0.0
601939.SS,2017-12-06 00:00:00+08:00,4.748729228973389,4.781983762816084,4.702173262160101,4.748729228973389,81167895,0.0,0.0
601939.SS,2017-12-07 00:00:00+08:00,4.7354274592007615,4.7354274592007615,4.622362425171571,4.682220458984375,96971020,0.0,0.0
601939.SS,2017-12-08 00:00:00+08:00,4.655617346558709,4.668919097720469,4.635664561246687,4.648966312408447,70002444,0.0,0.0
601939.SS,2017-12-11 00:00:00+08:00,4.648965726941242,4.668918509740511,4.562504513847671,4.655616760253906,101398975,0.0,0.0
601939.SS,2017-12-12 00:00:00+08:00,4.642315778938457,4.642315778938457,4.602410523875458,4.609061241149902,61682833,0.0,0.0
601939.SS,2017-12-13 00:00:00+08:00,4.609060939908739,4.682220727978681,4.5824574382721694,4.675570011138916,64243118,0.0,0.0
601939.SS,2017-12-14 00:00:00+08:00,4.6888716732787055,4.748729392259546,4.635664353873098,4.64231538772583,84307029,0.0,0.0
601939.SS,2017-12-15 00:00:00+08:00,4.648966213923185,4.66891899881252,4.602410244412663,4.635664463043213,62119654,0.0,0.0
601939.SS,2017-12-18 00:00:00+08:00,4.642315297138748,4.728776832704614,4.6356642634158005,4.715475082397461,103060405,0.0,0.0
601939.SS,2017-12-19 00:00:00+08:00,4.715474924745523,4.82188892364502,4.715474924745523,4.82188892364502,108237036,0.0,0.0
601939.SS,2017-12-20 00:00:00+08:00,4.81523846410608,4.921652792828569,4.795285995503518,4.835191249847412,115759107,0.0,0.0
601939.SS,2017-12-21 00:00:00+08:00,4.855143566590258,4.868445316753297,4.795285532287214,4.815237998962402,75339858,0.0,0.0
601939.SS,2017-12-22 00:00:00+08:00,4.821888345710764,4.82853937841418,4.788633816471075,4.808586597442627,49671859,0.0,0.0
601939.SS,2017-12-25 00:00:00+08:00,4.815237998611817,4.988161067857471,4.815237998611817,4.921652317047119,127986863,0.0,0.0
601939.SS,2017-12-26 00:00:00+08:00,4.9283027787764855,5.014764308929443,4.888397530353287,5.014764308929443,92058930,0.0,0.0
601939.SS,2017-12-27 00:00:00+08:00,4.981510053360156,5.11452787263103,4.954906552933729,4.988161087036133,133242227,0.0,0.0
601939.SS,2017-12-28 00:00:00+08:00,4.988161175755352,5.061320961798613,4.928303140161888,5.021415710449219,93130720,0.0,0.0
601939.SS,2017-12-29 00:00:00+08:00,5.021415560870141,5.1411313113522,4.988161027166867,5.107876777648926,110619617,0.0,0.0
601939.SS,2018-01-02 00:00:00+08:00,5.114527252481684,5.320704514356349,5.081272722411477,5.181035995483398,218944346,0.0,0.0
601939.SS,2018-01-03 00:00:00+08:00,5.121178241743696,5.247545018765777,5.107876492432883,5.154432773590088,120573591,0.0,0.0
601939.SS,2018-01-04 00:00:00+08:00,5.161084065100864,5.161084065100864,5.048019031731266,5.061320781707764,145807324,0.0,0.0
601939.SS,2018-01-05 00:00:00+08:00,5.0812732775418015,5.1411313113522,5.054669777434677,5.107876777648926,96189889,0.0,0.0
601939.SS,2018-01-08 00:00:00+08:00,5.121178397203487,5.1411311803447575,5.028066149201259,5.048018932342529,104700781,0.0,0.0
601939.SS,2018-01-09 00:00:00+08:00,5.048018941472034,5.061320691210694,4.988160909078696,5.028066158294678,117651152,0.0,0.0
601939.SS,2018-01-10 00:00:00+08:00,5.041368202188403,5.174386024475098,5.028066451673609,5.174386024475098,127600032,0.0,0.0
601939.SS,2018-01-11 00:00:00+08:00,5.174386149586988,5.280800156278338,5.134480579938976,5.234243869781494,111982967,0.0,0.0
601939.SS,2018-01-12 00:00:00+08:00,5.2475457191467285,5.287450972405252,5.220942216974379,5.2475457191467285,94287086,0.0,0.0
601939.SS,2018-01-15 00:00:00+08:00,5.240894934638607,5.3805634778130464,5.220942149697076,5.3672614097595215,161248070,0.0,0.0
601939.SS,2018-01-16 00:00:00+08:00,5.360610380382455,5.506929306120325,5.294101316481648,5.473674774169922,208347327,0.0,0.0
601939.SS,2018-01-17 00:00:00+08:00,5.486977003719103,5.753011998673287,5.486977003719103,5.580089569091797,257634540,0.0,0.0
601939.SS,2018-01-18 00:00:00+08:00,5.61999382612689,5.98579237595755,5.613342793482588,5.972490310668945,225922942,0.0,0.0
601939.SS,2018-01-19 00:00:00+08:00,5.985793400364011,6.052302469634609,5.846124862317752,6.045651435852051,245084668,0.0,0.0
601939.SS,2018-01-22 00:00:00+08:00,5.95253903352588,6.211923649860056,5.9259355319232085,6.025699138641357,263620402,0.0,0.0
601939.SS,2018-01-23 00:00:00+08:00,5.992444495222309,6.551118653101425,5.992444495222309,6.524515151977539,326806441,0.0,0.0
601939.SS,2018-01-24 00:00:00+08:00,6.471306658848625,6.571070250565667,6.364892668439046,6.43140172958374,282666477,0.0,0.0
601939.SS,2018-01-25 00:00:00+08:00,6.384846228810488,6.418100127508829,6.16536719915864,6.344940662384033,280140242,0.0,0.0
601939.SS,2018-01-26 00:00:00+08:00,6.271781013952416,6.551118067940966,6.238526481948552,6.40479850769043,388802293,0.0,0.0
601939.SS,2018-01-29 00:00:00+08:00,6.384845808567072,6.517863297437758,6.271780784457635,6.331638813018799,261756475,0.0,0.0
601939.SS,2018-01-30 00:00:00+08:00,6.3116862881006925,6.371544322106633,6.205272287324566,6.238526821136475,171398755,0.0,0.0
601939.SS,2018-01-31 00:00:00+08:00,6.2318757972106775,6.344940831780526,6.178668796739864,6.32498836517334,205587957,0.0,0.0
601939.SS,2018-02-01 00:00:00+08:00,6.298384512700019,6.431402006438033,6.238526481948552,6.40479850769043,265551685,0.0,0.0
601939.SS,2018-02-02 00:00:00+08:00,6.285082050409903,6.391496038699324,6.218573624867716,6.351591110229492,172179371,0.0,0.0
601939.SS,2018-02-05 00:00:00+08:00,6.271781325165839,6.531165292256554,6.245177825098137,6.5112128257751465,225975250,0.0,0.0
601939.SS,2018-02-06 00:00:00+08:00,6.39149672690255,6.471307226713196,6.11881069398014,6.251828193664551,294827713,0.0,0.0
601939.SS,2018-02-07 00:00:00+08:00,6.324987352061899,6.398146807421506,5.799567830864128,5.879378318786621,326500881,0.0,0.0
601939.SS,2018-02-08 00:00:00+08:00,5.792917912212978,5.859426982076008,5.520231867474052,5.6465983390808105,261812272,0.0,0.0
601939.SS,2018-02-09 00:00:00+08:00,5.480326291874223,5.586740296100519,5.314054251701261,5.560136795043945,326684570,0.0,0.0
601939.SS,2018-02-12 00:00:00+08:00,5.5202323103153,5.593391785611597,5.4204686975175695,5.513581275939941,152215740,0.0,0.0
601939.SS,2018-02-13 00:00:00+08:00,5.566786860360906,5.726407838929291,5.546834396609204,5.600041389465332,190720255,0.0,0.0
601939.SS,2018-02-14 00:00:00+08:00,5.606693039074898,5.68650353714105,5.486976974836942,5.639946937561035,106593835,0.0,0.0
601939.SS,2018-02-22 00:00:00+08:00,5.786266251116505,5.866076745733861,5.772964819152326,5.839473247528076,133865575,0.0,0.0
601939.SS,2018-02-23 00:00:00+08:00,5.859426607146689,5.872728039701673,5.772965075568196,5.852775573730469,128760403,0.0,0.0
601939.SS,2018-02-26 00:00:00+08:00,5.919283912897559,5.952538445183433,5.766313952370962,5.819520950317383,132240413,0.0,0.0
601939.SS,2018-02-27 00:00:00+08:00,5.792916897138146,5.812869360889847,5.546834396609204,5.600041389465332,170402494,0.0,0.0
601939.SS,2018-02-28 00:00:00+08:00,5.520231614930491,5.573438614675763,5.440421115312582,5.526882648468018,121379156,0.0,0.0
601939.SS,2018-03-01 00:00:00+08:00,5.473674665738724,5.57343825961366,5.440420768724507,5.480325698852539,124133585,0.0,0.0
601939.SS,2018-03-02 00:00:00+08:00,5.427118869327947,5.533532865310463,5.347308372341059,5.460373401641846,142127802,0.0,0.0
601939.SS,2018-03-05 00:00:00+08:00,5.433769980394347,5.506929445109754,5.360610515678939,5.407166481018066,110988364,0.0,0.0
601939.SS,2018-03-06 00:00:00+08:00,5.440421233146414,5.453722666232093,5.287450629857471,5.393864631652832,211040380,0.0,0.0
601939.SS,2018-03-07 00:00:00+08:00,5.447071425332461,5.60004202280208,5.427118959324235,5.493628025054932,238380030,0.0,0.0
601939.SS,2018-03-08 00:00:00+08:00,5.493628104070005,5.526882637413655,5.413817604611726,5.440421104431152,124499222,0.0,0.0
601939.SS,2018-03-09 00:00:00+08:00,5.467024158865432,5.5202311541696405,5.440420661213328,5.486976623535156,103204820,0.0,0.0
601939.SS,2018-03-12 00:00:00+08:00,5.520231450810596,5.546834949892294,5.4071664211440185,5.420467853546143,220477605,0.0,0.0
601939.SS,2018-03-13 00:00:00+08:00,5.413817604611726,5.513580570365208,5.413817604611726,5.440421104431152,149310753,0.0,0.0
601939.SS,2018-03-14 00:00:00+08:00,5.413818013669345,5.433770481472117,5.334007508180739,5.3672614097595215,100541427,0.0,0.0
601939.SS,2018-03-15 00:00:00+08:00,5.320704919101563,5.380562950925848,5.314053885726097,5.360610485076904,75904410,0.0,0.0
601939.SS,2018-03-16 00:00:00+08:00,5.35395868916308,5.360609721591271,5.240893674993277,5.260846138000488,132890629,0.0,0.0
601939.SS,2018-03-19 00:00:00+08:00,5.260847208482923,5.347308744810603,5.240894741415764,5.340657711029053,94398627,0.0,0.0
601939.SS,2018-03-20 00:00:00+08:00,5.300752380081891,5.413817732697574,5.294101663539052,5.393864631652832,100505345,0.0,0.0
601939.SS,2018-03-21 00:00:00+08:00,5.420468132101672,5.467024733595254,5.367261131203992,5.393864631652832,95029042,0.0,0.0
601939.SS,2018-03-22 00:00:00+08:00,5.393864602677676,5.420468102983606,5.260847101148029,5.34730863571167,108973024,0.0,0.0
601939.SS,2018-03-23 00:00:00+08:00,5.227592443428031,5.2674976905212265,5.081272886947601,5.161083698272705,218483456,0.0,0.0
601939.SS,2018-03-26 00:00:00+08:00,5.134479744911382,5.134479744911382,4.901698984562136,4.97485876083374,192810780,0.0,0.0
601939.SS,2018-03-27 00:00:00+08:00,5.048018058980198,5.05466877411749,4.895047805158415,4.9549055099487305,205996091,0.0,0.0
601939.SS,2018-03-28 00:00:00+08:00,4.895048648856486,5.094574894445163,4.8750958657282535,4.9416046142578125,211477621,0.0,0.0
601939.SS,2018-03-29 00:00:00+08:00,4.96155778831726,5.207640335835337,4.901699751354956,5.101226329803467,227998009,0.0,0.0
601939.SS,2018-03-30 00:00:00+08:00,5.107876492432883,5.227592553368917,5.09457474312207,5.154432773590088,137231642,0.0,0.0
601939.SS,2018-04-02 00:00:00+08:00,5.147781977263328,5.200989294093869,4.961557478342004,4.99481201171875,201129290,0.0,0.0
601939.SS,2018-04-03 00:00:00+08:00,4.934954363222922,4.994812401112077,4.888398076293717,4.961557865142822,96035745,0.0,0.0
601939.SS,2018-04-04 00:00:00+08:00,4.9615569852486745,5.034716761123455,4.875095460772909,4.908349990844727,116117204,0.0,0.0
601939.SS,2018-04-09 00:00:00+08:00,4.915001562962442,4.948256098828509,4.848492808369067,4.895049095153809,86691563,0.0,0.0
601939.SS,2018-04-10 00:00:00+08:00,4.895048336965656,5.214290626705562,4.881746588107273,5.194337844848633,201219024,0.0,0.0
601939.SS,2018-04-11 00:00:00+08:00,5.200989569890611,5.334007393312497,5.174386068633984,5.287450790405273,247800636,0.0,0.0
601939.SS,2018-04-12 00:00:00+08:00,5.247545301954669,5.274148802011979,5.107876768084427,5.127829551696777,141512766,0.0,0.0
601939.SS,2018-04-13 00:00:00+08:00,5.187687979534482,5.227593232652285,5.054670152003047,5.09457540512085,121104946,0.0,0.0
601939.SS,2018-04-16 00:00:00+08:00,5.0214154075284805,5.03471715717584,4.868445128014483,4.875095844268799,250951443,0.0,0.0
601939.SS,2018-04-17 00:00:00+08:00,4.855143447529717,4.928302913063003,4.808587164531391,4.841841697692871,147865071,0.0,0.0
601939.SS,2018-04-18 00:00:00+08:00,4.934953976918851,4.941604693308834,4.841841727487949,4.888397693634033,180797484,0.0,0.0
601939.SS,2018-04-19 00:00:00+08:00,4.8817468004326985,4.988160795928107,4.8817468004326985,4.928302764892578,129961047,0.0,0.0
601939.SS,2018-04-20 00:00:00+08:00,4.921652326851491,4.928303043376405,4.835190792056425,4.901699542999268,118254817,0.0,0.0
601939.SS,2018-04-23 00:00:00+08:00,4.8750958657282535,4.988160896797869,4.861794116022342,4.9416046142578125,133386529,0.0,0.0
601939.SS,2018-04-24 00:00:00+08:00,4.988160909078696,5.187687472297336,4.988160909078696,5.028066158294678,247871027,0.0,0.0
601939.SS,2018-04-25 00:00:00+08:00,5.00811388084571,5.041368097875245,4.948255846198308,4.968208312988281,128265268,0.0,0.0
601939.SS,2018-04-26 00:00:00+08:00,4.981509762640282,4.994811829215931,4.8817468004326985,4.928302764892578,108203493,0.0,0.0
601939.SS,2018-04-27 00:00:00+08:00,4.948255263487466,4.988160509506876,4.855143022775509,4.97485876083374,121154691,0.0,0.0
601939.SS,2018-05-02 00:00:00+08:00,5.041368097875245,5.061320881803959,4.915001312030032,4.968208312988281,95696669,0.0,0.0
601939.SS,2018-05-03 00:00:00+08:00,4.968207257361986,4.988160037051208,4.868444310331902,4.9549055099487305,91005298,0.0,0.0
601939.SS,2018-05-04 00:00:00+08:00,4.934953284321712,4.96155678042544,4.875095259518981,4.881746292114258,100251055,0.0,0.0
601939.SS,2018-05-07 00:00:00+08:00,4.8883975165818,4.941604514329504,4.835190518834096,4.928302764892578,114734151,0.0,0.0
601939.SS,2018-05-08 00:00:00+08:00,4.928302876685358,5.081273157249321,4.928302876685358,5.028066158294678,198242536,0.0,0.0
601939.SS,2018-05-09 00:00:00+08:00,5.048018932342529,5.067971398345072,4.988160900057447,5.048018932342529,77435585,0.0,0.0
601939.SS,2018-05-10 00:00:00+08:00,5.061320312507181,5.114527307480714,4.994811568790266,5.041367530822754,106146416,0.0,0.0
601939.SS,2018-05-11 00:00:00+08:00,5.061320166305205,5.200988682645597,5.02806563683799,5.1477813720703125,201319980,0.0,0.0
601939.SS,2018-05-14 00:00:00+08:00,5.154432665187816,5.234243159374207,5.094574635978666,5.161083698272705,155262833,0.0,0.0
601939.SS,2018-05-15 00:00:00+08:00,5.194337912281012,5.2209414103431415,5.121178134040797,5.161083698272705,115421935,0.0,0.0
601939.SS,2018-05-16 00:00:00+08:00,5.127829632021071,5.1477820988072285,5.0546698471481,5.074622631072998,97296783,0.0,0.0
601939.SS,2018-05-17 00:00:00+08:00,5.074622431771738,5.087924181486342,5.014764399486655,5.048018932342529,68734551,0.0,0.0
601939.SS,2018-05-18 00:00:00+08:00,5.048019149062321,5.147782117635475,5.028066365064444,5.141131401062012,95416947,0.0,0.0
601939.SS,2018-05-21 00:00:00+08:00,5.167734499098343,5.194337997597434,5.0613205051019845,5.087924003601074,181812807,0.0,0.0
601939.SS,2018-05-22 00:00:00+08:00,5.067971214087137,5.07462224727199,4.9349537217772586,4.981509685516357,206200300,0.0,0.0
601939.SS,2018-05-23 00:00:00+08:00,4.98151004413068,4.98151004413068,4.888397792810699,4.901699542999268,139671498,0.0,0.0
601939.SS,2018-05-24 00:00:00+08:00,4.901699624009109,4.915001374417514,4.835190871967083,4.848492622375488,144742148,0.0,0.0
601939.SS,2018-05-25 00:00:00+08:00,4.835190871967083,4.875096123192299,4.808587371150273,4.848492622375488,141853379,0.0,0.0
601939.SS,2018-05-28 00:00:00+08:00,4.84184228414078,4.848493001295377,4.795285995503518,4.835191249847412,104471256,0.0,0.0
601939.SS,2018-05-29 00:00:00+08:00,4.82188920301795,4.828540236903885,4.708824164067052,4.795285701751709,220437407,0.0,0.0
601939.SS,2018-05-30 00:00:00+08:00,4.728776632902357,4.748729098950675,4.67556963392187,4.688871383666992,131976544,0.0,0.0
601939.SS,2018-05-31 00:00:00+08:00,4.715475388259767,4.762031358785214,4.688871885919865,4.7354278564453125,117252650,0.0,0.0
601939.SS,2018-06-01 00:00:00+08:00,4.715474714081135,4.768681711153854,4.682220182341326,4.7088236808776855,98406737,0.0,0.0
601939.SS,2018-06-04 00:00:00+08:00,4.722126191345605,4.808587734095606,4.715475474208789,4.768682479858398,149740409,0.0,0.0
601939.SS,2018-06-05 00:00:00+08:00,4.762030701532647,4.775332450866699,4.7088237041964405,4.775332450866699,107542221,0.0,0.0
601939.SS,2018-06-06 00:00:00+08:00,4.748729020484073,4.775332519534728,4.722125521433418,4.742078304290772,89123709,0.0,0.0
601939.SS,2018-06-07 00:00:00+08:00,4.775332450866699,4.821888732105241,4.748728952198595,4.775332450866699,133816893,0.0,0.0
601939.SS,2018-06-08 00:00:00+08:00,4.755380516048622,4.755380516048622,4.668918977160396,4.675570011138916,141492104,0.0,0.0
601939.SS,2018-06-11 00:00:00+08:00,4.662267684936523,4.688871183289877,4.615711404248797,4.662267684936523,108279702,0.0,0.0
601939.SS,2018-06-12 00:00:00+08:00,4.655616683804967,4.715474714081135,4.629013185268607,4.7088236808776855,87024253,0.0,0.0
601939.SS,2018-06-13 00:00:00+08:00,4.695521831512451,4.70882358049707,4.648965551496929,4.695521831512451,88022346,0.0,0.0
601939.SS,2018-06-14 00:00:00+08:00,4.668918424755999,4.748728920222905,4.662267708703117,4.728776454925537,94708877,0.0,0.0
601939.SS,2018-06-15 00:00:00+08:00,4.715474359565667,4.821888345710764,4.702172611297531,4.808586597442627,167650498,0.0,0.0
601939.SS,2018-06-19 00:00:00+08:00,4.7620303199348,4.82853937841418,4.688870863029393,4.808586597442627,302287678,0.0,0.0
601939.SS,2018-06-20 00:00:00+08:00,4.76868170265899,4.788634167956357,4.702172956436569,4.728776454925537,90429539,0.0,0.0
601939.SS,2018-06-21 00:00:00+08:00,4.728776362543354,4.801935823389402,4.695521831512451,4.695521831512451,94894877,0.0,0.0
601939.SS,2018-06-22 00:00:00+08:00,4.668918333543213,4.735427078466308,4.655616584558594,4.695521831512451,78167584,0.0,0.0
601939.SS,2018-06-25 00:00:00+08:00,4.73542772593902,4.73542772593902,4.582457433130993,4.589108467102051,112771759,0.0,0.0
601939.SS,2018-06-26 00:00:00+08:00,4.549203009014902,4.555853725546515,4.389581689452564,4.476043224334717,153779010,0.0,0.0
601939.SS,2018-06-27 00:00:00+08:00,4.442788853313602,4.449439887228053,4.336374847792409,4.369629383087158,125480119,0.0,0.0
601939.SS,2018-06-28 00:00:00+08:00,4.343025775257071,4.349676491869757,4.249913205569512,4.269865989685059,111661087,0.0,0.0
601939.SS,2018-06-29 00:00:00+08:00,4.283166810355475,4.376279042693577,4.283166810355475,4.356326580047607,92141651,0.0,0.0
601939.SS,2018-07-02 00:00:00+08:00,4.343026570656309,4.349677288487034,4.116896455913213,4.1368489265441895,136529582,0.0,0.0
601939.SS,2018-07-03 00:00:00+08:00,4.143499184746877,4.210007936279983,4.090292183520391,4.203357219696045,157022724,0.0,0.0
601939.SS,2018-07-04 00:00:00+08:00,4.196706185973362,4.269865971229152,4.176753719082802,4.203357219696045,98247953,0.0,0.0
601939.SS,2018-07-05 00:00:00+08:00,4.196705842082111,4.296469119776228,4.196705842082111,4.263214588165283,111535711,0.0,0.0
601939.SS,2018-07-06 00:00:00+08:00,4.256563490667481,4.343025011396573,4.223308962036695,4.296468734741211,97361163,0.0,0.0
601939.SS,2018-07-09 00:00:00+08:00,4.3164218283561215,4.535901178511103,4.3164218283561215,4.529250144958496,144781351,0.0,0.0
601939.SS,2018-07-10 00:00:00+08:00,4.535900978245359,4.535900978245359,4.449439448711274,4.502646446228027,105903388,0.0,0.0
601939.SS,2018-07-11 00:00:00+08:00,4.389581689452564,4.535901258812936,4.369629222718984,4.476043224334717,133489423,0.0,0.0
601939.SS,2018-07-12 00:00:00+08:00,4.462741701603586,4.66891899881252,4.462741701603586,4.635664463043213,155566884,0.0,0.0
601939.SS,2018-07-13 00:00:00+08:00,4.648966104439813,4.655617138292545,4.589108385458973,4.64231538772583,90655715,0.0,0.0
601939.SS,2018-07-16 00:00:00+08:00,4.61571146575334,4.668918463169032,4.469391905721468,4.522599220275879,134147679,0.0,0.0
601939.SS,2018-07-17 00:00:00+08:00,4.495501374634834,4.502449758582714,4.37738182937551,4.426019191741943,119091496,0.291,0.0
601939.SS,2018-07-18 00:00:00+08:00,4.439914791799735,4.544138212161012,4.439914791799735,4.446863174438477,81652351,0.0,0.0
601939.SS,2018-07-19 00:00:00+08:00,4.467707989548329,4.481604424534593,4.384329379630742,4.412122249603272,93287019,0.0,0.0
601939.SS,2018-07-20 00:00:00+08:00,4.405174565470681,4.759533852857531,4.384329745592785,4.7108964920043945,256412526,0.0,0.0
601939.SS,2018-07-23 00:00:00+08:00,4.703948250808866,4.856809053049031,4.655310557164768,4.815119743347168,242622541,0.0,0.0
601939.SS,2018-07-24 00:00:00+08:00,4.808171690722115,4.919343183260417,4.773430433645304,4.815119743347168,196239215,0.0,0.0
601939.SS,2018-07-25 00:00:00+08:00,4.829015759656125,4.856808630371949,4.74563714750865,4.808171272277832,98920763,0.0,0.0
601939.SS,2018-07-26 00:00:00+08:00,4.808171184419063,4.870705308045571,4.731740625688569,4.801222801208496,102591886,0.0,0.0
601939.SS,2018-07-27 00:00:00+08:00,4.759533405303955,4.822067527740193,4.738688918703303,4.759533405303955,71380623,0.0,0.0
601939.SS,2018-07-30 00:00:00+08:00,4.759534025398801,4.870705849915794,4.731741152098849,4.829016208648682,112574503,0.0,0.0
601939.SS,2018-07-31 00:00:00+08:00,4.822067440994269,4.905446048531232,4.766481702636293,4.8707051277160645,99076810,0.0,0.0
601939.SS,2018-08-01 00:00:00+08:00,4.877653387961558,4.933239128696845,4.773429958424319,4.780378341674805,120944175,0.0,0.0
601939.SS,2018-08-02 00:00:00+08:00,4.724792722505472,4.766482029129577,4.648362161369366,4.683103084564209,114742575,0.0,0.0
601939.SS,2018-08-03 00:00:00+08:00,4.683103288521394,4.801223161425928,4.676155236106689,4.7456374168396,101478706,0.0,0.0
601939.SS,2018-08-06 00:00:00+08:00,4.738688979008402,4.849860459139038,4.724792543992073,4.787326335906982,103619987,0.0,0.0
601939.SS,2018-08-07 00:00:00+08:00,4.794274925721145,4.856808720331447,4.731740799793684,4.849860668182373,127506302,0.0,0.0
601939.SS,2018-08-08 00:00:00+08:00,4.835963962579676,4.842912014340846,4.738688918703303,4.759533405303955,86148799,0.0,0.0
601939.SS,2018-08-09 00:00:00+08:00,4.731741123943441,4.829016179914455,4.731741123943441,4.815119743347168,86412538,0.0,0.0
601939.SS,2018-08-10 00:00:00+08:00,4.8012227098224,4.815119144661883,4.7456369704644725,4.759533405303955,68074166,0.0,0.0
601939.SS,2018-08-13 00:00:00+08:00,4.731740742557989,4.731740742557989,4.558035133809235,4.63446569442749,149819702,0.0,0.0
601939.SS,2018-08-14 00:00:00+08:00,4.620569676102844,4.6483625495062775,4.5580355452865255,4.641414165496826,68926038,0.0,0.0
601939.SS,2018-08-15 00:00:00+08:00,4.620569590534555,4.634466026978925,4.551087408312712,4.56498384475708,73377263,0.0,0.0
601939.SS,2018-08-16 00:00:00+08:00,4.509397269789529,4.592776210567231,4.488552783082961,4.585827827453613,85105710,0.0,0.0
601939.SS,2018-08-17 00:00:00+08:00,4.62056992908719,4.648362804012333,4.516346482459304,4.530242919921875,61018736,0.0,0.0
601939.SS,2018-08-20 00:00:00+08:00,4.55108746446683,4.641414136811144,4.530242643884491,4.6275177001953125,84643758,0.0,0.0
601939.SS,2018-08-21 00:00:00+08:00,4.620569260836485,4.696999821485444,4.606672825383688,4.669206619262695,81167425,0.0,0.0
601939.SS,2018-08-22 00:00:00+08:00,4.662258059752735,4.669206111064327,4.613620375303115,4.655309677124023,35851706,0.0,0.0
601939.SS,2018-08-23 00:00:00+08:00,4.655309734288756,4.690050985224677,4.613620431955924,4.648361682891846,38415760,0.0,0.0
601939.SS,2018-08-24 00:00:00+08:00,4.627517572365033,4.801223190923087,4.613621136133076,4.724792957305908,93100760,0.0,0.0
601939.SS,2018-08-27 00:00:00+08:00,4.745637060792554,4.801222801208496,4.710896138691163,4.801222801208496,101323846,0.0,0.0
601939.SS,2018-08-28 00:00:00+08:00,4.808171719332309,4.87765390258219,4.794275282682333,4.829016208648682,87395102,0.0,0.0
601939.SS,2018-08-29 00:00:00+08:00,4.808171242247438,4.822067677518557,4.766481936434079,4.794274806976318,40319539,0.0,0.0
601939.SS,2018-08-30 00:00:00+08:00,4.794275109011223,4.829016033719093,4.7456374168396,4.7456374168396,41493370,0.0,0.0
601939.SS,2018-08-31 00:00:00+08:00,4.745637088056675,4.835964082410092,4.703947782505209,4.780378341674805,72820411,0.0,0.0
601939.SS,2018-09-03 00:00:00+08:00,4.773429958424319,4.835964082410092,4.745637088056675,4.780378341674805,69002138,0.0,0.0
601939.SS,2018-09-04 00:00:00+08:00,4.78037881758754,4.83596456385669,4.717844687376154,4.815119743347168,63117600,0.0,0.0
601939.SS,2018-09-05 00:00:00+08:00,4.787326545657164,4.81511941690753,4.648362189405335,4.662258625030518,90470028,0.0,0.0
601939.SS,2018-09-06 00:00:00+08:00,4.641413746492519,4.683103052834162,4.627517311045305,4.63446569442749,49582472,0.0,0.0
601939.SS,2018-09-07 00:00:00+08:00,4.641414136811144,4.669207010042808,4.564983901082662,4.6275177001953125,103132693,0.0,0.0
601939.SS,2018-09-10 00:00:00+08:00,4.592775764795866,4.655309550163232,4.5719309487953375,4.599723815917969,64173954,0.0,0.0
601939.SS,2018-09-11 00:00:00+08:00,4.60667309531552,4.64836240411673,4.544138966455118,4.571931838989258,49273416,0.0,0.0
601939.SS,2018-09-12 00:00:00+08:00,4.551086814523277,4.5719313008116185,4.516345562286526,4.544138431549072,49235886,0.0,0.0
601939.SS,2018-09-13 00:00:00+08:00,4.57887983598228,4.613620758056641,4.551086965795932,4.613620758056641,55078569,0.0,0.0
601939.SS,2018-09-14 00:00:00+08:00,4.606673269171613,4.655310632283347,4.599724885117258,4.620569705963135,46615889,0.0,0.0
601939.SS,2018-09-17 00:00:00+08:00,4.606673211979103,4.641414137868002,4.592776775360107,4.592776775360107,44795143,0.0,0.0
601939.SS,2018-09-18 00:00:00+08:00,4.585827563734037,4.662258117002789,4.578879512337127,4.648361682891846,50973975,0.0,0.0
601939.SS,2018-09-19 00:00:00+08:00,4.634465927541672,4.745637416711324,4.634465927541672,4.7108964920043945,93015921,0.0,0.0
601939.SS,2018-09-20 00:00:00+08:00,4.724792483863821,4.829015579501364,4.724792483863821,4.759533405303955,94663119,0.0,0.0
601939.SS,2018-09-21 00:00:00+08:00,4.7803784302891685,5.023566216172623,4.7247926885234826,5.009669780731201,208122082,0.0,0.0
601939.SS,2018-09-25 00:00:00+08:00,4.933239936828613,4.974929249209356,4.870706133916102,4.933239936828613,124461331,0.0,0.0
601939.SS,2018-09-26 00:00:00+08:00,4.926291049312375,5.030514146951695,4.912394614205989,4.9540839195251465,149199869,0.0,0.0
601939.SS,2018-09-27 00:00:00+08:00,4.940187484418761,4.967980354631532,4.891549795887837,4.9540839195251465,73659178,0.0,0.0
601939.SS,2018-09-28 00:00:00+08:00,4.947135628079952,5.086100313038672,4.94018757605645,5.030514240264893,133449019,0.0,0.0
601939.SS,2018-10-08 00:00:00+08:00,4.891550310125841,4.898498694068076,4.773430433645304,4.815119743347168,137349062,0.0,0.0
601939.SS,2018-10-09 00:00:00+08:00,4.801222858953302,4.829015729495541,4.731740682597706,4.794274806976318,72889673,0.0,0.0
601939.SS,2018-10-10 00:00:00+08:00,4.794274866690936,4.849860608467756,4.7525855603583205,4.822067737579346,70139230,0.0,0.0
601939.SS,2018-10-11 00:00:00+08:00,4.6483625495062775,4.759534043120012,4.613621292093392,4.641414165496826,115828581,0.0,0.0
601939.SS,2018-10-12 00:00:00+08:00,4.683103430299343,4.83596456385669,4.64141412059748,4.815119743347168,117269523,0.0,0.0
601939.SS,2018-10-15 00:00:00+08:00,4.808171515531941,4.808171515531941,4.710896463105233,4.731740951538086,73966142,0.0,0.0
601939.SS,2018-10-16 00:00:00+08:00,4.73868948023803,4.829016151739802,4.717844659850125,4.766482353210449,93052856,0.0,0.0
601939.SS,2018-10-17 00:00:00+08:00,4.815119597572511,4.829016033719093,4.703948108399854,4.7456374168396,87386136,0.0,0.0
601939.SS,2018-10-18 00:00:00+08:00,4.738689216700795,4.759533704612275,4.648362218905283,4.676155090332031,91453258,0.0,0.0
601939.SS,2018-10-19 00:00:00+08:00,4.655310238250916,4.86375710379768,4.634465750486535,4.849860668182373,145434075,0.0,0.0
601939.SS,2018-10-22 00:00:00+08:00,4.877652983662198,5.037462140688448,4.877652983662198,4.995772838592529,175167172,0.0,0.0
601939.SS,2018-10-23 00:00:00+08:00,4.967980506074456,4.99577337713446,4.801222948397276,4.835964202880859,130806585,0.0,0.0
601939.SS,2018-10-24 00:00:00+08:00,4.8498605200458815,5.0444109440348965,4.842912136791883,4.96798038482666,129239392,0.0,0.0
601939.SS,2018-10-25 00:00:00+08:00,4.863757015895011,5.037462623605547,4.849860580530854,5.030514240264893,103736061,0.0,0.0
601939.SS,2018-10-26 00:00:00+08:00,5.044411211776651,5.058307647705078,4.940187776654862,5.058307647705078,103395794,0.0,0.0
601939.SS,2018-10-29 00:00:00+08:00,5.058307686353143,5.08610055842235,4.877653686586132,4.919342994689941,112648161,0.0,0.0
601939.SS,2018-10-30 00:00:00+08:00,4.926291049312375,5.03746253016346,4.891549795887837,4.9540839195251465,106277945,0.0,0.0
601939.SS,2018-10-31 00:00:00+08:00,4.96798038482666,4.988824871954357,4.905446260809272,4.96798038482666,69728591,0.0,0.0
601939.SS,2018-11-01 00:00:00+08:00,4.981877210883794,5.0027216996469,4.905446645678996,4.926291465759277,86718875,0.0,0.0
601939.SS,2018-11-02 00:00:00+08:00,4.981877326965332,5.0166182528190575,4.905446759979645,4.981877326965332,179192893,0.0,0.0
601939.SS,2018-11-05 00:00:00+08:00,4.94018736261033,4.967980232137824,4.870705188791599,4.898498058319092,111898443,0.0,0.0
601939.SS,2018-11-06 00:00:00+08:00,4.891550004884136,4.891550004884136,4.822067826383512,4.863757133483887,73958284,0.0,0.0
601939.SS,2018-11-07 00:00:00+08:00,4.856808632476973,4.891549886545388,4.829015761749102,4.842912197113037,72605928,0.0,0.0
601939.SS,2018-11-08 00:00:00+08:00,4.870705399158061,4.912394705249867,4.829015761749102,4.842912197113037,79928579,0.0,0.0
601939.SS,2018-11-09 00:00:00+08:00,4.759533615364451,4.759533615364451,4.627517312904305,4.669206619262695,251421186,0.0,0.0
601939.SS,2018-11-12 00:00:00+08:00,4.648362131742078,4.676155002647672,4.613620877451509,4.669206619262695,110370514,0.0,0.0
601939.SS,2018-11-13 00:00:00+08:00,4.627517312904305,4.703947873553265,4.627517312904305,4.669206619262695,87710444,0.0,0.0
601939.SS,2018-11-14 00:00:00+08:00,4.662257932602445,4.669205983724548,4.585827382356653,4.599723815917969,126012425,0.0,0.0
601939.SS,2018-11-15 00:00:00+08:00,4.592776388085848,4.641413746492519,4.592776388085848,4.63446569442749,73260499,0.0,0.0
601939.SS,2018-11-16 00:00:00+08:00,4.641414136811144,4.655310573426975,4.592776774314325,4.6275177001953125,102926724,0.0,0.0
601939.SS,2018-11-19 00:00:00+08:00,4.634465898774528,4.703948079074269,4.634465898774528,4.697000026702881,116422512,0.0,0.0
601939.SS,2018-11-20 00:00:00+08:00,4.676155002647672,4.690051438100468,4.641413748357103,4.669206619262695,102813975,0.0,0.0
601939.SS,2018-11-21 00:00:00+08:00,4.648362131742078,4.669206619262695,4.634465696289282,4.669206619262695,47286587,0.0,0.0
601939.SS,2018-11-22 00:00:00+08:00,4.6692061683997,4.6692061683997,4.634465248780902,4.648361682891846,38671237,0.0,0.0
601939.SS,2018-11-23 00:00:00+08:00,4.641414195491825,4.669207069074869,4.592776832380091,4.620569705963135,75741850,0.0,0.0
601939.SS,2018-11-26 00:00:00+08:00,4.627516866066868,4.683102602510643,4.613620431955924,4.648361682891846,75948698,0.0,0.0
601939.SS,2018-11-27 00:00:00+08:00,4.655310573426975,4.669207010042808,4.613621263579481,4.6275177001953125,39209465,0.0,0.0
601939.SS,2018-11-28 00:00:00+08:00,4.627516866066868,4.648361682891846,4.620568814669959,4.648361682891846,42131518,0.0,0.0
601939.SS,2018-11-29 00:00:00+08:00,4.669206556867827,4.669206556867827,4.599724380532338,4.606672763824463,49651350,0.0,0.0
601939.SS,2018-11-30 00:00:00+08:00,4.61362132190878,4.620569705963135,4.585828448325736,4.620569705963135,47541727,0.0,0.0
601939.SS,2018-12-03 00:00:00+08:00,4.696999492516708,4.724792361475743,4.648361806179831,4.7039475440979,144647923,0.0,0.0
601939.SS,2018-12-04 00:00:00+08:00,4.690051109618383,4.710895926996225,4.683102726720058,4.7039475440979,66629303,0.0,0.0
601939.SS,2018-12-05 00:00:00+08:00,4.65531027110339,4.683103142530137,4.648362218905283,4.676155090332031,49303055,0.0,0.0
601939.SS,2018-12-06 00:00:00+08:00,4.634465576354975,4.648362011448149,4.606672706168627,4.613620758056641,76707281,0.0,0.0
601939.SS,2018-12-07 00:00:00+08:00,4.627517251066534,4.6344656343586585,4.592776328557365,4.606672763824463,41119891,0.0,0.0
601939.SS,2018-12-10 00:00:00+08:00,4.585828246044845,4.599724682223395,4.544138937509194,4.558035373687744,60397754,0.0,0.0
601939.SS,2018-12-11 00:00:00+08:00,4.564983398136641,4.585827885105259,4.55803501493567,4.578879833221436,29035022,0.0,0.0
601939.SS,2018-12-12 00:00:00+08:00,4.599724322963467,4.620569141261801,4.585827887870293,4.613620758056641,44553212,0.0,0.0
601939.SS,2018-12-13 00:00:00+08:00,4.627517399676641,4.703947961758779,4.613620963963268,4.676155090332031,105924739,0.0,0.0
601939.SS,2018-12-14 00:00:00+08:00,4.655310574486998,4.690051831693078,4.592776775360107,4.592776775360107,104739365,0.0,0.0
601939.SS,2018-12-17 00:00:00+08:00,4.606673210930157,4.63446608416182,4.592776774314325,4.6275177001953125,43432395,0.0,0.0
601939.SS,2018-12-18 00:00:00+08:00,4.606673211979103,4.634466085217095,4.585828391392018,4.592776775360107,36573368,0.0,0.0
601939.SS,2018-12-19 00:00:00+08:00,4.606672553048369,4.613620604705438,4.537190379892004,4.544138431549072,52500170,0.0,0.0
601939.SS,2018-12-20 00:00:00+08:00,4.551086594799753,4.558034646121374,4.398225489918649,4.446863174438477,114380173,0.0,0.0
601939.SS,2018-12-21 00:00:00+08:00,4.41907111107648,4.41907111107648,4.307899287835951,4.377381801605225,86485463,0.0,0.0
601939.SS,2018-12-24 00:00:00+08:00,4.356536981211007,4.384329854191844,4.328744108230169,4.377381801605225,40935446,0.0,0.0
601939.SS,2018-12-25 00:00:00+08:00,4.335691658389259,4.391277729226704,4.3078987886291085,4.363484859466553,61049050,0.0,0.0
601939.SS,2018-12-26 00:00:00+08:00,4.349588367311666,4.398225723092909,4.342639984304553,4.3704328536987305,41201946,0.0,0.0
601939.SS,2018-12-27 00:00:00+08:00,4.412122157789998,4.412122157789998,4.363484802008755,4.3704328536987305,73316001,0.0,0.0
601939.SS,2018-12-28 00:00:00+08:00,4.384329882006209,4.439915628320521,4.37738182937551,4.426019191741943,67021927,0.0,0.0
601939.SS,2019-01-02 00:00:00+08:00,4.426018530103028,4.43991496460425,4.3287434885944815,4.342639923095703,51090055,0.0,0.0
601939.SS,2019-01-03 00:00:00+08:00,4.342640011115028,4.384329315463676,4.321795193282134,4.349588394165039,37558542,0.0,0.0
601939.SS,2019-01-04 00:00:00+08:00,4.3148477561345135,4.426019250232283,4.3148477561345135,4.419071197509766,72729495,0.0,0.0
601939.SS,2019-01-07 00:00:00+08:00,4.31484726112068,4.426018742464482,4.384329436960557,4.405174255371094,60593977,0.0,0.0
601939.SS,2019-01-08 00:00:00+08:00,4.398225872128532,4.426018742464482,4.370433001792581,4.405174255371094,45683190,0.0,0.0
601939.SS,2019-01-09 00:00:00+08:00,4.419070722991322,4.495500951317892,4.405174287721296,4.4538116455078125,84075583,0.0,0.0
601939.SS,2019-01-10 00:00:00+08:00,4.439915177632457,4.44686356087502,4.398225872128532,4.405174255371094,46828645,0.0,0.0
601939.SS,2019-01-11 00:00:00+08:00,4.412122813470062,4.426019250232283,4.377381887223102,4.419071197509766,51793011,0.0,0.0
601939.SS,2019-01-14 00:00:00+08:00,4.41907111107648,4.41907111107648,4.370433417701425,4.377381801605225,37247365,0.0,0.0
601939.SS,2019-01-15 00:00:00+08:00,4.384329496566394,4.446863621331021,4.3634850091896205,4.432967185974121,66864142,0.0,0.0
601939.SS,2019-01-16 00:00:00+08:00,4.432967158261349,4.460760028801402,4.419070722991322,4.4538116455078125,47817444,0.0,0.0
601939.SS,2019-01-17 00:00:00+08:00,4.467708140654572,4.537190649253067,4.4260188342857685,4.48160457611084,100067690,0.0,0.0
601939.SS,2019-01-18 00:00:00+08:00,4.50244927731125,4.627517193149815,4.495500894106089,4.613620758056641,146663482,0.0,0.0
601939.SS,2019-01-21 00:00:00+08:00,4.620569258980276,4.690051436216346,4.606672823533062,4.63446569442749,98294720,0.0,0.0
601939.SS,2019-01-22 00:00:00+08:00,4.634465515297511,4.655310002004079,4.558034957633427,4.585827827453613,48731253,0.0,0.0
601939.SS,2019-01-23 00:00:00+08:00,4.592776832380091,4.662259016337702,4.585828448325736,4.620569705963135,39620412,0.0,0.0
601939.SS,2019-01-24 00:00:00+08:00,4.641414165496826,4.662258986207994,4.606673239401127,4.641414165496826,44052634,0.0,0.0
601939.SS,2019-01-25 00:00:00+08:00,4.6692068236051885,4.752585771288108,4.6692068236051885,4.731740951538086,102973899,0.0,0.0
601939.SS,2019-01-28 00:00:00+08:00,4.773429716495487,4.801222585454521,4.690051109618383,4.7039475440979,68790898,0.0,0.0
601939.SS,2019-01-29 00:00:00+08:00,4.717844100785509,4.780378223221748,4.662258361427582,4.759533405303955,61726210,0.0,0.0
601939.SS,2019-01-30 00:00:00+08:00,4.745637532822545,4.8151197152535925,4.717844659850125,4.766482353210449,70571604,0.0,0.0
601939.SS,2019-01-31 00:00:00+08:00,4.794274661735903,4.9332390102372345,4.794274661735903,4.9123945236206055,129708824,0.0,0.0
601939.SS,2019-02-01 00:00:00+08:00,4.933238921753034,4.933238921753034,4.842911931188732,4.9054460525512695,79382478,0.0,0.0
601939.SS,2019-02-11 00:00:00+08:00,4.877653183349506,4.92629087011116,4.842911931188732,4.9054460525512695,83390683,0.0,0.0
601939.SS,2019-02-12 00:00:00+08:00,4.919342544806142,4.94018736261033,4.863756805751156,4.898498058319092,54946010,0.0,0.0
601939.SS,2019-02-13 00:00:00+08:00,4.905446201011439,4.974928376118682,4.863756895947092,4.940187454223633,101605677,0.0,0.0
601939.SS,2019-02-14 00:00:00+08:00,4.92629137795507,4.933239430313208,4.8637572501459845,4.884602069854736,77092177,0.0,0.0
601939.SS,2019-02-15 00:00:00+08:00,4.870705274295759,4.870705274295759,4.738688976064082,4.752585411071777,103867070,0.0,0.0
601939.SS,2019-02-18 00:00:00+08:00,4.780378403633905,4.849860580453582,4.780378403633905,4.842912197113037,104771328,0.0,0.0
601939.SS,2019-02-19 00:00:00+08:00,4.829015761749102,4.919342757273259,4.808171274361776,4.842912197113037,111733075,0.0,0.0
601939.SS,2019-02-20 00:00:00+08:00,4.863757015817517,4.891549886545388,4.822067709725711,4.842912197113037,58224106,0.0,0.0
601939.SS,2019-02-21 00:00:00+08:00,4.85680866053128,4.884601862736846,4.808171302135141,4.822067737579346,65659924,0.0,0.0
601939.SS,2019-02-22 00:00:00+08:00,4.808171719332309,4.835964592632261,4.7247930994324525,4.829016208648682,131210702,0.0,0.0
601939.SS,2019-02-25 00:00:00+08:00,4.86375690040862,5.169478802478076,4.842912082198753,5.127789497375488,353290186,0.0,0.0
601939.SS,2019-02-26 00:00:00+08:00,5.072203391426941,5.11389269352286,4.9540835364966105,4.995772838592529,256273227,0.0,0.0
601939.SS,2019-02-27 00:00:00+08:00,5.002721930208846,5.17642755738717,4.967981003563495,5.037463188171387,225990872,0.0,0.0
601939.SS,2019-02-28 00:00:00+08:00,5.03051463052417,5.058307834725789,4.97492888475529,4.98882532119751,111538823,0.0,0.0
601939.SS,2019-03-01 00:00:00+08:00,5.01661762623981,5.099996566772461,4.974928321632056,5.099996566772461,169326103,0.0,0.0
601939.SS,2019-03-04 00:00:00+08:00,5.155582817654232,5.245909818922868,5.065255816385596,5.113893508911133,290704378,0.0,0.0
601939.SS,2019-03-05 00:00:00+08:00,5.072203159332275,5.093047643767869,5.016617094430778,5.072203159332275,181278296,0.0,0.0
601939.SS,2019-03-06 00:00:00+08:00,5.0374623571862935,5.106944530332332,5.0374623571862935,5.093048095703125,160615875,0.0,0.0
601939.SS,2019-03-07 00:00:00+08:00,5.072203816968206,5.072203816968206,4.988824874464028,5.002721309661865,175589591,0.0,0.0
601939.SS,2019-03-08 00:00:00+08:00,4.933239100354933,4.947135535458918,4.794274749315077,4.801222801208496,216825679,0.0,0.0
601939.SS,2019-03-11 00:00:00+08:00,4.801222891021231,4.849860580453582,4.752585532906035,4.842912197113037,136330728,0.0,0.0
601939.SS,2019-03-12 00:00:00+08:00,4.8498603101732565,4.905446048531232,4.835963875583762,4.8707051277160645,143567915,0.0,0.0
601939.SS,2019-03-13 00:00:00+08:00,4.863757465932213,4.863757465932213,4.780378846032357,4.829016208648682,134847485,0.0,0.0
601939.SS,2019-03-14 00:00:00+08:00,4.815119771998705,4.87765390258219,4.815119771998705,4.829016208648682,91739931,0.0,0.0
601939.SS,2019-03-15 00:00:00+08:00,4.822067942045651,4.919342994279763,4.815119558370344,4.884602069854736,132540485,0.0,0.0
601939.SS,2019-03-18 00:00:00+08:00,4.884601773681575,4.96798038482666,4.870705338490727,4.96798038482666,135020980,0.0,0.0
601939.SS,2019-03-19 00:00:00+08:00,4.974928826875026,4.98882526315557,4.947135954313939,4.961032390594482,99548430,0.0,0.0
601939.SS,2019-03-20 00:00:00+08:00,4.954084338112798,4.981877210673885,4.912395029271168,4.961032390594482,85770554,0.0,0.0
601939.SS,2019-03-21 00:00:00+08:00,4.9540838281710045,4.961031879937501,4.905446140536968,4.9123945236206055,104998312,0.0,0.0
601939.SS,2019-03-22 00:00:00+08:00,4.919342994279763,4.92629137795507,4.8429124304372335,4.884602069854736,100406025,0.0,0.0
601939.SS,2019-03-25 00:00:00+08:00,4.835964021117948,4.856808507970919,4.752585411071777,4.752585411071777,150304511,0.0,0.0
601939.SS,2019-03-26 00:00:00+08:00,4.780378643410025,4.787326695781919,4.724792899166192,4.731740951538086,102504430,0.0,0.0
601939.SS,2019-03-27 00:00:00+08:00,4.752585501162961,4.822067677518557,4.745637117868825,4.794274806976318,87771376,0.0,0.0
601939.SS,2019-03-28 00:00:00+08:00,4.766482295241833,4.766482295241833,4.697000113655807,4.738689422607422,96738151,0.0,0.0
601939.SS,2019-03-29 00:00:00+08:00,4.745637588748825,4.835964592632261,4.738689536082429,4.829016208648682,194162935,0.0,0.0
601939.SS,2019-04-01 00:00:00+08:00,4.842912516551275,4.967980774393342,4.842912516551275,4.961032390594482,265386854,0.0,0.0
601939.SS,2019-04-02 00:00:00+08:00,4.974928379058838,5.051358937380549,4.933239073969854,4.974928379058838,201446080,0.0,0.0
601939.SS,2019-04-03 00:00:00+08:00,4.898497861350812,5.030513820639479,4.898497861350812,5.023565769195557,168313938,0.0,0.0
601939.SS,2019-04-04 00:00:00+08:00,5.037462592477727,5.183375328558316,5.02356615719944,5.169478893280029,265980243,0.0,0.0
601939.SS,2019-04-08 00:00:00+08:00,5.211168107580664,5.30149510096151,5.099996627307096,5.127789497375488,230807672,0.0,0.0
601939.SS,2019-04-09 00:00:00+08:00,5.099996478676297,5.148633834219956,5.072203609417881,5.093048095703125,118824183,0.0,0.0
601939.SS,2019-04-10 00:00:00+08:00,5.065255195856323,5.113892882423402,5.016617509289244,5.079151630401611,128544285,0.0,0.0
601939.SS,2019-04-11 00:00:00+08:00,5.093047940220415,5.141685625596378,5.016617386434508,5.023565769195557,107559028,0.0,0.0
601939.SS,2019-04-12 00:00:00+08:00,5.016617774963379,5.037462593543796,4.988824904400923,5.016617774963379,85300354,0.0,0.0
601939.SS,2019-04-15 00:00:00+08:00,5.093048630963966,5.245909759267534,5.093048630963966,5.120841503143311,242884161,0.0,0.0
601939.SS,2019-04-16 00:00:00+08:00,5.093048363232932,5.391822220430724,5.079151927873767,5.370977401733398,329394039,0.0,0.0
601939.SS,2019-04-17 00:00:00+08:00,5.350132699799745,5.454356132926683,5.329288211964654,5.391822338104248,220803363,0.0,0.0
601939.SS,2019-04-18 00:00:00+08:00,5.357080753464023,5.377925240015757,5.245909275009063,5.273702144622803,177692359,0.0,0.0
601939.SS,2019-04-19 00:00:00+08:00,5.280650645006156,5.343184772608474,5.225064901056171,5.294547080993652,146022622,0.0,0.0
601939.SS,2019-04-22 00:00:00+08:00,5.287599067536552,5.301495503626224,5.106945067053638,5.120841503143311,209559383,0.0,0.0
601939.SS,2019-04-23 00:00:00+08:00,5.099997043681585,5.176427276951015,5.086100607512855,5.134737968444824,112769055,0.0,0.0
601939.SS,2019-04-24 00:00:00+08:00,5.1486334800720215,5.197271163587281,5.093047745378646,5.1486334800720215,110143470,0.0,0.0
601939.SS,2019-04-25 00:00:00+08:00,5.134737399590748,5.148633834219956,5.072203609417881,5.093048095703125,83406803,0.0,0.0
601939.SS,2019-04-26 00:00:00+08:00,5.072203574634226,5.106944495310435,5.037462322640884,5.044410705566406,95710102,0.0,0.0
601939.SS,2019-05-06 00:00:00+08:00,5.030514177526899,5.058307379225743,4.905446260809272,4.96798038482666,177387537,0.0,0.0
601939.SS,2019-05-07 00:00:00+08:00,4.981876759287979,5.00272124616158,4.912394584180736,4.940187454223633,97083920,0.0,0.0
601939.SS,2019-05-08 00:00:00+08:00,4.877653179352245,4.926290866074041,4.822067440994269,4.8707051277160645,104224090,0.0,0.0
601939.SS,2019-05-09 00:00:00+08:00,4.835964112789677,4.877653418603035,4.766481936434079,4.794274806976318,106032115,0.0,0.0
601939.SS,2019-05-10 00:00:00+08:00,4.815119442874869,4.877653569184012,4.766482083583014,4.863757133483887,106521195,0.0,0.0
601939.SS,2019-05-13 00:00:00+08:00,4.794274896290854,4.863757073940863,4.773430077337272,4.835964202880859,84305137,0.0,0.0
601939.SS,2019-05-14 00:00:00+08:00,4.801222888940299,4.84986057835157,4.787326453582387,4.808171272277832,62811031,0.0,0.0
601939.SS,2019-05-15 00:00:00+08:00,4.835964291432023,4.8776535987854,4.808171419863105,4.8776535987854,74547826,0.0,0.0
601939.SS,2019-05-16 00:00:00+08:00,4.856808749975244,4.877653569184012,4.835964262083637,4.863757133483887,50478722,0.0,0.0
601939.SS,2019-05-17 00:00:00+08:00,4.863757013709482,4.877653449067394,4.808171272277832,4.808171272277832,73482999,0.0,0.0
601939.SS,2019-05-20 00:00:00+08:00,4.808171331820856,4.856808690517283,4.808171331820856,4.835964202880859,55413439,0.0,0.0
601939.SS,2019-05-21 00:00:00+08:00,4.842912314275119,4.898498388392779,4.842912314275119,4.863757133483887,69926234,0.0,0.0
601939.SS,2019-05-22 00:00:00+08:00,4.870705487263914,4.870705487263914,4.829015849100833,4.849860668182373,45600303,0.0,0.0
601939.SS,2019-05-23 00:00:00+08:00,4.82901581945728,4.856808690517283,4.808171331820856,4.835964202880859,60843230,0.0,0.0
601939.SS,2019-05-24 00:00:00+08:00,4.835963875583762,4.884601562305559,4.835963875583762,4.8707051277160645,65102550,0.0,0.0
601939.SS,2019-05-27 00:00:00+08:00,4.856809139251709,4.8776539601312034,4.808171776061537,4.856809139251709,88120253,0.0,0.0
601939.SS,2019-05-28 00:00:00+08:00,4.8498603101732565,4.891549613941738,4.842911927219943,4.8707051277160645,63728299,0.0,0.0
601939.SS,2019-05-29 00:00:00+08:00,4.849860638410861,4.877653509470865,4.82901581945728,4.835964202880859,55788751,0.0,0.0
601939.SS,2019-05-30 00:00:00+08:00,4.829016265623843,4.86375752331727,4.829016265623843,4.856809139251709,60512935,0.0,0.0
601939.SS,2019-05-31 00:00:00+08:00,4.849860668182373,4.870705487263914,4.835964232567066,4.849860668182373,55565266,0.0,0.0
601939.SS,2019-06-03 00:00:00+08:00,4.856808361809436,4.912394431484547,4.842911927219943,4.8707051277160645,97015518,0.0,0.0
601939.SS,2019-06-04 00:00:00+08:00,4.870705634227415,4.940187814400431,4.8568088668756415,4.919342994689941,110892214,0.0,0.0
601939.SS,2019-06-05 00:00:00+08:00,4.933239073969854,5.023566067321226,4.919342638940193,4.974928379058838,107438026,0.0,0.0
601939.SS,2019-06-06 00:00:00+08:00,4.9888248140885,5.023566067321226,4.961031944029177,4.974928379058838,76248528,0.0,0.0
601939.SS,2019-06-10 00:00:00+08:00,4.988825136745774,5.072204083633506,4.988825136745774,5.058307647705078,87025532,0.0,0.0
601939.SS,2019-06-11 00:00:00+08:00,5.051358343579576,5.093047643767869,5.030513527826876,5.072203159332275,113964997,0.0,0.0
601939.SS,2019-06-12 00:00:00+08:00,5.0513596250929655,5.058308009212349,5.016618367130424,5.037463188171387,81926834,0.0,0.0
601939.SS,2019-06-13 00:00:00+08:00,5.037462593543796,5.044410976842986,4.981876852418885,5.016617774963379,56444522,0.0,0.0
601939.SS,2019-06-14 00:00:00+08:00,5.016617774963379,5.058307412124214,5.00966972298134,5.016617774963379,63037008,0.0,0.0
601939.SS,2019-06-17 00:00:00+08:00,5.023565888106974,5.058307140100316,5.009669453573064,5.044410705566406,44197380,0.0,0.0
601939.SS,2019-06-18 00:00:00+08:00,5.03746238744129,5.120840995717309,5.02356595272862,5.106944561004639,90558748,0.0,0.0
601939.SS,2019-06-19 00:00:00+08:00,5.176426975243578,5.204219845961133,5.141686052505209,5.183375358581543,105384196,0.0,0.0
601939.SS,2019-06-20 00:00:00+08:00,5.176427564730349,5.294547444389922,5.155583074977007,5.238961696624756,131668980,0.0,0.0
601939.SS,2019-06-21 00:00:00+08:00,5.2111675972606255,5.2528568982806565,5.127788995220563,5.1486334800720215,163176498,0.0,0.0
601939.SS,2019-06-24 00:00:00+08:00,5.148634074704023,5.176426945260597,5.127789587445168,5.169478893280029,75338003,0.0,0.0
601939.SS,2019-06-25 00:00:00+08:00,5.169478741118719,5.169478741118719,5.037462444202258,5.099996566772461,114291506,0.0,0.0
601939.SS,2019-06-26 00:00:00+08:00,5.07915180909723,5.169478802478076,5.072203757238705,5.127789497375488,72967064,0.0,0.0
601939.SS,2019-06-27 00:00:00+08:00,5.134737046398678,5.183374729913938,5.127788995220563,5.1486334800720215,78863473,0.0,0.0
601939.SS,2019-06-28 00:00:00+08:00,5.148634074704023,5.169478893280029,5.106944768869162,5.169478893280029,65499525,0.0,0.0
601939.SS,2019-07-01 00:00:00+08:00,5.2111682292991,5.225064664657878,5.155582487863986,5.183375358581543,133672935,0.0,0.0
601939.SS,2019-07-02 00:00:00+08:00,5.176426530141525,5.197271347045898,5.16253009597765,5.197271347045898,69594154,0.0,0.0
601939.SS,2019-07-03 00:00:00+08:00,5.1833755052155785,5.218116760253906,5.176427121681048,5.218116760253906,74416187,0.0,0.0
601939.SS,2019-07-04 00:00:00+08:00,5.21116828918457,5.24590954363933,5.197271853666098,5.21116828918457,70466708,0.0,0.0
601939.SS,2019-07-05 00:00:00+08:00,5.211168822742173,5.245910080753998,5.197272385800882,5.238961696624756,58394064,0.0,0.0
601939.SS,2019-07-08 00:00:00+08:00,5.225064664657878,5.225064664657878,5.106944798449686,5.183375358581543,94950186,0.0,0.0
601939.SS,2019-07-09 00:00:00+08:00,5.176426884808427,5.183375268025,5.134737579460428,5.141685962677002,62936293,0.0,0.0
601939.SS,2019-07-10 00:00:00+08:00,5.146034944506692,5.15328304703771,5.051811685254767,5.066307544708252,114972357,0.306,0.0
601939.SS,2019-07-11 00:00:00+08:00,5.095299412089634,5.124291129874931,5.073555450946393,5.1025471687316895,101907694,0.0,0.0
601939.SS,2019-07-12 00:00:00+08:00,5.124290899981064,5.218513805751835,5.109795041738751,5.196770191192627,78462464,0.0,0.0
601939.SS,2019-07-15 00:00:00+08:00,5.189522257285677,5.218513974708952,5.138786924599213,5.2040181159973145,57594491,0.0,0.0
601939.SS,2019-07-16 00:00:00+08:00,5.2112662181574,5.225762076869038,5.189522257285677,5.2040181159973145,46802175,0.0,0.0
601939.SS,2019-07-17 00:00:00+08:00,5.211266066846109,5.21851382318722,5.1532826336831326,5.167778491973877,38642706,0.0,0.0
601939.SS,2019-07-18 00:00:00+08:00,5.167778449167401,5.254753598191422,5.153282590996732,5.240257740020752,93296363,0.0,0.0
601939.SS,2019-07-19 00:00:00+08:00,5.240257731483075,5.290993407802019,5.211266015188969,5.254753589630127,59254632,0.0,0.0
601939.SS,2019-07-22 00:00:00+08:00,5.254753776012145,5.262001878147016,5.204018097893646,5.2330098152160645,60843487,0.0,0.0
601939.SS,2019-07-23 00:00:00+08:00,5.2402581874608325,5.298241625094436,5.218514225543957,5.283745765686035,77678764,0.0,0.0
601939.SS,2019-07-24 00:00:00+08:00,5.298241586217432,5.370720882727603,5.283745726915398,5.341729164123535,87377917,0.0,0.0
601939.SS,2019-07-25 00:00:00+08:00,5.327232812617017,5.377968488290736,5.305489198477218,5.370720386505127,61918840,0.0,0.0
601939.SS,2019-07-26 00:00:00+08:00,5.341728995937393,5.399712431319902,5.327233137091766,5.334481239318848,69205198,0.0,0.0
601939.SS,2019-07-29 00:00:00+08:00,5.334481407276791,5.348977266578825,5.283745726915398,5.341729164123535,67275206,0.0,0.0
601939.SS,2019-07-30 00:00:00+08:00,5.348977555290307,5.421456855712553,5.348977555290307,5.363473415374756,64147673,0.0,0.0
601939.SS,2019-07-31 00:00:00+08:00,5.348977266578825,5.377968985182895,5.327233304821501,5.341729164123535,40432251,0.0,0.0
601939.SS,2019-08-01 00:00:00+08:00,5.327233324259713,5.34172918361464,5.276497989321742,5.312737464904785,65168083,0.0,0.0
601939.SS,2019-08-02 00:00:00+08:00,5.254754086282791,5.283745805317046,5.19677064821428,5.225762367248535,91861000,0.0,0.0
601939.SS,2019-08-05 00:00:00+08:00,5.196769914675395,5.21126577214639,5.131538383251661,5.146034240722656,74530321,0.0,0.0
601939.SS,2019-08-06 00:00:00+08:00,5.095299243927002,5.11704285874409,5.044563566672919,5.095299243927002,99847397,0.0,0.0
601939.SS,2019-08-07 00:00:00+08:00,5.12429096075547,5.138786819169705,5.073555283501387,5.095299243927002,60663711,0.0,0.0
601939.SS,2019-08-08 00:00:00+08:00,5.117043453222492,5.18227499646916,5.102547593124185,5.175026893615723,53333040,0.0,0.0
601939.SS,2019-08-09 00:00:00+08:00,5.18227499646916,5.218514473910646,5.146035173419108,5.175026893615723,70943346,0.0,0.0
601939.SS,2019-08-12 00:00:00+08:00,5.167778939005098,5.21126651763916,5.153283079460411,5.21126651763916,52603765,0.0,0.0
601939.SS,2019-08-13 00:00:00+08:00,5.1750259556646485,5.189521813135645,5.117042525780665,5.146034240722656,53018256,0.0,0.0
601939.SS,2019-08-14 00:00:00+08:00,5.182275028247071,5.196770888434267,5.131539344787598,5.131539344787598,58405956,0.0,0.0
601939.SS,2019-08-15 00:00:00+08:00,5.073554953367676,5.1677781997334025,5.05905909589668,5.146034240722656,49240079,0.0,0.0
601939.SS,2019-08-16 00:00:00+08:00,5.153282651094849,5.17502626580017,5.109795076075683,5.138786792755127,49354453,0.0,0.0
601939.SS,2019-08-19 00:00:00+08:00,5.080803840842949,5.131539177035292,5.015572299328727,5.12429141998291,172571642,0.0,0.0
601939.SS,2019-08-20 00:00:00+08:00,5.095299609223772,5.095299609223772,5.0590597877857855,5.066307544708252,94236350,0.0,0.0
601939.SS,2019-08-21 00:00:00+08:00,5.059059610567244,5.080803571790057,5.037315649344432,5.07355546951294,70888960,0.0,0.0
601939.SS,2019-08-22 00:00:00+08:00,5.073556147336785,5.080804250582244,5.0300685646897865,5.03731632232666,65270924,0.0,0.0
601939.SS,2019-08-23 00:00:00+08:00,5.051812280062853,5.088052105767772,5.037316418902604,5.080804347991943,65933681,0.0,0.0
601939.SS,2019-08-26 00:00:00+08:00,5.030068098453762,5.059059817531191,5.001076379376332,5.022819995880127,74962459,0.0,0.0
601939.SS,2019-08-27 00:00:00+08:00,5.03731632232666,5.066308044091326,5.022820461444328,5.03731632232666,99179493,0.0,0.0
601939.SS,2019-08-28 00:00:00+08:00,5.022820461444328,5.044564425572119,5.015572703807453,5.03731632232666,54821970,0.0,0.0
601939.SS,2019-08-29 00:00:00+08:00,5.030067920684815,5.05905963873764,5.015572061658402,5.030067920684815,67180223,0.0,0.0
601939.SS,2019-08-30 00:00:00+08:00,5.051811555445308,5.0590596577900815,4.993828119121291,5.0010762214660645,61106947,0.0,0.0
601939.SS,2019-09-02 00:00:00+08:00,5.001076230965228,5.015572090073766,4.972084512748151,4.9865803718566895,87590766,0.0,0.0
601939.SS,2019-09-03 00:00:00+08:00,4.9865803718566895,4.993828128606687,4.964836410389611,4.9865803718566895,66476398,0.0,0.0
601939.SS,2019-09-04 00:00:00+08:00,4.972084456893072,5.080803571790057,4.972084456893072,5.07355546951294,117546765,0.0,0.0
601939.SS,2019-09-05 00:00:00+08:00,5.0880511157618376,5.182274367774294,5.0880511157618376,5.138786792755127,117282361,0.0,0.0
601939.SS,2019-09-06 00:00:00+08:00,5.160530398717822,5.167778500679666,5.131538682087493,5.153282642364502,50833093,0.0,0.0
601939.SS,2019-09-09 00:00:00+08:00,5.17502626580017,5.189522124139893,5.117042832441282,5.138786792755127,77434274,0.0,0.0
601939.SS,2019-09-10 00:00:00+08:00,5.146034256534982,5.16053011405052,5.095298928034852,5.117042541503906,57779802,0.0,0.0
601939.SS,2019-09-11 00:00:00+08:00,5.1315393133208005,5.18227499646916,5.117043453222492,5.175026893615723,88213913,0.0,0.0
601939.SS,2019-09-12 00:00:00+08:00,5.18952275371403,5.196770856567468,5.160531033517415,5.175026893615723,57244948,0.0,0.0
601939.SS,2019-09-16 00:00:00+08:00,5.175026425957531,5.175026425957531,5.131538849592506,5.1605305671691895,37246004,0.0,0.0
601939.SS,2019-09-17 00:00:00+08:00,5.153282847660227,5.1605306043022825,5.095299412089634,5.1025471687316895,41962466,0.0,0.0
601939.SS,2019-09-18 00:00:00+08:00,5.102546991537486,5.1387868103148895,5.095299235147121,5.109795093536377,43048183,0.0,0.0
601939.SS,2019-09-19 00:00:00+08:00,5.124290951925634,5.131538708315999,5.08805113314823,5.109795093536377,29962376,0.0,0.0
601939.SS,2019-09-20 00:00:00+08:00,5.124291587498284,5.153283307872678,5.102547624413204,5.131539344787598,49103748,0.0,0.0
601939.SS,2019-09-23 00:00:00+08:00,5.117043225599724,5.138787187584225,5.037315825801283,5.066307544708252,80606051,0.0,0.0
601939.SS,2019-09-24 00:00:00+08:00,5.066308343773893,5.080804551122292,5.044564723968506,5.044564723968506,38433866,0.0,0.0
601939.SS,2019-09-25 00:00:00+08:00,5.037315658640624,5.088051337848459,5.022819799668177,5.0590596199035645,42538832,0.0,0.0
601939.SS,2019-09-26 00:00:00+08:00,5.073555274758975,5.146034566705255,5.059059416369719,5.109795093536377,82103866,0.0,0.0
601939.SS,2019-09-27 00:00:00+08:00,5.117043317321971,5.131539177035292,5.044564018755368,5.12429141998291,72706177,0.0,0.0
601939.SS,2019-09-30 00:00:00+08:00,5.095299609223772,5.146034944506692,5.066307544708252,5.066307544708252,38601356,0.0,0.0
601939.SS,2019-10-08 00:00:00+08:00,5.066307801140929,5.160531065161991,5.059060043851615,5.131539344787598,67701231,0.0,0.0
601939.SS,2019-10-09 00:00:00+08:00,5.109795695977622,5.196770856567468,5.102547593124185,5.175026893615723,67450430,0.0,0.0
601939.SS,2019-10-10 00:00:00+08:00,5.175026893615723,5.18952275371403,5.146035173419108,5.175026893615723,46067145,0.0,0.0
601939.SS,2019-10-11 00:00:00+08:00,5.18952254565144,5.240258226765663,5.167778929180025,5.225762367248535,77965780,0.0,0.0
601939.SS,2019-10-14 00:00:00+08:00,5.233009909196018,5.377968844019971,5.233009909196018,5.290993690490723,106448471,0.0,0.0
601939.SS,2019-10-15 00:00:00+08:00,5.290993662781967,5.341728995937393,5.269249701709257,5.334481239318848,65812672,0.0,0.0
601939.SS,2019-10-16 00:00:00+08:00,5.334481939080288,5.392465382068893,5.2475064289888005,5.269250392913818,79819531,0.0,0.0
601939.SS,2019-10-17 00:00:00+08:00,5.276498328395579,5.305490048968474,5.254754365161622,5.262002468109131,47310679,0.0,0.0
601939.SS,2019-10-18 00:00:00+08:00,5.283745305924232,5.334480982243177,5.211266015188969,5.254753589630127,54240424,0.0,0.0
601939.SS,2019-10-21 00:00:00+08:00,5.254753842863631,5.334481239318848,5.247505740636548,5.334481239318848,57262465,0.0,0.0
601939.SS,2019-10-22 00:00:00+08:00,5.348977266578825,5.348977266578825,5.283745726915398,5.341729164123535,43975254,0.0,0.0
601939.SS,2019-10-23 00:00:00+08:00,5.312737742679005,5.38521704324319,5.312737742679005,5.348977565765381,72380761,0.0,0.0
601939.SS,2019-10-24 00:00:00+08:00,5.356224994504135,5.4721922139027805,5.348977237696527,5.38521671295166,101318455,0.0,0.0
601939.SS,2019-10-25 00:00:00+08:00,5.377968303454696,5.399711916847185,5.334480731061215,5.3924641609191895,45597843,0.0,0.0
601939.SS,2019-10-28 00:00:00+08:00,5.399712431319902,5.428704149011156,5.312737278246138,5.334481239318848,63839431,0.0,0.0
601939.SS,2019-10-29 00:00:00+08:00,5.334481267255347,5.356224882833391,5.26200197264764,5.290993690490723,66568442,0.0,0.0
601939.SS,2019-10-30 00:00:00+08:00,5.290993681203999,5.327233155639977,5.269249720055583,5.305489540100098,40361850,0.0,0.0
601939.SS,2019-10-31 00:00:00+08:00,5.319985587011312,5.334481446419712,5.233010084952357,5.283745765686035,57705825,0.0,0.0
601939.SS,2019-11-01 00:00:00+08:00,5.283745588225683,5.305489549412264,5.211266293617975,5.290993690490723,79660260,0.0,0.0
601939.SS,2019-11-04 00:00:00+08:00,5.269250183147079,5.334481726716708,5.269250183147079,5.319985866546631,77230367,0.0,0.0
601939.SS,2019-11-05 00:00:00+08:00,5.312737742679005,5.399712903356027,5.283746022453331,5.348977565765381,73593839,0.0,0.0
601939.SS,2019-11-06 00:00:00+08:00,5.341728637701732,5.457695846298106,5.319985023695765,5.428703784942627,122760623,0.0,0.0
601939.SS,2019-11-07 00:00:00+08:00,5.414207927069144,5.472191704171587,5.399712069195662,5.428703784942627,59192183,0.0,0.0
601939.SS,2019-11-08 00:00:00+08:00,5.464944640101882,5.472192743219133,5.319986033842646,5.327233791351318,69622182,0.0,0.0
601939.SS,2019-11-11 00:00:00+08:00,5.319985312791854,5.319985312791854,5.2330098152160645,5.2330098152160645,80065992,0.0,0.0
601939.SS,2019-11-12 00:00:00+08:00,5.254754244443596,5.269250104397028,5.218514421755732,5.247506141662598,46371759,0.0,0.0
601939.SS,2019-11-13 00:00:00+08:00,5.233010134151915,5.247505993696603,5.182274798549785,5.21126651763916,48903880,0.0,0.0
601939.SS,2019-11-14 00:00:00+08:00,5.211266706132894,5.218514463363116,5.16053102308708,5.189522743225098,60508763,0.0,0.0
601939.SS,2019-11-15 00:00:00+08:00,5.189522575416268,5.19677067802068,5.153283099219872,5.18227481842041,53524686,0.0,0.0
601939.SS,2019-11-18 00:00:00+08:00,5.182274332950314,5.21126604943494,5.167778474708002,5.196770191192627,52313902,0.0,0.0
601939.SS,2019-11-19 00:00:00+08:00,5.196770658094473,5.218514274607228,5.175026695973165,5.21126651763916,51290190,0.0,0.0
601939.SS,2019-11-20 00:00:00+08:00,5.196770217309995,5.211266075625159,5.117042823772329,5.153282642364502,85215813,0.0,0.0
601939.SS,2019-11-21 00:00:00+08:00,5.131538673442755,5.167778491973877,5.1097950588109,5.167778491973877,48053485,0.0,0.0
601939.SS,2019-11-22 00:00:00+08:00,5.175026893615723,5.18952275371403,5.146035173419108,5.175026893615723,46313862,0.0,0.0
601939.SS,2019-11-25 00:00:00+08:00,5.1822747886971525,5.233010124202822,5.175026686134312,5.225762367248535,38365893,0.0,0.0
601939.SS,2019-11-26 00:00:00+08:00,5.240258226765663,5.269249945799919,5.211266507731407,5.225762367248535,60203458,0.0,0.0
601939.SS,2019-11-27 00:00:00+08:00,5.240257917350935,5.247505673877274,5.189522239232437,5.2330098152160645,42100896,0.0,0.0
601939.SS,2019-11-28 00:00:00+08:00,5.233010334008953,5.233010334008953,5.146035173419108,5.175026893615723,63302398,0.0,0.0
601939.SS,2019-11-29 00:00:00+08:00,5.153282342262407,5.196769914675395,5.13878648479141,5.146034240722656,46018795,0.0,0.0
601939.SS,2019-12-02 00:00:00+08:00,5.146034708380848,5.167778669367627,5.131538849592506,5.1605305671691895,41395789,0.0,0.0
601939.SS,2019-12-03 00:00:00+08:00,5.153283099219872,5.18227481842041,5.14603499661546,5.18227481842041,33905611,0.0,0.0
601939.SS,2019-12-04 00:00:00+08:00,5.167779136370852,5.18952275371403,5.160531033517415,5.175026893615723,34187614,0.0,0.0
601939.SS,2019-12-05 00:00:00+08:00,5.204018613812337,5.211266716665775,5.160531033517415,5.175026893615723,46576317,0.0,0.0
601939.SS,2019-12-06 00:00:00+08:00,5.18227499646916,5.196770856567468,5.146035173419108,5.175026893615723,47937687,0.0,0.0
601939.SS,2019-12-09 00:00:00+08:00,5.167778509434572,5.17502626580017,5.124290934415405,5.138786792755127,59056328,0.0,0.0
601939.SS,2019-12-10 00:00:00+08:00,5.131539177035292,5.1460350367486125,5.117043317321971,5.12429141998291,40067809,0.0,0.0
601939.SS,2019-12-11 00:00:00+08:00,5.13878648479141,5.160530098193653,5.109794769849418,5.146034240722656,45385153,0.0,0.0
601939.SS,2019-12-12 00:00:00+08:00,5.146034540402658,5.160530398717822,5.131538682087493,5.153282642364502,39595300,0.0,0.0
601939.SS,2019-12-13 00:00:00+08:00,5.175026862411148,5.218514442443848,5.16777910520998,5.218514442443848,92567388,0.0,0.0
601939.SS,2019-12-16 00:00:00+08:00,5.218514294616807,5.218514294616807,5.160530856215729,5.18227481842041,91767217,0.0,0.0
601939.SS,2019-12-17 00:00:00+08:00,5.182274307338072,5.262001700081017,5.131538630936467,5.240257740020752,155634826,0.0,0.0
601939.SS,2019-12-18 00:00:00+08:00,5.218514421755732,5.305489927084892,5.218514421755732,5.247506141662598,96256691,0.0,0.0
601939.SS,2019-12-19 00:00:00+08:00,5.247506262214112,5.283746085734517,5.233010401927665,5.262002468109131,49810410,0.0,0.0
601939.SS,2019-12-20 00:00:00+08:00,5.262001691507914,5.283745305924232,5.240257731483075,5.254753589630127,49204400,0.0,0.0
601939.SS,2019-12-23 00:00:00+08:00,5.262002198849843,5.283745815362598,5.20401841506254,5.21126651763916,66080113,0.0,0.0
601939.SS,2019-12-24 00:00:00+08:00,5.21126651763916,5.233010134151915,5.189522555517852,5.21126651763916,41199303,0.0,0.0
601939.SS,2019-12-25 00:00:00+08:00,5.204017947509522,5.218513805751835,5.182274332950314,5.196770191192627,42073274,0.0,0.0
601939.SS,2019-12-26 00:00:00+08:00,5.196770165508742,5.240257740020752,5.189522063619147,5.240257740020752,47499112,0.0,0.0
601939.SS,2019-12-27 00:00:00+08:00,5.233009629605289,5.26924944777718,5.211266015188969,5.254753589630127,75777506,0.0,0.0
601939.SS,2019-12-30 00:00:00+08:00,5.233009638131157,5.254753598191422,5.189522063619147,5.240257740020752,119030210,0.0,0.0
601939.SS,2019-12-31 00:00:00+08:00,5.225761881850081,5.254753598191422,5.218513779960486,5.240257740020752,57475947,0.0,0.0
601939.SS,2020-01-02 00:00:00+08:00,5.283745280381275,5.356224570766156,5.283745280381275,5.298241138458252,119303816,0.0,0.0
601939.SS,2020-01-03 00:00:00+08:00,5.298241138458252,5.327232854612204,5.283745280381275,5.298241138458252,70583061,0.0,0.0
601939.SS,2020-01-06 00:00:00+08:00,5.283745964350461,5.305489927084892,5.233010281709165,5.247506141662598,82871277,0.0,0.0
601939.SS,2020-01-07 00:00:00+08:00,5.262001700081017,5.283745314532761,5.233009638131157,5.240257740020752,110643565,0.0,0.0
601939.SS,2020-01-08 00:00:00+08:00,5.175026893615723,5.175026893615723,5.175026893615723,5.175026893615723,97110119,0.0,0.0
601939.SS,2020-01-09 00:00:00+08:00,5.211266706132894,5.218514463363116,5.167779125925867,5.189522743225098,84850301,0.0,0.0
601939.SS,2020-01-10 00:00:00+08:00,5.1967708460638855,5.204018603294107,5.175026883156089,5.189522743225098,53099216,0.0,0.0
601939.SS,2020-01-13 00:00:00+08:00,5.196770191192627,5.196770191192627,5.196770191192627,5.196770191192627,73576436,0.0,0.0
601939.SS,2020-01-14 00:00:00+08:00,5.189522743225098,5.189522743225098,5.189522743225098,5.189522743225098,54632326,0.0,0.0
601939.SS,2020-01-15 00:00:00+08:00,5.196770856567468,5.196770856567468,5.167779136370852,5.175026893615723,43999214,0.0,0.0
601939.SS,2020-01-16 00:00:00+08:00,5.182274367774294,5.182274367774294,5.131538690781004,5.138786792755127,94107591,0.0,0.0
601939.SS,2020-01-17 00:00:00+08:00,5.1387874476854805,5.167779168059874,5.124291587498284,5.131539344787598,55320519,0.0,0.0
601939.SS,2020-01-20 00:00:00+08:00,5.13878648479141,5.153282342262407,5.124290627320415,5.146034240722656,73973111,0.0,0.0
601939.SS,2020-01-21 00:00:00+08:00,5.138786988767579,5.138786988767579,5.095299412089634,5.1025471687316895,89464895,0.0,0.0
601939.SS,2020-01-22 00:00:00+08:00,5.08805113314823,5.117042849926743,5.066307172760084,5.109795093536377,87063279,0.0,0.0
601939.SS,2020-01-23 00:00:00+08:00,5.088051996865293,5.095300100094578,5.015572692615362,5.051812171936035,125598990,0.0,0.0
601939.SS,2020-02-03 00:00:00+08:00,4.653175344263275,4.8271256564633545,4.58794380438397,4.667671203613281,193661464,0.0,0.0
601939.SS,2020-02-04 00:00:00+08:00,4.660422988620959,4.885108975925914,4.660422988620959,4.841621398925781,165419471,0.0,0.0
601939.SS,2020-02-05 00:00:00+08:00,4.841621212871089,4.906852748668828,4.79088588112487,4.863365173339844,103625238,0.0,0.0
601939.SS,2020-02-06 00:00:00+08:00,4.885109277500655,4.885109277500655,4.805382220882855,4.848869800567627,143935209,0.0,0.0
601939.SS,2020-02-07 00:00:00+08:00,4.819878111727507,4.819878111727507,4.761894671775485,4.805382251739502,108238428,0.0,0.0
601939.SS,2020-02-10 00:00:00+08:00,4.7836379910125,4.805381952444505,4.754646272842188,4.798133850097656,69871729,0.0,0.0
601939.SS,2020-02-11 00:00:00+08:00,4.805382220882855,4.848869800567627,4.783638258236189,4.848869800567627,94884207,0.0,0.0
601939.SS,2020-02-12 00:00:00+08:00,4.841621697815884,4.848869800567627,4.812629978026036,4.848869800567627,63123380,0.0,0.0
601939.SS,2020-02-13 00:00:00+08:00,4.848869529699973,4.848869529699973,4.7836379910125,4.798133850097656,91953637,0.0,0.0
601939.SS,2020-02-14 00:00:00+08:00,4.783637805400713,4.834373483034415,4.769141946878016,4.819877624511719,68854935,0.0,0.0
601939.SS,2020-02-17 00:00:00+08:00,4.812629653171667,4.885108947753906,4.798133794255219,4.885108947753906,90992821,0.0,0.0
601939.SS,2020-02-18 00:00:00+08:00,4.877861688769709,4.885109446163125,4.841621864976909,4.8561177253723145,84400248,0.0,0.0
601939.SS,2020-02-19 00:00:00+08:00,4.84886931489685,4.885108788200073,4.841621212871089,4.863365173339844,90909186,0.0,0.0
601939.SS,2020-02-20 00:00:00+08:00,4.863365926513503,4.906853508577268,4.812630241301488,4.899605751037598,122763401,0.0,0.0
601939.SS,2020-02-21 00:00:00+08:00,4.877861479458364,4.943093021242859,4.856117516994012,4.906853199005127,92576405,0.0,0.0
601939.SS,2020-02-24 00:00:00+08:00,4.906852748668828,4.906852748668828,4.856117071314083,4.863365173339844,88049784,0.0,0.0
601939.SS,2020-02-25 00:00:00+08:00,4.819877802039609,4.84162141782026,4.79088608392638,4.812629699707031,88927576,0.0,0.0
601939.SS,2020-02-26 00:00:00+08:00,4.776390048943629,4.848869341557112,4.7473983318982365,4.819877624511719,83820260,0.0,0.0
601939.SS,2020-02-27 00:00:00+08:00,4.819877615625123,4.834373474121094,4.798133655076905,4.834373474121094,72598342,0.0,0.0
601939.SS,2020-02-28 00:00:00+08:00,4.790886151176192,4.812629767262059,4.711158752441406,4.711158752441406,127946382,0.0,0.0
601939.SS,2020-03-02 00:00:00+08:00,4.718407112316744,4.790886412571754,4.718407112316744,4.776390552520752,80439213,0.0,0.0
601939.SS,2020-03-03 00:00:00+08:00,4.805381961963358,4.834373680191099,4.776390243735618,4.783638000488281,90153524,0.0,0.0
601939.SS,2020-03-04 00:00:00+08:00,4.783638000488281,4.805381961963358,4.761894384621748,4.783638000488281,87990524,0.0,0.0
601939.SS,2020-03-05 00:00:00+08:00,4.798133637542104,4.870612929757078,4.769141920656115,4.863365173339844,166622327,0.0,0.0
601939.SS,2020-03-06 00:00:00+08:00,4.8271258689172285,4.85611758889324,4.798134148941217,4.805382251739502,83512044,0.0,0.0
601939.SS,2020-03-09 00:00:00+08:00,4.761893958980854,4.761893958980854,4.689414324281536,4.696662425994873,163968778,0.0,0.0
601939.SS,2020-03-10 00:00:00+08:00,4.6749187465009605,4.747398385541962,4.6749187465009605,4.732902526855469,122794471,0.0,0.0
601939.SS,2020-03-11 00:00:00+08:00,4.740149982981423,4.77638980020518,4.718406369133978,4.725654125213623,77763752,0.0,0.0
601939.SS,2020-03-12 00:00:00+08:00,4.703910630853215,4.747398554064962,4.67491891245108,4.740150451660156,102085127,0.0,0.0
601939.SS,2020-03-13 00:00:00+08:00,4.616935200771339,4.732902413084159,4.5951915860685455,4.7039103507995605,115368859,0.0,0.0
601939.SS,2020-03-16 00:00:00+08:00,4.703910689030861,4.740150510286014,4.624183635243203,4.653175354003906,138662141,0.0,0.0
601939.SS,2020-03-17 00:00:00+08:00,4.631431076404306,4.689414509972979,4.573447642835633,4.6749186515808105,121200343,0.0,0.0
601939.SS,2020-03-18 00:00:00+08:00,4.667671402311831,4.703910879425256,4.6241838224105845,4.631431579589844,88296423,0.0,0.0
601939.SS,2020-03-19 00:00:00+08:00,4.602439954976607,4.631431675511218,4.46472910963292,4.500968933105469,156342078,0.0,0.0
601939.SS,2020-03-20 00:00:00+08:00,4.537208527352166,4.631431441525098,4.4864728461755465,4.580696105957031,120448361,0.0,0.0
601939.SS,2020-03-23 00:00:00+08:00,4.486473094223119,4.51546481489592,4.442985513213918,4.471977233886719,95281504,0.0,0.0
601939.SS,2020-03-24 00:00:00+08:00,4.515464709983251,4.624183832784552,4.515464709983251,4.616935729980469,104887555,0.0,0.0
601939.SS,2020-03-25 00:00:00+08:00,4.66042313058491,4.67491899002652,4.609687795343545,4.624183654785156,112985481,0.0,0.0
601939.SS,2020-03-26 00:00:00+08:00,4.580696066750988,4.67491898011747,4.580696066750988,4.638679504394531,101523045,0.0,0.0
601939.SS,2020-03-27 00:00:00+08:00,4.66042325834932,4.711158940590142,4.66042325834932,4.689414978027344,75930244,0.0,0.0
601939.SS,2020-03-30 00:00:00+08:00,4.653175501234094,4.703910837866355,4.638679641395083,4.689414978027344,76898304,0.0,0.0
601939.SS,2020-03-31 00:00:00+08:00,4.703910729039462,4.718406934151658,4.580696096062762,4.595191955566406,98983311,0.0,0.0
601939.SS,2020-04-01 00:00:00+08:00,4.587943833376853,4.638679514226768,4.580696076460323,4.624183654785156,43243222,0.0,0.0
601939.SS,2020-04-02 00:00:00+08:00,4.602439839197999,4.660423278808594,4.595192082050955,4.660423278808594,36627994,0.0,0.0
601939.SS,2020-04-03 00:00:00+08:00,4.638679504394531,4.667671223216302,4.616935542473928,4.638679504394531,40748743,0.0,0.0
601939.SS,2020-04-07 00:00:00+08:00,4.68941482965051,4.69666293214496,4.631431392129104,4.653175354003906,92580536,0.0,0.0
601939.SS,2020-04-08 00:00:00+08:00,4.638679692784155,4.645927449979674,4.602439869980866,4.616935729980469,52712476,0.0,0.0
601939.SS,2020-04-09 00:00:00+08:00,4.6314314018848135,4.638679504394531,4.60968778557276,4.638679504394531,35855750,0.0,0.0
601939.SS,2020-04-10 00:00:00+08:00,4.638679692784155,4.638679692784155,4.602439869980866,4.616935729980469,43371570,0.0,0.0
601939.SS,2020-04-13 00:00:00+08:00,4.595191965491987,4.609687825026942,4.573448003385278,4.580696105957031,39199447,0.0,0.0
601939.SS,2020-04-14 00:00:00+08:00,4.57344798369018,4.609687805175781,4.57344798369018,4.609687805175781,45282712,0.0,0.0
601939.SS,2020-04-15 00:00:00+08:00,4.595191955566406,4.616935572017597,4.587943853010308,4.595191955566406,34207632,0.0,0.0
601939.SS,2020-04-16 00:00:00+08:00,4.587943853010308,4.609687815070051,4.580696096062762,4.595191955566406,34828014,0.0,0.0
601939.SS,2020-04-17 00:00:00+08:00,4.609687983191541,4.616935740403422,4.580696263126885,4.602439880371094,83799802,0.0,0.0
601939.SS,2020-04-20 00:00:00+08:00,4.595191664999999,4.602439421489249,4.5734477043151855,4.5734477043151855,49051290,0.0,0.0
601939.SS,2020-04-21 00:00:00+08:00,4.580695351469839,4.580695351469839,4.515463821502562,4.529959678649902,48393684,0.0,0.0
601939.SS,2020-04-22 00:00:00+08:00,4.515464120327516,4.537208080291748,4.493720160363283,4.537208080291748,38164446,0.0,0.0
601939.SS,2020-04-23 00:00:00+08:00,4.537208756578018,4.537208756578018,4.493720830167531,4.500968933105469,48279509,0.0,0.0
601939.SS,2020-04-24 00:00:00+08:00,4.508216390767369,4.508216390767369,4.479224672159878,4.493720531463623,30728017,0.0,0.0
601939.SS,2020-04-27 00:00:00+08:00,4.493720160363283,4.566199796505045,4.493720160363283,4.537208080291748,68570875,0.0,0.0
601939.SS,2020-04-28 00:00:00+08:00,4.5372082485785485,4.56619996586716,4.4937203270371,4.544456005096436,64716661,0.0,0.0
601939.SS,2020-04-29 00:00:00+08:00,4.551704338341447,4.653175354003906,4.551704338341447,4.653175354003906,103120718,0.0,0.0
601939.SS,2020-04-30 00:00:00+08:00,4.65317552166155,4.689414998613891,4.645927418905945,4.660423278808594,51089825,0.0,0.0
601939.SS,2020-05-06 00:00:00+08:00,4.609687815070051,4.616935572017597,4.573447993506663,4.595191955566406,68585204,0.0,0.0
601939.SS,2020-05-07 00:00:00+08:00,4.580695806412966,4.595191664999999,4.566199947825934,4.5734477043151855,53424259,0.0,0.0
601939.SS,2020-05-08 00:00:00+08:00,4.587944020338767,4.609687983191541,4.580696263126885,4.602439880371094,61514104,0.0,0.0
601939.SS,2020-05-11 00:00:00+08:00,4.609687962443502,4.638679682377666,4.60243985965568,4.631431579589844,58023510,0.0,0.0
601939.SS,2020-05-12 00:00:00+08:00,4.631431600435749,4.660423320500405,4.587944020338767,4.602439880371094,48662901,0.0,0.0
601939.SS,2020-05-13 00:00:00+08:00,4.5951919359019335,4.631431411701687,4.580696076460323,4.624183654785156,35654245,0.0,0.0
601939.SS,2020-05-14 00:00:00+08:00,4.616935581990143,4.616935581990143,4.580696105957031,4.580696105957031,32952700,0.0,0.0
601939.SS,2020-05-15 00:00:00+08:00,4.602439421489249,4.602439421489249,4.5734477043151855,4.5734477043151855,37046133,0.0,0.0
601939.SS,2020-05-18 00:00:00+08:00,4.587943862920232,4.602439722455188,4.558952143850322,4.580696105957031,46842742,0.0,0.0
601939.SS,2020-05-19 00:00:00+08:00,4.609687962443502,4.645927439556926,4.595192102476419,4.631431579589844,90566886,0.0,0.0
601939.SS,2020-05-20 00:00:00+08:00,4.638679672036117,4.667671391905648,4.616935709329689,4.645927429199219,56138043,0.0,0.0
601939.SS,2020-05-21 00:00:00+08:00,4.638679661758901,4.682167241466847,4.638679661758901,4.660423278808594,58249844,0.0,0.0
601939.SS,2020-05-22 00:00:00+08:00,4.660423160595008,4.682167122701718,4.573448003385278,4.580696105957031,91066804,0.0,0.0
601939.SS,2020-05-25 00:00:00+08:00,4.580695797449492,4.609687514566825,4.566199938890826,4.5879435539245605,44170170,0.0,0.0
601939.SS,2020-05-26 00:00:00+08:00,4.602439712513952,4.616935572017597,4.587943853010308,4.595191955566406,41220734,0.0,0.0
601939.SS,2020-05-27 00:00:00+08:00,4.602439869980866,4.645927449979674,4.595192112785347,4.616935729980469,45633033,0.0,0.0
601939.SS,2020-05-28 00:00:00+08:00,4.638679494623555,4.711158791525311,4.631431392129104,4.653175354003906,76503542,0.0,0.0
601939.SS,2020-05-29 00:00:00+08:00,4.645927449979674,4.660423309979277,4.60968797278495,4.616935729980469,45138741,0.0,0.0
601939.SS,2020-06-01 00:00:00+08:00,4.638679504394531,4.667671223216302,4.6241836449836455,4.638679504394531,54227179,0.0,0.0
601939.SS,2020-06-02 00:00:00+08:00,4.631431569264453,4.6531755319708825,4.624183812101353,4.645927429199219,87134941,0.0,0.0
601939.SS,2020-06-03 00:00:00+08:00,4.660423278808594,4.689414998613891,4.645927418905945,4.660423278808594,76167455,0.0,0.0
601939.SS,2020-06-04 00:00:00+08:00,4.67491898011747,4.67491898011747,4.638679504394531,4.638679504394531,42813356,0.0,0.0
601939.SS,2020-06-05 00:00:00+08:00,4.645927418905945,4.667671381564198,4.631431559003296,4.660423278808594,46514886,0.0,0.0
601939.SS,2020-06-08 00:00:00+08:00,4.653175363805416,4.667671223216302,4.6314314018848135,4.638679504394531,91696039,0.0,0.0
601939.SS,2020-06-09 00:00:00+08:00,4.638679661758901,4.660423278808594,4.624183801856253,4.660423278808594,72764832,0.0,0.0
601939.SS,2020-06-10 00:00:00+08:00,4.660423120706584,4.660423120706584,4.6314314018848135,4.638679504394531,53731556,0.0,0.0
601939.SS,2020-06-11 00:00:00+08:00,4.638679703256195,4.653175563288523,4.5951921231592125,4.602439880371094,89894606,0.0,0.0
601939.SS,2020-06-12 00:00:00+08:00,4.573447973935242,4.624183654785156,4.566200217018712,4.624183654785156,89559569,0.0,0.0
601939.SS,2020-06-15 00:00:00+08:00,4.587943581029352,4.595191683155771,4.5372082485785485,4.544456005096436,93762002,0.0,0.0
601939.SS,2020-06-16 00:00:00+08:00,4.5734477043151855,4.595191664999999,4.551704089238903,4.5734477043151855,51717257,0.0,0.0
601939.SS,2020-06-17 00:00:00+08:00,4.566199947825934,4.602439421489249,4.558951845728154,4.5734477043151855,41831653,0.0,0.0
601939.SS,2020-06-18 00:00:00+08:00,4.551704406738281,4.566200266336456,4.529960444536741,4.551704406738281,85707101,0.0,0.0
601939.SS,2020-06-19 00:00:00+08:00,4.551704406738281,4.566200266336456,4.529960444536741,4.551704406738281,71803561,0.0,0.0
601939.SS,2020-06-22 00:00:00+08:00,4.551703921457801,4.595191495615893,4.544455819627193,4.566199779510498,77732667,0.0,0.0
601939.SS,2020-06-23 00:00:00+08:00,4.558951863740741,4.573447722385047,4.5372082485785485,4.544456005096436,54872662,0.0,0.0
601939.SS,2020-06-24 00:00:00+08:00,4.544456284315367,4.587943862920232,4.544456284315367,4.580696105957031,68015306,0.0,0.0
601939.SS,2020-06-29 00:00:00+08:00,4.624183704729158,4.638679564327334,4.529960444536741,4.551704406738281,113183120,0.0,0.0
601939.SS,2020-06-30 00:00:00+08:00,4.566199947825934,4.587943562902217,4.551704089238903,4.5734477043151855,72609624,0.0,0.0
601939.SS,2020-07-01 00:00:00+08:00,4.57344798369018,4.616935562107771,4.5517043672856605,4.609687805175781,96127655,0.0,0.0
601939.SS,2020-07-02 00:00:00+08:00,4.609687279085906,4.740149999449357,4.6024391773725695,4.696662425994873,215993087,0.0,0.0
601939.SS,2020-07-03 00:00:00+08:00,4.703910565621092,4.848869501230074,4.703910565621092,4.841621398925781,202862600,0.0,0.0
601939.SS,2020-07-06 00:00:00+08:00,4.885108688467505,5.276497549654966,4.885108688467505,5.254753589630127,383175220,0.0,0.0
601939.SS,2020-07-07 00:00:00+08:00,5.290993407802019,5.479439563713703,5.117042764428867,5.254753589630127,322148399,0.0,0.0
601939.SS,2020-07-08 00:00:00+08:00,5.204017921789816,5.283745314532761,5.131538630936467,5.240257740020752,205258699,0.0,0.0
601939.SS,2020-07-09 00:00:00+08:00,5.204017947509522,5.233009663994148,5.131538656297959,5.196770191192627,167854049,0.0,0.0
601939.SS,2020-07-10 00:00:00+08:00,5.196770433430042,5.20435713335766,4.946415123878869,4.969174861907959,231199968,0.32,0.0
601939.SS,2020-07-13 00:00:00+08:00,4.938829166485448,4.969175245028055,4.90848272618905,4.9312424659729,259124395,0.0,0.0
601939.SS,2020-07-14 00:00:00+08:00,4.916069272021336,4.938829011089069,4.83261737777802,4.870550155639648,170016228,0.0,0.0
601939.SS,2020-07-15 00:00:00+08:00,4.878136157386547,4.900895894883011,4.779511592911885,4.787097930908203,137133675,0.0,0.0
601939.SS,2020-07-16 00:00:00+08:00,4.809858486046911,4.847790905984255,4.764339365069807,4.779512405395508,158936811,0.0,0.0
601939.SS,2020-07-17 00:00:00+08:00,4.809858229035588,4.81744456791616,4.749166070975825,4.771925449371338,102994848,0.0,0.0
601939.SS,2020-07-20 00:00:00+08:00,4.787097870553674,4.87054975798356,4.7719248329985815,4.855376720428467,129321880,0.0,0.0
601939.SS,2020-07-21 00:00:00+08:00,4.87054957940407,4.885722616402841,4.802270732032732,4.832616806030273,92717719,0.0,0.0
601939.SS,2020-07-22 00:00:00+08:00,4.8250304052694615,4.878135853193376,4.80227066919226,4.809857368469238,104218516,0.0,0.0
601939.SS,2020-07-23 00:00:00+08:00,4.787097610786484,4.809857346760963,4.741578500591255,4.756751537322998,134702902,0.0,0.0
601939.SS,2020-07-24 00:00:00+08:00,4.749165985975228,4.749165985975228,4.612608271031075,4.642954349517822,188491331,0.0,0.0
601939.SS,2020-07-27 00:00:00+08:00,4.658126668307926,4.658126668307926,4.582261483824813,4.597434520721436,137949717,0.0,0.0
601939.SS,2020-07-28 00:00:00+08:00,4.620194655912933,4.635367694119799,4.582261879518883,4.612607955932617,100137177,0.0,0.0
601939.SS,2020-07-29 00:00:00+08:00,4.605021380937965,4.658126831054688,4.589848343511224,4.658126831054688,90518548,0.0,0.0
601939.SS,2020-07-30 00:00:00+08:00,4.658127388761196,4.67330042800457,4.6277813102744485,4.642954349517822,74057521,0.0,0.0
601939.SS,2020-07-31 00:00:00+08:00,4.635368010773031,4.688473467247944,4.620194971529657,4.642954349517822,85267692,0.0,0.0
601939.SS,2020-08-03 00:00:00+08:00,4.642954523322072,4.673300602944794,4.635368184293294,4.665714263916016,103907415,0.0,0.0
601939.SS,2020-08-04 00:00:00+08:00,4.673300201621605,4.756752094294497,4.650540824735945,4.741579055786133,161780230,0.0,0.0
601939.SS,2020-08-05 00:00:00+08:00,4.718819000068464,4.733992037557286,4.680886587223285,4.711232662200928,84226643,0.0,0.0
601939.SS,2020-08-06 00:00:00+08:00,4.711232263193521,4.74157833560107,4.665713154582197,4.696059226989746,74481825,0.0,0.0
601939.SS,2020-08-07 00:00:00+08:00,4.696059447137139,4.718818821632882,4.665713373306991,4.688472747802734,65143605,0.0,0.0
601939.SS,2020-08-10 00:00:00+08:00,4.680886587223285,4.733992037557286,4.658126850113178,4.711232662200928,74466758,0.0,0.0
601939.SS,2020-08-11 00:00:00+08:00,4.7112324053844805,4.756751515369629,4.696059368722764,4.703645706176758,91468403,0.0,0.0
601939.SS,2020-08-12 00:00:00+08:00,4.673299887602,4.718819000068464,4.673299887602,4.711232662200928,82367803,0.0,0.0
601939.SS,2020-08-13 00:00:00+08:00,4.7112324053844805,4.73399177950019,4.696059368722764,4.703645706176758,43797623,0.0,0.0
601939.SS,2020-08-14 00:00:00+08:00,4.711233058646491,4.7339924359180285,4.688473319621176,4.726406097412109,66380599,0.0,0.0
601939.SS,2020-08-17 00:00:00+08:00,4.726405547038877,4.87054957940407,4.726405547038877,4.832616806030273,218170643,0.0,0.0
601939.SS,2020-08-18 00:00:00+08:00,4.832617302448946,4.832617302448946,4.779511848374989,4.794684886932373,98754592,0.0,0.0
601939.SS,2020-08-19 00:00:00+08:00,4.802270647518226,4.802270647518226,4.756751537322998,4.756751537322998,65140050,0.0,0.0
601939.SS,2020-08-20 00:00:00+08:00,4.764338214577352,4.764338214577352,4.696059368722764,4.703645706176758,84019731,0.0,0.0
601939.SS,2020-08-21 00:00:00+08:00,4.726406318840226,4.733992657701559,4.703646578748636,4.718819618225098,44669980,0.0,0.0
601939.SS,2020-08-24 00:00:00+08:00,4.726406318840226,4.7491660589318165,4.711233279363765,4.718819618225098,48965648,0.0,0.0
601939.SS,2020-08-25 00:00:00+08:00,4.726405699689749,4.741578737178571,4.7036459625796425,4.711232662200928,42609369,0.0,0.0
601939.SS,2020-08-26 00:00:00+08:00,4.711232563230775,4.718818900938944,4.665713451720543,4.673299789428711,57902921,0.0,0.0
601939.SS,2020-08-27 00:00:00+08:00,4.680887303727376,4.688473642756154,4.650541224104654,4.665714263916016,59913844,0.0,0.0
601939.SS,2020-08-28 00:00:00+08:00,4.658126850113178,4.711232662200928,4.650540512245642,4.711232662200928,62830435,0.0,0.0
601939.SS,2020-08-31 00:00:00+08:00,4.718818742838474,4.749165177915636,4.688472669515042,4.703645706176758,123651057,0.0,0.0
601939.SS,2020-09-01 00:00:00+08:00,4.696059368722764,4.7112324053844805,4.673299632853325,4.703645706176758,66114658,0.0,0.0
601939.SS,2020-09-02 00:00:00+08:00,4.68847308357686,4.696059783454602,4.658127007573419,4.680886745452881,74584841,0.0,0.0
601939.SS,2020-09-03 00:00:00+08:00,4.673300205609918,4.688473244131232,4.627781090045977,4.650540828704834,79726674,0.0,0.0
601939.SS,2020-09-04 00:00:00+08:00,4.62778117006209,4.658127247629412,4.620194831547149,4.6353678703308105,58605625,0.0,0.0
601939.SS,2020-09-07 00:00:00+08:00,4.6353678703308105,4.6657139478981335,4.620194831547149,4.6353678703308105,56111389,0.0,0.0
601939.SS,2020-09-08 00:00:00+08:00,4.658127460319252,4.726406318840226,4.6429544208427895,4.718819618225098,93553747,0.0,0.0
601939.SS,2020-09-09 00:00:00+08:00,4.696059447137139,4.741578557882361,4.67329971088766,4.688472747802734,65387190,0.0,0.0
601939.SS,2020-09-10 00:00:00+08:00,4.703645943334913,4.718818980761655,4.642953793627946,4.658126831054688,66209728,0.0,0.0
601939.SS,2020-09-11 00:00:00+08:00,4.665714263916016,4.703646682567515,4.635368184293294,4.665714263916016,56662390,0.0,0.0
601939.SS,2020-09-14 00:00:00+08:00,4.665713867226148,4.673300205609918,4.63536779018352,4.650540828704834,52997826,0.0,0.0
601939.SS,2020-09-15 00:00:00+08:00,4.650541050016405,4.665714089259779,4.635368010773031,4.642954349517822,34416362,0.0,0.0
601939.SS,2020-09-16 00:00:00+08:00,4.642954128567291,4.680886905747461,4.63536779018352,4.650540828704834,49398724,0.0,0.0
601939.SS,2020-09-17 00:00:00+08:00,4.650541224104654,4.673300602944794,4.635368184293294,4.665714263916016,52418473,0.0,0.0
601939.SS,2020-09-18 00:00:00+08:00,4.658127380516531,4.741579277084275,4.642954341300013,4.733992576599121,108166179,0.0,0.0
601939.SS,2020-09-21 00:00:00+08:00,4.733992037557286,4.749165436799856,4.688472925090821,4.711232662200928,56074279,0.0,0.0
601939.SS,2020-09-22 00:00:00+08:00,4.688472528010999,4.733991636622324,4.680886190785971,4.696059226989746,53503746,0.0,0.0
601939.SS,2020-09-23 00:00:00+08:00,4.696059783454602,4.703646121578581,4.680886745452881,4.680886745452881,39903631,0.0,0.0
601939.SS,2020-09-24 00:00:00+08:00,4.680886905747461,4.680886905747461,4.63536779018352,4.650540828704834,49089905,0.0,0.0
601939.SS,2020-09-25 00:00:00+08:00,4.642953793627946,4.680886568071674,4.642953793627946,4.658126831054688,47155291,0.0,0.0
601939.SS,2020-09-28 00:00:00+08:00,4.65812645560345,4.711232263193521,4.635367082174647,4.696059226989746,73086930,0.0,0.0
601939.SS,2020-09-29 00:00:00+08:00,4.696059605498416,4.703645943334913,4.658126831054688,4.658126831054688,43619288,0.0,0.0
601939.SS,2020-09-30 00:00:00+08:00,4.658127563133433,4.703646682567515,4.642954523322072,4.665714263916016,58398855,0.0,0.0
601939.SS,2020-10-09 00:00:00+08:00,4.703645943334913,4.703645943334913,4.65054049321819,4.658126831054688,68461246,0.0,0.0
601939.SS,2020-10-12 00:00:00+08:00,4.650540903584021,4.7339924359180285,4.650540903584021,4.726406097412109,121608144,0.0,0.0
601939.SS,2020-10-13 00:00:00+08:00,4.703646121578581,4.726405859458043,4.66571370745116,4.680886745452881,103045954,0.0,0.0
601939.SS,2020-10-14 00:00:00+08:00,4.680886745452881,4.68847308357686,4.658127007573419,4.680886745452881,62499758,0.0,0.0
601939.SS,2020-10-15 00:00:00+08:00,4.680886981115257,4.7339924359180285,4.665713942349639,4.726406097412109,119091909,0.0,0.0
601939.SS,2020-10-16 00:00:00+08:00,4.726405720333303,4.885722795538653,4.71123268277821,4.855376720428467,316793069,0.0,0.0
601939.SS,2020-10-19 00:00:00+08:00,4.878136097610806,5.037453172872545,4.870549759707449,4.946414947509766,249065042,0.0,0.0
601939.SS,2020-10-20 00:00:00+08:00,4.931242295982215,4.931242295982215,4.787098246996897,4.817444324493408,171524891,0.0,0.0
601939.SS,2020-10-21 00:00:00+08:00,4.817444006996437,4.908482233486034,4.787097931499905,4.878136157989502,107857573,0.0,0.0
601939.SS,2020-10-22 00:00:00+08:00,4.885722699728103,4.938828511006382,4.8553766252130135,4.908482074737549,98489309,0.0,0.0
601939.SS,2020-10-23 00:00:00+08:00,4.885722699728103,4.969174585521471,4.870549662470558,4.908482074737549,109730081,0.0,0.0
601939.SS,2020-10-26 00:00:00+08:00,4.916069191101962,4.938828929795066,4.847790336776424,4.885723114013672,88851943,0.0,0.0
601939.SS,2020-10-27 00:00:00+08:00,4.870549500410189,4.885722537162874,4.8326167276516125,4.847789764404297,77686086,0.0,0.0
601939.SS,2020-10-28 00:00:00+08:00,4.84020430806547,4.8477906469460414,4.749166070975825,4.771925449371338,78691581,0.0,0.0
601939.SS,2020-10-29 00:00:00+08:00,4.741579370341456,4.802271528401219,4.726406330826515,4.771925449371338,72525436,0.0,0.0
601939.SS,2020-10-30 00:00:00+08:00,4.7567524098563965,4.8477906469460414,4.741579370341456,4.771925449371338,83592549,0.0,0.0
601939.SS,2020-11-02 00:00:00+08:00,4.756752316300793,4.787098394733829,4.711233198651239,4.733992576599121,91313807,0.0,0.0
601939.SS,2020-11-03 00:00:00+08:00,4.756751537322998,4.840203420224449,4.741578500591255,4.756751537322998,81207869,0.0,0.0
601939.SS,2020-11-04 00:00:00+08:00,4.802271285745152,4.840204063492681,4.771925208248641,4.817444324493408,72448755,0.0,0.0
601939.SS,2020-11-05 00:00:00+08:00,4.870549436504062,4.870549436504062,4.794684253736062,4.825030326843262,88280724,0.0,0.0
601939.SS,2020-11-06 00:00:00+08:00,4.825030390152136,4.862962801156981,4.779511279894082,4.847789764404297,92425300,0.0,0.0
601939.SS,2020-11-09 00:00:00+08:00,4.87054975798356,4.878136095884231,4.825030645318281,4.855376720428467,95050398,0.0,0.0
601939.SS,2020-11-10 00:00:00+08:00,4.885722778489328,4.984347703130142,4.878136078861381,4.893309116363525,130952679,0.0,0.0
601939.SS,2020-11-11 00:00:00+08:00,4.89330936972173,5.022280376044495,4.878136331433979,4.991934299468994,171022783,0.0,0.0
601939.SS,2020-11-12 00:00:00+08:00,4.991933838032937,5.007106874918148,4.931241690492094,4.954001426696777,66053832,0.0,0.0
601939.SS,2020-11-13 00:00:00+08:00,4.931241908203932,4.946414945759024,4.840203682873375,4.855376720428467,79007537,0.0,0.0
601939.SS,2020-11-16 00:00:00+08:00,4.8553771168457525,4.8781364941597065,4.83261737777802,4.870550155639648,67980872,0.0,0.0
601939.SS,2020-11-17 00:00:00+08:00,4.870549916613915,4.946415106860254,4.8629632167124,4.916069030761719,64655586,0.0,0.0
601939.SS,2020-11-18 00:00:00+08:00,4.916068498735503,5.022279753585996,4.908481799655035,4.984347343444824,124421380,0.0,0.0
601939.SS,2020-11-19 00:00:00+08:00,4.976761277223381,5.05262646890668,4.961588238886721,5.045040130615234,140495067,0.0,0.0
601939.SS,2020-11-20 00:00:00+08:00,5.022279753585996,5.0298664526664645,4.954001270630398,4.984347343444824,64883754,0.0,0.0
601939.SS,2020-11-23 00:00:00+08:00,4.961588005076452,5.105732043358949,4.954001667142506,5.090559005737305,120170956,0.0,0.0
601939.SS,2020-11-24 00:00:00+08:00,5.075385949382039,5.128491761738652,5.0298668366851205,5.0374531745910645,94273599,0.0,0.0
601939.SS,2020-11-25 00:00:00+08:00,5.07538602941103,5.128491842605019,5.022280216217041,5.022280216217041,96244272,0.0,0.0
601939.SS,2020-11-26 00:00:00+08:00,5.045039954049853,5.120905143078036,5.007107178658884,5.11331844329834,108596641,0.0,0.0
601939.SS,2020-11-27 00:00:00+08:00,5.113318190306225,5.333327770233154,5.113318190306225,5.333327770233154,314683169,0.0,0.0
601939.SS,2020-11-30 00:00:00+08:00,5.439539512553631,5.72782760394577,5.424366474151611,5.424366474151611,544102409,0.0,0.0
601939.SS,2020-12-01 00:00:00+08:00,5.447125551629438,5.591269589406678,5.363674025879787,5.538164138793945,242532635,0.0,0.0
601939.SS,2020-12-02 00:00:00+08:00,5.530577104493417,5.5988559502970014,5.4091928112903584,5.545750141143799,178157794,0.0,0.0
601939.SS,2020-12-03 00:00:00+08:00,5.568510213930864,5.598856289067783,5.469885288859002,5.538164138793945,104884241,0.0,0.0
601939.SS,2020-12-04 00:00:00+08:00,5.5078181059916975,5.530577481642446,5.356087367387107,5.416779518127441,132734643,0.0,0.0
601939.SS,2020-12-07 00:00:00+08:00,5.41677990553517,5.439539644567448,5.280222556602845,5.287808895111084,109831126,0.0,0.0
601939.SS,2020-12-08 00:00:00+08:00,5.287808740976316,5.310568479345168,5.098145580999703,5.136078357696533,179035362,0.0,0.0
601939.SS,2020-12-09 00:00:00+08:00,5.13607778052123,5.181596890389879,5.098145008087158,5.098145008087158,119461605,0.0,0.0
601939.SS,2020-12-10 00:00:00+08:00,5.0526264526199975,5.090559229216258,4.946415184605741,4.991934299468994,169056423,0.0,0.0
601939.SS,2020-12-11 00:00:00+08:00,4.991934847452884,5.007107887406239,4.900896607732762,4.923655986785889,152931865,0.0,0.0
601939.SS,2020-12-14 00:00:00+08:00,4.946414727377304,4.991933838032937,4.90848195428741,4.954001426696777,119467271,0.0,0.0
601939.SS,2020-12-15 00:00:00+08:00,4.938828670736322,4.9464150087335765,4.825030706747448,4.878136157989502,167889052,0.0,0.0
601939.SS,2020-12-16 00:00:00+08:00,4.878136157989502,4.916068933237044,4.832617044744703,4.878136157989502,161375222,0.0,0.0
601939.SS,2020-12-17 00:00:00+08:00,4.878136078861381,4.900895815991472,4.79468455347646,4.893309116363525,147317472,0.0,0.0
601939.SS,2020-12-18 00:00:00+08:00,4.862963676452637,4.885723416555106,4.83261759748521,4.862963676452637,119173257,0.0,0.0
601939.SS,2020-12-21 00:00:00+08:00,4.855376399950462,4.885722473057662,4.802270591135998,4.825030326843262,150622019,0.0,0.0
601939.SS,2020-12-22 00:00:00+08:00,4.809857991499896,4.817444330005815,4.711233058646491,4.726406097412109,222533332,0.0,0.0
601939.SS,2020-12-23 00:00:00+08:00,4.718819537382603,4.749165977569429,4.688473458949567,4.733992576599121,147259490,0.0,0.0
601939.SS,2020-12-24 00:00:00+08:00,4.749165199833992,4.779511273297477,4.733991801348518,4.756751537322998,82402623,0.0,0.0
601939.SS,2020-12-25 00:00:00+08:00,4.756751537322998,4.779511273297477,4.741578500591255,4.756751537322998,61414322,0.0,0.0
601939.SS,2020-12-28 00:00:00+08:00,4.741579277084275,4.779512056002465,4.711233198651239,4.733992576599121,126705894,0.0,0.0
601939.SS,2020-12-29 00:00:00+08:00,4.756752094294497,4.764338794425567,4.718819317146699,4.741579055786133,118443086,0.0,0.0
601939.SS,2020-12-30 00:00:00+08:00,4.7491660589318165,4.756752397793149,4.703646578748636,4.718819618225098,133344049,0.0,0.0
601939.SS,2020-12-31 00:00:00+08:00,4.726406191637169,4.794685048320537,4.711233152569064,4.764338970184326,182475675,0.0,0.0
601939.SS,2021-01-04 00:00:00+08:00,4.733992355655063,4.756752094294497,4.703646278638335,4.741579055786133,195559681,0.0,0.0
601939.SS,2021-01-05 00:00:00+08:00,4.718818742838474,4.73399177950019,4.673299632853325,4.703645706176758,181662875,0.0,0.0
601939.SS,2021-01-06 00:00:00+08:00,4.696059250282508,4.749165058135986,4.6884725512661305,4.749165058135986,134654394,0.0,0.0
601939.SS,2021-01-07 00:00:00+08:00,4.764338555165494,4.840203743897448,4.733992117918958,4.787097930908203,179860737,0.0,0.0
601939.SS,2021-01-08 00:00:00+08:00,4.787097632392038,4.855376478869907,4.779511294868792,4.809857368469238,183619260,0.0,0.0
601939.SS,2021-01-11 00:00:00+08:00,4.825030628480749,4.931241890995762,4.817443928852802,4.893309116363525,268447356,0.0,0.0
601939.SS,2021-01-12 00:00:00+08:00,4.893309906879182,4.93124268763947,4.840204447919347,4.923655986785889,182731811,0.0,0.0
601939.SS,2021-01-13 00:00:00+08:00,4.91606910803024,5.007107337756745,4.908482408009481,4.991934299468994,153775528,0.0,0.0
601939.SS,2021-01-14 00:00:00+08:00,4.999520938110903,5.075386128618264,4.961588161980341,4.969174861907959,150028042,0.0,0.0
601939.SS,2021-01-15 00:00:00+08:00,5.022280705829269,5.181597799188989,5.022280705829269,5.07538652420044,291458989,0.0,0.0
601939.SS,2021-01-18 00:00:00+08:00,5.120905178677084,5.158837954331752,5.052626327200187,5.1284918785095215,178620262,0.0,0.0
601939.SS,2021-01-19 00:00:00+08:00,5.120905083605679,5.333327972171344,5.082972308655248,5.272635459899902,260777117,0.0,0.0
601939.SS,2021-01-20 00:00:00+08:00,5.2574624385803626,5.30298155160984,5.113318399776807,5.143664836883545,184621220,0.0,0.0
601939.SS,2021-01-21 00:00:00+08:00,5.181597294300582,5.219530069691552,5.06779932988143,5.11331844329834,163653478,0.0,0.0
601939.SS,2021-01-22 00:00:00+08:00,5.090559229216258,5.090559229216258,4.93882884633875,4.991934299468994,177598912,0.0,0.0
601939.SS,2021-01-25 00:00:00+08:00,4.946415828642491,5.037454070222421,4.900896707852525,5.014694690704346,152869097,0.0,0.0
601939.SS,2021-01-26 00:00:00+08:00,5.007107274773254,5.090559165183042,4.991934236676363,5.060213088989258,109744112,0.0,0.0
601939.SS,2021-01-27 00:00:00+08:00,5.045039814566772,5.204356887998104,5.037453114996829,5.105731964111328,146314098,0.0,0.0
601939.SS,2021-01-28 00:00:00+08:00,5.075385869833701,5.143664718685795,5.014693720522392,5.052626132965088,130642751,0.0,0.0
601939.SS,2021-01-29 00:00:00+08:00,5.075386064943739,5.1891840301539816,5.022280251377957,5.1284918785095215,189463191,0.0,0.0
601939.SS,2021-02-01 00:00:00+08:00,5.082972403022417,5.158837954331752,5.007107213466842,5.1284918785095215,161704624,0.0,0.0
601939.SS,2021-02-02 00:00:00+08:00,5.1133180447100415,5.166423853766996,5.052625898218509,5.098145008087158,106160268,0.0,0.0
601939.SS,2021-02-03 00:00:00+08:00,5.082972465257714,5.120905241376826,5.014693974698583,5.060213088989258,123751878,0.0,0.0
601939.SS,2021-02-04 00:00:00+08:00,5.045040210819085,5.13607844228633,5.014694133663337,5.029867172241211,164010476,0.0,0.0
601939.SS,2021-02-05 00:00:00+08:00,5.029866798433372,5.280222097239366,5.022280098831374,5.249876022338867,350270645,0.0,0.0
601939.SS,2021-02-08 00:00:00+08:00,5.2878088345679615,5.325741611936183,5.174011225970847,5.265049457550049,223848348,0.0,0.0
601939.SS,2021-02-09 00:00:00+08:00,5.234703063964844,5.287808514966063,5.166424213530416,5.234703063964844,151509690,0.0,0.0
601939.SS,2021-02-10 00:00:00+08:00,5.409193576022277,5.583683703047312,5.340914720565679,5.431952953338623,355816523,0.0,0.0
601939.SS,2021-02-18 00:00:00+08:00,5.48505804454568,5.492644382063165,5.371260087753532,5.386433124542236,215297542,0.0,0.0
601939.SS,2021-02-19 00:00:00+08:00,5.37126034342313,5.4395391930992085,5.348500968033604,5.394020080566406,147792322,0.0,0.0
601939.SS,2021-02-22 00:00:00+08:00,5.371260114809022,5.538163882079209,5.340914041078758,5.530577182769775,222151156,0.0,0.0
601939.SS,2021-02-23 00:00:00+08:00,5.530577597240307,5.674721639138319,5.515404559238083,5.598856449127197,229230426,0.0,0.0
601939.SS,2021-02-24 00:00:00+08:00,5.614029635053739,5.614029635053739,5.386433697269678,5.424366474151611,169187705,0.0,0.0
601939.SS,2021-02-25 00:00:00+08:00,5.447125785031962,5.651961981860014,5.424366408580937,5.583683490753174,197964902,0.0,0.0
601939.SS,2021-02-26 00:00:00+08:00,5.5154050376653565,5.705068210022149,5.462299219174089,5.507818698883057,246577711,0.0,0.0
601939.SS,2021-03-01 00:00:00+08:00,5.500231662840054,5.53816443969908,5.447125847588172,5.51540470123291,107780448,0.0,0.0
601939.SS,2021-03-02 00:00:00+08:00,5.500231096924286,5.500231096924286,5.295394918819324,5.348500728607178,167406030,0.0,0.0
601939.SS,2021-03-03 00:00:00+08:00,5.333327861921668,5.682307720184326,5.310568125071144,5.682307720184326,272206580,0.0,0.0
601939.SS,2021-03-04 00:00:00+08:00,5.636789241253723,5.71265479810608,5.606443163214295,5.6519622802734375,163670760,0.0,0.0
601939.SS,2021-03-05 00:00:00+08:00,5.614029644180391,5.720240913167193,5.477471936586445,5.659548759460449,184972358,0.0,0.0
601939.SS,2021-03-08 00:00:00+08:00,5.689894839868471,5.765760032049296,5.530577755411852,5.56851053237915,179147495,0.0,0.0
601939.SS,2021-03-09 00:00:00+08:00,5.591269795291343,5.659548647740485,5.4622987903335245,5.477471828460693,173335568,0.0,0.0
601939.SS,2021-03-10 00:00:00+08:00,5.477471828460693,5.553337380850302,5.386433599697679,5.477471828460693,122490683,0.0,0.0
601939.SS,2021-03-11 00:00:00+08:00,5.530577657679996,5.621615886688232,5.522991319472858,5.621615886688232,123425785,0.0,0.0
601939.SS,2021-03-12 00:00:00+08:00,5.5912696518307,5.629202427052226,5.538164200625069,5.5609235763549805,96130370,0.0,0.0
601939.SS,2021-03-15 00:00:00+08:00,5.560924046155153,5.720241136739045,5.545751007135438,5.6519622802734375,137211246,0.0,0.0
601939.SS,2021-03-16 00:00:00+08:00,5.689895304676301,5.788520243444935,5.629203145973695,5.750587463378906,134548249,0.0,0.0
601939.SS,2021-03-17 00:00:00+08:00,5.71265479810608,5.71265479810608,5.598856824581331,5.6519622802734375,108270857,0.0,0.0
601939.SS,2021-03-18 00:00:00+08:00,5.629202842712402,5.689894998145348,5.598856764995929,5.629202842712402,78068321,0.0,0.0
601939.SS,2021-03-19 00:00:00+08:00,5.644375956163408,5.651962294815892,5.462299125704569,5.46988582611084,131545509,0.0,0.0
601939.SS,2021-03-22 00:00:00+08:00,5.454712312189963,5.57609661409284,5.439539274452104,5.5609235763549805,101715849,0.0,0.0
601939.SS,2021-03-23 00:00:00+08:00,5.53816443969908,5.598856593270505,5.462298885981029,5.51540470123291,100063815,0.0,0.0
601939.SS,2021-03-24 00:00:00+08:00,5.507818366239603,5.522991404641623,5.356087620465639,5.424366474151611,117753311,0.0,0.0
601939.SS,2021-03-25 00:00:00+08:00,5.431953361141526,5.454713101920335,5.356088161468506,5.356088161468506,82060735,0.0,0.0
601939.SS,2021-03-26 00:00:00+08:00,5.371260422448421,5.394020159926552,5.325741309245914,5.378847122192383,89785330,0.0,0.0
601939.SS,2021-03-29 00:00:00+08:00,5.394020630817068,5.477472164763324,5.36367455269956,5.46988582611084,132872486,0.0,0.0
601939.SS,2021-03-30 00:00:00+08:00,5.462298236818302,5.500231009169236,5.416779127049418,5.492644309997559,100338784,0.0,0.0
601939.SS,2021-03-31 00:00:00+08:00,5.469885739830231,5.576097011566162,5.462299039543632,5.576097011566162,104418737,0.0,0.0
601939.SS,2021-04-01 00:00:00+08:00,5.553337176362405,5.606442626975137,5.53057743913284,5.538164138793945,55874082,0.0,0.0
601939.SS,2021-04-02 00:00:00+08:00,5.538164586660839,5.560923963977185,5.394020537226786,5.431952953338623,108923424,0.0,0.0
601939.SS,2021-04-06 00:00:00+08:00,5.431952495463046,5.485058307647705,5.401606420430026,5.485058307647705,57429777,0.0,0.0
601939.SS,2021-04-07 00:00:00+08:00,5.492644309997559,5.5305770823484925,5.462298236818302,5.492644309997559,62889638,0.0,0.0
601939.SS,2021-04-08 00:00:00+08:00,5.492644566495764,5.52299100284588,5.462298491899391,5.5002312660217285,62735163,0.0,0.0
601939.SS,2021-04-09 00:00:00+08:00,5.500231246103699,5.500231246103699,5.424366059887499,5.447125434875488,78650111,0.0,0.0
601939.SS,2021-04-12 00:00:00+08:00,5.454712329505925,5.56092359400811,5.424366253933873,5.522991180419922,114896859,0.0,0.0
601939.SS,2021-04-13 00:00:00+08:00,5.5457507938480175,5.606442947592678,5.492644978444553,5.56851053237915,102344710,0.0,0.0
601939.SS,2021-04-14 00:00:00+08:00,5.560923155527749,5.5685098546994265,5.462298236818302,5.492644309997559,73927378,0.0,0.0
601939.SS,2021-04-15 00:00:00+08:00,5.4698859197101815,5.5154050376653565,5.447126179855698,5.507818698883057,72349144,0.0,0.0
601939.SS,2021-04-16 00:00:00+08:00,5.492645297810872,5.522991738201449,5.4698859197101815,5.507818698883057,61185593,0.0,0.0
601939.SS,2021-04-19 00:00:00+08:00,5.485058624447198,5.530577739625767,5.469885586054342,5.51540470123291,72190231,0.0,0.0
601939.SS,2021-04-20 00:00:00+08:00,5.485058547062003,5.500231585240792,5.424366394346845,5.439539432525635,97016266,0.0,0.0
601939.SS,2021-04-21 00:00:00+08:00,5.424366474151611,5.469885589357669,5.416779774073716,5.424366474151611,74628386,0.0,0.0
601939.SS,2021-04-22 00:00:00+08:00,5.4395393353999655,5.4395393353999655,5.371260483937683,5.401606559753418,73601445,0.0,0.0
601939.SS,2021-04-23 00:00:00+08:00,5.4016062401886416,5.416779277198856,5.310568018127356,5.371260166168213,95398358,0.0,0.0
601939.SS,2021-04-26 00:00:00+08:00,5.3940199184528295,5.4091929555077485,5.318154733178236,5.333327770233154,87545871,0.0,0.0
601939.SS,2021-04-27 00:00:00+08:00,5.333327670264083,5.333327670264083,5.287808198198816,5.2953948974609375,53491540,0.0,0.0
601939.SS,2021-04-28 00:00:00+08:00,5.302981873164495,5.302981873164495,5.249876418953515,5.265049457550049,66565160,0.0,0.0
601939.SS,2021-04-29 00:00:00+08:00,5.265049121962067,5.2878084975293245,5.234703046703223,5.272635459899902,103087400,0.0,0.0
601939.SS,2021-04-30 00:00:00+08:00,5.257462337972718,5.26504903754266,5.082972227155246,5.105731964111328,198235923,0.0,0.0
601939.SS,2021-05-06 00:00:00+08:00,5.113318301927524,5.158837775839688,5.098145264541385,5.105731964111328,93786328,0.0,0.0
601939.SS,2021-05-07 00:00:00+08:00,5.120905863597917,5.249876883969141,5.075386743776392,5.211944103240967,117094777,0.0,0.0
601939.SS,2021-05-10 00:00:00+08:00,5.211943641585293,5.265049457550049,5.196770602988759,5.265049457550049,79637408,0.0,0.0
601939.SS,2021-05-11 00:00:00+08:00,5.242289066314697,5.2802218389617455,5.211942992898551,5.242289066314697,51451813,0.0,0.0
601939.SS,2021-05-12 00:00:00+08:00,5.196770583703522,5.310568553632108,5.196770583703522,5.302981853485107,96909077,0.0,0.0
601939.SS,2021-05-13 00:00:00+08:00,5.2878084975293245,5.318154934541922,5.234703046703223,5.272635459899902,61020635,0.0,0.0
601939.SS,2021-05-14 00:00:00+08:00,5.272635161428304,5.310567934231449,5.234702750378889,5.2953948974609375,81495116,0.0,0.0
601939.SS,2021-05-17 00:00:00+08:00,5.280222476551655,5.363674369399788,5.265049438011428,5.302981853485107,85950093,0.0,0.0
601939.SS,2021-05-18 00:00:00+08:00,5.310568634143362,5.310568634143362,5.272635856340826,5.287808895111084,36126428,0.0,0.0
601939.SS,2021-05-19 00:00:00+08:00,5.287808577242186,5.287808577242186,5.234703125615528,5.257462501525879,44126294,0.0,0.0
601939.SS,2021-05-20 00:00:00+08:00,5.249876418953515,5.2953955347431165,5.234703380356981,5.265049457550049,43586915,0.0,0.0
601939.SS,2021-05-21 00:00:00+08:00,5.265049923909649,5.280222963850157,5.196771063300458,5.211944103240967,58429825,0.0,0.0
601939.SS,2021-05-24 00:00:00+08:00,5.219529928160816,5.242289303375258,5.181597153798417,5.196770191192627,47624273,0.0,0.0
601939.SS,2021-05-25 00:00:00+08:00,5.18918449533885,5.310568809509277,5.14366537752494,5.310568809509277,128932318,0.0,0.0
601939.SS,2021-05-26 00:00:00+08:00,5.302982028445167,5.363674546362261,5.28022265076082,5.325741767883301,102177610,0.0,0.0
601939.SS,2021-05-27 00:00:00+08:00,5.310568634143362,5.32574167291362,5.272635856340826,5.287808895111084,89402925,0.0,0.0
601939.SS,2021-05-28 00:00:00+08:00,5.28780898940434,5.340914806924127,5.272635950363513,5.325741767883301,86510687,0.0,0.0
601939.SS,2021-05-31 00:00:00+08:00,5.325741352764449,5.325741352764449,5.2043570498992215,5.257462501525879,117881868,0.0,0.0
601939.SS,2021-06-01 00:00:00+08:00,5.24987626164243,5.24987626164243,5.1815974091270975,5.204357147216797,90760806,0.0,0.0
601939.SS,2021-06-02 00:00:00+08:00,5.204356970133882,5.211943308069807,5.128491782005874,5.181597232818604,115209763,0.0,0.0
601939.SS,2021-06-03 00:00:00+08:00,5.16642443435249,5.196770511008446,5.128492019409428,5.136078357696533,94778099,0.0,0.0
601939.SS,2021-06-04 00:00:00+08:00,5.136078672764231,5.196770829799245,5.120905633505478,5.166424751281738,79502072,0.0,0.0
601939.SS,2021-06-07 00:00:00+08:00,5.151251174844915,5.158837874560038,5.128491799207052,5.143664836883545,67073223,0.0,0.0
601939.SS,2021-06-08 00:00:00+08:00,5.143665373270504,5.166424751281738,5.120905633505478,5.166424751281738,86475767,0.0,0.0
601939.SS,2021-06-09 00:00:00+08:00,5.14366450176629,5.189183611830131,5.14366450176629,5.151250839233398,71099671,0.0,0.0
601939.SS,2021-06-10 00:00:00+08:00,5.14366450176629,5.181596912609293,5.136077802545452,5.151250839233398,78030972,0.0,0.0
601939.SS,2021-06-11 00:00:00+08:00,5.151251254499314,5.166424292410429,5.105732140765969,5.1284918785095215,85234670,0.0,0.0
601939.SS,2021-06-15 00:00:00+08:00,5.120905303126814,5.1284920031436245,5.067799488270438,5.082972526550293,68836961,0.0,0.0
601939.SS,2021-06-16 00:00:00+08:00,5.082971971464276,5.128491443086653,5.060212597406815,5.098145008087158,68426076,0.0,0.0
601939.SS,2021-06-17 00:00:00+08:00,5.098145008087158,5.158837516332419,5.075385634029698,5.098145008087158,91433302,0.0,0.0
601939.SS,2021-06-18 00:00:00+08:00,5.082973084960176,5.098146124906924,5.060213705916957,5.067800045013428,71586487,0.0,0.0
601939.SS,2021-06-21 00:00:00+08:00,5.060213168951894,5.082972545579999,5.03745343057002,5.045040130615234,68428675,0.0,0.0
601939.SS,2021-06-22 00:00:00+08:00,5.060213088989258,5.082972465257714,5.045040050892366,5.060213088989258,57888995,0.0,0.0
601939.SS,2021-06-23 00:00:00+08:00,5.045039953801252,5.060212991606141,5.007107178412152,5.022280216217041,95673467,0.0,0.0
601939.SS,2021-06-24 00:00:00+08:00,5.029867012795474,5.07538612708615,5.007107274773254,5.060213088989258,84127194,0.0,0.0
601939.SS,2021-06-25 00:00:00+08:00,5.052626292075794,5.120905143078036,5.045039954049853,5.11331844329834,88190760,0.0,0.0
601939.SS,2021-06-28 00:00:00+08:00,5.113318362419262,5.113318362419262,5.0298668366851205,5.0374531745910645,97915910,0.0,0.0
601939.SS,2021-06-29 00:00:00+08:00,5.037453191822987,5.037453191822987,4.999520778656006,4.999520778656006,89323967,0.0,0.0
601939.SS,2021-06-30 00:00:00+08:00,5.0146940539419145,5.045040130615234,4.999521015605255,5.045040130615234,61928345,0.0,0.0
601939.SS,2021-07-01 00:00:00+08:00,5.045040206498116,5.12090539932251,5.029867167933237,5.12090539932251,108754260,0.0,0.0
601939.SS,2021-07-02 00:00:00+08:00,5.082973084960176,5.082973084960176,5.02986762602346,5.067800045013428,76840690,0.0,0.0
601939.SS,2021-07-05 00:00:00+08:00,5.052626212156704,5.060212911816399,4.991934061894146,5.0374531745910645,89786249,0.0,0.0
601939.SS,2021-07-06 00:00:00+08:00,5.029867406348204,5.082972862965583,5.00710766654519,5.07538652420044,72213326,0.0,0.0
601939.SS,2021-07-07 00:00:00+08:00,5.082972465257714,5.105732203279934,5.037453350967039,5.060213088989258,63002656,0.0,0.0
601939.SS,2021-07-08 00:00:00+08:00,5.052625826400423,5.067798862807636,4.969174307037611,4.984347343444824,142634148,0.0,0.0
601939.SS,2021-07-09 00:00:00+08:00,4.969174844811037,4.984347882860305,4.893309292810936,4.916069030761719,121347712,0.0,0.0
601939.SS,2021-07-12 00:00:00+08:00,4.946414539376947,4.961587575685471,4.825030248908762,4.840203285217285,162291628,0.0,0.0
601939.SS,2021-07-13 00:00:00+08:00,4.847789764404297,4.862962801156981,4.809857353399452,4.847789764404297,122634546,0.0,0.0
601939.SS,2021-07-14 00:00:00+08:00,4.847790905984255,4.847790905984255,4.779512405395508,4.779512405395508,133666432,0.0,0.0
601939.SS,2021-07-15 00:00:00+08:00,4.792311931040884,4.864316742647402,4.768310581501759,4.848315715789795,137156676,0.326,0.0
601939.SS,2021-07-16 00:00:00+08:00,4.840315393108278,4.864316742647402,4.808313339393063,4.848315715789795,67596758,0.0,0.0
601939.SS,2021-07-19 00:00:00+08:00,4.84031610030139,4.848316424151792,4.78431230737006,4.824315071105957,72965885,0.0,0.0
601939.SS,2021-07-20 00:00:00+08:00,4.816313877339608,4.824314581873289,4.784311822194063,4.792312145233154,69457092,0.0,0.0
601939.SS,2021-07-21 00:00:00+08:00,4.800312734423165,4.816313761611459,4.728307921328551,4.744308948516846,111632192,0.0,0.0
601939.SS,2021-07-22 00:00:00+08:00,4.744309145183082,4.7843119055593455,4.720307794153001,4.760310173034668,91218608,0.0,0.0
601939.SS,2021-07-23 00:00:00+08:00,4.760310403706795,4.760310403706795,4.720308022886719,4.736309051513672,92311549,0.0,0.0
601939.SS,2021-07-26 00:00:00+08:00,4.728307753766039,4.736308457823946,4.664303647281051,4.688305377960205,96866639,0.0,0.0
601939.SS,2021-07-27 00:00:00+08:00,4.68830525989882,4.696305582260695,4.624301155025589,4.6403021812438965,92664165,0.0,0.0
601939.SS,2021-07-28 00:00:00+08:00,4.640302022950987,4.704306125640869,4.6243009972785165,4.704306125640869,107066884,0.0,0.0
601939.SS,2021-07-29 00:00:00+08:00,4.704306486460965,4.720307513360713,4.64030237886197,4.656303405761719,77367366,0.0,0.0
601939.SS,2021-07-30 00:00:00+08:00,4.640302742187759,4.648303065516754,4.584298952906375,4.608300685882568,90801015,0.0,0.0
601939.SS,2021-08-02 00:00:00+08:00,4.592299048260625,4.648302834761823,4.54429596618585,4.6323018074035645,92101748,0.0,0.0
601939.SS,2021-08-03 00:00:00+08:00,4.624301420294552,4.632301743115359,4.576297957391395,4.592298984527588,64432317,0.0,0.0
601939.SS,2021-08-04 00:00:00+08:00,4.592299214163769,4.616300946815545,4.568297863006592,4.568297863006592,69940754,0.0,0.0
601939.SS,2021-08-05 00:00:00+08:00,4.56829771678848,4.592299067177443,4.552296689364309,4.560297012329102,63652722,0.0,0.0
601939.SS,2021-08-06 00:00:00+08:00,4.560296814541459,4.560296814541459,4.51229373435092,4.544295787811279,70467514,0.0,0.0
601939.SS,2021-08-09 00:00:00+08:00,4.544295903119011,4.640302447430744,4.528294875982818,4.592298984527588,106524686,0.0,0.0
601939.SS,2021-08-10 00:00:00+08:00,4.600300141595283,4.672304961542008,4.576298407781502,4.664304256439209,90477655,0.0,0.0
601939.SS,2021-08-11 00:00:00+08:00,4.688305656757428,4.840315609446062,4.6803049522237465,4.792312145233154,181694886,0.0,0.0
601939.SS,2021-08-12 00:00:00+08:00,4.768310680046577,4.792312030081727,4.736308625669989,4.744308948516846,60843056,0.0,0.0
601939.SS,2021-08-13 00:00:00+08:00,4.752309454527075,4.760309777040049,4.720307401486049,4.728307723999023,45154159,0.0,0.0
601939.SS,2021-08-16 00:00:00+08:00,4.744308698931194,4.768310429198257,4.71230664623815,4.720307350158691,59315931,0.0,0.0
601939.SS,2021-08-17 00:00:00+08:00,4.728307723999023,4.760309777040049,4.696305670957998,4.728307723999023,86991844,0.0,0.0
601939.SS,2021-08-18 00:00:00+08:00,4.712307007369292,4.808313554300517,4.7043066843302,4.792312145233154,140286186,0.0,0.0
601939.SS,2021-08-19 00:00:00+08:00,4.776311002893434,4.776311002893434,4.720307598481695,4.744308948516846,87504502,0.0,0.0
601939.SS,2021-08-20 00:00:00+08:00,4.744308948516846,4.768310680046577,4.720307598481695,4.744308948516846,101372192,0.0,0.0
601939.SS,2021-08-23 00:00:00+08:00,4.736309051513672,4.760310403706795,4.720308022886719,4.736309051513672,52952400,0.0,0.0
601939.SS,2021-08-24 00:00:00+08:00,4.736308625669989,4.760309975705139,4.728307921328551,4.744308948516846,57825969,0.0,0.0
601939.SS,2021-08-25 00:00:00+08:00,4.752310216619022,4.752310216619022,4.704307129359592,4.712307453155518,62663507,0.0,0.0
601939.SS,2021-08-26 00:00:00+08:00,4.7043064559458,4.720307482741756,4.680304725004581,4.696305751800537,54940619,0.0,0.0
601939.SS,2021-08-27 00:00:00+08:00,4.688305708742267,4.712307059620263,4.680305004119873,4.680305004119873,56617061,0.0,0.0
601939.SS,2021-08-30 00:00:00+08:00,4.696306201361287,4.696306201361287,4.600300031395223,4.6163010597229,91450667,0.0,0.0
601939.SS,2021-08-31 00:00:00+08:00,4.624301597741487,4.680305004119873,4.608300569991292,4.680305004119873,90441376,0.0,0.0
601939.SS,2021-09-01 00:00:00+08:00,4.672304710598244,4.79231222873784,4.672304710598244,4.760310173034668,146335993,0.0,0.0
601939.SS,2021-09-02 00:00:00+08:00,4.752309995370625,4.784312052053691,4.7363089670290925,4.768311023712158,71793027,0.0,0.0
601939.SS,2021-09-03 00:00:00+08:00,4.768310138736998,4.832314240224281,4.736308087993357,4.808312892913818,116685574,0.0,0.0
601939.SS,2021-09-06 00:00:00+08:00,4.800312519073486,4.824314249526461,4.784311492603024,4.800312519073486,72174559,0.0,0.0
601939.SS,2021-09-07 00:00:00+08:00,4.800312308690699,4.880317437536634,4.784311282921512,4.856316089630127,121528379,0.0,0.0
601939.SS,2021-09-08 00:00:00+08:00,4.856317032438102,4.992325587133692,4.848316327252974,4.976324558258057,209514625,0.0,0.0
601939.SS,2021-09-09 00:00:00+08:00,4.944322171821268,5.032328015534176,4.89631908838548,4.984324932098389,165714130,0.0,0.0
601939.SS,2021-09-10 00:00:00+08:00,4.984324375410098,5.080330531558955,4.976323671650417,5.016326427459717,175959423,0.0,0.0
601939.SS,2021-09-13 00:00:00+08:00,5.008326777303817,5.04032883364806,4.952322987954091,5.032328128814697,142208550,0.0,0.0
601939.SS,2021-09-14 00:00:00+08:00,5.024328349669834,5.048329703780343,4.904320434633353,4.920321464538574,134764141,0.0,0.0
601939.SS,2021-09-15 00:00:00+08:00,4.920320644109135,4.944321994217585,4.888318589634814,4.896318912506104,67027949,0.0,0.0
601939.SS,2021-09-16 00:00:00+08:00,4.912320255230949,4.9523230166402685,4.840315818786621,4.840315818786621,98654734,0.0,0.0
601939.SS,2021-09-17 00:00:00+08:00,4.856316089630127,4.872317115399314,4.816313334459886,4.856316089630127,84533341,0.0,0.0
601939.SS,2021-09-22 00:00:00+08:00,4.760310173034668,4.79231222873784,4.704306766301416,4.760310173034668,128779960,0.0,0.0
601939.SS,2021-09-23 00:00:00+08:00,4.784311822194063,4.8483159324851535,4.76831079462129,4.792312145233154,74026698,0.0,0.0
601939.SS,2021-09-24 00:00:00+08:00,4.792312030081727,4.800312734423165,4.744308948516846,4.744308948516846,61846162,0.0,0.0
601939.SS,2021-09-27 00:00:00+08:00,4.752309402851735,4.768310429198257,4.720307350158691,4.720307350158691,70116777,0.0,0.0
601939.SS,2021-09-28 00:00:00+08:00,4.72830783997636,4.784311624919114,4.7123068130633685,4.776310920715332,74859552,0.0,0.0
601939.SS,2021-09-29 00:00:00+08:00,4.752309439662099,4.840315275996924,4.728307709209124,4.800312519073486,108228725,0.0,0.0
601939.SS,2021-09-30 00:00:00+08:00,4.784311624919114,4.808313356035887,4.760309893802341,4.776310920715332,57994872,0.0,0.0
601939.SS,2021-10-08 00:00:00+08:00,4.784311884763032,4.840315672747445,4.776311180124718,4.832314968109131,71201261,0.0,0.0
601939.SS,2021-10-11 00:00:00+08:00,4.832314753172354,4.912319888523967,4.832314753172354,4.888318538665772,92298526,0.0,0.0
601939.SS,2021-10-12 00:00:00+08:00,4.872317790985107,4.904319846960823,4.848316058256021,4.872317790985107,64108837,0.0,0.0
601939.SS,2021-10-13 00:00:00+08:00,4.872317875316234,4.888318903581041,4.800313057377301,4.840315818786621,63725920,0.0,0.0
601939.SS,2021-10-14 00:00:00+08:00,4.840315672747445,4.856316700529478,4.816313940327098,4.832314968109131,38116674,0.0,0.0
601939.SS,2021-10-15 00:00:00+08:00,4.832314968109131,4.856316700529478,4.808313617183378,4.832314968109131,53882747,0.0,0.0
601939.SS,2021-10-18 00:00:00+08:00,4.832314572014411,4.848315598484874,4.792311815090973,4.800312519073486,68014372,0.0,0.0
601939.SS,2021-10-19 00:00:00+08:00,4.800312912545065,4.840315672747445,4.784311884763032,4.832314968109131,48286041,0.0,0.0
601939.SS,2021-10-20 00:00:00+08:00,4.832314240224281,4.848315265596102,4.784311164108819,4.808312892913818,48694649,0.0,0.0
601939.SS,2021-10-21 00:00:00+08:00,4.816313857784204,4.864316940307617,4.808313534777596,4.864316940307617,76387164,0.0,0.0
601939.SS,2021-10-22 00:00:00+08:00,4.856316089630127,4.896318463305822,4.8323143602290735,4.856316089630127,69753938,0.0,0.0
601939.SS,2021-10-25 00:00:00+08:00,4.8243147905218144,4.856316847051428,4.808313762257008,4.840315818786621,50925988,0.0,0.0
601939.SS,2021-10-26 00:00:00+08:00,4.84031610030139,4.848316424151792,4.808314041910523,4.824315071105957,51424230,0.0,0.0
601939.SS,2021-10-27 00:00:00+08:00,4.81631321485246,4.81631321485246,4.77631046067564,4.808312892913818,61936942,0.0,0.0
601939.SS,2021-10-28 00:00:00+08:00,4.792311947628322,4.808313356035887,4.768310598006123,4.776310920715332,37013570,0.0,0.0
601939.SS,2021-10-29 00:00:00+08:00,4.78431170723487,4.792312030081727,4.720307598481695,4.744308948516846,94430629,0.0,0.0
601939.SS,2021-11-01 00:00:00+08:00,4.744309062514837,4.808313554300517,4.7283080349420645,4.792312145233154,106524145,0.0,0.0
601939.SS,2021-11-02 00:00:00+08:00,4.7843114555447785,4.800312481891301,4.696305619891628,4.720307350158691,122893480,0.0,0.0
601939.SS,2021-11-03 00:00:00+08:00,4.728307753766039,4.728307753766039,4.688305377960205,4.688305377960205,71133670,0.0,0.0
601939.SS,2021-11-04 00:00:00+08:00,4.696306460183672,4.696306460183672,4.656304077907175,4.672305107116699,66869579,0.0,0.0
601939.SS,2021-11-05 00:00:00+08:00,4.664303529824079,4.672304233680512,4.632301477387464,4.6403021812438965,62008120,0.0,0.0
601939.SS,2021-11-08 00:00:00+08:00,4.640301756617292,4.66430310300115,4.6243007318632126,4.64830207824707,38027914,0.0,0.0
601939.SS,2021-11-09 00:00:00+08:00,4.656304077907175,4.672305107116699,4.640303048697651,4.672305107116699,35133311,0.0,0.0
601939.SS,2021-11-10 00:00:00+08:00,4.672304432661467,4.672304432661467,4.624301351962222,4.656303405761719,57396873,0.0,0.0
601939.SS,2021-11-11 00:00:00+08:00,4.6563033755579335,4.7043064559458,4.640302348761978,4.696305751800537,56216602,0.0,0.0
601939.SS,2021-11-12 00:00:00+08:00,4.696306031870068,4.696306031870068,4.656303653241877,4.680305004119873,47810978,0.0,0.0
601939.SS,2021-11-15 00:00:00+08:00,4.664304256439209,4.680305285150191,4.648303227728228,4.664304256439209,59755263,0.0,0.0
601939.SS,2021-11-16 00:00:00+08:00,4.664304401764623,4.672305107116699,4.648303372555098,4.672305107116699,59942205,0.0,0.0
601939.SS,2021-11-17 00:00:00+08:00,4.664304256439209,4.672304961542008,4.648303227728228,4.664304256439209,63723481,0.0,0.0
601939.SS,2021-11-18 00:00:00+08:00,4.656303932831027,4.672304961542008,4.640302904120046,4.664304256439209,56313819,0.0,0.0
601939.SS,2021-11-19 00:00:00+08:00,4.656304077907175,4.688306136326224,4.640303048697651,4.672305107116699,67439734,0.0,0.0
601939.SS,2021-11-22 00:00:00+08:00,4.67230380612545,4.67230380612545,4.64830207824707,4.64830207824707,60938702,0.0,0.0
601939.SS,2021-11-23 00:00:00+08:00,4.656303405761719,4.664303728464306,4.64030237886197,4.656303405761719,53565415,0.0,0.0
601939.SS,2021-11-24 00:00:00+08:00,4.656303405761719,4.672304432661467,4.64030237886197,4.656303405761719,52624948,0.0,0.0
601939.SS,2021-11-25 00:00:00+08:00,4.64830207824707,4.656302781371371,4.640301756617292,4.64830207824707,45478816,0.0,0.0
601939.SS,2021-11-26 00:00:00+08:00,4.640302511829986,4.648302834761823,4.6163007800453055,4.6323018074035645,76828814,0.0,0.0
601939.SS,2021-11-29 00:00:00+08:00,4.608300685882568,4.624301714035163,4.59229927623537,4.608300685882568,73776640,0.0,0.0
601939.SS,2021-11-30 00:00:00+08:00,4.608300685882568,4.616301009211564,4.59229927623537,4.608300685882568,52007649,0.0,0.0
601939.SS,2021-12-01 00:00:00+08:00,4.600299752687048,4.6323018074035645,4.592299048260625,4.6323018074035645,49591175,0.0,0.0
601939.SS,2021-12-02 00:00:00+08:00,4.616300451169156,4.648302503605772,4.608300128807281,4.6403021812438965,57186602,0.0,0.0
601939.SS,2021-12-03 00:00:00+08:00,4.640301756617292,4.656302781371371,4.608299707109133,4.64830207824707,65875045,0.0,0.0
601939.SS,2021-12-06 00:00:00+08:00,4.648302948619483,4.696306031870068,4.640302625491683,4.680305004119873,94270243,0.0,0.0
601939.SS,2021-12-07 00:00:00+08:00,4.712307453155518,4.728308482241994,4.680305394982565,4.712307453155518,94587885,0.0,0.0
601939.SS,2021-12-08 00:00:00+08:00,4.712306778596492,4.720307482741756,4.680304725004581,4.696305751800537,55954421,0.0,0.0
601939.SS,2021-12-09 00:00:00+08:00,4.704306374965537,4.752309454527075,4.680304644437485,4.728307723999023,93233306,0.0,0.0
601939.SS,2021-12-10 00:00:00+08:00,4.704306125640869,4.72030715131334,4.672304074295928,4.704306125640869,85486973,0.0,0.0
601939.SS,2021-12-13 00:00:00+08:00,4.704306125640869,4.73630817698581,4.696305422057362,4.704306125640869,63285395,0.0,0.0
601939.SS,2021-12-14 00:00:00+08:00,4.6963063138611725,4.704307018963972,4.656303932831027,4.664304256439209,60670042,0.0,0.0
601939.SS,2021-12-15 00:00:00+08:00,4.648303227728228,4.672304961542008,4.648303227728228,4.664304256439209,38018322,0.0,0.0
601939.SS,2021-12-16 00:00:00+08:00,4.656304077907175,4.672305107116699,4.648303372555098,4.672305107116699,53249786,0.0,0.0
601939.SS,2021-12-17 00:00:00+08:00,4.656303932831027,4.680305285150191,4.656303932831027,4.664304256439209,42311129,0.0,0.0
601939.SS,2021-12-20 00:00:00+08:00,4.664304256439209,4.664304256439209,4.648303227728228,4.664304256439209,63387451,0.0,0.0
601939.SS,2021-12-21 00:00:00+08:00,4.64830267141267,4.728307805392448,4.640302348761978,4.696305751800537,106762844,0.0,0.0
601939.SS,2021-12-22 00:00:00+08:00,4.704306125640869,4.72030715131334,4.688305099968399,4.704306125640869,57370431,0.0,0.0
601939.SS,2021-12-23 00:00:00+08:00,4.712307453155518,4.720308158446069,4.680305394982565,4.712307453155518,57441356,0.0,0.0
601939.SS,2021-12-24 00:00:00+08:00,4.704306374965537,4.728307723999023,4.688305348445024,4.728307723999023,59574164,0.0,0.0
601939.SS,2021-12-27 00:00:00+08:00,4.712306778596492,4.720307482741756,4.696305751800537,4.696305751800537,47805891,0.0,0.0
601939.SS,2021-12-28 00:00:00+08:00,4.704306374965537,4.736308428006562,4.696305670957998,4.728307723999023,59356965,0.0,0.0
601939.SS,2021-12-29 00:00:00+08:00,4.712306778596492,4.728307805392448,4.688305429149844,4.696305751800537,47637464,0.0,0.0
601939.SS,2021-12-30 00:00:00+08:00,4.696305751800537,4.7043064559458,4.680304725004581,4.696305751800537,47158395,0.0,0.0
601939.SS,2021-12-31 00:00:00+08:00,4.688305377960205,4.696305700523546,4.672304351338958,4.688305377960205,49095391,0.0,0.0
601939.SS,2022-01-04 00:00:00+08:00,4.680304644437485,4.736308428006562,4.680304644437485,4.728307723999023,117036735,0.0,0.0
601939.SS,2022-01-05 00:00:00+08:00,4.728308514438729,4.83231539495636,4.720308190588327,4.824315071105957,195597828,0.0,0.0
601939.SS,2022-01-06 00:00:00+08:00,4.800313057377301,4.872317875316234,4.800313057377301,4.840315818786621,153867183,0.0,0.0
601939.SS,2022-01-07 00:00:00+08:00,4.848315554880552,4.920320364097324,4.808313179811447,4.912319660186768,141718307,0.0,0.0
601939.SS,2022-01-10 00:00:00+08:00,4.904319616871974,4.944321994217585,4.864316858031782,4.896318912506104,112844779,0.0,0.0
601939.SS,2022-01-11 00:00:00+08:00,4.888318311444216,4.936321390423879,4.872317285117663,4.912319660186768,71682786,0.0,0.0
601939.SS,2022-01-12 00:00:00+08:00,4.912320022831031,4.912320022831031,4.824314562285401,4.864316940307617,107026338,0.0,0.0
601939.SS,2022-01-13 00:00:00+08:00,4.864316807312999,4.9283209155942895,4.848315780242676,4.888318538665772,107062247,0.0,0.0
601939.SS,2022-01-14 00:00:00+08:00,4.872318011669881,4.896319363991474,4.784312163003264,4.816314220428467,118637110,0.0,0.0
601939.SS,2022-01-17 00:00:00+08:00,4.800312798795691,4.840315558050156,4.768310743989953,4.784311771392822,72034721,0.0,0.0
601939.SS,2022-01-18 00:00:00+08:00,4.784311282921512,4.856316089630127,4.768310257152325,4.856316089630127,112733865,0.0,0.0
601939.SS,2022-01-19 00:00:00+08:00,4.8323151139069145,4.864317170436528,4.8243147905218144,4.840315818786621,72430393,0.0,0.0
601939.SS,2022-01-20 00:00:00+08:00,4.840315652325503,4.920320790898116,4.8323149477209455,4.904319763183594,127875369,0.0,0.0
601939.SS,2022-01-21 00:00:00+08:00,4.888318141168502,4.896318463305822,4.84031506386094,4.856316089630127,76722285,0.0,0.0
601939.SS,2022-01-24 00:00:00+08:00,4.864316940307617,4.888318672316618,4.816313857784204,4.864316940307617,85954618,0.0,0.0
601939.SS,2022-01-25 00:00:00+08:00,4.848315598484874,4.856316302467386,4.800312519073486,4.800312519073486,67131304,0.0,0.0
601939.SS,2022-01-26 00:00:00+08:00,4.792312207906751,4.848315995891164,4.784311884763032,4.832314968109131,64755898,0.0,0.0
601939.SS,2022-01-27 00:00:00+08:00,4.816313940327098,4.856316700529478,4.800312912545065,4.832314968109131,73611916,0.0,0.0
601939.SS,2022-01-28 00:00:00+08:00,4.840315609446062,4.864316960057925,4.792312145233154,4.792312145233154,85010812,0.0,0.0
601939.SS,2022-02-07 00:00:00+08:00,4.824314624610981,4.928321114008082,4.816313920006423,4.904319763183594,148000595,0.0,0.0
601939.SS,2022-02-08 00:00:00+08:00,4.904319360179374,5.072330328123138,4.904319360179374,5.064329624176025,254623169,0.0,0.0
601939.SS,2022-02-09 00:00:00+08:00,5.06433018515894,5.096332241503182,4.9923253676370924,5.032328128814697,140860200,0.0,0.0
601939.SS,2022-02-10 00:00:00+08:00,5.032327571376695,5.08033065057569,5.000325518577365,5.064329624176025,127601435,0.0,0.0
601939.SS,2022-02-11 00:00:00+08:00,5.0403281956086845,5.152335378634895,5.0403281956086845,5.096331596374512,125807547,0.0,0.0
601939.SS,2022-02-14 00:00:00+08:00,5.0803304792422574,5.096331505102291,4.992324646264803,5.008326053619385,123220300,0.0,0.0
601939.SS,2022-02-15 00:00:00+08:00,5.016326789115816,5.056329547809147,4.952322680402149,4.968323707580566,101825221,0.0,0.0
601939.SS,2022-02-16 00:00:00+08:00,4.96832390428646,5.032328015534176,4.944322171821268,4.984324932098389,70619622,0.0,0.0
601939.SS,2022-02-17 00:00:00+08:00,4.984324652863543,5.0243274108996046,4.9763239486585,5.000325679779053,70371411,0.0,0.0
601939.SS,2022-02-18 00:00:00+08:00,4.9923255120922185,5.040328979492188,4.9763244834571,5.040328979492188,75699483,0.0,0.0
601939.SS,2022-02-21 00:00:00+08:00,5.0243271312193984,5.032327453484527,4.944321619600798,5.016326427459717,82140743,0.0,0.0
601939.SS,2022-02-22 00:00:00+08:00,4.984325263443185,5.008326997503948,4.960323529382421,4.976324558258057,65248069,0.0,0.0
601939.SS,2022-02-23 00:00:00+08:00,4.984325584159459,4.992325908364746,4.904320434633353,4.920321464538574,103418583,0.0,0.0
601939.SS,2022-02-24 00:00:00+08:00,4.904319500538706,4.912319823220223,4.840315393108278,4.848315715789795,95492006,0.0,0.0
601939.SS,2022-02-25 00:00:00+08:00,4.848315265596102,4.8723169944011016,4.80031218948064,4.808312892913818,106315057,0.0,0.0
601939.SS,2022-02-28 00:00:00+08:00,4.816314365760926,4.83231539495636,4.776311602025029,4.824315071105957,85427824,0.0,0.0
601939.SS,2022-03-01 00:00:00+08:00,4.840315785188396,4.8963191929791785,4.816314052210486,4.88031816482544,98939603,0.0,0.0
601939.SS,2022-03-02 00:00:00+08:00,4.864316940307617,4.8963189953232265,4.848315912799813,4.864316940307617,53556620,0.0,0.0
601939.SS,2022-03-03 00:00:00+08:00,4.864316921133494,4.9443220583571525,4.864316921133494,4.93632173538208,90359591,0.0,0.0
601939.SS,2022-03-04 00:00:00+08:00,4.920320364097324,4.936321390423879,4.848315554880552,4.912319660186768,102531962,0.0,0.0
601939.SS,2022-03-07 00:00:00+08:00,4.872317115399314,4.904319166937689,4.84031506386094,4.856316089630127,95023924,0.0,0.0
601939.SS,2022-03-08 00:00:00+08:00,4.848315598484874,4.880317651425798,4.792311815090973,4.800312519073486,109106610,0.0,0.0
601939.SS,2022-03-09 00:00:00+08:00,4.800312933410931,4.840315693787194,4.624301627043486,4.760310173034668,157397497,0.0,0.0
601939.SS,2022-03-10 00:00:00+08:00,4.800312849766836,4.816313877339608,4.744309062514837,4.792312145233154,92127793,0.0,0.0
601939.SS,2022-03-11 00:00:00+08:00,4.776311324232788,4.840315818786621,4.720307916053267,4.840315818786621,103246851,0.0,0.0
601939.SS,2022-03-14 00:00:00+08:00,4.784312052053691,4.848316165419824,4.760310318794088,4.768311023712158,105002685,0.0,0.0
601939.SS,2022-03-15 00:00:00+08:00,4.752309567160211,4.760309889862798,4.64030237886197,4.656303405761719,196285419,0.0,0.0
601939.SS,2022-03-16 00:00:00+08:00,4.656304042100163,4.720308158446069,4.608300954840733,4.712307453155518,132235742,0.0,0.0
601939.SS,2022-03-17 00:00:00+08:00,4.736308509537712,4.752309536333667,4.6643036982086254,4.696305751800537,134890000,0.0,0.0
601939.SS,2022-03-18 00:00:00+08:00,4.688305656757428,4.808313554300517,4.672304629184655,4.792312145233154,145861263,0.0,0.0
601939.SS,2022-03-21 00:00:00+08:00,4.79231222873784,4.800312933410931,4.744309145183082,4.760310173034668,69176285,0.0,0.0
601939.SS,2022-03-22 00:00:00+08:00,4.760310429187053,4.832315249141068,4.744309400474451,4.816314220428467,98331648,0.0,0.0
601939.SS,2022-03-23 00:00:00+08:00,4.816314365760926,4.824315071105957,4.792312631220463,4.824315071105957,61110272,0.0,0.0
601939.SS,2022-03-24 00:00:00+08:00,4.8003128302764,4.880317967815422,4.792312125775204,4.864316940307617,89182059,0.0,0.0
601939.SS,2022-03-25 00:00:00+08:00,4.848316058256021,4.8963191422195935,4.824314707021535,4.872317790985107,87597289,0.0,0.0
601939.SS,2022-03-28 00:00:00+08:00,4.856316598158421,4.9603230858018845,4.8163138387992985,4.93632173538208,128578144,0.0,0.0
601939.SS,2022-03-29 00:00:00+08:00,4.95232287647453,4.992325255257056,4.912320116197409,4.984324932098389,115875461,0.0,0.0
601939.SS,2022-03-30 00:00:00+08:00,4.992324858667486,4.992324858667486,4.928320752504247,4.952322483062744,104357034,0.0,0.0
601939.SS,2022-03-31 00:00:00+08:00,4.93632195978197,5.032328128814697,4.928321254948607,5.032328128814697,133049504,0.0,0.0
601939.SS,2022-04-01 00:00:00+08:00,4.9923255120922185,5.072331036762424,4.9923255120922185,5.040328979492188,141931589,0.0,0.0
601939.SS,2022-04-06 00:00:00+08:00,5.024327916439039,5.080331325531006,5.000326182903473,5.080331325531006,116255577,0.0,0.0
601939.SS,2022-04-07 00:00:00+08:00,5.072330491646135,5.0883315185616445,4.9763239486585,5.000325679779053,109384557,0.0,0.0
601939.SS,2022-04-08 00:00:00+08:00,5.008326726963077,5.040328782985654,4.9763242894459,5.024327754974365,75469406,0.0,0.0
601939.SS,2022-04-11 00:00:00+08:00,5.0243274108996046,5.0243274108996046,4.984324652863543,5.000325679779053,74241341,0.0,0.0
601939.SS,2022-04-12 00:00:00+08:00,4.99232497557401,5.032327733610073,4.952322599032523,5.000325679779053,78907890,0.0,0.0
601939.SS,2022-04-13 00:00:00+08:00,4.992325305938721,5.040328771356431,4.984324982698835,4.992325305938721,57621837,0.0,0.0
601939.SS,2022-04-14 00:00:00+08:00,5.008326053619385,5.040328105339451,4.992324646264803,5.008326053619385,66516769,0.0,0.0
601939.SS,2022-04-15 00:00:00+08:00,5.016326987722247,5.016326987722247,4.976324227445127,4.984324932098389,70350417,0.0,0.0
601939.SS,2022-04-18 00:00:00+08:00,4.968324010418303,4.97632433374787,4.864317136671701,4.88031816482544,104390538,0.0,0.0
601939.SS,2022-04-19 00:00:00+08:00,4.880317885268942,4.920320644109135,4.840315507923332,4.896318912506104,79831584,0.0,0.0
601939.SS,2022-04-20 00:00:00+08:00,4.8963191422195935,4.912320170207451,4.864317086243879,4.872317790985107,63304359,0.0,0.0
601939.SS,2022-04-21 00:00:00+08:00,4.872317511595449,4.9283209155942895,4.856316484525126,4.888318538665772,106671049,0.0,0.0
601939.SS,2022-04-22 00:00:00+08:00,4.888318814852614,5.00832671540769,4.880318110118129,4.992325305938721,136336705,0.0,0.0
601939.SS,2022-04-25 00:00:00+08:00,4.9523229822645645,4.984325038572041,4.88031816482544,4.88031816482544,137319137,0.0,0.0
601939.SS,2022-04-26 00:00:00+08:00,4.880317769505009,4.904319500538706,4.832314688932188,4.848315715789795,98050808,0.0,0.0
601939.SS,2022-04-27 00:00:00+08:00,4.840315275996924,4.856316302467386,4.744308735679586,4.800312519073486,130953810,0.0,0.0
601939.SS,2022-04-28 00:00:00+08:00,4.784312029112495,4.864317170436528,4.776311324232788,4.840315818786621,88501327,0.0,0.0
601939.SS,2022-04-29 00:00:00+08:00,4.84831538599826,4.872317115399314,4.784311282921512,4.856316089630127,98344776,0.0,0.0
601939.SS,2022-05-05 00:00:00+08:00,4.864316742647402,4.888318473681099,4.816313662074581,4.848315715789795,107285790,0.0,0.0
601939.SS,2022-05-06 00:00:00+08:00,4.81631321485246,4.84031494365746,4.784311164108819,4.808312892913818,68318934,0.0,0.0
601939.SS,2022-05-09 00:00:00+08:00,4.792312094346964,4.808313503244418,4.768310743989953,4.784311771392822,55251769,0.0,0.0
601939.SS,2022-05-10 00:00:00+08:00,4.7683104661325615,4.800312519073486,4.744308735679586,4.800312519073486,65868223,0.0,0.0
601939.SS,2022-05-11 00:00:00+08:00,4.800313080395225,4.800313080395225,4.752309995370625,4.768311023712158,90965930,0.0,0.0
601939.SS,2022-05-12 00:00:00+08:00,4.760310318794088,4.776311347135621,4.752309995370625,4.768311023712158,52150858,0.0,0.0
601939.SS,2022-05-13 00:00:00+08:00,4.7683104661325615,4.808313223055999,4.760309762150048,4.800312519073486,59832557,0.0,0.0
601939.SS,2022-05-16 00:00:00+08:00,4.800312519073486,4.808313223055999,4.752309439662099,4.800312519073486,70227375,0.0,0.0
601939.SS,2022-05-17 00:00:00+08:00,4.784312052053691,4.816314108736758,4.760310318794088,4.768311023712158,79995091,0.0,0.0
601939.SS,2022-05-18 00:00:00+08:00,4.776311066944095,4.784311771392822,4.752309716587084,4.784311771392822,71264693,0.0,0.0
601939.SS,2022-05-19 00:00:00+08:00,4.768311023712158,4.776311347135621,4.744309290452555,4.768311023712158,51385233,0.0,0.0
601939.SS,2022-05-20 00:00:00+08:00,4.776311066944095,4.808313503244418,4.752309716587084,4.784311771392822,87123017,0.0,0.0
601939.SS,2022-05-23 00:00:00+08:00,4.784311624919114,4.792311947628322,4.760309893802341,4.776310920715332,47917575,0.0,0.0
601939.SS,2022-05-24 00:00:00+08:00,4.776311347135621,4.792312375477154,4.760310318794088,4.768311023712158,77856451,0.0,0.0
601939.SS,2022-05-25 00:00:00+08:00,4.776310788620511,4.800312519073486,4.760309762150048,4.800312519073486,59155058,0.0,0.0
601939.SS,2022-05-26 00:00:00+08:00,4.792312631220463,4.824315071105957,4.78431230737006,4.824315071105957,63270435,0.0,0.0
601939.SS,2022-05-27 00:00:00+08:00,4.824314925532076,4.840315954244677,4.808313896819475,4.816314220428467,54277555,0.0,0.0
601939.SS,2022-05-30 00:00:00+08:00,4.832315249141068,4.840315954244677,4.8003131917158655,4.816314220428467,54881523,0.0,0.0
601939.SS,2022-05-31 00:00:00+08:00,4.816313826198559,4.824314530647287,4.784311771392822,4.784311771392822,81106906,0.0,0.0
601939.SS,2022-06-01 00:00:00+08:00,4.792311947628322,4.800312651832105,4.760309893802341,4.776310920715332,80067139,0.0,0.0
601939.SS,2022-06-02 00:00:00+08:00,4.776310920715332,4.784311624919114,4.760309893802341,4.776310920715332,46114669,0.0,0.0
601939.SS,2022-06-06 00:00:00+08:00,4.776311432333749,4.776311432333749,4.712307317825934,4.736309051513672,136824546,0.0,0.0
601939.SS,2022-06-07 00:00:00+08:00,4.736308625669989,4.760309975705139,4.720307598481695,4.744308948516846,67043102,0.0,0.0
601939.SS,2022-06-08 00:00:00+08:00,4.752309799194336,4.760310122287543,4.744309094606536,4.752309799194336,58813118,0.0,0.0
601939.SS,2022-06-09 00:00:00+08:00,4.752309571093133,4.792311947628322,4.736308544180142,4.776310920715332,112282423,0.0,0.0
601939.SS,2022-06-10 00:00:00+08:00,4.7683104661325615,4.816313545543949,4.760309762150048,4.800312519073486,103371496,0.0,0.0
601939.SS,2022-06-13 00:00:00+08:00,4.784312052053691,4.792312375477154,4.744309290452555,4.768311023712158,80578173,0.0,0.0
601939.SS,2022-06-14 00:00:00+08:00,4.752309113365178,4.82431391828564,4.752309113365178,4.808312892913818,92012155,0.0,0.0
601939.SS,2022-06-15 00:00:00+08:00,4.808313762257008,4.888318903581041,4.800313057377301,4.840315818786621,127447486,0.0,0.0
601939.SS,2022-06-16 00:00:00+08:00,4.840315275996924,4.856316302467386,4.800312519073486,4.800312519073486,97852914,0.0,0.0
601939.SS,2022-06-17 00:00:00+08:00,4.792311486047461,4.82431391828564,4.784311164108819,4.808312892913818,63263870,0.0,0.0
601939.SS,2022-06-20 00:00:00+08:00,4.808313554300517,4.808313554300517,4.776311117660382,4.792312145233154,75336522,0.0,0.0
601939.SS,2022-06-21 00:00:00+08:00,4.792312631220463,4.84031610030139,4.78431230737006,4.824315071105957,88925568,0.0,0.0
601939.SS,2022-06-22 00:00:00+08:00,4.824314249526461,4.848315598484874,4.792311815090973,4.800312519073486,83925654,0.0,0.0
601939.SS,2022-06-23 00:00:00+08:00,4.808313617183378,4.840315672747445,4.800312912545065,4.832314968109131,58771529,0.0,0.0
601939.SS,2022-06-24 00:00:00+08:00,4.84031494365746,4.848315265596102,4.80031218948064,4.808312892913818,82754142,0.0,0.0
601939.SS,2022-06-27 00:00:00+08:00,4.808313223055999,4.824314249526461,4.784311492603024,4.800312519073486,139984145,0.0,0.0
601939.SS,2022-06-28 00:00:00+08:00,4.8003131917158655,4.824314925532076,4.792312486612256,4.816314220428467,111392252,0.0,0.0
601939.SS,2022-06-29 00:00:00+08:00,4.808313762257008,4.848316142171721,4.800313057377301,4.840315818786621,108542279,0.0,0.0
601939.SS,2022-06-30 00:00:00+08:00,4.840315393108278,4.864316742647402,4.832314688932188,4.848315715789795,76371534,0.0,0.0
601939.SS,2022-07-01 00:00:00+08:00,4.856316617301009,4.880317967815422,4.848315912799813,4.864316940307617,70856777,0.0,0.0
601939.SS,2022-07-04 00:00:00+08:00,4.872317790985107,4.8963191422195935,4.864317086243879,4.872317790985107,92228215,0.0,0.0
601939.SS,2022-07-05 00:00:00+08:00,4.888318538665772,4.904319565736095,4.880317834383321,4.888318538665772,102679933,0.0,0.0
601939.SS,2022-07-06 00:00:00+08:00,4.8963189953232265,4.8963189953232265,4.840315589793205,4.864316940307617,106951178,0.0,0.0
601939.SS,2022-07-07 00:00:00+08:00,4.880318114231736,4.888318818972965,4.85631676299725,4.872317790985107,140077470,0.0,0.0
601939.SS,2022-07-08 00:00:00+08:00,4.892739072871573,4.90124837906076,4.850193353417748,4.858702659606934,148446569,0.364,0.0
601939.SS,2022-07-11 00:00:00+08:00,4.858702990759078,4.926775821927963,4.850193683989929,4.909757614135742,118234317,0.0,0.0
601939.SS,2022-07-12 00:00:00+08:00,4.918266809944924,4.9523032247614776,4.892739295959473,4.892739295959473,73999678,0.0,0.0
601939.SS,2022-07-13 00:00:00+08:00,4.892739330201065,4.901248636837791,4.816157193454828,4.824666500091553,94306424,0.0,0.0
601939.SS,2022-07-14 00:00:00+08:00,4.807648476634886,4.807648476634886,4.722557435740109,4.748084545135498,127452058,0.0,0.0
601939.SS,2022-07-15 00:00:00+08:00,4.748084248231852,4.748084248231852,4.671502113342285,4.671502113342285,156915868,0.0,0.0
601939.SS,2022-07-18 00:00:00+08:00,4.688521235988963,4.7395758628845215,4.680011928633317,4.7395758628845215,87469815,0.0,0.0
601939.SS,2022-07-19 00:00:00+08:00,4.7225572889238565,4.7736119118735205,4.705539081273968,4.756593704223633,63366642,0.0,0.0
601939.SS,2022-07-20 00:00:00+08:00,4.75659356050818,4.824666389050984,4.748084254067297,4.807648181915283,68918673,0.0,0.0
601939.SS,2022-07-21 00:00:00+08:00,4.799139169672364,4.81615737785132,4.739575643919065,4.748084545135498,44725831,0.0,0.0
601939.SS,2022-07-22 00:00:00+08:00,4.748084179605795,4.782120593343423,4.748084179605795,4.765102386474609,30543608,0.0,0.0
601939.SS,2022-07-25 00:00:00+08:00,4.765102022245722,4.799138433381719,4.748083816677725,4.782120227813721,37871181,0.0,0.0
601939.SS,2022-07-26 00:00:00+08:00,4.7906295334707325,4.807647739038731,4.782120227813721,4.782120227813721,39374752,0.0,0.0
601939.SS,2022-07-27 00:00:00+08:00,4.782120445861706,4.790629751906713,4.765102239517737,4.773611545562744,22766166,0.0,0.0
601939.SS,2022-07-28 00:00:00+08:00,4.782120445861706,4.790629751906713,4.765102239517737,4.773611545562744,27720426,0.0,0.0
601939.SS,2022-07-29 00:00:00+08:00,4.773612280814893,4.782121182424433,4.7395758628845215,4.7395758628845215,38999382,0.0,0.0
601939.SS,2022-08-01 00:00:00+08:00,4.739575902152448,4.739575902152448,4.705539483940081,4.714048385620117,35602074,0.0,0.0
601939.SS,2022-08-02 00:00:00+08:00,4.705538933317919,4.705538933317919,4.662993212657923,4.671502113342285,76953424,0.0,0.0
601939.SS,2022-08-03 00:00:00+08:00,4.680011565277297,4.688520871972281,4.611938734701726,4.620447635650635,84005236,0.0,0.0
601939.SS,2022-08-04 00:00:00+08:00,4.62895690540695,4.662993320423128,4.62044759877987,4.645975112915039,47170171,0.0,0.0
601939.SS,2022-08-05 00:00:00+08:00,4.654484233925111,4.688521056297097,4.637466025612164,4.680011749267578,38611312,0.0,0.0
601939.SS,2022-08-08 00:00:00+08:00,4.680011639003295,4.688520945832329,4.662993431091309,4.662993431091309,27298244,0.0,0.0
601939.SS,2022-08-09 00:00:00+08:00,4.662993212657923,4.688520726203134,4.645975005543138,4.671502113342285,30161739,0.0,0.0
601939.SS,2022-08-10 00:00:00+08:00,4.680011527931216,4.688520834558298,4.645975112915039,4.645975112915039,23035736,0.0,0.0
601939.SS,2022-08-11 00:00:00+08:00,4.654484233925111,4.688521056297097,4.645975332641683,4.680011749267578,42069522,0.0,0.0
601939.SS,2022-08-12 00:00:00+08:00,4.680011383623356,4.6970295906066895,4.662993176640023,4.6970295906066895,39604160,0.0,0.0
601939.SS,2022-08-15 00:00:00+08:00,4.680011639003295,4.6970298469152825,4.662993431091309,4.662993431091309,35385047,0.0,0.0
601939.SS,2022-08-16 00:00:00+08:00,4.662993579102308,4.6885210946536136,4.654484272003174,4.654484272003174,31243051,0.0,0.0
601939.SS,2022-08-17 00:00:00+08:00,4.662993540954631,4.688521056297097,4.645975332641683,4.680011749267578,46245724,0.0,0.0
601939.SS,2022-08-18 00:00:00+08:00,4.671502480455346,4.68001178755448,4.645975370650135,4.654484272003174,27162664,0.0,0.0
601939.SS,2022-08-19 00:00:00+08:00,4.654484272003174,4.671502480455346,4.645975370650135,4.654484272003174,24803117,0.0,0.0
601939.SS,2022-08-22 00:00:00+08:00,4.645975112915039,4.662993320423128,4.637465806287959,4.645975112915039,31618558,0.0,0.0
601939.SS,2022-08-23 00:00:00+08:00,4.64597500183999,4.654483902517569,4.6289567947387695,4.6289567947387695,45266593,0.0,0.0
601939.SS,2022-08-24 00:00:00+08:00,4.628956942345619,4.645975149989511,4.620447635650635,4.620447635650635,35920585,0.0,0.0
601939.SS,2022-08-25 00:00:00+08:00,4.628957052675189,4.645975260724705,4.611938844625674,4.637465953826904,35927256,0.0,0.0
601939.SS,2022-08-26 00:00:00+08:00,4.645975370650135,4.654484272003174,4.620447855098829,4.654484272003174,35688259,0.0,0.0
601939.SS,2022-08-29 00:00:00+08:00,4.637465953826904,4.645975260724705,4.620447745777389,4.637465953826904,30849715,0.0,0.0
601939.SS,2022-08-30 00:00:00+08:00,4.637466063551001,4.662993579102308,4.628957162197962,4.654484272003174,28707949,0.0,0.0
601939.SS,2022-08-31 00:00:00+08:00,4.654483870275326,4.705538896971386,4.645974969656689,4.6970295906066895,84509573,0.0,0.0
601939.SS,2022-09-01 00:00:00+08:00,4.688520726203134,4.697029626887495,4.671502113342285,4.671502113342285,24770044,0.0,0.0
601939.SS,2022-09-02 00:00:00+08:00,4.671502332174261,4.688520945832329,4.654484124262274,4.662993431091309,23835762,0.0,0.0
601939.SS,2022-09-05 00:00:00+08:00,4.662993212657923,4.680011419772709,4.637465699112714,4.671502113342285,44447149,0.0,0.0
601939.SS,2022-09-06 00:00:00+08:00,4.671502442238059,4.705539264610045,4.662993540954631,4.680011749267578,53073585,0.0,0.0
601939.SS,2022-09-07 00:00:00+08:00,4.680011419772709,4.688520726203134,4.662993212657923,4.671502113342285,20987775,0.0,0.0
601939.SS,2022-09-08 00:00:00+08:00,4.671502442238059,4.688521056297097,4.662993540954631,4.680011749267578,24152719,0.0,0.0
601939.SS,2022-09-09 00:00:00+08:00,4.688521274833897,4.722557693046264,4.68001196740775,4.714048385620117,53878493,0.0,0.0
601939.SS,2022-09-13 00:00:00+08:00,4.714047761571415,4.748084175278019,4.688520654164489,4.722557067871094,48044383,0.0,0.0
601939.SS,2022-09-14 00:00:00+08:00,4.705538749694824,4.722556956145512,4.688520543244136,4.705538749694824,35775901,0.0,0.0
601939.SS,2022-09-15 00:00:00+08:00,4.722557653919336,4.7480847644940605,4.714048346563689,4.7395758628845215,57776763,0.0,0.0
601939.SS,2022-09-16 00:00:00+08:00,4.72255710395472,4.731066004573356,4.6970295906066895,4.6970295906066895,56920680,0.0,0.0
601939.SS,2022-09-19 00:00:00+08:00,4.688520437824985,4.73106575012207,4.6800111319179445,4.73106575012207,48315753,0.0,0.0
601939.SS,2022-09-20 00:00:00+08:00,4.7310659684247165,4.739575274724396,4.705538861017791,4.722557067871094,34838007,0.0,0.0
601939.SS,2022-09-21 00:00:00+08:00,4.722557653919336,4.7480847644940605,4.697030137598503,4.7395758628845215,35916028,0.0,0.0
601939.SS,2022-09-22 00:00:00+08:00,4.722557653919336,4.7480847644940605,4.705539444954149,4.7395758628845215,41348648,0.0,0.0
601939.SS,2022-09-23 00:00:00+08:00,4.722556711198741,4.7906295334707325,4.722556711198741,4.782120227813721,83990666,0.0,0.0
601939.SS,2022-09-26 00:00:00+08:00,4.773612320364816,4.782121222044853,4.705539483940081,4.714048385620117,52813481,0.0,0.0
601939.SS,2022-09-27 00:00:00+08:00,4.714047650047145,4.722556956145512,4.688520543244136,4.705538749694824,31795526,0.0,0.0
601939.SS,2022-09-28 00:00:00+08:00,4.714048346563689,4.756594071849707,4.688521235988963,4.7395758628845215,56033495,0.0,0.0
601939.SS,2022-09-29 00:00:00+08:00,4.73957553168358,4.756593739459536,4.688520908355713,4.688520908355713,36797073,0.0,0.0
601939.SS,2022-09-30 00:00:00+08:00,4.6970295906066895,4.731066004573356,4.680011383623356,4.6970295906066895,34209680,0.0,0.0
601939.SS,2022-10-10 00:00:00+08:00,4.680011383623356,4.72255710395472,4.680011383623356,4.6970295906066895,51765600,0.0,0.0
601939.SS,2022-10-11 00:00:00+08:00,4.6970295906066895,4.705538896971386,4.680011383623356,4.6970295906066895,55494325,0.0,0.0
601939.SS,2022-10-12 00:00:00+08:00,4.697030176513934,4.714048385620117,4.671502659981603,4.714048385620117,49428725,0.0,0.0
601939.SS,2022-10-13 00:00:00+08:00,4.705539264610045,4.705539264610045,4.654484233925111,4.680011749267578,48866100,0.0,0.0
601939.SS,2022-10-14 00:00:00+08:00,4.671502113342285,4.697029626887495,4.662993212657923,4.671502113342285,53080664,0.0,0.0
601939.SS,2022-10-17 00:00:00+08:00,4.671502442238059,4.688521056297097,4.654484233925111,4.680011749267578,40664756,0.0,0.0
601939.SS,2022-10-18 00:00:00+08:00,4.680011749267578,4.697029957580526,4.662993540954631,4.680011749267578,43193968,0.0,0.0
601939.SS,2022-10-19 00:00:00+08:00,4.671502113342285,4.688520726203134,4.662993212657923,4.671502113342285,23738945,0.0,0.0
601939.SS,2022-10-20 00:00:00+08:00,4.662993176640023,4.6970295906066895,4.662993176640023,4.6970295906066895,62053268,0.0,0.0
601939.SS,2022-10-21 00:00:00+08:00,4.688521274833897,4.722557693046264,4.68001196740775,4.714048385620117,54167191,0.0,0.0
601939.SS,2022-10-24 00:00:00+08:00,4.705539116131669,4.714048017146608,4.680011601594696,4.688520908355713,99085969,0.0,0.0
601939.SS,2022-10-25 00:00:00+08:00,4.680011749267578,4.697029957580526,4.671502442238059,4.680011749267578,47593228,0.0,0.0
601939.SS,2022-10-26 00:00:00+08:00,4.680011676823736,4.688520983721537,4.628957052675189,4.637465953826904,70126995,0.0,0.0
601939.SS,2022-10-27 00:00:00+08:00,4.637465583726499,4.637465583726499,4.6119384765625,4.6119384765625,56079222,0.0,0.0
601939.SS,2022-10-28 00:00:00+08:00,4.6119384765625,4.620447377035148,4.5949202698711495,4.6119384765625,41545712,0.0,0.0
601939.SS,2022-10-31 00:00:00+08:00,4.603429201646301,4.611938507922864,4.526847473887509,4.54386568069458,72817111,0.0,0.0
601939.SS,2022-11-01 00:00:00+08:00,4.535356298296783,4.543865604430526,4.441755959555849,4.501319885253906,119867745,0.0,0.0
601939.SS,2022-11-02 00:00:00+08:00,4.475793361663818,4.484302263160457,4.4077201209602,4.475793361663818,71315425,0.0,0.0
601939.SS,2022-11-03 00:00:00+08:00,4.450265189571076,4.467283395801431,4.441755883582879,4.458774089813232,34708479,0.0,0.0
601939.SS,2022-11-04 00:00:00+08:00,4.450265265689592,4.5523745048182205,4.450265265689592,4.501319885253906,76008920,0.0,0.0
601939.SS,2022-11-07 00:00:00+08:00,4.492811679840088,4.501320581543988,4.467284163236164,4.492811679840088,81867327,0.0,0.0
601939.SS,2022-11-08 00:00:00+08:00,4.492811239842445,4.501320140713037,4.4502655182512685,4.467283725738525,67025402,0.0,0.0
601939.SS,2022-11-09 00:00:00+08:00,4.467283836007467,4.501320251822123,4.458774529180762,4.484302043914795,42038687,0.0,0.0
601939.SS,2022-11-10 00:00:00+08:00,4.475793361295438,4.526847987509374,4.458774746811359,4.518338680267334,47478255,0.0,0.0
601939.SS,2022-11-11 00:00:00+08:00,4.52684784036997,4.586411366143808,4.518338533404514,4.569393157958984,85526608,0.0,0.0
601939.SS,2022-11-14 00:00:00+08:00,4.577902098759315,4.620447412945327,4.577902098759315,4.586410999298096,74586240,0.0,0.0
601939.SS,2022-11-15 00:00:00+08:00,4.577902098759315,4.611938512406548,4.56939279247448,4.586410999298096,52909582,0.0,0.0
601939.SS,2022-11-16 00:00:00+08:00,4.577902206093477,4.586411106831758,4.56088399887085,4.56088399887085,31909385,0.0,0.0
601939.SS,2022-11-17 00:00:00+08:00,4.560883887501651,4.569392788032159,4.535356374418017,4.54386568069458,37883373,0.0,0.0
601939.SS,2022-11-18 00:00:00+08:00,4.552374949774161,4.603429574328631,4.535356741589338,4.569393157958984,66393357,0.0,0.0
601939.SS,2022-11-21 00:00:00+08:00,4.56088399887085,4.569392899609131,4.535356485163876,4.56088399887085,29640345,0.0,0.0
601939.SS,2022-11-22 00:00:00+08:00,4.560883966333885,4.662993208941211,4.560883966333885,4.6289567947387695,113058826,0.0,0.0
601939.SS,2022-11-23 00:00:00+08:00,4.620447855098829,4.6885210946536136,4.620447855098829,4.654484272003174,82513535,0.0,0.0
601939.SS,2022-11-24 00:00:00+08:00,4.654484013796047,4.680011527931216,4.62895690540695,4.645975112915039,35547011,0.0,0.0
601939.SS,2022-11-25 00:00:00+08:00,4.63746541387482,4.748083956190112,4.63746541387482,4.73106575012207,128743711,0.0,0.0
601939.SS,2022-11-28 00:00:00+08:00,4.6970298469152825,4.731066262739256,4.637465916350287,4.662993431091309,70832708,0.0,0.0
601939.SS,2022-11-29 00:00:00+08:00,4.688520658437974,4.773611692782045,4.680011352130538,4.765102386474609,118541629,0.0,0.0
601939.SS,2022-11-30 00:00:00+08:00,4.756593704223633,4.790630119523409,4.739575496573744,4.756593704223633,57719165,0.0,0.0
601939.SS,2022-12-01 00:00:00+08:00,4.773612097861835,4.799139207458211,4.680011749267578,4.680011749267578,95923803,0.0,0.0
601939.SS,2022-12-02 00:00:00+08:00,4.6885210946536136,4.714048204458825,4.645975370650135,4.654484272003174,62494077,0.0,0.0
601939.SS,2022-12-05 00:00:00+08:00,4.680010994405733,4.782120227813721,4.680010994405733,4.782120227813721,110097070,0.0,0.0
601939.SS,2022-12-06 00:00:00+08:00,4.765103080966029,4.807648807211934,4.73957596981538,4.799139499664307,64913423,0.0,0.0
601939.SS,2022-12-07 00:00:00+08:00,4.799139020475315,4.816157228125204,4.756593704223633,4.756593704223633,70780764,0.0,0.0
601939.SS,2022-12-08 00:00:00+08:00,4.765102022245722,4.7906295334707325,4.739574916766739,4.782120227813721,40476107,0.0,0.0
601939.SS,2022-12-09 00:00:00+08:00,4.773611692782045,4.799138800212238,4.75659348591323,4.765102386474609,46400851,0.0,0.0
601939.SS,2022-12-12 00:00:00+08:00,4.756594111258632,4.773612320364816,4.714048385620117,4.714048385620117,50213446,0.0,0.0
601939.SS,2022-12-13 00:00:00+08:00,4.714048199744928,4.790630340576172,4.714048199744928,4.790630340576172,63422453,0.0,0.0
601939.SS,2022-12-14 00:00:00+08:00,4.790629751906713,4.7991386522056745,4.748084033173768,4.773611545562744,32383327,0.0,0.0
601939.SS,2022-12-15 00:00:00+08:00,4.748083956190112,4.7736114681651935,4.722556849961068,4.73106575012207,32515685,0.0,0.0
601939.SS,2022-12-16 00:00:00+08:00,4.722557760466242,4.807648807211934,4.722557760466242,4.799139499664307,73454717,0.0,0.0
601939.SS,2022-12-19 00:00:00+08:00,4.799139169672364,4.81615737785132,4.739575643919065,4.748084545135498,44642150,0.0,0.0
601939.SS,2022-12-20 00:00:00+08:00,4.739575569568291,4.756593777480277,4.654484124262274,4.662993431091309,77130338,0.0,0.0
601939.SS,2022-12-21 00:00:00+08:00,4.671502659981603,4.7480848038324845,4.662993758301566,4.714048385620117,41496172,0.0,0.0
601939.SS,2022-12-22 00:00:00+08:00,4.739575162596201,4.748084062948521,4.688520543244136,4.705538749694824,30519116,0.0,0.0
601939.SS,2022-12-23 00:00:00+08:00,4.697029443596456,4.722556956145512,4.680011237145768,4.705538749694824,23014050,0.0,0.0
601939.SS,2022-12-26 00:00:00+08:00,4.697029957580526,4.714048165893473,4.671502442238059,4.680011749267578,36955294,0.0,0.0
601939.SS,2022-12-27 00:00:00+08:00,4.697029920598633,4.765102753314453,4.688521019382199,4.748084545135498,48639520,0.0,0.0
601939.SS,2022-12-28 00:00:00+08:00,4.739575132874807,4.7991386522056745,4.731065826829799,4.773611545562744,59497315,0.0,0.0
601939.SS,2022-12-29 00:00:00+08:00,4.765102605175539,4.7736119118735205,4.739575496573744,4.756593704223633,53935071,0.0,0.0
601939.SS,2022-12-30 00:00:00+08:00,4.782121033485547,4.807648549011327,4.756593923705862,4.790630340576172,40296614,0.0,0.0
601939.SS,2023-01-03 00:00:00+08:00,4.782121033485547,4.790630340576172,4.731066408180083,4.790630340576172,63841061,0.0,0.0
601939.SS,2023-01-04 00:00:00+08:00,4.790629868321754,4.841684488594317,4.782120562069967,4.833175182342529,74360194,0.0,0.0
601939.SS,2023-01-05 00:00:00+08:00,4.85019338910005,4.85019338910005,4.807648075079275,4.833175182342529,47514034,0.0,0.0
601939.SS,2023-01-06 00:00:00+08:00,4.824666500091553,4.841684707618931,4.790630085036796,4.824666500091553,53021915,0.0,0.0
601939.SS,2023-01-09 00:00:00+08:00,4.816157450355857,4.824666757446481,4.782121033485547,4.790630340576172,47080665,0.0,0.0
601939.SS,2023-01-10 00:00:00+08:00,4.799138800212238,4.799138800212238,4.75659348591323,4.765102386474609,32341890,0.0,0.0
601939.SS,2023-01-11 00:00:00+08:00,4.765103080966029,4.807648807211934,4.756594179164519,4.799139499664307,36548794,0.0,0.0
601939.SS,2023-01-12 00:00:00+08:00,4.7991386522056745,4.7991386522056745,4.756593339218775,4.773611545562744,42928114,0.0,0.0
601939.SS,2023-01-13 00:00:00+08:00,4.765103080966029,4.799139499664307,4.756594179164519,4.799139499664307,35608511,0.0,0.0
601939.SS,2023-01-16 00:00:00+08:00,4.807647739038731,4.824665944606728,4.773611327902735,4.782120227813721,58767284,0.0,0.0
601939.SS,2023-01-17 00:00:00+08:00,4.790629899650859,4.790629899650859,4.75659348591323,4.765102386474609,47480103,0.0,0.0
601939.SS,2023-01-18 00:00:00+08:00,4.773611545562744,4.790629751906713,4.765102239517737,4.773611545562744,34862490,0.0,0.0
601939.SS,2023-01-19 00:00:00+08:00,4.782120227813721,4.7906295334707325,4.756593122334737,4.782120227813721,35639883,0.0,0.0
601939.SS,2023-01-20 00:00:00+08:00,4.790630340576172,4.799139241920702,4.773612132141017,4.790630340576172,30903620,0.0,0.0
601939.SS,2023-01-30 00:00:00+08:00,4.816157450355857,4.824666757446481,4.782121033485547,4.790630340576172,50795081,0.0,0.0
601939.SS,2023-01-31 00:00:00+08:00,4.7991386522056745,4.7991386522056745,4.773611545562744,4.773611545562744,45789927,0.0,0.0
601939.SS,2023-02-01 00:00:00+08:00,4.773611327902735,4.7906295334707325,4.756593122334737,4.782120227813721,49811667,0.0,0.0
601939.SS,2023-02-02 00:00:00+08:00,4.782120445861706,4.790629751906713,4.756593339218775,4.773611545562744,46161826,0.0,0.0
601939.SS,2023-02-03 00:00:00+08:00,4.765102386474609,4.773611692782045,4.748084179605795,4.765102386474609,58112635,0.0,0.0
601939.SS,2023-02-06 00:00:00+08:00,4.765102605175539,4.765102605175539,4.739575496573744,4.756593704223633,47060601,0.0,0.0
601939.SS,2023-02-07 00:00:00+08:00,4.765102605175539,4.7736119118735205,4.748084397525651,4.756593704223633,23040339,0.0,0.0
601939.SS,2023-02-08 00:00:00+08:00,4.765102605175539,4.7736119118735205,4.748084397525651,4.756593704223633,23786550,0.0,0.0
601939.SS,2023-02-09 00:00:00+08:00,4.756593339218775,4.773611545562744,4.748084033173768,4.773611545562744,29277768,0.0,0.0
601939.SS,2023-02-10 00:00:00+08:00,4.773611545562744,4.773611545562744,4.748084033173768,4.773611545562744,33502147,0.0,0.0
601939.SS,2023-02-13 00:00:00+08:00,4.765102605175539,4.7736119118735205,4.739575496573744,4.756593704223633,44978968,0.0,0.0
601939.SS,2023-02-14 00:00:00+08:00,4.75659348591323,4.765102386474609,4.748084179605795,4.765102386474609,26917178,0.0,0.0
601939.SS,2023-02-15 00:00:00+08:00,4.765102973459246,4.765102973459246,4.7395758628845215,4.7395758628845215,46851432,0.0,0.0
601939.SS,2023-02-16 00:00:00+08:00,4.7480847644940605,4.756594071849707,4.731066555528875,4.7395758628845215,48128947,0.0,0.0
601939.SS,2023-02-17 00:00:00+08:00,4.73957505602911,4.756593262097152,4.73106575012207,4.73106575012207,53512286,0.0,0.0
601939.SS,2023-02-20 00:00:00+08:00,4.731065611109727,4.782120227813721,4.731065611109727,4.782120227813721,52161105,0.0,0.0
601939.SS,2023-02-21 00:00:00+08:00,4.782121290315168,4.807648807211934,4.765103080966029,4.799139499664307,57450868,0.0,0.0
601939.SS,2023-02-22 00:00:00+08:00,4.799138433381719,4.799138433381719,4.782120227813721,4.782120227813721,31903159,0.0,0.0
601939.SS,2023-02-23 00:00:00+08:00,4.790629751906713,4.807647958250682,4.773611545562744,4.773611545562744,27086768,0.0,0.0
601939.SS,2023-02-24 00:00:00+08:00,4.782120593343423,4.790629899650859,4.765102386474609,4.765102386474609,35085586,0.0,0.0
601939.SS,2023-02-27 00:00:00+08:00,4.765102605175539,4.7736119118735205,4.756593704223633,4.756593704223633,29608785,0.0,0.0
601939.SS,2023-02-28 00:00:00+08:00,4.765103080966029,4.799139499664307,4.756594179164519,4.799139499664307,34995106,0.0,0.0
601939.SS,2023-03-01 00:00:00+08:00,4.799139499664307,4.816157709013445,4.782121290315168,4.799139499664307,57209547,0.0,0.0
601939.SS,2023-03-02 00:00:00+08:00,4.790630085036796,4.833175400982205,4.782120778400071,4.824666500091553,59444476,0.0,0.0
601939.SS,2023-03-03 00:00:00+08:00,4.833175798829637,4.977830777592799,4.824666897238566,4.960812568664551,166766785,0.0,0.0
601939.SS,2023-03-06 00:00:00+08:00,4.9693208075909405,5.037393628668183,4.935284397052318,4.943793296813965,131213653,0.0,0.0
601939.SS,2023-03-07 00:00:00+08:00,4.94379384829949,5.182049154393494,4.935284947588667,4.986339569091797,298790328,0.0,0.0
601939.SS,2023-03-08 00:00:00+08:00,4.986339569091797,5.020375983427217,4.92677564113178,4.986339569091797,119939755,0.0,0.0
601939.SS,2023-03-09 00:00:00+08:00,4.986340084929976,5.020376502786473,4.95230366707348,4.960812568664551,94039782,0.0,0.0
601939.SS,2023-03-10 00:00:00+08:00,4.935285348988457,4.943794250391332,4.901248931884766,4.901248931884766,87459954,0.0,0.0
601939.SS,2023-03-13 00:00:00+08:00,4.884230425614382,4.969321876001728,4.875721524023311,4.960812568664551,73427925,0.0,0.0
601939.SS,2023-03-14 00:00:00+08:00,4.943794359736303,5.003358293858224,4.926776150808054,4.960812568664551,69697013,0.0,0.0
601939.SS,2023-03-15 00:00:00+08:00,4.994848692344082,5.071430830883864,4.952303375402266,5.062921524047852,99068662,0.0,0.0
601939.SS,2023-03-16 00:00:00+08:00,5.028884855282985,5.148012710519479,5.028884855282985,5.096957683563232,158236294,0.0,0.0
601939.SS,2023-03-17 00:00:00+08:00,5.122485637664795,5.165031361872658,5.071431012063018,5.122485637664795,135422582,0.0,0.0
601939.SS,2023-03-20 00:00:00+08:00,5.122485637664795,5.190558471800498,5.113976736270881,5.122485637664795,135284468,0.0,0.0
601939.SS,2023-03-21 00:00:00+08:00,5.122485193188767,5.156521607303292,5.028884851500792,5.054412364959717,98263953,0.0,0.0
601939.SS,2023-03-22 00:00:00+08:00,5.054412657686949,5.139503697901325,5.045903350792469,5.13099479675293,87340207,0.0,0.0
601939.SS,2023-03-23 00:00:00+08:00,5.113976007940537,5.182048832381337,5.105466702012418,5.156521320343018,85178844,0.0,0.0
601939.SS,2023-03-24 00:00:00+08:00,5.156521611181479,5.156521611181479,5.079939476493171,5.096957683563232,65567179,0.0,0.0
601939.SS,2023-03-27 00:00:00+08:00,5.07993947267258,5.113976292533167,5.003357743787929,5.054412364959717,90681353,0.0,0.0
601939.SS,2023-03-28 00:00:00+08:00,5.054412622957922,5.105467246735749,5.028885108195967,5.062921524047852,55454423,0.0,0.0
601939.SS,2023-03-29 00:00:00+08:00,5.088448779074242,5.105466986131504,5.054412364959717,5.054412364959717,57903478,0.0,0.0
601939.SS,2023-03-30 00:00:00+08:00,5.071430683135986,5.148012819444673,5.037394268275697,5.071430683135986,88468081,0.0,0.0
601939.SS,2023-03-31 00:00:00+08:00,5.088448779074242,5.113976292533167,5.028884851500792,5.054412364959717,81049397,0.0,0.0
601939.SS,2023-04-03 00:00:00+08:00,5.045903316121909,5.079939731973794,5.028885108195967,5.062921524047852,67619045,0.0,0.0
601939.SS,2023-04-04 00:00:00+08:00,5.062921667148345,5.148013114929199,5.054412765817916,5.148013114929199,106699448,0.0,0.0
601939.SS,2023-04-06 00:00:00+08:00,5.1395039558410645,5.173540373635023,5.122485746944085,5.1395039558410645,58706338,0.0,0.0
601939.SS,2023-04-07 00:00:00+08:00,5.139503114232817,5.156521320343018,5.122484908122618,5.156521320343018,44697065,0.0,0.0
601939.SS,2023-04-10 00:00:00+08:00,5.156522016259628,5.165031323336152,5.105467391038772,5.148013114929199,57440869,0.0,0.0
601939.SS,2023-04-11 00:00:00+08:00,5.165030956268311,5.17353985699403,5.130994541873302,5.165030956268311,53317667,0.0,0.0
601939.SS,2023-04-12 00:00:00+08:00,5.1650311784148695,5.250122218062132,5.156521871577103,5.241612911224365,132933725,0.0,0.0
601939.SS,2023-04-13 00:00:00+08:00,5.22459444943213,5.309685484944824,5.207576242329592,5.275649070739746,120155623,0.0,0.0
601939.SS,2023-04-14 00:00:00+08:00,5.258630605644783,5.292667018180008,5.216085292848773,5.267139911651611,80066660,0.0,0.0
601939.SS,2023-04-17 00:00:00+08:00,5.267140785583059,5.37775934754955,5.250122576491761,5.360741138458252,117110624,0.0,0.0
601939.SS,2023-04-18 00:00:00+08:00,5.352231247576159,5.43732228375661,5.343722346831147,5.38626766204834,105304833,0.0,0.0
601939.SS,2023-04-19 00:00:00+08:00,5.38626766204834,5.445831590247688,5.360740554067237,5.38626766204834,109911387,0.0,0.0
601939.SS,2023-04-20 00:00:00+08:00,5.386267550756528,5.403285757640986,5.3181947232186975,5.36924934387207,103127280,0.0,0.0
601939.SS,2023-04-21 00:00:00+08:00,5.369249339572601,5.411795059622706,5.309685412651668,5.326704025268555,110724033,0.0,0.0
601939.SS,2023-04-24 00:00:00+08:00,5.326704136219519,5.377758757895435,5.309685523248147,5.343722343444824,127582948,0.0,0.0
601939.SS,2023-04-25 00:00:00+08:00,5.343722420141207,5.471358773289881,5.33521311353339,5.428813457489014,200105360,0.0,0.0
601939.SS,2023-04-26 00:00:00+08:00,5.420304666149123,5.445832182653211,5.275649686033546,5.403286457061768,153729725,0.0,0.0
601939.SS,2023-04-27 00:00:00+08:00,5.386267880888085,5.411795395652415,5.326704356014784,5.377758979797363,168890490,0.0,0.0
601939.SS,2023-04-28 00:00:00+08:00,5.377758650187328,5.411795063956243,5.3181947232186975,5.36924934387207,114023082,0.0,0.0
601939.SS,2023-05-04 00:00:00+08:00,5.335213363660267,5.607505101684973,5.30117694712544,5.5734686851501465,316158316,0.0,0.0
601939.SS,2023-05-05 00:00:00+08:00,5.590486857623148,5.769178246159922,5.581977550670879,5.684086799621582,261463659,0.0,0.0
601939.SS,2023-05-08 00:00:00+08:00,5.709613750962572,6.177615037728441,5.692595544484507,5.981905460357666,504439027,0.0,0.0
601939.SS,2023-05-09 00:00:00+08:00,6.118051299749279,6.194633434121451,5.896814203005699,5.947868824005127,367262544,0.0,0.0
601939.SS,2023-05-10 00:00:00+08:00,5.947868880450059,5.956378186903747,5.590486530062528,5.633031845092773,274723322,0.0,0.0
601939.SS,2023-05-11 00:00:00+08:00,5.65005056966083,5.692596294333289,5.547941317342248,5.564959526062012,151352950,0.0,0.0
601939.SS,2023-05-12 00:00:00+08:00,5.539432525634766,5.616014263518333,5.437322865546495,5.539432525634766,147275948,0.0,0.0
601939.SS,2023-05-15 00:00:00+08:00,5.513904394963596,5.650050052254085,5.403285845542043,5.633031845092773,190970631,0.0,0.0
601939.SS,2023-05-16 00:00:00+08:00,5.641541115305192,5.86277780698101,5.616013601854182,5.658559322357178,151208472,0.0,0.0
601939.SS,2023-05-17 00:00:00+08:00,5.633032101448993,5.658559616225735,5.556450368610933,5.598995685577393,75238326,0.0,0.0
601939.SS,2023-05-18 00:00:00+08:00,5.633031452424785,5.80321391792086,5.6245225523103,5.718122482299805,132006121,0.0,0.0
601939.SS,2023-05-19 00:00:00+08:00,5.7011046371141125,5.7351410512180845,5.598995394802197,5.658559322357178,91783297,0.0,0.0
601939.SS,2023-05-22 00:00:00+08:00,5.633032028829258,5.786196304022986,5.633032028829258,5.692595958709717,99315131,0.0,0.0
601939.SS,2023-05-23 00:00:00+08:00,5.667068554078958,5.726632485113651,5.496886473617101,5.530922889709473,154208716,0.0,0.0
601939.SS,2023-05-24 00:00:00+08:00,5.539432536789935,5.539432536789935,5.335213621948251,5.360741138458252,186194543,0.0,0.0
601939.SS,2023-05-25 00:00:00+08:00,5.335212849711961,5.360740362527026,5.233103609943801,5.284158229827881,146668685,0.0,0.0
601939.SS,2023-05-26 00:00:00+08:00,5.284158993450278,5.437322875236479,5.25863147694619,5.403286457061768,90923788,0.0,0.0
601939.SS,2023-05-29 00:00:00+08:00,5.411795578233466,5.5564505533707935,5.394777369731787,5.522413730621338,107819679,0.0,0.0
601939.SS,2023-05-30 00:00:00+08:00,5.522413361530299,5.539431974640634,5.428813423899868,5.496886253356934,69753040,0.0,0.0
601939.SS,2023-05-31 00:00:00+08:00,5.462849983480803,5.505395300146562,5.4203042610689645,5.445831775665283,46741587,0.0,0.0
601939.SS,2023-06-01 00:00:00+08:00,5.437322358350759,5.479868079897698,5.352231321002952,5.428813457489014,71149401,0.0,0.0
601939.SS,2023-06-02 00:00:00+08:00,5.411795027907572,5.462849648220863,5.377758614365378,5.394776821136475,68220012,0.0,0.0
601939.SS,2023-06-05 00:00:00+08:00,5.403286271109579,5.539432344869114,5.394777369731787,5.522413730621338,85821970,0.0,0.0
601939.SS,2023-06-06 00:00:00+08:00,5.505395264807025,5.607504916790773,5.488377057100747,5.513904571533203,78918114,0.0,0.0
601939.SS,2023-06-07 00:00:00+08:00,5.52241354699325,5.607504992418334,5.513904645898391,5.598995685577393,80765027,0.0,0.0
601939.SS,2023-06-08 00:00:00+08:00,5.598995394802197,5.7011046371141125,5.556450080045262,5.658559322357178,92274656,0.0,0.0
601939.SS,2023-06-09 00:00:00+08:00,5.658559616225735,5.667068517320594,5.590486784482533,5.598995685577393,90323363,0.0,0.0
601939.SS,2023-06-12 00:00:00+08:00,5.616013817770874,5.616013817770874,5.488377057100747,5.513904571533203,102872111,0.0,0.0
601939.SS,2023-06-13 00:00:00+08:00,5.496886800119144,5.556450734691793,5.488377492717576,5.539432525634766,66816990,0.0,0.0
601939.SS,2023-06-14 00:00:00+08:00,5.539431781563827,5.581977095618543,5.386267514877899,5.394776821136475,151896611,0.0,0.0
601939.SS,2023-06-15 00:00:00+08:00,5.403285832878999,5.445831553555599,5.377758725069889,5.411795139312744,101459841,0.0,0.0
601939.SS,2023-06-16 00:00:00+08:00,5.42030466740474,5.428813974823444,5.360741138458252,5.360741138458252,102502129,0.0,0.0
601939.SS,2023-06-19 00:00:00+08:00,5.369249858908918,5.377759166040418,5.29266771770981,5.301177024841309,86850463,0.0,0.0
601939.SS,2023-06-20 00:00:00+08:00,5.292667535012723,5.309685742942175,5.23310401013268,5.241612911224365,90871248,0.0,0.0
601939.SS,2023-06-21 00:00:00+08:00,5.241612766536949,5.3862677328173385,5.216085658220452,5.292667388916016,102902302,0.0,0.0
601939.SS,2023-06-26 00:00:00+08:00,5.292667423329466,5.301176729987675,5.207576385477753,5.224594593048096,89070591,0.0,0.0
601939.SS,2023-06-27 00:00:00+08:00,5.22459466801954,5.318195013872599,5.216085766985304,5.309685707092285,64073516,0.0,0.0
601939.SS,2023-06-28 00:00:00+08:00,5.309685484944824,5.335212998471663,5.275649070739746,5.275649070739746,45004078,0.0,0.0
601939.SS,2023-06-29 00:00:00+08:00,5.284158377164046,5.309685484944824,5.2501219629589695,5.275649070739746,60405387,0.0,0.0
601939.SS,2023-06-30 00:00:00+08:00,5.301176512089281,5.335212925830941,5.2586307920391775,5.326704025268555,59081431,0.0,0.0
601939.SS,2023-07-03 00:00:00+08:00,5.326703994052086,5.420303928420093,5.309685381534935,5.394776821136475,85364025,0.0,0.0
601939.SS,2023-07-04 00:00:00+08:00,5.377758757895435,5.403285865860361,5.335213036959138,5.343722343444824,58331707,0.0,0.0
601939.SS,2023-07-05 00:00:00+08:00,5.335212925830941,5.352231132701771,5.301176512089281,5.326704025268555,50934992,0.0,0.0
601939.SS,2023-07-06 00:00:00+08:00,5.309685484944824,5.343722304895963,5.267140170061508,5.275649070739746,67011283,0.0,0.0
601939.SS,2023-07-07 00:00:00+08:00,5.267139911651611,5.3181945304544485,5.258630605644783,5.267139911651611,65404631,0.0,0.0
601939.SS,2023-07-10 00:00:00+08:00,5.292667388916016,5.309685596375704,5.267140280599518,5.292667388916016,43400893,0.0,0.0
601939.SS,2023-07-11 00:00:00+08:00,5.292667571496247,5.352231502532959,5.284158670345907,5.352231502532959,67496649,0.0,0.0
601939.SS,2023-07-12 00:00:00+08:00,5.352231429501698,5.394777151911111,5.309685707092285,5.309685707092285,98838773,0.0,0.0
601939.SS,2023-07-13 00:00:00+08:00,5.343722420141207,5.445831664958575,5.326704212671646,5.428813457489014,158087657,0.0,0.0
601939.SS,2023-07-14 00:00:00+08:00,5.464153963382259,5.473215353575727,5.364476078705301,5.400722503662109,152385467,0.389,0.0
601939.SS,2023-07-17 00:00:00+08:00,5.400722158069272,5.400722158069272,5.32822931279448,5.355413913726807,90058640,0.0,0.0
601939.SS,2023-07-18 00:00:00+08:00,5.373537240562672,5.373537240562672,5.310106215629347,5.328229427337647,54910187,0.0,0.0
601939.SS,2023-07-19 00:00:00+08:00,5.319168027545653,5.346353063311124,5.301044814399167,5.337291240692139,47644713,0.0,0.0
601939.SS,2023-07-20 00:00:00+08:00,5.337290702408109,5.391660336364202,5.337290702408109,5.355413913726807,65422603,0.0,0.0
601939.SS,2023-07-21 00:00:00+08:00,5.346352577209473,5.373537178411778,5.328229365710787,5.346352577209473,42612308,0.0,0.0
601939.SS,2023-07-24 00:00:00+08:00,5.346352639045946,5.355414028854372,5.319167605437771,5.328229427337647,39223855,0.0,0.0
601939.SS,2023-07-25 00:00:00+08:00,5.337290982277623,5.418845653533936,5.337290982277623,5.418845653533936,75992214,0.0,0.0
601939.SS,2023-07-26 00:00:00+08:00,5.418845779168684,5.418845779168684,5.373537531399946,5.382599353790283,47124184,0.0,0.0
601939.SS,2023-07-27 00:00:00+08:00,5.391660895262842,5.509461997091342,5.373537682065495,5.4822773933410645,108281104,0.0,0.0
601939.SS,2023-07-28 00:00:00+08:00,5.464154337227233,5.618201437787487,5.446031123508881,5.5728936195373535,96344379,0.0,0.0
601939.SS,2023-07-31 00:00:00+08:00,5.600077691211426,5.681632361229688,5.52758484323584,5.581954479217529,103960083,0.0,0.0
601939.SS,2023-08-01 00:00:00+08:00,5.563831258577693,5.6272627165034885,5.5366466566748205,5.5910162925720215,61446133,0.0,0.0
601939.SS,2023-08-02 00:00:00+08:00,5.53664669468362,5.554769906773769,5.418845600051926,5.4279069900512695,143827630,0.0,0.0
601939.SS,2023-08-03 00:00:00+08:00,5.427907384562984,5.500400670284002,5.382599567090275,5.464154243469238,82333976,0.0,0.0
601939.SS,2023-08-04 00:00:00+08:00,5.491338783893995,5.5366470329331055,5.455092357499301,5.4822773933410645,97262640,0.0,0.0
601939.SS,2023-08-07 00:00:00+08:00,5.473215236322371,5.473215236322371,5.418845600051926,5.4279069900512695,62545520,0.0,0.0
601939.SS,2023-08-08 00:00:00+08:00,5.418845662374468,5.4550920869716375,5.400722450075883,5.409783840179443,50159234,0.0,0.0
601939.SS,2023-08-09 00:00:00+08:00,5.409783831353694,5.427907043622713,5.391660619084677,5.418845653533936,52033447,0.0,0.0
601939.SS,2023-08-10 00:00:00+08:00,5.409783831353694,5.427907043622713,5.400722441264918,5.418845653533936,45666027,0.0,0.0
601939.SS,2023-08-11 00:00:00+08:00,5.418845788280717,5.455092213720069,5.36447615012169,5.373537540435791,74505373,0.0,0.0
601939.SS,2023-08-14 00:00:00+08:00,5.346352639045946,5.355414028854372,5.291983003921047,5.328229427337647,78411384,0.0,0.0
601939.SS,2023-08-15 00:00:00+08:00,5.3282296625738725,5.418845725115986,5.319167840273927,5.391660690307617,73622388,0.0,0.0
601939.SS,2023-08-16 00:00:00+08:00,5.391660753155467,5.4007225755610415,5.346352937402014,5.373537540435791,43175033,0.0,0.0
601939.SS,2023-08-17 00:00:00+08:00,5.364475735431876,5.391660336364202,5.31916749108941,5.355413913726807,62904414,0.0,0.0
601939.SS,2023-08-18 00:00:00+08:00,5.355414256420365,5.464153963382259,5.346352866226897,5.400722503662109,98456540,0.0,0.0
601939.SS,2023-08-21 00:00:00+08:00,5.4007226297213,5.4279072330276925,5.355414381422007,5.364476203918457,68838151,0.0,0.0
601939.SS,2023-08-22 00:00:00+08:00,5.391660565870973,5.436968812142074,5.36447596378148,5.4279069900512695,67218412,0.0,0.0
601939.SS,2023-08-23 00:00:00+08:00,5.418845940302247,5.482277402646369,5.400722727074139,5.473215579986572,78019199,0.0,0.0
601939.SS,2023-08-24 00:00:00+08:00,5.4641539724327775,5.4822771849412,5.382599300099141,5.391660690307617,95918923,0.0,0.0
601939.SS,2023-08-25 00:00:00+08:00,5.382599513846031,5.482277402646369,5.3735376911862325,5.473215579986572,81236171,0.0,0.0
601939.SS,2023-08-28 00:00:00+08:00,5.663509212470799,5.699755636863294,5.500400302704566,5.563831329345703,142865971,0.0,0.0
601939.SS,2023-08-29 00:00:00+08:00,5.536647097098766,5.5547703105061474,5.43696920731242,5.464154243469238,89729845,0.0,0.0
601939.SS,2023-08-30 00:00:00+08:00,5.446030687983194,5.473215290340989,5.391660619084677,5.418845653533936,92068898,0.0,0.0
601939.SS,2023-08-31 00:00:00+08:00,5.427906981329518,5.464153837543032,5.400722379283707,5.436968803405762,49283107,0.0,0.0
601939.SS,2023-09-01 00:00:00+08:00,5.455092015466789,5.473215227527817,5.418845591344734,5.436968803405762,60606412,0.0,0.0
601939.SS,2023-09-04 00:00:00+08:00,5.464153643540591,5.509461456038796,5.44603043212302,5.500400066375732,68796365,0.0,0.0
601939.SS,2023-09-05 00:00:00+08:00,5.491338847534566,5.491338847534566,5.446031030061857,5.464154243469238,39560306,0.0,0.0
601939.SS,2023-09-06 00:00:00+08:00,5.4641541801437175,5.491338783893995,5.436969144301953,5.4822773933410645,28647235,0.0,0.0
601939.SS,2023-09-07 00:00:00+08:00,5.4641541801437175,5.509461997091342,5.455092357499301,5.4822773933410645,52422210,0.0,0.0
601939.SS,2023-09-08 00:00:00+08:00,5.473215041575947,5.509461464466534,5.4550918301306535,5.49133825302124,44810546,0.0,0.0
601939.SS,2023-09-11 00:00:00+08:00,5.49133879321468,5.518523829102587,5.455092366758464,5.473215579986572,52718772,0.0,0.0
601939.SS,2023-09-12 00:00:00+08:00,5.473215579986572,5.49133879321468,5.464154189418261,5.473215579986572,28021779,0.0,0.0
601939.SS,2023-09-13 00:00:00+08:00,5.4822768020746615,5.509461402893066,5.464153590831913,5.509461402893066,49164096,0.0,0.0
601939.SS,2023-09-14 00:00:00+08:00,5.5185234532846215,5.600077691211426,5.500400241290725,5.581954479217529,93392383,0.0,0.0
601939.SS,2023-09-15 00:00:00+08:00,5.581954604273722,5.60913963891934,5.527584967073954,5.545708179473877,78951701,0.0,0.0
601939.SS,2023-09-18 00:00:00+08:00,5.545708582914075,5.5819550103507805,5.50040076466394,5.5728936195373535,56470659,0.0,0.0
601939.SS,2023-09-19 00:00:00+08:00,5.554769815652946,5.61820084088221,5.545707993710793,5.600077629089356,57042703,0.0,0.0
601939.SS,2023-09-20 00:00:00+08:00,5.600077917364644,5.6725712003592506,5.591016527047489,5.654447555541992,93568019,0.0,0.0
601939.SS,2023-09-21 00:00:00+08:00,5.663509368896484,5.690694403987436,5.618201121108722,5.663509368896484,70822367,0.0,0.0
601939.SS,2023-09-22 00:00:00+08:00,5.681632509843097,5.717878934778981,5.591016447503389,5.690694332122803,102215700,0.0,0.0
601939.SS,2023-09-25 00:00:00+08:00,5.690694745048796,5.74506438639777,5.672571531265804,5.708817958831787,70198891,0.0,0.0
601939.SS,2023-09-26 00:00:00+08:00,5.717878818511963,5.736002030611388,5.672571004309129,5.717878818511963,49350997,0.0,0.0
601939.SS,2023-09-27 00:00:00+08:00,5.717878713034491,5.736001924799599,5.600077620515568,5.609139442443848,86216142,0.0,0.0
601939.SS,2023-09-28 00:00:00+08:00,5.627263280762576,5.708817958831787,5.6182014578253305,5.708817958831787,86619840,0.0,0.0
601939.SS,2023-10-09 00:00:00+08:00,5.681632456342849,5.708817490834512,5.618200997256612,5.699755668640137,63410143,0.0,0.0
601939.SS,2023-10-10 00:00:00+08:00,5.690693916558307,5.736001728373812,5.663508883795855,5.672570705413818,46260200,0.0,0.0
601939.SS,2023-10-11 00:00:00+08:00,5.699755536003679,5.754125171630329,5.672570934236081,5.745063781738281,110398081,0.0,0.0
601939.SS,2023-10-12 00:00:00+08:00,5.899111747741699,5.953481387506737,5.826618462630161,5.899111747741699,227898508,0.0,0.0
601939.SS,2023-10-13 00:00:00+08:00,5.880987438042978,6.125651437484142,5.853802837277141,6.089404582977295,270673056,0.0,0.0
601939.SS,2023-10-16 00:00:00+08:00,6.071281909942627,6.125651980476672,5.989727668324513,6.071281909942627,129220685,0.0,0.0
601939.SS,2023-10-17 00:00:00+08:00,6.080343185148734,6.107527785877594,6.035034941145382,6.098466396331787,78089563,0.0,0.0
601939.SS,2023-10-18 00:00:00+08:00,6.089404988373678,6.161898270122105,6.062220385798052,6.116590023040772,91005625,0.0,0.0
601939.SS,2023-10-19 00:00:00+08:00,6.0894048942893,6.098466716402143,5.980665621483936,5.998788833618164,111243919,0.0,0.0
601939.SS,2023-10-20 00:00:00+08:00,5.971604473221232,5.989727686089172,5.8719265864018215,5.935358047485352,91743640,0.0,0.0
601939.SS,2023-10-23 00:00:00+08:00,5.91723497035848,5.953481396925851,5.853803507819835,5.890049934387207,81549568,0.0,0.0
601939.SS,2023-10-24 00:00:00+08:00,5.899111530756241,5.917234743344633,5.790371823134421,5.817556858062744,99677872,0.0,0.0
601939.SS,2023-10-25 00:00:00+08:00,5.862864317126867,5.899111172191937,5.754125048205993,5.781310081481934,100893409,0.0,0.0
601939.SS,2023-10-26 00:00:00+08:00,5.763187441401406,5.908173147670893,5.745064228117721,5.890049934387207,81579883,0.0,0.0
601939.SS,2023-10-27 00:00:00+08:00,5.880987768906532,5.926296015520547,5.817556742156666,5.844741344451904,99201851,0.0,0.0
601939.SS,2023-10-30 00:00:00+08:00,5.7994337447076045,5.8175569576061,5.627263006126164,5.645386219024658,166045785,0.0,0.0
601939.SS,2023-10-31 00:00:00+08:00,5.64538561998035,5.699755252906553,5.600077376496131,5.681632041931152,119208624,0.0,0.0
601939.SS,2023-11-01 00:00:00+08:00,5.663509297375156,5.708817544590745,5.627262872439272,5.690694332122803,85772567,0.0,0.0
601939.SS,2023-11-02 00:00:00+08:00,5.690694146111631,5.7813102054893815,5.681632324128128,5.745063781738281,102515904,0.0,0.0
601939.SS,2023-11-03 00:00:00+08:00,5.74506438639777,5.763187600180761,5.68163292211155,5.708817958831787,91697018,0.0,0.0
601939.SS,2023-11-06 00:00:00+08:00,5.699755447175896,5.708817269018175,5.600077567368072,5.618200778961182,168683094,0.0,0.0
601939.SS,2023-11-07 00:00:00+08:00,5.618201121108722,5.681632581593294,5.6000779084119126,5.663509368896484,109757519,0.0,0.0
601939.SS,2023-11-08 00:00:00+08:00,5.636323851033403,5.699755306084834,5.636323851033403,5.672570705413818,69508191,0.0,0.0
601939.SS,2023-11-09 00:00:00+08:00,5.6635089907719305,5.817556504455559,5.6635089907719305,5.781310081481934,145469733,0.0,0.0
601939.SS,2023-11-10 00:00:00+08:00,5.781310441829348,5.899111539881859,5.736002194242544,5.808495044708252,88888982,0.0,0.0
601939.SS,2023-11-13 00:00:00+08:00,5.7994333014431065,5.7994333014431065,5.7088172438766325,5.772248268127441,60381486,0.0,0.0
601939.SS,2023-11-14 00:00:00+08:00,5.763186878416517,5.7994333014431065,5.745063666903222,5.772248268127441,49206478,0.0,0.0
601939.SS,2023-11-15 00:00:00+08:00,5.7813101432906775,5.799433354971248,5.726940508248968,5.763186931610107,81991306,0.0,0.0
601939.SS,2023-11-16 00:00:00+08:00,5.763187282622157,5.826618311321751,5.745064069837777,5.799433708190918,70789184,0.0,0.0
601939.SS,2023-11-17 00:00:00+08:00,5.7903714711796175,5.817556504455559,5.745063658508309,5.781310081481934,44761530,0.0,0.0
601939.SS,2023-11-20 00:00:00+08:00,5.781310028384806,5.808494629319632,5.75412499535854,5.790371417999268,37948738,0.0,0.0
601939.SS,2023-11-21 00:00:00+08:00,5.799433708190918,5.826618311321751,5.772248672968609,5.799433708190918,55883582,0.0,0.0
601939.SS,2023-11-22 00:00:00+08:00,5.790371479640736,5.7994333014431065,5.754125056614146,5.772248268127441,55240836,0.0,0.0
601939.SS,2023-11-23 00:00:00+08:00,5.7813101432906775,5.7813101432906775,5.736001898043528,5.763186931610107,57700144,0.0,0.0
601939.SS,2023-11-24 00:00:00+08:00,5.772248672968609,5.80849509853737,5.754125460184229,5.799433708190918,70576220,0.0,0.0
601939.SS,2023-11-27 00:00:00+08:00,5.790371533085238,5.808494744765808,5.717878686362958,5.763186931610107,90177144,0.0,0.0
601939.SS,2023-11-28 00:00:00+08:00,5.754125056614146,5.781310089929812,5.736001845100851,5.772248268127441,56741630,0.0,0.0
601939.SS,2023-11-29 00:00:00+08:00,5.763186993613831,5.772248383505879,5.726940569862731,5.745063781738281,59791206,0.0,0.0
601939.SS,2023-11-30 00:00:00+08:00,5.736002247399848,5.799433708190918,5.726940857053396,5.799433708190918,87820507,0.0,0.0
601939.SS,2023-12-01 00:00:00+08:00,5.7903714711796175,5.826617894153242,5.763186869995121,5.781310081481934,72732519,0.0,0.0
601939.SS,2023-12-04 00:00:00+08:00,5.781310432885962,5.835680070651136,5.781310432885962,5.817556858062744,61761176,0.0,0.0
601939.SS,2023-12-05 00:00:00+08:00,5.817556566651818,5.826617956446378,5.763186931610107,5.763186931610107,62494111,0.0,0.0
601939.SS,2023-12-06 00:00:00+08:00,5.754125305531998,5.754125305531998,5.636324209553899,5.699755668640137,86146091,0.0,0.0
601939.SS,2023-12-07 00:00:00+08:00,5.699756135894542,5.7360025634605245,5.645386494545567,5.708817958831787,65023230,0.0,0.0
601939.SS,2023-12-08 00:00:00+08:00,5.699755955464907,5.78131063095245,5.672571351696717,5.754125595092773,81638306,0.0,0.0
601939.SS,2023-12-11 00:00:00+08:00,5.736001845100851,5.781310089929812,5.636323965732008,5.772248268127441,78264135,0.0,0.0
601939.SS,2023-12-12 00:00:00+08:00,5.754125274660369,5.8538031578063965,5.717878850260261,5.8538031578063965,85334647,0.0,0.0
601939.SS,2023-12-13 00:00:00+08:00,5.844741398085647,5.87192643272181,5.817556795540951,5.83568000793457,49798457,0.0,0.0
601939.SS,2023-12-14 00:00:00+08:00,5.835680016836445,5.862864619422608,5.790371769737548,5.826618194580078,38590831,0.0,0.0
601939.SS,2023-12-15 00:00:00+08:00,5.8266179026673255,5.8266179026673255,5.763186878416517,5.772248268127441,60614284,0.0,0.0
601939.SS,2023-12-18 00:00:00+08:00,5.745064007709179,5.844741460899596,5.726940795120788,5.817556858062744,74863784,0.0,0.0
601939.SS,2023-12-19 00:00:00+08:00,5.817556795540951,5.862864610479266,5.790371760904788,5.83568000793457,57664126,0.0,0.0
601939.SS,2023-12-20 00:00:00+08:00,5.8447414699411055,5.88098789517396,5.808495044708252,5.808495044708252,52060331,0.0,0.0
601939.SS,2023-12-21 00:00:00+08:00,5.7813104954065375,5.826618311321751,5.763187282622157,5.799433708190918,67821585,0.0,0.0
601939.SS,2023-12-22 00:00:00+08:00,5.799433708190918,5.826618311321751,5.763187282622157,5.799433708190918,65934635,0.0,0.0
601939.SS,2023-12-25 00:00:00+08:00,5.799433583147331,5.83568000793457,5.781310370753712,5.83568000793457,38187932,0.0,0.0
601939.SS,2023-12-26 00:00:00+08:00,5.826617596365436,5.871925838812568,5.817556207130863,5.862864017486572,46176035,0.0,0.0
601939.SS,2023-12-27 00:00:00+08:00,5.853803373533882,5.980665863609463,5.826618338186233,5.935358047485352,102285875,0.0,0.0
601939.SS,2023-12-28 00:00:00+08:00,5.935357765750841,5.998788791732003,5.853803095670539,5.871926307678223,114056786,0.0,0.0
601939.SS,2023-12-29 00:00:00+08:00,5.853803498558424,5.935358174251724,5.835680285303411,5.899111747741699,74136677,0.0,0.0
601939.SS,2024-01-02 00:00:00+08:00,5.899111621749471,5.980665863609463,5.890049799269762,5.935358047485352,63272611,0.0,0.0
601939.SS,2024-01-03 00:00:00+08:00,5.9353578071941,6.007850655731008,5.9353578071941,5.998788833618164,55367906,0.0,0.0
601939.SS,2024-01-04 00:00:00+08:00,5.98066548959956,6.053158336537872,5.9716040997779976,6.044096946716309,67567951,0.0,0.0
601939.SS,2024-01-05 00:00:00+08:00,6.03503518675907,6.098466644527007,5.998788762917808,6.025973796844482,101625448,0.0,0.0
601939.SS,2024-01-08 00:00:00+08:00,6.025973743527403,6.071281556882374,5.989727320006844,6.035035133361816,82947495,0.0,0.0
601939.SS,2024-01-09 00:00:00+08:00,6.025973743527403,6.06222016704796,5.953480896486286,6.035035133361816,66942291,0.0,0.0
601939.SS,2024-01-10 00:00:00+08:00,6.025973993714771,6.062220418740215,5.935357931151164,5.962542533874512,58523724,0.0,0.0
601939.SS,2024-01-11 00:00:00+08:00,5.935358183642165,5.96254278752195,5.890049934387207,5.890049934387207,64224407,0.0,0.0
601939.SS,2024-01-12 00:00:00+08:00,5.890049799269762,5.962542650741523,5.880987976790053,5.935358047485352,48970201,0.0,0.0
601939.SS,2024-01-15 00:00:00+08:00,5.935357931151164,5.980665746387233,5.908172896336347,5.962542533874512,53845857,0.0,0.0
601939.SS,2024-01-16 00:00:00+08:00,5.953481546460211,5.998789364761684,5.926296509806129,5.989727973937988,76452765,0.0,0.0
601939.SS,2024-01-17 00:00:00+08:00,5.971604473221232,6.007850898957112,5.935358047485352,5.935358047485352,83958886,0.0,0.0
601939.SS,2024-01-18 00:00:00+08:00,5.926295819048357,5.926295819048357,5.754125092551057,5.908172607421875,121123235,0.0,0.0
601939.SS,2024-01-19 00:00:00+08:00,5.890049519685905,5.908172731693588,5.826618061613286,5.871926307678223,78074400,0.0,0.0
601939.SS,2024-01-22 00:00:00+08:00,5.862864907720268,5.9262963703595775,5.835680303797341,5.880988121032715,111986567,0.0,0.0
601939.SS,2024-01-23 00:00:00+08:00,5.862864889140186,5.926296351578475,5.799433858793385,5.899111747741699,83067176,0.0,0.0
601939.SS,2024-01-24 00:00:00+08:00,5.899111321882233,6.01691198348999,5.89004949986316,6.01691198348999,82565847,0.0,0.0
601939.SS,2024-01-25 00:00:00+08:00,6.035035484314248,6.089405122756816,6.0169122715000585,6.071281909942627,94741460,0.0,0.0
601939.SS,2024-01-26 00:00:00+08:00,6.062220132411355,6.20720582566521,6.053158310537265,6.198144435882568,119049381,0.0,0.0
601939.SS,2024-01-29 00:00:00+08:00,6.216267937331989,6.297822177543489,6.180021512328774,6.252514362335205,126809677,0.0,0.0
601939.SS,2024-01-30 00:00:00+08:00,6.225329589284231,6.2887610517526005,6.161898558907349,6.170959949493408,75773661,0.0,0.0
601939.SS,2024-01-31 00:00:00+08:00,6.180021162801192,6.270637220184198,6.134712918063968,6.2162675857543945,85500788,0.0,0.0
601939.SS,2024-02-01 00:00:00+08:00,6.189082614008478,6.243452248978674,6.170959402351746,6.198144435882568,77795299,0.0,0.0
601939.SS,2024-02-02 00:00:00+08:00,6.20720605303921,6.288760724527628,6.143775025962853,6.270637512207031,104498363,0.0,0.0
601939.SS,2024-02-05 00:00:00+08:00,6.252513984728799,6.370315074920654,6.225328951572432,6.370315074920654,163874276,0.0,0.0
601939.SS,2024-02-06 00:00:00+08:00,6.361253191897967,6.479054280955127,6.334068159003453,6.3884382247924805,151849617,0.0,0.0
601939.SS,2024-02-07 00:00:00+08:00,6.379376913932745,6.379376913932745,6.10752829158621,6.234391212463379,220185897,0.0,0.0
601939.SS,2024-02-08 00:00:00+08:00,6.207206430486911,6.207206430486911,6.025974296260581,6.161898612976074,173853051,0.0,0.0
601939.SS,2024-02-19 00:00:00+08:00,6.116589632178381,6.388438233111773,6.09846642092225,6.379376411437988,184699156,0.0,0.0
601939.SS,2024-02-20 00:00:00+08:00,6.37937669300328,6.460931363301148,6.306883844779157,6.442808151245117,102237710,0.0,0.0
601939.SS,2024-02-21 00:00:00+08:00,6.424685235269674,6.551547725508327,6.406562022378438,6.488116264343262,109033758,0.0,0.0
601939.SS,2024-02-22 00:00:00+08:00,6.479054927825928,6.497178140867884,6.415623466133339,6.479054927825928,96966302,0.0,0.0
601939.SS,2024-02-23 00:00:00+08:00,6.469992979797534,6.605917291022197,6.460931589498009,6.51530122756958,116322848,0.0,0.0
601939.SS,2024-02-26 00:00:00+08:00,6.5062396354389245,6.515301458150628,6.297822466076139,6.306884288787842,135897961,0.0,0.0
601939.SS,2024-02-27 00:00:00+08:00,6.288760485307561,6.361253331832372,6.279698663446236,6.334068298339844,71674617,0.0,0.0
601939.SS,2024-02-28 00:00:00+08:00,6.297821998596191,6.34313024460855,6.25251418467529,6.297821998596191,110069298,0.0,0.0
601939.SS,2024-02-29 00:00:00+08:00,6.28876094962363,6.343130588531494,6.270637736654343,6.343130588531494,83588616,0.0,0.0
601939.SS,2024-03-01 00:00:00+08:00,6.334068220015016,6.397499675985578,6.315945008607919,6.370315074920654,70047748,0.0,0.0
601939.SS,2024-03-04 00:00:00+08:00,6.361253801500783,6.37937701447007,6.306884162592919,6.343130588531494,73943368,0.0,0.0
601939.SS,2024-03-05 00:00:00+08:00,6.3250069437776055,6.506239061098445,6.315945121865839,6.469992637634277,111647973,0.0,0.0
601939.SS,2024-03-06 00:00:00+08:00,6.469993370119577,6.542486225255024,6.388439124137951,6.397500514984131,74707986,0.0,0.0
601939.SS,2024-03-07 00:00:00+08:00,6.397499913729441,6.46999276205181,6.397499913729441,6.433746337890625,57851017,0.0,0.0
601939.SS,2024-03-08 00:00:00+08:00,6.433746329171372,6.469992753283434,6.388438515077024,6.442808151245117,56995296,0.0,0.0
601939.SS,2024-03-11 00:00:00+08:00,6.433746932928002,6.4699933604415065,6.388439114581871,6.406562328338623,68800383,0.0,0.0
601939.SS,2024-03-12 00:00:00+08:00,6.397500135899319,6.40656195830004,6.225329399108887,6.225329399108887,162067629,0.0,0.0
601939.SS,2024-03-13 00:00:00+08:00,6.225328975446972,6.243452186923574,6.180021162801192,6.2162675857543945,89654827,0.0,0.0
601939.SS,2024-03-14 00:00:00+08:00,6.207205763970372,6.261575398400175,6.189082552493771,6.2162675857543945,69904065,0.0,0.0
601939.SS,2024-03-15 00:00:00+08:00,6.225329045891435,6.234390867777999,6.189082622528076,6.189082622528076,62833586,0.0,0.0
601939.SS,2024-03-18 00:00:00+08:00,6.18908280073011,6.198144622877591,6.116589951916108,6.14377498626709,109598161,0.0,0.0
601939.SS,2024-03-19 00:00:00+08:00,6.134712827042274,6.143774648691846,6.062219982211458,6.089404582977295,109007601,0.0,0.0
601939.SS,2024-03-20 00:00:00+08:00,6.07128178480499,6.143775066659036,6.044097182189757,6.107528209686279,89088582,0.0,0.0
601939.SS,2024-03-21 00:00:00+08:00,6.116590014155573,6.1528364389314,6.08940497952797,6.125651836395264,70912374,0.0,0.0
601939.SS,2024-03-22 00:00:00+08:00,6.134712918063968,6.243452186923574,6.107527884803343,6.2162675857543945,131996657,0.0,0.0
601939.SS,2024-03-25 00:00:00+08:00,6.198144382695019,6.2434521954023285,6.18908256089869,6.207205772399902,87846219,0.0,0.0
601939.SS,2024-03-26 00:00:00+08:00,6.225329203540924,6.297822052103442,6.189082779259666,6.288760662078857,101001695,0.0,0.0
601939.SS,2024-03-27 00:00:00+08:00,6.27969878660954,6.3250070326218975,6.261575574622888,6.297821998596191,105175174,0.0,0.0
601939.SS,2024-03-28 00:00:00+08:00,6.270637291141358,6.288760502823037,6.143774809369603,6.189082622528076,123085853,0.0,0.0
601939.SS,2024-03-29 00:00:00+08:00,6.1981447960896725,6.325007285059447,6.1800215833797045,6.225329399108887,61868291,0.0,0.0
601939.SS,2024-04-01 00:00:00+08:00,6.216267884032731,6.27063752107138,6.207206061813889,6.261575698852539,69844058,0.0,0.0
601939.SS,2024-04-02 00:00:00+08:00,6.261576039412305,6.315945679408055,6.252514648792092,6.306884288787842,71925515,0.0,0.0
601939.SS,2024-04-03 00:00:00+08:00,6.315945210582843,6.334068422569495,6.27969878660954,6.297821998596191,51186591,0.0,0.0
601939.SS,2024-04-08 00:00:00+08:00,6.288760355157337,6.415622833950249,6.261575322227422,6.379376411437988,97564586,0.0,0.0
601939.SS,2024-04-09 00:00:00+08:00,6.379377005254909,6.424685253658421,6.325007366425584,6.352192401885986,68320684,0.0,0.0
601939.SS,2024-04-10 00:00:00+08:00,6.343130041764287,6.433746098799773,6.343130041764287,6.370315074920654,87983700,0.0,0.0
601939.SS,2024-04-11 00:00:00+08:00,6.352191995543919,6.379376597173875,6.297821928101101,6.32500696182251,53369942,0.0,0.0
601939.SS,2024-04-12 00:00:00+08:00,6.325006830357189,6.370315074920654,6.288760407542995,6.370315074920654,64949710,0.0,0.0
601939.SS,2024-04-15 00:00:00+08:00,6.3612533672417735,6.469992637634277,6.3612533672417735,6.469992637634277,100061446,0.0,0.0
601939.SS,2024-04-16 00:00:00+08:00,6.451869829487641,6.551547716295004,6.415623403756141,6.497178077697754,132891268,0.0,0.0
601939.SS,2024-04-17 00:00:00+08:00,6.469992724492237,6.596855640411377,6.415623088566087,6.596855640411377,126944665,0.0,0.0
601939.SS,2024-04-18 00:00:00+08:00,6.569670544724385,6.696533027361042,6.56060872277604,6.614978790283203,122876599,0.0,0.0
601939.SS,2024-04-19 00:00:00+08:00,6.587794052899117,6.678410116001905,6.587794052899117,6.660286903381348,67037996,0.0,0.0
601939.SS,2024-04-22 00:00:00+08:00,6.660286603750569,6.7509026627767525,6.542485510970804,6.614978790283203,95036838,0.0,0.0
601939.SS,2024-04-23 00:00:00+08:00,6.605916915141236,6.687471583653815,6.551547280163334,6.624040126800537,82585747,0.0,0.0
601939.SS,2024-04-24 00:00:00+08:00,6.624039841110938,6.624039841110938,6.542485176115747,6.560608386993408,77352103,0.0,0.0
601939.SS,2024-04-25 00:00:00+08:00,6.551546997600293,6.596855240840162,6.524361965238086,6.560608386993408,62416881,0.0,0.0
601939.SS,2024-04-26 00:00:00+08:00,6.560608759197542,6.587793793102042,6.4246848859494055,6.451869487762451,128284768,0.0,0.0
601939.SS,2024-04-29 00:00:00+08:00,6.433746932928002,6.46093196960888,6.343130864144241,6.406562328338623,157750907,0.0,0.0
601939.SS,2024-04-30 00:00:00+08:00,6.379376640139057,6.4699926996683,6.379376640139057,6.451869487762451,100045956,0.0,0.0
601939.SS,2024-05-06 00:00:00+08:00,6.479055183365632,6.5062397879550105,6.388439114581871,6.406562328338623,144458144,0.0,0.0
601939.SS,2024-05-07 00:00:00+08:00,6.406561674043557,6.460931309761103,6.37031525023186,6.451869487762451,110505854,0.0,0.0
601939.SS,2024-05-08 00:00:00+08:00,6.451869425902193,6.515300883010212,6.4428080360818765,6.469992637634277,119688989,0.0,0.0
601939.SS,2024-05-09 00:00:00+08:00,6.469992815906171,6.469992815906171,6.406561789141846,6.424685001373291,87089976,0.0,0.0
601939.SS,2024-05-10 00:00:00+08:00,6.424685542095376,6.442808755852128,6.397500505414498,6.406562328338623,129077600,0.0,0.0
601939.SS,2024-05-13 00:00:00+08:00,6.406561789141846,6.424685001373291,6.388438576910402,6.424685001373291,87914541,0.0,0.0
601939.SS,2024-05-14 00:00:00+08:00,6.415622833950249,6.424684655624034,6.370315021855643,6.379376411437988,91463098,0.0,0.0
601939.SS,2024-05-15 00:00:00+08:00,6.379376411437988,6.397499622694118,6.361253200181858,6.379376411437988,67777620,0.0,0.0
601939.SS,2024-05-16 00:00:00+08:00,6.379376978024641,6.50623946808489,6.3703155876375055,6.497178077697754,184276081,0.0,0.0
601939.SS,2024-05-17 00:00:00+08:00,6.488115849366361,6.506239061098445,6.415623002438026,6.469992637634277,126519522,0.0,0.0
601939.SS,2024-05-20 00:00:00+08:00,6.479054575357179,6.515300999469241,6.433746329171372,6.442808151245117,127751267,0.0,0.0
601939.SS,2024-05-21 00:00:00+08:00,6.4428080360818765,6.479054459546044,6.424684824349793,6.469992637634277,111694537,0.0,0.0
601939.SS,2024-05-22 00:00:00+08:00,6.469993051452025,6.515301299725855,6.451869838560789,6.488116264343262,132924416,0.0,0.0
601939.SS,2024-05-23 00:00:00+08:00,6.479054575357179,6.49717778741321,6.433746329171372,6.442808151245117,110068322,0.0,0.0
601939.SS,2024-05-24 00:00:00+08:00,6.442808755852128,6.479055183365632,6.397500505414498,6.406562328338623,117914529,0.0,0.0
601939.SS,2024-05-27 00:00:00+08:00,6.406561727133056,6.451869541227404,6.406561727133056,6.442808151245117,91296757,0.0,0.0
601939.SS,2024-05-28 00:00:00+08:00,6.442808151245117,6.469992753283434,6.4156231171153415,6.442808151245117,89978302,0.0,0.0
601939.SS,2024-05-29 00:00:00+08:00,6.433746932928002,6.442808755852128,6.388439114581871,6.406562328338623,95554695,0.0,0.0
601939.SS,2024-05-30 00:00:00+08:00,6.406561497734849,6.424684709141946,6.343130041764287,6.370315074920654,109854812,0.0,0.0
601939.SS,2024-05-31 00:00:00+08:00,6.361253200181858,6.397499622694118,6.361253200181858,6.379376411437988,83562789,0.0,0.0
601939.SS,2024-06-03 00:00:00+08:00,6.37937730120027,6.424685551705673,6.352192696570227,6.397500514984131,91090881,0.0,0.0
601939.SS,2024-06-04 00:00:00+08:00,6.406562337921812,6.406562337921812,6.370315910354089,6.397500514984131,75128793,0.0,0.0
601939.SS,2024-06-05 00:00:00+08:00,6.397500505414498,6.41562371917125,6.388439114581871,6.406562328338623,81948788,0.0,0.0
601939.SS,2024-06-06 00:00:00+08:00,6.3974999669803925,6.451869603674726,6.388438576910402,6.424685001373291,98110224,0.0,0.0
601939.SS,2024-06-07 00:00:00+08:00,6.43374650138127,6.524362564086914,6.424685111156442,6.524362564086914,138286110,0.0,0.0
601939.SS,2024-06-11 00:00:00+08:00,6.533424157384497,6.596855615100695,6.451869487762451,6.451869487762451,110066512,0.0,0.0
601939.SS,2024-06-12 00:00:00+08:00,6.451869425902193,6.479054459546044,6.397499790705941,6.469992637634277,82454706,0.0,0.0
601939.SS,2024-06-13 00:00:00+08:00,6.469993105259208,6.497178140867884,6.442808501742015,6.479054927825928,63100745,0.0,0.0
601939.SS,2024-06-14 00:00:00+08:00,6.469992691012017,6.506239114775219,6.442808089235342,6.460931301116943,88095427,0.0,0.0
601939.SS,2024-06-17 00:00:00+08:00,6.451870146684754,6.46093196960888,6.379377291657746,6.406562328338623,96824183,0.0,0.0
601939.SS,2024-06-18 00:00:00+08:00,6.406561735815466,6.451869549971217,6.3703153116542826,6.433746337890625,68454438,0.0,0.0
601939.SS,2024-06-19 00:00:00+08:00,6.433746554416487,6.524362617869105,6.424685164116962,6.51530122756958,116763707,0.0,0.0
601939.SS,2024-06-20 00:00:00+08:00,6.515300628428216,6.560608439942321,6.479054206380359,6.551547050476074,116443872,0.0,0.0
601939.SS,2024-06-21 00:00:00+08:00,6.533424323820709,6.56060892632627,6.515301111453179,6.54248571395874,88380535,0.0,0.0
601939.SS,2024-06-24 00:00:00+08:00,6.542485642883361,6.5787324993161125,6.524362430712715,6.569670677185059,91860924,0.0,0.0
601939.SS,2024-06-25 00:00:00+08:00,6.560608784369154,6.596855640411377,6.55154739442719,6.596855640411377,77693765,0.0,0.0
601939.SS,2024-06-26 00:00:00+08:00,6.587793703481935,6.642163338459838,6.5696704918226345,6.624040126800537,91317008,0.0,0.0
601939.SS,2024-06-27 00:00:00+08:00,6.624040345277048,6.72371822873654,6.60591713302,6.705595016479492,126758938,0.0,0.0
601939.SS,2024-06-28 00:00:00+08:00,6.705595016479492,6.732779618819332,6.65122537970835,6.705595016479492,87514528,0.0,0.0
601939.SS,2024-07-01 00:00:00+08:00,6.705594986112732,6.886827107862484,6.696533163979513,6.859642505645752,133302244,0.0,0.0
601939.SS,2024-07-02 00:00:00+08:00,6.8415188744523086,6.986504562972257,6.8415188744523086,6.977442741394043,123300323,0.0,0.0
601939.SS,2024-07-03 00:00:00+08:00,6.95931983080991,7.022751288321869,6.868703771572434,6.895888805389404,89100990,0.0,0.0
601939.SS,2024-07-04 00:00:00+08:00,6.895888560065688,6.995566005635123,6.895888560065688,6.968381404876709,89918953,0.0,0.0
601939.SS,2024-07-05 00:00:00+08:00,6.968381404876709,6.968381404876709,6.968381404876709,6.968381404876709,0,0.0,0.0
601939.SS,2024-07-08 00:00:00+08:00,6.850580855339827,6.986505166107146,6.823396252441247,6.941196918487549,111451764,0.0,0.0
601939.SS,2024-07-09 00:00:00+08:00,6.941196909493275,6.977443334705396,6.904950484281154,6.950258731842041,84730949,0.0,0.0
601939.SS,2024-07-10 00:00:00+08:00,6.968381704068366,7.022751340011025,6.95025849208748,7.0136895179748535,112761272,0.0,0.0
601939.SS,2024-07-11 00:00:00+08:00,7.00462782728222,7.049936071334828,6.895888560065688,6.968381404876709,136227677,0.0,0.0
601939.SS,2024-07-12 00:00:00+08:00,6.97794078924256,7.083087511307723,6.9683817477092616,7.044852256774902,157229320,0.4,0.0
601939.SS,2024-07-15 00:00:00+08:00,7.0448521508788655,7.274264130427526,7.035293565289436,7.255146503448486,139364606,0.0,0.0
601939.SS,2024-07-16 00:00:00+08:00,7.255146183859595,7.341175273575607,7.159557597374888,7.22646951675415,109253999,0.0,0.0
601939.SS,2024-07-17 00:00:00+08:00,7.216911044827761,7.274263924138425,7.178675791953985,7.236028671264648,91129676,0.0,0.0
601939.SS,2024-07-18 00:00:00+08:00,7.216911453077296,7.2838229214913985,7.149999528863001,7.274264335632324,95138840,0.0,0.0
601939.SS,2024-07-19 00:00:00+08:00,7.245587528750386,7.264705155905394,7.111764138665338,7.216911315917969,117968795,0.0,0.0
601939.SS,2024-07-22 00:00:00+08:00,7.169117201121125,7.169117201121125,7.025734765938664,7.102205276489258,140418479,0.0,0.0
601939.SS,2024-07-23 00:00:00+08:00,7.073528708812874,7.302940228979693,7.063969667572502,7.245587348937988,157241988,0.0,0.0
601939.SS,2024-07-24 00:00:00+08:00,7.226469835079836,7.3029403429959965,7.197793622511367,7.255146503448486,101866840,0.0,0.0
601939.SS,2024-07-25 00:00:00+08:00,7.255146595411237,7.283822808343192,7.130881790572265,7.264705181121826,130551830,0.0,0.0
601939.SS,2024-07-26 00:00:00+08:00,7.245587617938571,7.264705245328903,7.044852302439994,7.092646598815918,124987180,0.0,0.0
601939.SS,2024-07-29 00:00:00+08:00,7.111763759932694,7.24558714289106,7.035293255385057,7.22646951675415,97083135,0.0,0.0
601939.SS,2024-07-30 00:00:00+08:00,7.236028671264648,7.283822509456785,7.178675791953985,7.236028671264648,69097100,0.0,0.0
601939.SS,2024-07-31 00:00:00+08:00,7.264705454526567,7.274264496397094,7.073529175118053,7.111764430999756,107472505,0.0,0.0
601939.SS,2024-08-01 00:00:00+08:00,7.092646735255991,7.245587757320745,7.025734810202561,7.149999618530273,105230754,0.0,0.0
601939.SS,2024-08-02 00:00:00+08:00,7.130882194107653,7.216911749372291,7.111764565804425,7.169117450714111,71186569,0.0,0.0
601939.SS,2024-08-05 00:00:00+08:00,7.159558136794772,7.245587688792636,7.092646668174384,7.188234806060791,109101207,0.0,0.0
601939.SS,2024-08-06 00:00:00+08:00,7.159558159402203,7.188234828758774,7.073529062932883,7.102205276489258,96365299,0.0,0.0
601939.SS,2024-08-07 00:00:00+08:00,7.083087490421251,7.216911336691693,7.063969863211214,7.130881786346436,86554372,0.0,0.0
601939.SS,2024-08-08 00:00:00+08:00,7.130881786346436,7.169117040766508,7.102205117631288,7.130881786346436,59993637,0.0,0.0
601939.SS,2024-08-09 00:00:00+08:00,7.130881923328946,7.197793847749529,7.111764295751665,7.188234806060791,72002972,0.0,0.0
601939.SS,2024-08-12 00:00:00+08:00,7.178676086525773,7.283822808343192,7.140440376282855,7.264705181121826,87585917,0.0,0.0
601939.SS,2024-08-13 00:00:00+08:00,7.264705318090751,7.360293455999802,7.245587690508941,7.322058200836182,84531019,0.0,0.0
601939.SS,2024-08-14 00:00:00+08:00,7.312499410075537,7.360293249790954,7.293381783029333,7.302940368652344,46579096,0.0,0.0
601939.SS,2024-08-15 00:00:00+08:00,7.312499659780122,7.379411128826611,7.283822990331486,7.369852542877197,69237289,0.0,0.0
601939.SS,2024-08-16 00:00:00+08:00,7.360293346043687,7.532352447509766,7.350734760295676,7.532352447509766,106325727,0.0,0.0
601939.SS,2024-08-19 00:00:00+08:00,7.532352295503773,7.723528564607856,7.484558000327662,7.694852352142334,131720127,0.0,0.0
601939.SS,2024-08-20 00:00:00+08:00,7.704411309039376,7.828675198894541,7.656617014387202,7.819117069244385,142235443,0.0,0.0
601939.SS,2024-08-21 00:00:00+08:00,7.771322978020992,7.80955823242354,7.656617214813347,7.752204895019531,108366260,0.0,0.0
601939.SS,2024-08-22 00:00:00+08:00,7.742646497531515,7.895587509856032,7.723528415190781,7.857352256774902,98384368,0.0,0.0
601939.SS,2024-08-23 00:00:00+08:00,7.857352440933125,7.90514673630481,7.771322891584166,7.876469612121582,79349450,0.0,0.0
601939.SS,2024-08-26 00:00:00+08:00,7.866910570727173,7.90514673630481,7.752204808795347,7.876469612121582,76198102,0.0,0.0
601939.SS,2024-08-27 00:00:00+08:00,7.866910843908911,8.029410906855302,7.847793672056603,7.991175651550293,116970071,0.0,0.0
601939.SS,2024-08-28 00:00:00+08:00,7.991175603024458,8.038969899765592,7.83823458273314,7.895587921142578,114900576,0.0,0.0
601939.SS,2024-08-29 00:00:00+08:00,7.8764695513068546,7.914704804988913,7.541910853688756,7.561028480529785,196040274,0.0,0.0
601939.SS,2024-08-30 00:00:00+08:00,7.522793136111647,7.551469803927397,7.169116815918382,7.197793483734131,338553552,0.0,0.0
601939.SS,2024-09-02 00:00:00+08:00,7.121322948993033,7.236029171341798,7.083087693476844,7.149999618530273,208152482,0.0,0.0
601939.SS,2024-09-03 00:00:00+08:00,7.15955799485628,7.169117036355511,6.891911214080445,6.997058391571045,187187718,0.0,0.0
601939.SS,2024-09-04 00:00:00+08:00,6.958822932750537,7.044852024715467,6.901469597040354,6.977940559387207,109918535,0.0,0.0
601939.SS,2024-09-05 00:00:00+08:00,6.987499532376232,7.016176201821913,6.824999469051171,6.882352352142334,143851145,0.0,0.0
601939.SS,2024-09-06 00:00:00+08:00,6.872793561422316,6.977940738523404,6.853675934294862,6.863234519958496,102216342,0.0,0.0
601939.SS,2024-09-09 00:00:00+08:00,6.834558647098867,6.853676275177178,6.710293836689749,6.805881977081299,131046362,0.0,0.0
601939.SS,2024-09-10 00:00:00+08:00,6.805881463857003,7.006616771442126,6.786763837220333,6.977940559387207,158092571,0.0,0.0
601939.SS,2024-09-11 00:00:00+08:00,6.968382043647038,6.968382043647038,6.767646720924678,6.805881977081299,126441669,0.0,0.0
601939.SS,2024-09-12 00:00:00+08:00,6.777205467224121,6.815440721712817,6.662499247957845,6.777205467224121,111633141,0.0,0.0
601939.SS,2024-09-13 00:00:00+08:00,6.748529092846368,6.834558647098867,6.738970506707317,6.805881977081299,89796494,0.0,0.0
601939.SS,2024-09-18 00:00:00+08:00,6.815440725721548,6.920587447727215,6.805881684193658,6.911028861999512,78516420,0.0,0.0
601939.SS,2024-09-19 00:00:00+08:00,6.930146442804677,6.930146442804677,6.7963230529125,6.863234519958496,94224167,0.0,0.0
601939.SS,2024-09-20 00:00:00+08:00,6.853675980232733,6.9397055307829945,6.83455835297714,6.911028861999512,87531924,0.0,0.0
601939.SS,2024-09-23 00:00:00+08:00,6.901470001413781,7.0352938515117005,6.863234745900146,7.016176223754883,87917935,0.0,0.0
601939.SS,2024-09-24 00:00:00+08:00,7.044852111753364,7.3507345975193825,6.99705827247129,7.341175556182861,193522414,0.0,0.0
601939.SS,2024-09-25 00:00:00+08:00,7.4558819133942595,7.618381516968591,7.302940439735789,7.398528575897217,178667911,0.0,0.0
601939.SS,2024-09-26 00:00:00+08:00,7.408087511598944,7.608822822570801,7.350734630721296,7.608822822570801,143249175,0.0,0.0
601939.SS,2024-09-27 00:00:00+08:00,7.608822974861704,7.685293484229128,7.264705226908108,7.312499523162842,232311545,0.0,0.0
601939.SS,2024-09-30 00:00:00+08:00,7.312499529688782,7.647058236369928,7.140440427658337,7.580146312713623,518292714,0.0,0.0
601939.SS,2024-10-08 00:00:00+08:00,7.98161728070276,8.277940272479539,7.388969929748654,7.656617164611816,505289710,0.0,0.0
601939.SS,2024-10-09 00:00:00+08:00,7.561028247120039,7.685293045650749,7.436763904389491,7.49411678314209,309874911,0.0,0.0
601939.SS,2024-10-10 00:00:00+08:00,7.503675672656525,7.914704881618285,7.503675672656525,7.74264669418335,281893830,0.0,0.0
601939.SS,2024-10-11 00:00:00+08:00,7.742646810917665,7.914705000946687,7.656617260102966,7.799999237060547,190855809,0.0,0.0
601939.SS,2024-10-14 00:00:00+08:00,7.886029452362297,8.249264857741947,7.886029452362297,8.172794342041016,277890589,0.0,0.0
601939.SS,2024-10-15 00:00:00+08:00,8.134558069513172,8.134558069513172,7.838234174434167,7.857352256774902,221988510,0.0,0.0
601939.SS,2024-10-16 00:00:00+08:00,7.799999375025242,8.010293735002994,7.761764119720231,7.991175651550293,133541745,0.0,0.0
601939.SS,2024-10-17 00:00:00+08:00,7.952940053308376,8.086763896905522,7.9147047996521,7.9147047996521,109947378,0.0,0.0
601939.SS,2024-10-18 00:00:00+08:00,7.895587966169896,7.991175648596898,7.77132315857444,7.943382263183594,127077649,0.0,0.0
601939.SS,2024-10-21 00:00:00+08:00,7.895588198227796,7.924264412638675,7.723529088561683,7.790440559387207,169310312,0.0,0.0
601939.SS,2024-10-22 00:00:00+08:00,7.790440488867851,7.838234786853627,7.742647102482487,7.780882358551025,73639952,0.0,0.0
601939.SS,2024-10-23 00:00:00+08:00,7.780882358551025,7.8095585727023265,7.742647102482487,7.780882358551025,68606958,0.0,0.0
601939.SS,2024-10-24 00:00:00+08:00,7.771323023989106,7.819117320175092,7.72352872780312,7.799999237060547,65719976,0.0,0.0
601939.SS,2024-10-25 00:00:00+08:00,7.780882019521722,7.790440149422079,7.685293427715165,7.752204895019531,95311500,0.0,0.0
601939.SS,2024-10-28 00:00:00+08:00,7.7426467143535795,7.7426467143535795,7.608822869021907,7.656617164611816,98887131,0.0,0.0
601939.SS,2024-10-29 00:00:00+08:00,7.647058123173761,7.704411460201726,7.6183814546597795,7.656617164611816,73260197,0.0,0.0
601939.SS,2024-10-30 00:00:00+08:00,7.627940516420869,7.666176226474778,7.484558085069312,7.570587635040283,138866147,0.0,0.0
601939.SS,2024-10-31 00:00:00+08:00,7.627940609011011,7.694852532667316,7.561028685354706,7.580146312713623,94401104,0.0,0.0
601939.SS,2024-11-01 00:00:00+08:00,7.599263873401007,7.7808820154175935,7.580146246209817,7.704411506652832,135178826,0.0,0.0
601939.SS,2024-11-04 00:00:00+08:00,7.713969820276151,7.733087903722873,7.570587840827306,7.723528861999512,97159821,0.0,0.0
601939.SS,2024-11-05 00:00:00+08:00,7.704411510716626,7.752204895019531,7.685293427715165,7.752204895019531,92306726,0.0,0.0
601939.SS,2024-11-06 00:00:00+08:00,7.733087558571015,7.742646599867726,7.618381342011361,7.647058010101318,129377828,0.0,0.0
601939.SS,2024-11-07 00:00:00+08:00,7.637499309690048,7.723528861999512,7.599264054396997,7.723528861999512,94833167,0.0,0.0
601939.SS,2024-11-08 00:00:00+08:00,7.713969475977592,7.771322812157507,7.627940383308072,7.647058010101318,129317982,0.0,0.0
601939.SS,2024-11-11 00:00:00+08:00,7.5992636414756864,7.618381268083417,7.513234549640983,7.551469802856445,134297955,0.0,0.0
601939.SS,2024-11-12 00:00:00+08:00,7.551469754931519,7.580145966761038,7.484557834329028,7.50367546081543,128231233,0.0,0.0
601939.SS,2024-11-13 00:00:00+08:00,7.494117080385648,7.570587588422208,7.465440411971849,7.522793292999268,82123776,0.0,0.0
601939.SS,2024-11-14 00:00:00+08:00,7.503675712196174,7.608822889294007,7.474999499405974,7.570587635040283,107084814,0.0,0.0
601939.SS,2024-11-15 00:00:00+08:00,7.56102859357676,7.647058143547731,7.513234753659698,7.570587635040283,154750853,0.0,0.0
601939.SS,2024-11-18 00:00:00+08:00,7.608822756514826,7.752204729564085,7.608822756514826,7.647058010101318,195082393,0.0,0.0
601939.SS,2024-11-19 00:00:00+08:00,7.647057962646915,7.704411298470919,7.522793161361862,7.599263668060303,120671248,0.0,0.0
601939.SS,2024-11-20 00:00:00+08:00,7.589705082623084,7.637498921409524,7.570587455948474,7.599263668060303,74048389,0.0,0.0
601939.SS,2024-11-21 00:00:00+08:00,7.599263575708018,7.618381202150296,7.570587363944685,7.589704990386963,63167561,0.0,0.0
601939.SS,2024-11-22 00:00:00+08:00,7.580145873370905,7.627940166898152,7.49411678314209,7.49411678314209,90287400,0.0,0.0
601939.SS,2024-11-25 00:00:00+08:00,7.494117192917345,7.551470074805976,7.484558151369146,7.532352447509766,83548735,0.0,0.0
601939.SS,2024-11-26 00:00:00+08:00,7.522793475749947,7.647058282228201,7.494117262439699,7.627940654754639,99756077,0.0,0.0
601939.SS,2024-11-27 00:00:00+08:00,7.6374991277833875,7.704411506652832,7.608822914896695,7.704411506652832,123685310,0.0,0.0
601939.SS,2024-11-28 00:00:00+08:00,7.694852716276639,7.7330879719068175,7.647058418838816,7.685293674468994,61802708,0.0,0.0
601939.SS,2024-11-29 00:00:00+08:00,7.704411620449082,7.73308783375933,7.627940654754639,7.627940654754639,87523273,0.0,0.0
601939.SS,2024-12-02 00:00:00+08:00,7.618381202150296,7.637498828592573,7.5323521110601295,7.589704990386963,94342346,0.0,0.0
601939.SS,2024-12-03 00:00:00+08:00,7.589705357503583,7.723528749072611,7.580146315919986,7.713969707489014,117188094,0.0,0.0
601939.SS,2024-12-04 00:00:00+08:00,7.704411379095472,7.85735239409284,7.675734255083197,7.828675270080566,134146980,0.0,0.0
601939.SS,2024-12-05 00:00:00+08:00,7.819117074526969,7.92426379355251,7.799998992013044,7.866910457611084,76095333,0.0,0.0
601939.SS,2024-12-06 00:00:00+08:00,7.866910433903297,7.933822810900038,7.828675180591022,7.905146598815918,90255215,0.0,0.0
601939.SS,2024-12-09 00:00:00+08:00,7.8955878081636035,7.924264021157796,7.828675429043319,7.88602876663208,78936726,0.0,0.0
601939.SS,2024-12-10 00:00:00+08:00,7.914704780801817,8.048528624080237,7.828675232380001,8.000734329223633,150460675,0.0,0.0
601939.SS,2024-12-11 00:00:00+08:00,7.952939818818864,8.010293153412414,7.838234061232091,7.847793102264404,124035589,0.0,0.0
601939.SS,2024-12-12 00:00:00+08:00,7.857352710879017,7.972058476751655,7.819117455588138,7.943382263183594,108877479,0.0,0.0
601939.SS,2024-12-13 00:00:00+08:00,7.9242640670861695,8.01985265975467,7.895587853925771,7.933823108673096,113895808,0.0,0.0
601939.SS,2024-12-16 00:00:00+08:00,7.943382712668586,8.172794257395365,7.933823670404859,8.077205657958984,123926379,0.0,0.0
601939.SS,2024-12-17 00:00:00+08:00,8.077205113773903,8.191910878409226,8.067646072154197,8.115440368652344,88793759,0.0,0.0
601939.SS,2024-12-18 00:00:00+08:00,8.14411812655328,8.268382030866952,8.11544099946509,8.172794342041016,100293834,0.0,0.0
601939.SS,2024-12-19 00:00:00+08:00,8.144117859174596,8.201470288267137,8.029411177788669,8.105881690979004,90249313,0.0,0.0
601939.SS,2024-12-20 00:00:00+08:00,8.09632356053053,8.220588372364933,8.086764518481631,8.105881690979004,80162761,0.0,0.0
601939.SS,2024-12-23 00:00:00+08:00,8.077205026379161,8.344851807632333,8.077205026379161,8.239705085754395,149968780,0.0,0.0
601939.SS,2024-12-24 00:00:00+08:00,8.220587652074219,8.392645835876465,8.211028610862886,8.392645835876465,129414826,0.0,0.0
601939.SS,2024-12-25 00:00:00+08:00,8.392645929974137,8.622058363616526,8.383087800255986,8.488234519958496,145346804,0.0,0.0
601939.SS,2024-12-26 00:00:00+08:00,8.459558260447926,8.50735164357334,8.325734417535857,8.44044017791748,97405665,0.0,0.0
601939.SS,2024-12-27 00:00:00+08:00,8.392646241950894,8.440440538719713,8.201469966476006,8.383088111877441,143495307,0.0,0.0
601939.SS,2024-12-30 00:00:00+08:00,8.363969849153651,8.449999399172434,8.34485176621598,8.411764144897461,98392436,0.0,0.0
601939.SS,2024-12-31 00:00:00+08:00,8.411763554347546,8.459557846735944,8.363969261959147,8.402204513549805,120456894,0.0,0.0
601939.SS,2025-01-02 00:00:00+08:00,8.392646287521572,8.459558668001398,8.153675713980295,8.211029052734375,122309209,0.0,0.0
601939.SS,2025-01-03 00:00:00+08:00,8.211028775338285,8.325734537370906,8.038969676489172,8.096323013305664,140113214,0.0,0.0
601939.SS,2025-01-06 00:00:00+08:00,8.067646434383835,8.144117859174596,7.886029193456895,8.105881690979004,139656361,0.0,0.0
601939.SS,2025-01-07 00:00:00+08:00,8.09632293322744,8.297058242699205,8.058087679594738,8.268381118774414,122334267,0.0,0.0
601939.SS,2025-01-08 00:00:00+08:00,8.258822596514168,8.45955789644473,8.258822596514168,8.44999885559082,143687713,0.0,0.0
601939.SS,2025-01-09 00:00:00+08:00,8.45955802633528,8.45955802633528,8.297057975724973,8.373528480529785,124593604,0.0,0.0
601939.SS,2025-01-10 00:00:00+08:00,8.390152737881387,8.399931694580506,8.135905459140098,8.263029098510742,138275896,0.197,0.0
601939.SS,2025-01-13 00:00:00+08:00,8.184799076375242,8.21413501306238,8.018560547527107,8.106569290161133,105285257,0.0,0.0
601939.SS,2025-01-14 00:00:00+08:00,8.087012348619616,8.184799115569211,8.067454435686127,8.135905265808105,92420507,0.0,0.0
601939.SS,2025-01-15 00:00:00+08:00,8.116348285447234,8.243471921797063,8.10656932898049,8.135905265808105,103044898,0.0,0.0
601939.SS,2025-01-16 00:00:00+08:00,8.15546339199963,8.272808074951172,8.077233603365269,8.272808074951172,111944973,0.0,0.0
601939.SS,2025-01-17 00:00:00+08:00,8.233693005660875,8.282586855661474,8.135905305659676,8.155463218688965,86433421,0.0,0.0
601939.SS,2025-01-20 00:00:00+08:00,8.155463139688104,8.184799076375242,8.096790333741216,8.106569290161133,67661651,0.0,0.0
601939.SS,2025-01-21 00:00:00+08:00,8.116348227573024,8.14568416419146,8.038118441542125,8.08701229095459,68671437,0.0,0.0
601939.SS,2025-01-22 00:00:00+08:00,8.08701213078712,8.08701213078712,7.959888497861504,7.989224433898926,85487282,0.0,0.0
601939.SS,2025-01-23 00:00:00+08:00,8.04789669474318,8.272808035421772,8.038118670640088,8.253250122070312,155117934,0.0,0.0
601939.SS,2025-01-24 00:00:00+08:00,8.253250083741653,8.282586953632599,8.11634842120777,8.22391414642334,76283955,0.0,0.0
601939.SS,2025-01-27 00:00:00+08:00,8.253250275693766,8.390152873984329,8.253250275693766,8.351037979125977,81441633,0.0,0.0
601939.SS,2025-02-05 00:00:00+08:00,8.341258789254494,8.360816702423646,8.184799214191791,8.194578170776367,96277424,0.0,0.0
601939.SS,2025-02-06 00:00:00+08:00,8.233693005660875,8.282586855661474,8.11634832520301,8.155463218688965,84708703,0.0,0.0
601939.SS,2025-02-07 00:00:00+08:00,8.16524211624914,8.16524211624914,8.067454416953986,8.116348266601562,100781793,0.0,0.0
601939.SS,2025-02-10 00:00:00+08:00,8.096790353713486,8.175020140120564,8.077233373398023,8.116348266601562,77330972,0.0,0.0
601939.SS,2025-02-11 00:00:00+08:00,8.126127641141581,8.399931907653809,8.116348684194406,8.399931907653809,196404721,0.0,0.0
601939.SS,2025-02-12 00:00:00+08:00,8.39993115547032,8.546611766252557,8.341258351613876,8.527054786682129,123538713,0.0,0.0
601939.SS,2025-02-13 00:00:00+08:00,8.51727591080111,8.605284651128091,8.478161018719408,8.575948715209961,94232304,0.0,0.0
601939.SS,2025-02-14 00:00:00+08:00,8.585726718477796,8.605284630758646,8.507496934499565,8.566169738769531,64268670,0.0,0.0
601939.SS,2025-02-17 00:00:00+08:00,8.585726677691975,8.605284589879917,8.448825022666705,8.546611785888672,79059495,0.0,0.0
601939.SS,2025-02-18 00:00:00+08:00,8.556390862479846,8.72262938812812,8.54661190624816,8.615063667297363,115833503,0.0,0.0
601939.SS,2025-02-19 00:00:00+08:00,8.585726737976074,8.65417849854192,8.566169758223396,8.585726737976074,64611064,0.0,0.0
601939.SS,2025-02-20 00:00:00+08:00,8.585726737976074,8.644399542379288,8.556390802060763,8.585726737976074,56387782,0.0,0.0
601939.SS,2025-02-21 00:00:00+08:00,8.556390600038831,8.566169555970578,8.429266970643832,8.448824882507324,90401850,0.0,0.0
601939.SS,2025-02-24 00:00:00+08:00,8.429267826338533,8.448825740187441,8.311923140963069,8.390152931213379,104905899,0.0,0.0
601939.SS,2025-02-25 00:00:00+08:00,8.390152816216656,8.44882562438654,8.29236511345773,8.311923027038574,104748193,0.0,0.0
601939.SS,2025-02-26 00:00:00+08:00,8.321702041125375,8.439046725700434,8.311923084267622,8.351037979125977,94863337,0.0,0.0
601939.SS,2025-02-27 00:00:00+08:00,8.351038036088223,8.41948886941408,8.272808245837913,8.390152931213379,99906210,0.0,0.0
601939.SS,2025-02-28 00:00:00+08:00,8.380373879214781,8.448825644336724,8.321702003479004,8.321702003479004,108379201,0.0,0.0
601939.SS,2025-03-03 00:00:00+08:00,8.321701983828996,8.360816878418037,8.223914281070071,8.311923027038574,90178840,0.0,0.0
601939.SS,2025-03-04 00:00:00+08:00,8.292365036035463,8.321701906132825,8.243472117685142,8.263029098510742,75412909,0.0,0.0
601939.SS,2025-03-05 00:00:00+08:00,8.272807406026162,8.487939773661742,8.25324949416267,8.448824882507324,138646503,0.0,0.0
601939.SS,2025-03-06 00:00:00+08:00,8.429267749053388,8.439046705888181,8.331480978423405,8.341259002685547,101504206,0.0,0.0
601939.SS,2025-03-07 00:00:00+08:00,8.331480940619418,8.370595835208459,8.282587089239955,8.311923027038574,93650298,0.0,0.0
601939.SS,2025-03-10 00:00:00+08:00,8.302143992734583,8.321701906132825,8.243472117685142,8.263029098510742,62822398,0.0,0.0
601939.SS,2025-03-11 00:00:00+08:00,8.243472175139777,8.302144050598145,8.214135304837946,8.302144050598145,89360526,0.0,0.0
601939.SS,2025-03-12 00:00:00+08:00,8.272808055209863,8.311922949433704,8.233693160986022,8.263029098510742,56720943,0.0,0.0
601939.SS,2025-03-13 00:00:00+08:00,8.263029118228715,8.321701925990808,8.25325016150626,8.272808074951172,66895524,0.0,0.0
601939.SS,2025-03-14 00:00:00+08:00,8.282587049986283,8.341258925305455,8.26302913649813,8.292365074157715,110929155,0.0,0.0
601939.SS,2025-03-17 00:00:00+08:00,8.311923064753817,8.370595873189929,8.282587126822087,8.341259002685547,94138432,0.0,0.0
601939.SS,2025-03-18 00:00:00+08:00,8.341258964837193,8.360816878418037,8.29236511345773,8.311923027038574,68427903,0.0,0.0
601939.SS,2025-03-19 00:00:00+08:00,8.311923140963069,8.41948886941408,8.302144184038614,8.390152931213379,90860527,0.0,0.0
601939.SS,2025-03-20 00:00:00+08:00,8.380373917126578,8.429267768842683,8.331480997983128,8.351037979125977,59291251,0.0,0.0
601939.SS,2025-03-21 00:00:00+08:00,8.351037901861883,8.380373839591066,8.263029156101684,8.302144050598145,80868317,0.0,0.0
601939.SS,2025-03-24 00:00:00+08:00,8.302144184038614,8.399931888137832,8.302144184038614,8.390152931213379,83675463,0.0,0.0
601939.SS,2025-03-25 00:00:00+08:00,8.399931034832209,8.478160817135558,8.380373122970088,8.458602905273438,74181532,0.0,0.0
601939.SS,2025-03-26 00:00:00+08:00,8.439046802869841,8.448825759817016,8.37059596938495,8.399931907653809,63285626,0.0,0.0
601939.SS,2025-03-27 00:00:00+08:00,8.39993196426158,8.448825816754287,8.390153007248506,8.439046859741211,50359946,0.0,0.0
601939.SS,2025-03-28 00:00:00+08:00,8.429267750566975,8.439046707403525,8.321702023082883,8.331480979919434,73021155,0.0,0.0
601939.SS,2025-03-31 00:00:00+08:00,8.39993131185402,8.65417857901103,8.292364658210042,8.634620666503906,255041524,0.0,0.0
601939.SS,2025-04-01 00:00:00+08:00,8.56616959681451,8.624841467539603,8.439045966813378,8.478160858154297,148485721,0.0,0.0
601939.SS,2025-04-02 00:00:00+08:00,8.468382062555834,8.595505694964519,8.458603106392262,8.575948715209961,92171300,0.0,0.0
601939.SS,2025-04-03 00:00:00+08:00,8.527055081783589,8.72262954711914,8.507497168963727,8.72262954711914,135155542,0.0,0.0
601939.SS,2025-04-07 00:00:00+08:00,8.63462074588702,8.791080317092034,8.419488369193822,8.683514595031738,253628365,0.0,0.0
601939.SS,2025-04-08 00:00:00+08:00,8.605284945470423,8.830195349490095,8.497718289136998,8.771523475646973,249345941,0.0,0.0
601939.SS,2025-04-09 00:00:00+08:00,8.693293431590233,8.8106381083771,8.575948754803365,8.605284690856934,197517744,0.0,0.0
601939.SS,2025-04-10 00:00:00+08:00,8.624841569495278,8.624841569495278,8.507496894085369,8.546611785888672,125034022,0.0,0.0
601939.SS,2025-04-11 00:00:00+08:00,8.556390822246282,8.595505714416504,8.48793999409154,8.595505714416504,113868150,0.0,0.0
601939.SS,2025-04-14 00:00:00+08:00,8.566169994499878,8.742186547419317,8.536833125202794,8.73240852355957,144830978,0.0,0.0
601939.SS,2025-04-15 00:00:00+08:00,8.70307171158417,8.810638367903396,8.683514731163251,8.781301498413086,99233966,0.0,0.0
601939.SS,2025-04-16 00:00:00+08:00,8.800859547636612,8.86931037902832,8.742186740320408,8.86931037902832,114706681,0.0,0.0
601939.SS,2025-04-17 00:00:00+08:00,8.85953237470151,8.898647268808626,8.751965716477468,8.87908935546875,80668550,0.0,0.0
601939.SS,2025-04-18 00:00:00+08:00,8.849753627577202,9.035549145842127,8.849753627577202,9.015992164611816,99711969,0.0,0.0
601939.SS,2025-04-21 00:00:00+08:00,8.996434037790094,9.143115590121251,8.869310398798813,8.87908935546875,123618097,0.0,0.0
601939.SS,2025-04-22 00:00:00+08:00,8.84975356985333,9.074663981684528,8.84975356985333,8.986655235290527,100589991,0.0,0.0
601939.SS,2025-04-23 00:00:00+08:00,8.986655139545466,9.01599200974601,8.898647326661766,8.918204307556152,67336541,0.0,0.0
601939.SS,2025-04-24 00:00:00+08:00,8.91820453609597,9.094222031519315,8.908425579111858,9.064886093139648,86067231,0.0,0.0
601939.SS,2025-04-25 00:00:00+08:00,9.074664021187962,9.143115786777194,8.957319336342694,9.006213188171387,80189448,0.0,0.0
601939.SS,2025-04-28 00:00:00+08:00,9.015991471473145,9.192008019304645,8.976876579446968,9.18222999572754,109845386,0.0,0.0
601939.SS,2025-04-29 00:00:00+08:00,9.17245097857556,9.260459718192292,9.123557130724867,9.15289306640625,73879273,0.0,0.0
601939.SS,2025-04-30 00:00:00+08:00,9.084442763766852,9.123557657792556,8.820417462236502,8.859532356262207,224442063,0.0,0.0
601939.SS,2025-05-06 00:00:00+08:00,8.859532336449494,8.90842525444281,8.693293804068851,8.849753379821777,104628705,0.0,0.0
601939.SS,2025-05-07 00:00:00+08:00,8.9084255022984,9.045328101177514,8.800859774118663,9.02577018737793,126553839,0.0,0.0
601939.SS,2025-05-08 00:00:00+08:00,9.006212396491257,9.16267196253156,9.006212396491257,9.104000091552734,110091592,0.0,0.0
601939.SS,2025-05-09 00:00:00+08:00,9.140000343322754,9.329999923706056,9.140000343322754,9.239999771118164,78306022,0.206,0.0
601939.SS,2025-05-12 00:00:00+08:00,9.229999542236328,9.270000457763672,9.140000343322754,9.170000076293944,102370513,0.0,0.0
601939.SS,2025-05-13 00:00:00+08:00,9.199999809265137,9.270000457763672,9.100000381469728,9.260000228881836,83239010,0.0,0.0
601939.SS,2025-05-14 00:00:00+08:00,9.220000267028809,9.329999923706056,9.199999809265137,9.25,105650918,0.0,0.0
601939.SS,2025-05-15 00:00:00+08:00,9.229999542236328,9.31999969482422,9.220000267028809,9.229999542236328,69990147,0.0,0.0
601939.SS,2025-05-16 00:00:00+08:00,9.25,9.260000228881836,9.109999656677246,9.18000030517578,76393654,0.0,0.0
601939.SS,2025-05-19 00:00:00+08:00,9.18000030517578,9.229999542236328,9.149999618530272,9.15999984741211,60833970,0.0,0.0
601939.SS,2025-05-20 00:00:00+08:00,9.170000076293944,9.220000267028809,9.119999885559082,9.15999984741211,60579973,0.0,0.0
601939.SS,2025-05-21 00:00:00+08:00,9.149999618530272,9.199999809265137,9.109999656677246,9.170000076293944,65820234,0.0,0.0
601939.SS,2025-05-22 00:00:00+08:00,9.15999984741211,9.199999809265137,9.109999656677246,9.170000076293944,57281293,0.0,0.0
601939.SS,2025-05-23 00:00:00+08:00,9.18000030517578,9.18000030517578,9.06999969482422,9.079999923706056,92033633,0.0,0.0
601939.SS,2025-05-26 00:00:00+08:00,9.09000015258789,9.100000381469728,9.020000457763672,9.039999961853027,61521062,0.0,0.0
601939.SS,2025-05-27 00:00:00+08:00,9.050000190734863,9.119999885559082,9.039999961853027,9.06999969482422,53177228,0.0,0.0
601939.SS,2025-05-28 00:00:00+08:00,9.06999969482422,9.09000015258789,9.029999732971191,9.050000190734863,34660086,0.0,0.0
601939.SS,2025-05-29 00:00:00+08:00,9.050000190734863,9.0600004196167,8.970000267028809,9.010000228881836,61510089,0.0,0.0
601939.SS,2025-05-30 00:00:00+08:00,9.010000228881836,9.079999923706056,8.989999771118164,9.029999732971191,67020608,0.0,0.0
601939.SS,2025-06-03 00:00:00+08:00,9.029999732971191,9.109999656677246,8.989999771118164,9.0600004196167,85030803,0.0,0.0
601939.SS,2025-06-04 00:00:00+08:00,9.06999969482422,9.079999923706056,9.010000228881836,9.010000228881836,73511656,0.0,0.0
601939.SS,2025-06-05 00:00:00+08:00,9.010000228881836,9.029999732971191,8.979999542236328,9.0,57857850,0.0,0.0
601939.SS,2025-06-06 00:00:00+08:00,9.010000228881836,9.039999961853027,8.979999542236328,9.0,49928376,0.0,0.0
601939.SS,2025-06-09 00:00:00+08:00,9.0,9.0,8.930000305175781,8.960000038146973,69611862,0.0,0.0
601939.SS,2025-06-10 00:00:00+08:00,8.960000038146973,9.050000190734863,8.930000305175781,8.970000267028809,100513669,0.0,0.0
601939.SS,2025-06-11 00:00:00+08:00,8.960000038146973,8.970000267028809,8.899999618530273,8.920000076293945,129914667,0.0,0.0
601939.SS,2025-06-12 00:00:00+08:00,8.930000305175781,8.930000305175781,8.890000343322754,8.890000343322754,65963814,0.0,0.0
601939.SS,2025-06-13 00:00:00+08:00,8.899999618530273,8.920000076293945,8.829999923706055,8.859999656677246,91468960,0.0,0.0
601939.SS,2025-06-16 00:00:00+08:00,8.859999656677246,9.0,8.800000190734863,9.0,131562010,0.0,0.0
601939.SS,2025-06-17 00:00:00+08:00,8.979999542236328,9.029999732971191,8.949999809265137,9.020000457763672,67264377,0.0,0.0
601939.SS,2025-06-18 00:00:00+08:00,9.020000457763672,9.220000267028809,9.010000228881836,9.220000267028809,150450692,0.0,0.0
601939.SS,2025-06-19 00:00:00+08:00,9.1899995803833,9.239999771118164,9.140000343322754,9.220000267028809,84863642,0.0,0.0
601939.SS,2025-06-20 00:00:00+08:00,9.220000267028809,9.3100004196167,9.18000030517578,9.3100004196167,93553318,0.0,0.0
601939.SS,2025-06-23 00:00:00+08:00,9.300000190734863,9.470000267028809,9.239999771118164,9.449999809265137,109912185,0.0,0.0
601939.SS,2025-06-24 00:00:00+08:00,9.399999618530272,9.5,9.350000381469728,9.479999542236328,101286161,0.0,0.0
601939.SS,2025-06-25 00:00:00+08:00,9.449999809265137,9.5600004196167,9.359999656677246,9.550000190734863,98412972,0.0,0.0
601939.SS,2025-06-26 00:00:00+08:00,9.520000457763672,9.600000381469728,9.460000038146973,9.56999969482422,88944565,0.0,0.0
601939.SS,2025-06-27 00:00:00+08:00,9.5600004196167,9.670000076293944,9.34000015258789,9.369999885559082,173022147,0.0,0.0
601939.SS,2025-06-30 00:00:00+08:00,9.329999923706056,9.539999961853027,9.3100004196167,9.4399995803833,156346612,0.0,0.0
601939.SS,2025-07-01 00:00:00+08:00,9.470000267028809,9.75,9.449999809265137,9.710000038146973,139220518,0.0,0.0
601939.SS,2025-07-02 00:00:00+08:00,9.75,9.890000343322754,9.710000038146973,9.760000228881836,100781207,0.0,0.0
601939.SS,2025-07-03 00:00:00+08:00,9.770000457763672,9.880000114440918,9.68000030517578,9.68000030517578,82149220,0.0,0.0
601939.SS,2025-07-04 00:00:00+08:00,9.739999771118164,9.850000381469728,9.699999809265137,9.800000190734863,78126970,0.0,0.0
601939.SS,2025-07-07 00:00:00+08:00,9.789999961853027,9.8100004196167,9.729999542236328,9.75,66111073,0.0,0.0
601939.SS,2025-07-08 00:00:00+08:00,9.760000228881836,9.8100004196167,9.710000038146973,9.739999771118164,64953720,0.0,0.0
601939.SS,2025-07-09 00:00:00+08:00,9.729999542236328,9.880000114440918,9.720000267028809,9.81999969482422,76889988,0.0,0.0
601939.SS,2025-07-10 00:00:00+08:00,9.850000381469728,9.970000267028809,9.829999923706056,9.869999885559082,84822975,0.0,0.0
601939.SS,2025-07-11 00:00:00+08:00,9.899999618530272,10.029999732971191,9.75,9.75,150228839,0.0,0.0
601939.SS,2025-07-14 00:00:00+08:00,9.789999961853027,9.899999618530272,9.770000457763672,9.770000457763672,89953890,0.0,0.0
601939.SS,2025-07-15 00:00:00+08:00,9.800000190734863,9.829999923706056,9.6899995803833,9.699999809265137,83525441,0.0,0.0
601939.SS,2025-07-16 00:00:00+08:00,9.699999809265137,9.720000267028809,9.59000015258789,9.720000267028809,95433295,0.0,0.0
601939.SS,2025-07-17 00:00:00+08:00,9.699999809265137,9.729999542236328,9.630000114440918,9.65999984741211,75020481,0.0,0.0
601939.SS,2025-07-18 00:00:00+08:00,9.65999984741211,9.699999809265137,9.609999656677246,9.65999984741211,52675518,0.0,0.0
601939.SS,2025-07-21 00:00:00+08:00,9.649999618530272,9.65999984741211,9.529999732971191,9.56999969482422,83180742,0.0,0.0
601939.SS,2025-07-22 00:00:00+08:00,9.539999961853027,9.5600004196167,9.380000114440918,9.43000030517578,141530614,0.0,0.0
601939.SS,2025-07-23 00:00:00+08:00,9.399999618530272,9.56999969482422,9.399999618530272,9.5,121191864,0.0,0.0
601939.SS,2025-07-24 00:00:00+08:00,9.5,9.520000457763672,9.369999885559082,9.380000114440918,126176424,0.0,0.0
601939.SS,2025-07-25 00:00:00+08:00,9.359999656677246,9.43000030517578,9.34000015258789,9.350000381469728,78894141,0.0,0.0
601939.SS,2025-07-28 00:00:00+08:00,9.350000381469728,9.43000030517578,9.34000015258789,9.369999885559082,88892172,0.0,0.0
601939.SS,2025-07-29 00:00:00+08:00,9.369999885559082,9.449999809265137,9.220000267028809,9.239999771118164,127116279,0.0,0.0
601939.SS,2025-07-30 00:00:00+08:00,9.210000038146973,9.390000343322754,9.1899995803833,9.31999969482422,114950271,0.0,0.0
601939.SS,2025-07-31 00:00:00+08:00,9.329999923706056,9.420000076293944,9.220000267028809,9.40999984741211,147431073,0.0,0.0
601939.SS,2025-08-01 00:00:00+08:00,9.399999618530272,9.470000267028809,9.279999732971191,9.420000076293944,135778358,0.0,0.0
601939.SS,2025-08-04 00:00:00+08:00,9.399999618530272,9.5600004196167,9.390000343322754,9.550000190734863,142987988,0.0,0.0
601939.SS,2025-08-05 00:00:00+08:00,9.529999732971191,9.649999618530272,9.5,9.640000343322754,98223045,0.0,0.0
601939.SS,2025-08-06 00:00:00+08:00,9.640000343322754,9.68000030517578,9.550000190734863,9.579999923706056,122407182,0.0,0.0
601939.SS,2025-08-07 00:00:00+08:00,9.56999969482422,9.699999809265137,9.449999809265137,9.630000114440918,126616201,0.0,0.0
601939.SS,2025-08-08 00:00:00+08:00,9.630000114440918,9.739999771118164,9.59000015258789,9.600000381469728,111033811,0.0,0.0
601939.SS,2025-08-11 00:00:00+08:00,9.59000015258789,9.609999656677246,9.449999809265137,9.470000267028809,134584552,0.0,0.0
601939.SS,2025-08-12 00:00:00+08:00,9.470000267028809,9.529999732971191,9.449999809265137,9.510000228881836,109813600,0.0,0.0
601939.SS,2025-08-13 00:00:00+08:00,9.510000228881836,9.550000190734863,9.34000015258789,9.350000381469728,179971713,0.0,0.0
601939.SS,2025-08-14 00:00:00+08:00,9.350000381469728,9.4399995803833,9.34000015258789,9.350000381469728,137298769,0.0,0.0
601939.SS,2025-08-15 00:00:00+08:00,9.369999885559082,9.380000114440918,9.109999656677246,9.170000076293944,219493123,0.0,0.0
601939.SS,2025-08-18 00:00:00+08:00,9.1899995803833,9.1899995803833,9.079999923706056,9.140000343322754,136011353,0.0,0.0
601939.SS,2025-08-19 00:00:00+08:00,9.140000343322754,9.210000038146973,9.109999656677246,9.15999984741211,136496836,0.0,0.0
601939.SS,2025-08-20 00:00:00+08:00,9.15999984741211,9.25,9.140000343322754,9.170000076293944,122280346,0.0,0.0
601939.SS,2025-08-21 00:00:00+08:00,9.170000076293944,9.260000228881836,9.109999656677246,9.239999771118164,133602640,0.0,0.0
601939.SS,2025-08-22 00:00:00+08:00,9.25,9.270000457763672,9.140000343322754,9.210000038146973,127690659,0.0,0.0
601939.SS,2025-08-25 00:00:00+08:00,9.1899995803833,9.229999542236328,9.130000114440918,9.1899995803833,135347903,0.0,0.0
601939.SS,2025-08-26 00:00:00+08:00,9.1899995803833,9.239999771118164,9.140000343322754,9.149999618530272,126364068,0.0,0.0
601939.SS,2025-08-27 00:00:00+08:00,9.130000114440918,9.140000343322754,9.029999732971191,9.029999732971191,170541732,0.0,0.0
601939.SS,2025-08-28 00:00:00+08:00,9.029999732971191,9.0600004196167,8.9399995803833,9.029999732971191,128215446,0.0,0.0
601939.SS,2025-08-29 00:00:00+08:00,9.010000228881836,9.140000343322754,9.0,9.0,150882298,0.0,0.0
601939.SS,2025-09-01 00:00:00+08:00,9.06999969482422,9.149999618530272,8.960000038146973,9.039999961853027,176306830,0.0,0.0
601939.SS,2025-09-02 00:00:00+08:00,9.039999961853027,9.25,9.010000228881836,9.220000267028809,248023784,0.0,0.0
601939.SS,2025-09-03 00:00:00+08:00,9.220000267028809,9.239999771118164,9.079999923706056,9.130000114440918,137230617,0.0,0.0
601939.SS,2025-09-04 00:00:00+08:00,9.100000381469728,9.220000267028809,8.930000305175781,9.199999809265137,197531969,0.0,0.0
601939.SS,2025-09-05 00:00:00+08:00,9.170000076293944,9.18000030517578,9.029999732971191,9.050000190734863,136755013,0.0,0.0
601939.SS,2025-09-08 00:00:00+08:00,9.020000457763672,9.06999969482422,8.979999542236328,9.0,102563250,0.0,0.0
601939.SS,2025-09-09 00:00:00+08:00,8.979999542236328,9.039999961853027,8.979999542236328,9.010000228881836,64904889,0.0,0.0
601939.SS,2025-09-10 00:00:00+08:00,9.010000228881836,9.15999984741211,8.970000267028809,9.149999618530272,156905269,0.0,0.0
601939.SS,2025-09-11 00:00:00+08:00,9.119999885559082,9.210000038146973,9.020000457763672,9.15999984741211,146115588,0.0,0.0
601939.SS,2025-09-12 00:00:00+08:00,9.15999984741211,9.18000030517578,9.09000015258789,9.119999885559082,91518582,0.0,0.0
601939.SS,2025-09-15 00:00:00+08:00,9.109999656677246,9.130000114440918,9.010000228881836,9.039999961853027,112924166,0.0,0.0
601939.SS,2025-09-16 00:00:00+08:00,9.020000457763672,9.079999923706056,8.979999542236328,9.010000228881836,99844179,0.0,0.0
601939.SS,2025-09-17 00:00:00+08:00,9.0,9.050000190734863,8.979999542236328,9.0,82959474,0.0,0.0
601939.SS,2025-09-18 00:00:00+08:00,8.989999771118164,9.0,8.75,8.770000457763672,181545104,0.0,0.0
601939.SS,2025-09-19 00:00:00+08:00,8.739999771118164,8.880000114440918,8.65999984741211,8.880000114440918,150920709,0.0,0.0
601939.SS,2025-09-22 00:00:00+08:00,8.800000190734863,8.819999694824219,8.579999923706055,8.59000015258789,145596961,0.0,0.0
601939.SS,2025-09-23 00:00:00+08:00,8.5600004196167,8.899999618530273,8.5,8.850000381469727,206230393,0.0,0.0
601939.SS,2025-09-24 00:00:00+08:00,8.829999923706055,8.960000038146973,8.739999771118164,8.75,141477646,0.0,0.0
601939.SS,2025-09-25 00:00:00+08:00,8.739999771118164,8.770000457763672,8.619999885559082,8.729999542236328,115537218,0.0,0.0
601939.SS,2025-09-26 00:00:00+08:00,8.710000038146973,8.720000267028809,8.619999885559082,8.65999984741211,78104491,0.0,0.0
601939.SS,2025-09-29 00:00:00+08:00,8.640000343322754,8.680000305175781,8.539999961853027,8.600000381469727,122138312,0.0,0.0
601939.SS,2025-09-30 00:00:00+08:00,8.609999656677246,8.619999885559082,8.550000190734863,8.609999656677246,91724556,0.0,0.0
601939.SS,2025-10-09 00:00:00+08:00,8.5600004196167,8.670000076293945,8.5,8.670000076293945,108777082,0.0,0.0
601939.SS,2025-10-10 00:00:00+08:00,8.640000343322754,8.720000267028809,8.619999885559082,8.699999809265137,116609658,0.0,0.0
601939.SS,2025-10-13 00:00:00+08:00,8.6899995803833,8.819999694824219,8.619999885559082,8.699999809265137,145101800,0.0,0.0
601939.SS,2025-10-14 00:00:00+08:00,8.680000305175781,8.899999618530273,8.619999885559082,8.890000343322754,191055008,0.0,0.0
601939.SS,2025-10-15 00:00:00+08:00,8.890000343322754,8.979999542236328,8.850000381469727,8.949999809265137,129122339,0.0,0.0
601939.SS,2025-10-16 00:00:00+08:00,8.930000305175781,9.210000038146973,8.930000305175781,9.1899995803833,202012221,0.0,0.0
601939.SS,2025-10-17 00:00:00+08:00,9.18000030517578,9.34000015258789,9.140000343322754,9.220000267028809,170179695,0.0,0.0
601939.SS,2025-10-20 00:00:00+08:00,9.130000114440918,9.289999961853027,9.039999961853027,9.25,142435331,0.0,0.0
601939.SS,2025-10-21 00:00:00+08:00,9.199999809265137,9.289999961853027,9.18000030517578,9.289999961853027,112889082,0.0,0.0
601939.SS,2025-10-22 00:00:00+08:00,9.260000228881836,9.390000343322754,9.260000228881836,9.380000114440918,115887500,0.0,0.0
601939.SS,2025-10-23 00:00:00+08:00,9.380000114440918,9.489999771118164,9.270000457763672,9.359999656677246,119715210,0.0,0.0
601939.SS,2025-10-24 00:00:00+08:00,9.350000381469728,9.420000076293944,9.279999732971191,9.359999656677246,91867532,0.0,0.0
601939.SS,2025-10-27 00:00:00+08:00,9.350000381469728,9.5,9.220000267028809,9.43000030517578,142234294,0.0,0.0
601939.SS,2025-10-28 00:00:00+08:00,9.420000076293944,9.489999771118164,9.3100004196167,9.390000343322754,79145453,0.0,0.0
601939.SS,2025-10-29 00:00:00+08:00,9.369999885559082,9.390000343322754,9.199999809265137,9.229999542236328,111712666,0.0,0.0
601939.SS,2025-10-30 00:00:00+08:00,9.220000267028809,9.380000114440918,9.210000038146973,9.239999771118164,116333886,0.0,0.0
601939.SS,2025-10-31 00:00:00+08:00,9.289999961853027,9.289999961853027,9.0600004196167,9.130000114440918,130003612,0.0,0.0
601939.SS,2025-11-03 00:00:00+08:00,9.140000343322754,9.350000381469728,9.130000114440918,9.34000015258789,134267083,0.0,0.0
601939.SS,2025-11-04 00:00:00+08:00,9.34000015258789,9.550000190734863,9.329999923706056,9.550000190734863,158653100,0.0,0.0
601939.SS,2025-11-05 00:00:00+08:00,9.5600004196167,9.600000381469728,9.460000038146973,9.479999542236328,85426584,0.0,0.0
601939.SS,2025-11-06 00:00:00+08:00,9.449999809265137,9.479999542236328,9.390000343322754,9.4399995803833,72520659,0.0,0.0
601939.SS,2025-11-07 00:00:00+08:00,9.449999809265137,9.520000457763672,9.369999885559082,9.390000343322754,62126434,0.0,0.0
601939.SS,2025-11-10 00:00:00+08:00,9.369999885559082,9.520000457763672,9.3100004196167,9.5,83703686,0.0,0.0
601939.SS,2025-11-11 00:00:00+08:00,9.489999771118164,9.550000190734863,9.449999809265137,9.539999961853027,71433714,0.0,0.0
601939.SS,2025-11-12 00:00:00+08:00,9.550000190734863,9.710000038146973,9.550000190734863,9.59000015258789,103183465,0.0,0.0
601939.SS,2025-11-13 00:00:00+08:00,9.600000381469728,9.710000038146973,9.43000030517578,9.539999961853027,90488291,0.0,0.0
601939.SS,2025-11-14 00:00:00+08:00,9.529999732971191,9.670000076293944,9.529999732971191,9.5600004196167,71523002,0.0,0.0
601939.SS,2025-11-17 00:00:00+08:00,9.539999961853027,9.550000190734863,9.390000343322754,9.4399995803833,76952686,0.0,0.0
601939.SS,2025-11-18 00:00:00+08:00,9.43000030517578,9.470000267028809,9.359999656677246,9.40999984741211,60951733,0.0,0.0
601939.SS,2025-11-19 00:00:00+08:00,9.399999618530272,9.579999923706056,9.390000343322754,9.520000457763672,83845387,0.0,0.0
601939.SS,2025-11-20 00:00:00+08:00,9.479999542236328,9.970000267028809,9.449999809265137,9.81999969482422,224166351,0.0,0.0
601939.SS,2025-11-21 00:00:00+08:00,9.789999961853027,9.899999618530272,9.720000267028809,9.789999961853027,180011031,0.0,0.0
601939.SS,2025-11-24 00:00:00+08:00,9.770000457763672,9.84000015258789,9.649999618530272,9.75,129023148,0.0,0.0
601939.SS,2025-11-25 00:00:00+08:00,9.729999542236328,9.880000114440918,9.619999885559082,9.850000381469728,128907244,0.0,0.0
601939.SS,2025-11-26 00:00:00+08:00,9.850000381469728,9.899999618530272,9.649999618530272,9.720000267028809,122197193,0.0,0.0
601939.SS,2025-11-27 00:00:00+08:00,9.720000267028809,9.739999771118164,9.5600004196167,9.710000038146973,97523255,0.0,0.0
601939.SS,2025-11-28 00:00:00+08:00,9.6899995803833,9.75,9.609999656677246,9.65999984741211,109700741,0.0,0.0
601939.SS,2025-12-01 00:00:00+08:00,9.609999656677246,9.670000076293944,9.550000190734863,9.649999618530272,86845538,0.0,0.0
601939.SS,2025-12-02 00:00:00+08:00,9.640000343322754,9.710000038146973,9.520000457763672,9.600000381469728,87704653,0.0,0.0
601939.SS,2025-12-03 00:00:00+08:00,9.550000190734863,9.649999618530272,9.420000076293944,9.4399995803833,101250922,0.0,0.0
601939.SS,2025-12-04 00:00:00+08:00,9.43000030517578,9.460000038146973,9.359999656677246,9.390000343322754,60113730,0.0,0.0
601939.SS,2025-12-05 00:00:00+08:00,9.369999885559082,9.4399995803833,9.270000457763672,9.3100004196167,81103747,0.0,0.0
